Start Date:10/16/2018 7:00 AM End Date:10/16/2018 8:00 PM,,,
DateTime,CorridorName,StopName,VehicleID
10/16/2018 7:20,DCL Outbound-WS Inbound,Main and Murray IB,889
10/16/2018 7:20,DCL Outbound-WS Inbound,Main and Murray IB,889
10/16/2018 7:21,DCL Outbound-WS Inbound,Main and Cedar IB,889
10/16/2018 7:22,DCL Outbound-WS Inbound,Main and Clarke IB,889
10/16/2018 7:22,DCL Outbound-WS Inbound,Main and Clarke IB,889
10/16/2018 7:23,DCL Outbound-WS Inbound,Main and Schiller IB,889
10/16/2018 7:23,DCL Outbound-WS Inbound,Riverside and Beethoven OB,21
10/16/2018 7:25,DCL Outbound-WS Inbound,Floral and Main IB,889
10/16/2018 7:25,DCL Outbound-WS Inbound,Leroy St and Chestnut OB,21
10/16/2018 7:25,DCL Outbound-WS Inbound,UDC,55
10/16/2018 7:25,DCL Outbound-WS Inbound,Floral and Cleveland IB,889
10/16/2018 7:26,DCL Outbound-WS Inbound,Floral and Cleveland IB,889
10/16/2018 7:27,DCL Outbound-WS Inbound,UDC,55
10/16/2018 7:34,DCL Outbound-WS Inbound,Main and Mather,55
10/16/2018 7:34,DCL Outbound-WS Inbound,Main and Mather,55
10/16/2018 7:35,DCL Outbound-WS Inbound,Main and Clarke IB,55
10/16/2018 7:36,DCL Outbound-WS Inbound,Main and Schiller IB,55
10/16/2018 7:36,DCL Outbound-WS Inbound,Hawley IB,21
10/16/2018 7:37,DCL Outbound-WS Inbound,Main and Murray IB,21
10/16/2018 7:39,DCL Outbound-WS Inbound,Main and Cedar IB,21
10/16/2018 7:40,DCL Outbound-WS Inbound,Floral and Cleveland IB,55
10/16/2018 7:40,DCL Outbound-WS Inbound,Main and Clarke IB,21
10/16/2018 7:41,DCL Outbound-WS Inbound,Main and Schiller IB,21
10/16/2018 7:43,DCL Outbound-WS Inbound,Floral and Main IB,21
10/16/2018 7:45,DCL Outbound-WS Inbound,Floral and Roberts IB,21
10/16/2018 7:47,DCL Outbound-WS Inbound,Hawley IB,42
10/16/2018 7:47,DCL Outbound-WS Inbound,Hawley IB,42
10/16/2018 7:48,DCL Outbound-WS Inbound,Hawley IB,42
10/16/2018 7:48,DCL Outbound-WS Inbound,Hawley IB,42
10/16/2018 7:48,DCL Outbound-WS Inbound,Hawley IB,42
10/16/2018 7:48,DCL Outbound-WS Inbound,Hawley IB,42
10/16/2018 7:48,DCL Outbound-WS Inbound,Main and Front OB,42
10/16/2018 7:50,DCL Outbound-WS Inbound,Main and Murray IB,42
10/16/2018 7:50,DCL Outbound-WS Inbound,Main and Murray IB,42
10/16/2018 7:50,DCL Outbound-WS Inbound,Main and Murray IB,42
10/16/2018 7:50,DCL Outbound-WS Inbound,Main and Murray IB,42
10/16/2018 7:50,DCL Outbound-WS Inbound,Main and Murray IB,42
10/16/2018 7:50,DCL Outbound-WS Inbound,Main and Murray IB,42
10/16/2018 7:51,DCL Outbound-WS Inbound,Main and Mather,42
10/16/2018 7:51,DCL Outbound-WS Inbound,Main and Mather,42
10/16/2018 7:51,DCL Outbound-WS Inbound,Main and Mather,42
10/16/2018 7:51,DCL Outbound-WS Inbound,Main and Mather,42
10/16/2018 7:51,DCL Outbound-WS Inbound,Main and Mather,42
10/16/2018 7:52,DCL Outbound-WS Inbound,Main and Clarke OB,42
10/16/2018 7:52,DCL Outbound-WS Inbound,Main and Clarke OB,42
10/16/2018 7:53,DCL Outbound-WS Inbound,Main and Schiller IB,42
10/16/2018 7:53,DCL Outbound-WS Inbound,Main and Schiller IB,42
10/16/2018 7:53,DCL Outbound-WS Inbound,Main and Schiller IB,42
10/16/2018 7:53,DCL Outbound-WS Inbound,Main and Schiller IB,42
10/16/2018 7:53,DCL Outbound-WS Inbound,Main and Schiller IB,42
10/16/2018 7:53,DCL Outbound-WS Inbound,Main and Schiller IB,42
10/16/2018 7:53,DCL Outbound-WS Inbound,Main and Schiller IB,42
10/16/2018 7:53,DCL Outbound-WS Inbound,Main and Schiller IB,42
10/16/2018 7:53,DCL Outbound-WS Inbound,Main and Schiller IB,42
10/16/2018 7:53,DCL Outbound-WS Inbound,Main and Schiller IB,42
10/16/2018 7:53,DCL Outbound-WS Inbound,Main and Schiller IB,42
10/16/2018 7:55,DCL Outbound-WS Inbound,Main and Crary,42
10/16/2018 7:55,DCL Outbound-WS Inbound,Main and Crary,42
10/16/2018 7:57,DCL Outbound-WS Inbound,Floral and Main IB,42
10/16/2018 7:57,DCL Outbound-WS Inbound,Floral and Cleveland IB,42
10/16/2018 7:59,DCL Outbound-WS Inbound,Floral and Willow IB,42
10/16/2018 7:59,DCL Outbound-WS Inbound,Floral and Roberts OB,42
10/16/2018 8:02,DCL Outbound-WS Inbound,Leroy St and Murray OB,891
10/16/2018 8:06,DCL Outbound-WS Inbound,UDC IB,891
10/16/2018 8:06,DCL Outbound-WS Inbound,UDC IB,891
10/16/2018 8:06,DCL Outbound-WS Inbound,UDC IB,891
10/16/2018 8:06,DCL Outbound-WS Inbound,UDC IB,891
10/16/2018 8:06,DCL Outbound-WS Inbound,UDC IB,891
10/16/2018 8:06,DCL Outbound-WS Inbound,UDC IB,891
10/16/2018 8:06,DCL Outbound-WS Inbound,UDC IB,891
10/16/2018 8:06,DCL Outbound-WS Inbound,UDC IB,891
10/16/2018 8:06,DCL Outbound-WS Inbound,UDC IB,891
10/16/2018 8:06,DCL Outbound-WS Inbound,UDC IB,891
10/16/2018 8:06,DCL Outbound-WS Inbound,UDC IB,891
10/16/2018 8:06,DCL Outbound-WS Inbound,UDC IB,891
10/16/2018 8:06,DCL Outbound-WS Inbound,UDC IB,891
10/16/2018 8:07,DCL Outbound-WS Inbound,UDC IB,891
10/16/2018 8:07,DCL Outbound-WS Inbound,UDC IB,891
10/16/2018 8:09,DCL Outbound-WS Inbound,Hawley IB,891
10/16/2018 8:09,DCL Outbound-WS Inbound,Hawley IB,891
10/16/2018 8:09,DCL Outbound-WS Inbound,Hawley IB,891
10/16/2018 8:09,DCL Outbound-WS Inbound,Hawley IB,891
10/16/2018 8:09,DCL Outbound-WS Inbound,Main and Front OB,891
10/16/2018 8:09,DCL Outbound-WS Inbound,Main and Front OB,891
10/16/2018 8:09,DCL Outbound-WS Inbound,Main and Front OB,891
10/16/2018 8:10,DCL Outbound-WS Inbound,Main and Murray IB,891
10/16/2018 8:10,DCL Outbound-WS Inbound,Main and Murray IB,891
10/16/2018 8:10,DCL Outbound-WS Inbound,Main and Murray IB,891
10/16/2018 8:10,DCL Outbound-WS Inbound,Main and Murray IB,891
10/16/2018 8:11,DCL Outbound-WS Inbound,Main and Murray IB,891
10/16/2018 8:11,DCL Outbound-WS Inbound,Main and Murray IB,891
10/16/2018 8:11,DCL Outbound-WS Inbound,Main and Murray IB,891
10/16/2018 8:11,DCL Outbound-WS Inbound,Main and Murray IB,891
10/16/2018 8:11,DCL Outbound-WS Inbound,Main and Murray IB,891
10/16/2018 8:11,DCL Outbound-WS Inbound,Main and Murray IB,891
10/16/2018 8:11,DCL Outbound-WS Inbound,Main and Murray IB,891
10/16/2018 8:11,DCL Outbound-WS Inbound,Main and Murray IB,891
10/16/2018 8:12,DCL Outbound-WS Inbound,Main and Mather,891
10/16/2018 8:12,DCL Outbound-WS Inbound,Main and Mather,891
10/16/2018 8:12,DCL Outbound-WS Inbound,Main and Mather,891
10/16/2018 8:12,DCL Outbound-WS Inbound,Main and Mather,891
10/16/2018 8:12,DCL Outbound-WS Inbound,Main and Mather,891
10/16/2018 8:12,DCL Outbound-WS Inbound,Main and Mather,891
10/16/2018 8:12,DCL Outbound-WS Inbound,Main and Mather,891
10/16/2018 8:12,DCL Outbound-WS Inbound,Main and Cedar IB,55
10/16/2018 8:12,DCL Outbound-WS Inbound,Main and Mather,891
10/16/2018 8:12,DCL Outbound-WS Inbound,Main and Cedar IB,55
10/16/2018 8:12,DCL Outbound-WS Inbound,Main and Cedar IB,55
10/16/2018 8:12,DCL Outbound-WS Inbound,Main and Mather,891
10/16/2018 8:12,DCL Outbound-WS Inbound,Main and Mather,891
10/16/2018 8:12,DCL Outbound-WS Inbound,Main and Mather,891
10/16/2018 8:12,DCL Outbound-WS Inbound,Main and Mather,891
10/16/2018 8:12,DCL Outbound-WS Inbound,Main and Mather,891
10/16/2018 8:13,DCL Outbound-WS Inbound,Main and Clarke IB,55
10/16/2018 8:13,DCL Outbound-WS Inbound,Main and Clarke IB,55
10/16/2018 8:13,DCL Outbound-WS Inbound,Main and Clarke IB,55
10/16/2018 8:14,DCL Outbound-WS Inbound,Main and Schiller IB,55
10/16/2018 8:14,DCL Outbound-WS Inbound,Main and Schiller IB,55
10/16/2018 8:14,DCL Outbound-WS Inbound,Main and Schiller IB,55
10/16/2018 8:14,DCL Outbound-WS Inbound,Main and Schiller IB,55
10/16/2018 8:14,DCL Outbound-WS Inbound,Main and Schiller IB,55
10/16/2018 8:14,DCL Outbound-WS Inbound,Main and Schiller IB,55
10/16/2018 8:14,DCL Outbound-WS Inbound,Main and Schiller IB,55
10/16/2018 8:14,DCL Outbound-WS Inbound,Main and Schiller IB,55
10/16/2018 8:14,DCL Outbound-WS Inbound,Main and Schiller IB,55
10/16/2018 8:14,DCL Outbound-WS Inbound,Main and Schiller IB,55
10/16/2018 8:15,DCL Outbound-WS Inbound,Main and Schiller IB,55
10/16/2018 8:15,DCL Outbound-WS Inbound,Main and Schiller IB,55
10/16/2018 8:17,DCL Outbound-WS Inbound,Floral and Main IB,55
10/16/2018 8:18,DCL Outbound-WS Inbound,Floral and Cleveland IB,55
10/16/2018 8:18,DCL Outbound-WS Inbound,Hawley IB,37
10/16/2018 8:19,DCL Outbound-WS Inbound,Hawley IB,37
10/16/2018 8:19,DCL Outbound-WS Inbound,Floral and Burbank IB,55
10/16/2018 8:19,DCL Outbound-WS Inbound,Floral and Burbank IB,55
10/16/2018 8:20,DCL Outbound-WS Inbound,Floral and Harrison IB,55
10/16/2018 8:20,DCL Outbound-WS Inbound,Floral and Harrison IB,55
10/16/2018 8:20,DCL Outbound-WS Inbound,Main and Murray IB,37
10/16/2018 8:20,DCL Outbound-WS Inbound,Main and Murray IB,37
10/16/2018 8:20,DCL Outbound-WS Inbound,Main and Murray IB,37
10/16/2018 8:20,DCL Outbound-WS Inbound,Main and Murray IB,37
10/16/2018 8:20,DCL Outbound-WS Inbound,Main and Murray IB,37
10/16/2018 8:22,DCL Outbound-WS Inbound,Main and Cedar IB,37
10/16/2018 8:22,DCL Outbound-WS Inbound,Main and Cedar IB,37
10/16/2018 8:22,DCL Outbound-WS Inbound,Main and Cedar IB,37
10/16/2018 8:22,DCL Outbound-WS Inbound,Main and Clarke IB,37
10/16/2018 8:22,DCL Outbound-WS Inbound,Main and Clarke IB,37
10/16/2018 8:23,DCL Outbound-WS Inbound,Main and Schiller IB,37
10/16/2018 8:23,DCL Outbound-WS Inbound,Main and Schiller IB,37
10/16/2018 8:23,DCL Outbound-WS Inbound,Main and Schiller IB,37
10/16/2018 8:23,DCL Outbound-WS Inbound,Main and Schiller IB,37
10/16/2018 8:23,DCL Outbound-WS Inbound,Main and Schiller IB,37
10/16/2018 8:25,DCL Outbound-WS Inbound,Main and Helen IB,37
10/16/2018 8:27,DCL Outbound-WS Inbound,Floral and Main IB,37
10/16/2018 8:28,DCL Outbound-WS Inbound,Leroy St and Chestnut OB,43
10/16/2018 8:28,DCL Outbound-WS Inbound,Floral and Burbank IB,37
10/16/2018 8:34,DCL Outbound-WS Inbound,UDC IB,43
10/16/2018 8:35,DCL Outbound-WS Inbound,UDC IB,43
10/16/2018 8:37,DCL Outbound-WS Inbound,Hawley IB,43
10/16/2018 8:37,DCL Outbound-WS Inbound,Hawley IB,43
10/16/2018 8:37,DCL Outbound-WS Inbound,Hawley IB,43
10/16/2018 8:39,DCL Outbound-WS Inbound,Main and Murray IB,43
10/16/2018 8:39,DCL Outbound-WS Inbound,Main and Murray IB,43
10/16/2018 8:39,DCL Outbound-WS Inbound,Main and Murray IB,43
10/16/2018 8:39,DCL Outbound-WS Inbound,Main and Murray IB,43
10/16/2018 8:39,DCL Outbound-WS Inbound,Main and Murray IB,43
10/16/2018 8:40,DCL Outbound-WS Inbound,Main and Mather,43
10/16/2018 8:40,DCL Outbound-WS Inbound,Main and Mather,43
10/16/2018 8:41,DCL Outbound-WS Inbound,Main and Cedar IB,43
10/16/2018 8:41,DCL Outbound-WS Inbound,Main and Cedar IB,43
10/16/2018 8:42,DCL Outbound-WS Inbound,Main and Clarke IB,43
10/16/2018 8:43,DCL Outbound-WS Inbound,Main and Schiller IB,43
10/16/2018 8:43,DCL Outbound-WS Inbound,Main and Schiller IB,43
10/16/2018 8:43,DCL Outbound-WS Inbound,Main and Schiller IB,43
10/16/2018 8:43,DCL Outbound-WS Inbound,Main and Schiller IB,43
10/16/2018 8:45,DCL Outbound-WS Inbound,Main and Helen IB,43
10/16/2018 8:45,DCL Outbound-WS Inbound,Main and Helen IB,43
10/16/2018 8:45,DCL Outbound-WS Inbound,Main and Helen IB,43
10/16/2018 8:46,DCL Outbound-WS Inbound,Union,891
10/16/2018 8:47,DCL Outbound-WS Inbound,Main and Front IB,21
10/16/2018 8:47,DCL Outbound-WS Inbound,Main and Front IB,21
10/16/2018 8:47,DCL Outbound-WS Inbound,Main and Front IB,21
10/16/2018 8:47,DCL Outbound-WS Inbound,Floral and Cleveland IB,43
10/16/2018 8:47,DCL Outbound-WS Inbound,Floral and Cleveland IB,43
10/16/2018 8:48,DCL Outbound-WS Inbound,Main and Mather,21
10/16/2018 8:49,DCL Outbound-WS Inbound,Main and Cedar IB,21
10/16/2018 8:49,DCL Outbound-WS Inbound,Floral and Harrison IB,43
10/16/2018 8:53,DCL Outbound-WS Inbound,Floral and Burbank IB,21
10/16/2018 9:08,DCL Outbound-WS Inbound,Main and Front OB,891
10/16/2018 9:09,DCL Outbound-WS Inbound,Main and Murray IB,891
10/16/2018 9:09,DCL Outbound-WS Inbound,Main and Mather,891
10/16/2018 9:09,DCL Outbound-WS Inbound,Main and Mather,891
10/16/2018 9:12,DCL Outbound-WS Inbound,Main and Schiller IB,891
10/16/2018 9:12,DCL Outbound-WS Inbound,Main and Schiller IB,891
10/16/2018 9:12,DCL Outbound-WS Inbound,Main and Schiller IB,891
10/16/2018 9:12,DCL Outbound-WS Inbound,Main and Schiller IB,891
10/16/2018 9:12,DCL Outbound-WS Inbound,Main and Schiller IB,891
10/16/2018 9:12,DCL Outbound-WS Inbound,Main and Schiller IB,891
10/16/2018 9:12,DCL Outbound-WS Inbound,Union,37
10/16/2018 9:15,DCL Outbound-WS Inbound,Main and Crary,891
10/16/2018 9:16,DCL Outbound-WS Inbound,Floral and Cleveland IB,891
10/16/2018 9:17,DCL Outbound-WS Inbound,Hawley IB,43
10/16/2018 9:17,DCL Outbound-WS Inbound,Hawley IB,43
10/16/2018 9:17,DCL Outbound-WS Inbound,Hawley IB,43
10/16/2018 9:17,DCL Outbound-WS Inbound,Hawley IB,43
10/16/2018 9:17,DCL Outbound-WS Inbound,Hawley IB,43
10/16/2018 9:17,DCL Outbound-WS Inbound,Hawley IB,43
10/16/2018 9:17,DCL Outbound-WS Inbound,Hawley IB,43
10/16/2018 9:17,DCL Outbound-WS Inbound,Floral and Willow IB,891
10/16/2018 9:17,DCL Outbound-WS Inbound,Floral and Willow IB,891
10/16/2018 9:18,DCL Outbound-WS Inbound,Main and Front OB,43
10/16/2018 9:18,DCL Outbound-WS Inbound,Main and Front OB,43
10/16/2018 9:19,DCL Outbound-WS Inbound,Main and Murray IB,43
10/16/2018 9:19,DCL Outbound-WS Inbound,Main and Murray IB,43
10/16/2018 9:19,DCL Outbound-WS Inbound,Main and Murray IB,43
10/16/2018 9:19,DCL Outbound-WS Inbound,Main and Murray IB,43
10/16/2018 9:19,DCL Outbound-WS Inbound,Main and Murray IB,43
10/16/2018 9:19,DCL Outbound-WS Inbound,Main and Murray IB,43
10/16/2018 9:20,DCL Outbound-WS Inbound,Main and Mather,43
10/16/2018 9:20,DCL Outbound-WS Inbound,Main and Mather,43
10/16/2018 9:20,DCL Outbound-WS Inbound,Main and Mather,43
10/16/2018 9:20,DCL Outbound-WS Inbound,Main and Mather,43
10/16/2018 9:21,DCL Outbound-WS Inbound,Main and Cedar IB,43
10/16/2018 9:21,DCL Outbound-WS Inbound,Main and Cedar IB,43
10/16/2018 9:21,DCL Outbound-WS Inbound,Main and Cedar IB,43
10/16/2018 9:22,DCL Outbound-WS Inbound,Main and Clarke IB,43
10/16/2018 9:22,DCL Outbound-WS Inbound,Main and Clarke IB,43
10/16/2018 9:22,DCL Outbound-WS Inbound,Main and Clarke IB,43
10/16/2018 9:22,DCL Outbound-WS Inbound,Main and Clarke IB,43
10/16/2018 9:23,DCL Outbound-WS Inbound,Main and Schiller IB,43
10/16/2018 9:23,DCL Outbound-WS Inbound,Main and Schiller IB,43
10/16/2018 9:23,DCL Outbound-WS Inbound,Main and Schiller IB,43
10/16/2018 9:23,DCL Outbound-WS Inbound,Main and Schiller IB,43
10/16/2018 9:23,DCL Outbound-WS Inbound,Main and Schiller IB,43
10/16/2018 9:25,DCL Outbound-WS Inbound,Main and Helen IB,43
10/16/2018 9:27,DCL Outbound-WS Inbound,Floral and Main IB,43
10/16/2018 9:27,DCL Outbound-WS Inbound,Floral and Main IB,43
10/16/2018 9:28,DCL Outbound-WS Inbound,Floral and Cleveland IB,43
10/16/2018 9:28,DCL Outbound-WS Inbound,Floral and Cleveland IB,43
10/16/2018 9:28,DCL Outbound-WS Inbound,Floral and Cleveland IB,43
10/16/2018 9:29,DCL Outbound-WS Inbound,Leroy St and Chestnut IB,37
10/16/2018 9:32,DCL Outbound-WS Inbound,UDC IB,37
10/16/2018 9:34,DCL Outbound-WS Inbound,UDC IB,37
10/16/2018 9:38,DCL Outbound-WS Inbound,Hawley IB,37
10/16/2018 9:38,DCL Outbound-WS Inbound,Hawley IB,37
10/16/2018 9:38,DCL Outbound-WS Inbound,Hawley IB,37
10/16/2018 9:38,DCL Outbound-WS Inbound,Hawley IB,37
10/16/2018 9:39,DCL Outbound-WS Inbound,Main and Front OB,37
10/16/2018 9:39,DCL Outbound-WS Inbound,Main and Front OB,37
10/16/2018 9:39,DCL Outbound-WS Inbound,Main and Front OB,37
10/16/2018 9:39,DCL Outbound-WS Inbound,Main and Front OB,37
10/16/2018 9:39,DCL Outbound-WS Inbound,Main and Front OB,37
10/16/2018 9:39,DCL Outbound-WS Inbound,Main and Front OB,37
10/16/2018 9:40,DCL Outbound-WS Inbound,Main and Front OB,37
10/16/2018 9:40,DCL Outbound-WS Inbound,Main and Murray IB,37
10/16/2018 9:40,DCL Outbound-WS Inbound,Main and Murray IB,37
10/16/2018 9:40,DCL Outbound-WS Inbound,Main and Murray IB,37
10/16/2018 9:40,DCL Outbound-WS Inbound,Main and Murray IB,37
10/16/2018 9:40,DCL Outbound-WS Inbound,Main and Murray IB,37
10/16/2018 9:40,DCL Outbound-WS Inbound,Main and Murray IB,37
10/16/2018 9:41,DCL Outbound-WS Inbound,Main and Murray IB,37
10/16/2018 9:41,DCL Outbound-WS Inbound,Main and Murray IB,37
10/16/2018 9:41,DCL Outbound-WS Inbound,Main and Murray IB,37
10/16/2018 9:41,DCL Outbound-WS Inbound,Main and Murray IB,37
10/16/2018 9:41,DCL Outbound-WS Inbound,Main and Murray IB,37
10/16/2018 9:41,DCL Outbound-WS Inbound,Main and Murray IB,37
10/16/2018 9:41,DCL Outbound-WS Inbound,Main and Murray IB,37
10/16/2018 9:41,DCL Outbound-WS Inbound,Main and Murray IB,37
10/16/2018 9:41,DCL Outbound-WS Inbound,Main and Murray IB,37
10/16/2018 9:41,DCL Outbound-WS Inbound,Main and Murray IB,37
10/16/2018 9:41,DCL Outbound-WS Inbound,Main and Murray IB,37
10/16/2018 9:41,DCL Outbound-WS Inbound,Main and Murray IB,37
10/16/2018 9:41,DCL Outbound-WS Inbound,Main and Murray IB,37
10/16/2018 9:42,DCL Outbound-WS Inbound,Main and Mather,37
10/16/2018 9:42,DCL Outbound-WS Inbound,Main and Mather,37
10/16/2018 9:42,DCL Outbound-WS Inbound,Main and Mather,37
10/16/2018 9:42,DCL Outbound-WS Inbound,Main and Mather,37
10/16/2018 9:42,DCL Outbound-WS Inbound,Main and Mather,37
10/16/2018 9:42,DCL Outbound-WS Inbound,Main and Mather,37
10/16/2018 9:42,DCL Outbound-WS Inbound,Main and Mather,37
10/16/2018 9:42,DCL Outbound-WS Inbound,Main and Mather,37
10/16/2018 9:42,DCL Outbound-WS Inbound,Main and Mather,37
10/16/2018 9:43,DCL Outbound-WS Inbound,Main and Cedar IB,37
10/16/2018 9:43,DCL Outbound-WS Inbound,Main and Cedar IB,37
10/16/2018 9:43,DCL Outbound-WS Inbound,Main and Cedar IB,37
10/16/2018 9:43,DCL Outbound-WS Inbound,Main and Cedar IB,37
10/16/2018 9:43,DCL Outbound-WS Inbound,Main and Cedar IB,37
10/16/2018 9:43,DCL Outbound-WS Inbound,Main and Cedar IB,37
10/16/2018 9:44,DCL Outbound-WS Inbound,Main and Clarke IB,37
10/16/2018 9:44,DCL Outbound-WS Inbound,Main and Clarke IB,37
10/16/2018 9:44,DCL Outbound-WS Inbound,Main and Clarke IB,37
10/16/2018 9:44,DCL Outbound-WS Inbound,Main and Clarke IB,37
10/16/2018 9:44,DCL Outbound-WS Inbound,Main and Clarke IB,37
10/16/2018 9:44,DCL Outbound-WS Inbound,Main and Clarke IB,37
10/16/2018 9:44,DCL Outbound-WS Inbound,Main and Clarke IB,37
10/16/2018 9:44,DCL Outbound-WS Inbound,Main and Clarke IB,37
10/16/2018 9:44,DCL Outbound-WS Inbound,Main and Clarke IB,37
10/16/2018 9:46,DCL Outbound-WS Inbound,Union,21
10/16/2018 9:46,DCL Outbound-WS Inbound,Union,21
10/16/2018 9:46,DCL Outbound-WS Inbound,Union,21
10/16/2018 9:48,DCL Outbound-WS Inbound,Union,21
10/16/2018 9:48,DCL Outbound-WS Inbound,Hawley IB,891
10/16/2018 9:49,DCL Outbound-WS Inbound,Main and Front IB,891
10/16/2018 9:50,DCL Outbound-WS Inbound,Main and Murray IB,891
10/16/2018 9:50,DCL Outbound-WS Inbound,Main and Murray IB,891
10/16/2018 9:50,DCL Outbound-WS Inbound,Main and Murray IB,891
10/16/2018 9:50,DCL Outbound-WS Inbound,Main and Murray IB,891
10/16/2018 9:50,DCL Outbound-WS Inbound,Main and Murray IB,891
10/16/2018 9:50,DCL Outbound-WS Inbound,Main and Murray IB,891
10/16/2018 9:52,DCL Outbound-WS Inbound,Main and Mather,891
10/16/2018 9:52,DCL Outbound-WS Inbound,Main and Mather,891
10/16/2018 9:52,DCL Outbound-WS Inbound,Main and Mather,891
10/16/2018 9:53,DCL Outbound-WS Inbound,Main and Cedar IB,891
10/16/2018 9:53,DCL Outbound-WS Inbound,Main and Cedar IB,891
10/16/2018 9:53,DCL Outbound-WS Inbound,Main and Cedar IB,891
10/16/2018 9:53,DCL Outbound-WS Inbound,Main and Cedar IB,891
10/16/2018 9:53,DCL Outbound-WS Inbound,Main and Clarke IB,891
10/16/2018 9:53,DCL Outbound-WS Inbound,Main and Clarke IB,891
10/16/2018 9:53,DCL Outbound-WS Inbound,Main and Clarke IB,891
10/16/2018 9:53,DCL Outbound-WS Inbound,Main and Clarke IB,891
10/16/2018 9:53,DCL Outbound-WS Inbound,Main and Clarke IB,891
10/16/2018 9:54,DCL Outbound-WS Inbound,Main and Schiller IB,891
10/16/2018 9:54,DCL Outbound-WS Inbound,Main and Schiller IB,891
10/16/2018 9:54,DCL Outbound-WS Inbound,Main and Schiller IB,891
10/16/2018 9:54,DCL Outbound-WS Inbound,Main and Schiller IB,891
10/16/2018 9:54,DCL Outbound-WS Inbound,Main and Schiller IB,891
10/16/2018 9:54,DCL Outbound-WS Inbound,Main and Schiller IB,891
10/16/2018 9:54,DCL Outbound-WS Inbound,Main and Schiller IB,891
10/16/2018 9:55,DCL Outbound-WS Inbound,Main and Schiller IB,891
10/16/2018 9:55,DCL Outbound-WS Inbound,Main and Schiller IB,891
10/16/2018 9:55,DCL Outbound-WS Inbound,Main and Schiller IB,891
10/16/2018 9:55,DCL Outbound-WS Inbound,Main and Schiller IB,891
10/16/2018 9:55,DCL Outbound-WS Inbound,Main and Schiller IB,891
10/16/2018 9:55,DCL Outbound-WS Inbound,Main and Schiller IB,891
10/16/2018 9:55,DCL Outbound-WS Inbound,Main and Schiller IB,891
10/16/2018 9:55,DCL Outbound-WS Inbound,Main and Schiller IB,891
10/16/2018 9:55,DCL Outbound-WS Inbound,Main and Schiller IB,891
10/16/2018 9:55,DCL Outbound-WS Inbound,Main and Schiller IB,891
10/16/2018 9:55,DCL Outbound-WS Inbound,Main and Schiller IB,891
10/16/2018 9:56,DCL Outbound-WS Inbound,Main and Helen IB,891
10/16/2018 9:58,DCL Outbound-WS Inbound,Floral and Main IB,891
10/16/2018 9:59,DCL Outbound-WS Inbound,Floral and Cleveland IB,891
10/16/2018 9:59,DCL Outbound-WS Inbound,Floral and Cleveland IB,891
10/16/2018 9:59,DCL Outbound-WS Inbound,Floral and Cleveland IB,891
10/16/2018 9:59,DCL Outbound-WS Inbound,Floral and Cleveland IB,891
10/16/2018 9:59,DCL Outbound-WS Inbound,Floral and Cleveland IB,891
10/16/2018 9:59,DCL Outbound-WS Inbound,Floral and Cleveland IB,891
10/16/2018 9:59,DCL Outbound-WS Inbound,Floral and Cleveland IB,891
10/16/2018 9:59,DCL Outbound-WS Inbound,Floral and Cleveland IB,891
10/16/2018 10:00,DCL Outbound-WS Inbound,Floral and Burbank IB,891
10/16/2018 10:01,DCL Outbound-WS Inbound,Floral and Willow IB,891
10/16/2018 10:01,DCL Outbound-WS Inbound,Floral and Willow IB,891
10/16/2018 10:02,DCL Outbound-WS Inbound,Floral and Cook,891
10/16/2018 10:02,DCL Outbound-WS Inbound,Leroy St and Laurel OB,21
10/16/2018 10:06,DCL Outbound-WS Inbound,UDC IB,21
10/16/2018 10:10,DCL Outbound-WS Inbound,Main and Front OB,21
10/16/2018 10:10,DCL Outbound-WS Inbound,Main and Front OB,21
10/16/2018 10:11,DCL Outbound-WS Inbound,Main and Murray IB,21
10/16/2018 10:11,DCL Outbound-WS Inbound,Main and Murray IB,21
10/16/2018 10:12,DCL Outbound-WS Inbound,Main and Mather,21
10/16/2018 10:12,DCL Outbound-WS Inbound,Main and Mather,21
10/16/2018 10:12,DCL Outbound-WS Inbound,Main and Mather,21
10/16/2018 10:12,DCL Outbound-WS Inbound,Main and Mather,21
10/16/2018 10:13,DCL Outbound-WS Inbound,Main and Cedar IB,21
10/16/2018 10:13,DCL Outbound-WS Inbound,Main and Cedar IB,21
10/16/2018 10:14,DCL Outbound-WS Inbound,Main and Clarke IB,21
10/16/2018 10:14,DCL Outbound-WS Inbound,Union,43
10/16/2018 10:14,DCL Outbound-WS Inbound,Union,43
10/16/2018 10:14,DCL Outbound-WS Inbound,Union,43
10/16/2018 10:14,DCL Outbound-WS Inbound,Union,43
10/16/2018 10:14,DCL Outbound-WS Inbound,Union,43
10/16/2018 10:14,DCL Outbound-WS Inbound,Union,43
10/16/2018 10:14,DCL Outbound-WS Inbound,Union,43
10/16/2018 10:14,DCL Outbound-WS Inbound,Union,43
10/16/2018 10:14,DCL Outbound-WS Inbound,Union,43
10/16/2018 10:14,DCL Outbound-WS Inbound,Union,43
10/16/2018 10:14,DCL Outbound-WS Inbound,Union,43
10/16/2018 10:15,DCL Outbound-WS Inbound,Union,43
10/16/2018 10:15,DCL Outbound-WS Inbound,Union,43
10/16/2018 10:15,DCL Outbound-WS Inbound,Union,43
10/16/2018 10:15,DCL Outbound-WS Inbound,Union,43
10/16/2018 10:15,DCL Outbound-WS Inbound,Main and Schiller IB,21
10/16/2018 10:15,DCL Outbound-WS Inbound,Main and Schiller IB,21
10/16/2018 10:15,DCL Outbound-WS Inbound,Union,43
10/16/2018 10:15,DCL Outbound-WS Inbound,Main and Schiller IB,21
10/16/2018 10:15,DCL Outbound-WS Inbound,Main and Schiller IB,21
10/16/2018 10:16,DCL Outbound-WS Inbound,Main and Helen IB,21
10/16/2018 10:17,DCL Outbound-WS Inbound,Main and Crary,21
10/16/2018 10:18,DCL Outbound-WS Inbound,Floral and Main IB,21
10/16/2018 10:19,DCL Outbound-WS Inbound,Hawley IB,42
10/16/2018 10:19,DCL Outbound-WS Inbound,Hawley IB,42
10/16/2018 10:19,DCL Outbound-WS Inbound,Hawley IB,42
10/16/2018 10:19,DCL Outbound-WS Inbound,Floral and Cleveland IB,21
10/16/2018 10:19,DCL Outbound-WS Inbound,Floral and Cleveland IB,21
10/16/2018 10:20,DCL Outbound-WS Inbound,Main and Front OB,42
10/16/2018 10:20,DCL Outbound-WS Inbound,Main and Front OB,42
10/16/2018 10:21,DCL Outbound-WS Inbound,Main and Murray IB,42
10/16/2018 10:22,DCL Outbound-WS Inbound,Main and Mather,42
10/16/2018 10:22,DCL Outbound-WS Inbound,Main and Mather,42
10/16/2018 10:23,DCL Outbound-WS Inbound,Main and Clarke OB,42
10/16/2018 10:24,DCL Outbound-WS Inbound,Main and Schiller IB,42
10/16/2018 10:24,DCL Outbound-WS Inbound,Main and Schiller IB,42
10/16/2018 10:24,DCL Outbound-WS Inbound,Main and Schiller IB,42
10/16/2018 10:24,DCL Outbound-WS Inbound,Main and Schiller IB,42
10/16/2018 10:24,DCL Outbound-WS Inbound,Main and Schiller IB,42
10/16/2018 10:26,DCL Outbound-WS Inbound,Main and Crary,42
10/16/2018 10:27,DCL Outbound-WS Inbound,Leroy St and Chestnut OB,43
10/16/2018 10:27,DCL Outbound-WS Inbound,Floral and Main IB,42
10/16/2018 10:28,DCL Outbound-WS Inbound,Floral and Cleveland IB,42
10/16/2018 10:30,DCL Outbound-WS Inbound,UDC IB,43
10/16/2018 10:34,DCL Outbound-WS Inbound,Denny's OB,889
10/16/2018 10:34,DCL Outbound-WS Inbound,UDC IB,43
10/16/2018 10:34,DCL Outbound-WS Inbound,UDC IB,43
10/16/2018 10:38,DCL Outbound-WS Inbound,Main and Mather,43
10/16/2018 10:38,DCL Outbound-WS Inbound,Main and Mather,43
10/16/2018 10:38,DCL Outbound-WS Inbound,Main and Mather,43
10/16/2018 10:39,DCL Outbound-WS Inbound,Main and Cedar IB,43
10/16/2018 10:39,DCL Outbound-WS Inbound,Main and Cedar IB,43
10/16/2018 10:39,DCL Outbound-WS Inbound,Main and Cedar IB,43
10/16/2018 10:39,DCL Outbound-WS Inbound,Main and Cedar IB,43
10/16/2018 10:39,DCL Outbound-WS Inbound,Main and Cedar IB,43
10/16/2018 10:39,DCL Outbound-WS Inbound,Main and Cedar IB,43
10/16/2018 10:40,DCL Outbound-WS Inbound,Main and Clarke IB,43
10/16/2018 10:40,DCL Outbound-WS Inbound,Main and Clarke IB,43
10/16/2018 10:41,DCL Outbound-WS Inbound,Main and Schiller IB,43
10/16/2018 10:41,DCL Outbound-WS Inbound,Main and Schiller IB,43
10/16/2018 10:45,DCL Outbound-WS Inbound,Floral and Cleveland IB,43
10/16/2018 10:47,DCL Outbound-WS Inbound,Floral and Harrison IB,43
10/16/2018 10:48,DCL Outbound-WS Inbound,Union,37
10/16/2018 10:48,DCL Outbound-WS Inbound,UDC IB,889
10/16/2018 10:48,DCL Outbound-WS Inbound,UDC IB,889
10/16/2018 10:52,DCL Outbound-WS Inbound,Main and Front OB,889
10/16/2018 10:53,DCL Outbound-WS Inbound,Main and Murray IB,889
10/16/2018 10:54,DCL Outbound-WS Inbound,Main and Mather,889
10/16/2018 10:54,DCL Outbound-WS Inbound,Main and Mather,889
10/16/2018 10:54,DCL Outbound-WS Inbound,Main and Mather,889
10/16/2018 10:55,DCL Outbound-WS Inbound,Main and Mather,889
10/16/2018 10:55,DCL Outbound-WS Inbound,Main and Mather,889
10/16/2018 10:56,DCL Outbound-WS Inbound,Main and Cedar IB,889
10/16/2018 10:57,DCL Outbound-WS Inbound,Main and Clarke IB,889
10/16/2018 10:57,DCL Outbound-WS Inbound,Main and Clarke IB,889
10/16/2018 10:57,DCL Outbound-WS Inbound,Main and Clarke IB,889
10/16/2018 10:57,DCL Outbound-WS Inbound,Main and Clarke IB,889
10/16/2018 10:57,DCL Outbound-WS Inbound,Main and Clarke IB,889
10/16/2018 10:58,DCL Outbound-WS Inbound,Main and Schiller IB,889
10/16/2018 10:58,DCL Outbound-WS Inbound,Main and Schiller IB,889
10/16/2018 10:58,DCL Outbound-WS Inbound,Main and Schiller IB,889
10/16/2018 10:58,DCL Outbound-WS Inbound,Main and Schiller IB,889
10/16/2018 10:58,DCL Outbound-WS Inbound,Main and Schiller IB,889
10/16/2018 10:59,DCL Outbound-WS Inbound,Union,55
10/16/2018 10:59,DCL Outbound-WS Inbound,Union,55
10/16/2018 10:59,DCL Outbound-WS Inbound,Union,55
10/16/2018 10:59,DCL Outbound-WS Inbound,Union,55
10/16/2018 10:59,DCL Outbound-WS Inbound,Union,55
10/16/2018 10:59,DCL Outbound-WS Inbound,Union,55
10/16/2018 10:59,DCL Outbound-WS Inbound,Union,55
10/16/2018 11:00,DCL Outbound-WS Inbound,Union,55
10/16/2018 11:00,DCL Outbound-WS Inbound,Main and Helen IB,889
10/16/2018 11:02,DCL Outbound-WS Inbound,Floral and Main IB,889
10/16/2018 11:02,DCL Outbound-WS Inbound,Floral and Main IB,889
10/16/2018 11:08,DCL Outbound-WS Inbound,Hawley IB,37
10/16/2018 11:08,DCL Outbound-WS Inbound,Hawley IB,37
10/16/2018 11:08,DCL Outbound-WS Inbound,Hawley IB,37
10/16/2018 11:09,DCL Outbound-WS Inbound,Main and Front OB,37
10/16/2018 11:09,DCL Outbound-WS Inbound,Main and Front OB,37
10/16/2018 11:09,DCL Outbound-WS Inbound,Main and Front OB,37
10/16/2018 11:10,DCL Outbound-WS Inbound,Main and Murray IB,37
10/16/2018 11:10,DCL Outbound-WS Inbound,Main and Murray IB,37
10/16/2018 11:10,DCL Outbound-WS Inbound,Main and Murray IB,37
10/16/2018 11:10,DCL Outbound-WS Inbound,Main and Murray IB,37
10/16/2018 11:10,DCL Outbound-WS Inbound,Main and Murray IB,37
10/16/2018 11:10,DCL Outbound-WS Inbound,Main and Murray IB,37
10/16/2018 11:10,DCL Outbound-WS Inbound,Main and Murray IB,37
10/16/2018 11:10,DCL Outbound-WS Inbound,Main and Murray IB,37
10/16/2018 11:10,DCL Outbound-WS Inbound,Main and Murray IB,37
10/16/2018 11:11,DCL Outbound-WS Inbound,Main and Mather,37
10/16/2018 11:11,DCL Outbound-WS Inbound,Main and Mather,37
10/16/2018 11:11,DCL Outbound-WS Inbound,Main and Mather,37
10/16/2018 11:11,DCL Outbound-WS Inbound,Main and Mather,37
10/16/2018 11:11,DCL Outbound-WS Inbound,Main and Mather,37
10/16/2018 11:12,DCL Outbound-WS Inbound,Main and Cedar IB,37
10/16/2018 11:12,DCL Outbound-WS Inbound,Main and Cedar IB,37
10/16/2018 11:12,DCL Outbound-WS Inbound,Main and Cedar IB,37
10/16/2018 11:13,DCL Outbound-WS Inbound,Union,889
10/16/2018 11:13,DCL Outbound-WS Inbound,Union,889
10/16/2018 11:13,DCL Outbound-WS Inbound,Union,889
10/16/2018 11:13,DCL Outbound-WS Inbound,Union,889
10/16/2018 11:13,DCL Outbound-WS Inbound,Union,42
10/16/2018 11:13,DCL Outbound-WS Inbound,Union,42
10/16/2018 11:13,DCL Outbound-WS Inbound,Main and Clarke IB,37
10/16/2018 11:13,DCL Outbound-WS Inbound,Main and Clarke IB,37
10/16/2018 11:13,DCL Outbound-WS Inbound,Main and Clarke IB,37
10/16/2018 11:13,DCL Outbound-WS Inbound,Union,42
10/16/2018 11:13,DCL Outbound-WS Inbound,Main and Clarke IB,37
10/16/2018 11:13,DCL Outbound-WS Inbound,Main and Clarke IB,37
10/16/2018 11:13,DCL Outbound-WS Inbound,Main and Clarke IB,37
10/16/2018 11:14,DCL Outbound-WS Inbound,Main and Clarke IB,37
10/16/2018 11:14,DCL Outbound-WS Inbound,Main and Clarke IB,37
10/16/2018 11:14,DCL Outbound-WS Inbound,Union,42
10/16/2018 11:14,DCL Outbound-WS Inbound,Union,42
10/16/2018 11:15,DCL Outbound-WS Inbound,Union,889
10/16/2018 11:15,DCL Outbound-WS Inbound,Main and Schiller IB,37
10/16/2018 11:15,DCL Outbound-WS Inbound,Main and Schiller IB,37
10/16/2018 11:15,DCL Outbound-WS Inbound,Main and Schiller IB,37
10/16/2018 11:15,DCL Outbound-WS Inbound,Union,889
10/16/2018 11:15,DCL Outbound-WS Inbound,Main and Schiller IB,37
10/16/2018 11:15,DCL Outbound-WS Inbound,Main and Schiller IB,37
10/16/2018 11:15,DCL Outbound-WS Inbound,Main and Schiller IB,37
10/16/2018 11:15,DCL Outbound-WS Inbound,Main and Schiller IB,37
10/16/2018 11:15,DCL Outbound-WS Inbound,Main and Schiller IB,37
10/16/2018 11:16,DCL Outbound-WS Inbound,Union,42
10/16/2018 11:18,DCL Outbound-WS Inbound,UDC IB,55
10/16/2018 11:18,DCL Outbound-WS Inbound,UDC IB,55
10/16/2018 11:18,DCL Outbound-WS Inbound,UDC IB,55
10/16/2018 11:20,DCL Outbound-WS Inbound,Floral and Cleveland IB,37
10/16/2018 11:20,DCL Outbound-WS Inbound,Floral and Cleveland IB,37
10/16/2018 11:20,DCL Outbound-WS Inbound,Floral and Cleveland IB,37
10/16/2018 11:20,DCL Outbound-WS Inbound,Floral and Cleveland IB,37
10/16/2018 11:20,DCL Outbound-WS Inbound,Floral and Cleveland IB,37
10/16/2018 11:21,DCL Outbound-WS Inbound,Floral and Burbank IB,37
10/16/2018 11:21,DCL Outbound-WS Inbound,Floral and Burbank IB,37
10/16/2018 11:21,DCL Outbound-WS Inbound,Hawley IB,55
10/16/2018 11:22,DCL Outbound-WS Inbound,Main and Murray IB,55
10/16/2018 11:22,DCL Outbound-WS Inbound,Main and Murray IB,55
10/16/2018 11:22,DCL Outbound-WS Inbound,Floral and St. Charles,37
10/16/2018 11:22,DCL Outbound-WS Inbound,Main and Murray IB,55
10/16/2018 11:22,DCL Outbound-WS Inbound,Main and Murray IB,55
10/16/2018 11:22,DCL Outbound-WS Inbound,Main and Murray IB,55
10/16/2018 11:23,DCL Outbound-WS Inbound,Floral and Cook,37
10/16/2018 11:23,DCL Outbound-WS Inbound,Main and Mather,55
10/16/2018 11:23,DCL Outbound-WS Inbound,Main and Mather,55
10/16/2018 11:24,DCL Outbound-WS Inbound,Main and Mather,55
10/16/2018 11:24,DCL Outbound-WS Inbound,Main and Cedar IB,55
10/16/2018 11:25,DCL Outbound-WS Inbound,Main and Cedar IB,55
10/16/2018 11:26,DCL Outbound-WS Inbound,Main and Schiller IB,55
10/16/2018 11:26,DCL Outbound-WS Inbound,Main and Schiller IB,55
10/16/2018 11:26,DCL Outbound-WS Inbound,Main and Schiller IB,55
10/16/2018 11:28,DCL Outbound-WS Inbound,UDC IB,21
10/16/2018 11:28,DCL Outbound-WS Inbound,Main and Crary,55
10/16/2018 11:32,DCL Outbound-WS Inbound,UDC IB,42
10/16/2018 11:32,DCL Outbound-WS Inbound,UDC IB,42
10/16/2018 11:33,DCL Outbound-WS Inbound,Main and Murray IB,21
10/16/2018 11:33,DCL Outbound-WS Inbound,Main and Murray IB,21
10/16/2018 11:34,DCL Outbound-WS Inbound,Main and Murray IB,21
10/16/2018 11:34,DCL Outbound-WS Inbound,Main and Murray IB,21
10/16/2018 11:34,DCL Outbound-WS Inbound,Union,43
10/16/2018 11:34,DCL Outbound-WS Inbound,Main and Murray IB,21
10/16/2018 11:34,DCL Outbound-WS Inbound,Union,43
10/16/2018 11:34,DCL Outbound-WS Inbound,UDC IB,42
10/16/2018 11:35,DCL Outbound-WS Inbound,Main and Mather,21
10/16/2018 11:35,DCL Outbound-WS Inbound,Main and Mather,21
10/16/2018 11:35,DCL Outbound-WS Inbound,Academic A,55
10/16/2018 11:36,DCL Outbound-WS Inbound,Main and Cedar IB,21
10/16/2018 11:37,DCL Outbound-WS Inbound,Hawley IB,42
10/16/2018 11:37,DCL Outbound-WS Inbound,Main and Schiller IB,21
10/16/2018 11:38,DCL Outbound-WS Inbound,Main and Schiller IB,21
10/16/2018 11:38,DCL Outbound-WS Inbound,Main and Schiller IB,21
10/16/2018 11:38,DCL Outbound-WS Inbound,Main and Schiller IB,21
10/16/2018 11:39,DCL Outbound-WS Inbound,Main and Murray IB,42
10/16/2018 11:40,DCL Outbound-WS Inbound,Main and Helen IB,21
10/16/2018 11:41,DCL Outbound-WS Inbound,Physical Facilities,43
10/16/2018 11:41,DCL Outbound-WS Inbound,Physical Facilities,43
10/16/2018 11:41,DCL Outbound-WS Inbound,Main and Crary,21
10/16/2018 11:45,DCL Outbound-WS Inbound,Union,37
10/16/2018 11:45,DCL Outbound-WS Inbound,Union,37
10/16/2018 11:45,DCL Outbound-WS Inbound,Union,37
10/16/2018 11:45,DCL Outbound-WS Inbound,Union,37
10/16/2018 11:45,DCL Outbound-WS Inbound,Union,37
10/16/2018 11:45,DCL Outbound-WS Inbound,Union,37
10/16/2018 11:45,DCL Outbound-WS Inbound,Union,37
10/16/2018 11:45,DCL Outbound-WS Inbound,Union,37
10/16/2018 11:45,DCL Outbound-WS Inbound,Union,37
10/16/2018 11:45,DCL Outbound-WS Inbound,Union,37
10/16/2018 11:45,DCL Outbound-WS Inbound,Union,37
10/16/2018 11:45,DCL Outbound-WS Inbound,Union,37
10/16/2018 11:45,DCL Outbound-WS Inbound,Union,37
10/16/2018 11:45,DCL Outbound-WS Inbound,Union,37
10/16/2018 11:46,DCL Outbound-WS Inbound,Union,37
10/16/2018 11:58,DCL Outbound-WS Inbound,Hawley OB,43
10/16/2018 11:58,DCL Outbound-WS Inbound,Leroy St and Murray OB,37
10/16/2018 11:58,DCL Outbound-WS Inbound,Leroy St and Murray OB,37
10/16/2018 11:58,DCL Outbound-WS Inbound,Hawley OB,43
10/16/2018 11:58,DCL Outbound-WS Inbound,Leroy St and Murray OB,37
10/16/2018 11:58,DCL Outbound-WS Inbound,Hawley OB,43
10/16/2018 11:59,DCL Outbound-WS Inbound,Main and Front OB,43
10/16/2018 12:00,DCL Outbound-WS Inbound,Union,21
10/16/2018 12:00,DCL Outbound-WS Inbound,Union,21
10/16/2018 12:00,DCL Outbound-WS Inbound,Union,21
10/16/2018 12:00,DCL Outbound-WS Inbound,Union,21
10/16/2018 12:00,DCL Outbound-WS Inbound,Union,21
10/16/2018 12:01,DCL Outbound-WS Inbound,Union,21
10/16/2018 12:01,DCL Outbound-WS Inbound,Main and Murray OB,43
10/16/2018 12:01,DCL Outbound-WS Inbound,Union,21
10/16/2018 12:01,DCL Outbound-WS Inbound,Union,21
10/16/2018 12:01,DCL Outbound-WS Inbound,Union,21
10/16/2018 12:01,DCL Outbound-WS Inbound,Main and Murray OB,43
10/16/2018 12:01,DCL Outbound-WS Inbound,Main and Murray OB,43
10/16/2018 12:01,DCL Outbound-WS Inbound,Union,21
10/16/2018 12:01,DCL Outbound-WS Inbound,Union,21
10/16/2018 12:01,DCL Outbound-WS Inbound,Main and Murray OB,43
10/16/2018 12:01,DCL Outbound-WS Inbound,Union,21
10/16/2018 12:01,DCL Outbound-WS Inbound,Main and Murray OB,43
10/16/2018 12:01,DCL Outbound-WS Inbound,Main and Murray OB,43
10/16/2018 12:01,DCL Outbound-WS Inbound,Main and Murray OB,43
10/16/2018 12:01,DCL Outbound-WS Inbound,Union,21
10/16/2018 12:01,DCL Outbound-WS Inbound,Main and Murray OB,43
10/16/2018 12:01,DCL Outbound-WS Inbound,UDC,37
10/16/2018 12:02,DCL Outbound-WS Inbound,Main and Arthur,43
10/16/2018 12:02,DCL Outbound-WS Inbound,Main and Arthur,43
10/16/2018 12:02,DCL Outbound-WS Inbound,Main and Arthur,43
10/16/2018 12:02,DCL Outbound-WS Inbound,Main and Arthur,43
10/16/2018 12:02,DCL Outbound-WS Inbound,Main and Arthur,43
10/16/2018 12:02,DCL Outbound-WS Inbound,Engineering Bldg,891
10/16/2018 12:02,DCL Outbound-WS Inbound,Main and Arthur,43
10/16/2018 12:02,DCL Outbound-WS Inbound,Engineering Bldg,891
10/16/2018 12:02,DCL Outbound-WS Inbound,Engineering Bldg,891
10/16/2018 12:03,DCL Outbound-WS Inbound,Main and Cedar OB,43
10/16/2018 12:03,DCL Outbound-WS Inbound,Main and Cedar OB,43
10/16/2018 12:03,DCL Outbound-WS Inbound,Main and Cedar OB,43
10/16/2018 12:03,DCL Outbound-WS Inbound,Main and Cedar OB,43
10/16/2018 12:03,DCL Outbound-WS Inbound,Main and Cedar OB,43
10/16/2018 12:03,DCL Outbound-WS Inbound,Main and Cedar OB,43
10/16/2018 12:03,DCL Outbound-WS Inbound,Main and Clarke OB,43
10/16/2018 12:05,DCL Outbound-WS Inbound,Main and Schiller OB,43
10/16/2018 12:05,DCL Outbound-WS Inbound,Main and Schiller OB,43
10/16/2018 12:05,DCL Outbound-WS Inbound,Main and Schiller OB,43
10/16/2018 12:05,DCL Outbound-WS Inbound,Main and Schiller OB,43
10/16/2018 12:05,DCL Outbound-WS Inbound,Main and Schiller OB,43
10/16/2018 12:07,DCL Outbound-WS Inbound,Main and Matthews,43
10/16/2018 12:09,DCL Outbound-WS Inbound,Floral and Burbank IB,43
10/16/2018 12:10,DCL Outbound-WS Inbound,Main and Front IB,37
10/16/2018 12:11,DCL Outbound-WS Inbound,Oak and Eaton,37
10/16/2018 12:12,DCL Outbound-WS Inbound,Leroy St and Murray IB,37
10/16/2018 12:12,DCL Outbound-WS Inbound,Leroy St and Murray IB,37
10/16/2018 12:12,DCL Outbound-WS Inbound,Leroy St and Chestnut IB,37
10/16/2018 12:13,DCL Outbound-WS Inbound,Leroy St and Chestnut IB,37
10/16/2018 12:13,DCL Outbound-WS Inbound,Mountainview,42
10/16/2018 12:13,DCL Outbound-WS Inbound,Mountainview,42
10/16/2018 12:14,DCL Outbound-WS Inbound,Beethoven and Highland,37
10/16/2018 12:14,DCL Outbound-WS Inbound,Mountainview,42
10/16/2018 12:14,DCL Outbound-WS Inbound,Mountainview,42
10/16/2018 12:14,DCL Outbound-WS Inbound,Beethoven and Highland,37
10/16/2018 12:14,DCL Outbound-WS Inbound,Mountainview,42
10/16/2018 12:15,DCL Outbound-WS Inbound,Beethoven and Schubert,37
10/16/2018 12:15,DCL Outbound-WS Inbound,Beethoven and Schubert,37
10/16/2018 12:15,DCL Outbound-WS Inbound,Beethoven and Schubert,37
10/16/2018 12:17,DCL Outbound-WS Inbound,Main and Helen OB,37
10/16/2018 12:17,DCL Outbound-WS Inbound,Main and Helen OB,37
10/16/2018 12:19,DCL Outbound-WS Inbound,Floral and Cleveland OB,37
10/16/2018 12:19,DCL Outbound-WS Inbound,Floral and Cleveland OB,37
10/16/2018 12:20,DCL Outbound-WS Inbound,Floral and Cleveland OB,37
10/16/2018 12:20,DCL Outbound-WS Inbound,UDC,891
10/16/2018 12:20,DCL Outbound-WS Inbound,Floral and Cleveland OB,37
10/16/2018 12:21,DCL Outbound-WS Inbound,Floral and Harrison OB,37
10/16/2018 12:23,DCL Outbound-WS Inbound,Hawley IB,891
10/16/2018 12:23,DCL Outbound-WS Inbound,Hawley IB,891
10/16/2018 12:25,DCL Outbound-WS Inbound,Main and Murray OB,891
10/16/2018 12:25,DCL Outbound-WS Inbound,Main and Murray OB,891
10/16/2018 12:25,DCL Outbound-WS Inbound,Main and Murray OB,891
10/16/2018 12:25,DCL Outbound-WS Inbound,Main and Murray OB,891
10/16/2018 12:27,DCL Outbound-WS Inbound,Main and Cedar OB,891
10/16/2018 12:27,DCL Outbound-WS Inbound,Main and Cedar OB,891
10/16/2018 12:28,DCL Outbound-WS Inbound,Main and Cedar OB,891
10/16/2018 12:28,DCL Outbound-WS Inbound,Union,55
10/16/2018 12:28,DCL Outbound-WS Inbound,Union,55
10/16/2018 12:28,DCL Outbound-WS Inbound,Union,55
10/16/2018 12:28,DCL Outbound-WS Inbound,Union,55
10/16/2018 12:28,DCL Outbound-WS Inbound,Union,55
10/16/2018 12:28,DCL Outbound-WS Inbound,Main and Clarke IB,891
10/16/2018 12:28,DCL Outbound-WS Inbound,Main and Clarke IB,891
10/16/2018 12:28,DCL Outbound-WS Inbound,Main and Clarke IB,891
10/16/2018 12:28,DCL Outbound-WS Inbound,Main and Clarke IB,891
10/16/2018 12:29,DCL Outbound-WS Inbound,Union,55
10/16/2018 12:29,DCL Outbound-WS Inbound,Union,55
10/16/2018 12:30,DCL Outbound-WS Inbound,Union,55
10/16/2018 12:30,DCL Outbound-WS Inbound,Main and Schiller IB,891
10/16/2018 12:30,DCL Outbound-WS Inbound,Main and Schiller IB,891
10/16/2018 12:30,DCL Outbound-WS Inbound,Main and Schiller IB,891
10/16/2018 12:30,DCL Outbound-WS Inbound,Main and Schiller IB,891
10/16/2018 12:30,DCL Outbound-WS Inbound,Main and Schiller IB,891
10/16/2018 12:30,DCL Outbound-WS Inbound,Main and Schiller IB,891
10/16/2018 12:30,DCL Outbound-WS Inbound,Main and Schiller IB,891
10/16/2018 12:30,DCL Outbound-WS Inbound,Main and Schiller IB,891
10/16/2018 12:30,DCL Outbound-WS Inbound,Main and Schiller IB,891
10/16/2018 12:30,DCL Outbound-WS Inbound,Main and Schiller IB,891
10/16/2018 12:30,DCL Outbound-WS Inbound,Main and Schiller IB,891
10/16/2018 12:30,DCL Outbound-WS Inbound,Main and Schiller IB,891
10/16/2018 12:30,DCL Outbound-WS Inbound,Union,55
10/16/2018 12:31,DCL Outbound-WS Inbound,Main and Helen IB,891
10/16/2018 12:31,DCL Outbound-WS Inbound,Main and Helen IB,891
10/16/2018 12:31,DCL Outbound-WS Inbound,Main and Helen IB,891
10/16/2018 12:33,DCL Outbound-WS Inbound,UDC IB,42
10/16/2018 12:33,DCL Outbound-WS Inbound,Floral and Main IB,891
10/16/2018 12:34,DCL Outbound-WS Inbound,Floral and Cleveland IB,891
10/16/2018 12:36,DCL Outbound-WS Inbound,Floral and Harrison IB,891
10/16/2018 12:36,DCL Outbound-WS Inbound,Floral and St. Charles,891
10/16/2018 12:37,DCL Outbound-WS Inbound,Hawley IB,42
10/16/2018 12:37,DCL Outbound-WS Inbound,Hawley IB,42
10/16/2018 12:37,DCL Outbound-WS Inbound,Hawley IB,42
10/16/2018 12:37,DCL Outbound-WS Inbound,Hawley IB,42
10/16/2018 12:38,DCL Outbound-WS Inbound,Main and Front IB,42
10/16/2018 12:38,DCL Outbound-WS Inbound,Main and Front IB,42
10/16/2018 12:38,DCL Outbound-WS Inbound,Main and Front IB,42
10/16/2018 12:40,DCL Outbound-WS Inbound,Main and Murray IB,42
10/16/2018 12:40,DCL Outbound-WS Inbound,Main and Murray IB,42
10/16/2018 12:40,DCL Outbound-WS Inbound,Main and Murray IB,42
10/16/2018 12:40,DCL Outbound-WS Inbound,Main and Murray IB,42
10/16/2018 12:40,DCL Outbound-WS Inbound,Main and Murray IB,42
10/16/2018 12:40,DCL Outbound-WS Inbound,Main and Murray IB,42
10/16/2018 12:40,DCL Outbound-WS Inbound,Main and Murray IB,42
10/16/2018 12:40,DCL Outbound-WS Inbound,Main and Murray IB,42
10/16/2018 12:40,DCL Outbound-WS Inbound,Main and Murray IB,42
10/16/2018 12:40,DCL Outbound-WS Inbound,Main and Murray IB,42
10/16/2018 12:40,DCL Outbound-WS Inbound,Main and Murray IB,42
10/16/2018 12:40,DCL Outbound-WS Inbound,Main and Murray IB,42
10/16/2018 12:40,DCL Outbound-WS Inbound,Main and Murray IB,42
10/16/2018 12:40,DCL Outbound-WS Inbound,Main and Murray IB,42
10/16/2018 12:42,DCL Outbound-WS Inbound,Main and Mather,42
10/16/2018 12:42,DCL Outbound-WS Inbound,Main and Mather,42
10/16/2018 12:42,DCL Outbound-WS Inbound,Main and Mather,42
10/16/2018 12:42,DCL Outbound-WS Inbound,Main and Mather,42
10/16/2018 12:42,DCL Outbound-WS Inbound,Main and Mather,42
10/16/2018 12:42,DCL Outbound-WS Inbound,Main and Mather,42
10/16/2018 12:42,DCL Outbound-WS Inbound,Main and Mather,42
10/16/2018 12:42,DCL Outbound-WS Inbound,Main and Mather,42
10/16/2018 12:43,DCL Outbound-WS Inbound,Main and Cedar IB,42
10/16/2018 12:43,DCL Outbound-WS Inbound,Main and Cedar IB,42
10/16/2018 12:43,DCL Outbound-WS Inbound,Main and Cedar IB,42
10/16/2018 12:43,DCL Outbound-WS Inbound,Main and Cedar IB,42
10/16/2018 12:43,DCL Outbound-WS Inbound,Main and Cedar IB,42
10/16/2018 12:44,DCL Outbound-WS Inbound,Main and Clarke IB,42
10/16/2018 12:44,DCL Outbound-WS Inbound,Union,21
10/16/2018 12:44,DCL Outbound-WS Inbound,Union,21
10/16/2018 12:44,DCL Outbound-WS Inbound,Main and Clarke IB,42
10/16/2018 12:44,DCL Outbound-WS Inbound,Union,21
10/16/2018 12:44,DCL Outbound-WS Inbound,Union,21
10/16/2018 12:44,DCL Outbound-WS Inbound,Main and Clarke IB,42
10/16/2018 12:44,DCL Outbound-WS Inbound,Union,21
10/16/2018 12:44,DCL Outbound-WS Inbound,Main and Clarke IB,42
10/16/2018 12:44,DCL Outbound-WS Inbound,Union,21
10/16/2018 12:45,DCL Outbound-WS Inbound,Leroy St and Chestnut OB,55
10/16/2018 12:45,DCL Outbound-WS Inbound,Main and Schiller IB,42
10/16/2018 12:45,DCL Outbound-WS Inbound,Main and Schiller IB,42
10/16/2018 12:45,DCL Outbound-WS Inbound,Main and Schiller IB,42
10/16/2018 12:45,DCL Outbound-WS Inbound,Main and Schiller IB,42
10/16/2018 12:45,DCL Outbound-WS Inbound,Main and Schiller IB,42
10/16/2018 12:45,DCL Outbound-WS Inbound,Main and Schiller IB,42
10/16/2018 12:45,DCL Outbound-WS Inbound,Main and Schiller IB,42
10/16/2018 12:45,DCL Outbound-WS Inbound,Main and Schiller IB,42
10/16/2018 12:45,DCL Outbound-WS Inbound,Main and Schiller IB,42
10/16/2018 12:48,DCL Outbound-WS Inbound,Main and Helen IB,42
10/16/2018 12:48,DCL Outbound-WS Inbound,Main and Helen IB,42
10/16/2018 12:48,DCL Outbound-WS Inbound,Main and Helen IB,42
10/16/2018 12:48,DCL Outbound-WS Inbound,Main and Helen IB,42
10/16/2018 12:50,DCL Outbound-WS Inbound,Floral and Cleveland IB,42
10/16/2018 12:50,DCL Outbound-WS Inbound,Floral and Cleveland IB,42
10/16/2018 12:50,DCL Outbound-WS Inbound,UDC IB,55
10/16/2018 12:50,DCL Outbound-WS Inbound,UDC IB,55
10/16/2018 12:51,DCL Outbound-WS Inbound,Floral and Burbank IB,42
10/16/2018 12:51,DCL Outbound-WS Inbound,Floral and Burbank IB,42
10/16/2018 12:51,DCL Outbound-WS Inbound,Floral and Willow IB,42
10/16/2018 12:51,DCL Outbound-WS Inbound,Floral and Willow IB,42
10/16/2018 12:53,DCL Outbound-WS Inbound,Hawley IB,55
10/16/2018 12:53,DCL Outbound-WS Inbound,Hawley IB,55
10/16/2018 12:53,DCL Outbound-WS Inbound,Hawley IB,55
10/16/2018 12:55,DCL Outbound-WS Inbound,Main and Front IB,55
10/16/2018 12:55,DCL Outbound-WS Inbound,Main and Front IB,55
10/16/2018 12:56,DCL Outbound-WS Inbound,Main and Murray IB,55
10/16/2018 12:56,DCL Outbound-WS Inbound,Main and Murray IB,55
10/16/2018 12:57,DCL Outbound-WS Inbound,Main and Murray IB,55
10/16/2018 12:57,DCL Outbound-WS Inbound,Main and Murray IB,55
10/16/2018 12:57,DCL Outbound-WS Inbound,Main and Murray IB,55
10/16/2018 12:57,DCL Outbound-WS Inbound,Main and Murray IB,55
10/16/2018 12:57,DCL Outbound-WS Inbound,Main and Murray IB,55
10/16/2018 12:57,DCL Outbound-WS Inbound,Main and Murray IB,55
10/16/2018 12:57,DCL Outbound-WS Inbound,Main and Mather,55
10/16/2018 12:58,DCL Outbound-WS Inbound,Main and Mather,55
10/16/2018 12:58,DCL Outbound-WS Inbound,Main and Mather,55
10/16/2018 12:58,DCL Outbound-WS Inbound,Main and Mather,55
10/16/2018 12:58,DCL Outbound-WS Inbound,Main and Mather,55
10/16/2018 12:58,DCL Outbound-WS Inbound,Main and Mather,55
10/16/2018 12:58,DCL Outbound-WS Inbound,Main and Mather,55
10/16/2018 12:58,DCL Outbound-WS Inbound,Main and Mather,55
10/16/2018 12:58,DCL Outbound-WS Inbound,Main and Mather,55
10/16/2018 12:58,DCL Outbound-WS Inbound,Main and Mather,55
10/16/2018 12:58,DCL Outbound-WS Inbound,Main and Mather,55
10/16/2018 12:59,DCL Outbound-WS Inbound,Main and Cedar IB,55
10/16/2018 12:59,DCL Outbound-WS Inbound,Main and Cedar IB,55
10/16/2018 12:59,DCL Outbound-WS Inbound,Main and Cedar IB,55
10/16/2018 13:00,DCL Outbound-WS Inbound,Main and Clarke IB,55
10/16/2018 13:00,DCL Outbound-WS Inbound,Main and Clarke IB,55
10/16/2018 13:00,DCL Outbound-WS Inbound,Main and Clarke IB,55
10/16/2018 13:00,DCL Outbound-WS Inbound,Main and Clarke IB,55
10/16/2018 13:02,DCL Outbound-WS Inbound,Main and Schiller IB,55
10/16/2018 13:02,DCL Outbound-WS Inbound,UDC IB,21
10/16/2018 13:02,DCL Outbound-WS Inbound,Main and Schiller IB,55
10/16/2018 13:02,DCL Outbound-WS Inbound,Main and Schiller IB,55
10/16/2018 13:02,DCL Outbound-WS Inbound,Main and Schiller IB,55
10/16/2018 13:02,DCL Outbound-WS Inbound,Main and Schiller IB,55
10/16/2018 13:02,DCL Outbound-WS Inbound,Main and Schiller IB,55
10/16/2018 13:02,DCL Outbound-WS Inbound,Main and Schiller IB,55
10/16/2018 13:02,DCL Outbound-WS Inbound,Main and Schiller IB,55
10/16/2018 13:02,DCL Outbound-WS Inbound,Main and Schiller IB,55
10/16/2018 13:02,DCL Outbound-WS Inbound,Main and Schiller IB,55
10/16/2018 13:02,DCL Outbound-WS Inbound,UDC IB,21
10/16/2018 13:03,DCL Outbound-WS Inbound,Main and Helen IB,55
10/16/2018 13:04,DCL Outbound-WS Inbound,UDC IB,21
10/16/2018 13:08,DCL Outbound-WS Inbound,Hawley IB,21
10/16/2018 13:10,DCL Outbound-WS Inbound,Main and Murray IB,21
10/16/2018 13:10,DCL Outbound-WS Inbound,Main and Murray IB,21
10/16/2018 13:10,DCL Outbound-WS Inbound,Main and Murray IB,21
10/16/2018 13:10,DCL Outbound-WS Inbound,Main and Murray IB,21
10/16/2018 13:11,DCL Outbound-WS Inbound,Main and Mather,21
10/16/2018 13:11,DCL Outbound-WS Inbound,Main and Mather,21
10/16/2018 13:12,DCL Outbound-WS Inbound,Main and Clarke IB,21
10/16/2018 13:13,DCL Outbound-WS Inbound,Main and Schiller IB,21
10/16/2018 13:13,DCL Outbound-WS Inbound,Main and Schiller IB,21
10/16/2018 13:41,DCL Outbound-WS Inbound,Union,42
10/16/2018 13:42,DCL Outbound-WS Inbound,Union,42
10/16/2018 13:42,DCL Outbound-WS Inbound,Union,42
10/16/2018 13:42,DCL Outbound-WS Inbound,Union,42
10/16/2018 13:44,DCL Outbound-WS Inbound,Union,42
10/16/2018 13:45,DCL Outbound-WS Inbound,Union,42
10/16/2018 14:01,DCL Outbound-WS Inbound,UDC IB,42
10/16/2018 14:02,DCL Outbound-WS Inbound,UDC IB,42
10/16/2018 14:02,DCL Outbound-WS Inbound,UDC IB,42
10/16/2018 14:04,DCL Outbound-WS Inbound,UDC IB,42
10/16/2018 14:08,DCL Outbound-WS Inbound,Hawley IB,42
10/16/2018 14:08,DCL Outbound-WS Inbound,Hawley IB,42
10/16/2018 14:08,DCL Outbound-WS Inbound,Hawley IB,42
10/16/2018 14:08,DCL Outbound-WS Inbound,Hawley IB,42
10/16/2018 14:08,DCL Outbound-WS Inbound,Hawley IB,42
10/16/2018 14:08,DCL Outbound-WS Inbound,Hawley IB,42
10/16/2018 14:08,DCL Outbound-WS Inbound,Hawley IB,42
10/16/2018 14:08,DCL Outbound-WS Inbound,Hawley IB,42
10/16/2018 14:08,DCL Outbound-WS Inbound,Hawley IB,42
10/16/2018 14:08,DCL Outbound-WS Inbound,Hawley IB,42
10/16/2018 14:10,DCL Outbound-WS Inbound,Main and Front IB,42
10/16/2018 14:11,DCL Outbound-WS Inbound,Main and Murray IB,42
10/16/2018 14:11,DCL Outbound-WS Inbound,Main and Murray IB,42
10/16/2018 14:11,DCL Outbound-WS Inbound,Main and Murray IB,42
10/16/2018 14:11,DCL Outbound-WS Inbound,Main and Murray IB,42
10/16/2018 14:11,DCL Outbound-WS Inbound,Main and Murray IB,42
10/16/2018 14:11,DCL Outbound-WS Inbound,Main and Murray IB,42
10/16/2018 14:11,DCL Outbound-WS Inbound,Main and Murray IB,42
10/16/2018 14:11,DCL Outbound-WS Inbound,Main and Murray IB,42
10/16/2018 14:12,DCL Outbound-WS Inbound,Main and Mather,42
10/16/2018 14:12,DCL Outbound-WS Inbound,Main and Mather,42
10/16/2018 14:12,DCL Outbound-WS Inbound,Main and Mather,42
10/16/2018 14:12,DCL Outbound-WS Inbound,Main and Mather,42
10/16/2018 14:13,DCL Outbound-WS Inbound,Main and Cedar IB,42
10/16/2018 14:13,DCL Outbound-WS Inbound,Main and Cedar IB,42
10/16/2018 14:13,DCL Outbound-WS Inbound,Main and Cedar IB,42
10/16/2018 14:13,DCL Outbound-WS Inbound,Main and Clarke IB,42
10/16/2018 14:13,DCL Outbound-WS Inbound,Main and Clarke IB,42
10/16/2018 14:14,DCL Outbound-WS Inbound,Main and Clarke IB,42
10/16/2018 14:14,DCL Outbound-WS Inbound,Main and Clarke IB,42
10/16/2018 14:14,DCL Outbound-WS Inbound,Main and Clarke IB,42
10/16/2018 14:15,DCL Outbound-WS Inbound,Main and Schiller IB,42
10/16/2018 14:15,DCL Outbound-WS Inbound,Main and Schiller IB,42
10/16/2018 14:15,DCL Outbound-WS Inbound,Main and Schiller IB,42
10/16/2018 14:15,DCL Outbound-WS Inbound,Main and Schiller IB,42
10/16/2018 14:15,DCL Outbound-WS Inbound,Main and Schiller IB,42
10/16/2018 14:15,DCL Outbound-WS Inbound,Main and Schiller IB,42
10/16/2018 14:15,DCL Outbound-WS Inbound,Main and Schiller IB,42
10/16/2018 14:15,DCL Outbound-WS Inbound,Main and Schiller IB,42
10/16/2018 14:15,DCL Outbound-WS Inbound,Main and Schiller IB,42
10/16/2018 14:15,DCL Outbound-WS Inbound,Main and Schiller IB,42
10/16/2018 14:15,DCL Outbound-WS Inbound,Main and Schiller IB,42
10/16/2018 14:19,DCL Outbound-WS Inbound,Floral and Cleveland IB,42
10/16/2018 14:20,DCL Outbound-WS Inbound,Floral and Burbank IB,42
10/16/2018 14:22,DCL Outbound-WS Inbound,Riverside and Columbus,889
10/16/2018 14:37,DCL Outbound-WS Inbound,Hawley IB,889
10/16/2018 14:38,DCL Outbound-WS Inbound,Hawley IB,889
10/16/2018 14:40,DCL Outbound-WS Inbound,Main and Murray IB,889
10/16/2018 14:40,DCL Outbound-WS Inbound,Main and Murray IB,889
10/16/2018 14:40,DCL Outbound-WS Inbound,Main and Murray IB,889
10/16/2018 14:40,DCL Outbound-WS Inbound,Main and Murray IB,889
10/16/2018 14:41,DCL Outbound-WS Inbound,Main and Mather,889
10/16/2018 14:41,DCL Outbound-WS Inbound,Main and Mather,889
10/16/2018 14:41,DCL Outbound-WS Inbound,Main and Mather,889
10/16/2018 14:41,DCL Outbound-WS Inbound,Main and Mather,889
10/16/2018 14:41,DCL Outbound-WS Inbound,Main and Mather,889
10/16/2018 14:43,DCL Outbound-WS Inbound,Main and Cedar IB,889
10/16/2018 14:43,DCL Outbound-WS Inbound,Main and Cedar IB,889
10/16/2018 14:43,DCL Outbound-WS Inbound,Main and Clarke IB,889
10/16/2018 14:45,DCL Outbound-WS Inbound,Main and Schiller IB,889
10/16/2018 14:45,DCL Outbound-WS Inbound,Main and Schiller IB,889
10/16/2018 14:45,DCL Outbound-WS Inbound,Main and Schiller IB,889
10/16/2018 14:45,DCL Outbound-WS Inbound,Main and Schiller IB,889
10/16/2018 14:45,DCL Outbound-WS Inbound,Main and Schiller IB,889
10/16/2018 14:45,DCL Outbound-WS Inbound,Main and Schiller IB,889
10/16/2018 14:45,DCL Outbound-WS Inbound,Main and Helen OB,889
10/16/2018 14:46,DCL Outbound-WS Inbound,Main and Helen IB,889
10/16/2018 14:47,DCL Outbound-WS Inbound,Main and Crary,889
10/16/2018 14:50,DCL Outbound-WS Inbound,Floral and Cleveland IB,889
10/16/2018 14:50,DCL Outbound-WS Inbound,Floral and Cleveland IB,889
10/16/2018 14:50,DCL Outbound-WS Inbound,Floral and Cleveland IB,889
10/16/2018 14:50,DCL Outbound-WS Inbound,Floral and Cleveland IB,889
10/16/2018 14:50,DCL Outbound-WS Inbound,Floral and Cleveland IB,889
10/16/2018 14:51,DCL Outbound-WS Inbound,Floral and Willow IB,889
10/16/2018 14:51,DCL Outbound-WS Inbound,Floral and Willow IB,889
10/16/2018 14:52,DCL Outbound-WS Inbound,Floral and Willow IB,889
10/16/2018 14:52,DCL Outbound-WS Inbound,Floral and Harrison IB,889
10/16/2018 15:00,DCL Outbound-WS Inbound,Union,889
10/16/2018 15:00,DCL Outbound-WS Inbound,Union,889
10/16/2018 15:00,DCL Outbound-WS Inbound,Union,889
10/16/2018 15:00,DCL Outbound-WS Inbound,Union,889
10/16/2018 15:00,DCL Outbound-WS Inbound,Union,889
10/16/2018 15:00,DCL Outbound-WS Inbound,Union,889
10/16/2018 15:00,DCL Outbound-WS Inbound,Union,889
10/16/2018 15:00,DCL Outbound-WS Inbound,Union,889
10/16/2018 15:00,DCL Outbound-WS Inbound,Union,889
10/16/2018 15:00,DCL Outbound-WS Inbound,Union,889
10/16/2018 15:00,DCL Outbound-WS Inbound,Union,889
10/16/2018 15:00,DCL Outbound-WS Inbound,Union,889
10/16/2018 15:00,DCL Outbound-WS Inbound,Union,889
10/16/2018 15:00,DCL Outbound-WS Inbound,Union,889
10/16/2018 15:01,DCL Outbound-WS Inbound,Union,889
10/16/2018 15:01,DCL Outbound-WS Inbound,Union,889
10/16/2018 15:01,DCL Outbound-WS Inbound,Union,889
10/16/2018 15:01,DCL Outbound-WS Inbound,Union,889
10/16/2018 15:01,DCL Outbound-WS Inbound,Union,889
10/16/2018 15:01,DCL Outbound-WS Inbound,Union,889
10/16/2018 15:01,DCL Outbound-WS Inbound,Union,889
10/16/2018 15:01,DCL Outbound-WS Inbound,Union,889
10/16/2018 15:16,DCL Outbound-WS Inbound,UDC IB,37
10/16/2018 15:16,DCL Outbound-WS Inbound,UDC IB,37
10/16/2018 15:18,DCL Outbound-WS Inbound,Union,21
10/16/2018 15:18,DCL Outbound-WS Inbound,Union,21
10/16/2018 15:18,DCL Outbound-WS Inbound,Hawley IB,37
10/16/2018 15:18,DCL Outbound-WS Inbound,Union,21
10/16/2018 15:18,DCL Outbound-WS Inbound,Union,21
10/16/2018 15:18,DCL Outbound-WS Inbound,Hawley IB,37
10/16/2018 15:18,DCL Outbound-WS Inbound,Union,21
10/16/2018 15:18,DCL Outbound-WS Inbound,Union,21
10/16/2018 15:19,DCL Outbound-WS Inbound,Union,21
10/16/2018 15:19,DCL Outbound-WS Inbound,Union,21
10/16/2018 15:19,DCL Outbound-WS Inbound,Union,21
10/16/2018 15:19,DCL Outbound-WS Inbound,Union,21
10/16/2018 15:19,DCL Outbound-WS Inbound,Union,21
10/16/2018 15:19,DCL Outbound-WS Inbound,Union,21
10/16/2018 15:19,DCL Outbound-WS Inbound,Union,21
10/16/2018 15:19,DCL Outbound-WS Inbound,Union,21
10/16/2018 15:19,DCL Outbound-WS Inbound,Union,21
10/16/2018 15:19,DCL Outbound-WS Inbound,Union,21
10/16/2018 15:19,DCL Outbound-WS Inbound,Union,21
10/16/2018 15:19,DCL Outbound-WS Inbound,Union,21
10/16/2018 15:19,DCL Outbound-WS Inbound,Union,21
10/16/2018 15:21,DCL Outbound-WS Inbound,Main and Murray IB,37
10/16/2018 15:21,DCL Outbound-WS Inbound,Main and Murray IB,37
10/16/2018 15:23,DCL Outbound-WS Inbound,Main and Cedar IB,37
10/16/2018 15:23,DCL Outbound-WS Inbound,Main and Clarke IB,37
10/16/2018 15:25,DCL Outbound-WS Inbound,Main and Schiller IB,37
10/16/2018 15:25,DCL Outbound-WS Inbound,Main and Schiller IB,37
10/16/2018 15:25,DCL Outbound-WS Inbound,Main and Schiller IB,37
10/16/2018 15:25,DCL Outbound-WS Inbound,Main and Schiller IB,37
10/16/2018 15:25,DCL Outbound-WS Inbound,Main and Schiller IB,37
10/16/2018 15:29,DCL Outbound-WS Inbound,Floral and Cleveland IB,37
10/16/2018 15:29,DCL Outbound-WS Inbound,Floral and Cleveland IB,37
10/16/2018 15:30,DCL Outbound-WS Inbound,Floral and Burbank IB,37
10/16/2018 15:35,DCL Outbound-WS Inbound,Leroy St and Murray OB,21
10/16/2018 15:35,DCL Outbound-WS Inbound,Leroy St and Murray OB,21
10/16/2018 15:39,DCL Outbound-WS Inbound,UDC IB,21
10/16/2018 15:39,DCL Outbound-WS Inbound,UDC IB,21
10/16/2018 15:42,DCL Outbound-WS Inbound,Hawley IB,21
10/16/2018 15:42,DCL Outbound-WS Inbound,Hawley IB,21
10/16/2018 15:44,DCL Outbound-WS Inbound,Main and Murray IB,21
10/16/2018 15:44,DCL Outbound-WS Inbound,Main and Murray IB,21
10/16/2018 15:44,DCL Outbound-WS Inbound,Main and Murray IB,21
10/16/2018 15:45,DCL Outbound-WS Inbound,Main and Mather,21
10/16/2018 15:45,DCL Outbound-WS Inbound,Main and Mather,21
10/16/2018 15:46,DCL Outbound-WS Inbound,Main and Clarke IB,21
10/16/2018 15:46,DCL Outbound-WS Inbound,Main and Clarke IB,21
10/16/2018 15:47,DCL Outbound-WS Inbound,Main and Schiller IB,21
10/16/2018 15:47,DCL Outbound-WS Inbound,Main and Schiller IB,21
10/16/2018 15:47,DCL Outbound-WS Inbound,Main and Schiller IB,21
10/16/2018 15:47,DCL Outbound-WS Inbound,Main and Schiller IB,21
10/16/2018 15:47,DCL Outbound-WS Inbound,Main and Schiller IB,21
10/16/2018 15:47,DCL Outbound-WS Inbound,Main and Schiller IB,21
10/16/2018 15:48,DCL Outbound-WS Inbound,Main and Helen IB,21
10/16/2018 15:48,DCL Outbound-WS Inbound,Main and Helen IB,21
10/16/2018 15:49,DCL Outbound-WS Inbound,Main and Helen IB,21
10/16/2018 15:51,DCL Outbound-WS Inbound,Floral and Main IB,21
10/16/2018 15:51,DCL Outbound-WS Inbound,Floral and Main IB,21
10/16/2018 15:52,DCL Outbound-WS Inbound,Floral and Cleveland IB,21
10/16/2018 15:52,DCL Outbound-WS Inbound,Floral and Cleveland IB,21
10/16/2018 15:54,DCL Outbound-WS Inbound,Floral and St. Charles,21
10/16/2018 16:17,DCL Outbound-WS Inbound,Union,55
10/16/2018 16:17,DCL Outbound-WS Inbound,Union,55
10/16/2018 16:17,DCL Outbound-WS Inbound,Union,55
10/16/2018 16:17,DCL Outbound-WS Inbound,Union,55
10/16/2018 16:17,DCL Outbound-WS Inbound,Union,55
10/16/2018 16:17,DCL Outbound-WS Inbound,Union,55
10/16/2018 16:17,DCL Outbound-WS Inbound,Union,55
10/16/2018 16:17,DCL Outbound-WS Inbound,Union,55
10/16/2018 16:17,DCL Outbound-WS Inbound,Union,55
10/16/2018 16:17,DCL Outbound-WS Inbound,Union,55
10/16/2018 16:17,DCL Outbound-WS Inbound,Union,55
10/16/2018 16:17,DCL Outbound-WS Inbound,Union,55
10/16/2018 16:17,DCL Outbound-WS Inbound,Union,55
10/16/2018 16:17,DCL Outbound-WS Inbound,Union,55
10/16/2018 16:17,DCL Outbound-WS Inbound,Union,55
10/16/2018 16:17,DCL Outbound-WS Inbound,Union,55
10/16/2018 16:17,DCL Outbound-WS Inbound,Union,55
10/16/2018 16:17,DCL Outbound-WS Inbound,Union,55
10/16/2018 16:17,DCL Outbound-WS Inbound,Union,55
10/16/2018 16:18,DCL Outbound-WS Inbound,Union,55
10/16/2018 16:18,DCL Outbound-WS Inbound,Union,55
10/16/2018 16:18,DCL Outbound-WS Inbound,Union,55
10/16/2018 16:18,DCL Outbound-WS Inbound,Union,55
10/16/2018 16:18,DCL Outbound-WS Inbound,Union,55
10/16/2018 16:19,DCL Outbound-WS Inbound,Union,55
10/16/2018 16:19,DCL Outbound-WS Inbound,Union,55
10/16/2018 16:19,DCL Outbound-WS Inbound,Union,55
10/16/2018 16:19,DCL Outbound-WS Inbound,Union,55
10/16/2018 16:19,DCL Outbound-WS Inbound,Union,55
10/16/2018 16:19,DCL Outbound-WS Inbound,Union,55
10/16/2018 16:20,DCL Outbound-WS Inbound,Union,55
10/16/2018 16:20,DCL Outbound-WS Inbound,Union,55
10/16/2018 16:20,DCL Outbound-WS Inbound,Union,55
10/16/2018 16:20,DCL Outbound-WS Inbound,Union,55
10/16/2018 16:20,DCL Outbound-WS Inbound,Union,55
10/16/2018 16:20,DCL Outbound-WS Inbound,Union,55
10/16/2018 16:20,DCL Outbound-WS Inbound,Union,55
10/16/2018 16:20,DCL Outbound-WS Inbound,Union,55
10/16/2018 16:21,DCL Outbound-WS Inbound,Union,55
10/16/2018 16:21,DCL Outbound-WS Inbound,Union,55
10/16/2018 16:21,DCL Outbound-WS Inbound,Union,55
10/16/2018 16:21,DCL Outbound-WS Inbound,Union,55
10/16/2018 16:25,DCL Outbound-WS Inbound,Physical Facilities OB,55
10/16/2018 16:25,DCL Outbound-WS Inbound,Physical Facilities OB,55
10/16/2018 16:25,DCL Outbound-WS Inbound,Physical Facilities OB,55
10/16/2018 16:34,DCL Outbound-WS Inbound,Union,42
10/16/2018 16:34,DCL Outbound-WS Inbound,Union,42
10/16/2018 16:35,DCL Outbound-WS Inbound,Union,42
10/16/2018 16:36,DCL Outbound-WS Inbound,Union,42
10/16/2018 16:36,DCL Outbound-WS Inbound,Union,42
10/16/2018 16:36,DCL Outbound-WS Inbound,Union,42
10/16/2018 16:36,DCL Outbound-WS Inbound,Union,42
10/16/2018 16:37,DCL Outbound-WS Inbound,Leroy St and Chestnut OB,55
10/16/2018 16:38,DCL Outbound-WS Inbound,Union,42
10/16/2018 16:38,DCL Outbound-WS Inbound,Union,42
10/16/2018 16:39,DCL Outbound-WS Inbound,Union,42
10/16/2018 16:42,DCL Outbound-WS Inbound,Union,42
10/16/2018 16:42,DCL Outbound-WS Inbound,UDC IB,55
10/16/2018 16:42,DCL Outbound-WS Inbound,UDC IB,55
10/16/2018 16:42,DCL Outbound-WS Inbound,UDC IB,55
10/16/2018 16:42,DCL Outbound-WS Inbound,UDC IB,55
10/16/2018 16:43,DCL Outbound-WS Inbound,Union,42
10/16/2018 16:43,DCL Outbound-WS Inbound,Union,42
10/16/2018 16:44,DCL Outbound-WS Inbound,Union,42
10/16/2018 16:45,DCL Outbound-WS Inbound,Union,42
10/16/2018 16:46,DCL Outbound-WS Inbound,Hawley IB,55
10/16/2018 16:46,DCL Outbound-WS Inbound,Hawley IB,55
10/16/2018 16:47,DCL Outbound-WS Inbound,Union,42
10/16/2018 16:47,DCL Outbound-WS Inbound,Union,42
10/16/2018 16:47,DCL Outbound-WS Inbound,Union,42
10/16/2018 16:47,DCL Outbound-WS Inbound,Union,42
10/16/2018 16:47,DCL Outbound-WS Inbound,Main and Murray IB,55
10/16/2018 16:48,DCL Outbound-WS Inbound,Main and Mather,55
10/16/2018 16:49,DCL Outbound-WS Inbound,Union,42
10/16/2018 16:49,DCL Outbound-WS Inbound,Main and Cedar IB,55
10/16/2018 16:49,DCL Outbound-WS Inbound,Main and Cedar IB,55
10/16/2018 16:49,DCL Outbound-WS Inbound,Union,42
10/16/2018 16:49,DCL Outbound-WS Inbound,Union,42
10/16/2018 16:49,DCL Outbound-WS Inbound,Union,42
10/16/2018 16:50,DCL Outbound-WS Inbound,Union,42
10/16/2018 16:50,DCL Outbound-WS Inbound,Main and Clarke IB,55
10/16/2018 16:50,DCL Outbound-WS Inbound,Main and Clarke IB,55
10/16/2018 16:50,DCL Outbound-WS Inbound,Main and Clarke IB,55
10/16/2018 16:51,DCL Outbound-WS Inbound,Main and Schiller IB,55
10/16/2018 16:52,DCL Outbound-WS Inbound,Physical Facilities,42
10/16/2018 16:52,DCL Outbound-WS Inbound,Physical Facilities,42
10/16/2018 16:53,DCL Outbound-WS Inbound,Main and Helen IB,55
10/16/2018 17:09,DCL Outbound-WS Inbound,UDC IB,42
10/16/2018 17:09,DCL Outbound-WS Inbound,UDC IB,42
10/16/2018 17:10,DCL Outbound-WS Inbound,UDC IB,42
10/16/2018 17:13,DCL Outbound-WS Inbound,Hawley IB,42
10/16/2018 17:13,DCL Outbound-WS Inbound,Hawley IB,42
10/16/2018 17:13,DCL Outbound-WS Inbound,Hawley IB,42
10/16/2018 17:13,DCL Outbound-WS Inbound,Hawley IB,42
10/16/2018 17:13,DCL Outbound-WS Inbound,Hawley IB,42
10/16/2018 17:14,DCL Outbound-WS Inbound,Main and Front OB,42
10/16/2018 17:14,DCL Outbound-WS Inbound,Main and Front OB,42
10/16/2018 17:15,DCL Outbound-WS Inbound,Main and Murray IB,42
10/16/2018 17:15,DCL Outbound-WS Inbound,Main and Murray IB,42
10/16/2018 17:15,DCL Outbound-WS Inbound,Main and Murray IB,42
10/16/2018 17:15,DCL Outbound-WS Inbound,Main and Murray IB,42
10/16/2018 17:15,DCL Outbound-WS Inbound,Main and Murray IB,42
10/16/2018 17:16,DCL Outbound-WS Inbound,Union,43
10/16/2018 17:16,DCL Outbound-WS Inbound,Union,43
10/16/2018 17:17,DCL Outbound-WS Inbound,Main and Mather,42
10/16/2018 17:17,DCL Outbound-WS Inbound,Main and Mather,42
10/16/2018 17:17,DCL Outbound-WS Inbound,Main and Mather,42
10/16/2018 17:17,DCL Outbound-WS Inbound,Union,43
10/16/2018 17:17,DCL Outbound-WS Inbound,Union,43
10/16/2018 17:17,DCL Outbound-WS Inbound,Union,43
10/16/2018 17:17,DCL Outbound-WS Inbound,Union,43
10/16/2018 17:17,DCL Outbound-WS Inbound,Union,43
10/16/2018 17:17,DCL Outbound-WS Inbound,Union,43
10/16/2018 17:17,DCL Outbound-WS Inbound,Union,43
10/16/2018 17:18,DCL Outbound-WS Inbound,Main and Cedar IB,42
10/16/2018 17:18,DCL Outbound-WS Inbound,Union,43
10/16/2018 17:18,DCL Outbound-WS Inbound,Union,43
10/16/2018 17:18,DCL Outbound-WS Inbound,Main and Clarke IB,42
10/16/2018 17:18,DCL Outbound-WS Inbound,Union,43
10/16/2018 17:19,DCL Outbound-WS Inbound,Union,43
10/16/2018 17:19,DCL Outbound-WS Inbound,Union,43
10/16/2018 17:19,DCL Outbound-WS Inbound,Union,43
10/16/2018 17:19,DCL Outbound-WS Inbound,Main and Schiller IB,42
10/16/2018 17:19,DCL Outbound-WS Inbound,Main and Schiller IB,42
10/16/2018 17:19,DCL Outbound-WS Inbound,Main and Schiller IB,42
10/16/2018 17:20,DCL Outbound-WS Inbound,Main and Schiller IB,42
10/16/2018 17:20,DCL Outbound-WS Inbound,Main and Schiller IB,42
10/16/2018 17:20,DCL Outbound-WS Inbound,Union,43
10/16/2018 17:20,DCL Outbound-WS Inbound,Main and Schiller IB,42
10/16/2018 17:20,DCL Outbound-WS Inbound,Union,43
10/16/2018 17:20,DCL Outbound-WS Inbound,Union,43
10/16/2018 17:22,DCL Outbound-WS Inbound,Physical Facilities,43
10/16/2018 17:24,DCL Outbound-WS Inbound,Floral and Cleveland IB,42
10/16/2018 17:24,DCL Outbound-WS Inbound,Floral and Cleveland IB,42
10/16/2018 17:24,DCL Outbound-WS Inbound,Floral and Burbank IB,42
10/16/2018 17:34,DCL Outbound-WS Inbound,Leroy St and Chestnut OB,43
10/16/2018 17:35,DCL Outbound-WS Inbound,Leroy St and Murray OB,43
10/16/2018 17:39,DCL Outbound-WS Inbound,UDC IB,43
10/16/2018 17:39,DCL Outbound-WS Inbound,UDC IB,43
10/16/2018 17:45,DCL Outbound-WS Inbound,Main and Murray IB,43
10/16/2018 17:45,DCL Outbound-WS Inbound,Main and Murray IB,43
10/16/2018 17:45,DCL Outbound-WS Inbound,Main and Murray IB,43
10/16/2018 17:45,DCL Outbound-WS Inbound,Main and Murray IB,43
10/16/2018 17:45,DCL Outbound-WS Inbound,Main and Murray IB,43
10/16/2018 17:45,DCL Outbound-WS Inbound,Main and Murray IB,43
10/16/2018 17:45,DCL Outbound-WS Inbound,Main and Murray IB,43
10/16/2018 17:46,DCL Outbound-WS Inbound,Main and Mather,43
10/16/2018 17:46,DCL Outbound-WS Inbound,Main and Mather,43
10/16/2018 17:46,DCL Outbound-WS Inbound,Main and Mather,43
10/16/2018 17:47,DCL Outbound-WS Inbound,Main and Cedar IB,43
10/16/2018 17:47,DCL Outbound-WS Inbound,Main and Cedar IB,43
10/16/2018 17:48,DCL Outbound-WS Inbound,Main and Cedar IB,43
10/16/2018 17:48,DCL Outbound-WS Inbound,Union,21
10/16/2018 17:48,DCL Outbound-WS Inbound,Union,21
10/16/2018 17:48,DCL Outbound-WS Inbound,Union,21
10/16/2018 17:48,DCL Outbound-WS Inbound,Union,21
10/16/2018 17:48,DCL Outbound-WS Inbound,Union,21
10/16/2018 17:48,DCL Outbound-WS Inbound,Union,21
10/16/2018 17:48,DCL Outbound-WS Inbound,Union,21
10/16/2018 17:48,DCL Outbound-WS Inbound,Union,21
10/16/2018 17:48,DCL Outbound-WS Inbound,Union,21
10/16/2018 17:48,DCL Outbound-WS Inbound,Union,21
10/16/2018 17:48,DCL Outbound-WS Inbound,Union,21
10/16/2018 17:48,DCL Outbound-WS Inbound,Union,21
10/16/2018 17:48,DCL Outbound-WS Inbound,Union,21
10/16/2018 17:48,DCL Outbound-WS Inbound,Union,21
10/16/2018 17:48,DCL Outbound-WS Inbound,Union,21
10/16/2018 17:48,DCL Outbound-WS Inbound,Union,21
10/16/2018 17:48,DCL Outbound-WS Inbound,Main and Clarke IB,43
10/16/2018 17:48,DCL Outbound-WS Inbound,Main and Clarke IB,43
10/16/2018 17:48,DCL Outbound-WS Inbound,Main and Clarke IB,43
10/16/2018 17:48,DCL Outbound-WS Inbound,Union,21
10/16/2018 17:49,DCL Outbound-WS Inbound,Union,21
10/16/2018 17:49,DCL Outbound-WS Inbound,Union,21
10/16/2018 17:49,DCL Outbound-WS Inbound,Main and Schiller IB,43
10/16/2018 17:49,DCL Outbound-WS Inbound,Main and Schiller IB,43
10/16/2018 17:50,DCL Outbound-WS Inbound,Union,21
10/16/2018 17:50,DCL Outbound-WS Inbound,Union,21
10/16/2018 17:50,DCL Outbound-WS Inbound,Union,21
10/16/2018 17:50,DCL Outbound-WS Inbound,Union,21
10/16/2018 17:50,DCL Outbound-WS Inbound,Union,21
10/16/2018 17:51,DCL Outbound-WS Inbound,Union,21
10/16/2018 17:51,DCL Outbound-WS Inbound,Main and Crestmont IB,43
10/16/2018 17:51,DCL Outbound-WS Inbound,Union,21
10/16/2018 17:51,DCL Outbound-WS Inbound,Union,21
10/16/2018 17:52,DCL Outbound-WS Inbound,Union,21
10/16/2018 17:53,DCL Outbound-WS Inbound,Floral and Cleveland IB,43
10/16/2018 17:54,DCL Outbound-WS Inbound,Floral and Cleveland IB,43
10/16/2018 17:56,DCL Outbound-WS Inbound,Physical Facilities,21
10/16/2018 18:10,DCL Outbound-WS Inbound,Leroy St and Murray OB,21
10/16/2018 18:12,DCL Outbound-WS Inbound,Union,37
10/16/2018 18:12,DCL Outbound-WS Inbound,Union,37
10/16/2018 18:12,DCL Outbound-WS Inbound,Union,37
10/16/2018 18:12,DCL Outbound-WS Inbound,Union,37
10/16/2018 18:13,DCL Outbound-WS Inbound,Union,37
10/16/2018 18:13,DCL Outbound-WS Inbound,Union,37
10/16/2018 18:13,DCL Outbound-WS Inbound,Union,37
10/16/2018 18:13,DCL Outbound-WS Inbound,Union,37
10/16/2018 18:13,DCL Outbound-WS Inbound,Union,37
10/16/2018 18:13,DCL Outbound-WS Inbound,Union,37
10/16/2018 18:13,DCL Outbound-WS Inbound,Union,37
10/16/2018 18:13,DCL Outbound-WS Inbound,Union,37
10/16/2018 18:13,DCL Outbound-WS Inbound,Union,37
10/16/2018 18:14,DCL Outbound-WS Inbound,Union,37
10/16/2018 18:14,DCL Outbound-WS Inbound,UDC IB,21
10/16/2018 18:14,DCL Outbound-WS Inbound,Union,37
10/16/2018 18:14,DCL Outbound-WS Inbound,Union,37
10/16/2018 18:14,DCL Outbound-WS Inbound,Union,37
10/16/2018 18:15,DCL Outbound-WS Inbound,Union,37
10/16/2018 18:15,DCL Outbound-WS Inbound,UDC IB,21
10/16/2018 18:15,DCL Outbound-WS Inbound,Union,37
10/16/2018 18:16,DCL Outbound-WS Inbound,Union,37
10/16/2018 18:16,DCL Outbound-WS Inbound,Union,37
10/16/2018 18:16,DCL Outbound-WS Inbound,Union,37
10/16/2018 18:16,DCL Outbound-WS Inbound,Union,37
10/16/2018 18:18,DCL Outbound-WS Inbound,Union,37
10/16/2018 18:18,DCL Outbound-WS Inbound,Hawley IB,21
10/16/2018 18:18,DCL Outbound-WS Inbound,Union,37
10/16/2018 18:18,DCL Outbound-WS Inbound,Union,37
10/16/2018 18:19,DCL Outbound-WS Inbound,Union,37
10/16/2018 18:19,DCL Outbound-WS Inbound,Union,37
10/16/2018 18:20,DCL Outbound-WS Inbound,Union,37
10/16/2018 18:20,DCL Outbound-WS Inbound,Main and Murray IB,21
10/16/2018 18:20,DCL Outbound-WS Inbound,Main and Murray IB,21
10/16/2018 18:20,DCL Outbound-WS Inbound,Union,37
10/16/2018 18:21,DCL Outbound-WS Inbound,Main and Mather,21
10/16/2018 18:21,DCL Outbound-WS Inbound,Main and Mather,21
10/16/2018 18:22,DCL Outbound-WS Inbound,Main and Cedar IB,21
10/16/2018 18:23,DCL Outbound-WS Inbound,Physical Facilities,37
10/16/2018 18:23,DCL Outbound-WS Inbound,Main and Clarke IB,21
10/16/2018 18:23,DCL Outbound-WS Inbound,Main and Clarke IB,21
10/16/2018 18:23,DCL Outbound-WS Inbound,Main and Clarke IB,21
10/16/2018 18:23,DCL Outbound-WS Inbound,Main and Clarke IB,21
10/16/2018 18:23,DCL Outbound-WS Inbound,Main and Clarke IB,21
10/16/2018 18:24,DCL Outbound-WS Inbound,Main and Schiller IB,21
10/16/2018 18:24,DCL Outbound-WS Inbound,Main and Schiller IB,21
10/16/2018 18:24,DCL Outbound-WS Inbound,Main and Schiller IB,21
10/16/2018 18:24,DCL Outbound-WS Inbound,Main and Schiller IB,21
10/16/2018 18:40,DCL Outbound-WS Inbound,UDC IB,37
10/16/2018 18:42,DCL Outbound-WS Inbound,Hawley IB,37
10/16/2018 18:42,DCL Outbound-WS Inbound,Hawley IB,37
10/16/2018 18:42,DCL Outbound-WS Inbound,Hawley IB,37
10/16/2018 18:44,DCL Outbound-WS Inbound,Main and Murray IB,37
10/16/2018 18:44,DCL Outbound-WS Inbound,Main and Murray IB,37
10/16/2018 18:44,DCL Outbound-WS Inbound,Main and Murray IB,37
10/16/2018 18:44,DCL Outbound-WS Inbound,Main and Murray IB,37
10/16/2018 18:44,DCL Outbound-WS Inbound,Main and Murray IB,37
10/16/2018 18:45,DCL Outbound-WS Inbound,Main and Mather,37
10/16/2018 18:45,DCL Outbound-WS Inbound,Main and Mather,37
10/16/2018 18:45,DCL Outbound-WS Inbound,Main and Mather,37
10/16/2018 18:45,DCL Outbound-WS Inbound,Main and Mather,37
10/16/2018 18:46,DCL Outbound-WS Inbound,Main and Cedar IB,37
10/16/2018 18:47,DCL Outbound-WS Inbound,Main and Cedar IB,37
10/16/2018 18:47,DCL Outbound-WS Inbound,Union,891
10/16/2018 18:47,DCL Outbound-WS Inbound,Union,891
10/16/2018 18:47,DCL Outbound-WS Inbound,Union,891
10/16/2018 18:47,DCL Outbound-WS Inbound,Union,891
10/16/2018 18:47,DCL Outbound-WS Inbound,Union,891
10/16/2018 18:47,DCL Outbound-WS Inbound,Union,891
10/16/2018 18:47,DCL Outbound-WS Inbound,Union,891
10/16/2018 18:47,DCL Outbound-WS Inbound,Union,891
10/16/2018 18:47,DCL Outbound-WS Inbound,Union,891
10/16/2018 18:47,DCL Outbound-WS Inbound,Union,891
10/16/2018 18:47,DCL Outbound-WS Inbound,Union,891
10/16/2018 18:47,DCL Outbound-WS Inbound,Union,891
10/16/2018 18:47,DCL Outbound-WS Inbound,Union,891
10/16/2018 18:48,DCL Outbound-WS Inbound,Union,891
10/16/2018 18:48,DCL Outbound-WS Inbound,Union,891
10/16/2018 18:48,DCL Outbound-WS Inbound,Union,891
10/16/2018 18:48,DCL Outbound-WS Inbound,Union,891
10/16/2018 18:48,DCL Outbound-WS Inbound,Union,891
10/16/2018 18:48,DCL Outbound-WS Inbound,Union,891
10/16/2018 18:48,DCL Outbound-WS Inbound,Union,891
10/16/2018 18:48,DCL Outbound-WS Inbound,Union,891
10/16/2018 18:48,DCL Outbound-WS Inbound,Union,891
10/16/2018 18:48,DCL Outbound-WS Inbound,Union,891
10/16/2018 18:48,DCL Outbound-WS Inbound,Union,891
10/16/2018 18:48,DCL Outbound-WS Inbound,Union,891
10/16/2018 18:48,DCL Outbound-WS Inbound,Union,891
10/16/2018 18:48,DCL Outbound-WS Inbound,Main and Schiller IB,37
10/16/2018 18:48,DCL Outbound-WS Inbound,Main and Schiller IB,37
10/16/2018 18:52,DCL Outbound-WS Inbound,Physical Facilities,891
10/16/2018 19:01,DCL Outbound-WS Inbound,Union,37
10/16/2018 19:01,DCL Outbound-WS Inbound,Union,37
10/16/2018 19:01,DCL Outbound-WS Inbound,Union,37
10/16/2018 19:01,DCL Outbound-WS Inbound,Union,37
10/16/2018 19:01,DCL Outbound-WS Inbound,Union,37
10/16/2018 19:01,DCL Outbound-WS Inbound,Union,37
10/16/2018 19:01,DCL Outbound-WS Inbound,Union,37
10/16/2018 19:01,DCL Outbound-WS Inbound,Union,37
10/16/2018 19:01,DCL Outbound-WS Inbound,Union,37
10/16/2018 19:01,DCL Outbound-WS Inbound,Union,37
10/16/2018 19:01,DCL Outbound-WS Inbound,Union,37
10/16/2018 19:02,DCL Outbound-WS Inbound,Union,37
10/16/2018 19:02,DCL Outbound-WS Inbound,Union,37
10/16/2018 19:03,DCL Outbound-WS Inbound,Union,37
10/16/2018 19:12,DCL Outbound-WS Inbound,Hawley IB,891
10/16/2018 19:14,DCL Outbound-WS Inbound,Main and Front OB,891
10/16/2018 19:15,DCL Outbound-WS Inbound,Main and Murray IB,891
10/16/2018 19:16,DCL Outbound-WS Inbound,Main and Mather,891
10/16/2018 19:16,DCL Outbound-WS Inbound,Main and Cedar IB,891
10/16/2018 19:17,DCL Outbound-WS Inbound,Main and Clarke IB,891
10/16/2018 19:21,DCL Outbound-WS Inbound,Floral and Roberts OB,891
10/16/2018 19:35,DCL Outbound-WS Inbound,Leroy St and Chestnut OB,889
10/16/2018 19:35,DCL Outbound-WS Inbound,Leroy St and Chestnut OB,889
10/16/2018 19:35,DCL Outbound-WS Inbound,Leroy St and Chestnut OB,889
10/16/2018 19:36,DCL Outbound-WS Inbound,Union,42
10/16/2018 19:36,DCL Outbound-WS Inbound,Union,42
10/16/2018 19:36,DCL Outbound-WS Inbound,Union,42
10/16/2018 19:36,DCL Outbound-WS Inbound,Union,42
10/16/2018 19:36,DCL Outbound-WS Inbound,Union,42
10/16/2018 19:36,DCL Outbound-WS Inbound,Union,42
10/16/2018 19:36,DCL Outbound-WS Inbound,Union,42
10/16/2018 19:36,DCL Outbound-WS Inbound,Union,42
10/16/2018 19:36,DCL Outbound-WS Inbound,Union,42
10/16/2018 19:37,DCL Outbound-WS Inbound,Union,42
10/16/2018 19:37,DCL Outbound-WS Inbound,Union,42
10/16/2018 19:37,DCL Outbound-WS Inbound,Union,42
10/16/2018 19:37,DCL Outbound-WS Inbound,Leroy St and Murray OB,889
10/16/2018 19:37,DCL Outbound-WS Inbound,Leroy St and Murray OB,889
10/16/2018 19:37,DCL Outbound-WS Inbound,Leroy St and Murray OB,889
10/16/2018 19:37,DCL Outbound-WS Inbound,Union,42
10/16/2018 19:37,DCL Outbound-WS Inbound,Union,42
10/16/2018 19:37,DCL Outbound-WS Inbound,Union,42
10/16/2018 19:37,DCL Outbound-WS Inbound,Union,42
10/16/2018 19:38,DCL Outbound-WS Inbound,Union,42
10/16/2018 19:38,DCL Outbound-WS Inbound,Union,42
10/16/2018 19:39,DCL Outbound-WS Inbound,Union,42
10/16/2018 19:39,DCL Outbound-WS Inbound,Union,42
10/16/2018 19:40,DCL Outbound-WS Inbound,Union,42
10/16/2018 19:40,DCL Outbound-WS Inbound,UDC IB,889
10/16/2018 19:40,DCL Outbound-WS Inbound,Union,42
10/16/2018 19:40,DCL Outbound-WS Inbound,Union,42
10/16/2018 19:41,DCL Outbound-WS Inbound,Union,42
10/16/2018 19:42,DCL Outbound-WS Inbound,Union,42
10/16/2018 19:42,DCL Outbound-WS Inbound,Union,42
10/16/2018 19:42,DCL Outbound-WS Inbound,Hawley IB,889
10/16/2018 19:42,DCL Outbound-WS Inbound,Union,42
10/16/2018 19:42,DCL Outbound-WS Inbound,Union,42
10/16/2018 19:43,DCL Outbound-WS Inbound,Union,42
10/16/2018 19:43,DCL Outbound-WS Inbound,Union,42
10/16/2018 19:43,DCL Outbound-WS Inbound,Union,42
10/16/2018 19:44,DCL Outbound-WS Inbound,Main and Murray IB,889
10/16/2018 19:44,DCL Outbound-WS Inbound,Union,42
10/16/2018 19:44,DCL Outbound-WS Inbound,Union,42
10/16/2018 19:44,DCL Outbound-WS Inbound,Union,42
10/16/2018 19:45,DCL Outbound-WS Inbound,Union,42
10/16/2018 19:45,DCL Outbound-WS Inbound,Union,42
10/16/2018 19:45,DCL Outbound-WS Inbound,Main and Mather,889
10/16/2018 19:45,DCL Outbound-WS Inbound,Union,42
10/16/2018 19:45,DCL Outbound-WS Inbound,Main and Mather,889
10/16/2018 19:45,DCL Outbound-WS Inbound,Union,42
10/16/2018 19:45,DCL Outbound-WS Inbound,Main and Mather,889
10/16/2018 19:45,DCL Outbound-WS Inbound,Main and Mather,889
10/16/2018 19:45,DCL Outbound-WS Inbound,Main and Mather,889
10/16/2018 19:45,DCL Outbound-WS Inbound,Union,42
10/16/2018 19:46,DCL Outbound-WS Inbound,Main and Cedar IB,889
10/16/2018 19:46,DCL Outbound-WS Inbound,Main and Cedar IB,889
10/16/2018 19:47,DCL Outbound-WS Inbound,Main and Clarke IB,889
10/16/2018 19:47,DCL Outbound-WS Inbound,Main and Clarke IB,889
10/16/2018 19:50,DCL Outbound-WS Inbound,Main and Crary,889
10/16/2018 19:59,DCL Outbound-WS Inbound,Leroy St and Murray OB,42
10/16/2018 19:59,DCL Outbound-WS Inbound,Leroy St and Murray OB,42
