Start Date:10/02/2018 7:00 AM End Date:10/02/2018 8:00 PM,,,
DateTime,CorridorName,StopName,VehicleID
10/2/2018 7:35,DCL Outbound-WS Inbound,Main and Murray IB,527
10/2/2018 7:35,DCL Outbound-WS Inbound,Main and Murray IB,527
10/2/2018 7:37,DCL Outbound-WS Inbound,Main and Mather,527
10/2/2018 7:37,DCL Outbound-WS Inbound,Main and Mather,527
10/2/2018 7:37,DCL Outbound-WS Inbound,Main and Mather,527
10/2/2018 7:37,DCL Outbound-WS Inbound,Main and Mather,527
10/2/2018 7:37,DCL Outbound-WS Inbound,Main and Mather,527
10/2/2018 7:37,DCL Outbound-WS Inbound,Main and Mather,527
10/2/2018 7:40,DCL Outbound-WS Inbound,Main and Schiller IB,54
10/2/2018 7:42,DCL Outbound-WS Inbound,Floral and Cleveland IB,527
10/2/2018 7:43,DCL Outbound-WS Inbound,Union,889
10/2/2018 7:47,DCL Outbound-WS Inbound,UDC IB,528
10/2/2018 7:47,DCL Outbound-WS Inbound,UDC IB,528
10/2/2018 7:48,DCL Outbound-WS Inbound,UDC IB,528
10/2/2018 7:49,DCL Outbound-WS Inbound,Hawley IB,528
10/2/2018 7:49,DCL Outbound-WS Inbound,Hawley IB,528
10/2/2018 7:49,DCL Outbound-WS Inbound,Hawley IB,528
10/2/2018 7:49,DCL Outbound-WS Inbound,Hawley IB,528
10/2/2018 7:52,DCL Outbound-WS Inbound,Main and Murray IB,528
10/2/2018 7:52,DCL Outbound-WS Inbound,Main and Murray IB,528
10/2/2018 7:52,DCL Outbound-WS Inbound,Main and Murray IB,528
10/2/2018 7:53,DCL Outbound-WS Inbound,Main and Mather,528
10/2/2018 7:53,DCL Outbound-WS Inbound,Main and Mather,528
10/2/2018 7:53,DCL Outbound-WS Inbound,Main and Mather,528
10/2/2018 7:53,DCL Outbound-WS Inbound,Main and Mather,528
10/2/2018 7:53,DCL Outbound-WS Inbound,Main and Mather,528
10/2/2018 7:54,DCL Outbound-WS Inbound,Main and Mather,528
10/2/2018 7:54,DCL Outbound-WS Inbound,Main and Cedar IB,528
10/2/2018 7:54,DCL Outbound-WS Inbound,Main and Cedar IB,528
10/2/2018 7:54,DCL Outbound-WS Inbound,Main and Cedar IB,528
10/2/2018 7:55,DCL Outbound-WS Inbound,Main and Clarke IB,528
10/2/2018 7:55,DCL Outbound-WS Inbound,Main and Clarke IB,528
10/2/2018 7:56,DCL Outbound-WS Inbound,Main and Schiller IB,528
10/2/2018 7:56,DCL Outbound-WS Inbound,Main and Schiller IB,528
10/2/2018 7:56,DCL Outbound-WS Inbound,Main and Schiller IB,528
10/2/2018 7:56,DCL Outbound-WS Inbound,Main and Schiller IB,528
10/2/2018 7:56,DCL Outbound-WS Inbound,Main and Schiller IB,528
10/2/2018 7:56,DCL Outbound-WS Inbound,Main and Schiller IB,528
10/2/2018 7:56,DCL Outbound-WS Inbound,Main and Schiller IB,528
10/2/2018 7:56,DCL Outbound-WS Inbound,Main and Schiller IB,528
10/2/2018 7:56,DCL Outbound-WS Inbound,Main and Schiller IB,528
10/2/2018 7:56,DCL Outbound-WS Inbound,Main and Schiller IB,528
10/2/2018 7:57,DCL Outbound-WS Inbound,Main and Schiller IB,528
10/2/2018 7:57,DCL Outbound-WS Inbound,Main and Schiller IB,528
10/2/2018 7:57,DCL Outbound-WS Inbound,Main and Schiller IB,528
10/2/2018 7:57,DCL Outbound-WS Inbound,Main and Schiller IB,528
10/2/2018 7:57,DCL Outbound-WS Inbound,Main and Schiller IB,528
10/2/2018 7:57,DCL Outbound-WS Inbound,Main and Schiller IB,528
10/2/2018 7:57,DCL Outbound-WS Inbound,Main and Schiller IB,528
10/2/2018 7:58,DCL Outbound-WS Inbound,Leroy St and Front,891
10/2/2018 7:58,DCL Outbound-WS Inbound,Leroy St and Front,891
10/2/2018 7:58,DCL Outbound-WS Inbound,Leroy St and Front,891
10/2/2018 7:58,DCL Outbound-WS Inbound,Leroy St and Front,891
10/2/2018 7:58,DCL Outbound-WS Inbound,Leroy St and Front,891
10/2/2018 7:59,DCL Outbound-WS Inbound,Main and Crary,528
10/2/2018 7:59,DCL Outbound-WS Inbound,Main and Crary,528
10/2/2018 7:59,DCL Outbound-WS Inbound,Leroy St and Murray IB,891
10/2/2018 7:59,DCL Outbound-WS Inbound,Leroy St and Murray IB,891
10/2/2018 7:59,DCL Outbound-WS Inbound,Leroy St and Murray IB,891
10/2/2018 8:00,DCL Outbound-WS Inbound,Leroy St and Murray IB,891
10/2/2018 8:00,DCL Outbound-WS Inbound,Leroy St and Murray IB,891
10/2/2018 8:00,DCL Outbound-WS Inbound,Leroy St and Murray IB,891
10/2/2018 8:00,DCL Outbound-WS Inbound,Leroy St and Murray IB,891
10/2/2018 8:00,DCL Outbound-WS Inbound,Leroy St and Murray IB,891
10/2/2018 8:00,DCL Outbound-WS Inbound,Leroy St and Murray IB,891
10/2/2018 8:00,DCL Outbound-WS Inbound,Leroy St and Murray IB,891
10/2/2018 8:00,DCL Outbound-WS Inbound,Leroy St and Murray IB,891
10/2/2018 8:00,DCL Outbound-WS Inbound,Leroy St and Murray IB,891
10/2/2018 8:00,DCL Outbound-WS Inbound,Leroy St and Murray IB,891
10/2/2018 8:00,DCL Outbound-WS Inbound,Leroy St and Murray IB,891
10/2/2018 8:00,DCL Outbound-WS Inbound,Leroy St and Murray IB,891
10/2/2018 8:00,DCL Outbound-WS Inbound,Leroy St and Murray IB,891
10/2/2018 8:00,DCL Outbound-WS Inbound,Floral and Main IB,528
10/2/2018 8:00,DCL Outbound-WS Inbound,Leroy St and Murray IB,891
10/2/2018 8:00,DCL Outbound-WS Inbound,Leroy St and Murray IB,891
10/2/2018 8:00,DCL Outbound-WS Inbound,Floral and Main IB,528
10/2/2018 8:00,DCL Outbound-WS Inbound,Leroy St and Murray IB,891
10/2/2018 8:00,DCL Outbound-WS Inbound,Floral and Main IB,528
10/2/2018 8:00,DCL Outbound-WS Inbound,Leroy St and Murray IB,891
10/2/2018 8:00,DCL Outbound-WS Inbound,Leroy St and Murray IB,891
10/2/2018 8:00,DCL Outbound-WS Inbound,Leroy St and Murray IB,891
10/2/2018 8:00,DCL Outbound-WS Inbound,Leroy St and Murray IB,891
10/2/2018 8:00,DCL Outbound-WS Inbound,Leroy St and Murray IB,891
10/2/2018 8:01,DCL Outbound-WS Inbound,Floral and Cleveland IB,528
10/2/2018 8:01,DCL Outbound-WS Inbound,Floral and Cleveland IB,528
10/2/2018 8:01,DCL Outbound-WS Inbound,Floral and Cleveland IB,528
10/2/2018 8:02,DCL Outbound-WS Inbound,UDC IB,889
10/2/2018 8:02,DCL Outbound-WS Inbound,UDC IB,889
10/2/2018 8:02,DCL Outbound-WS Inbound,UDC IB,889
10/2/2018 8:02,DCL Outbound-WS Inbound,UDC IB,889
10/2/2018 8:02,DCL Outbound-WS Inbound,UDC IB,889
10/2/2018 8:02,DCL Outbound-WS Inbound,UDC IB,889
10/2/2018 8:02,DCL Outbound-WS Inbound,UDC IB,889
10/2/2018 8:02,DCL Outbound-WS Inbound,UDC IB,889
10/2/2018 8:02,DCL Outbound-WS Inbound,Leroy St and Laurel IB,891
10/2/2018 8:02,DCL Outbound-WS Inbound,Floral and Willow IB,528
10/2/2018 8:02,DCL Outbound-WS Inbound,Floral and Willow IB,528
10/2/2018 8:02,DCL Outbound-WS Inbound,UDC IB,889
10/2/2018 8:02,DCL Outbound-WS Inbound,UDC IB,889
10/2/2018 8:03,DCL Outbound-WS Inbound,UDC IB,889
10/2/2018 8:03,DCL Outbound-WS Inbound,UDC IB,889
10/2/2018 8:03,DCL Outbound-WS Inbound,UDC IB,889
10/2/2018 8:03,DCL Outbound-WS Inbound,Floral and Roberts OB,528
10/2/2018 8:04,DCL Outbound-WS Inbound,Floral and Harrison IB,528
10/2/2018 8:05,DCL Outbound-WS Inbound,UDC IB,889
10/2/2018 8:05,DCL Outbound-WS Inbound,Floral and Cook,528
10/2/2018 8:05,DCL Outbound-WS Inbound,UDC,889
10/2/2018 8:07,DCL Outbound-WS Inbound,Hawley IB,889
10/2/2018 8:07,DCL Outbound-WS Inbound,Hawley IB,889
10/2/2018 8:07,DCL Outbound-WS Inbound,Hawley IB,889
10/2/2018 8:08,DCL Outbound-WS Inbound,Main and Front OB,889
10/2/2018 8:09,DCL Outbound-WS Inbound,Main and Front OB,889
10/2/2018 8:09,DCL Outbound-WS Inbound,Main and Cedar IB,527
10/2/2018 8:09,DCL Outbound-WS Inbound,Main and Cedar IB,527
10/2/2018 8:09,DCL Outbound-WS Inbound,Main and Front OB,889
10/2/2018 8:10,DCL Outbound-WS Inbound,Main and Clarke IB,527
10/2/2018 8:10,DCL Outbound-WS Inbound,Main and Clarke IB,527
10/2/2018 8:10,DCL Outbound-WS Inbound,Main and Clarke IB,527
10/2/2018 8:10,DCL Outbound-WS Inbound,Main and Murray IB,889
10/2/2018 8:10,DCL Outbound-WS Inbound,Main and Murray IB,889
10/2/2018 8:10,DCL Outbound-WS Inbound,Main and Murray IB,889
10/2/2018 8:10,DCL Outbound-WS Inbound,Main and Murray IB,889
10/2/2018 8:10,DCL Outbound-WS Inbound,Main and Murray IB,889
10/2/2018 8:10,DCL Outbound-WS Inbound,Main and Murray IB,889
10/2/2018 8:10,DCL Outbound-WS Inbound,Main and Murray IB,889
10/2/2018 8:10,DCL Outbound-WS Inbound,Main and Murray IB,889
10/2/2018 8:10,DCL Outbound-WS Inbound,Main and Murray IB,889
10/2/2018 8:10,DCL Outbound-WS Inbound,Main and Murray IB,889
10/2/2018 8:10,DCL Outbound-WS Inbound,Main and Murray IB,889
10/2/2018 8:11,DCL Outbound-WS Inbound,Main and Schiller IB,527
10/2/2018 8:11,DCL Outbound-WS Inbound,Main and Schiller IB,527
10/2/2018 8:11,DCL Outbound-WS Inbound,Main and Schiller IB,527
10/2/2018 8:11,DCL Outbound-WS Inbound,Main and Schiller IB,527
10/2/2018 8:11,DCL Outbound-WS Inbound,Main and Schiller IB,527
10/2/2018 8:11,DCL Outbound-WS Inbound,Main and Schiller IB,527
10/2/2018 8:12,DCL Outbound-WS Inbound,Main and Schiller IB,527
10/2/2018 8:12,DCL Outbound-WS Inbound,Main and Schiller IB,527
10/2/2018 8:12,DCL Outbound-WS Inbound,Main and Schiller IB,527
10/2/2018 8:12,DCL Outbound-WS Inbound,Main and Schiller IB,527
10/2/2018 8:12,DCL Outbound-WS Inbound,Main and Mather,889
10/2/2018 8:12,DCL Outbound-WS Inbound,Main and Mather,889
10/2/2018 8:12,DCL Outbound-WS Inbound,Main and Mather,889
10/2/2018 8:13,DCL Outbound-WS Inbound,Main and Helen IB,527
10/2/2018 8:13,DCL Outbound-WS Inbound,Main and Cedar IB,889
10/2/2018 8:13,DCL Outbound-WS Inbound,Main and Cedar IB,889
10/2/2018 8:13,DCL Outbound-WS Inbound,Main and Cedar IB,889
10/2/2018 8:13,DCL Outbound-WS Inbound,Main and Clarke IB,889
10/2/2018 8:15,DCL Outbound-WS Inbound,Main and Schiller IB,889
10/2/2018 8:15,DCL Outbound-WS Inbound,Main and Schiller IB,889
10/2/2018 8:15,DCL Outbound-WS Inbound,Main and Schiller IB,889
10/2/2018 8:15,DCL Outbound-WS Inbound,Main and Schiller IB,889
10/2/2018 8:15,DCL Outbound-WS Inbound,Floral and Cleveland IB,527
10/2/2018 8:16,DCL Outbound-WS Inbound,Floral and Burbank IB,527
10/2/2018 8:19,DCL Outbound-WS Inbound,Main and Murray IB,37
10/2/2018 8:19,DCL Outbound-WS Inbound,Main and Murray IB,37
10/2/2018 8:19,DCL Outbound-WS Inbound,Main and Murray IB,37
10/2/2018 8:19,DCL Outbound-WS Inbound,Main and Murray IB,37
10/2/2018 8:19,DCL Outbound-WS Inbound,Main and Murray IB,37
10/2/2018 8:19,DCL Outbound-WS Inbound,Main and Murray IB,37
10/2/2018 8:19,DCL Outbound-WS Inbound,Main and Murray IB,37
10/2/2018 8:19,DCL Outbound-WS Inbound,Floral and Harrison IB,889
10/2/2018 8:20,DCL Outbound-WS Inbound,Main and Mather,37
10/2/2018 8:20,DCL Outbound-WS Inbound,Main and Mather,37
10/2/2018 8:20,DCL Outbound-WS Inbound,Main and Mather,37
10/2/2018 8:21,DCL Outbound-WS Inbound,Main and Cedar IB,37
10/2/2018 8:21,DCL Outbound-WS Inbound,Main and Cedar IB,37
10/2/2018 8:21,DCL Outbound-WS Inbound,Main and Cedar IB,37
10/2/2018 8:21,DCL Outbound-WS Inbound,Main and Cedar IB,37
10/2/2018 8:22,DCL Outbound-WS Inbound,Main and Clarke IB,37
10/2/2018 8:23,DCL Outbound-WS Inbound,Main and Schiller IB,37
10/2/2018 8:23,DCL Outbound-WS Inbound,Main and Schiller IB,37
10/2/2018 8:23,DCL Outbound-WS Inbound,Main and Schiller IB,37
10/2/2018 8:23,DCL Outbound-WS Inbound,Main and Schiller IB,37
10/2/2018 8:23,DCL Outbound-WS Inbound,Main and Schiller IB,37
10/2/2018 8:25,DCL Outbound-WS Inbound,Main and Helen IB,37
10/2/2018 8:25,DCL Outbound-WS Inbound,Main and Helen IB,37
10/2/2018 8:39,DCL Outbound-WS Inbound,Main and Murray IB,54
10/2/2018 8:39,DCL Outbound-WS Inbound,Main and Murray IB,54
10/2/2018 8:39,DCL Outbound-WS Inbound,Main and Murray IB,54
10/2/2018 8:39,DCL Outbound-WS Inbound,Main and Murray IB,54
10/2/2018 8:40,DCL Outbound-WS Inbound,Main and Mather,54
10/2/2018 8:40,DCL Outbound-WS Inbound,Main and Mather,54
10/2/2018 8:41,DCL Outbound-WS Inbound,Main and Cedar IB,54
10/2/2018 8:42,DCL Outbound-WS Inbound,Main and Clarke IB,54
10/2/2018 8:44,DCL Outbound-WS Inbound,Main and Helen IB,54
10/2/2018 8:47,DCL Outbound-WS Inbound,Main and Front OB,526
10/2/2018 8:47,DCL Outbound-WS Inbound,Main and Front OB,526
10/2/2018 8:47,DCL Outbound-WS Inbound,Floral and Burbank IB,54
10/2/2018 8:49,DCL Outbound-WS Inbound,Main and Cedar IB,526
10/2/2018 8:50,DCL Outbound-WS Inbound,Main and Schiller IB,526
10/2/2018 8:50,DCL Outbound-WS Inbound,Main and Schiller IB,526
10/2/2018 8:50,DCL Outbound-WS Inbound,Main and Schiller IB,526
10/2/2018 8:51,DCL Outbound-WS Inbound,Main and Schiller IB,526
10/2/2018 8:53,DCL Outbound-WS Inbound,Floral and Cleveland IB,526
10/2/2018 8:53,DCL Outbound-WS Inbound,Floral and Cleveland IB,526
10/2/2018 8:56,DCL Outbound-WS Inbound,Floral and New York,526
10/2/2018 8:56,DCL Outbound-WS Inbound,Union,54
10/2/2018 8:57,DCL Outbound-WS Inbound,Union,54
10/2/2018 8:59,DCL Outbound-WS Inbound,Union,54
10/2/2018 9:00,DCL Outbound-WS Inbound,Union,54
10/2/2018 9:00,DCL Outbound-WS Inbound,UDC IB,528
10/2/2018 9:00,DCL Outbound-WS Inbound,UDC IB,528
10/2/2018 9:00,DCL Outbound-WS Inbound,Union,54
10/2/2018 9:00,DCL Outbound-WS Inbound,Union,54
10/2/2018 9:02,DCL Outbound-WS Inbound,Hawley IB,528
10/2/2018 9:03,DCL Outbound-WS Inbound,Main and Front OB,528
10/2/2018 9:03,DCL Outbound-WS Inbound,Main and Murray IB,528
10/2/2018 9:05,DCL Outbound-WS Inbound,Main and Cedar IB,528
10/2/2018 9:05,DCL Outbound-WS Inbound,Union,526
10/2/2018 9:06,DCL Outbound-WS Inbound,Main and Clarke IB,528
10/2/2018 9:06,DCL Outbound-WS Inbound,Main and Schiller IB,528
10/2/2018 9:06,DCL Outbound-WS Inbound,Main and Schiller IB,528
10/2/2018 9:06,DCL Outbound-WS Inbound,Main and Schiller IB,528
10/2/2018 9:06,DCL Outbound-WS Inbound,Main and Schiller IB,528
10/2/2018 9:06,DCL Outbound-WS Inbound,Main and Schiller IB,528
10/2/2018 9:07,DCL Outbound-WS Inbound,Main and Front IB,889
10/2/2018 9:10,DCL Outbound-WS Inbound,Floral and Cleveland IB,528
10/2/2018 9:10,DCL Outbound-WS Inbound,Main and Mather,889
10/2/2018 9:10,DCL Outbound-WS Inbound,Main and Mather,889
10/2/2018 9:10,DCL Outbound-WS Inbound,Main and Mather,889
10/2/2018 9:10,DCL Outbound-WS Inbound,Floral and Willow IB,528
10/2/2018 9:11,DCL Outbound-WS Inbound,Main and Cedar IB,889
10/2/2018 9:11,DCL Outbound-WS Inbound,Main and Cedar IB,889
10/2/2018 9:12,DCL Outbound-WS Inbound,Main and Schiller IB,889
10/2/2018 9:12,DCL Outbound-WS Inbound,Main and Schiller IB,889
10/2/2018 9:12,DCL Outbound-WS Inbound,Main and Schiller IB,889
10/2/2018 9:12,DCL Outbound-WS Inbound,Main and Schiller IB,889
10/2/2018 9:12,DCL Outbound-WS Inbound,Main and Schiller IB,889
10/2/2018 9:15,DCL Outbound-WS Inbound,Union,37
10/2/2018 9:15,DCL Outbound-WS Inbound,Floral and Cleveland IB,889
10/2/2018 9:15,DCL Outbound-WS Inbound,Floral and Cleveland IB,889
10/2/2018 9:16,DCL Outbound-WS Inbound,Floral and Willow IB,889
10/2/2018 9:16,DCL Outbound-WS Inbound,Floral and Roberts OB,889
10/2/2018 9:18,DCL Outbound-WS Inbound,Hawley IB,54
10/2/2018 9:18,DCL Outbound-WS Inbound,Hawley IB,54
10/2/2018 9:18,DCL Outbound-WS Inbound,Hawley IB,54
10/2/2018 9:18,DCL Outbound-WS Inbound,Hawley IB,54
10/2/2018 9:18,DCL Outbound-WS Inbound,Hawley IB,54
10/2/2018 9:19,DCL Outbound-WS Inbound,Main and Front OB,54
10/2/2018 9:19,DCL Outbound-WS Inbound,Main and Front OB,54
10/2/2018 9:20,DCL Outbound-WS Inbound,Main and Murray IB,54
10/2/2018 9:20,DCL Outbound-WS Inbound,Main and Murray IB,54
10/2/2018 9:20,DCL Outbound-WS Inbound,Main and Murray IB,54
10/2/2018 9:20,DCL Outbound-WS Inbound,Main and Murray IB,54
10/2/2018 9:20,DCL Outbound-WS Inbound,Main and Murray IB,54
10/2/2018 9:20,DCL Outbound-WS Inbound,Main and Murray IB,54
10/2/2018 9:20,DCL Outbound-WS Inbound,Main and Murray IB,54
10/2/2018 9:22,DCL Outbound-WS Inbound,Main and Mather,54
10/2/2018 9:22,DCL Outbound-WS Inbound,Main and Mather,54
10/2/2018 9:22,DCL Outbound-WS Inbound,Main and Mather,54
10/2/2018 9:22,DCL Outbound-WS Inbound,Main and Mather,54
10/2/2018 9:22,DCL Outbound-WS Inbound,Main and Mather,54
10/2/2018 9:22,DCL Outbound-WS Inbound,Main and Mather,54
10/2/2018 9:23,DCL Outbound-WS Inbound,Main and Cedar IB,54
10/2/2018 9:23,DCL Outbound-WS Inbound,Main and Cedar IB,54
10/2/2018 9:23,DCL Outbound-WS Inbound,Main and Clarke IB,54
10/2/2018 9:24,DCL Outbound-WS Inbound,Main and Clarke IB,54
10/2/2018 9:24,DCL Outbound-WS Inbound,Main and Clarke IB,54
10/2/2018 9:24,DCL Outbound-WS Inbound,Main and Clarke IB,54
10/2/2018 9:24,DCL Outbound-WS Inbound,Main and Schiller IB,54
10/2/2018 9:25,DCL Outbound-WS Inbound,Main and Schiller IB,54
10/2/2018 9:25,DCL Outbound-WS Inbound,Main and Schiller IB,54
10/2/2018 9:25,DCL Outbound-WS Inbound,Main and Schiller IB,54
10/2/2018 9:25,DCL Outbound-WS Inbound,Main and Schiller IB,54
10/2/2018 9:25,DCL Outbound-WS Inbound,Main and Schiller IB,54
10/2/2018 9:26,DCL Outbound-WS Inbound,Main and Helen IB,54
10/2/2018 9:26,DCL Outbound-WS Inbound,Main and Helen IB,54
10/2/2018 9:28,DCL Outbound-WS Inbound,Leroy and Laurel,37
10/2/2018 9:28,DCL Outbound-WS Inbound,Floral and Cleveland IB,54
10/2/2018 9:28,DCL Outbound-WS Inbound,Floral and Cleveland IB,54
10/2/2018 9:28,DCL Outbound-WS Inbound,Floral and Cleveland IB,54
10/2/2018 9:28,DCL Outbound-WS Inbound,Floral and Cleveland IB,54
10/2/2018 9:28,DCL Outbound-WS Inbound,Floral and Cleveland IB,54
10/2/2018 9:29,DCL Outbound-WS Inbound,Floral and Burbank IB,54
10/2/2018 9:29,DCL Outbound-WS Inbound,Floral and Burbank IB,54
10/2/2018 9:30,DCL Outbound-WS Inbound,Floral and Roberts OB,54
10/2/2018 9:30,DCL Outbound-WS Inbound,Floral and Roberts OB,54
10/2/2018 9:30,DCL Outbound-WS Inbound,Floral and Roberts OB,54
10/2/2018 9:39,DCL Outbound-WS Inbound,Hawley IB,37
10/2/2018 9:39,DCL Outbound-WS Inbound,Hawley IB,37
10/2/2018 9:39,DCL Outbound-WS Inbound,Hawley IB,37
10/2/2018 9:39,DCL Outbound-WS Inbound,Hawley IB,37
10/2/2018 9:39,DCL Outbound-WS Inbound,Hawley IB,37
10/2/2018 9:39,DCL Outbound-WS Inbound,Hawley IB,37
10/2/2018 9:39,DCL Outbound-WS Inbound,Hawley IB,37
10/2/2018 9:40,DCL Outbound-WS Inbound,Main and Front OB,37
10/2/2018 9:40,DCL Outbound-WS Inbound,Main and Front OB,37
10/2/2018 9:40,DCL Outbound-WS Inbound,Main and Front OB,37
10/2/2018 9:41,DCL Outbound-WS Inbound,UDC IB,889
10/2/2018 9:41,DCL Outbound-WS Inbound,Main and Murray IB,37
10/2/2018 9:41,DCL Outbound-WS Inbound,Main and Murray IB,37
10/2/2018 9:42,DCL Outbound-WS Inbound,Main and Murray IB,37
10/2/2018 9:42,DCL Outbound-WS Inbound,Main and Murray IB,37
10/2/2018 9:42,DCL Outbound-WS Inbound,Main and Murray IB,37
10/2/2018 9:42,DCL Outbound-WS Inbound,Main and Murray IB,37
10/2/2018 9:42,DCL Outbound-WS Inbound,Main and Murray IB,37
10/2/2018 9:42,DCL Outbound-WS Inbound,Main and Murray IB,37
10/2/2018 9:42,DCL Outbound-WS Inbound,Main and Murray IB,37
10/2/2018 9:42,DCL Outbound-WS Inbound,Main and Murray IB,37
10/2/2018 9:42,DCL Outbound-WS Inbound,Main and Murray IB,37
10/2/2018 9:42,DCL Outbound-WS Inbound,Main and Murray IB,37
10/2/2018 9:42,DCL Outbound-WS Inbound,Main and Murray IB,37
10/2/2018 9:42,DCL Outbound-WS Inbound,Main and Murray IB,37
10/2/2018 9:42,DCL Outbound-WS Inbound,Main and Murray IB,37
10/2/2018 9:42,DCL Outbound-WS Inbound,Main and Murray IB,37
10/2/2018 9:42,DCL Outbound-WS Inbound,Main and Murray IB,37
10/2/2018 9:42,DCL Outbound-WS Inbound,Main and Murray IB,37
10/2/2018 9:42,DCL Outbound-WS Inbound,Main and Murray IB,37
10/2/2018 9:42,DCL Outbound-WS Inbound,Main and Murray IB,37
10/2/2018 9:42,DCL Outbound-WS Inbound,Main and Murray IB,37
10/2/2018 9:42,DCL Outbound-WS Inbound,Main and Murray IB,37
10/2/2018 9:42,DCL Outbound-WS Inbound,Main and Murray IB,37
10/2/2018 9:42,DCL Outbound-WS Inbound,Main and Murray IB,37
10/2/2018 9:42,DCL Outbound-WS Inbound,Main and Murray IB,37
10/2/2018 9:42,DCL Outbound-WS Inbound,Main and Murray IB,37
10/2/2018 9:43,DCL Outbound-WS Inbound,Main and Mather,37
10/2/2018 9:43,DCL Outbound-WS Inbound,Main and Mather,37
10/2/2018 9:43,DCL Outbound-WS Inbound,Main and Mather,37
10/2/2018 9:43,DCL Outbound-WS Inbound,Main and Mather,37
10/2/2018 9:44,DCL Outbound-WS Inbound,Main and Mather,37
10/2/2018 9:44,DCL Outbound-WS Inbound,Main and Mather,37
10/2/2018 9:44,DCL Outbound-WS Inbound,Main and Mather,37
10/2/2018 9:44,DCL Outbound-WS Inbound,Main and Mather,37
10/2/2018 9:44,DCL Outbound-WS Inbound,Main and Mather,37
10/2/2018 9:44,DCL Outbound-WS Inbound,Main and Mather,37
10/2/2018 9:44,DCL Outbound-WS Inbound,Main and Mather,37
10/2/2018 9:44,DCL Outbound-WS Inbound,Main and Mather,37
10/2/2018 9:44,DCL Outbound-WS Inbound,Main and Mather,37
10/2/2018 9:44,DCL Outbound-WS Inbound,Main and Mather,37
10/2/2018 9:45,DCL Outbound-WS Inbound,Union,526
10/2/2018 9:45,DCL Outbound-WS Inbound,Main and Cedar IB,37
10/2/2018 9:45,DCL Outbound-WS Inbound,Union,526
10/2/2018 9:45,DCL Outbound-WS Inbound,Main and Cedar IB,37
10/2/2018 9:45,DCL Outbound-WS Inbound,Main and Cedar IB,37
10/2/2018 9:45,DCL Outbound-WS Inbound,Union,526
10/2/2018 9:45,DCL Outbound-WS Inbound,Main and Cedar IB,37
10/2/2018 9:47,DCL Outbound-WS Inbound,Hawley IB,889
10/2/2018 9:47,DCL Outbound-WS Inbound,Hawley IB,889
10/2/2018 9:49,DCL Outbound-WS Inbound,Main and Murray IB,889
10/2/2018 9:49,DCL Outbound-WS Inbound,Main and Murray IB,889
10/2/2018 9:50,DCL Outbound-WS Inbound,Main and Mather,889
10/2/2018 9:50,DCL Outbound-WS Inbound,Main and Mather,889
10/2/2018 9:51,DCL Outbound-WS Inbound,Main and Cedar IB,889
10/2/2018 9:52,DCL Outbound-WS Inbound,Main and Clarke IB,889
10/2/2018 9:52,DCL Outbound-WS Inbound,Main and Clarke IB,889
10/2/2018 9:52,DCL Outbound-WS Inbound,Main and Clarke IB,889
10/2/2018 9:52,DCL Outbound-WS Inbound,Main and Clarke IB,889
10/2/2018 9:52,DCL Outbound-WS Inbound,Physical Facilities,526
10/2/2018 9:53,DCL Outbound-WS Inbound,Main and Schiller IB,889
10/2/2018 9:53,DCL Outbound-WS Inbound,Main and Schiller IB,889
10/2/2018 9:53,DCL Outbound-WS Inbound,Main and Schiller IB,889
10/2/2018 9:53,DCL Outbound-WS Inbound,Main and Schiller IB,889
10/2/2018 9:53,DCL Outbound-WS Inbound,Main and Schiller IB,889
10/2/2018 9:53,DCL Outbound-WS Inbound,Main and Schiller IB,889
10/2/2018 9:53,DCL Outbound-WS Inbound,Main and Schiller IB,889
10/2/2018 9:53,DCL Outbound-WS Inbound,Main and Schiller IB,889
10/2/2018 9:53,DCL Outbound-WS Inbound,Main and Schiller IB,889
10/2/2018 9:53,DCL Outbound-WS Inbound,Main and Schiller IB,889
10/2/2018 9:53,DCL Outbound-WS Inbound,Main and Schiller IB,889
10/2/2018 9:53,DCL Outbound-WS Inbound,Main and Schiller IB,889
10/2/2018 9:53,DCL Outbound-WS Inbound,Main and Schiller IB,889
10/2/2018 9:53,DCL Outbound-WS Inbound,Main and Schiller IB,889
10/2/2018 9:53,DCL Outbound-WS Inbound,Main and Schiller IB,889
10/2/2018 9:53,DCL Outbound-WS Inbound,Main and Schiller IB,889
10/2/2018 9:54,DCL Outbound-WS Inbound,Main and Schiller IB,889
10/2/2018 9:54,DCL Outbound-WS Inbound,Main and Schiller IB,889
10/2/2018 9:55,DCL Outbound-WS Inbound,Main and Helen IB,889
10/2/2018 9:55,DCL Outbound-WS Inbound,Main and Helen IB,889
10/2/2018 9:55,DCL Outbound-WS Inbound,Main and Helen IB,889
10/2/2018 9:56,DCL Outbound-WS Inbound,Main and Crary,889
10/2/2018 9:56,DCL Outbound-WS Inbound,Main and Crary,889
10/2/2018 9:58,DCL Outbound-WS Inbound,Floral and Main IB,889
10/2/2018 9:59,DCL Outbound-WS Inbound,Floral and Cleveland IB,889
10/2/2018 10:00,DCL Outbound-WS Inbound,Floral and Burbank IB,889
10/2/2018 10:01,DCL Outbound-WS Inbound,Floral and Cook,889
10/2/2018 10:06,DCL Outbound-WS Inbound,Leroy St and Murray OB,526
10/2/2018 10:11,DCL Outbound-WS Inbound,Hawley IB,526
10/2/2018 10:13,DCL Outbound-WS Inbound,Main and Mather,526
10/2/2018 10:13,DCL Outbound-WS Inbound,Main and Mather,526
10/2/2018 10:13,DCL Outbound-WS Inbound,Main and Mather,526
10/2/2018 10:14,DCL Outbound-WS Inbound,Main and Cedar IB,526
10/2/2018 10:15,DCL Outbound-WS Inbound,Main and Clarke IB,526
10/2/2018 10:16,DCL Outbound-WS Inbound,Main and Schiller IB,526
10/2/2018 10:16,DCL Outbound-WS Inbound,Main and Schiller IB,526
10/2/2018 10:16,DCL Outbound-WS Inbound,Main and Schiller IB,526
10/2/2018 10:16,DCL Outbound-WS Inbound,Main and Schiller IB,526
10/2/2018 10:17,DCL Outbound-WS Inbound,Union,54
10/2/2018 10:17,DCL Outbound-WS Inbound,Union,54
10/2/2018 10:17,DCL Outbound-WS Inbound,Union,54
10/2/2018 10:17,DCL Outbound-WS Inbound,Union,54
10/2/2018 10:17,DCL Outbound-WS Inbound,Union,54
10/2/2018 10:17,DCL Outbound-WS Inbound,Union,54
10/2/2018 10:18,DCL Outbound-WS Inbound,Union,54
10/2/2018 10:18,DCL Outbound-WS Inbound,Union,54
10/2/2018 10:18,DCL Outbound-WS Inbound,Union,54
10/2/2018 10:18,DCL Outbound-WS Inbound,Union,54
10/2/2018 10:18,DCL Outbound-WS Inbound,Union,54
10/2/2018 10:18,DCL Outbound-WS Inbound,Union,54
10/2/2018 10:18,DCL Outbound-WS Inbound,Union,54
10/2/2018 10:18,DCL Outbound-WS Inbound,Union,54
10/2/2018 10:18,DCL Outbound-WS Inbound,Union,54
10/2/2018 10:18,DCL Outbound-WS Inbound,Union,54
10/2/2018 10:18,DCL Outbound-WS Inbound,Main and Crary,526
10/2/2018 10:18,DCL Outbound-WS Inbound,Union,54
10/2/2018 10:18,DCL Outbound-WS Inbound,Union,54
10/2/2018 10:18,DCL Outbound-WS Inbound,Union,54
10/2/2018 10:19,DCL Outbound-WS Inbound,Union,54
10/2/2018 10:19,DCL Outbound-WS Inbound,Floral and Cleveland IB,526
10/2/2018 10:19,DCL Outbound-WS Inbound,Floral and Cleveland IB,526
10/2/2018 10:27,DCL Outbound-WS Inbound,Hawley IB,528
10/2/2018 10:28,DCL Outbound-WS Inbound,Union,526
10/2/2018 10:28,DCL Outbound-WS Inbound,Union,526
10/2/2018 10:28,DCL Outbound-WS Inbound,Union,526
10/2/2018 10:28,DCL Outbound-WS Inbound,Union,526
10/2/2018 10:29,DCL Outbound-WS Inbound,Main and Murray IB,528
10/2/2018 10:29,DCL Outbound-WS Inbound,Main and Mather,528
10/2/2018 10:30,DCL Outbound-WS Inbound,Union,891
10/2/2018 10:30,DCL Outbound-WS Inbound,Main and Clarke IB,528
10/2/2018 10:35,DCL Outbound-WS Inbound,Floral and Cleveland IB,528
10/2/2018 10:44,DCL Outbound-WS Inbound,Main and Front OB,54
10/2/2018 10:45,DCL Outbound-WS Inbound,Main and Murray IB,54
10/2/2018 10:45,DCL Outbound-WS Inbound,Main and Murray IB,54
10/2/2018 10:45,DCL Outbound-WS Inbound,Main and Murray IB,54
10/2/2018 10:45,DCL Outbound-WS Inbound,Main and Murray IB,54
10/2/2018 10:46,DCL Outbound-WS Inbound,Main and Murray IB,54
10/2/2018 10:47,DCL Outbound-WS Inbound,Leroy St and Chestnut OB,891
10/2/2018 10:47,DCL Outbound-WS Inbound,Main and Mather,54
10/2/2018 10:48,DCL Outbound-WS Inbound,Main and Cedar IB,54
10/2/2018 10:48,DCL Outbound-WS Inbound,Main and Cedar IB,54
10/2/2018 10:48,DCL Outbound-WS Inbound,Main and Cedar IB,54
10/2/2018 10:48,DCL Outbound-WS Inbound,Main and Cedar IB,54
10/2/2018 10:48,DCL Outbound-WS Inbound,Main and Cedar IB,54
10/2/2018 10:49,DCL Outbound-WS Inbound,Main and Clarke IB,54
10/2/2018 10:49,DCL Outbound-WS Inbound,Main and Clarke IB,54
10/2/2018 10:50,DCL Outbound-WS Inbound,Main and Schiller IB,54
10/2/2018 10:50,DCL Outbound-WS Inbound,Main and Schiller IB,54
10/2/2018 10:50,DCL Outbound-WS Inbound,Main and Schiller IB,54
10/2/2018 10:51,DCL Outbound-WS Inbound,Main and Helen IB,54
10/2/2018 10:54,DCL Outbound-WS Inbound,Hawley IB,891
10/2/2018 10:55,DCL Outbound-WS Inbound,Main and Front OB,891
10/2/2018 10:55,DCL Outbound-WS Inbound,Main and Front OB,891
10/2/2018 10:57,DCL Outbound-WS Inbound,Main and Murray IB,891
10/2/2018 10:57,DCL Outbound-WS Inbound,Main and Murray IB,891
10/2/2018 10:57,DCL Outbound-WS Inbound,Main and Murray IB,891
10/2/2018 10:57,DCL Outbound-WS Inbound,Main and Murray IB,891
10/2/2018 10:57,DCL Outbound-WS Inbound,Main and Murray IB,891
10/2/2018 10:58,DCL Outbound-WS Inbound,Main and Mather,891
10/2/2018 10:58,DCL Outbound-WS Inbound,Main and Mather,891
10/2/2018 11:00,DCL Outbound-WS Inbound,Main and Clarke IB,891
10/2/2018 11:00,DCL Outbound-WS Inbound,Main and Clarke IB,891
10/2/2018 11:01,DCL Outbound-WS Inbound,Main and Schiller IB,891
10/2/2018 11:01,DCL Outbound-WS Inbound,Main and Schiller IB,891
10/2/2018 11:01,DCL Outbound-WS Inbound,Main and Schiller IB,891
10/2/2018 11:01,DCL Outbound-WS Inbound,Main and Schiller IB,891
10/2/2018 11:02,DCL Outbound-WS Inbound,UDC IB,37
10/2/2018 11:02,DCL Outbound-WS Inbound,UDC IB,37
10/2/2018 11:02,DCL Outbound-WS Inbound,UDC IB,37
10/2/2018 11:03,DCL Outbound-WS Inbound,UDC IB,37
10/2/2018 11:04,DCL Outbound-WS Inbound,Floral and Main IB,891
10/2/2018 11:05,DCL Outbound-WS Inbound,Floral and Cleveland IB,891
10/2/2018 11:05,DCL Outbound-WS Inbound,Floral and Cleveland IB,891
10/2/2018 11:05,DCL Outbound-WS Inbound,UDC IB,37
10/2/2018 11:06,DCL Outbound-WS Inbound,Floral and Cleveland IB,891
10/2/2018 11:06,DCL Outbound-WS Inbound,Floral and Burbank IB,891
10/2/2018 11:07,DCL Outbound-WS Inbound,Floral and Willow IB,891
10/2/2018 11:07,DCL Outbound-WS Inbound,Hawley IB,37
10/2/2018 11:07,DCL Outbound-WS Inbound,Hawley IB,37
10/2/2018 11:07,DCL Outbound-WS Inbound,Hawley IB,37
10/2/2018 11:07,DCL Outbound-WS Inbound,Hawley IB,37
10/2/2018 11:08,DCL Outbound-WS Inbound,Floral and St. Charles,891
10/2/2018 11:08,DCL Outbound-WS Inbound,Main and Front OB,37
10/2/2018 11:08,DCL Outbound-WS Inbound,Main and Front OB,37
10/2/2018 11:09,DCL Outbound-WS Inbound,Floral and Cook,891
10/2/2018 11:09,DCL Outbound-WS Inbound,Floral and Cook,891
10/2/2018 11:10,DCL Outbound-WS Inbound,Main and Murray IB,37
10/2/2018 11:10,DCL Outbound-WS Inbound,Main and Murray IB,37
10/2/2018 11:10,DCL Outbound-WS Inbound,Main and Murray IB,37
10/2/2018 11:10,DCL Outbound-WS Inbound,Main and Murray IB,37
10/2/2018 11:10,DCL Outbound-WS Inbound,Main and Murray IB,37
10/2/2018 11:10,DCL Outbound-WS Inbound,Main and Murray IB,37
10/2/2018 11:10,DCL Outbound-WS Inbound,Main and Murray IB,37
10/2/2018 11:10,DCL Outbound-WS Inbound,Main and Murray IB,37
10/2/2018 11:10,DCL Outbound-WS Inbound,Main and Murray IB,37
10/2/2018 11:11,DCL Outbound-WS Inbound,Main and Mather,37
10/2/2018 11:11,DCL Outbound-WS Inbound,Main and Mather,37
10/2/2018 11:11,DCL Outbound-WS Inbound,Main and Mather,37
10/2/2018 11:11,DCL Outbound-WS Inbound,Main and Mather,37
10/2/2018 11:11,DCL Outbound-WS Inbound,Main and Mather,37
10/2/2018 11:12,DCL Outbound-WS Inbound,Main and Cedar IB,37
10/2/2018 11:12,DCL Outbound-WS Inbound,Main and Cedar IB,37
10/2/2018 11:13,DCL Outbound-WS Inbound,Main and Clarke IB,37
10/2/2018 11:13,DCL Outbound-WS Inbound,Main and Clarke IB,37
10/2/2018 11:13,DCL Outbound-WS Inbound,Main and Clarke IB,37
10/2/2018 11:13,DCL Outbound-WS Inbound,Main and Clarke IB,37
10/2/2018 11:13,DCL Outbound-WS Inbound,Main and Clarke IB,37
10/2/2018 11:13,DCL Outbound-WS Inbound,Main and Clarke IB,37
10/2/2018 11:13,DCL Outbound-WS Inbound,Main and Clarke IB,37
10/2/2018 11:14,DCL Outbound-WS Inbound,Main and Schiller IB,37
10/2/2018 11:14,DCL Outbound-WS Inbound,Main and Schiller IB,37
10/2/2018 11:14,DCL Outbound-WS Inbound,Main and Schiller IB,37
10/2/2018 11:14,DCL Outbound-WS Inbound,Main and Schiller IB,37
10/2/2018 11:15,DCL Outbound-WS Inbound,Main and Schiller IB,37
10/2/2018 11:15,DCL Outbound-WS Inbound,Main and Schiller IB,37
10/2/2018 11:16,DCL Outbound-WS Inbound,Riverside and Front,527
10/2/2018 11:16,DCL Outbound-WS Inbound,Main and Crary,37
10/2/2018 11:17,DCL Outbound-WS Inbound,Union,891
10/2/2018 11:17,DCL Outbound-WS Inbound,Union,891
10/2/2018 11:17,DCL Outbound-WS Inbound,Union,891
10/2/2018 11:17,DCL Outbound-WS Inbound,Union,891
10/2/2018 11:17,DCL Outbound-WS Inbound,Union,891
10/2/2018 11:17,DCL Outbound-WS Inbound,Union,891
10/2/2018 11:17,DCL Outbound-WS Inbound,Union,891
10/2/2018 11:17,DCL Outbound-WS Inbound,Union,891
10/2/2018 11:17,DCL Outbound-WS Inbound,Union,891
10/2/2018 11:17,DCL Outbound-WS Inbound,Union,891
10/2/2018 11:17,DCL Outbound-WS Inbound,Union,891
10/2/2018 11:17,DCL Outbound-WS Inbound,Union,528
10/2/2018 11:17,DCL Outbound-WS Inbound,Union,528
10/2/2018 11:17,DCL Outbound-WS Inbound,Union,528
10/2/2018 11:18,DCL Outbound-WS Inbound,Union,528
10/2/2018 11:18,DCL Outbound-WS Inbound,Union,891
10/2/2018 11:18,DCL Outbound-WS Inbound,Floral and Cleveland IB,37
10/2/2018 11:18,DCL Outbound-WS Inbound,Floral and Cleveland IB,37
10/2/2018 11:18,DCL Outbound-WS Inbound,Floral and Cleveland IB,37
10/2/2018 11:18,DCL Outbound-WS Inbound,Floral and Burbank IB,37
10/2/2018 11:18,DCL Outbound-WS Inbound,Floral and Burbank IB,37
10/2/2018 11:20,DCL Outbound-WS Inbound,UDC IB,527
10/2/2018 11:20,DCL Outbound-WS Inbound,UDC IB,527
10/2/2018 11:21,DCL Outbound-WS Inbound,Physical Facilities,528
10/2/2018 11:23,DCL Outbound-WS Inbound,Hawley IB,527
10/2/2018 11:23,DCL Outbound-WS Inbound,Hawley IB,527
10/2/2018 11:23,DCL Outbound-WS Inbound,Main and Front OB,527
10/2/2018 11:24,DCL Outbound-WS Inbound,Main and Front OB,527
10/2/2018 11:25,DCL Outbound-WS Inbound,Main and Murray IB,527
10/2/2018 11:25,DCL Outbound-WS Inbound,Main and Murray IB,527
10/2/2018 11:25,DCL Outbound-WS Inbound,Main and Murray IB,527
10/2/2018 11:25,DCL Outbound-WS Inbound,Main and Murray IB,527
10/2/2018 11:25,DCL Outbound-WS Inbound,Main and Murray IB,527
10/2/2018 11:25,DCL Outbound-WS Inbound,Main and Murray IB,527
10/2/2018 11:25,DCL Outbound-WS Inbound,Main and Murray IB,527
10/2/2018 11:25,DCL Outbound-WS Inbound,Main and Murray IB,527
10/2/2018 11:25,DCL Outbound-WS Inbound,Main and Murray IB,527
10/2/2018 11:25,DCL Outbound-WS Inbound,Main and Murray IB,527
10/2/2018 11:25,DCL Outbound-WS Inbound,Main and Murray IB,527
10/2/2018 11:25,DCL Outbound-WS Inbound,Main and Murray IB,527
10/2/2018 11:26,DCL Outbound-WS Inbound,UDC IB,526
10/2/2018 11:26,DCL Outbound-WS Inbound,UDC IB,526
10/2/2018 11:27,DCL Outbound-WS Inbound,UDC IB,526
10/2/2018 11:27,DCL Outbound-WS Inbound,UDC IB,526
10/2/2018 11:27,DCL Outbound-WS Inbound,UDC IB,526
10/2/2018 11:27,DCL Outbound-WS Inbound,Main and Mather,527
10/2/2018 11:27,DCL Outbound-WS Inbound,UDC IB,526
10/2/2018 11:27,DCL Outbound-WS Inbound,Main and Mather,527
10/2/2018 11:27,DCL Outbound-WS Inbound,Main and Mather,527
10/2/2018 11:28,DCL Outbound-WS Inbound,Main and Cedar IB,527
10/2/2018 11:28,DCL Outbound-WS Inbound,UDC IB,526
10/2/2018 11:29,DCL Outbound-WS Inbound,Main and Clarke IB,527
10/2/2018 11:29,DCL Outbound-WS Inbound,Main and Schiller IB,527
10/2/2018 11:29,DCL Outbound-WS Inbound,Main and Schiller IB,527
10/2/2018 11:29,DCL Outbound-WS Inbound,Main and Schiller IB,527
10/2/2018 11:29,DCL Outbound-WS Inbound,Main and Schiller IB,527
10/2/2018 11:29,DCL Outbound-WS Inbound,Main and Schiller IB,527
10/2/2018 11:30,DCL Outbound-WS Inbound,Main and Schiller IB,527
10/2/2018 11:30,DCL Outbound-WS Inbound,Main and Schiller IB,527
10/2/2018 11:30,DCL Outbound-WS Inbound,Main and Schiller IB,527
10/2/2018 11:32,DCL Outbound-WS Inbound,Leroy St and Murray OB,528
10/2/2018 11:32,DCL Outbound-WS Inbound,Main and Helen IB,527
10/2/2018 11:32,DCL Outbound-WS Inbound,Hawley IB,526
10/2/2018 11:34,DCL Outbound-WS Inbound,Floral and Cleveland IB,527
10/2/2018 11:34,DCL Outbound-WS Inbound,Floral and Cleveland IB,527
10/2/2018 11:34,DCL Outbound-WS Inbound,Floral and Cleveland IB,527
10/2/2018 11:35,DCL Outbound-WS Inbound,UDC IB,528
10/2/2018 11:35,DCL Outbound-WS Inbound,UDC IB,528
10/2/2018 11:40,DCL Outbound-WS Inbound,Main and Murray IB,528
10/2/2018 11:40,DCL Outbound-WS Inbound,Main and Murray IB,528
10/2/2018 11:40,DCL Outbound-WS Inbound,Main and Murray IB,528
10/2/2018 11:40,DCL Outbound-WS Inbound,Main and Murray IB,528
10/2/2018 11:41,DCL Outbound-WS Inbound,Academic A,527
10/2/2018 11:42,DCL Outbound-WS Inbound,Main and Cedar IB,528
10/2/2018 11:42,DCL Outbound-WS Inbound,Union,37
10/2/2018 11:42,DCL Outbound-WS Inbound,Union,37
10/2/2018 11:42,DCL Outbound-WS Inbound,Union,37
10/2/2018 11:42,DCL Outbound-WS Inbound,Union,37
10/2/2018 11:42,DCL Outbound-WS Inbound,Union,37
10/2/2018 11:42,DCL Outbound-WS Inbound,Union,37
10/2/2018 11:42,DCL Outbound-WS Inbound,Union,37
10/2/2018 11:42,DCL Outbound-WS Inbound,Union,37
10/2/2018 11:42,DCL Outbound-WS Inbound,Union,37
10/2/2018 11:42,DCL Outbound-WS Inbound,Union,37
10/2/2018 11:42,DCL Outbound-WS Inbound,Union,37
10/2/2018 11:42,DCL Outbound-WS Inbound,Union,37
10/2/2018 11:42,DCL Outbound-WS Inbound,Union,37
10/2/2018 11:42,DCL Outbound-WS Inbound,Union,37
10/2/2018 11:42,DCL Outbound-WS Inbound,Union,37
10/2/2018 11:43,DCL Outbound-WS Inbound,Main and Schiller IB,528
10/2/2018 11:43,DCL Outbound-WS Inbound,Union,37
10/2/2018 11:43,DCL Outbound-WS Inbound,Main and Schiller IB,528
10/2/2018 11:43,DCL Outbound-WS Inbound,Union,37
10/2/2018 11:43,DCL Outbound-WS Inbound,Union,37
10/2/2018 11:43,DCL Outbound-WS Inbound,Union,37
10/2/2018 11:43,DCL Outbound-WS Inbound,Union,527
10/2/2018 11:43,DCL Outbound-WS Inbound,Union,527
10/2/2018 11:43,DCL Outbound-WS Inbound,Union,527
10/2/2018 11:43,DCL Outbound-WS Inbound,Union,527
10/2/2018 11:43,DCL Outbound-WS Inbound,Union,527
10/2/2018 11:43,DCL Outbound-WS Inbound,Union,527
10/2/2018 11:43,DCL Outbound-WS Inbound,Union,527
10/2/2018 11:44,DCL Outbound-WS Inbound,Union,527
10/2/2018 11:44,DCL Outbound-WS Inbound,Union,527
10/2/2018 11:44,DCL Outbound-WS Inbound,Union,527
10/2/2018 11:44,DCL Outbound-WS Inbound,Union,527
10/2/2018 11:44,DCL Outbound-WS Inbound,Union,527
10/2/2018 11:44,DCL Outbound-WS Inbound,Union,527
10/2/2018 11:44,DCL Outbound-WS Inbound,Union,527
10/2/2018 11:44,DCL Outbound-WS Inbound,Union,527
10/2/2018 11:44,DCL Outbound-WS Inbound,Union,527
10/2/2018 11:44,DCL Outbound-WS Inbound,Union,527
10/2/2018 11:44,DCL Outbound-WS Inbound,Union,527
10/2/2018 11:44,DCL Outbound-WS Inbound,Union,527
10/2/2018 11:44,DCL Outbound-WS Inbound,Union,527
10/2/2018 11:44,DCL Outbound-WS Inbound,Union,527
10/2/2018 11:44,DCL Outbound-WS Inbound,Union,527
10/2/2018 11:44,DCL Outbound-WS Inbound,Union,527
10/2/2018 11:44,DCL Outbound-WS Inbound,Union,527
10/2/2018 11:44,DCL Outbound-WS Inbound,Union,527
10/2/2018 11:44,DCL Outbound-WS Inbound,Union,37
10/2/2018 11:44,DCL Outbound-WS Inbound,Union,37
10/2/2018 11:44,DCL Outbound-WS Inbound,Union,37
10/2/2018 11:44,DCL Outbound-WS Inbound,Union,37
10/2/2018 11:44,DCL Outbound-WS Inbound,Union,527
10/2/2018 11:45,DCL Outbound-WS Inbound,Union,37
10/2/2018 11:45,DCL Outbound-WS Inbound,Union,37
10/2/2018 11:45,DCL Outbound-WS Inbound,Union,37
10/2/2018 11:47,DCL Outbound-WS Inbound,Floral and Roberts OB,528
10/2/2018 11:47,DCL Outbound-WS Inbound,Physical Facilities,37
10/2/2018 11:56,DCL Outbound-WS Inbound,Union,889
10/2/2018 11:56,DCL Outbound-WS Inbound,Union,889
10/2/2018 11:56,DCL Outbound-WS Inbound,Union,889
10/2/2018 11:56,DCL Outbound-WS Inbound,Union,889
10/2/2018 11:57,DCL Outbound-WS Inbound,Union,889
10/2/2018 11:57,DCL Outbound-WS Inbound,Union,889
10/2/2018 11:57,DCL Outbound-WS Inbound,Union,889
10/2/2018 11:57,DCL Outbound-WS Inbound,Union,889
10/2/2018 11:57,DCL Outbound-WS Inbound,Union,889
10/2/2018 11:57,DCL Outbound-WS Inbound,Union,889
10/2/2018 11:57,DCL Outbound-WS Inbound,Union,889
10/2/2018 11:59,DCL Outbound-WS Inbound,Union,889
10/2/2018 11:59,DCL Outbound-WS Inbound,Hawley IB,54
10/2/2018 12:00,DCL Outbound-WS Inbound,Main and Front OB,54
10/2/2018 12:02,DCL Outbound-WS Inbound,Main and Murray IB,54
10/2/2018 12:02,DCL Outbound-WS Inbound,Main and Murray IB,54
10/2/2018 12:02,DCL Outbound-WS Inbound,Main and Murray IB,54
10/2/2018 12:02,DCL Outbound-WS Inbound,Main and Murray IB,54
10/2/2018 12:03,DCL Outbound-WS Inbound,Main and Mather,54
10/2/2018 12:03,DCL Outbound-WS Inbound,Main and Mather,54
10/2/2018 12:03,DCL Outbound-WS Inbound,Main and Mather,54
10/2/2018 12:04,DCL Outbound-WS Inbound,UDC IB,37
10/2/2018 12:04,DCL Outbound-WS Inbound,Physical Facilities,526
10/2/2018 12:05,DCL Outbound-WS Inbound,Main and Cedar IB,54
10/2/2018 12:05,DCL Outbound-WS Inbound,Main and Cedar IB,54
10/2/2018 12:05,DCL Outbound-WS Inbound,UDC IB,37
10/2/2018 12:05,DCL Outbound-WS Inbound,Main and Cedar IB,54
10/2/2018 12:06,DCL Outbound-WS Inbound,Main and Clarke IB,54
10/2/2018 12:06,DCL Outbound-WS Inbound,Main and Clarke IB,54
10/2/2018 12:08,DCL Outbound-WS Inbound,Hawley IB,37
10/2/2018 12:08,DCL Outbound-WS Inbound,Hawley IB,37
10/2/2018 12:08,DCL Outbound-WS Inbound,Hawley IB,37
10/2/2018 12:09,DCL Outbound-WS Inbound,Main and Murray IB,37
10/2/2018 12:09,DCL Outbound-WS Inbound,Main and Murray IB,37
10/2/2018 12:11,DCL Outbound-WS Inbound,Main and Cedar IB,37
10/2/2018 12:11,DCL Outbound-WS Inbound,Main and Cedar IB,37
10/2/2018 12:11,DCL Outbound-WS Inbound,Main and Cedar IB,37
10/2/2018 12:11,DCL Outbound-WS Inbound,Main and Cedar IB,37
10/2/2018 12:12,DCL Outbound-WS Inbound,Main and Schiller IB,37
10/2/2018 12:12,DCL Outbound-WS Inbound,Main and Schiller IB,37
10/2/2018 12:12,DCL Outbound-WS Inbound,Main and Schiller IB,37
10/2/2018 12:12,DCL Outbound-WS Inbound,Union,528
10/2/2018 12:12,DCL Outbound-WS Inbound,Union,528
10/2/2018 12:12,DCL Outbound-WS Inbound,Main and Schiller IB,37
10/2/2018 12:13,DCL Outbound-WS Inbound,Main and Schiller IB,37
10/2/2018 12:13,DCL Outbound-WS Inbound,Union,528
10/2/2018 12:13,DCL Outbound-WS Inbound,Union,528
10/2/2018 12:13,DCL Outbound-WS Inbound,Union,528
10/2/2018 12:14,DCL Outbound-WS Inbound,Union,528
10/2/2018 12:15,DCL Outbound-WS Inbound,Union,528
10/2/2018 12:15,DCL Outbound-WS Inbound,Leroy St and Chestnut OB,889
10/2/2018 12:15,DCL Outbound-WS Inbound,Leroy St and Chestnut OB,889
10/2/2018 12:16,DCL Outbound-WS Inbound,Floral and Cleveland IB,37
10/2/2018 12:17,DCL Outbound-WS Inbound,Union,528
10/2/2018 12:18,DCL Outbound-WS Inbound,Floral and Roberts OB,37
10/2/2018 12:20,DCL Outbound-WS Inbound,UDC IB,889
10/2/2018 12:20,DCL Outbound-WS Inbound,UDC IB,889
10/2/2018 12:20,DCL Outbound-WS Inbound,UDC IB,889
10/2/2018 12:20,DCL Outbound-WS Inbound,UDC IB,889
10/2/2018 12:20,DCL Outbound-WS Inbound,UDC IB,889
10/2/2018 12:22,DCL Outbound-WS Inbound,Hawley IB,889
10/2/2018 12:23,DCL Outbound-WS Inbound,Main and Front OB,889
10/2/2018 12:25,DCL Outbound-WS Inbound,Main and Murray IB,889
10/2/2018 12:25,DCL Outbound-WS Inbound,Main and Murray IB,889
10/2/2018 12:26,DCL Outbound-WS Inbound,Main and Mather,889
10/2/2018 12:26,DCL Outbound-WS Inbound,Main and Mather,889
10/2/2018 12:26,DCL Outbound-WS Inbound,Main and Mather,889
10/2/2018 12:27,DCL Outbound-WS Inbound,Main and Cedar IB,889
10/2/2018 12:27,DCL Outbound-WS Inbound,Main and Cedar IB,889
10/2/2018 12:27,DCL Outbound-WS Inbound,Main and Cedar IB,889
10/2/2018 12:27,DCL Outbound-WS Inbound,Main and Cedar IB,889
10/2/2018 12:27,DCL Outbound-WS Inbound,Main and Cedar IB,889
10/2/2018 12:28,DCL Outbound-WS Inbound,Leroy St and Murray IB,526
10/2/2018 12:28,DCL Outbound-WS Inbound,Leroy St and Murray IB,526
10/2/2018 12:28,DCL Outbound-WS Inbound,Leroy St and Murray IB,526
10/2/2018 12:28,DCL Outbound-WS Inbound,Union,527
10/2/2018 12:28,DCL Outbound-WS Inbound,Leroy St and Murray IB,526
10/2/2018 12:28,DCL Outbound-WS Inbound,Main and Clarke IB,889
10/2/2018 12:28,DCL Outbound-WS Inbound,Leroy St and Murray IB,526
10/2/2018 12:28,DCL Outbound-WS Inbound,Leroy St and Murray IB,526
10/2/2018 12:28,DCL Outbound-WS Inbound,Main and Clarke IB,889
10/2/2018 12:28,DCL Outbound-WS Inbound,Leroy St and Murray IB,526
10/2/2018 12:29,DCL Outbound-WS Inbound,Leroy St and Chestnut IB,526
10/2/2018 12:29,DCL Outbound-WS Inbound,Leroy St and Chestnut IB,526
10/2/2018 12:29,DCL Outbound-WS Inbound,Main and Schiller IB,889
10/2/2018 12:29,DCL Outbound-WS Inbound,Main and Schiller IB,889
10/2/2018 12:29,DCL Outbound-WS Inbound,Leroy St and Chestnut IB,526
10/2/2018 12:29,DCL Outbound-WS Inbound,Main and Schiller IB,889
10/2/2018 12:29,DCL Outbound-WS Inbound,Main and Schiller IB,889
10/2/2018 12:29,DCL Outbound-WS Inbound,Main and Schiller IB,889
10/2/2018 12:29,DCL Outbound-WS Inbound,Main and Schiller IB,889
10/2/2018 12:29,DCL Outbound-WS Inbound,Main and Schiller IB,889
10/2/2018 12:29,DCL Outbound-WS Inbound,Main and Schiller IB,889
10/2/2018 12:29,DCL Outbound-WS Inbound,Main and Schiller IB,889
10/2/2018 12:29,DCL Outbound-WS Inbound,Union,527
10/2/2018 12:29,DCL Outbound-WS Inbound,Union,527
10/2/2018 12:30,DCL Outbound-WS Inbound,Main and Schiller IB,889
10/2/2018 12:30,DCL Outbound-WS Inbound,Main and Schiller IB,889
10/2/2018 12:30,DCL Outbound-WS Inbound,Main and Schiller IB,889
10/2/2018 12:30,DCL Outbound-WS Inbound,Union,527
10/2/2018 12:32,DCL Outbound-WS Inbound,Main and Helen IB,889
10/2/2018 12:34,DCL Outbound-WS Inbound,Floral and Cleveland IB,889
10/2/2018 12:34,DCL Outbound-WS Inbound,Floral and Cleveland IB,889
10/2/2018 12:35,DCL Outbound-WS Inbound,Floral and Roberts OB,889
10/2/2018 12:36,DCL Outbound-WS Inbound,Floral and Harrison IB,889
10/2/2018 12:38,DCL Outbound-WS Inbound,Hawley IB,528
10/2/2018 12:38,DCL Outbound-WS Inbound,Hawley IB,528
10/2/2018 12:38,DCL Outbound-WS Inbound,Hawley IB,528
10/2/2018 12:38,DCL Outbound-WS Inbound,Hawley IB,528
10/2/2018 12:40,DCL Outbound-WS Inbound,Main and Front OB,528
10/2/2018 12:40,DCL Outbound-WS Inbound,Main and Front OB,528
10/2/2018 12:40,DCL Outbound-WS Inbound,Main and Front OB,528
10/2/2018 12:40,DCL Outbound-WS Inbound,Main and Murray IB,528
10/2/2018 12:40,DCL Outbound-WS Inbound,Main and Murray IB,528
10/2/2018 12:41,DCL Outbound-WS Inbound,Main and Murray IB,528
10/2/2018 12:41,DCL Outbound-WS Inbound,Main and Murray IB,528
10/2/2018 12:41,DCL Outbound-WS Inbound,Main and Murray IB,528
10/2/2018 12:41,DCL Outbound-WS Inbound,Main and Murray IB,528
10/2/2018 12:41,DCL Outbound-WS Inbound,Main and Murray IB,528
10/2/2018 12:42,DCL Outbound-WS Inbound,Main and Mather,528
10/2/2018 12:42,DCL Outbound-WS Inbound,Main and Mather,528
10/2/2018 12:42,DCL Outbound-WS Inbound,Main and Mather,528
10/2/2018 12:42,DCL Outbound-WS Inbound,Main and Mather,528
10/2/2018 12:42,DCL Outbound-WS Inbound,Main and Mather,528
10/2/2018 12:43,DCL Outbound-WS Inbound,Union,526
10/2/2018 12:43,DCL Outbound-WS Inbound,Union,526
10/2/2018 12:43,DCL Outbound-WS Inbound,Union,526
10/2/2018 12:43,DCL Outbound-WS Inbound,Main and Cedar IB,528
10/2/2018 12:43,DCL Outbound-WS Inbound,Main and Cedar IB,528
10/2/2018 12:43,DCL Outbound-WS Inbound,Union,526
10/2/2018 12:43,DCL Outbound-WS Inbound,Union,526
10/2/2018 12:43,DCL Outbound-WS Inbound,Main and Cedar IB,528
10/2/2018 12:43,DCL Outbound-WS Inbound,Main and Cedar IB,528
10/2/2018 12:43,DCL Outbound-WS Inbound,Union,526
10/2/2018 12:43,DCL Outbound-WS Inbound,Union,526
10/2/2018 12:43,DCL Outbound-WS Inbound,Union,526
10/2/2018 12:43,DCL Outbound-WS Inbound,Union,526
10/2/2018 12:43,DCL Outbound-WS Inbound,Union,526
10/2/2018 12:43,DCL Outbound-WS Inbound,Union,526
10/2/2018 12:43,DCL Outbound-WS Inbound,Union,526
10/2/2018 12:43,DCL Outbound-WS Inbound,Union,526
10/2/2018 12:43,DCL Outbound-WS Inbound,Union,526
10/2/2018 12:43,DCL Outbound-WS Inbound,Main and Clarke OB,528
10/2/2018 12:44,DCL Outbound-WS Inbound,Main and Clarke OB,528
10/2/2018 12:44,DCL Outbound-WS Inbound,Main and Clarke OB,528
10/2/2018 12:44,DCL Outbound-WS Inbound,Main and Clarke OB,528
10/2/2018 12:44,DCL Outbound-WS Inbound,Main and Clarke OB,528
10/2/2018 12:44,DCL Outbound-WS Inbound,Main and Clarke OB,528
10/2/2018 12:44,DCL Outbound-WS Inbound,Main and Clarke OB,528
10/2/2018 12:44,DCL Outbound-WS Inbound,Union,526
10/2/2018 12:45,DCL Outbound-WS Inbound,Main and Schiller IB,528
10/2/2018 12:45,DCL Outbound-WS Inbound,Main and Schiller IB,528
10/2/2018 12:45,DCL Outbound-WS Inbound,Union,526
10/2/2018 12:45,DCL Outbound-WS Inbound,Main and Schiller IB,528
10/2/2018 12:45,DCL Outbound-WS Inbound,Main and Schiller IB,528
10/2/2018 12:45,DCL Outbound-WS Inbound,Main and Schiller IB,528
10/2/2018 12:45,DCL Outbound-WS Inbound,Main and Schiller IB,528
10/2/2018 12:45,DCL Outbound-WS Inbound,Main and Schiller IB,528
10/2/2018 12:45,DCL Outbound-WS Inbound,Main and Schiller IB,528
10/2/2018 12:45,DCL Outbound-WS Inbound,Main and Schiller IB,528
10/2/2018 12:46,DCL Outbound-WS Inbound,UDC IB,527
10/2/2018 12:46,DCL Outbound-WS Inbound,Main and Helen IB,528
10/2/2018 12:46,DCL Outbound-WS Inbound,Main and Helen IB,528
10/2/2018 12:48,DCL Outbound-WS Inbound,UDC IB,527
10/2/2018 12:49,DCL Outbound-WS Inbound,Floral and Main IB,528
10/2/2018 12:49,DCL Outbound-WS Inbound,UDC IB,527
10/2/2018 12:49,DCL Outbound-WS Inbound,UDC IB,527
10/2/2018 12:50,DCL Outbound-WS Inbound,Floral and Cleveland OB,528
10/2/2018 12:50,DCL Outbound-WS Inbound,Floral and Cleveland OB,528
10/2/2018 12:50,DCL Outbound-WS Inbound,Floral and Cleveland OB,528
10/2/2018 12:50,DCL Outbound-WS Inbound,Floral and Cleveland OB,528
10/2/2018 12:52,DCL Outbound-WS Inbound,Floral and St. Charles,528
10/2/2018 12:53,DCL Outbound-WS Inbound,Main and Front OB,527
10/2/2018 12:54,DCL Outbound-WS Inbound,Main and Murray IB,527
10/2/2018 12:54,DCL Outbound-WS Inbound,Main and Murray IB,527
10/2/2018 12:54,DCL Outbound-WS Inbound,Main and Murray IB,527
10/2/2018 12:54,DCL Outbound-WS Inbound,Main and Murray IB,527
10/2/2018 12:54,DCL Outbound-WS Inbound,Main and Murray IB,527
10/2/2018 12:54,DCL Outbound-WS Inbound,Main and Murray IB,527
10/2/2018 12:55,DCL Outbound-WS Inbound,Main and Mather,527
10/2/2018 12:55,DCL Outbound-WS Inbound,Main and Mather,527
10/2/2018 12:55,DCL Outbound-WS Inbound,Main and Mather,527
10/2/2018 12:55,DCL Outbound-WS Inbound,Main and Mather,527
10/2/2018 12:55,DCL Outbound-WS Inbound,Main and Mather,527
10/2/2018 12:56,DCL Outbound-WS Inbound,Main and Cedar IB,527
10/2/2018 12:57,DCL Outbound-WS Inbound,Main and Clarke OB,527
10/2/2018 12:58,DCL Outbound-WS Inbound,Leroy St and Chestnut OB,526
10/2/2018 12:58,DCL Outbound-WS Inbound,Main and Schiller IB,527
10/2/2018 12:58,DCL Outbound-WS Inbound,Main and Schiller IB,527
10/2/2018 12:58,DCL Outbound-WS Inbound,Main and Schiller IB,527
10/2/2018 12:58,DCL Outbound-WS Inbound,Main and Schiller IB,527
10/2/2018 13:01,DCL Outbound-WS Inbound,Main and Crestmont IB,527
10/2/2018 13:05,DCL Outbound-WS Inbound,Floral and Cook,527
10/2/2018 13:10,DCL Outbound-WS Inbound,Main and Murray IB,526
10/2/2018 13:10,DCL Outbound-WS Inbound,Main and Murray IB,526
10/2/2018 13:10,DCL Outbound-WS Inbound,Main and Murray IB,526
10/2/2018 13:10,DCL Outbound-WS Inbound,Main and Murray IB,526
10/2/2018 13:10,DCL Outbound-WS Inbound,Main and Murray IB,526
10/2/2018 13:12,DCL Outbound-WS Inbound,Main and Mather,526
10/2/2018 13:12,DCL Outbound-WS Inbound,Main and Mather,526
10/2/2018 13:12,DCL Outbound-WS Inbound,Main and Mather,526
10/2/2018 13:13,DCL Outbound-WS Inbound,Main and Cedar IB,526
10/2/2018 13:13,DCL Outbound-WS Inbound,Main and Cedar IB,526
10/2/2018 13:13,DCL Outbound-WS Inbound,Main and Cedar IB,526
10/2/2018 13:14,DCL Outbound-WS Inbound,Main and Clarke OB,526
10/2/2018 13:15,DCL Outbound-WS Inbound,Main and Schiller IB,526
10/2/2018 13:15,DCL Outbound-WS Inbound,Union,37
10/2/2018 13:15,DCL Outbound-WS Inbound,Union,37
10/2/2018 13:15,DCL Outbound-WS Inbound,Union,37
10/2/2018 13:16,DCL Outbound-WS Inbound,Union,37
10/2/2018 13:16,DCL Outbound-WS Inbound,Union,37
10/2/2018 13:16,DCL Outbound-WS Inbound,Union,37
10/2/2018 13:16,DCL Outbound-WS Inbound,Union,37
10/2/2018 13:16,DCL Outbound-WS Inbound,Union,37
10/2/2018 13:16,DCL Outbound-WS Inbound,Union,37
10/2/2018 13:16,DCL Outbound-WS Inbound,Union,37
10/2/2018 13:16,DCL Outbound-WS Inbound,Union,37
10/2/2018 13:16,DCL Outbound-WS Inbound,Union,37
10/2/2018 13:16,DCL Outbound-WS Inbound,Union,37
10/2/2018 13:16,DCL Outbound-WS Inbound,Union,37
10/2/2018 13:16,DCL Outbound-WS Inbound,Union,37
10/2/2018 13:16,DCL Outbound-WS Inbound,Union,37
10/2/2018 13:16,DCL Outbound-WS Inbound,Union,37
10/2/2018 13:16,DCL Outbound-WS Inbound,Union,37
10/2/2018 13:16,DCL Outbound-WS Inbound,Union,37
10/2/2018 13:16,DCL Outbound-WS Inbound,Union,37
10/2/2018 13:16,DCL Outbound-WS Inbound,Union,37
10/2/2018 13:16,DCL Outbound-WS Inbound,Union,37
10/2/2018 13:18,DCL Outbound-WS Inbound,Main and Crestmont IB,526
10/2/2018 13:20,DCL Outbound-WS Inbound,Physical Facilities,37
10/2/2018 13:20,DCL Outbound-WS Inbound,Physical Facilities,37
10/2/2018 13:20,DCL Outbound-WS Inbound,Floral and Main IB,526
10/2/2018 13:30,DCL Outbound-WS Inbound,Leroy St and Chestnut OB,37
10/2/2018 13:31,DCL Outbound-WS Inbound,Leroy St and Murray OB,37
10/2/2018 13:37,DCL Outbound-WS Inbound,Hawley IB,37
10/2/2018 13:40,DCL Outbound-WS Inbound,Beethoven and Main,37
10/2/2018 13:41,DCL Outbound-WS Inbound,Main and Schiller IB,37
10/2/2018 13:41,DCL Outbound-WS Inbound,Main and Schiller IB,37
10/2/2018 13:42,DCL Outbound-WS Inbound,Main and Schiller IB,37
10/2/2018 13:42,DCL Outbound-WS Inbound,Main and Schiller IB,37
10/2/2018 13:42,DCL Outbound-WS Inbound,Main and Schiller IB,37
10/2/2018 13:42,DCL Outbound-WS Inbound,Main and Schiller IB,37
10/2/2018 13:44,DCL Outbound-WS Inbound,Union,528
10/2/2018 13:44,DCL Outbound-WS Inbound,Union,528
10/2/2018 13:44,DCL Outbound-WS Inbound,Main and Helen IB,37
10/2/2018 13:45,DCL Outbound-WS Inbound,Union,528
10/2/2018 13:47,DCL Outbound-WS Inbound,Floral and Main IB,37
10/2/2018 13:47,DCL Outbound-WS Inbound,Floral and Main IB,37
10/2/2018 13:47,DCL Outbound-WS Inbound,Physical Facilities,528
10/2/2018 13:49,DCL Outbound-WS Inbound,Floral and Harrison IB,37
10/2/2018 13:57,DCL Outbound-WS Inbound,Leroy St and Murray OB,528
10/2/2018 14:08,DCL Outbound-WS Inbound,Hawley IB,528
10/2/2018 14:08,DCL Outbound-WS Inbound,Hawley IB,528
10/2/2018 14:08,DCL Outbound-WS Inbound,Hawley IB,528
10/2/2018 14:08,DCL Outbound-WS Inbound,Hawley IB,528
10/2/2018 14:08,DCL Outbound-WS Inbound,Hawley IB,528
10/2/2018 14:09,DCL Outbound-WS Inbound,Main and Front OB,528
10/2/2018 14:10,DCL Outbound-WS Inbound,Main and Murray IB,528
10/2/2018 14:10,DCL Outbound-WS Inbound,Main and Murray IB,528
10/2/2018 14:10,DCL Outbound-WS Inbound,Main and Murray IB,528
10/2/2018 14:10,DCL Outbound-WS Inbound,Main and Murray IB,528
10/2/2018 14:10,DCL Outbound-WS Inbound,Main and Murray IB,528
10/2/2018 14:10,DCL Outbound-WS Inbound,Main and Murray IB,528
10/2/2018 14:10,DCL Outbound-WS Inbound,Main and Murray IB,528
10/2/2018 14:10,DCL Outbound-WS Inbound,Main and Murray IB,528
10/2/2018 14:12,DCL Outbound-WS Inbound,Main and Mather,528
10/2/2018 14:12,DCL Outbound-WS Inbound,Main and Mather,528
10/2/2018 14:12,DCL Outbound-WS Inbound,Main and Mather,528
10/2/2018 14:12,DCL Outbound-WS Inbound,Main and Mather,528
10/2/2018 14:13,DCL Outbound-WS Inbound,Main and Cedar IB,528
10/2/2018 14:13,DCL Outbound-WS Inbound,Union,891
10/2/2018 14:13,DCL Outbound-WS Inbound,Union,891
10/2/2018 14:13,DCL Outbound-WS Inbound,Union,891
10/2/2018 14:13,DCL Outbound-WS Inbound,Union,891
10/2/2018 14:13,DCL Outbound-WS Inbound,Union,891
10/2/2018 14:13,DCL Outbound-WS Inbound,Main and Clarke IB,528
10/2/2018 14:13,DCL Outbound-WS Inbound,Main and Clarke IB,528
10/2/2018 14:13,DCL Outbound-WS Inbound,Main and Clarke IB,528
10/2/2018 14:13,DCL Outbound-WS Inbound,Main and Clarke IB,528
10/2/2018 14:14,DCL Outbound-WS Inbound,Union,891
10/2/2018 14:14,DCL Outbound-WS Inbound,Union,891
10/2/2018 14:14,DCL Outbound-WS Inbound,Union,891
10/2/2018 14:14,DCL Outbound-WS Inbound,Union,891
10/2/2018 14:15,DCL Outbound-WS Inbound,Main and Schiller IB,528
10/2/2018 14:15,DCL Outbound-WS Inbound,Main and Schiller IB,528
10/2/2018 14:15,DCL Outbound-WS Inbound,Main and Schiller IB,528
10/2/2018 14:15,DCL Outbound-WS Inbound,Main and Schiller IB,528
10/2/2018 14:15,DCL Outbound-WS Inbound,Main and Schiller IB,528
10/2/2018 14:15,DCL Outbound-WS Inbound,Main and Schiller IB,528
10/2/2018 14:15,DCL Outbound-WS Inbound,Main and Schiller IB,528
10/2/2018 14:15,DCL Outbound-WS Inbound,Main and Schiller IB,528
10/2/2018 14:15,DCL Outbound-WS Inbound,Main and Schiller IB,528
10/2/2018 14:17,DCL Outbound-WS Inbound,Main and Helen IB,528
10/2/2018 14:17,DCL Outbound-WS Inbound,Main and Helen IB,528
10/2/2018 14:17,DCL Outbound-WS Inbound,Main and Helen IB,528
10/2/2018 14:18,DCL Outbound-WS Inbound,Main and Crestmont IB,528
10/2/2018 14:18,DCL Outbound-WS Inbound,Main and Crestmont IB,528
10/2/2018 14:19,DCL Outbound-WS Inbound,Denny's OB,891
10/2/2018 14:19,DCL Outbound-WS Inbound,Denny's OB,891
10/2/2018 14:21,DCL Outbound-WS Inbound,Floral and Cleveland IB,528
10/2/2018 14:21,DCL Outbound-WS Inbound,Floral and Cleveland IB,528
10/2/2018 14:21,DCL Outbound-WS Inbound,Floral and Cleveland IB,528
10/2/2018 14:28,DCL Outbound-WS Inbound,Leroy St and Murray OB,891
10/2/2018 14:33,DCL Outbound-WS Inbound,UDC IB,891
10/2/2018 14:33,DCL Outbound-WS Inbound,UDC IB,891
10/2/2018 14:34,DCL Outbound-WS Inbound,UDC IB,891
10/2/2018 14:37,DCL Outbound-WS Inbound,Hawley IB,891
10/2/2018 14:39,DCL Outbound-WS Inbound,Main and Murray IB,891
10/2/2018 14:39,DCL Outbound-WS Inbound,Main and Murray IB,891
10/2/2018 14:39,DCL Outbound-WS Inbound,Main and Murray IB,891
10/2/2018 14:39,DCL Outbound-WS Inbound,Main and Murray IB,891
10/2/2018 14:39,DCL Outbound-WS Inbound,Main and Murray IB,891
10/2/2018 14:39,DCL Outbound-WS Inbound,Main and Murray IB,891
10/2/2018 14:40,DCL Outbound-WS Inbound,Main and Mather,891
10/2/2018 14:41,DCL Outbound-WS Inbound,Main and Cedar IB,891
10/2/2018 14:41,DCL Outbound-WS Inbound,Main and Cedar IB,891
10/2/2018 14:41,DCL Outbound-WS Inbound,Main and Cedar IB,891
10/2/2018 14:41,DCL Outbound-WS Inbound,Main and Cedar IB,891
10/2/2018 14:42,DCL Outbound-WS Inbound,Main and Clarke IB,891
10/2/2018 14:43,DCL Outbound-WS Inbound,Main and Schiller IB,891
10/2/2018 14:44,DCL Outbound-WS Inbound,Main and Schiller IB,891
10/2/2018 14:44,DCL Outbound-WS Inbound,Main and Schiller IB,891
10/2/2018 14:44,DCL Outbound-WS Inbound,Main and Schiller IB,891
10/2/2018 14:44,DCL Outbound-WS Inbound,Main and Schiller IB,891
10/2/2018 14:46,DCL Outbound-WS Inbound,Main and Crary,891
10/2/2018 14:55,DCL Outbound-WS Inbound,Physical Facilities OB,37
10/2/2018 15:17,DCL Outbound-WS Inbound,Union,526
10/2/2018 15:17,DCL Outbound-WS Inbound,Union,526
10/2/2018 15:17,DCL Outbound-WS Inbound,Union,526
10/2/2018 15:17,DCL Outbound-WS Inbound,Union,526
10/2/2018 15:17,DCL Outbound-WS Inbound,Union,526
10/2/2018 15:17,DCL Outbound-WS Inbound,Union,526
10/2/2018 15:17,DCL Outbound-WS Inbound,Union,526
10/2/2018 15:17,DCL Outbound-WS Inbound,Union,526
10/2/2018 15:17,DCL Outbound-WS Inbound,Union,526
10/2/2018 15:17,DCL Outbound-WS Inbound,Union,526
10/2/2018 15:17,DCL Outbound-WS Inbound,Union,526
10/2/2018 15:17,DCL Outbound-WS Inbound,Union,526
10/2/2018 15:17,DCL Outbound-WS Inbound,Union,526
10/2/2018 15:18,DCL Outbound-WS Inbound,Union,526
10/2/2018 15:18,DCL Outbound-WS Inbound,Union,526
10/2/2018 15:18,DCL Outbound-WS Inbound,Union,526
10/2/2018 15:18,DCL Outbound-WS Inbound,Union,526
10/2/2018 15:18,DCL Outbound-WS Inbound,Union,526
10/2/2018 15:18,DCL Outbound-WS Inbound,Union,526
10/2/2018 15:18,DCL Outbound-WS Inbound,Union,526
10/2/2018 15:18,DCL Outbound-WS Inbound,Union,526
10/2/2018 15:19,DCL Outbound-WS Inbound,Main and Murray IB,37
10/2/2018 15:19,DCL Outbound-WS Inbound,Main and Murray IB,37
10/2/2018 15:20,DCL Outbound-WS Inbound,Main and Mather,37
10/2/2018 15:22,DCL Outbound-WS Inbound,Main and Schiller IB,37
10/2/2018 15:22,DCL Outbound-WS Inbound,Main and Schiller IB,37
10/2/2018 15:22,DCL Outbound-WS Inbound,Main and Schiller IB,37
10/2/2018 15:22,DCL Outbound-WS Inbound,Main and Schiller IB,37
10/2/2018 15:23,DCL Outbound-WS Inbound,Main and Schiller IB,37
10/2/2018 15:27,DCL Outbound-WS Inbound,Floral and Main IB,37
10/2/2018 15:28,DCL Outbound-WS Inbound,Floral and Burbank IB,37
10/2/2018 15:29,DCL Outbound-WS Inbound,Floral and Harrison IB,37
10/2/2018 15:36,DCL Outbound-WS Inbound,Union,37
10/2/2018 15:36,DCL Outbound-WS Inbound,Union,37
10/2/2018 15:36,DCL Outbound-WS Inbound,Union,37
10/2/2018 15:36,DCL Outbound-WS Inbound,Union,37
10/2/2018 15:36,DCL Outbound-WS Inbound,Union,37
10/2/2018 15:39,DCL Outbound-WS Inbound,UDC IB,526
10/2/2018 15:40,DCL Outbound-WS Inbound,Hawley IB,526
10/2/2018 15:41,DCL Outbound-WS Inbound,Hawley IB,526
10/2/2018 15:41,DCL Outbound-WS Inbound,Hawley IB,526
10/2/2018 15:41,DCL Outbound-WS Inbound,Hawley IB,526
10/2/2018 15:41,DCL Outbound-WS Inbound,Hawley IB,526
10/2/2018 15:41,DCL Outbound-WS Inbound,Hawley IB,526
10/2/2018 15:41,DCL Outbound-WS Inbound,Hawley IB,526
10/2/2018 15:42,DCL Outbound-WS Inbound,Main and Murray IB,526
10/2/2018 15:42,DCL Outbound-WS Inbound,Main and Murray IB,526
10/2/2018 15:42,DCL Outbound-WS Inbound,Main and Murray IB,526
10/2/2018 15:43,DCL Outbound-WS Inbound,Union,891
10/2/2018 15:43,DCL Outbound-WS Inbound,Union,891
10/2/2018 15:43,DCL Outbound-WS Inbound,Union,891
10/2/2018 15:43,DCL Outbound-WS Inbound,Union,891
10/2/2018 15:43,DCL Outbound-WS Inbound,Union,891
10/2/2018 15:43,DCL Outbound-WS Inbound,Main and Mather,526
10/2/2018 15:43,DCL Outbound-WS Inbound,Union,891
10/2/2018 15:43,DCL Outbound-WS Inbound,Union,891
10/2/2018 15:43,DCL Outbound-WS Inbound,Main and Mather,526
10/2/2018 15:43,DCL Outbound-WS Inbound,Union,891
10/2/2018 15:43,DCL Outbound-WS Inbound,Union,891
10/2/2018 15:44,DCL Outbound-WS Inbound,Main and Mather,526
10/2/2018 15:44,DCL Outbound-WS Inbound,Main and Mather,526
10/2/2018 15:45,DCL Outbound-WS Inbound,Main and Cedar IB,526
10/2/2018 15:45,DCL Outbound-WS Inbound,Main and Cedar IB,526
10/2/2018 15:45,DCL Outbound-WS Inbound,Main and Cedar IB,526
10/2/2018 15:45,DCL Outbound-WS Inbound,Main and Cedar IB,526
10/2/2018 15:45,DCL Outbound-WS Inbound,Main and Cedar IB,526
10/2/2018 15:45,DCL Outbound-WS Inbound,Main and Cedar IB,526
10/2/2018 15:45,DCL Outbound-WS Inbound,Union,891
10/2/2018 15:46,DCL Outbound-WS Inbound,Main and Clarke IB,526
10/2/2018 15:47,DCL Outbound-WS Inbound,Main and Schiller IB,526
10/2/2018 15:47,DCL Outbound-WS Inbound,Main and Schiller IB,526
10/2/2018 15:47,DCL Outbound-WS Inbound,Main and Schiller IB,526
10/2/2018 15:47,DCL Outbound-WS Inbound,Main and Schiller IB,526
10/2/2018 15:47,DCL Outbound-WS Inbound,Main and Schiller IB,526
10/2/2018 15:47,DCL Outbound-WS Inbound,Main and Schiller IB,526
10/2/2018 15:47,DCL Outbound-WS Inbound,Main and Schiller IB,526
10/2/2018 15:47,DCL Outbound-WS Inbound,Main and Schiller IB,526
10/2/2018 15:47,DCL Outbound-WS Inbound,Main and Schiller IB,526
10/2/2018 15:49,DCL Outbound-WS Inbound,Main and Helen IB,526
10/2/2018 15:51,DCL Outbound-WS Inbound,Floral and Main IB,526
10/2/2018 15:52,DCL Outbound-WS Inbound,Floral and Cleveland IB,526
10/2/2018 15:52,DCL Outbound-WS Inbound,Floral and Cleveland IB,526
10/2/2018 15:52,DCL Outbound-WS Inbound,Floral and Cleveland IB,526
10/2/2018 15:52,DCL Outbound-WS Inbound,Floral and Cleveland IB,526
10/2/2018 15:59,DCL Outbound-WS Inbound,Leroy St and Murray OB,891
10/2/2018 16:03,DCL Outbound-WS Inbound,UDC IB,891
10/2/2018 16:05,DCL Outbound-WS Inbound,UDC IB,891
10/2/2018 16:08,DCL Outbound-WS Inbound,Main and Front OB,891
10/2/2018 16:08,DCL Outbound-WS Inbound,Main and Front OB,891
10/2/2018 16:09,DCL Outbound-WS Inbound,Main and Mather,891
10/2/2018 16:10,DCL Outbound-WS Inbound,Main and Mather,891
10/2/2018 16:11,DCL Outbound-WS Inbound,Main and Clarke IB,891
10/2/2018 16:11,DCL Outbound-WS Inbound,Main and Clarke IB,891
10/2/2018 16:12,DCL Outbound-WS Inbound,Main and Schiller IB,891
10/2/2018 16:12,DCL Outbound-WS Inbound,Main and Schiller IB,891
10/2/2018 16:12,DCL Outbound-WS Inbound,Main and Schiller IB,891
10/2/2018 16:15,DCL Outbound-WS Inbound,Main and Helen IB,891
10/2/2018 16:16,DCL Outbound-WS Inbound,Union,527
10/2/2018 16:16,DCL Outbound-WS Inbound,Union,527
10/2/2018 16:16,DCL Outbound-WS Inbound,Union,527
10/2/2018 16:16,DCL Outbound-WS Inbound,Union,527
10/2/2018 16:16,DCL Outbound-WS Inbound,Union,527
10/2/2018 16:16,DCL Outbound-WS Inbound,Union,527
10/2/2018 16:16,DCL Outbound-WS Inbound,Union,527
10/2/2018 16:16,DCL Outbound-WS Inbound,Union,527
10/2/2018 16:16,DCL Outbound-WS Inbound,Union,527
10/2/2018 16:16,DCL Outbound-WS Inbound,Union,527
10/2/2018 16:16,DCL Outbound-WS Inbound,Union,527
10/2/2018 16:16,DCL Outbound-WS Inbound,Union,527
10/2/2018 16:16,DCL Outbound-WS Inbound,Union,527
10/2/2018 16:16,DCL Outbound-WS Inbound,Union,527
10/2/2018 16:16,DCL Outbound-WS Inbound,Union,527
10/2/2018 16:16,DCL Outbound-WS Inbound,Union,527
10/2/2018 16:16,DCL Outbound-WS Inbound,Union,527
10/2/2018 16:16,DCL Outbound-WS Inbound,Union,527
10/2/2018 16:16,DCL Outbound-WS Inbound,Union,527
10/2/2018 16:17,DCL Outbound-WS Inbound,Union,527
10/2/2018 16:17,DCL Outbound-WS Inbound,Union,527
10/2/2018 16:17,DCL Outbound-WS Inbound,Union,527
10/2/2018 16:17,DCL Outbound-WS Inbound,Union,527
10/2/2018 16:17,DCL Outbound-WS Inbound,Union,527
10/2/2018 16:17,DCL Outbound-WS Inbound,Union,527
10/2/2018 16:17,DCL Outbound-WS Inbound,Union,527
10/2/2018 16:18,DCL Outbound-WS Inbound,Floral and Cleveland IB,891
10/2/2018 16:18,DCL Outbound-WS Inbound,Union,527
10/2/2018 16:18,DCL Outbound-WS Inbound,Union,527
10/2/2018 16:19,DCL Outbound-WS Inbound,Union,527
10/2/2018 16:19,DCL Outbound-WS Inbound,Union,527
10/2/2018 16:19,DCL Outbound-WS Inbound,Union,527
10/2/2018 16:19,DCL Outbound-WS Inbound,Union,527
10/2/2018 16:19,DCL Outbound-WS Inbound,Union,527
10/2/2018 16:19,DCL Outbound-WS Inbound,Union,527
10/2/2018 16:19,DCL Outbound-WS Inbound,Union,527
10/2/2018 16:19,DCL Outbound-WS Inbound,Union,527
10/2/2018 16:19,DCL Outbound-WS Inbound,Union,527
10/2/2018 16:20,DCL Outbound-WS Inbound,Union,527
10/2/2018 16:20,DCL Outbound-WS Inbound,Union,527
10/2/2018 16:20,DCL Outbound-WS Inbound,Union,527
10/2/2018 16:20,DCL Outbound-WS Inbound,Union,527
10/2/2018 16:20,DCL Outbound-WS Inbound,Union,527
10/2/2018 16:21,DCL Outbound-WS Inbound,Union,527
10/2/2018 16:24,DCL Outbound-WS Inbound,Physical Facilities,527
10/2/2018 16:24,DCL Outbound-WS Inbound,Physical Facilities,527
10/2/2018 16:35,DCL Outbound-WS Inbound,Union,528
10/2/2018 16:35,DCL Outbound-WS Inbound,Union,528
10/2/2018 16:35,DCL Outbound-WS Inbound,Union,528
10/2/2018 16:35,DCL Outbound-WS Inbound,Union,528
10/2/2018 16:35,DCL Outbound-WS Inbound,Union,528
10/2/2018 16:35,DCL Outbound-WS Inbound,Union,528
10/2/2018 16:35,DCL Outbound-WS Inbound,Union,528
10/2/2018 16:35,DCL Outbound-WS Inbound,Union,528
10/2/2018 16:35,DCL Outbound-WS Inbound,Union,528
10/2/2018 16:35,DCL Outbound-WS Inbound,Union,528
10/2/2018 16:36,DCL Outbound-WS Inbound,Union,528
10/2/2018 16:37,DCL Outbound-WS Inbound,Union,528
10/2/2018 16:37,DCL Outbound-WS Inbound,Union,528
10/2/2018 16:38,DCL Outbound-WS Inbound,Union,528
10/2/2018 16:38,DCL Outbound-WS Inbound,Union,528
10/2/2018 16:38,DCL Outbound-WS Inbound,Union,528
10/2/2018 16:38,DCL Outbound-WS Inbound,Union,528
10/2/2018 16:38,DCL Outbound-WS Inbound,Union,528
10/2/2018 16:38,DCL Outbound-WS Inbound,Union,528
10/2/2018 16:39,DCL Outbound-WS Inbound,Union,528
10/2/2018 16:40,DCL Outbound-WS Inbound,Union,528
10/2/2018 16:40,DCL Outbound-WS Inbound,Union,528
10/2/2018 16:40,DCL Outbound-WS Inbound,Union,528
10/2/2018 16:40,DCL Outbound-WS Inbound,Union,528
10/2/2018 16:41,DCL Outbound-WS Inbound,Union,528
10/2/2018 16:41,DCL Outbound-WS Inbound,Leroy St and Murray OB,527
10/2/2018 16:43,DCL Outbound-WS Inbound,Union,528
10/2/2018 16:44,DCL Outbound-WS Inbound,Union,528
10/2/2018 16:46,DCL Outbound-WS Inbound,Union,528
10/2/2018 16:46,DCL Outbound-WS Inbound,Union,528
10/2/2018 16:46,DCL Outbound-WS Inbound,Union,528
10/2/2018 16:46,DCL Outbound-WS Inbound,Union,528
10/2/2018 16:46,DCL Outbound-WS Inbound,UDC IB,527
10/2/2018 16:47,DCL Outbound-WS Inbound,UDC IB,527
10/2/2018 16:47,DCL Outbound-WS Inbound,UDC IB,527
10/2/2018 16:47,DCL Outbound-WS Inbound,Union,528
10/2/2018 16:50,DCL Outbound-WS Inbound,Union,528
10/2/2018 16:51,DCL Outbound-WS Inbound,Main and Murray IB,527
10/2/2018 16:51,DCL Outbound-WS Inbound,Main and Murray IB,527
10/2/2018 16:51,DCL Outbound-WS Inbound,Main and Murray IB,527
10/2/2018 16:51,DCL Outbound-WS Inbound,Main and Murray IB,527
10/2/2018 16:51,DCL Outbound-WS Inbound,Main and Murray IB,527
10/2/2018 16:53,DCL Outbound-WS Inbound,Main and Cedar IB,527
10/2/2018 16:53,DCL Outbound-WS Inbound,Main and Cedar IB,527
10/2/2018 16:53,DCL Outbound-WS Inbound,Main and Clarke IB,527
10/2/2018 16:53,DCL Outbound-WS Inbound,Main and Clarke IB,527
10/2/2018 16:54,DCL Outbound-WS Inbound,Main and Schiller IB,527
10/2/2018 17:04,DCL Outbound-WS Inbound,Leroy St and Murray OB,528
10/2/2018 17:08,DCL Outbound-WS Inbound,UDC IB,528
10/2/2018 17:08,DCL Outbound-WS Inbound,UDC IB,528
10/2/2018 17:09,DCL Outbound-WS Inbound,UDC IB,528
10/2/2018 17:09,DCL Outbound-WS Inbound,UDC IB,528
10/2/2018 17:10,DCL Outbound-WS Inbound,Union,54
10/2/2018 17:11,DCL Outbound-WS Inbound,Union,54
10/2/2018 17:11,DCL Outbound-WS Inbound,Union,54
10/2/2018 17:11,DCL Outbound-WS Inbound,Union,54
10/2/2018 17:11,DCL Outbound-WS Inbound,Union,54
10/2/2018 17:12,DCL Outbound-WS Inbound,Union,54
10/2/2018 17:13,DCL Outbound-WS Inbound,Hawley IB,528
10/2/2018 17:13,DCL Outbound-WS Inbound,Hawley IB,528
10/2/2018 17:13,DCL Outbound-WS Inbound,Hawley IB,528
10/2/2018 17:13,DCL Outbound-WS Inbound,Union,54
10/2/2018 17:14,DCL Outbound-WS Inbound,Main and Front OB,528
10/2/2018 17:14,DCL Outbound-WS Inbound,Union,54
10/2/2018 17:15,DCL Outbound-WS Inbound,Union,54
10/2/2018 17:15,DCL Outbound-WS Inbound,Main and Murray IB,528
10/2/2018 17:15,DCL Outbound-WS Inbound,Main and Murray IB,528
10/2/2018 17:15,DCL Outbound-WS Inbound,Main and Murray IB,528
10/2/2018 17:15,DCL Outbound-WS Inbound,Main and Murray IB,528
10/2/2018 17:15,DCL Outbound-WS Inbound,Main and Murray IB,528
10/2/2018 17:15,DCL Outbound-WS Inbound,Main and Murray IB,528
10/2/2018 17:15,DCL Outbound-WS Inbound,Main and Murray IB,528
10/2/2018 17:15,DCL Outbound-WS Inbound,Main and Murray IB,528
10/2/2018 17:15,DCL Outbound-WS Inbound,Main and Murray IB,528
10/2/2018 17:15,DCL Outbound-WS Inbound,Main and Murray IB,528
10/2/2018 17:16,DCL Outbound-WS Inbound,Main and Mather,528
10/2/2018 17:16,DCL Outbound-WS Inbound,Main and Mather,528
10/2/2018 17:16,DCL Outbound-WS Inbound,Main and Mather,528
10/2/2018 17:16,DCL Outbound-WS Inbound,Union,54
10/2/2018 17:17,DCL Outbound-WS Inbound,Union,54
10/2/2018 17:17,DCL Outbound-WS Inbound,Union,54
10/2/2018 17:18,DCL Outbound-WS Inbound,Main and Cedar IB,528
10/2/2018 17:18,DCL Outbound-WS Inbound,Main and Cedar IB,528
10/2/2018 17:18,DCL Outbound-WS Inbound,Main and Cedar IB,528
10/2/2018 17:18,DCL Outbound-WS Inbound,Union,54
10/2/2018 17:18,DCL Outbound-WS Inbound,Main and Clarke IB,528
10/2/2018 17:18,DCL Outbound-WS Inbound,Main and Clarke IB,528
10/2/2018 17:18,DCL Outbound-WS Inbound,Main and Clarke IB,528
10/2/2018 17:18,DCL Outbound-WS Inbound,Union,54
10/2/2018 17:18,DCL Outbound-WS Inbound,Union,54
10/2/2018 17:20,DCL Outbound-WS Inbound,Main and Schiller IB,528
10/2/2018 17:20,DCL Outbound-WS Inbound,Main and Schiller IB,528
10/2/2018 17:22,DCL Outbound-WS Inbound,Physical Facilities,54
10/2/2018 17:22,DCL Outbound-WS Inbound,Physical Facilities,54
10/2/2018 17:22,DCL Outbound-WS Inbound,Physical Facilities,54
10/2/2018 17:22,DCL Outbound-WS Inbound,Main and Helen IB,528
10/2/2018 17:26,DCL Outbound-WS Inbound,Floral and Harrison IB,528
10/2/2018 17:33,DCL Outbound-WS Inbound,Leroy St and Chestnut OB,54
10/2/2018 17:35,DCL Outbound-WS Inbound,Leroy St and Murray OB,54
10/2/2018 17:35,DCL Outbound-WS Inbound,Leroy St and Murray OB,54
10/2/2018 17:39,DCL Outbound-WS Inbound,UDC IB,54
10/2/2018 17:41,DCL Outbound-WS Inbound,UDC IB,54
10/2/2018 17:44,DCL Outbound-WS Inbound,Hawley IB,54
10/2/2018 17:45,DCL Outbound-WS Inbound,Main and Front OB,54
10/2/2018 17:45,DCL Outbound-WS Inbound,Main and Murray IB,54
10/2/2018 17:45,DCL Outbound-WS Inbound,Main and Murray IB,54
10/2/2018 17:46,DCL Outbound-WS Inbound,Main and Murray IB,54
10/2/2018 17:46,DCL Outbound-WS Inbound,Main and Murray IB,54
10/2/2018 17:47,DCL Outbound-WS Inbound,Main and Mather,54
10/2/2018 17:47,DCL Outbound-WS Inbound,Main and Mather,54
10/2/2018 17:47,DCL Outbound-WS Inbound,Main and Mather,54
10/2/2018 17:47,DCL Outbound-WS Inbound,Main and Mather,54
10/2/2018 17:48,DCL Outbound-WS Inbound,Main and Cedar IB,54
10/2/2018 17:48,DCL Outbound-WS Inbound,Main and Cedar IB,54
10/2/2018 17:48,DCL Outbound-WS Inbound,Main and Clarke IB,54
10/2/2018 17:48,DCL Outbound-WS Inbound,Main and Clarke IB,54
10/2/2018 17:48,DCL Outbound-WS Inbound,Main and Clarke IB,54
10/2/2018 17:49,DCL Outbound-WS Inbound,Main and Clarke IB,54
10/2/2018 17:49,DCL Outbound-WS Inbound,Union,526
10/2/2018 17:49,DCL Outbound-WS Inbound,Main and Schiller IB,54
10/2/2018 17:49,DCL Outbound-WS Inbound,Main and Schiller IB,54
10/2/2018 17:49,DCL Outbound-WS Inbound,Union,526
10/2/2018 17:49,DCL Outbound-WS Inbound,Main and Schiller IB,54
10/2/2018 17:50,DCL Outbound-WS Inbound,Main and Schiller IB,54
10/2/2018 17:50,DCL Outbound-WS Inbound,Union,526
10/2/2018 17:50,DCL Outbound-WS Inbound,Union,526
10/2/2018 17:50,DCL Outbound-WS Inbound,Main and Schiller IB,54
10/2/2018 17:50,DCL Outbound-WS Inbound,Union,526
10/2/2018 17:50,DCL Outbound-WS Inbound,Union,526
10/2/2018 17:50,DCL Outbound-WS Inbound,Union,526
10/2/2018 17:50,DCL Outbound-WS Inbound,Union,526
10/2/2018 17:50,DCL Outbound-WS Inbound,Union,526
10/2/2018 17:50,DCL Outbound-WS Inbound,Union,526
10/2/2018 17:50,DCL Outbound-WS Inbound,Union,526
10/2/2018 17:50,DCL Outbound-WS Inbound,Union,526
10/2/2018 17:50,DCL Outbound-WS Inbound,Union,526
10/2/2018 17:50,DCL Outbound-WS Inbound,Union,526
10/2/2018 17:50,DCL Outbound-WS Inbound,Union,526
10/2/2018 17:50,DCL Outbound-WS Inbound,Union,526
10/2/2018 17:50,DCL Outbound-WS Inbound,Union,526
10/2/2018 17:50,DCL Outbound-WS Inbound,Union,526
10/2/2018 17:50,DCL Outbound-WS Inbound,Union,526
10/2/2018 17:50,DCL Outbound-WS Inbound,Union,526
10/2/2018 17:50,DCL Outbound-WS Inbound,Union,526
10/2/2018 17:50,DCL Outbound-WS Inbound,Union,526
10/2/2018 17:50,DCL Outbound-WS Inbound,Union,526
10/2/2018 17:50,DCL Outbound-WS Inbound,Union,526
10/2/2018 17:51,DCL Outbound-WS Inbound,Union,526
10/2/2018 17:51,DCL Outbound-WS Inbound,Union,526
10/2/2018 17:51,DCL Outbound-WS Inbound,Union,526
10/2/2018 17:52,DCL Outbound-WS Inbound,Union,526
10/2/2018 17:52,DCL Outbound-WS Inbound,Union,526
10/2/2018 17:52,DCL Outbound-WS Inbound,Union,526
10/2/2018 17:54,DCL Outbound-WS Inbound,Floral and Cleveland IB,54
10/2/2018 17:54,DCL Outbound-WS Inbound,Floral and Cleveland IB,54
10/2/2018 17:55,DCL Outbound-WS Inbound,Physical Facilities,526
10/2/2018 17:55,DCL Outbound-WS Inbound,Physical Facilities,526
10/2/2018 17:55,DCL Outbound-WS Inbound,Physical Facilities,526
10/2/2018 17:55,DCL Outbound-WS Inbound,Physical Facilities,526
10/2/2018 18:06,DCL Outbound-WS Inbound,Leroy St and Chestnut OB,526
10/2/2018 18:11,DCL Outbound-WS Inbound,UDC IB,526
10/2/2018 18:11,DCL Outbound-WS Inbound,UDC IB,526
10/2/2018 18:11,DCL Outbound-WS Inbound,UDC IB,526
10/2/2018 18:12,DCL Outbound-WS Inbound,Union,37
10/2/2018 18:12,DCL Outbound-WS Inbound,Union,37
10/2/2018 18:12,DCL Outbound-WS Inbound,Union,37
10/2/2018 18:12,DCL Outbound-WS Inbound,Union,37
10/2/2018 18:12,DCL Outbound-WS Inbound,Union,37
10/2/2018 18:12,DCL Outbound-WS Inbound,Union,37
10/2/2018 18:12,DCL Outbound-WS Inbound,Union,37
10/2/2018 18:12,DCL Outbound-WS Inbound,Union,37
10/2/2018 18:12,DCL Outbound-WS Inbound,Union,37
10/2/2018 18:12,DCL Outbound-WS Inbound,Union,37
10/2/2018 18:12,DCL Outbound-WS Inbound,Union,37
10/2/2018 18:12,DCL Outbound-WS Inbound,Union,37
10/2/2018 18:12,DCL Outbound-WS Inbound,Union,37
10/2/2018 18:12,DCL Outbound-WS Inbound,Union,37
10/2/2018 18:12,DCL Outbound-WS Inbound,Union,37
10/2/2018 18:12,DCL Outbound-WS Inbound,Union,37
10/2/2018 18:12,DCL Outbound-WS Inbound,Union,37
10/2/2018 18:12,DCL Outbound-WS Inbound,Union,37
10/2/2018 18:12,DCL Outbound-WS Inbound,Union,37
10/2/2018 18:12,DCL Outbound-WS Inbound,Union,37
10/2/2018 18:13,DCL Outbound-WS Inbound,Union,37
10/2/2018 18:13,DCL Outbound-WS Inbound,Union,37
10/2/2018 18:13,DCL Outbound-WS Inbound,Union,37
10/2/2018 18:13,DCL Outbound-WS Inbound,Union,37
10/2/2018 18:13,DCL Outbound-WS Inbound,Union,37
10/2/2018 18:13,DCL Outbound-WS Inbound,Union,37
10/2/2018 18:13,DCL Outbound-WS Inbound,Union,37
10/2/2018 18:13,DCL Outbound-WS Inbound,Union,37
10/2/2018 18:13,DCL Outbound-WS Inbound,Union,37
10/2/2018 18:13,DCL Outbound-WS Inbound,Union,37
10/2/2018 18:13,DCL Outbound-WS Inbound,Union,37
10/2/2018 18:13,DCL Outbound-WS Inbound,Union,37
10/2/2018 18:14,DCL Outbound-WS Inbound,Union,37
10/2/2018 18:14,DCL Outbound-WS Inbound,Union,37
10/2/2018 18:14,DCL Outbound-WS Inbound,Hawley IB,526
10/2/2018 18:14,DCL Outbound-WS Inbound,Hawley IB,526
10/2/2018 18:14,DCL Outbound-WS Inbound,Union,37
10/2/2018 18:15,DCL Outbound-WS Inbound,Union,37
10/2/2018 18:15,DCL Outbound-WS Inbound,Union,37
10/2/2018 18:15,DCL Outbound-WS Inbound,Union,37
10/2/2018 18:15,DCL Outbound-WS Inbound,Main and Murray IB,526
10/2/2018 18:16,DCL Outbound-WS Inbound,Union,37
10/2/2018 18:16,DCL Outbound-WS Inbound,Union,37
10/2/2018 18:16,DCL Outbound-WS Inbound,Union,37
10/2/2018 18:16,DCL Outbound-WS Inbound,Union,37
10/2/2018 18:17,DCL Outbound-WS Inbound,Union,37
10/2/2018 18:17,DCL Outbound-WS Inbound,Union,37
10/2/2018 18:17,DCL Outbound-WS Inbound,Main and Mather,526
10/2/2018 18:18,DCL Outbound-WS Inbound,Union,37
10/2/2018 18:18,DCL Outbound-WS Inbound,Union,37
10/2/2018 18:18,DCL Outbound-WS Inbound,Union,37
10/2/2018 18:18,DCL Outbound-WS Inbound,Union,37
10/2/2018 18:18,DCL Outbound-WS Inbound,Main and Clarke IB,526
10/2/2018 18:19,DCL Outbound-WS Inbound,Union,37
10/2/2018 18:19,DCL Outbound-WS Inbound,Union,37
10/2/2018 18:19,DCL Outbound-WS Inbound,Union,37
10/2/2018 18:19,DCL Outbound-WS Inbound,Main and Schiller IB,526
10/2/2018 18:19,DCL Outbound-WS Inbound,Main and Schiller IB,526
10/2/2018 18:19,DCL Outbound-WS Inbound,Main and Schiller IB,526
10/2/2018 18:22,DCL Outbound-WS Inbound,Physical Facilities,37
10/2/2018 18:32,DCL Outbound-WS Inbound,Leroy St and Chestnut OB,37
10/2/2018 18:42,DCL Outbound-WS Inbound,Hawley IB,37
10/2/2018 18:44,DCL Outbound-WS Inbound,Main and Murray IB,37
10/2/2018 18:45,DCL Outbound-WS Inbound,Main and Mather,37
10/2/2018 18:45,DCL Outbound-WS Inbound,Main and Mather,37
10/2/2018 18:46,DCL Outbound-WS Inbound,Main and Cedar IB,37
10/2/2018 18:47,DCL Outbound-WS Inbound,Main and Schiller IB,37
10/2/2018 18:48,DCL Outbound-WS Inbound,Main and Helen IB,37
10/2/2018 18:48,DCL Outbound-WS Inbound,Main and Helen IB,37
10/2/2018 19:08,DCL Outbound-WS Inbound,UDC IB,889
10/2/2018 19:08,DCL Outbound-WS Inbound,UDC IB,889
10/2/2018 19:08,DCL Outbound-WS Inbound,UDC IB,889
10/2/2018 19:13,DCL Outbound-WS Inbound,Hawley IB,889
10/2/2018 19:13,DCL Outbound-WS Inbound,Hawley IB,889
10/2/2018 19:14,DCL Outbound-WS Inbound,Union,891
10/2/2018 19:14,DCL Outbound-WS Inbound,Union,891
10/2/2018 19:14,DCL Outbound-WS Inbound,Union,891
10/2/2018 19:15,DCL Outbound-WS Inbound,Union,891
10/2/2018 19:15,DCL Outbound-WS Inbound,Union,891
10/2/2018 19:15,DCL Outbound-WS Inbound,Union,891
10/2/2018 19:15,DCL Outbound-WS Inbound,Union,891
10/2/2018 19:15,DCL Outbound-WS Inbound,Union,891
10/2/2018 19:15,DCL Outbound-WS Inbound,Union,891
10/2/2018 19:15,DCL Outbound-WS Inbound,Union,891
10/2/2018 19:15,DCL Outbound-WS Inbound,Union,891
10/2/2018 19:15,DCL Outbound-WS Inbound,Union,891
10/2/2018 19:15,DCL Outbound-WS Inbound,Union,891
10/2/2018 19:15,DCL Outbound-WS Inbound,Union,891
10/2/2018 19:16,DCL Outbound-WS Inbound,Main and Mather,889
10/2/2018 19:16,DCL Outbound-WS Inbound,Main and Mather,889
10/2/2018 19:16,DCL Outbound-WS Inbound,Main and Mather,889
10/2/2018 19:19,DCL Outbound-WS Inbound,Physical Facilities,891
10/2/2018 19:20,DCL Outbound-WS Inbound,Denny''s,891
10/2/2018 19:20,DCL Outbound-WS Inbound,Denny''s,891
10/2/2018 19:20,DCL Outbound-WS Inbound,Denny''s,891
10/2/2018 19:20,DCL Outbound-WS Inbound,Denny''s,891
10/2/2018 19:20,DCL Outbound-WS Inbound,Floral and Main IB,889
10/2/2018 19:20,DCL Outbound-WS Inbound,Floral and Main IB,889
10/2/2018 19:21,DCL Outbound-WS Inbound,Floral and Main IB,889
10/2/2018 19:21,DCL Outbound-WS Inbound,Floral and Cleveland IB,889
10/2/2018 19:21,DCL Outbound-WS Inbound,Floral and Cleveland IB,889
10/2/2018 19:21,DCL Outbound-WS Inbound,Floral and Cleveland IB,889
10/2/2018 19:23,DCL Outbound-WS Inbound,Floral and Roberts OB,889
10/2/2018 19:34,DCL Outbound-WS Inbound,Union,528
10/2/2018 19:34,DCL Outbound-WS Inbound,Union,528
10/2/2018 19:34,DCL Outbound-WS Inbound,Union,528
10/2/2018 19:34,DCL Outbound-WS Inbound,Union,528
10/2/2018 19:34,DCL Outbound-WS Inbound,Union,528
10/2/2018 19:34,DCL Outbound-WS Inbound,Union,528
10/2/2018 19:34,DCL Outbound-WS Inbound,Union,528
10/2/2018 19:34,DCL Outbound-WS Inbound,Union,528
10/2/2018 19:34,DCL Outbound-WS Inbound,Union,528
10/2/2018 19:34,DCL Outbound-WS Inbound,Union,528
10/2/2018 19:34,DCL Outbound-WS Inbound,Union,528
10/2/2018 19:34,DCL Outbound-WS Inbound,Union,528
10/2/2018 19:34,DCL Outbound-WS Inbound,Union,528
10/2/2018 19:34,DCL Outbound-WS Inbound,Union,528
10/2/2018 19:35,DCL Outbound-WS Inbound,Union,528
10/2/2018 19:35,DCL Outbound-WS Inbound,Union,528
10/2/2018 19:35,DCL Outbound-WS Inbound,Union,528
10/2/2018 19:35,DCL Outbound-WS Inbound,Union,528
10/2/2018 19:35,DCL Outbound-WS Inbound,Union,528
10/2/2018 19:35,DCL Outbound-WS Inbound,Union,528
10/2/2018 19:35,DCL Outbound-WS Inbound,Union,528
10/2/2018 19:35,DCL Outbound-WS Inbound,Union,528
10/2/2018 19:35,DCL Outbound-WS Inbound,Union,528
10/2/2018 19:35,DCL Outbound-WS Inbound,Union,528
10/2/2018 19:35,DCL Outbound-WS Inbound,Union,528
10/2/2018 19:35,DCL Outbound-WS Inbound,Union,528
10/2/2018 19:36,DCL Outbound-WS Inbound,UDC IB,891
10/2/2018 19:36,DCL Outbound-WS Inbound,Union,528
10/2/2018 19:37,DCL Outbound-WS Inbound,Union,528
10/2/2018 19:39,DCL Outbound-WS Inbound,Union,528
10/2/2018 19:39,DCL Outbound-WS Inbound,Union,528
10/2/2018 19:40,DCL Outbound-WS Inbound,Main and Murray IB,891
10/2/2018 19:40,DCL Outbound-WS Inbound,Main and Murray IB,891
10/2/2018 19:40,DCL Outbound-WS Inbound,Main and Murray IB,891
10/2/2018 19:41,DCL Outbound-WS Inbound,Union,528
10/2/2018 19:42,DCL Outbound-WS Inbound,Main and Mather,891
10/2/2018 19:42,DCL Outbound-WS Inbound,Main and Mather,891
10/2/2018 19:42,DCL Outbound-WS Inbound,Union,528
10/2/2018 19:42,DCL Outbound-WS Inbound,Union,528
10/2/2018 19:42,DCL Outbound-WS Inbound,Main and Cedar IB,891
10/2/2018 19:43,DCL Outbound-WS Inbound,Union,528
10/2/2018 19:43,DCL Outbound-WS Inbound,Union,528
10/2/2018 19:43,DCL Outbound-WS Inbound,Union,528
10/2/2018 19:43,DCL Outbound-WS Inbound,Union,528
10/2/2018 19:43,DCL Outbound-WS Inbound,Union,528
10/2/2018 19:43,DCL Outbound-WS Inbound,Main and Clarke IB,891
10/2/2018 19:44,DCL Outbound-WS Inbound,Union,528
