Start Date:10/26/2018 7:00 AM End Date:10/26/2018 8:00 PM,,,
DateTime,CorridorName,StopName,VehicleID
10/26/2018 7:22,DCL Outbound-WS Inbound,Main and Front OB,889
10/26/2018 7:23,DCL Outbound-WS Inbound,Main and Murray IB,889
10/26/2018 7:23,DCL Outbound-WS Inbound,Main and Murray IB,889
10/26/2018 7:23,DCL Outbound-WS Inbound,Main and Murray IB,889
10/26/2018 7:24,DCL Outbound-WS Inbound,Main and Mather,889
10/26/2018 7:24,DCL Outbound-WS Inbound,Main and Cedar IB,889
10/26/2018 7:25,DCL Outbound-WS Inbound,Main and Clarke IB,889
10/26/2018 7:26,DCL Outbound-WS Inbound,Main and Schiller IB,889
10/26/2018 7:26,DCL Outbound-WS Inbound,Main and Schiller IB,889
10/26/2018 7:26,DCL Outbound-WS Inbound,Riverside and Beethoven OB,21
10/26/2018 7:26,DCL Outbound-WS Inbound,Main and Schiller IB,889
10/26/2018 7:26,DCL Outbound-WS Inbound,Main and Schiller IB,889
10/26/2018 7:29,DCL Outbound-WS Inbound,Leroy St and Chestnut OB,21
10/26/2018 7:29,DCL Outbound-WS Inbound,Floral and Main IB,889
10/26/2018 7:29,DCL Outbound-WS Inbound,Floral and Main IB,889
10/26/2018 7:30,DCL Outbound-WS Inbound,UDC IB,55
10/26/2018 7:30,DCL Outbound-WS Inbound,Floral and Cleveland IB,889
10/26/2018 7:30,DCL Outbound-WS Inbound,Floral and Cleveland IB,889
10/26/2018 7:30,DCL Outbound-WS Inbound,Floral and Cleveland IB,889
10/26/2018 7:31,DCL Outbound-WS Inbound,Floral and Burbank IB,889
10/26/2018 7:31,DCL Outbound-WS Inbound,Floral and Burbank IB,889
10/26/2018 7:32,DCL Outbound-WS Inbound,Main and Front OB,55
10/26/2018 7:33,DCL Outbound-WS Inbound,Main and Murray IB,55
10/26/2018 7:34,DCL Outbound-WS Inbound,UDC IB,21
10/26/2018 7:35,DCL Outbound-WS Inbound,Main and Clarke IB,55
10/26/2018 7:36,DCL Outbound-WS Inbound,Main and Schiller IB,55
10/26/2018 7:36,DCL Outbound-WS Inbound,Main and Schiller IB,55
10/26/2018 7:36,DCL Outbound-WS Inbound,Main and Schiller IB,55
10/26/2018 7:38,DCL Outbound-WS Inbound,Hawley IB,21
10/26/2018 7:40,DCL Outbound-WS Inbound,Main and Murray IB,21
10/26/2018 7:40,DCL Outbound-WS Inbound,Main and Murray IB,21
10/26/2018 7:40,DCL Outbound-WS Inbound,Main and Murray IB,21
10/26/2018 7:40,DCL Outbound-WS Inbound,Main and Murray IB,21
10/26/2018 7:40,DCL Outbound-WS Inbound,Main and Murray IB,21
10/26/2018 7:41,DCL Outbound-WS Inbound,Main and Mather,21
10/26/2018 7:41,DCL Outbound-WS Inbound,Main and Mather,21
10/26/2018 7:41,DCL Outbound-WS Inbound,Main and Mather,21
10/26/2018 7:43,DCL Outbound-WS Inbound,Main and Clarke IB,21
10/26/2018 7:43,DCL Outbound-WS Inbound,Main and Clarke IB,21
10/26/2018 7:44,DCL Outbound-WS Inbound,Main and Schiller IB,21
10/26/2018 7:44,DCL Outbound-WS Inbound,Main and Schiller IB,21
10/26/2018 7:45,DCL Outbound-WS Inbound,Main and Crary,21
10/26/2018 7:47,DCL Outbound-WS Inbound,Floral and Cleveland IB,21
10/26/2018 7:47,DCL Outbound-WS Inbound,Floral and Cleveland IB,21
10/26/2018 7:47,DCL Outbound-WS Inbound,Hawley IB,787
10/26/2018 7:47,DCL Outbound-WS Inbound,Hawley IB,787
10/26/2018 7:48,DCL Outbound-WS Inbound,Main and Front OB,787
10/26/2018 7:49,DCL Outbound-WS Inbound,Main and Murray IB,787
10/26/2018 7:49,DCL Outbound-WS Inbound,Main and Murray IB,787
10/26/2018 7:50,DCL Outbound-WS Inbound,Main and Mather,787
10/26/2018 7:51,DCL Outbound-WS Inbound,Main and Cedar IB,787
10/26/2018 7:51,DCL Outbound-WS Inbound,Main and Cedar IB,787
10/26/2018 7:51,DCL Outbound-WS Inbound,Main and Cedar IB,787
10/26/2018 7:52,DCL Outbound-WS Inbound,Main and Clarke IB,787
10/26/2018 7:52,DCL Outbound-WS Inbound,Main and Clarke IB,787
10/26/2018 7:52,DCL Outbound-WS Inbound,Main and Clarke IB,787
10/26/2018 7:52,DCL Outbound-WS Inbound,Main and Clarke IB,787
10/26/2018 7:53,DCL Outbound-WS Inbound,Main and Schiller IB,787
10/26/2018 7:53,DCL Outbound-WS Inbound,Main and Schiller IB,787
10/26/2018 7:53,DCL Outbound-WS Inbound,Main and Schiller IB,787
10/26/2018 7:53,DCL Outbound-WS Inbound,Main and Schiller IB,787
10/26/2018 7:53,DCL Outbound-WS Inbound,Main and Schiller IB,787
10/26/2018 7:58,DCL Outbound-WS Inbound,Floral and Burbank IB,787
10/26/2018 7:58,DCL Outbound-WS Inbound,Floral and Willow IB,787
10/26/2018 7:58,DCL Outbound-WS Inbound,Floral and Willow IB,787
10/26/2018 7:59,DCL Outbound-WS Inbound,Leroy St and Chestnut OB,526
10/26/2018 8:05,DCL Outbound-WS Inbound,Main and Cedar IB,55
10/26/2018 8:05,DCL Outbound-WS Inbound,Main and Cedar IB,55
10/26/2018 8:05,DCL Outbound-WS Inbound,Main and Cedar IB,55
10/26/2018 8:06,DCL Outbound-WS Inbound,UDC IB,526
10/26/2018 8:06,DCL Outbound-WS Inbound,UDC IB,526
10/26/2018 8:07,DCL Outbound-WS Inbound,Main and Schiller IB,55
10/26/2018 8:07,DCL Outbound-WS Inbound,Main and Schiller IB,55
10/26/2018 8:09,DCL Outbound-WS Inbound,Main and Front OB,526
10/26/2018 8:09,DCL Outbound-WS Inbound,Main and Crary,55
10/26/2018 8:10,DCL Outbound-WS Inbound,Main and Murray IB,526
10/26/2018 8:10,DCL Outbound-WS Inbound,Main and Murray IB,526
10/26/2018 8:10,DCL Outbound-WS Inbound,Main and Murray IB,526
10/26/2018 8:10,DCL Outbound-WS Inbound,Main and Murray IB,526
10/26/2018 8:10,DCL Outbound-WS Inbound,Main and Murray IB,526
10/26/2018 8:10,DCL Outbound-WS Inbound,Main and Murray IB,526
10/26/2018 8:11,DCL Outbound-WS Inbound,Main and Mather,526
10/26/2018 8:11,DCL Outbound-WS Inbound,Main and Mather,526
10/26/2018 8:11,DCL Outbound-WS Inbound,Floral and Cleveland IB,55
10/26/2018 8:11,DCL Outbound-WS Inbound,Main and Mather,526
10/26/2018 8:11,DCL Outbound-WS Inbound,Floral and Burbank IB,55
10/26/2018 8:12,DCL Outbound-WS Inbound,Main and Clarke OB,526
10/26/2018 8:12,DCL Outbound-WS Inbound,Main and Clarke OB,526
10/26/2018 8:12,DCL Outbound-WS Inbound,Main and Clarke OB,526
10/26/2018 8:12,DCL Outbound-WS Inbound,Main and Clarke OB,526
10/26/2018 8:12,DCL Outbound-WS Inbound,Main and Clarke OB,526
10/26/2018 8:12,DCL Outbound-WS Inbound,Main and Clarke OB,526
10/26/2018 8:13,DCL Outbound-WS Inbound,Floral and Harrison IB,55
10/26/2018 8:13,DCL Outbound-WS Inbound,Main and Schiller IB,526
10/26/2018 8:13,DCL Outbound-WS Inbound,Main and Schiller IB,526
10/26/2018 8:13,DCL Outbound-WS Inbound,Main and Schiller IB,526
10/26/2018 8:13,DCL Outbound-WS Inbound,Main and Schiller IB,526
10/26/2018 8:13,DCL Outbound-WS Inbound,Main and Schiller IB,526
10/26/2018 8:15,DCL Outbound-WS Inbound,Main and Helen IB,526
10/26/2018 8:25,DCL Outbound-WS Inbound,Union,55
10/26/2018 8:26,DCL Outbound-WS Inbound,Mohawk,526
10/26/2018 8:28,DCL Outbound-WS Inbound,Leroy St and Murray OB,37
10/26/2018 8:35,DCL Outbound-WS Inbound,UDC IB,37
10/26/2018 8:36,DCL Outbound-WS Inbound,UDC IB,37
10/26/2018 8:38,DCL Outbound-WS Inbound,Hawley IB,37
10/26/2018 8:38,DCL Outbound-WS Inbound,Hawley IB,37
10/26/2018 8:39,DCL Outbound-WS Inbound,Main and Front OB,37
10/26/2018 8:39,DCL Outbound-WS Inbound,Main and Front OB,37
10/26/2018 8:40,DCL Outbound-WS Inbound,Main and Murray IB,37
10/26/2018 8:40,DCL Outbound-WS Inbound,Main and Murray IB,37
10/26/2018 8:42,DCL Outbound-WS Inbound,Main and Mather,37
10/26/2018 8:42,DCL Outbound-WS Inbound,Main and Cedar IB,37
10/26/2018 8:43,DCL Outbound-WS Inbound,Main and Clarke IB,37
10/26/2018 8:43,DCL Outbound-WS Inbound,Main and Clarke IB,37
10/26/2018 8:43,DCL Outbound-WS Inbound,Main and Clarke IB,37
10/26/2018 8:44,DCL Outbound-WS Inbound,Main and Schiller IB,37
10/26/2018 8:44,DCL Outbound-WS Inbound,Main and Schiller IB,37
10/26/2018 8:44,DCL Outbound-WS Inbound,Main and Schiller IB,37
10/26/2018 8:44,DCL Outbound-WS Inbound,Main and Schiller IB,37
10/26/2018 8:44,DCL Outbound-WS Inbound,Main and Schiller IB,37
10/26/2018 8:45,DCL Outbound-WS Inbound,Main and Helen IB,37
10/26/2018 8:51,DCL Outbound-WS Inbound,Main and Clarke IB,21
10/26/2018 8:54,DCL Outbound-WS Inbound,Main and Helen IB,21
10/26/2018 8:56,DCL Outbound-WS Inbound,Floral and Burbank IB,21
10/26/2018 8:56,DCL Outbound-WS Inbound,Floral and Willow IB,21
10/26/2018 8:58,DCL Outbound-WS Inbound,Leroy St and Murray OB,526
10/26/2018 9:00,DCL Outbound-WS Inbound,UDC IB,787
10/26/2018 9:01,DCL Outbound-WS Inbound,UDC IB,787
10/26/2018 9:02,DCL Outbound-WS Inbound,Hawley IB,787
10/26/2018 9:03,DCL Outbound-WS Inbound,Hawley IB,787
10/26/2018 9:04,DCL Outbound-WS Inbound,Main and Front OB,787
10/26/2018 9:04,DCL Outbound-WS Inbound,Main and Front OB,787
10/26/2018 9:04,DCL Outbound-WS Inbound,Main and Front OB,787
10/26/2018 9:04,DCL Outbound-WS Inbound,UDC IB,526
10/26/2018 9:05,DCL Outbound-WS Inbound,UDC IB,526
10/26/2018 9:05,DCL Outbound-WS Inbound,Main and Murray IB,787
10/26/2018 9:05,DCL Outbound-WS Inbound,Main and Murray IB,787
10/26/2018 9:05,DCL Outbound-WS Inbound,Main and Murray IB,787
10/26/2018 9:05,DCL Outbound-WS Inbound,Main and Murray IB,787
10/26/2018 9:05,DCL Outbound-WS Inbound,Main and Murray IB,787
10/26/2018 9:06,DCL Outbound-WS Inbound,UDC IB,526
10/26/2018 9:06,DCL Outbound-WS Inbound,Main and Mather,787
10/26/2018 9:07,DCL Outbound-WS Inbound,Main and Mather,787
10/26/2018 9:07,DCL Outbound-WS Inbound,Main and Mather,787
10/26/2018 9:07,DCL Outbound-WS Inbound,Main and Cedar IB,787
10/26/2018 9:08,DCL Outbound-WS Inbound,Hawley IB,526
10/26/2018 9:08,DCL Outbound-WS Inbound,Hawley IB,526
10/26/2018 9:08,DCL Outbound-WS Inbound,Hawley IB,526
10/26/2018 9:09,DCL Outbound-WS Inbound,Main and Schiller IB,787
10/26/2018 9:09,DCL Outbound-WS Inbound,Main and Schiller IB,787
10/26/2018 9:09,DCL Outbound-WS Inbound,Main and Schiller IB,787
10/26/2018 9:09,DCL Outbound-WS Inbound,Main and Front OB,526
10/26/2018 9:09,DCL Outbound-WS Inbound,Main and Schiller IB,787
10/26/2018 9:10,DCL Outbound-WS Inbound,Main and Murray IB,526
10/26/2018 9:10,DCL Outbound-WS Inbound,Main and Murray IB,526
10/26/2018 9:10,DCL Outbound-WS Inbound,Main and Murray IB,526
10/26/2018 9:10,DCL Outbound-WS Inbound,Main and Murray IB,526
10/26/2018 9:10,DCL Outbound-WS Inbound,Main and Murray IB,526
10/26/2018 9:10,DCL Outbound-WS Inbound,Main and Murray IB,526
10/26/2018 9:10,DCL Outbound-WS Inbound,Main and Murray IB,526
10/26/2018 9:10,DCL Outbound-WS Inbound,Main and Murray IB,526
10/26/2018 9:10,DCL Outbound-WS Inbound,Main and Murray IB,526
10/26/2018 9:11,DCL Outbound-WS Inbound,Floral and Main IB,787
10/26/2018 9:11,DCL Outbound-WS Inbound,UDC IB,37
10/26/2018 9:12,DCL Outbound-WS Inbound,Floral and Cleveland IB,787
10/26/2018 9:12,DCL Outbound-WS Inbound,Floral and Cleveland IB,787
10/26/2018 9:12,DCL Outbound-WS Inbound,Main and Cedar IB,526
10/26/2018 9:13,DCL Outbound-WS Inbound,Main and Cedar IB,526
10/26/2018 9:13,DCL Outbound-WS Inbound,Main and Clarke IB,526
10/26/2018 9:14,DCL Outbound-WS Inbound,Floral and Cook,787
10/26/2018 9:14,DCL Outbound-WS Inbound,Main and Schiller IB,526
10/26/2018 9:14,DCL Outbound-WS Inbound,Main and Schiller IB,526
10/26/2018 9:14,DCL Outbound-WS Inbound,Union,42
10/26/2018 9:14,DCL Outbound-WS Inbound,Main and Schiller IB,526
10/26/2018 9:14,DCL Outbound-WS Inbound,Main and Schiller IB,526
10/26/2018 9:14,DCL Outbound-WS Inbound,Main and Schiller IB,526
10/26/2018 9:14,DCL Outbound-WS Inbound,Main and Schiller IB,526
10/26/2018 9:16,DCL Outbound-WS Inbound,Main and Crary,526
10/26/2018 9:17,DCL Outbound-WS Inbound,Hawley IB,37
10/26/2018 9:17,DCL Outbound-WS Inbound,Hawley IB,37
10/26/2018 9:17,DCL Outbound-WS Inbound,Main and Front OB,37
10/26/2018 9:17,DCL Outbound-WS Inbound,Main and Front OB,37
10/26/2018 9:18,DCL Outbound-WS Inbound,Floral and Cleveland IB,526
10/26/2018 9:18,DCL Outbound-WS Inbound,Main and Murray IB,37
10/26/2018 9:18,DCL Outbound-WS Inbound,Main and Murray IB,37
10/26/2018 9:18,DCL Outbound-WS Inbound,Main and Murray IB,37
10/26/2018 9:18,DCL Outbound-WS Inbound,Main and Murray IB,37
10/26/2018 9:18,DCL Outbound-WS Inbound,Main and Murray IB,37
10/26/2018 9:18,DCL Outbound-WS Inbound,Main and Murray IB,37
10/26/2018 9:18,DCL Outbound-WS Inbound,Main and Murray IB,37
10/26/2018 9:19,DCL Outbound-WS Inbound,Main and Murray IB,37
10/26/2018 9:19,DCL Outbound-WS Inbound,Main and Murray IB,37
10/26/2018 9:19,DCL Outbound-WS Inbound,Main and Murray IB,37
10/26/2018 9:19,DCL Outbound-WS Inbound,Main and Murray IB,37
10/26/2018 9:19,DCL Outbound-WS Inbound,Main and Murray IB,37
10/26/2018 9:19,DCL Outbound-WS Inbound,Main and Murray IB,37
10/26/2018 9:19,DCL Outbound-WS Inbound,Floral and St. Charles,526
10/26/2018 9:20,DCL Outbound-WS Inbound,Main and Mather,37
10/26/2018 9:20,DCL Outbound-WS Inbound,Main and Mather,37
10/26/2018 9:20,DCL Outbound-WS Inbound,Main and Mather,37
10/26/2018 9:21,DCL Outbound-WS Inbound,Main and Cedar IB,37
10/26/2018 9:21,DCL Outbound-WS Inbound,Main and Cedar IB,37
10/26/2018 9:22,DCL Outbound-WS Inbound,Main and Clarke IB,37
10/26/2018 9:22,DCL Outbound-WS Inbound,Main and Clarke IB,37
10/26/2018 9:22,DCL Outbound-WS Inbound,Main and Schiller IB,37
10/26/2018 9:22,DCL Outbound-WS Inbound,Main and Schiller IB,37
10/26/2018 9:22,DCL Outbound-WS Inbound,Main and Schiller IB,37
10/26/2018 9:23,DCL Outbound-WS Inbound,Main and Helen IB,37
10/26/2018 9:24,DCL Outbound-WS Inbound,Main and Crary,37
10/26/2018 9:25,DCL Outbound-WS Inbound,Floral and Cleveland IB,37
10/26/2018 9:25,DCL Outbound-WS Inbound,Floral and Cleveland IB,37
10/26/2018 9:27,DCL Outbound-WS Inbound,Floral and Harrison IB,37
10/26/2018 9:27,DCL Outbound-WS Inbound,Floral and Harrison IB,37
10/26/2018 9:32,DCL Outbound-WS Inbound,UDC IB,42
10/26/2018 9:33,DCL Outbound-WS Inbound,UDC IB,42
10/26/2018 9:34,DCL Outbound-WS Inbound,UDC IB,42
10/26/2018 9:35,DCL Outbound-WS Inbound,Union,37
10/26/2018 9:35,DCL Outbound-WS Inbound,Union,37
10/26/2018 9:36,DCL Outbound-WS Inbound,Union,37
10/26/2018 9:36,DCL Outbound-WS Inbound,Union,37
10/26/2018 9:37,DCL Outbound-WS Inbound,Union,37
10/26/2018 9:39,DCL Outbound-WS Inbound,Hawley IB,42
10/26/2018 9:40,DCL Outbound-WS Inbound,Main and Front OB,42
10/26/2018 9:41,DCL Outbound-WS Inbound,Main and Murray IB,42
10/26/2018 9:41,DCL Outbound-WS Inbound,Main and Murray IB,42
10/26/2018 9:41,DCL Outbound-WS Inbound,Main and Murray IB,42
10/26/2018 9:42,DCL Outbound-WS Inbound,Main and Mather,42
10/26/2018 9:42,DCL Outbound-WS Inbound,Main and Mather,42
10/26/2018 9:42,DCL Outbound-WS Inbound,Main and Mather,42
10/26/2018 9:42,DCL Outbound-WS Inbound,Main and Mather,42
10/26/2018 9:43,DCL Outbound-WS Inbound,Main and Cedar IB,42
10/26/2018 9:43,DCL Outbound-WS Inbound,Main and Clarke IB,42
10/26/2018 9:44,DCL Outbound-WS Inbound,Union,21
10/26/2018 9:44,DCL Outbound-WS Inbound,Union,21
10/26/2018 9:44,DCL Outbound-WS Inbound,Union,21
10/26/2018 9:44,DCL Outbound-WS Inbound,Union,21
10/26/2018 9:44,DCL Outbound-WS Inbound,Union,21
10/26/2018 9:44,DCL Outbound-WS Inbound,Union,21
10/26/2018 9:44,DCL Outbound-WS Inbound,Union,21
10/26/2018 9:44,DCL Outbound-WS Inbound,Main and Schiller IB,42
10/26/2018 9:44,DCL Outbound-WS Inbound,Main and Schiller IB,42
10/26/2018 9:44,DCL Outbound-WS Inbound,Main and Schiller IB,42
10/26/2018 9:44,DCL Outbound-WS Inbound,Main and Schiller IB,42
10/26/2018 9:44,DCL Outbound-WS Inbound,Main and Schiller IB,42
10/26/2018 9:45,DCL Outbound-WS Inbound,Main and Schiller IB,42
10/26/2018 9:45,DCL Outbound-WS Inbound,Main and Schiller IB,42
10/26/2018 9:45,DCL Outbound-WS Inbound,Main and Schiller IB,42
10/26/2018 9:48,DCL Outbound-WS Inbound,Physical Facilities,21
10/26/2018 9:48,DCL Outbound-WS Inbound,Main and Front OB,526
10/26/2018 9:49,DCL Outbound-WS Inbound,Main and Murray IB,526
10/26/2018 9:49,DCL Outbound-WS Inbound,Main and Murray IB,526
10/26/2018 9:49,DCL Outbound-WS Inbound,Main and Murray IB,526
10/26/2018 9:49,DCL Outbound-WS Inbound,Main and Murray IB,526
10/26/2018 9:49,DCL Outbound-WS Inbound,Main and Murray IB,526
10/26/2018 9:51,DCL Outbound-WS Inbound,Main and Cedar IB,526
10/26/2018 9:51,DCL Outbound-WS Inbound,Main and Clarke IB,526
10/26/2018 9:52,DCL Outbound-WS Inbound,Main and Clarke IB,526
10/26/2018 9:52,DCL Outbound-WS Inbound,Main and Clarke IB,526
10/26/2018 9:53,DCL Outbound-WS Inbound,Main and Schiller IB,526
10/26/2018 9:53,DCL Outbound-WS Inbound,Main and Schiller IB,526
10/26/2018 9:53,DCL Outbound-WS Inbound,Main and Schiller IB,526
10/26/2018 9:53,DCL Outbound-WS Inbound,Main and Schiller IB,526
10/26/2018 9:55,DCL Outbound-WS Inbound,Main and Crary,526
10/26/2018 9:56,DCL Outbound-WS Inbound,Floral and Main IB,526
10/26/2018 9:58,DCL Outbound-WS Inbound,Floral and Harrison IB,526
10/26/2018 9:59,DCL Outbound-WS Inbound,Leroy St and Chestnut OB,21
10/26/2018 10:00,DCL Outbound-WS Inbound,Leroy St and Murray OB,21
10/26/2018 10:03,DCL Outbound-WS Inbound,UDC IB,21
10/26/2018 10:03,DCL Outbound-WS Inbound,UDC IB,21
10/26/2018 10:05,DCL Outbound-WS Inbound,UDC IB,21
10/26/2018 10:08,DCL Outbound-WS Inbound,Hawley IB,21
10/26/2018 10:08,DCL Outbound-WS Inbound,Hawley IB,21
10/26/2018 10:08,DCL Outbound-WS Inbound,Hawley IB,21
10/26/2018 10:10,DCL Outbound-WS Inbound,Main and Murray IB,21
10/26/2018 10:10,DCL Outbound-WS Inbound,Main and Murray IB,21
10/26/2018 10:10,DCL Outbound-WS Inbound,Main and Murray IB,21
10/26/2018 10:10,DCL Outbound-WS Inbound,Main and Murray IB,21
10/26/2018 10:11,DCL Outbound-WS Inbound,Main and Mather,21
10/26/2018 10:11,DCL Outbound-WS Inbound,Main and Mather,21
10/26/2018 10:11,DCL Outbound-WS Inbound,Main and Mather,21
10/26/2018 10:11,DCL Outbound-WS Inbound,Main and Mather,21
10/26/2018 10:11,DCL Outbound-WS Inbound,Main and Mather,21
10/26/2018 10:11,DCL Outbound-WS Inbound,Union,526
10/26/2018 10:11,DCL Outbound-WS Inbound,Union,526
10/26/2018 10:12,DCL Outbound-WS Inbound,Union,37
10/26/2018 10:13,DCL Outbound-WS Inbound,Main and Clarke IB,21
10/26/2018 10:14,DCL Outbound-WS Inbound,Union,37
10/26/2018 10:14,DCL Outbound-WS Inbound,Main and Schiller IB,21
10/26/2018 10:14,DCL Outbound-WS Inbound,Main and Schiller IB,21
10/26/2018 10:16,DCL Outbound-WS Inbound,Main and Helen IB,21
10/26/2018 10:16,DCL Outbound-WS Inbound,Hawley IB,787
10/26/2018 10:16,DCL Outbound-WS Inbound,Hawley IB,787
10/26/2018 10:16,DCL Outbound-WS Inbound,Hawley IB,787
10/26/2018 10:17,DCL Outbound-WS Inbound,Main and Front OB,787
10/26/2018 10:17,DCL Outbound-WS Inbound,Main and Front OB,787
10/26/2018 10:18,DCL Outbound-WS Inbound,Main and Front OB,787
10/26/2018 10:19,DCL Outbound-WS Inbound,Floral and Cleveland OB,21
10/26/2018 10:19,DCL Outbound-WS Inbound,Main and Murray IB,787
10/26/2018 10:19,DCL Outbound-WS Inbound,Main and Murray IB,787
10/26/2018 10:19,DCL Outbound-WS Inbound,Main and Murray IB,787
10/26/2018 10:19,DCL Outbound-WS Inbound,Main and Murray IB,787
10/26/2018 10:19,DCL Outbound-WS Inbound,Main and Murray IB,787
10/26/2018 10:19,DCL Outbound-WS Inbound,Main and Murray IB,787
10/26/2018 10:19,DCL Outbound-WS Inbound,Main and Murray IB,787
10/26/2018 10:19,DCL Outbound-WS Inbound,Main and Murray IB,787
10/26/2018 10:20,DCL Outbound-WS Inbound,Main and Mather,787
10/26/2018 10:20,DCL Outbound-WS Inbound,Main and Mather,787
10/26/2018 10:21,DCL Outbound-WS Inbound,Main and Cedar IB,787
10/26/2018 10:21,DCL Outbound-WS Inbound,Main and Cedar IB,787
10/26/2018 10:21,DCL Outbound-WS Inbound,Main and Cedar IB,787
10/26/2018 10:22,DCL Outbound-WS Inbound,Main and Schiller IB,787
10/26/2018 10:22,DCL Outbound-WS Inbound,Main and Schiller IB,787
10/26/2018 10:23,DCL Outbound-WS Inbound,Main and Schiller IB,787
10/26/2018 10:23,DCL Outbound-WS Inbound,Main and Schiller IB,787
10/26/2018 10:23,DCL Outbound-WS Inbound,Main and Schiller IB,787
10/26/2018 10:24,DCL Outbound-WS Inbound,Main and Crary,787
10/26/2018 10:25,DCL Outbound-WS Inbound,Floral and Main IB,787
10/26/2018 10:25,DCL Outbound-WS Inbound,Floral and Main IB,787
10/26/2018 10:26,DCL Outbound-WS Inbound,Floral and Cleveland IB,787
10/26/2018 10:26,DCL Outbound-WS Inbound,Floral and Cleveland IB,787
10/26/2018 10:26,DCL Outbound-WS Inbound,Floral and Cleveland IB,787
10/26/2018 10:26,DCL Outbound-WS Inbound,Union,889
10/26/2018 10:26,DCL Outbound-WS Inbound,Union,889
10/26/2018 10:27,DCL Outbound-WS Inbound,Floral and Burbank IB,787
10/26/2018 10:27,DCL Outbound-WS Inbound,Floral and Burbank IB,787
10/26/2018 10:27,DCL Outbound-WS Inbound,Union,889
10/26/2018 10:27,DCL Outbound-WS Inbound,Union,889
10/26/2018 10:27,DCL Outbound-WS Inbound,Union,889
10/26/2018 10:29,DCL Outbound-WS Inbound,Union,889
10/26/2018 10:29,DCL Outbound-WS Inbound,Union,889
10/26/2018 10:34,DCL Outbound-WS Inbound,UDC IB,37
10/26/2018 10:38,DCL Outbound-WS Inbound,Main and Front OB,37
10/26/2018 10:38,DCL Outbound-WS Inbound,Main and Front OB,37
10/26/2018 10:40,DCL Outbound-WS Inbound,Main and Murray IB,37
10/26/2018 10:40,DCL Outbound-WS Inbound,Main and Murray IB,37
10/26/2018 10:40,DCL Outbound-WS Inbound,Main and Murray IB,37
10/26/2018 10:40,DCL Outbound-WS Inbound,Main and Murray IB,37
10/26/2018 10:41,DCL Outbound-WS Inbound,Main and Mather,37
10/26/2018 10:41,DCL Outbound-WS Inbound,Main and Mather,37
10/26/2018 10:41,DCL Outbound-WS Inbound,Main and Cedar IB,37
10/26/2018 10:41,DCL Outbound-WS Inbound,Main and Cedar IB,37
10/26/2018 10:42,DCL Outbound-WS Inbound,Main and Cedar IB,37
10/26/2018 10:42,DCL Outbound-WS Inbound,Main and Cedar IB,37
10/26/2018 10:42,DCL Outbound-WS Inbound,Main and Schiller IB,37
10/26/2018 10:43,DCL Outbound-WS Inbound,Main and Schiller IB,37
10/26/2018 10:43,DCL Outbound-WS Inbound,Main and Schiller IB,37
10/26/2018 10:43,DCL Outbound-WS Inbound,Main and Schiller IB,37
10/26/2018 10:43,DCL Outbound-WS Inbound,Main and Schiller IB,37
10/26/2018 10:43,DCL Outbound-WS Inbound,Main and Schiller IB,37
10/26/2018 10:43,DCL Outbound-WS Inbound,Main and Schiller IB,37
10/26/2018 10:43,DCL Outbound-WS Inbound,Main and Schiller IB,37
10/26/2018 10:46,DCL Outbound-WS Inbound,Floral and Cleveland IB,37
10/26/2018 10:46,DCL Outbound-WS Inbound,Union,42
10/26/2018 10:46,DCL Outbound-WS Inbound,Union,42
10/26/2018 10:46,DCL Outbound-WS Inbound,Union,42
10/26/2018 10:46,DCL Outbound-WS Inbound,Union,42
10/26/2018 10:46,DCL Outbound-WS Inbound,Union,42
10/26/2018 10:46,DCL Outbound-WS Inbound,Union,42
10/26/2018 10:46,DCL Outbound-WS Inbound,Union,42
10/26/2018 10:46,DCL Outbound-WS Inbound,Union,42
10/26/2018 10:46,DCL Outbound-WS Inbound,Union,42
10/26/2018 10:46,DCL Outbound-WS Inbound,Union,42
10/26/2018 10:46,DCL Outbound-WS Inbound,Union,42
10/26/2018 10:46,DCL Outbound-WS Inbound,Union,42
10/26/2018 10:46,DCL Outbound-WS Inbound,Union,42
10/26/2018 10:47,DCL Outbound-WS Inbound,Union,42
10/26/2018 10:52,DCL Outbound-WS Inbound,Hawley IB,889
10/26/2018 10:52,DCL Outbound-WS Inbound,Hawley IB,889
10/26/2018 10:55,DCL Outbound-WS Inbound,Main and Clarke IB,889
10/26/2018 10:56,DCL Outbound-WS Inbound,Main and Schiller IB,889
10/26/2018 10:56,DCL Outbound-WS Inbound,Main and Schiller IB,889
10/26/2018 10:57,DCL Outbound-WS Inbound,Main and Helen IB,889
10/26/2018 11:00,DCL Outbound-WS Inbound,Union,55
10/26/2018 11:00,DCL Outbound-WS Inbound,Union,55
10/26/2018 11:00,DCL Outbound-WS Inbound,Union,55
10/26/2018 11:00,DCL Outbound-WS Inbound,Union,55
10/26/2018 11:00,DCL Outbound-WS Inbound,Union,55
10/26/2018 11:00,DCL Outbound-WS Inbound,Union,55
10/26/2018 11:00,DCL Outbound-WS Inbound,Union,55
10/26/2018 11:00,DCL Outbound-WS Inbound,Union,55
10/26/2018 11:00,DCL Outbound-WS Inbound,Union,55
10/26/2018 11:01,DCL Outbound-WS Inbound,Leroy St and Chestnut OB,42
10/26/2018 11:05,DCL Outbound-WS Inbound,UDC,42
10/26/2018 11:05,DCL Outbound-WS Inbound,UDC,42
10/26/2018 11:06,DCL Outbound-WS Inbound,UDC,42
10/26/2018 11:06,DCL Outbound-WS Inbound,UDC,42
10/26/2018 11:10,DCL Outbound-WS Inbound,Hawley IB,42
10/26/2018 11:11,DCL Outbound-WS Inbound,Union,787
10/26/2018 11:11,DCL Outbound-WS Inbound,Union,787
10/26/2018 11:11,DCL Outbound-WS Inbound,Union,787
10/26/2018 11:11,DCL Outbound-WS Inbound,Union,787
10/26/2018 11:11,DCL Outbound-WS Inbound,Union,787
10/26/2018 11:11,DCL Outbound-WS Inbound,Union,787
10/26/2018 11:12,DCL Outbound-WS Inbound,Main and Murray IB,42
10/26/2018 11:12,DCL Outbound-WS Inbound,Main and Murray IB,42
10/26/2018 11:12,DCL Outbound-WS Inbound,Union,787
10/26/2018 11:12,DCL Outbound-WS Inbound,Main and Murray IB,42
10/26/2018 11:12,DCL Outbound-WS Inbound,Main and Murray IB,42
10/26/2018 11:12,DCL Outbound-WS Inbound,Main and Murray IB,42
10/26/2018 11:13,DCL Outbound-WS Inbound,Main and Mather,42
10/26/2018 11:13,DCL Outbound-WS Inbound,Union,787
10/26/2018 11:15,DCL Outbound-WS Inbound,Main and Clarke OB,42
10/26/2018 11:16,DCL Outbound-WS Inbound,Main and Schiller IB,42
10/26/2018 11:16,DCL Outbound-WS Inbound,Main and Schiller IB,42
10/26/2018 11:16,DCL Outbound-WS Inbound,Main and Schiller IB,42
10/26/2018 11:18,DCL Outbound-WS Inbound,Main and Helen IB,42
10/26/2018 11:18,DCL Outbound-WS Inbound,Main and Helen IB,42
10/26/2018 11:19,DCL Outbound-WS Inbound,Main and Crary,42
10/26/2018 11:20,DCL Outbound-WS Inbound,UDC,55
10/26/2018 11:20,DCL Outbound-WS Inbound,UDC,55
10/26/2018 11:20,DCL Outbound-WS Inbound,UDC,55
10/26/2018 11:20,DCL Outbound-WS Inbound,Floral and Main OB,42
10/26/2018 11:21,DCL Outbound-WS Inbound,Floral and Main OB,42
10/26/2018 11:21,DCL Outbound-WS Inbound,Floral and Main OB,42
10/26/2018 11:21,DCL Outbound-WS Inbound,UDC IB,55
10/26/2018 11:21,DCL Outbound-WS Inbound,Floral and Main OB,42
10/26/2018 11:23,DCL Outbound-WS Inbound,Floral and Main OB,42
10/26/2018 11:24,DCL Outbound-WS Inbound,Hawley IB,55
10/26/2018 11:24,DCL Outbound-WS Inbound,Hawley IB,55
10/26/2018 11:26,DCL Outbound-WS Inbound,Main and Murray IB,55
10/26/2018 11:27,DCL Outbound-WS Inbound,Leroy St and Murray OB,787
10/26/2018 11:27,DCL Outbound-WS Inbound,Main and Murray IB,55
10/26/2018 11:27,DCL Outbound-WS Inbound,Main and Murray IB,55
10/26/2018 11:27,DCL Outbound-WS Inbound,Leroy St and Murray OB,787
10/26/2018 11:27,DCL Outbound-WS Inbound,Main and Murray IB,55
10/26/2018 11:27,DCL Outbound-WS Inbound,Main and Murray IB,55
10/26/2018 11:27,DCL Outbound-WS Inbound,Main and Murray IB,55
10/26/2018 11:27,DCL Outbound-WS Inbound,Main and Mather,55
10/26/2018 11:27,DCL Outbound-WS Inbound,Main and Mather,55
10/26/2018 11:28,DCL Outbound-WS Inbound,Main and Mather,55
10/26/2018 11:29,DCL Outbound-WS Inbound,UDC,21
10/26/2018 11:29,DCL Outbound-WS Inbound,Main and Cedar IB,55
10/26/2018 11:30,DCL Outbound-WS Inbound,Main and Clarke OB,55
10/26/2018 11:30,DCL Outbound-WS Inbound,Main and Clarke OB,55
10/26/2018 11:30,DCL Outbound-WS Inbound,Main and Clarke OB,55
10/26/2018 11:30,DCL Outbound-WS Inbound,Union,37
10/26/2018 11:30,DCL Outbound-WS Inbound,Union,37
10/26/2018 11:31,DCL Outbound-WS Inbound,Union,37
10/26/2018 11:31,DCL Outbound-WS Inbound,Union,37
10/26/2018 11:31,DCL Outbound-WS Inbound,Main and Schiller IB,55
10/26/2018 11:31,DCL Outbound-WS Inbound,Main and Schiller IB,55
10/26/2018 11:31,DCL Outbound-WS Inbound,UDC,787
10/26/2018 11:31,DCL Outbound-WS Inbound,Main and Schiller IB,55
10/26/2018 11:31,DCL Outbound-WS Inbound,Main and Schiller IB,55
10/26/2018 11:31,DCL Outbound-WS Inbound,Main and Schiller IB,55
10/26/2018 11:31,DCL Outbound-WS Inbound,UDC,787
10/26/2018 11:31,DCL Outbound-WS Inbound,Main and Schiller IB,55
10/26/2018 11:32,DCL Outbound-WS Inbound,Main and Schiller IB,55
10/26/2018 11:32,DCL Outbound-WS Inbound,Union,37
10/26/2018 11:32,DCL Outbound-WS Inbound,Union,37
10/26/2018 11:32,DCL Outbound-WS Inbound,Hawley IB,21
10/26/2018 11:33,DCL Outbound-WS Inbound,Hawley IB,21
10/26/2018 11:34,DCL Outbound-WS Inbound,Main and Crary,55
10/26/2018 11:34,DCL Outbound-WS Inbound,Main and Front OB,21
10/26/2018 11:34,DCL Outbound-WS Inbound,Floral and Main IB,55
10/26/2018 11:34,DCL Outbound-WS Inbound,Floral and Main IB,55
10/26/2018 11:35,DCL Outbound-WS Inbound,Floral and Cleveland IB,55
10/26/2018 11:35,DCL Outbound-WS Inbound,Main and Murray IB,21
10/26/2018 11:35,DCL Outbound-WS Inbound,Main and Murray IB,21
10/26/2018 11:35,DCL Outbound-WS Inbound,Floral and Cleveland IB,55
10/26/2018 11:35,DCL Outbound-WS Inbound,Main and Murray IB,21
10/26/2018 11:35,DCL Outbound-WS Inbound,Main and Murray IB,21
10/26/2018 11:35,DCL Outbound-WS Inbound,Main and Murray IB,21
10/26/2018 11:37,DCL Outbound-WS Inbound,Main and Mather,21
10/26/2018 11:37,DCL Outbound-WS Inbound,Main and Mather,21
10/26/2018 11:37,DCL Outbound-WS Inbound,Main and Murray OB,787
10/26/2018 11:37,DCL Outbound-WS Inbound,Main and Murray OB,787
10/26/2018 11:37,DCL Outbound-WS Inbound,Main and Murray OB,787
10/26/2018 11:37,DCL Outbound-WS Inbound,Main and Murray OB,787
10/26/2018 11:37,DCL Outbound-WS Inbound,Main and Murray OB,787
10/26/2018 11:38,DCL Outbound-WS Inbound,Main and Cedar IB,21
10/26/2018 11:38,DCL Outbound-WS Inbound,Main and Cedar IB,21
10/26/2018 11:38,DCL Outbound-WS Inbound,Main and Mather,787
10/26/2018 11:38,DCL Outbound-WS Inbound,Main and Mather,787
10/26/2018 11:38,DCL Outbound-WS Inbound,Main and Clarke OB,21
10/26/2018 11:39,DCL Outbound-WS Inbound,Main and Schiller IB,21
10/26/2018 11:39,DCL Outbound-WS Inbound,Main and Schiller IB,21
10/26/2018 11:39,DCL Outbound-WS Inbound,Main and Schiller IB,21
10/26/2018 11:39,DCL Outbound-WS Inbound,Main and Schiller IB,21
10/26/2018 11:39,DCL Outbound-WS Inbound,Main and Schiller IB,21
10/26/2018 11:40,DCL Outbound-WS Inbound,Main and Schiller IB,21
10/26/2018 11:40,DCL Outbound-WS Inbound,Main and Schiller IB,21
10/26/2018 11:40,DCL Outbound-WS Inbound,Main and Schiller IB,21
10/26/2018 11:40,DCL Outbound-WS Inbound,Main and Schiller IB,21
10/26/2018 11:40,DCL Outbound-WS Inbound,Main and Schiller IB,21
10/26/2018 11:41,DCL Outbound-WS Inbound,Main and Schiller IB,787
10/26/2018 11:41,DCL Outbound-WS Inbound,Main and Schiller IB,787
10/26/2018 11:41,DCL Outbound-WS Inbound,Main and Schiller IB,787
10/26/2018 11:41,DCL Outbound-WS Inbound,Main and Helen IB,21
10/26/2018 11:44,DCL Outbound-WS Inbound,Floral and Cleveland IB,21
10/26/2018 11:44,DCL Outbound-WS Inbound,Floral and Cleveland IB,21
10/26/2018 11:44,DCL Outbound-WS Inbound,Floral and Cleveland IB,21
10/26/2018 11:45,DCL Outbound-WS Inbound,Riverside and Front,37
10/26/2018 11:45,DCL Outbound-WS Inbound,Union,42
10/26/2018 11:45,DCL Outbound-WS Inbound,Union,42
10/26/2018 11:45,DCL Outbound-WS Inbound,Union,42
10/26/2018 11:45,DCL Outbound-WS Inbound,Union,42
10/26/2018 11:45,DCL Outbound-WS Inbound,Union,42
10/26/2018 11:45,DCL Outbound-WS Inbound,Union,42
10/26/2018 11:45,DCL Outbound-WS Inbound,Union,42
10/26/2018 11:45,DCL Outbound-WS Inbound,Union,42
10/26/2018 11:45,DCL Outbound-WS Inbound,Union,42
10/26/2018 11:45,DCL Outbound-WS Inbound,Floral and Harrison IB,21
10/26/2018 11:46,DCL Outbound-WS Inbound,Union,42
10/26/2018 11:46,DCL Outbound-WS Inbound,Floral and Ackley,787
10/26/2018 11:49,DCL Outbound-WS Inbound,Physical Facilities,42
10/26/2018 11:49,DCL Outbound-WS Inbound,UDC,37
10/26/2018 11:51,DCL Outbound-WS Inbound,Hawley IB,37
10/26/2018 11:51,DCL Outbound-WS Inbound,Hawley IB,37
10/26/2018 11:52,DCL Outbound-WS Inbound,Main and Front OB,37
10/26/2018 11:52,DCL Outbound-WS Inbound,Main and Front OB,37
10/26/2018 11:52,DCL Outbound-WS Inbound,Main and Front OB,37
10/26/2018 11:52,DCL Outbound-WS Inbound,Main and Front OB,37
10/26/2018 11:53,DCL Outbound-WS Inbound,Main and Murray IB,37
10/26/2018 11:53,DCL Outbound-WS Inbound,Main and Murray IB,37
10/26/2018 11:54,DCL Outbound-WS Inbound,Main and Murray IB,37
10/26/2018 11:54,DCL Outbound-WS Inbound,Main and Mather,37
10/26/2018 11:54,DCL Outbound-WS Inbound,Main and Mather,37
10/26/2018 11:54,DCL Outbound-WS Inbound,Main and Mather,37
10/26/2018 11:56,DCL Outbound-WS Inbound,Main and Cedar IB,37
10/26/2018 11:56,DCL Outbound-WS Inbound,Main and Cedar IB,37
10/26/2018 11:56,DCL Outbound-WS Inbound,Main and Cedar IB,37
10/26/2018 11:56,DCL Outbound-WS Inbound,Main and Cedar IB,37
10/26/2018 11:57,DCL Outbound-WS Inbound,Main and Clarke IB,37
10/26/2018 11:57,DCL Outbound-WS Inbound,Main and Schiller IB,37
10/26/2018 11:59,DCL Outbound-WS Inbound,Leroy St and Chestnut OB,42
10/26/2018 12:00,DCL Outbound-WS Inbound,Floral and Cleveland IB,37
10/26/2018 12:00,DCL Outbound-WS Inbound,Floral and Cleveland IB,37
10/26/2018 12:00,DCL Outbound-WS Inbound,Floral and Cleveland IB,37
10/26/2018 12:01,DCL Outbound-WS Inbound,Floral and Cleveland IB,37
10/26/2018 12:01,DCL Outbound-WS Inbound,Floral and Cleveland IB,37
10/26/2018 12:02,DCL Outbound-WS Inbound,Union,526
10/26/2018 12:02,DCL Outbound-WS Inbound,Union,526
10/26/2018 12:02,DCL Outbound-WS Inbound,Union,526
10/26/2018 12:03,DCL Outbound-WS Inbound,Union,526
10/26/2018 12:03,DCL Outbound-WS Inbound,Union,526
10/26/2018 12:03,DCL Outbound-WS Inbound,Union,526
10/26/2018 12:03,DCL Outbound-WS Inbound,Union,526
10/26/2018 12:03,DCL Outbound-WS Inbound,Union,526
10/26/2018 12:03,DCL Outbound-WS Inbound,Union,526
10/26/2018 12:03,DCL Outbound-WS Inbound,Union,526
10/26/2018 12:03,DCL Outbound-WS Inbound,Union,526
10/26/2018 12:03,DCL Outbound-WS Inbound,Union,526
10/26/2018 12:03,DCL Outbound-WS Inbound,Union,526
10/26/2018 12:03,DCL Outbound-WS Inbound,Union,526
10/26/2018 12:03,DCL Outbound-WS Inbound,UDC,42
10/26/2018 12:03,DCL Outbound-WS Inbound,Union,526
10/26/2018 12:03,DCL Outbound-WS Inbound,UDC,42
10/26/2018 12:03,DCL Outbound-WS Inbound,Union,526
10/26/2018 12:03,DCL Outbound-WS Inbound,Union,526
10/26/2018 12:04,DCL Outbound-WS Inbound,Union,526
10/26/2018 12:04,DCL Outbound-WS Inbound,Union,526
10/26/2018 12:08,DCL Outbound-WS Inbound,Main and Murray IB,42
10/26/2018 12:09,DCL Outbound-WS Inbound,Main and Murray IB,42
10/26/2018 12:09,DCL Outbound-WS Inbound,Main and Murray IB,42
10/26/2018 12:09,DCL Outbound-WS Inbound,Union,37
10/26/2018 12:09,DCL Outbound-WS Inbound,Union,37
10/26/2018 12:09,DCL Outbound-WS Inbound,Union,37
10/26/2018 12:10,DCL Outbound-WS Inbound,Main and Mather,42
10/26/2018 12:10,DCL Outbound-WS Inbound,Main and Mather,42
10/26/2018 12:12,DCL Outbound-WS Inbound,Main and Schiller IB,42
10/26/2018 12:12,DCL Outbound-WS Inbound,Main and Schiller IB,42
10/26/2018 12:12,DCL Outbound-WS Inbound,Main and Schiller IB,42
10/26/2018 12:12,DCL Outbound-WS Inbound,Main and Schiller IB,42
10/26/2018 12:12,DCL Outbound-WS Inbound,Main and Schiller IB,42
10/26/2018 12:12,DCL Outbound-WS Inbound,Main and Schiller IB,42
10/26/2018 12:12,DCL Outbound-WS Inbound,Main and Schiller IB,42
10/26/2018 12:14,DCL Outbound-WS Inbound,Union,787
10/26/2018 12:15,DCL Outbound-WS Inbound,Union,787
10/26/2018 12:16,DCL Outbound-WS Inbound,Riverside and Beethoven OB,526
10/26/2018 12:16,DCL Outbound-WS Inbound,Riverside and Beethoven OB,526
10/26/2018 12:24,DCL Outbound-WS Inbound,Hawley IB,526
10/26/2018 12:24,DCL Outbound-WS Inbound,Hawley IB,526
10/26/2018 12:26,DCL Outbound-WS Inbound,Main and Murray IB,526
10/26/2018 12:26,DCL Outbound-WS Inbound,Main and Murray IB,526
10/26/2018 12:27,DCL Outbound-WS Inbound,Main and Mather,526
10/26/2018 12:27,DCL Outbound-WS Inbound,Main and Mather,526
10/26/2018 12:27,DCL Outbound-WS Inbound,Main and Mather,526
10/26/2018 12:27,DCL Outbound-WS Inbound,Main and Mather,526
10/26/2018 12:27,DCL Outbound-WS Inbound,Main and Mather,526
10/26/2018 12:28,DCL Outbound-WS Inbound,Main and Cedar IB,526
10/26/2018 12:28,DCL Outbound-WS Inbound,Main and Cedar IB,526
10/26/2018 12:30,DCL Outbound-WS Inbound,Main and Schiller IB,526
10/26/2018 12:30,DCL Outbound-WS Inbound,Main and Schiller IB,526
10/26/2018 12:30,DCL Outbound-WS Inbound,Main and Schiller IB,526
10/26/2018 12:30,DCL Outbound-WS Inbound,Main and Schiller IB,526
10/26/2018 12:30,DCL Outbound-WS Inbound,Main and Schiller IB,526
10/26/2018 12:31,DCL Outbound-WS Inbound,Main and Helen IB,526
10/26/2018 12:32,DCL Outbound-WS Inbound,UDC IB,787
10/26/2018 12:32,DCL Outbound-WS Inbound,UDC IB,787
10/26/2018 12:32,DCL Outbound-WS Inbound,UDC IB,787
10/26/2018 12:33,DCL Outbound-WS Inbound,Floral and Cleveland IB,526
10/26/2018 12:33,DCL Outbound-WS Inbound,Floral and Cleveland IB,526
10/26/2018 12:33,DCL Outbound-WS Inbound,Floral and Cleveland IB,526
10/26/2018 12:33,DCL Outbound-WS Inbound,Floral and Cleveland IB,526
10/26/2018 12:36,DCL Outbound-WS Inbound,Floral and St. Charles,526
10/26/2018 12:37,DCL Outbound-WS Inbound,Union,55
10/26/2018 12:37,DCL Outbound-WS Inbound,Hawley IB,787
10/26/2018 12:37,DCL Outbound-WS Inbound,Hawley IB,787
10/26/2018 12:37,DCL Outbound-WS Inbound,Hawley IB,787
10/26/2018 12:37,DCL Outbound-WS Inbound,Hawley IB,787
10/26/2018 12:37,DCL Outbound-WS Inbound,Union,55
10/26/2018 12:37,DCL Outbound-WS Inbound,Union,55
10/26/2018 12:38,DCL Outbound-WS Inbound,Union,55
10/26/2018 12:38,DCL Outbound-WS Inbound,Union,55
10/26/2018 12:38,DCL Outbound-WS Inbound,Union,55
10/26/2018 12:38,DCL Outbound-WS Inbound,Main and Front OB,787
10/26/2018 12:39,DCL Outbound-WS Inbound,Main and Murray IB,787
10/26/2018 12:39,DCL Outbound-WS Inbound,Main and Murray IB,787
10/26/2018 12:39,DCL Outbound-WS Inbound,Main and Murray IB,787
10/26/2018 12:39,DCL Outbound-WS Inbound,Main and Murray IB,787
10/26/2018 12:40,DCL Outbound-WS Inbound,Main and Mather,787
10/26/2018 12:40,DCL Outbound-WS Inbound,Main and Mather,787
10/26/2018 12:40,DCL Outbound-WS Inbound,Main and Mather,787
10/26/2018 12:40,DCL Outbound-WS Inbound,Main and Mather,787
10/26/2018 12:40,DCL Outbound-WS Inbound,Main and Mather,787
10/26/2018 12:40,DCL Outbound-WS Inbound,Main and Mather,787
10/26/2018 12:41,DCL Outbound-WS Inbound,Main and Cedar IB,787
10/26/2018 12:41,DCL Outbound-WS Inbound,Main and Cedar IB,787
10/26/2018 12:41,DCL Outbound-WS Inbound,Main and Cedar IB,787
10/26/2018 12:41,DCL Outbound-WS Inbound,Main and Cedar IB,787
10/26/2018 12:42,DCL Outbound-WS Inbound,Main and Clarke IB,787
10/26/2018 12:42,DCL Outbound-WS Inbound,Main and Clarke IB,787
10/26/2018 12:42,DCL Outbound-WS Inbound,Main and Clarke IB,787
10/26/2018 12:42,DCL Outbound-WS Inbound,Main and Clarke IB,787
10/26/2018 12:42,DCL Outbound-WS Inbound,Main and Clarke IB,787
10/26/2018 12:42,DCL Outbound-WS Inbound,Main and Clarke IB,787
10/26/2018 12:43,DCL Outbound-WS Inbound,Union,21
10/26/2018 12:43,DCL Outbound-WS Inbound,Union,21
10/26/2018 12:43,DCL Outbound-WS Inbound,Union,21
10/26/2018 12:43,DCL Outbound-WS Inbound,Union,21
10/26/2018 12:43,DCL Outbound-WS Inbound,Union,21
10/26/2018 12:43,DCL Outbound-WS Inbound,Main and Schiller IB,787
10/26/2018 12:43,DCL Outbound-WS Inbound,Union,21
10/26/2018 12:43,DCL Outbound-WS Inbound,Union,21
10/26/2018 12:43,DCL Outbound-WS Inbound,Main and Schiller IB,787
10/26/2018 12:43,DCL Outbound-WS Inbound,Main and Schiller IB,787
10/26/2018 12:43,DCL Outbound-WS Inbound,Main and Schiller IB,787
10/26/2018 12:43,DCL Outbound-WS Inbound,Main and Schiller IB,787
10/26/2018 12:43,DCL Outbound-WS Inbound,Main and Schiller IB,787
10/26/2018 12:43,DCL Outbound-WS Inbound,Main and Schiller IB,787
10/26/2018 12:43,DCL Outbound-WS Inbound,Main and Schiller IB,787
10/26/2018 12:43,DCL Outbound-WS Inbound,Main and Schiller IB,787
10/26/2018 12:44,DCL Outbound-WS Inbound,Union,21
10/26/2018 12:46,DCL Outbound-WS Inbound,Physical Facilities,21
10/26/2018 12:47,DCL Outbound-WS Inbound,Floral and Cleveland IB,787
10/26/2018 12:47,DCL Outbound-WS Inbound,Floral and Cleveland IB,787
10/26/2018 12:48,DCL Outbound-WS Inbound,Floral and Cleveland IB,787
10/26/2018 12:58,DCL Outbound-WS Inbound,Hawley IB,55
10/26/2018 12:58,DCL Outbound-WS Inbound,Hawley IB,55
10/26/2018 13:00,DCL Outbound-WS Inbound,Main and Murray IB,55
10/26/2018 13:00,DCL Outbound-WS Inbound,Main and Murray IB,55
10/26/2018 13:01,DCL Outbound-WS Inbound,Main and Mather,55
10/26/2018 13:01,DCL Outbound-WS Inbound,Main and Mather,55
10/26/2018 13:02,DCL Outbound-WS Inbound,Main and Cedar IB,55
10/26/2018 13:02,DCL Outbound-WS Inbound,Main and Cedar IB,55
10/26/2018 13:02,DCL Outbound-WS Inbound,Main and Cedar IB,55
10/26/2018 13:03,DCL Outbound-WS Inbound,Main and Clarke IB,55
10/26/2018 13:03,DCL Outbound-WS Inbound,Main and Clarke IB,55
10/26/2018 13:03,DCL Outbound-WS Inbound,Main and Clarke IB,55
10/26/2018 13:03,DCL Outbound-WS Inbound,Main and Clarke IB,55
10/26/2018 13:03,DCL Outbound-WS Inbound,Main and Clarke IB,55
10/26/2018 13:04,DCL Outbound-WS Inbound,Main and Clarke IB,55
10/26/2018 13:04,DCL Outbound-WS Inbound,Main and Clarke IB,55
10/26/2018 13:05,DCL Outbound-WS Inbound,Main and Schiller IB,55
10/26/2018 13:05,DCL Outbound-WS Inbound,Main and Schiller IB,55
10/26/2018 13:05,DCL Outbound-WS Inbound,Main and Schiller IB,55
10/26/2018 13:05,DCL Outbound-WS Inbound,Main and Schiller IB,55
10/26/2018 13:05,DCL Outbound-WS Inbound,Main and Schiller IB,55
10/26/2018 13:05,DCL Outbound-WS Inbound,Main and Schiller IB,55
10/26/2018 13:05,DCL Outbound-WS Inbound,UDC IB,21
10/26/2018 13:05,DCL Outbound-WS Inbound,UDC IB,21
10/26/2018 13:06,DCL Outbound-WS Inbound,UDC IB,21
10/26/2018 13:07,DCL Outbound-WS Inbound,Hawley IB,21
10/26/2018 13:07,DCL Outbound-WS Inbound,Main and Helen IB,55
10/26/2018 13:07,DCL Outbound-WS Inbound,Main and Helen IB,55
10/26/2018 13:08,DCL Outbound-WS Inbound,Main and Crary,55
10/26/2018 13:10,DCL Outbound-WS Inbound,Main and Murray IB,21
10/26/2018 13:10,DCL Outbound-WS Inbound,Main and Murray IB,21
10/26/2018 13:10,DCL Outbound-WS Inbound,Main and Murray IB,21
10/26/2018 13:10,DCL Outbound-WS Inbound,Floral and Cleveland IB,55
10/26/2018 13:10,DCL Outbound-WS Inbound,Floral and Cleveland IB,55
10/26/2018 13:10,DCL Outbound-WS Inbound,Main and Murray IB,21
10/26/2018 13:10,DCL Outbound-WS Inbound,Main and Murray IB,21
10/26/2018 13:10,DCL Outbound-WS Inbound,Main and Murray IB,21
10/26/2018 13:10,DCL Outbound-WS Inbound,Main and Murray IB,21
10/26/2018 13:10,DCL Outbound-WS Inbound,Main and Murray IB,21
10/26/2018 13:11,DCL Outbound-WS Inbound,Main and Murray IB,21
10/26/2018 13:11,DCL Outbound-WS Inbound,Main and Murray IB,21
10/26/2018 13:12,DCL Outbound-WS Inbound,Main and Mather,21
10/26/2018 13:12,DCL Outbound-WS Inbound,Main and Mather,21
10/26/2018 13:12,DCL Outbound-WS Inbound,Main and Mather,21
10/26/2018 13:13,DCL Outbound-WS Inbound,Main and Cedar IB,21
10/26/2018 13:14,DCL Outbound-WS Inbound,Main and Clarke IB,21
10/26/2018 13:14,DCL Outbound-WS Inbound,Main and Clarke IB,21
10/26/2018 13:14,DCL Outbound-WS Inbound,Main and Schiller IB,21
10/26/2018 13:17,DCL Outbound-WS Inbound,Union,42
10/26/2018 13:17,DCL Outbound-WS Inbound,Union,42
10/26/2018 13:17,DCL Outbound-WS Inbound,Union,42
10/26/2018 13:17,DCL Outbound-WS Inbound,Union,42
10/26/2018 13:17,DCL Outbound-WS Inbound,Union,42
10/26/2018 13:17,DCL Outbound-WS Inbound,Union,42
10/26/2018 13:17,DCL Outbound-WS Inbound,Union,42
10/26/2018 13:17,DCL Outbound-WS Inbound,Union,42
10/26/2018 13:17,DCL Outbound-WS Inbound,Union,42
10/26/2018 13:17,DCL Outbound-WS Inbound,Union,42
10/26/2018 13:18,DCL Outbound-WS Inbound,Union,42
10/26/2018 13:18,DCL Outbound-WS Inbound,Union,42
10/26/2018 13:18,DCL Outbound-WS Inbound,Union,42
10/26/2018 13:18,DCL Outbound-WS Inbound,Union,42
10/26/2018 13:18,DCL Outbound-WS Inbound,Union,42
10/26/2018 13:18,DCL Outbound-WS Inbound,Union,42
10/26/2018 13:18,DCL Outbound-WS Inbound,Union,42
10/26/2018 13:18,DCL Outbound-WS Inbound,Union,42
10/26/2018 13:18,DCL Outbound-WS Inbound,Union,42
10/26/2018 13:18,DCL Outbound-WS Inbound,Union,42
10/26/2018 13:18,DCL Outbound-WS Inbound,Union,42
10/26/2018 13:18,DCL Outbound-WS Inbound,Union,42
10/26/2018 13:18,DCL Outbound-WS Inbound,Union,42
10/26/2018 13:18,DCL Outbound-WS Inbound,Union,42
10/26/2018 13:18,DCL Outbound-WS Inbound,Union,42
10/26/2018 13:18,DCL Outbound-WS Inbound,Union,42
10/26/2018 13:18,DCL Outbound-WS Inbound,Union,42
10/26/2018 13:18,DCL Outbound-WS Inbound,Union,42
10/26/2018 13:40,DCL Outbound-WS Inbound,Union,787
10/26/2018 13:40,DCL Outbound-WS Inbound,Union,787
10/26/2018 13:41,DCL Outbound-WS Inbound,Union,787
10/26/2018 13:41,DCL Outbound-WS Inbound,Union,787
10/26/2018 13:41,DCL Outbound-WS Inbound,Union,787
10/26/2018 13:41,DCL Outbound-WS Inbound,Union,787
10/26/2018 13:41,DCL Outbound-WS Inbound,Union,787
10/26/2018 13:41,DCL Outbound-WS Inbound,Union,787
10/26/2018 13:41,DCL Outbound-WS Inbound,Union,787
10/26/2018 13:41,DCL Outbound-WS Inbound,Union,787
10/26/2018 13:41,DCL Outbound-WS Inbound,Union,787
10/26/2018 13:41,DCL Outbound-WS Inbound,Union,787
10/26/2018 13:41,DCL Outbound-WS Inbound,Union,787
10/26/2018 13:41,DCL Outbound-WS Inbound,Union,787
10/26/2018 13:41,DCL Outbound-WS Inbound,Union,787
10/26/2018 13:42,DCL Outbound-WS Inbound,Union,787
10/26/2018 13:42,DCL Outbound-WS Inbound,Union,787
10/26/2018 13:42,DCL Outbound-WS Inbound,Hawley IB,42
10/26/2018 13:42,DCL Outbound-WS Inbound,Hawley IB,42
10/26/2018 13:42,DCL Outbound-WS Inbound,Hawley IB,42
10/26/2018 13:43,DCL Outbound-WS Inbound,Union,787
10/26/2018 13:43,DCL Outbound-WS Inbound,Union,787
10/26/2018 13:43,DCL Outbound-WS Inbound,Union,787
10/26/2018 13:44,DCL Outbound-WS Inbound,Union,787
10/26/2018 13:45,DCL Outbound-WS Inbound,Main and Murray IB,42
10/26/2018 13:45,DCL Outbound-WS Inbound,Main and Murray IB,42
10/26/2018 13:45,DCL Outbound-WS Inbound,Main and Mather,42
10/26/2018 13:46,DCL Outbound-WS Inbound,Main and Mather,42
10/26/2018 13:46,DCL Outbound-WS Inbound,Main and Cedar IB,42
10/26/2018 13:47,DCL Outbound-WS Inbound,Main and Cedar IB,42
10/26/2018 13:47,DCL Outbound-WS Inbound,Main and Cedar IB,42
10/26/2018 13:47,DCL Outbound-WS Inbound,Main and Clarke IB,42
10/26/2018 13:47,DCL Outbound-WS Inbound,Main and Clarke IB,42
10/26/2018 13:47,DCL Outbound-WS Inbound,Main and Clarke IB,42
10/26/2018 13:47,DCL Outbound-WS Inbound,Main and Clarke IB,42
10/26/2018 13:48,DCL Outbound-WS Inbound,Main and Schiller IB,42
10/26/2018 13:48,DCL Outbound-WS Inbound,Main and Schiller IB,42
10/26/2018 13:48,DCL Outbound-WS Inbound,Main and Schiller IB,42
10/26/2018 13:48,DCL Outbound-WS Inbound,Main and Schiller IB,42
10/26/2018 13:48,DCL Outbound-WS Inbound,Main and Schiller IB,42
10/26/2018 13:48,DCL Outbound-WS Inbound,Main and Schiller IB,42
10/26/2018 13:48,DCL Outbound-WS Inbound,Main and Schiller IB,42
10/26/2018 13:49,DCL Outbound-WS Inbound,Main and Schiller IB,42
10/26/2018 13:49,DCL Outbound-WS Inbound,Main and Schiller IB,42
10/26/2018 13:49,DCL Outbound-WS Inbound,Main and Schiller IB,42
10/26/2018 13:49,DCL Outbound-WS Inbound,Main and Schiller IB,42
10/26/2018 13:50,DCL Outbound-WS Inbound,Main and Crestmont IB,42
10/26/2018 13:52,DCL Outbound-WS Inbound,Floral and Cleveland IB,42
10/26/2018 13:52,DCL Outbound-WS Inbound,Floral and Cleveland IB,42
10/26/2018 13:54,DCL Outbound-WS Inbound,Floral and Harrison IB,42
10/26/2018 13:55,DCL Outbound-WS Inbound,Floral and Cook,42
10/26/2018 13:57,DCL Outbound-WS Inbound,Leroy St and Chestnut IB,787
10/26/2018 14:02,DCL Outbound-WS Inbound,UDC IB,787
10/26/2018 14:03,DCL Outbound-WS Inbound,UDC IB,787
10/26/2018 14:06,DCL Outbound-WS Inbound,Hawley IB,787
10/26/2018 14:06,DCL Outbound-WS Inbound,Hawley IB,787
10/26/2018 14:07,DCL Outbound-WS Inbound,Hawley IB,787
10/26/2018 14:07,DCL Outbound-WS Inbound,Hawley IB,787
10/26/2018 14:08,DCL Outbound-WS Inbound,Main and Front OB,787
10/26/2018 14:09,DCL Outbound-WS Inbound,Main and Murray IB,787
10/26/2018 14:09,DCL Outbound-WS Inbound,Main and Murray IB,787
10/26/2018 14:09,DCL Outbound-WS Inbound,Main and Murray IB,787
10/26/2018 14:09,DCL Outbound-WS Inbound,Main and Murray IB,787
10/26/2018 14:09,DCL Outbound-WS Inbound,Main and Murray IB,787
10/26/2018 14:10,DCL Outbound-WS Inbound,Main and Mather,787
10/26/2018 14:10,DCL Outbound-WS Inbound,Main and Mather,787
10/26/2018 14:10,DCL Outbound-WS Inbound,Main and Mather,787
10/26/2018 14:10,DCL Outbound-WS Inbound,Main and Mather,787
10/26/2018 14:10,DCL Outbound-WS Inbound,Main and Mather,787
10/26/2018 14:11,DCL Outbound-WS Inbound,Main and Cedar IB,787
10/26/2018 14:12,DCL Outbound-WS Inbound,Main and Clarke IB,787
10/26/2018 14:12,DCL Outbound-WS Inbound,Main and Clarke IB,787
10/26/2018 14:12,DCL Outbound-WS Inbound,Main and Clarke IB,787
10/26/2018 14:13,DCL Outbound-WS Inbound,Main and Schiller IB,787
10/26/2018 14:13,DCL Outbound-WS Inbound,Main and Schiller IB,787
10/26/2018 14:13,DCL Outbound-WS Inbound,Main and Schiller IB,787
10/26/2018 14:15,DCL Outbound-WS Inbound,Main and Crary,787
10/26/2018 14:21,DCL Outbound-WS Inbound,Physical Facilities,889
10/26/2018 14:37,DCL Outbound-WS Inbound,UDC IB,889
10/26/2018 14:37,DCL Outbound-WS Inbound,UDC IB,889
10/26/2018 14:40,DCL Outbound-WS Inbound,Hawley IB,889
10/26/2018 14:40,DCL Outbound-WS Inbound,Hawley IB,889
10/26/2018 14:42,DCL Outbound-WS Inbound,Main and Murray IB,889
10/26/2018 14:42,DCL Outbound-WS Inbound,Main and Murray IB,889
10/26/2018 14:42,DCL Outbound-WS Inbound,Main and Murray IB,889
10/26/2018 14:43,DCL Outbound-WS Inbound,Main and Mather,889
10/26/2018 14:43,DCL Outbound-WS Inbound,Main and Mather,889
10/26/2018 14:43,DCL Outbound-WS Inbound,Main and Mather,889
10/26/2018 14:43,DCL Outbound-WS Inbound,Main and Mather,889
10/26/2018 14:43,DCL Outbound-WS Inbound,Main and Mather,889
10/26/2018 14:43,DCL Outbound-WS Inbound,Main and Mather,889
10/26/2018 14:45,DCL Outbound-WS Inbound,Main and Cedar IB,889
10/26/2018 14:45,DCL Outbound-WS Inbound,Main and Cedar IB,889
10/26/2018 14:45,DCL Outbound-WS Inbound,Main and Cedar IB,889
10/26/2018 14:45,DCL Outbound-WS Inbound,Main and Clarke IB,889
10/26/2018 14:45,DCL Outbound-WS Inbound,Main and Clarke IB,889
10/26/2018 14:46,DCL Outbound-WS Inbound,Main and Schiller IB,889
10/26/2018 14:46,DCL Outbound-WS Inbound,Main and Schiller IB,889
10/26/2018 14:47,DCL Outbound-WS Inbound,Main and Schiller IB,889
10/26/2018 14:47,DCL Outbound-WS Inbound,Main and Schiller IB,889
10/26/2018 14:48,DCL Outbound-WS Inbound,Main and Helen IB,889
10/26/2018 14:50,DCL Outbound-WS Inbound,Floral and Cleveland IB,889
10/26/2018 14:50,DCL Outbound-WS Inbound,Floral and Cleveland IB,889
10/26/2018 14:50,DCL Outbound-WS Inbound,Floral and Cleveland IB,889
10/26/2018 14:51,DCL Outbound-WS Inbound,Floral and Cleveland IB,889
10/26/2018 14:51,DCL Outbound-WS Inbound,Floral and Cleveland IB,889
10/26/2018 14:59,DCL Outbound-WS Inbound,Union,889
10/26/2018 14:59,DCL Outbound-WS Inbound,Union,889
10/26/2018 14:59,DCL Outbound-WS Inbound,Union,889
10/26/2018 14:59,DCL Outbound-WS Inbound,Union,889
10/26/2018 14:59,DCL Outbound-WS Inbound,Union,889
10/26/2018 15:00,DCL Outbound-WS Inbound,Union,889
10/26/2018 15:01,DCL Outbound-WS Inbound,Union,889
10/26/2018 15:01,DCL Outbound-WS Inbound,Union,889
10/26/2018 15:02,DCL Outbound-WS Inbound,Union,889
10/26/2018 15:02,DCL Outbound-WS Inbound,Union,889
10/26/2018 15:21,DCL Outbound-WS Inbound,Union,21
10/26/2018 15:21,DCL Outbound-WS Inbound,Union,21
10/26/2018 15:21,DCL Outbound-WS Inbound,Union,21
10/26/2018 15:21,DCL Outbound-WS Inbound,Union,21
10/26/2018 15:21,DCL Outbound-WS Inbound,Union,21
10/26/2018 15:21,DCL Outbound-WS Inbound,Union,21
10/26/2018 15:21,DCL Outbound-WS Inbound,Union,21
10/26/2018 15:21,DCL Outbound-WS Inbound,Union,21
10/26/2018 15:21,DCL Outbound-WS Inbound,Union,21
10/26/2018 15:21,DCL Outbound-WS Inbound,Union,21
10/26/2018 15:21,DCL Outbound-WS Inbound,Union,21
10/26/2018 15:22,DCL Outbound-WS Inbound,Union,21
10/26/2018 15:22,DCL Outbound-WS Inbound,Union,21
10/26/2018 15:22,DCL Outbound-WS Inbound,Union,21
10/26/2018 15:22,DCL Outbound-WS Inbound,Union,21
10/26/2018 15:25,DCL Outbound-WS Inbound,Physical Facilities,21
10/26/2018 15:37,DCL Outbound-WS Inbound,Leroy St and Murray OB,21
10/26/2018 15:44,DCL Outbound-WS Inbound,Union,889
10/26/2018 15:44,DCL Outbound-WS Inbound,Union,889
10/26/2018 15:44,DCL Outbound-WS Inbound,Union,889
10/26/2018 15:44,DCL Outbound-WS Inbound,Union,889
10/26/2018 15:44,DCL Outbound-WS Inbound,Union,889
10/26/2018 15:44,DCL Outbound-WS Inbound,Union,889
10/26/2018 15:44,DCL Outbound-WS Inbound,Union,889
10/26/2018 15:44,DCL Outbound-WS Inbound,Union,889
10/26/2018 15:44,DCL Outbound-WS Inbound,Union,889
10/26/2018 15:45,DCL Outbound-WS Inbound,Union,889
10/26/2018 15:45,DCL Outbound-WS Inbound,Union,889
10/26/2018 15:45,DCL Outbound-WS Inbound,Union,889
10/26/2018 15:45,DCL Outbound-WS Inbound,Union,889
10/26/2018 15:45,DCL Outbound-WS Inbound,Union,889
10/26/2018 15:48,DCL Outbound-WS Inbound,Main and Murray IB,21
10/26/2018 15:48,DCL Outbound-WS Inbound,Main and Murray IB,21
10/26/2018 15:48,DCL Outbound-WS Inbound,Main and Murray IB,21
10/26/2018 15:48,DCL Outbound-WS Inbound,Main and Murray IB,21
10/26/2018 15:49,DCL Outbound-WS Inbound,Main and Mather,21
10/26/2018 15:49,DCL Outbound-WS Inbound,Main and Mather,21
10/26/2018 15:50,DCL Outbound-WS Inbound,Main and Cedar IB,21
10/26/2018 15:50,DCL Outbound-WS Inbound,Main and Cedar IB,21
10/26/2018 15:51,DCL Outbound-WS Inbound,Main and Clarke IB,21
10/26/2018 15:52,DCL Outbound-WS Inbound,Main and Schiller IB,21
10/26/2018 15:52,DCL Outbound-WS Inbound,Main and Schiller IB,21
10/26/2018 15:52,DCL Outbound-WS Inbound,Main and Schiller IB,21
10/26/2018 15:52,DCL Outbound-WS Inbound,Main and Schiller IB,21
10/26/2018 15:52,DCL Outbound-WS Inbound,Main and Schiller IB,21
10/26/2018 15:52,DCL Outbound-WS Inbound,Main and Schiller IB,21
10/26/2018 15:52,DCL Outbound-WS Inbound,Main and Schiller IB,21
10/26/2018 15:52,DCL Outbound-WS Inbound,Main and Schiller IB,21
10/26/2018 15:52,DCL Outbound-WS Inbound,Main and Schiller IB,21
10/26/2018 15:55,DCL Outbound-WS Inbound,Floral and Main IB,21
10/26/2018 15:56,DCL Outbound-WS Inbound,Floral and Cleveland IB,21
10/26/2018 15:57,DCL Outbound-WS Inbound,Leroy St and Chestnut OB,889
10/26/2018 15:58,DCL Outbound-WS Inbound,Floral and St. Charles,21
10/26/2018 16:02,DCL Outbound-WS Inbound,UDC IB,889
10/26/2018 16:02,DCL Outbound-WS Inbound,UDC IB,889
10/26/2018 16:05,DCL Outbound-WS Inbound,UDC IB,889
10/26/2018 16:08,DCL Outbound-WS Inbound,Hawley IB,889
10/26/2018 16:08,DCL Outbound-WS Inbound,Hawley IB,889
10/26/2018 16:10,DCL Outbound-WS Inbound,Main and Front OB,889
10/26/2018 16:10,DCL Outbound-WS Inbound,Main and Front OB,889
10/26/2018 16:10,DCL Outbound-WS Inbound,Main and Murray IB,889
10/26/2018 16:10,DCL Outbound-WS Inbound,Main and Murray IB,889
10/26/2018 16:10,DCL Outbound-WS Inbound,Main and Murray IB,889
10/26/2018 16:11,DCL Outbound-WS Inbound,Main and Murray IB,889
10/26/2018 16:11,DCL Outbound-WS Inbound,Main and Murray IB,889
10/26/2018 16:11,DCL Outbound-WS Inbound,Main and Murray IB,889
10/26/2018 16:12,DCL Outbound-WS Inbound,Main and Mather,889
10/26/2018 16:12,DCL Outbound-WS Inbound,Main and Mather,889
10/26/2018 16:12,DCL Outbound-WS Inbound,Main and Mather,889
10/26/2018 16:12,DCL Outbound-WS Inbound,Main and Mather,889
10/26/2018 16:13,DCL Outbound-WS Inbound,Main and Cedar IB,889
10/26/2018 16:13,DCL Outbound-WS Inbound,Main and Cedar IB,889
10/26/2018 16:13,DCL Outbound-WS Inbound,Main and Cedar IB,889
10/26/2018 16:13,DCL Outbound-WS Inbound,Main and Cedar IB,889
10/26/2018 16:13,DCL Outbound-WS Inbound,Main and Cedar IB,889
10/26/2018 16:13,DCL Outbound-WS Inbound,Main and Cedar IB,889
10/26/2018 16:13,DCL Outbound-WS Inbound,Main and Cedar IB,889
10/26/2018 16:14,DCL Outbound-WS Inbound,Main and Clarke IB,889
10/26/2018 16:14,DCL Outbound-WS Inbound,Main and Clarke IB,889
10/26/2018 16:14,DCL Outbound-WS Inbound,Main and Clarke IB,889
10/26/2018 16:14,DCL Outbound-WS Inbound,Main and Clarke IB,889
10/26/2018 16:14,DCL Outbound-WS Inbound,Main and Clarke IB,889
10/26/2018 16:14,DCL Outbound-WS Inbound,Union,55
10/26/2018 16:14,DCL Outbound-WS Inbound,Union,55
10/26/2018 16:14,DCL Outbound-WS Inbound,Union,55
10/26/2018 16:14,DCL Outbound-WS Inbound,Union,55
10/26/2018 16:14,DCL Outbound-WS Inbound,Union,55
10/26/2018 16:14,DCL Outbound-WS Inbound,Union,55
10/26/2018 16:14,DCL Outbound-WS Inbound,Union,55
10/26/2018 16:14,DCL Outbound-WS Inbound,Union,55
10/26/2018 16:14,DCL Outbound-WS Inbound,Union,55
10/26/2018 16:14,DCL Outbound-WS Inbound,Union,55
10/26/2018 16:14,DCL Outbound-WS Inbound,Union,55
10/26/2018 16:14,DCL Outbound-WS Inbound,Union,55
10/26/2018 16:15,DCL Outbound-WS Inbound,Union,55
10/26/2018 16:15,DCL Outbound-WS Inbound,Main and Schiller IB,889
10/26/2018 16:15,DCL Outbound-WS Inbound,Main and Schiller IB,889
10/26/2018 16:15,DCL Outbound-WS Inbound,Union,55
10/26/2018 16:15,DCL Outbound-WS Inbound,Main and Schiller IB,889
10/26/2018 16:15,DCL Outbound-WS Inbound,Union,55
10/26/2018 16:15,DCL Outbound-WS Inbound,Union,55
10/26/2018 16:15,DCL Outbound-WS Inbound,Union,55
10/26/2018 16:15,DCL Outbound-WS Inbound,Union,55
10/26/2018 16:16,DCL Outbound-WS Inbound,Union,55
10/26/2018 16:17,DCL Outbound-WS Inbound,Main and Helen IB,889
10/26/2018 16:28,DCL Outbound-WS Inbound,Union,889
10/26/2018 16:28,DCL Outbound-WS Inbound,Union,889
10/26/2018 16:29,DCL Outbound-WS Inbound,Union,889
10/26/2018 16:29,DCL Outbound-WS Inbound,Union,889
10/26/2018 16:30,DCL Outbound-WS Inbound,Union,889
10/26/2018 16:37,DCL Outbound-WS Inbound,UDC IB,55
10/26/2018 16:38,DCL Outbound-WS Inbound,UDC IB,55
10/26/2018 16:42,DCL Outbound-WS Inbound,Main and Front OB,55
10/26/2018 16:44,DCL Outbound-WS Inbound,Main and Murray IB,55
10/26/2018 16:45,DCL Outbound-WS Inbound,Main and Mather,55
10/26/2018 16:45,DCL Outbound-WS Inbound,Main and Mather,55
10/26/2018 16:46,DCL Outbound-WS Inbound,Main and Cedar IB,55
10/26/2018 16:47,DCL Outbound-WS Inbound,Main and Clarke IB,55
10/26/2018 16:47,DCL Outbound-WS Inbound,Union,787
10/26/2018 16:47,DCL Outbound-WS Inbound,Union,787
10/26/2018 16:47,DCL Outbound-WS Inbound,Union,787
10/26/2018 16:47,DCL Outbound-WS Inbound,Union,787
10/26/2018 16:47,DCL Outbound-WS Inbound,Union,787
10/26/2018 16:48,DCL Outbound-WS Inbound,Union,787
10/26/2018 16:48,DCL Outbound-WS Inbound,Union,787
10/26/2018 16:48,DCL Outbound-WS Inbound,Union,787
10/26/2018 16:48,DCL Outbound-WS Inbound,Union,787
10/26/2018 16:48,DCL Outbound-WS Inbound,Union,787
10/26/2018 16:48,DCL Outbound-WS Inbound,Union,787
10/26/2018 16:48,DCL Outbound-WS Inbound,Union,787
10/26/2018 16:48,DCL Outbound-WS Inbound,Union,787
10/26/2018 16:48,DCL Outbound-WS Inbound,Union,787
10/26/2018 16:48,DCL Outbound-WS Inbound,Union,787
10/26/2018 16:48,DCL Outbound-WS Inbound,Union,787
10/26/2018 16:48,DCL Outbound-WS Inbound,Union,787
10/26/2018 16:48,DCL Outbound-WS Inbound,Union,787
10/26/2018 16:48,DCL Outbound-WS Inbound,Union,787
10/26/2018 16:48,DCL Outbound-WS Inbound,Union,787
10/26/2018 16:48,DCL Outbound-WS Inbound,Union,787
10/26/2018 16:48,DCL Outbound-WS Inbound,Union,787
10/26/2018 16:48,DCL Outbound-WS Inbound,Main and Schiller IB,55
10/26/2018 16:49,DCL Outbound-WS Inbound,Union,787
10/26/2018 16:49,DCL Outbound-WS Inbound,Union,787
10/26/2018 16:49,DCL Outbound-WS Inbound,Union,787
10/26/2018 16:49,DCL Outbound-WS Inbound,Union,787
10/26/2018 16:49,DCL Outbound-WS Inbound,Union,787
10/26/2018 16:50,DCL Outbound-WS Inbound,Union,787
10/26/2018 16:50,DCL Outbound-WS Inbound,Union,787
10/26/2018 16:50,DCL Outbound-WS Inbound,Union,787
10/26/2018 16:51,DCL Outbound-WS Inbound,Union,787
10/26/2018 16:51,DCL Outbound-WS Inbound,Floral and Main IB,55
10/26/2018 16:52,DCL Outbound-WS Inbound,Floral and Cleveland IB,55
10/26/2018 16:52,DCL Outbound-WS Inbound,Floral and Cleveland IB,55
10/26/2018 16:52,DCL Outbound-WS Inbound,Floral and Cleveland IB,55
10/26/2018 16:54,DCL Outbound-WS Inbound,Floral and St. Charles,55
10/26/2018 17:09,DCL Outbound-WS Inbound,Riverside and Front,787
10/26/2018 17:10,DCL Outbound-WS Inbound,Riverside and Front,787
10/26/2018 17:12,DCL Outbound-WS Inbound,UDC IB,787
10/26/2018 17:12,DCL Outbound-WS Inbound,UDC IB,787
10/26/2018 17:12,DCL Outbound-WS Inbound,UDC IB,787
10/26/2018 17:12,DCL Outbound-WS Inbound,UDC IB,787
10/26/2018 17:12,DCL Outbound-WS Inbound,UDC IB,787
10/26/2018 17:12,DCL Outbound-WS Inbound,UDC IB,787
10/26/2018 17:15,DCL Outbound-WS Inbound,Hawley IB,787
10/26/2018 17:18,DCL Outbound-WS Inbound,Main and Murray IB,787
10/26/2018 17:18,DCL Outbound-WS Inbound,Main and Murray IB,787
10/26/2018 17:18,DCL Outbound-WS Inbound,Main and Murray IB,787
10/26/2018 17:18,DCL Outbound-WS Inbound,Main and Murray IB,787
10/26/2018 17:18,DCL Outbound-WS Inbound,Union,37
10/26/2018 17:18,DCL Outbound-WS Inbound,Union,37
10/26/2018 17:19,DCL Outbound-WS Inbound,Main and Mather,787
10/26/2018 17:19,DCL Outbound-WS Inbound,Union,37
10/26/2018 17:19,DCL Outbound-WS Inbound,Union,37
10/26/2018 17:20,DCL Outbound-WS Inbound,Main and Cedar IB,787
10/26/2018 17:20,DCL Outbound-WS Inbound,Main and Cedar IB,787
10/26/2018 17:20,DCL Outbound-WS Inbound,Main and Clarke IB,787
10/26/2018 17:20,DCL Outbound-WS Inbound,Main and Clarke IB,787
10/26/2018 17:22,DCL Outbound-WS Inbound,Main and Schiller IB,787
10/26/2018 17:22,DCL Outbound-WS Inbound,Main and Schiller IB,787
10/26/2018 17:22,DCL Outbound-WS Inbound,Main and Schiller IB,787
10/26/2018 17:22,DCL Outbound-WS Inbound,Main and Schiller IB,787
10/26/2018 17:23,DCL Outbound-WS Inbound,Denny''s,37
10/26/2018 17:23,DCL Outbound-WS Inbound,Main and Helen IB,787
10/26/2018 17:23,DCL Outbound-WS Inbound,Main and Helen IB,787
10/26/2018 17:33,DCL Outbound-WS Inbound,Academic A,787
10/26/2018 17:39,DCL Outbound-WS Inbound,UDC IB,37
10/26/2018 17:44,DCL Outbound-WS Inbound,Main and Front OB,37
10/26/2018 17:45,DCL Outbound-WS Inbound,Main and Murray IB,37
10/26/2018 17:45,DCL Outbound-WS Inbound,Main and Murray IB,37
10/26/2018 17:45,DCL Outbound-WS Inbound,Main and Murray IB,37
10/26/2018 17:46,DCL Outbound-WS Inbound,Main and Mather,37
10/26/2018 17:46,DCL Outbound-WS Inbound,Main and Mather,37
10/26/2018 17:46,DCL Outbound-WS Inbound,Main and Mather,37
10/26/2018 17:46,DCL Outbound-WS Inbound,Main and Mather,37
10/26/2018 17:47,DCL Outbound-WS Inbound,Main and Cedar IB,37
10/26/2018 17:49,DCL Outbound-WS Inbound,Union,21
10/26/2018 17:49,DCL Outbound-WS Inbound,Union,21
10/26/2018 17:49,DCL Outbound-WS Inbound,Union,21
10/26/2018 17:49,DCL Outbound-WS Inbound,Union,21
10/26/2018 17:49,DCL Outbound-WS Inbound,Union,21
10/26/2018 17:49,DCL Outbound-WS Inbound,Union,21
10/26/2018 17:49,DCL Outbound-WS Inbound,Union,21
10/26/2018 17:49,DCL Outbound-WS Inbound,Union,21
10/26/2018 17:49,DCL Outbound-WS Inbound,Union,21
10/26/2018 17:49,DCL Outbound-WS Inbound,Union,21
10/26/2018 17:50,DCL Outbound-WS Inbound,Union,21
10/26/2018 17:50,DCL Outbound-WS Inbound,Union,21
10/26/2018 17:50,DCL Outbound-WS Inbound,Union,21
10/26/2018 17:50,DCL Outbound-WS Inbound,Union,21
10/26/2018 17:50,DCL Outbound-WS Inbound,Union,21
10/26/2018 17:50,DCL Outbound-WS Inbound,Union,21
10/26/2018 17:50,DCL Outbound-WS Inbound,Main and Helen IB,37
10/26/2018 18:00,DCL Outbound-WS Inbound,Union,37
10/26/2018 18:00,DCL Outbound-WS Inbound,Union,37
10/26/2018 18:00,DCL Outbound-WS Inbound,Union,37
10/26/2018 18:01,DCL Outbound-WS Inbound,Union,37
10/26/2018 18:01,DCL Outbound-WS Inbound,Union,37
10/26/2018 18:01,DCL Outbound-WS Inbound,Union,37
10/26/2018 18:01,DCL Outbound-WS Inbound,Union,37
10/26/2018 18:01,DCL Outbound-WS Inbound,Union,37
10/26/2018 18:01,DCL Outbound-WS Inbound,Union,37
10/26/2018 18:01,DCL Outbound-WS Inbound,Union,37
10/26/2018 18:01,DCL Outbound-WS Inbound,Union,37
10/26/2018 18:01,DCL Outbound-WS Inbound,Union,37
10/26/2018 18:01,DCL Outbound-WS Inbound,Union,37
10/26/2018 18:01,DCL Outbound-WS Inbound,Union,37
10/26/2018 18:01,DCL Outbound-WS Inbound,Union,37
10/26/2018 18:01,DCL Outbound-WS Inbound,Union,37
10/26/2018 18:05,DCL Outbound-WS Inbound,Engineering Bldg,37
10/26/2018 18:12,DCL Outbound-WS Inbound,Leroy St and Murray OB,21
10/26/2018 18:14,DCL Outbound-WS Inbound,Union,42
10/26/2018 18:14,DCL Outbound-WS Inbound,Union,42
10/26/2018 18:15,DCL Outbound-WS Inbound,Union,42
10/26/2018 18:16,DCL Outbound-WS Inbound,Union,42
10/26/2018 18:16,DCL Outbound-WS Inbound,Union,42
10/26/2018 18:17,DCL Outbound-WS Inbound,Union,42
10/26/2018 18:17,DCL Outbound-WS Inbound,Union,42
10/26/2018 18:17,DCL Outbound-WS Inbound,Union,42
10/26/2018 18:18,DCL Outbound-WS Inbound,Union,42
10/26/2018 18:18,DCL Outbound-WS Inbound,Union,42
10/26/2018 18:18,DCL Outbound-WS Inbound,Union,42
10/26/2018 18:19,DCL Outbound-WS Inbound,Union,42
10/26/2018 18:19,DCL Outbound-WS Inbound,Union,42
10/26/2018 18:19,DCL Outbound-WS Inbound,Union,42
10/26/2018 18:20,DCL Outbound-WS Inbound,Hawley IB,21
10/26/2018 18:20,DCL Outbound-WS Inbound,Hawley IB,21
10/26/2018 18:21,DCL Outbound-WS Inbound,Main and Murray IB,21
10/26/2018 18:22,DCL Outbound-WS Inbound,Main and Murray IB,21
10/26/2018 18:22,DCL Outbound-WS Inbound,Main and Murray IB,21
10/26/2018 18:22,DCL Outbound-WS Inbound,Main and Murray IB,21
10/26/2018 18:22,DCL Outbound-WS Inbound,Main and Murray IB,21
10/26/2018 18:24,DCL Outbound-WS Inbound,Main and Schiller IB,21
10/26/2018 18:24,DCL Outbound-WS Inbound,Main and Schiller IB,21
10/26/2018 18:28,DCL Outbound-WS Inbound,Floral and Main IB,21
10/26/2018 18:29,DCL Outbound-WS Inbound,Floral and Cleveland IB,21
10/26/2018 18:31,DCL Outbound-WS Inbound,Leroy St and Chestnut OB,42
10/26/2018 18:31,DCL Outbound-WS Inbound,Leroy St and Chestnut OB,42
10/26/2018 18:31,DCL Outbound-WS Inbound,Leroy St and Chestnut OB,42
10/26/2018 18:39,DCL Outbound-WS Inbound,UDC IB,42
10/26/2018 18:39,DCL Outbound-WS Inbound,UDC IB,42
10/26/2018 18:44,DCL Outbound-WS Inbound,Main and Murray IB,42
10/26/2018 18:44,DCL Outbound-WS Inbound,Main and Murray IB,42
10/26/2018 18:44,DCL Outbound-WS Inbound,Main and Murray IB,42
10/26/2018 18:44,DCL Outbound-WS Inbound,Main and Murray IB,42
10/26/2018 18:45,DCL Outbound-WS Inbound,Main and Mather,42
10/26/2018 18:45,DCL Outbound-WS Inbound,Main and Mather,42
10/26/2018 18:45,DCL Outbound-WS Inbound,Main and Mather,42
10/26/2018 18:45,DCL Outbound-WS Inbound,Main and Mather,42
10/26/2018 18:45,DCL Outbound-WS Inbound,Main and Mather,42
10/26/2018 18:46,DCL Outbound-WS Inbound,Main and Cedar IB,42
10/26/2018 18:49,DCL Outbound-WS Inbound,Union,526
10/26/2018 18:49,DCL Outbound-WS Inbound,Union,526
10/26/2018 18:49,DCL Outbound-WS Inbound,Union,526
10/26/2018 18:49,DCL Outbound-WS Inbound,Union,526
10/26/2018 18:49,DCL Outbound-WS Inbound,Union,526
10/26/2018 18:49,DCL Outbound-WS Inbound,Union,526
10/26/2018 18:49,DCL Outbound-WS Inbound,Union,526
10/26/2018 18:49,DCL Outbound-WS Inbound,Union,526
10/26/2018 18:49,DCL Outbound-WS Inbound,Union,526
10/26/2018 18:50,DCL Outbound-WS Inbound,Union,526
10/26/2018 18:50,DCL Outbound-WS Inbound,Union,526
10/26/2018 18:50,DCL Outbound-WS Inbound,Union,526
10/26/2018 18:50,DCL Outbound-WS Inbound,Union,526
10/26/2018 18:50,DCL Outbound-WS Inbound,Union,526
10/26/2018 18:50,DCL Outbound-WS Inbound,Union,526
10/26/2018 18:50,DCL Outbound-WS Inbound,Union,526
10/26/2018 18:50,DCL Outbound-WS Inbound,Union,526
10/26/2018 18:50,DCL Outbound-WS Inbound,Union,526
10/26/2018 18:50,DCL Outbound-WS Inbound,Union,526
10/26/2018 18:50,DCL Outbound-WS Inbound,Union,526
10/26/2018 18:50,DCL Outbound-WS Inbound,Union,526
10/26/2018 18:50,DCL Outbound-WS Inbound,Union,526
10/26/2018 18:50,DCL Outbound-WS Inbound,Union,526
10/26/2018 19:09,DCL Outbound-WS Inbound,UDC IB,526
10/26/2018 19:16,DCL Outbound-WS Inbound,Main and Cedar IB,526
10/26/2018 19:16,DCL Outbound-WS Inbound,Main and Cedar IB,526
10/26/2018 19:16,DCL Outbound-WS Inbound,Main and Cedar IB,526
10/26/2018 19:17,DCL Outbound-WS Inbound,Union,889
10/26/2018 19:17,DCL Outbound-WS Inbound,Union,889
10/26/2018 19:17,DCL Outbound-WS Inbound,Union,889
10/26/2018 19:17,DCL Outbound-WS Inbound,Union,889
10/26/2018 19:17,DCL Outbound-WS Inbound,Union,889
10/26/2018 19:17,DCL Outbound-WS Inbound,Union,889
10/26/2018 19:17,DCL Outbound-WS Inbound,Union,889
10/26/2018 19:17,DCL Outbound-WS Inbound,Union,889
10/26/2018 19:17,DCL Outbound-WS Inbound,Union,889
10/26/2018 19:17,DCL Outbound-WS Inbound,Union,889
10/26/2018 19:17,DCL Outbound-WS Inbound,Union,889
10/26/2018 19:18,DCL Outbound-WS Inbound,Union,889
10/26/2018 19:19,DCL Outbound-WS Inbound,Physical Facilities,889
10/26/2018 19:22,DCL Outbound-WS Inbound,Floral and Burbank IB,526
10/26/2018 19:37,DCL Outbound-WS Inbound,Hawley IB,889
10/26/2018 19:39,DCL Outbound-WS Inbound,Main and Front OB,889
10/26/2018 19:39,DCL Outbound-WS Inbound,Union,787
10/26/2018 19:39,DCL Outbound-WS Inbound,Union,787
10/26/2018 19:39,DCL Outbound-WS Inbound,Union,787
10/26/2018 19:39,DCL Outbound-WS Inbound,Union,787
10/26/2018 19:39,DCL Outbound-WS Inbound,Union,787
10/26/2018 19:39,DCL Outbound-WS Inbound,Union,787
10/26/2018 19:39,DCL Outbound-WS Inbound,Union,787
10/26/2018 19:39,DCL Outbound-WS Inbound,Union,787
10/26/2018 19:40,DCL Outbound-WS Inbound,Union,787
10/26/2018 19:40,DCL Outbound-WS Inbound,Union,787
10/26/2018 19:40,DCL Outbound-WS Inbound,Main and Murray IB,889
10/26/2018 19:40,DCL Outbound-WS Inbound,Union,787
10/26/2018 19:41,DCL Outbound-WS Inbound,Main and Cedar IB,889
10/26/2018 19:42,DCL Outbound-WS Inbound,Union,787
10/26/2018 19:42,DCL Outbound-WS Inbound,Union,787
10/26/2018 19:42,DCL Outbound-WS Inbound,Union,787
10/26/2018 19:42,DCL Outbound-WS Inbound,Main and Clarke IB,889
10/26/2018 19:43,DCL Outbound-WS Inbound,Union,787
10/26/2018 19:43,DCL Outbound-WS Inbound,Main and Schiller IB,889
10/26/2018 19:43,DCL Outbound-WS Inbound,Main and Schiller IB,889
10/26/2018 19:43,DCL Outbound-WS Inbound,Union,787
10/26/2018 19:43,DCL Outbound-WS Inbound,Union,787
10/26/2018 19:43,DCL Outbound-WS Inbound,Union,787
10/26/2018 19:43,DCL Outbound-WS Inbound,Union,787
10/26/2018 19:43,DCL Outbound-WS Inbound,Union,787
10/26/2018 19:44,DCL Outbound-WS Inbound,Union,787
10/26/2018 19:44,DCL Outbound-WS Inbound,Union,787
10/26/2018 19:45,DCL Outbound-WS Inbound,Union,787
10/26/2018 19:45,DCL Outbound-WS Inbound,Floral and Cleveland IB,889
10/26/2018 19:45,DCL Outbound-WS Inbound,Floral and Cleveland IB,889
