Start Date:10/03/2018 7:00 AM End Date:10/03/2018 8:00 PM,,,
DateTime,CorridorName,StopName,VehicleID
10/3/2018 7:16,DCL Outbound-WS Inbound,Hawley IB,891
10/3/2018 7:16,DCL Outbound-WS Inbound,Hawley IB,891
10/3/2018 7:16,DCL Outbound-WS Inbound,Hawley IB,891
10/3/2018 7:17,DCL Outbound-WS Inbound,Hawley IB,891
10/3/2018 7:18,DCL Outbound-WS Inbound,Main and Murray IB,891
10/3/2018 7:18,DCL Outbound-WS Inbound,Main and Murray IB,891
10/3/2018 7:18,DCL Outbound-WS Inbound,Main and Murray IB,891
10/3/2018 7:18,DCL Outbound-WS Inbound,Main and Murray IB,891
10/3/2018 7:18,DCL Outbound-WS Inbound,Main and Murray IB,891
10/3/2018 7:19,DCL Outbound-WS Inbound,Main and Mather,891
10/3/2018 7:20,DCL Outbound-WS Inbound,Main and Schiller IB,891
10/3/2018 7:20,DCL Outbound-WS Inbound,Main and Schiller IB,891
10/3/2018 7:20,DCL Outbound-WS Inbound,Main and Schiller IB,891
10/3/2018 7:20,DCL Outbound-WS Inbound,Main and Schiller IB,891
10/3/2018 7:20,DCL Outbound-WS Inbound,Main and Schiller IB,891
10/3/2018 7:20,DCL Outbound-WS Inbound,Main and Schiller IB,891
10/3/2018 7:20,DCL Outbound-WS Inbound,Main and Schiller IB,891
10/3/2018 7:23,DCL Outbound-WS Inbound,Floral and Cleveland IB,891
10/3/2018 7:23,DCL Outbound-WS Inbound,Floral and Cleveland IB,891
10/3/2018 7:23,DCL Outbound-WS Inbound,Floral and Cleveland IB,891
10/3/2018 7:25,DCL Outbound-WS Inbound,Floral and Roberts IB,891
10/3/2018 7:28,DCL Outbound-WS Inbound,Riverside and Beethoven OB,526
10/3/2018 7:30,DCL Outbound-WS Inbound,UDC IB,55
10/3/2018 7:32,DCL Outbound-WS Inbound,Hawley IB,55
10/3/2018 7:34,DCL Outbound-WS Inbound,Main and Front OB,55
10/3/2018 7:34,DCL Outbound-WS Inbound,Main and Front OB,55
10/3/2018 7:34,DCL Outbound-WS Inbound,UDC,526
10/3/2018 7:35,DCL Outbound-WS Inbound,Main and Murray IB,55
10/3/2018 7:35,DCL Outbound-WS Inbound,Main and Murray IB,55
10/3/2018 7:35,DCL Outbound-WS Inbound,Main and Murray IB,55
10/3/2018 7:35,DCL Outbound-WS Inbound,Main and Murray IB,55
10/3/2018 7:35,DCL Outbound-WS Inbound,Main and Murray IB,55
10/3/2018 7:36,DCL Outbound-WS Inbound,Main and Murray IB,55
10/3/2018 7:37,DCL Outbound-WS Inbound,Main and Mather,55
10/3/2018 7:37,DCL Outbound-WS Inbound,Main and Mather,55
10/3/2018 7:37,DCL Outbound-WS Inbound,Main and Mather,55
10/3/2018 7:37,DCL Outbound-WS Inbound,Main and Mather,55
10/3/2018 7:37,DCL Outbound-WS Inbound,Main and Mather,55
10/3/2018 7:37,DCL Outbound-WS Inbound,Main and Mather,55
10/3/2018 7:37,DCL Outbound-WS Inbound,Main and Mather,55
10/3/2018 7:37,DCL Outbound-WS Inbound,Main and Mather,55
10/3/2018 7:37,DCL Outbound-WS Inbound,Main and Mather,55
10/3/2018 7:37,DCL Outbound-WS Inbound,Main and Mather,55
10/3/2018 7:37,DCL Outbound-WS Inbound,Main and Mather,55
10/3/2018 7:37,DCL Outbound-WS Inbound,Main and Mather,55
10/3/2018 7:37,DCL Outbound-WS Inbound,Main and Mather,55
10/3/2018 7:37,DCL Outbound-WS Inbound,Main and Mather,55
10/3/2018 7:38,DCL Outbound-WS Inbound,Hawley IB,526
10/3/2018 7:39,DCL Outbound-WS Inbound,Main and Murray IB,526
10/3/2018 7:39,DCL Outbound-WS Inbound,Main and Murray IB,526
10/3/2018 7:39,DCL Outbound-WS Inbound,Main and Murray IB,526
10/3/2018 7:39,DCL Outbound-WS Inbound,Main and Murray IB,526
10/3/2018 7:39,DCL Outbound-WS Inbound,Main and Murray IB,526
10/3/2018 7:40,DCL Outbound-WS Inbound,Main and Clarke IB,55
10/3/2018 7:40,DCL Outbound-WS Inbound,Main and Clarke IB,55
10/3/2018 7:40,DCL Outbound-WS Inbound,Main and Clarke IB,55
10/3/2018 7:40,DCL Outbound-WS Inbound,Main and Mather,526
10/3/2018 7:41,DCL Outbound-WS Inbound,Main and Schiller IB,55
10/3/2018 7:41,DCL Outbound-WS Inbound,Main and Schiller IB,55
10/3/2018 7:41,DCL Outbound-WS Inbound,Main and Schiller IB,55
10/3/2018 7:41,DCL Outbound-WS Inbound,Main and Schiller IB,55
10/3/2018 7:41,DCL Outbound-WS Inbound,Main and Schiller IB,55
10/3/2018 7:41,DCL Outbound-WS Inbound,Main and Schiller IB,55
10/3/2018 7:41,DCL Outbound-WS Inbound,Main and Schiller IB,55
10/3/2018 7:41,DCL Outbound-WS Inbound,Main and Clarke IB,526
10/3/2018 7:45,DCL Outbound-WS Inbound,Floral and Main IB,526
10/3/2018 7:46,DCL Outbound-WS Inbound,Floral and Cleveland IB,526
10/3/2018 7:46,DCL Outbound-WS Inbound,Floral and Cleveland IB,526
10/3/2018 7:46,DCL Outbound-WS Inbound,Floral and Cleveland IB,526
10/3/2018 7:47,DCL Outbound-WS Inbound,Hawley IB,37
10/3/2018 7:47,DCL Outbound-WS Inbound,Hawley IB,37
10/3/2018 7:47,DCL Outbound-WS Inbound,Hawley IB,37
10/3/2018 7:48,DCL Outbound-WS Inbound,Main and Front OB,37
10/3/2018 7:50,DCL Outbound-WS Inbound,Main and Murray IB,37
10/3/2018 7:50,DCL Outbound-WS Inbound,Main and Murray IB,37
10/3/2018 7:50,DCL Outbound-WS Inbound,Main and Murray IB,37
10/3/2018 7:50,DCL Outbound-WS Inbound,Main and Murray IB,37
10/3/2018 7:50,DCL Outbound-WS Inbound,Main and Murray IB,37
10/3/2018 7:51,DCL Outbound-WS Inbound,Main and Mather,37
10/3/2018 7:51,DCL Outbound-WS Inbound,Main and Mather,37
10/3/2018 7:51,DCL Outbound-WS Inbound,Main and Mather,37
10/3/2018 7:51,DCL Outbound-WS Inbound,Main and Cedar IB,37
10/3/2018 7:51,DCL Outbound-WS Inbound,Main and Cedar IB,37
10/3/2018 7:52,DCL Outbound-WS Inbound,Main and Cedar IB,37
10/3/2018 7:52,DCL Outbound-WS Inbound,Main and Cedar IB,37
10/3/2018 7:52,DCL Outbound-WS Inbound,Main and Cedar IB,37
10/3/2018 7:53,DCL Outbound-WS Inbound,Main and Schiller IB,37
10/3/2018 7:53,DCL Outbound-WS Inbound,Main and Schiller IB,37
10/3/2018 7:53,DCL Outbound-WS Inbound,Main and Schiller IB,37
10/3/2018 7:53,DCL Outbound-WS Inbound,Main and Schiller IB,37
10/3/2018 7:53,DCL Outbound-WS Inbound,Main and Schiller IB,37
10/3/2018 7:53,DCL Outbound-WS Inbound,Main and Schiller IB,37
10/3/2018 7:54,DCL Outbound-WS Inbound,Main and Schiller IB,37
10/3/2018 7:54,DCL Outbound-WS Inbound,Main and Schiller IB,37
10/3/2018 7:54,DCL Outbound-WS Inbound,Main and Schiller IB,37
10/3/2018 7:54,DCL Outbound-WS Inbound,Main and Schiller IB,37
10/3/2018 7:54,DCL Outbound-WS Inbound,Main and Schiller IB,37
10/3/2018 7:55,DCL Outbound-WS Inbound,Main and Helen IB,37
10/3/2018 7:55,DCL Outbound-WS Inbound,Main and Helen IB,37
10/3/2018 7:56,DCL Outbound-WS Inbound,Floral and Main IB,37
10/3/2018 7:57,DCL Outbound-WS Inbound,Floral and Cleveland IB,37
10/3/2018 7:57,DCL Outbound-WS Inbound,Floral and Cleveland IB,37
10/3/2018 7:57,DCL Outbound-WS Inbound,Floral and Cleveland IB,37
10/3/2018 7:58,DCL Outbound-WS Inbound,Floral and Willow IB,37
10/3/2018 7:58,DCL Outbound-WS Inbound,Floral and Willow IB,37
10/3/2018 7:58,DCL Outbound-WS Inbound,Floral and Willow IB,37
10/3/2018 8:00,DCL Outbound-WS Inbound,Floral and Cook,37
10/3/2018 8:08,DCL Outbound-WS Inbound,Main and Front OB,890
10/3/2018 8:09,DCL Outbound-WS Inbound,Main and Murray IB,890
10/3/2018 8:09,DCL Outbound-WS Inbound,Main and Murray IB,890
10/3/2018 8:09,DCL Outbound-WS Inbound,Main and Murray IB,890
10/3/2018 8:09,DCL Outbound-WS Inbound,Main and Murray IB,890
10/3/2018 8:09,DCL Outbound-WS Inbound,Main and Murray IB,890
10/3/2018 8:09,DCL Outbound-WS Inbound,Main and Murray IB,890
10/3/2018 8:10,DCL Outbound-WS Inbound,Main and Mather,890
10/3/2018 8:10,DCL Outbound-WS Inbound,Main and Mather,890
10/3/2018 8:10,DCL Outbound-WS Inbound,Main and Mather,890
10/3/2018 8:10,DCL Outbound-WS Inbound,Main and Mather,890
10/3/2018 8:10,DCL Outbound-WS Inbound,Main and Mather,890
10/3/2018 8:10,DCL Outbound-WS Inbound,Main and Mather,890
10/3/2018 8:10,DCL Outbound-WS Inbound,Main and Mather,890
10/3/2018 8:10,DCL Outbound-WS Inbound,Main and Mather,890
10/3/2018 8:10,DCL Outbound-WS Inbound,Main and Mather,890
10/3/2018 8:10,DCL Outbound-WS Inbound,Main and Mather,890
10/3/2018 8:10,DCL Outbound-WS Inbound,Main and Mather,890
10/3/2018 8:11,DCL Outbound-WS Inbound,Main and Cedar IB,890
10/3/2018 8:12,DCL Outbound-WS Inbound,Main and Clarke IB,890
10/3/2018 8:12,DCL Outbound-WS Inbound,Main and Clarke IB,890
10/3/2018 8:12,DCL Outbound-WS Inbound,Main and Clarke IB,890
10/3/2018 8:13,DCL Outbound-WS Inbound,Main and Schiller IB,890
10/3/2018 8:13,DCL Outbound-WS Inbound,Main and Schiller IB,890
10/3/2018 8:13,DCL Outbound-WS Inbound,Main and Schiller IB,890
10/3/2018 8:13,DCL Outbound-WS Inbound,Main and Schiller IB,890
10/3/2018 8:13,DCL Outbound-WS Inbound,Main and Schiller IB,890
10/3/2018 8:13,DCL Outbound-WS Inbound,Main and Schiller IB,890
10/3/2018 8:15,DCL Outbound-WS Inbound,Main and Crary,890
10/3/2018 8:15,DCL Outbound-WS Inbound,Main and Crary,890
10/3/2018 8:16,DCL Outbound-WS Inbound,UDC,526
10/3/2018 8:16,DCL Outbound-WS Inbound,Leroy St and Chestnut IB,55
10/3/2018 8:16,DCL Outbound-WS Inbound,Leroy St and Chestnut IB,55
10/3/2018 8:16,DCL Outbound-WS Inbound,Leroy St and Chestnut IB,55
10/3/2018 8:17,DCL Outbound-WS Inbound,Floral and Main IB,890
10/3/2018 8:18,DCL Outbound-WS Inbound,Floral and Cleveland IB,890
10/3/2018 8:19,DCL Outbound-WS Inbound,Main and Cedar IB,55
10/3/2018 8:19,DCL Outbound-WS Inbound,Hawley IB,526
10/3/2018 8:19,DCL Outbound-WS Inbound,Floral and Roberts OB,890
10/3/2018 8:19,DCL Outbound-WS Inbound,Main and Clarke IB,55
10/3/2018 8:20,DCL Outbound-WS Inbound,Floral and Harrison IB,890
10/3/2018 8:20,DCL Outbound-WS Inbound,Floral and Harrison IB,890
10/3/2018 8:20,DCL Outbound-WS Inbound,Main and Murray IB,526
10/3/2018 8:21,DCL Outbound-WS Inbound,Main and Schiller IB,55
10/3/2018 8:21,DCL Outbound-WS Inbound,Main and Schiller IB,55
10/3/2018 8:23,DCL Outbound-WS Inbound,Main and Helen IB,55
10/3/2018 8:26,DCL Outbound-WS Inbound,Floral and Cleveland IB,526
10/3/2018 8:26,DCL Outbound-WS Inbound,Floral and Burbank IB,526
10/3/2018 8:29,DCL Outbound-WS Inbound,Leroy St and Chestnut OB,528
10/3/2018 8:30,DCL Outbound-WS Inbound,Leroy St and Murray OB,528
10/3/2018 8:36,DCL Outbound-WS Inbound,UDC,528
10/3/2018 8:36,DCL Outbound-WS Inbound,UDC,528
10/3/2018 8:40,DCL Outbound-WS Inbound,Hawley IB,528
10/3/2018 8:41,DCL Outbound-WS Inbound,Main and Murray IB,528
10/3/2018 8:42,DCL Outbound-WS Inbound,Main and Mather,528
10/3/2018 8:42,DCL Outbound-WS Inbound,Main and Mather,528
10/3/2018 8:42,DCL Outbound-WS Inbound,Main and Mather,528
10/3/2018 8:42,DCL Outbound-WS Inbound,Main and Mather,528
10/3/2018 8:42,DCL Outbound-WS Inbound,Main and Mather,528
10/3/2018 8:43,DCL Outbound-WS Inbound,Main and Cedar IB,528
10/3/2018 8:43,DCL Outbound-WS Inbound,Main and Cedar IB,528
10/3/2018 8:44,DCL Outbound-WS Inbound,Main and Clarke IB,528
10/3/2018 8:44,DCL Outbound-WS Inbound,Main and Clarke IB,528
10/3/2018 8:44,DCL Outbound-WS Inbound,Main and Clarke IB,528
10/3/2018 8:44,DCL Outbound-WS Inbound,Main and Schiller IB,528
10/3/2018 8:44,DCL Outbound-WS Inbound,Main and Schiller IB,528
10/3/2018 8:46,DCL Outbound-WS Inbound,Main and Helen IB,528
10/3/2018 8:46,DCL Outbound-WS Inbound,Union,890
10/3/2018 8:46,DCL Outbound-WS Inbound,Union,890
10/3/2018 8:47,DCL Outbound-WS Inbound,Floral and Main IB,528
10/3/2018 8:47,DCL Outbound-WS Inbound,Floral and Main IB,528
10/3/2018 8:47,DCL Outbound-WS Inbound,Floral and Main IB,528
10/3/2018 8:48,DCL Outbound-WS Inbound,Hawley IB,527
10/3/2018 8:48,DCL Outbound-WS Inbound,Hawley IB,527
10/3/2018 8:48,DCL Outbound-WS Inbound,Hawley IB,527
10/3/2018 8:48,DCL Outbound-WS Inbound,Floral and Cleveland IB,528
10/3/2018 8:49,DCL Outbound-WS Inbound,Main and Front OB,527
10/3/2018 8:50,DCL Outbound-WS Inbound,Floral and Harrison IB,528
10/3/2018 8:50,DCL Outbound-WS Inbound,Main and Murray IB,527
10/3/2018 8:50,DCL Outbound-WS Inbound,Main and Murray IB,527
10/3/2018 8:50,DCL Outbound-WS Inbound,Main and Murray IB,527
10/3/2018 8:50,DCL Outbound-WS Inbound,Main and Murray IB,527
10/3/2018 8:51,DCL Outbound-WS Inbound,Main and Cedar IB,527
10/3/2018 8:51,DCL Outbound-WS Inbound,Main and Cedar IB,527
10/3/2018 8:55,DCL Outbound-WS Inbound,Main and Crary,527
10/3/2018 8:57,DCL Outbound-WS Inbound,Floral and Cleveland IB,527
10/3/2018 8:58,DCL Outbound-WS Inbound,Union,528
10/3/2018 8:58,DCL Outbound-WS Inbound,Union,528
10/3/2018 8:58,DCL Outbound-WS Inbound,Floral and Burbank IB,527
10/3/2018 8:58,DCL Outbound-WS Inbound,Union,528
10/3/2018 8:58,DCL Outbound-WS Inbound,Union,528
10/3/2018 8:58,DCL Outbound-WS Inbound,Union,528
10/3/2018 8:58,DCL Outbound-WS Inbound,Union,528
10/3/2018 8:59,DCL Outbound-WS Inbound,Leroy St and Chestnut OB,890
10/3/2018 8:59,DCL Outbound-WS Inbound,Leroy St and Chestnut OB,890
10/3/2018 8:59,DCL Outbound-WS Inbound,UDC,37
10/3/2018 8:59,DCL Outbound-WS Inbound,Union,528
10/3/2018 9:00,DCL Outbound-WS Inbound,Floral and Cook,527
10/3/2018 9:00,DCL Outbound-WS Inbound,Union,528
10/3/2018 9:01,DCL Outbound-WS Inbound,UDC,37
10/3/2018 9:03,DCL Outbound-WS Inbound,Hawley IB,37
10/3/2018 9:03,DCL Outbound-WS Inbound,Hawley IB,37
10/3/2018 9:05,DCL Outbound-WS Inbound,UDC,890
10/3/2018 9:05,DCL Outbound-WS Inbound,UDC,890
10/3/2018 9:05,DCL Outbound-WS Inbound,UDC,890
10/3/2018 9:06,DCL Outbound-WS Inbound,Main and Murray IB,37
10/3/2018 9:06,DCL Outbound-WS Inbound,Main and Murray IB,37
10/3/2018 9:06,DCL Outbound-WS Inbound,Main and Murray IB,37
10/3/2018 9:06,DCL Outbound-WS Inbound,Main and Murray IB,37
10/3/2018 9:06,DCL Outbound-WS Inbound,Main and Murray IB,37
10/3/2018 9:06,DCL Outbound-WS Inbound,Main and Murray IB,37
10/3/2018 9:06,DCL Outbound-WS Inbound,Main and Murray IB,37
10/3/2018 9:06,DCL Outbound-WS Inbound,Main and Murray IB,37
10/3/2018 9:06,DCL Outbound-WS Inbound,Main and Murray IB,37
10/3/2018 9:06,DCL Outbound-WS Inbound,Main and Murray IB,37
10/3/2018 9:06,DCL Outbound-WS Inbound,Main and Murray IB,37
10/3/2018 9:06,DCL Outbound-WS Inbound,Main and Murray IB,37
10/3/2018 9:07,DCL Outbound-WS Inbound,Main and Murray IB,37
10/3/2018 9:07,DCL Outbound-WS Inbound,Main and Murray IB,37
10/3/2018 9:07,DCL Outbound-WS Inbound,Main and Murray IB,37
10/3/2018 9:07,DCL Outbound-WS Inbound,Main and Murray IB,37
10/3/2018 9:07,DCL Outbound-WS Inbound,Main and Murray IB,37
10/3/2018 9:07,DCL Outbound-WS Inbound,Main and Murray IB,37
10/3/2018 9:08,DCL Outbound-WS Inbound,Hawley IB,890
10/3/2018 9:08,DCL Outbound-WS Inbound,Hawley IB,890
10/3/2018 9:08,DCL Outbound-WS Inbound,Hawley IB,890
10/3/2018 9:08,DCL Outbound-WS Inbound,Main and Mather,37
10/3/2018 9:08,DCL Outbound-WS Inbound,Main and Mather,37
10/3/2018 9:08,DCL Outbound-WS Inbound,Main and Mather,37
10/3/2018 9:08,DCL Outbound-WS Inbound,Main and Mather,37
10/3/2018 9:08,DCL Outbound-WS Inbound,Main and Mather,37
10/3/2018 9:08,DCL Outbound-WS Inbound,Main and Mather,37
10/3/2018 9:09,DCL Outbound-WS Inbound,Main and Front OB,890
10/3/2018 9:09,DCL Outbound-WS Inbound,Main and Front OB,890
10/3/2018 9:09,DCL Outbound-WS Inbound,Main and Front OB,890
10/3/2018 9:09,DCL Outbound-WS Inbound,Main and Cedar IB,37
10/3/2018 9:09,DCL Outbound-WS Inbound,Main and Cedar IB,37
10/3/2018 9:09,DCL Outbound-WS Inbound,Main and Cedar IB,37
10/3/2018 9:09,DCL Outbound-WS Inbound,Main and Cedar IB,37
10/3/2018 9:10,DCL Outbound-WS Inbound,Main and Murray IB,890
10/3/2018 9:10,DCL Outbound-WS Inbound,Main and Murray IB,890
10/3/2018 9:10,DCL Outbound-WS Inbound,Main and Murray IB,890
10/3/2018 9:10,DCL Outbound-WS Inbound,Main and Clarke IB,37
10/3/2018 9:11,DCL Outbound-WS Inbound,Main and Mather,890
10/3/2018 9:11,DCL Outbound-WS Inbound,Main and Mather,890
10/3/2018 9:11,DCL Outbound-WS Inbound,Main and Mather,890
10/3/2018 9:12,DCL Outbound-WS Inbound,Main and Schiller IB,37
10/3/2018 9:12,DCL Outbound-WS Inbound,Main and Schiller IB,37
10/3/2018 9:12,DCL Outbound-WS Inbound,Main and Schiller IB,37
10/3/2018 9:12,DCL Outbound-WS Inbound,Main and Schiller IB,37
10/3/2018 9:12,DCL Outbound-WS Inbound,Main and Schiller IB,37
10/3/2018 9:13,DCL Outbound-WS Inbound,Main and Schiller IB,890
10/3/2018 9:13,DCL Outbound-WS Inbound,Main and Schiller IB,890
10/3/2018 9:13,DCL Outbound-WS Inbound,Main and Schiller IB,890
10/3/2018 9:13,DCL Outbound-WS Inbound,Main and Helen IB,37
10/3/2018 9:13,DCL Outbound-WS Inbound,Main and Schiller IB,890
10/3/2018 9:13,DCL Outbound-WS Inbound,Main and Schiller IB,890
10/3/2018 9:13,DCL Outbound-WS Inbound,Main and Schiller IB,890
10/3/2018 9:14,DCL Outbound-WS Inbound,Main and Crary,37
10/3/2018 9:14,DCL Outbound-WS Inbound,Union,526
10/3/2018 9:15,DCL Outbound-WS Inbound,Floral and Main IB,37
10/3/2018 9:15,DCL Outbound-WS Inbound,Main and Helen IB,890
10/3/2018 9:16,DCL Outbound-WS Inbound,Floral and Cleveland IB,37
10/3/2018 9:16,DCL Outbound-WS Inbound,Floral and Cleveland IB,37
10/3/2018 9:16,DCL Outbound-WS Inbound,Hawley IB,528
10/3/2018 9:16,DCL Outbound-WS Inbound,Hawley IB,528
10/3/2018 9:17,DCL Outbound-WS Inbound,Hawley IB,528
10/3/2018 9:17,DCL Outbound-WS Inbound,Floral and Burbank IB,37
10/3/2018 9:17,DCL Outbound-WS Inbound,Floral and Burbank IB,37
10/3/2018 9:17,DCL Outbound-WS Inbound,Floral and Cleveland IB,890
10/3/2018 9:18,DCL Outbound-WS Inbound,Main and Front OB,528
10/3/2018 9:18,DCL Outbound-WS Inbound,Floral and Burbank IB,890
10/3/2018 9:19,DCL Outbound-WS Inbound,Floral and Willow IB,890
10/3/2018 9:19,DCL Outbound-WS Inbound,Floral and Willow IB,890
10/3/2018 9:19,DCL Outbound-WS Inbound,Denny''s,526
10/3/2018 9:19,DCL Outbound-WS Inbound,Main and Murray IB,528
10/3/2018 9:20,DCL Outbound-WS Inbound,Main and Murray IB,528
10/3/2018 9:20,DCL Outbound-WS Inbound,Main and Murray IB,528
10/3/2018 9:20,DCL Outbound-WS Inbound,Main and Murray IB,528
10/3/2018 9:20,DCL Outbound-WS Inbound,Main and Murray IB,528
10/3/2018 9:20,DCL Outbound-WS Inbound,Main and Murray IB,528
10/3/2018 9:20,DCL Outbound-WS Inbound,Main and Mather,528
10/3/2018 9:20,DCL Outbound-WS Inbound,Main and Mather,528
10/3/2018 9:20,DCL Outbound-WS Inbound,Main and Mather,528
10/3/2018 9:21,DCL Outbound-WS Inbound,Main and Mather,528
10/3/2018 9:21,DCL Outbound-WS Inbound,Main and Mather,528
10/3/2018 9:21,DCL Outbound-WS Inbound,Main and Cedar IB,528
10/3/2018 9:21,DCL Outbound-WS Inbound,Main and Cedar IB,528
10/3/2018 9:21,DCL Outbound-WS Inbound,Main and Cedar IB,528
10/3/2018 9:21,DCL Outbound-WS Inbound,Main and Cedar IB,528
10/3/2018 9:21,DCL Outbound-WS Inbound,Main and Cedar IB,528
10/3/2018 9:21,DCL Outbound-WS Inbound,Main and Cedar IB,528
10/3/2018 9:21,DCL Outbound-WS Inbound,Main and Cedar IB,528
10/3/2018 9:22,DCL Outbound-WS Inbound,Main and Cedar IB,528
10/3/2018 9:22,DCL Outbound-WS Inbound,Main and Clarke IB,528
10/3/2018 9:22,DCL Outbound-WS Inbound,Main and Clarke IB,528
10/3/2018 9:23,DCL Outbound-WS Inbound,Main and Schiller IB,528
10/3/2018 9:23,DCL Outbound-WS Inbound,Main and Schiller IB,528
10/3/2018 9:23,DCL Outbound-WS Inbound,Main and Schiller IB,528
10/3/2018 9:23,DCL Outbound-WS Inbound,Main and Schiller IB,528
10/3/2018 9:24,DCL Outbound-WS Inbound,Main and Helen IB,528
10/3/2018 9:26,DCL Outbound-WS Inbound,Main and Crary,528
10/3/2018 9:26,DCL Outbound-WS Inbound,Main and Crary,528
10/3/2018 9:27,DCL Outbound-WS Inbound,Floral and Cleveland IB,528
10/3/2018 9:27,DCL Outbound-WS Inbound,Floral and Cleveland IB,528
10/3/2018 9:27,DCL Outbound-WS Inbound,Floral and Cleveland IB,528
10/3/2018 9:27,DCL Outbound-WS Inbound,Floral and Cleveland IB,528
10/3/2018 9:28,DCL Outbound-WS Inbound,Floral and Burbank IB,528
10/3/2018 9:29,DCL Outbound-WS Inbound,Floral and Harrison IB,528
10/3/2018 9:29,DCL Outbound-WS Inbound,Floral and Harrison IB,528
10/3/2018 9:30,DCL Outbound-WS Inbound,Floral and St. Charles,528
10/3/2018 9:33,DCL Outbound-WS Inbound,UDC,526
10/3/2018 9:39,DCL Outbound-WS Inbound,Hawley IB,526
10/3/2018 9:39,DCL Outbound-WS Inbound,Hawley IB,526
10/3/2018 9:42,DCL Outbound-WS Inbound,Main and Mather,526
10/3/2018 9:42,DCL Outbound-WS Inbound,Main and Mather,526
10/3/2018 9:42,DCL Outbound-WS Inbound,Main and Mather,526
10/3/2018 9:43,DCL Outbound-WS Inbound,Main and Cedar IB,526
10/3/2018 9:44,DCL Outbound-WS Inbound,Main and Schiller IB,526
10/3/2018 9:44,DCL Outbound-WS Inbound,Main and Schiller IB,526
10/3/2018 9:45,DCL Outbound-WS Inbound,Main and Schiller IB,526
10/3/2018 9:45,DCL Outbound-WS Inbound,Union,527
10/3/2018 9:45,DCL Outbound-WS Inbound,Union,527
10/3/2018 9:45,DCL Outbound-WS Inbound,Union,527
10/3/2018 9:45,DCL Outbound-WS Inbound,Union,527
10/3/2018 9:45,DCL Outbound-WS Inbound,Union,527
10/3/2018 9:45,DCL Outbound-WS Inbound,Union,527
10/3/2018 9:45,DCL Outbound-WS Inbound,Union,527
10/3/2018 9:45,DCL Outbound-WS Inbound,Union,527
10/3/2018 9:45,DCL Outbound-WS Inbound,Union,527
10/3/2018 9:46,DCL Outbound-WS Inbound,Union,527
10/3/2018 9:46,DCL Outbound-WS Inbound,Union,527
10/3/2018 9:46,DCL Outbound-WS Inbound,Union,527
10/3/2018 9:46,DCL Outbound-WS Inbound,Union,527
10/3/2018 9:46,DCL Outbound-WS Inbound,Main and Helen IB,526
10/3/2018 9:46,DCL Outbound-WS Inbound,Union,527
10/3/2018 9:46,DCL Outbound-WS Inbound,Union,527
10/3/2018 9:49,DCL Outbound-WS Inbound,Physical Facilities,527
10/3/2018 9:49,DCL Outbound-WS Inbound,Physical Facilities,527
10/3/2018 9:49,DCL Outbound-WS Inbound,Main and Murray IB,890
10/3/2018 9:52,DCL Outbound-WS Inbound,Main and Schiller IB,890
10/3/2018 9:52,DCL Outbound-WS Inbound,Main and Schiller IB,890
10/3/2018 9:52,DCL Outbound-WS Inbound,Main and Schiller IB,890
10/3/2018 9:52,DCL Outbound-WS Inbound,Main and Schiller IB,890
10/3/2018 9:54,DCL Outbound-WS Inbound,Main and Crary,890
10/3/2018 9:55,DCL Outbound-WS Inbound,Floral and Cleveland IB,890
10/3/2018 9:56,DCL Outbound-WS Inbound,Floral and Burbank IB,890
10/3/2018 10:03,DCL Outbound-WS Inbound,UDC,527
10/3/2018 10:04,DCL Outbound-WS Inbound,UDC,527
10/3/2018 10:04,DCL Outbound-WS Inbound,Union,890
10/3/2018 10:04,DCL Outbound-WS Inbound,Union,890
10/3/2018 10:07,DCL Outbound-WS Inbound,Union,890
10/3/2018 10:07,DCL Outbound-WS Inbound,Hawley IB,527
10/3/2018 10:07,DCL Outbound-WS Inbound,Hawley IB,527
10/3/2018 10:07,DCL Outbound-WS Inbound,Hawley IB,527
10/3/2018 10:07,DCL Outbound-WS Inbound,Hawley IB,527
10/3/2018 10:08,DCL Outbound-WS Inbound,Main and Front OB,527
10/3/2018 10:09,DCL Outbound-WS Inbound,Union,890
10/3/2018 10:09,DCL Outbound-WS Inbound,Main and Murray IB,527
10/3/2018 10:09,DCL Outbound-WS Inbound,Union,890
10/3/2018 10:09,DCL Outbound-WS Inbound,Union,890
10/3/2018 10:10,DCL Outbound-WS Inbound,Main and Mather,527
10/3/2018 10:10,DCL Outbound-WS Inbound,Main and Mather,527
10/3/2018 10:12,DCL Outbound-WS Inbound,Main and Schiller IB,527
10/3/2018 10:12,DCL Outbound-WS Inbound,Main and Schiller IB,527
10/3/2018 10:12,DCL Outbound-WS Inbound,Main and Schiller IB,527
10/3/2018 10:12,DCL Outbound-WS Inbound,Main and Schiller IB,527
10/3/2018 10:12,DCL Outbound-WS Inbound,Main and Schiller IB,527
10/3/2018 10:13,DCL Outbound-WS Inbound,Union,528
10/3/2018 10:13,DCL Outbound-WS Inbound,Union,528
10/3/2018 10:13,DCL Outbound-WS Inbound,Union,528
10/3/2018 10:14,DCL Outbound-WS Inbound,Union,528
10/3/2018 10:14,DCL Outbound-WS Inbound,Union,528
10/3/2018 10:15,DCL Outbound-WS Inbound,Floral and Main IB,527
10/3/2018 10:16,DCL Outbound-WS Inbound,Hawley IB,37
10/3/2018 10:18,DCL Outbound-WS Inbound,Main and Murray IB,37
10/3/2018 10:18,DCL Outbound-WS Inbound,Main and Murray IB,37
10/3/2018 10:18,DCL Outbound-WS Inbound,Main and Murray IB,37
10/3/2018 10:18,DCL Outbound-WS Inbound,Main and Murray IB,37
10/3/2018 10:19,DCL Outbound-WS Inbound,Main and Mather,37
10/3/2018 10:19,DCL Outbound-WS Inbound,Main and Mather,37
10/3/2018 10:19,DCL Outbound-WS Inbound,Main and Mather,37
10/3/2018 10:19,DCL Outbound-WS Inbound,Main and Mather,37
10/3/2018 10:19,DCL Outbound-WS Inbound,Main and Mather,37
10/3/2018 10:19,DCL Outbound-WS Inbound,Main and Mather,37
10/3/2018 10:21,DCL Outbound-WS Inbound,Main and Cedar IB,37
10/3/2018 10:21,DCL Outbound-WS Inbound,Main and Clarke IB,37
10/3/2018 10:23,DCL Outbound-WS Inbound,Main and Schiller IB,37
10/3/2018 10:23,DCL Outbound-WS Inbound,Main and Schiller IB,37
10/3/2018 10:23,DCL Outbound-WS Inbound,Main and Schiller IB,37
10/3/2018 10:23,DCL Outbound-WS Inbound,Main and Schiller IB,37
10/3/2018 10:23,DCL Outbound-WS Inbound,Main and Schiller IB,37
10/3/2018 10:23,DCL Outbound-WS Inbound,Main and Schiller IB,37
10/3/2018 10:23,DCL Outbound-WS Inbound,Main and Schiller IB,37
10/3/2018 10:23,DCL Outbound-WS Inbound,Main and Schiller IB,37
10/3/2018 10:23,DCL Outbound-WS Inbound,Main and Schiller IB,37
10/3/2018 10:23,DCL Outbound-WS Inbound,Main and Schiller IB,37
10/3/2018 10:23,DCL Outbound-WS Inbound,Main and Schiller IB,37
10/3/2018 10:23,DCL Outbound-WS Inbound,Main and Schiller IB,37
10/3/2018 10:24,DCL Outbound-WS Inbound,Main and Helen IB,37
10/3/2018 10:25,DCL Outbound-WS Inbound,Main and Crary,37
10/3/2018 10:27,DCL Outbound-WS Inbound,Floral and Main IB,37
10/3/2018 10:27,DCL Outbound-WS Inbound,Floral and Main IB,37
10/3/2018 10:27,DCL Outbound-WS Inbound,Floral and Cleveland IB,37
10/3/2018 10:27,DCL Outbound-WS Inbound,Floral and Cleveland IB,37
10/3/2018 10:27,DCL Outbound-WS Inbound,Floral and Cleveland IB,37
10/3/2018 10:28,DCL Outbound-WS Inbound,Union,891
10/3/2018 10:29,DCL Outbound-WS Inbound,Leroy St and Chestnut OB,528
10/3/2018 10:29,DCL Outbound-WS Inbound,Floral and Harrison IB,37
10/3/2018 10:29,DCL Outbound-WS Inbound,Union,891
10/3/2018 10:34,DCL Outbound-WS Inbound,UDC,528
10/3/2018 10:34,DCL Outbound-WS Inbound,UDC,528
10/3/2018 10:38,DCL Outbound-WS Inbound,Union,37
10/3/2018 10:38,DCL Outbound-WS Inbound,Union,37
10/3/2018 10:38,DCL Outbound-WS Inbound,Union,37
10/3/2018 10:38,DCL Outbound-WS Inbound,Union,37
10/3/2018 10:38,DCL Outbound-WS Inbound,Union,37
10/3/2018 10:38,DCL Outbound-WS Inbound,Union,37
10/3/2018 10:38,DCL Outbound-WS Inbound,Union,37
10/3/2018 10:38,DCL Outbound-WS Inbound,Union,37
10/3/2018 10:38,DCL Outbound-WS Inbound,Union,37
10/3/2018 10:38,DCL Outbound-WS Inbound,Union,37
10/3/2018 10:39,DCL Outbound-WS Inbound,Hawley IB,528
10/3/2018 10:39,DCL Outbound-WS Inbound,Hawley IB,528
10/3/2018 10:39,DCL Outbound-WS Inbound,Hawley IB,528
10/3/2018 10:39,DCL Outbound-WS Inbound,Union,37
10/3/2018 10:39,DCL Outbound-WS Inbound,Union,37
10/3/2018 10:39,DCL Outbound-WS Inbound,Union,37
10/3/2018 10:40,DCL Outbound-WS Inbound,Main and Front IB,528
10/3/2018 10:40,DCL Outbound-WS Inbound,Main and Front IB,528
10/3/2018 10:40,DCL Outbound-WS Inbound,Main and Front IB,528
10/3/2018 10:41,DCL Outbound-WS Inbound,Main and Murray IB,528
10/3/2018 10:41,DCL Outbound-WS Inbound,Main and Murray IB,528
10/3/2018 10:41,DCL Outbound-WS Inbound,Main and Murray IB,528
10/3/2018 10:41,DCL Outbound-WS Inbound,Main and Murray IB,528
10/3/2018 10:41,DCL Outbound-WS Inbound,Main and Murray IB,528
10/3/2018 10:42,DCL Outbound-WS Inbound,Main and Murray IB,528
10/3/2018 10:42,DCL Outbound-WS Inbound,Main and Murray IB,528
10/3/2018 10:42,DCL Outbound-WS Inbound,Main and Murray IB,528
10/3/2018 10:42,DCL Outbound-WS Inbound,Main and Murray IB,528
10/3/2018 10:42,DCL Outbound-WS Inbound,Main and Murray IB,528
10/3/2018 10:43,DCL Outbound-WS Inbound,Main and Mather,528
10/3/2018 10:44,DCL Outbound-WS Inbound,Main and Cedar IB,528
10/3/2018 10:44,DCL Outbound-WS Inbound,Main and Cedar IB,528
10/3/2018 10:44,DCL Outbound-WS Inbound,Leroy St and Murray IB,891
10/3/2018 10:45,DCL Outbound-WS Inbound,Main and Clarke IB,528
10/3/2018 10:45,DCL Outbound-WS Inbound,Main and Clarke IB,528
10/3/2018 10:45,DCL Outbound-WS Inbound,Main and Clarke IB,528
10/3/2018 10:45,DCL Outbound-WS Inbound,Main and Clarke IB,528
10/3/2018 10:45,DCL Outbound-WS Inbound,Main and Clarke IB,528
10/3/2018 10:46,DCL Outbound-WS Inbound,Main and Schiller IB,528
10/3/2018 10:46,DCL Outbound-WS Inbound,Main and Schiller IB,528
10/3/2018 10:46,DCL Outbound-WS Inbound,Main and Schiller IB,528
10/3/2018 10:46,DCL Outbound-WS Inbound,Main and Schiller IB,528
10/3/2018 10:46,DCL Outbound-WS Inbound,Main and Schiller IB,528
10/3/2018 10:46,DCL Outbound-WS Inbound,Main and Schiller IB,528
10/3/2018 10:46,DCL Outbound-WS Inbound,Main and Schiller IB,528
10/3/2018 10:46,DCL Outbound-WS Inbound,Main and Schiller IB,528
10/3/2018 10:46,DCL Outbound-WS Inbound,Main and Schiller IB,528
10/3/2018 10:47,DCL Outbound-WS Inbound,Main and Schiller IB,528
10/3/2018 10:47,DCL Outbound-WS Inbound,Main and Schiller IB,528
10/3/2018 10:47,DCL Outbound-WS Inbound,Main and Schiller IB,528
10/3/2018 10:48,DCL Outbound-WS Inbound,Main and Helen IB,528
10/3/2018 10:48,DCL Outbound-WS Inbound,Main and Helen IB,528
10/3/2018 10:48,DCL Outbound-WS Inbound,Main and Helen IB,528
10/3/2018 10:48,DCL Outbound-WS Inbound,Union,526
10/3/2018 10:48,DCL Outbound-WS Inbound,Union,526
10/3/2018 10:48,DCL Outbound-WS Inbound,Union,526
10/3/2018 10:48,DCL Outbound-WS Inbound,Union,526
10/3/2018 10:48,DCL Outbound-WS Inbound,Union,526
10/3/2018 10:48,DCL Outbound-WS Inbound,Union,526
10/3/2018 10:48,DCL Outbound-WS Inbound,UDC,891
10/3/2018 10:50,DCL Outbound-WS Inbound,Floral and Cleveland IB,528
10/3/2018 10:50,DCL Outbound-WS Inbound,Floral and Cleveland IB,528
10/3/2018 10:50,DCL Outbound-WS Inbound,Floral and Cleveland IB,528
10/3/2018 10:50,DCL Outbound-WS Inbound,Floral and Burbank IB,528
10/3/2018 10:52,DCL Outbound-WS Inbound,Floral and Harrison IB,528
10/3/2018 10:52,DCL Outbound-WS Inbound,Hawley IB,891
10/3/2018 10:52,DCL Outbound-WS Inbound,Hawley IB,891
10/3/2018 10:52,DCL Outbound-WS Inbound,Hawley IB,891
10/3/2018 10:52,DCL Outbound-WS Inbound,Hawley IB,891
10/3/2018 10:52,DCL Outbound-WS Inbound,Hawley IB,891
10/3/2018 10:53,DCL Outbound-WS Inbound,Main and Murray IB,891
10/3/2018 10:53,DCL Outbound-WS Inbound,Main and Murray IB,891
10/3/2018 10:53,DCL Outbound-WS Inbound,Main and Murray IB,891
10/3/2018 10:54,DCL Outbound-WS Inbound,Main and Murray IB,891
10/3/2018 10:54,DCL Outbound-WS Inbound,Main and Murray IB,891
10/3/2018 10:54,DCL Outbound-WS Inbound,UDC,37
10/3/2018 10:54,DCL Outbound-WS Inbound,UDC,37
10/3/2018 10:54,DCL Outbound-WS Inbound,UDC,37
10/3/2018 10:54,DCL Outbound-WS Inbound,UDC,37
10/3/2018 10:54,DCL Outbound-WS Inbound,UDC,37
10/3/2018 10:54,DCL Outbound-WS Inbound,UDC,37
10/3/2018 10:54,DCL Outbound-WS Inbound,UDC,37
10/3/2018 10:54,DCL Outbound-WS Inbound,UDC,37
10/3/2018 10:54,DCL Outbound-WS Inbound,UDC,37
10/3/2018 10:54,DCL Outbound-WS Inbound,UDC,37
10/3/2018 10:54,DCL Outbound-WS Inbound,UDC,37
10/3/2018 10:54,DCL Outbound-WS Inbound,UDC,37
10/3/2018 10:54,DCL Outbound-WS Inbound,UDC,37
10/3/2018 10:55,DCL Outbound-WS Inbound,UDC,37
10/3/2018 10:55,DCL Outbound-WS Inbound,Main and Mather,891
10/3/2018 10:55,DCL Outbound-WS Inbound,Main and Mather,891
10/3/2018 10:55,DCL Outbound-WS Inbound,Main and Mather,891
10/3/2018 10:55,DCL Outbound-WS Inbound,Main and Mather,891
10/3/2018 10:56,DCL Outbound-WS Inbound,Main and Clarke IB,891
10/3/2018 10:56,DCL Outbound-WS Inbound,Main and Clarke IB,891
10/3/2018 10:56,DCL Outbound-WS Inbound,Main and Clarke IB,891
10/3/2018 10:58,DCL Outbound-WS Inbound,Main and Schiller IB,891
10/3/2018 10:58,DCL Outbound-WS Inbound,Main and Schiller IB,891
10/3/2018 10:58,DCL Outbound-WS Inbound,Union,55
10/3/2018 10:58,DCL Outbound-WS Inbound,Union,55
10/3/2018 10:58,DCL Outbound-WS Inbound,Union,55
10/3/2018 10:58,DCL Outbound-WS Inbound,Union,55
10/3/2018 10:58,DCL Outbound-WS Inbound,Union,55
10/3/2018 10:59,DCL Outbound-WS Inbound,Union,55
10/3/2018 10:59,DCL Outbound-WS Inbound,Union,55
10/3/2018 10:59,DCL Outbound-WS Inbound,Union,55
10/3/2018 10:59,DCL Outbound-WS Inbound,Main and Helen IB,891
10/3/2018 10:59,DCL Outbound-WS Inbound,Union,55
10/3/2018 10:59,DCL Outbound-WS Inbound,Union,55
10/3/2018 10:59,DCL Outbound-WS Inbound,Union,55
10/3/2018 10:59,DCL Outbound-WS Inbound,Union,55
10/3/2018 11:00,DCL Outbound-WS Inbound,Union,55
10/3/2018 11:00,DCL Outbound-WS Inbound,Union,55
10/3/2018 11:01,DCL Outbound-WS Inbound,Floral and Burbank IB,891
10/3/2018 11:03,DCL Outbound-WS Inbound,Floral and Harrison IB,891
10/3/2018 11:08,DCL Outbound-WS Inbound,UDC,526
10/3/2018 11:08,DCL Outbound-WS Inbound,UDC,526
10/3/2018 11:10,DCL Outbound-WS Inbound,Hawley IB,526
10/3/2018 11:12,DCL Outbound-WS Inbound,Main and Murray IB,526
10/3/2018 11:12,DCL Outbound-WS Inbound,Main and Murray IB,526
10/3/2018 11:12,DCL Outbound-WS Inbound,Main and Murray IB,526
10/3/2018 11:12,DCL Outbound-WS Inbound,Main and Murray IB,526
10/3/2018 11:13,DCL Outbound-WS Inbound,Main and Mather,526
10/3/2018 11:13,DCL Outbound-WS Inbound,Main and Mather,526
10/3/2018 11:13,DCL Outbound-WS Inbound,Main and Mather,526
10/3/2018 11:13,DCL Outbound-WS Inbound,Main and Mather,526
10/3/2018 11:13,DCL Outbound-WS Inbound,Main and Mather,526
10/3/2018 11:14,DCL Outbound-WS Inbound,Main and Cedar IB,526
10/3/2018 11:14,DCL Outbound-WS Inbound,Main and Cedar IB,526
10/3/2018 11:14,DCL Outbound-WS Inbound,Main and Cedar IB,526
10/3/2018 11:14,DCL Outbound-WS Inbound,Main and Cedar IB,526
10/3/2018 11:14,DCL Outbound-WS Inbound,Main and Cedar IB,526
10/3/2018 11:15,DCL Outbound-WS Inbound,Main and Clarke IB,526
10/3/2018 11:15,DCL Outbound-WS Inbound,Main and Clarke IB,526
10/3/2018 11:15,DCL Outbound-WS Inbound,Main and Clarke IB,526
10/3/2018 11:15,DCL Outbound-WS Inbound,Main and Clarke IB,526
10/3/2018 11:17,DCL Outbound-WS Inbound,Main and Schiller IB,526
10/3/2018 11:17,DCL Outbound-WS Inbound,Main and Schiller IB,526
10/3/2018 11:17,DCL Outbound-WS Inbound,Main and Schiller IB,526
10/3/2018 11:17,DCL Outbound-WS Inbound,UDC,55
10/3/2018 11:19,DCL Outbound-WS Inbound,Main and Helen IB,526
10/3/2018 11:20,DCL Outbound-WS Inbound,Main and Crary,526
10/3/2018 11:20,DCL Outbound-WS Inbound,UDC,55
10/3/2018 11:21,DCL Outbound-WS Inbound,Floral and Cleveland IB,526
10/3/2018 11:23,DCL Outbound-WS Inbound,Hawley IB,55
10/3/2018 11:23,DCL Outbound-WS Inbound,Hawley IB,55
10/3/2018 11:23,DCL Outbound-WS Inbound,Hawley IB,55
10/3/2018 11:23,DCL Outbound-WS Inbound,Floral and Roberts OB,526
10/3/2018 11:24,DCL Outbound-WS Inbound,Floral and Harrison IB,526
10/3/2018 11:24,DCL Outbound-WS Inbound,Main and Front OB,55
10/3/2018 11:25,DCL Outbound-WS Inbound,Floral and Cook,526
10/3/2018 11:25,DCL Outbound-WS Inbound,Floral and Cook,526
10/3/2018 11:25,DCL Outbound-WS Inbound,Main and Murray IB,55
10/3/2018 11:25,DCL Outbound-WS Inbound,Main and Murray IB,55
10/3/2018 11:25,DCL Outbound-WS Inbound,Main and Murray IB,55
10/3/2018 11:25,DCL Outbound-WS Inbound,Main and Murray IB,55
10/3/2018 11:25,DCL Outbound-WS Inbound,Main and Murray IB,55
10/3/2018 11:27,DCL Outbound-WS Inbound,Main and Cedar IB,55
10/3/2018 11:27,DCL Outbound-WS Inbound,Union,528
10/3/2018 11:28,DCL Outbound-WS Inbound,Union,528
10/3/2018 11:28,DCL Outbound-WS Inbound,Union,528
10/3/2018 11:28,DCL Outbound-WS Inbound,Union,528
10/3/2018 11:28,DCL Outbound-WS Inbound,Union,528
10/3/2018 11:28,DCL Outbound-WS Inbound,Union,528
10/3/2018 11:28,DCL Outbound-WS Inbound,Main and Clarke IB,55
10/3/2018 11:28,DCL Outbound-WS Inbound,Main and Clarke IB,55
10/3/2018 11:28,DCL Outbound-WS Inbound,Union,528
10/3/2018 11:28,DCL Outbound-WS Inbound,Main and Clarke IB,55
10/3/2018 11:29,DCL Outbound-WS Inbound,Union,528
10/3/2018 11:29,DCL Outbound-WS Inbound,Leroy St and Murray OB,37
10/3/2018 11:29,DCL Outbound-WS Inbound,Union,528
10/3/2018 11:29,DCL Outbound-WS Inbound,Main and Schiller IB,55
10/3/2018 11:29,DCL Outbound-WS Inbound,Main and Schiller IB,55
10/3/2018 11:29,DCL Outbound-WS Inbound,Main and Schiller IB,55
10/3/2018 11:30,DCL Outbound-WS Inbound,Main and Schiller IB,55
10/3/2018 11:30,DCL Outbound-WS Inbound,Main and Schiller IB,55
10/3/2018 11:30,DCL Outbound-WS Inbound,Union,528
10/3/2018 11:31,DCL Outbound-WS Inbound,Main and Helen IB,55
10/3/2018 11:32,DCL Outbound-WS Inbound,Main and Crary,55
10/3/2018 11:32,DCL Outbound-WS Inbound,Physical Facilities,528
10/3/2018 11:33,DCL Outbound-WS Inbound,Physical Facilities,528
10/3/2018 11:33,DCL Outbound-WS Inbound,Main and Murray IB,527
10/3/2018 11:33,DCL Outbound-WS Inbound,Main and Murray IB,527
10/3/2018 11:33,DCL Outbound-WS Inbound,Main and Murray IB,527
10/3/2018 11:34,DCL Outbound-WS Inbound,Floral and Cleveland IB,55
10/3/2018 11:35,DCL Outbound-WS Inbound,Floral and Burbank IB,55
10/3/2018 11:35,DCL Outbound-WS Inbound,Floral and Burbank IB,55
10/3/2018 11:36,DCL Outbound-WS Inbound,Main and Schiller IB,527
10/3/2018 11:39,DCL Outbound-WS Inbound,Main and Murray IB,37
10/3/2018 11:39,DCL Outbound-WS Inbound,Main and Murray IB,37
10/3/2018 11:39,DCL Outbound-WS Inbound,Main and Murray IB,37
10/3/2018 11:40,DCL Outbound-WS Inbound,Main and Mather,37
10/3/2018 11:40,DCL Outbound-WS Inbound,Main and Mather,37
10/3/2018 11:40,DCL Outbound-WS Inbound,Main and Mather,37
10/3/2018 11:40,DCL Outbound-WS Inbound,Main and Mather,37
10/3/2018 11:40,DCL Outbound-WS Inbound,Main and Mather,37
10/3/2018 11:41,DCL Outbound-WS Inbound,Main and Cedar IB,37
10/3/2018 11:41,DCL Outbound-WS Inbound,Main and Cedar IB,37
10/3/2018 11:41,DCL Outbound-WS Inbound,Main and Cedar IB,37
10/3/2018 11:41,DCL Outbound-WS Inbound,Main and Cedar IB,37
10/3/2018 11:42,DCL Outbound-WS Inbound,Main and Clarke IB,37
10/3/2018 11:42,DCL Outbound-WS Inbound,Main and Clarke IB,37
10/3/2018 11:42,DCL Outbound-WS Inbound,Main and Clarke IB,37
10/3/2018 11:43,DCL Outbound-WS Inbound,Main and Schiller IB,37
10/3/2018 11:43,DCL Outbound-WS Inbound,Main and Schiller IB,37
10/3/2018 11:43,DCL Outbound-WS Inbound,Main and Schiller IB,37
10/3/2018 11:44,DCL Outbound-WS Inbound,Main and Helen IB,37
10/3/2018 11:45,DCL Outbound-WS Inbound,Main and Crary,37
10/3/2018 11:47,DCL Outbound-WS Inbound,Floral and Roberts OB,37
10/3/2018 11:49,DCL Outbound-WS Inbound,Union,526
10/3/2018 11:49,DCL Outbound-WS Inbound,Union,526
10/3/2018 11:50,DCL Outbound-WS Inbound,UDC,528
10/3/2018 11:51,DCL Outbound-WS Inbound,UDC IB,528
10/3/2018 11:51,DCL Outbound-WS Inbound,Engineering Bldg,526
10/3/2018 11:52,DCL Outbound-WS Inbound,Hawley IB,528
10/3/2018 11:52,DCL Outbound-WS Inbound,Hawley IB,528
10/3/2018 11:52,DCL Outbound-WS Inbound,Hawley IB,528
10/3/2018 11:54,DCL Outbound-WS Inbound,Main and Front OB,528
10/3/2018 11:55,DCL Outbound-WS Inbound,Main and Murray IB,528
10/3/2018 11:55,DCL Outbound-WS Inbound,Main and Murray IB,528
10/3/2018 11:56,DCL Outbound-WS Inbound,Main and Mather,528
10/3/2018 11:57,DCL Outbound-WS Inbound,Main and Cedar IB,528
10/3/2018 11:57,DCL Outbound-WS Inbound,Main and Cedar IB,528
10/3/2018 11:57,DCL Outbound-WS Inbound,Mohawk,37
10/3/2018 11:57,DCL Outbound-WS Inbound,Mohawk,37
10/3/2018 11:58,DCL Outbound-WS Inbound,Mohawk,37
10/3/2018 11:58,DCL Outbound-WS Inbound,Mohawk,37
10/3/2018 11:58,DCL Outbound-WS Inbound,Mohawk,37
10/3/2018 11:58,DCL Outbound-WS Inbound,Mohawk,37
10/3/2018 11:58,DCL Outbound-WS Inbound,Mohawk,37
10/3/2018 11:58,DCL Outbound-WS Inbound,Mohawk,37
10/3/2018 11:58,DCL Outbound-WS Inbound,Mohawk,37
10/3/2018 11:58,DCL Outbound-WS Inbound,Mohawk,37
10/3/2018 11:58,DCL Outbound-WS Inbound,Mohawk,37
10/3/2018 11:58,DCL Outbound-WS Inbound,Mohawk,37
10/3/2018 11:58,DCL Outbound-WS Inbound,Mohawk,37
10/3/2018 11:58,DCL Outbound-WS Inbound,Mohawk,37
10/3/2018 11:58,DCL Outbound-WS Inbound,Mohawk,37
10/3/2018 11:58,DCL Outbound-WS Inbound,Main and Clarke IB,528
10/3/2018 11:58,DCL Outbound-WS Inbound,Mohawk,37
10/3/2018 11:58,DCL Outbound-WS Inbound,Mohawk,37
10/3/2018 11:58,DCL Outbound-WS Inbound,Mohawk,37
10/3/2018 11:58,DCL Outbound-WS Inbound,Mohawk,37
10/3/2018 11:58,DCL Outbound-WS Inbound,Mohawk,37
10/3/2018 11:59,DCL Outbound-WS Inbound,Mohawk,37
10/3/2018 11:59,DCL Outbound-WS Inbound,Main and Schiller IB,528
10/3/2018 11:59,DCL Outbound-WS Inbound,Mohawk,37
10/3/2018 11:59,DCL Outbound-WS Inbound,Main and Schiller IB,528
10/3/2018 11:59,DCL Outbound-WS Inbound,Main and Schiller IB,528
10/3/2018 11:59,DCL Outbound-WS Inbound,Main and Schiller IB,528
10/3/2018 11:59,DCL Outbound-WS Inbound,Main and Schiller IB,528
10/3/2018 11:59,DCL Outbound-WS Inbound,Union,890
10/3/2018 11:59,DCL Outbound-WS Inbound,Mohawk,37
10/3/2018 11:59,DCL Outbound-WS Inbound,Union,890
10/3/2018 11:59,DCL Outbound-WS Inbound,Union,890
10/3/2018 11:59,DCL Outbound-WS Inbound,Union,890
10/3/2018 11:59,DCL Outbound-WS Inbound,Union,890
10/3/2018 11:59,DCL Outbound-WS Inbound,Union,890
10/3/2018 11:59,DCL Outbound-WS Inbound,Union,890
10/3/2018 11:59,DCL Outbound-WS Inbound,Mohawk,37
10/3/2018 11:59,DCL Outbound-WS Inbound,Union,890
10/3/2018 11:59,DCL Outbound-WS Inbound,Mohawk,37
10/3/2018 11:59,DCL Outbound-WS Inbound,Union,890
10/3/2018 11:59,DCL Outbound-WS Inbound,Union,890
10/3/2018 11:59,DCL Outbound-WS Inbound,Union,890
10/3/2018 11:59,DCL Outbound-WS Inbound,Union,890
10/3/2018 11:59,DCL Outbound-WS Inbound,Union,890
10/3/2018 12:02,DCL Outbound-WS Inbound,Physical Facilities,890
10/3/2018 12:02,DCL Outbound-WS Inbound,East Gym,37
10/3/2018 12:03,DCL Outbound-WS Inbound,East Gym,37
10/3/2018 12:06,DCL Outbound-WS Inbound,UP,37
10/3/2018 12:06,DCL Outbound-WS Inbound,UP,37
10/3/2018 12:07,DCL Outbound-WS Inbound,UP,37
10/3/2018 12:07,DCL Outbound-WS Inbound,UP,37
10/3/2018 12:07,DCL Outbound-WS Inbound,UP,37
10/3/2018 12:07,DCL Outbound-WS Inbound,UP,37
10/3/2018 12:07,DCL Outbound-WS Inbound,UP,37
10/3/2018 12:07,DCL Outbound-WS Inbound,UP,37
10/3/2018 12:07,DCL Outbound-WS Inbound,UP,37
10/3/2018 12:09,DCL Outbound-WS Inbound,Meadows OB,37
10/3/2018 12:09,DCL Outbound-WS Inbound,Meadows OB,37
10/3/2018 12:10,DCL Outbound-WS Inbound,UDC IB,526
10/3/2018 12:13,DCL Outbound-WS Inbound,Union,37
10/3/2018 12:13,DCL Outbound-WS Inbound,Union,37
10/3/2018 12:13,DCL Outbound-WS Inbound,Union,37
10/3/2018 12:13,DCL Outbound-WS Inbound,Union,37
10/3/2018 12:13,DCL Outbound-WS Inbound,Union,37
10/3/2018 12:13,DCL Outbound-WS Inbound,Main and Front IB,526
10/3/2018 12:13,DCL Outbound-WS Inbound,Main and Front IB,526
10/3/2018 12:15,DCL Outbound-WS Inbound,Union,37
10/3/2018 12:15,DCL Outbound-WS Inbound,Union,37
10/3/2018 12:16,DCL Outbound-WS Inbound,Main and Mather,526
10/3/2018 12:16,DCL Outbound-WS Inbound,Main and Mather,526
10/3/2018 12:16,DCL Outbound-WS Inbound,Union,37
10/3/2018 12:16,DCL Outbound-WS Inbound,Union,37
10/3/2018 12:17,DCL Outbound-WS Inbound,Main and Cedar IB,526
10/3/2018 12:17,DCL Outbound-WS Inbound,Main and Cedar IB,526
10/3/2018 12:17,DCL Outbound-WS Inbound,Main and Cedar IB,526
10/3/2018 12:19,DCL Outbound-WS Inbound,UDC,890
10/3/2018 12:20,DCL Outbound-WS Inbound,Main and Schiller IB,526
10/3/2018 12:20,DCL Outbound-WS Inbound,Main and Schiller IB,526
10/3/2018 12:20,DCL Outbound-WS Inbound,Main and Schiller IB,526
10/3/2018 12:20,DCL Outbound-WS Inbound,Main and Schiller IB,526
10/3/2018 12:20,DCL Outbound-WS Inbound,Main and Schiller IB,526
10/3/2018 12:20,DCL Outbound-WS Inbound,Main and Schiller IB,526
10/3/2018 12:20,DCL Outbound-WS Inbound,Main and Schiller IB,526
10/3/2018 12:21,DCL Outbound-WS Inbound,Main and Helen IB,526
10/3/2018 12:23,DCL Outbound-WS Inbound,Main and Murray IB,890
10/3/2018 12:23,DCL Outbound-WS Inbound,Floral and Cleveland IB,526
10/3/2018 12:24,DCL Outbound-WS Inbound,Floral and Cleveland IB,526
10/3/2018 12:24,DCL Outbound-WS Inbound,Main and Murray IB,890
10/3/2018 12:24,DCL Outbound-WS Inbound,Main and Murray IB,890
10/3/2018 12:25,DCL Outbound-WS Inbound,Floral and Willow IB,526
10/3/2018 12:25,DCL Outbound-WS Inbound,Floral and Willow IB,526
10/3/2018 12:25,DCL Outbound-WS Inbound,Main and Mather,890
10/3/2018 12:25,DCL Outbound-WS Inbound,Denny''s,37
10/3/2018 12:26,DCL Outbound-WS Inbound,Main and Clarke IB,890
10/3/2018 12:26,DCL Outbound-WS Inbound,Main and Clarke IB,890
10/3/2018 12:27,DCL Outbound-WS Inbound,Main and Schiller IB,890
10/3/2018 12:27,DCL Outbound-WS Inbound,Main and Schiller IB,890
10/3/2018 12:27,DCL Outbound-WS Inbound,Main and Schiller IB,890
10/3/2018 12:27,DCL Outbound-WS Inbound,Main and Schiller IB,890
10/3/2018 12:28,DCL Outbound-WS Inbound,Union,55
10/3/2018 12:28,DCL Outbound-WS Inbound,Union,55
10/3/2018 12:28,DCL Outbound-WS Inbound,Union,55
10/3/2018 12:28,DCL Outbound-WS Inbound,Union,55
10/3/2018 12:28,DCL Outbound-WS Inbound,Union,55
10/3/2018 12:28,DCL Outbound-WS Inbound,Union,55
10/3/2018 12:29,DCL Outbound-WS Inbound,Union,55
10/3/2018 12:29,DCL Outbound-WS Inbound,Union,55
10/3/2018 12:29,DCL Outbound-WS Inbound,Union,55
10/3/2018 12:29,DCL Outbound-WS Inbound,Union,55
10/3/2018 12:29,DCL Outbound-WS Inbound,Union,55
10/3/2018 12:30,DCL Outbound-WS Inbound,Main and Helen IB,890
10/3/2018 12:32,DCL Outbound-WS Inbound,Floral and Cleveland IB,890
10/3/2018 12:32,DCL Outbound-WS Inbound,Floral and Cleveland IB,890
10/3/2018 12:32,DCL Outbound-WS Inbound,Floral and Cleveland IB,890
10/3/2018 12:33,DCL Outbound-WS Inbound,Floral and Willow IB,890
10/3/2018 12:34,DCL Outbound-WS Inbound,Floral and Roberts OB,890
10/3/2018 12:41,DCL Outbound-WS Inbound,UDC,37
10/3/2018 12:41,DCL Outbound-WS Inbound,UDC,37
10/3/2018 12:44,DCL Outbound-WS Inbound,Hawley IB,37
10/3/2018 12:44,DCL Outbound-WS Inbound,Hawley IB,37
10/3/2018 12:44,DCL Outbound-WS Inbound,Hawley IB,37
10/3/2018 12:44,DCL Outbound-WS Inbound,Hawley IB,37
10/3/2018 12:45,DCL Outbound-WS Inbound,Union,527
10/3/2018 12:45,DCL Outbound-WS Inbound,Union,527
10/3/2018 12:45,DCL Outbound-WS Inbound,Union,527
10/3/2018 12:45,DCL Outbound-WS Inbound,Union,527
10/3/2018 12:45,DCL Outbound-WS Inbound,Union,527
10/3/2018 12:45,DCL Outbound-WS Inbound,Union,527
10/3/2018 12:45,DCL Outbound-WS Inbound,Main and Murray IB,37
10/3/2018 12:45,DCL Outbound-WS Inbound,Main and Murray IB,37
10/3/2018 12:45,DCL Outbound-WS Inbound,Main and Murray IB,37
10/3/2018 12:45,DCL Outbound-WS Inbound,Main and Murray IB,37
10/3/2018 12:45,DCL Outbound-WS Inbound,Main and Murray IB,37
10/3/2018 12:45,DCL Outbound-WS Inbound,Main and Murray IB,37
10/3/2018 12:45,DCL Outbound-WS Inbound,Main and Murray IB,37
10/3/2018 12:45,DCL Outbound-WS Inbound,Main and Murray IB,37
10/3/2018 12:46,DCL Outbound-WS Inbound,Main and Murray IB,37
10/3/2018 12:46,DCL Outbound-WS Inbound,Main and Murray IB,37
10/3/2018 12:46,DCL Outbound-WS Inbound,Union,527
10/3/2018 12:46,DCL Outbound-WS Inbound,Union,527
10/3/2018 12:46,DCL Outbound-WS Inbound,Main and Mather,37
10/3/2018 12:46,DCL Outbound-WS Inbound,Main and Mather,37
10/3/2018 12:46,DCL Outbound-WS Inbound,Main and Mather,37
10/3/2018 12:47,DCL Outbound-WS Inbound,Main and Mather,37
10/3/2018 12:47,DCL Outbound-WS Inbound,Main and Mather,37
10/3/2018 12:47,DCL Outbound-WS Inbound,Main and Cedar IB,37
10/3/2018 12:47,DCL Outbound-WS Inbound,Main and Cedar IB,37
10/3/2018 12:47,DCL Outbound-WS Inbound,Main and Cedar IB,37
10/3/2018 12:47,DCL Outbound-WS Inbound,Main and Cedar IB,37
10/3/2018 12:48,DCL Outbound-WS Inbound,Main and Clarke OB,37
10/3/2018 12:48,DCL Outbound-WS Inbound,Main and Clarke OB,37
10/3/2018 12:48,DCL Outbound-WS Inbound,Physical Facilities,527
10/3/2018 12:48,DCL Outbound-WS Inbound,Main and Clarke OB,37
10/3/2018 12:48,DCL Outbound-WS Inbound,Main and Clarke OB,37
10/3/2018 12:48,DCL Outbound-WS Inbound,Main and Clarke OB,37
10/3/2018 12:48,DCL Outbound-WS Inbound,Main and Clarke OB,37
10/3/2018 12:48,DCL Outbound-WS Inbound,Main and Clarke OB,37
10/3/2018 12:50,DCL Outbound-WS Inbound,Main and Schiller IB,37
10/3/2018 12:50,DCL Outbound-WS Inbound,Main and Schiller IB,37
10/3/2018 12:50,DCL Outbound-WS Inbound,Main and Schiller IB,37
10/3/2018 12:50,DCL Outbound-WS Inbound,Main and Schiller IB,37
10/3/2018 12:50,DCL Outbound-WS Inbound,UDC IB,55
10/3/2018 12:50,DCL Outbound-WS Inbound,Main and Schiller IB,37
10/3/2018 12:50,DCL Outbound-WS Inbound,Main and Schiller IB,37
10/3/2018 12:50,DCL Outbound-WS Inbound,Main and Schiller IB,37
10/3/2018 12:50,DCL Outbound-WS Inbound,Main and Schiller IB,37
10/3/2018 12:50,DCL Outbound-WS Inbound,Main and Schiller IB,37
10/3/2018 12:50,DCL Outbound-WS Inbound,Main and Schiller IB,37
10/3/2018 12:50,DCL Outbound-WS Inbound,Main and Schiller IB,37
10/3/2018 12:50,DCL Outbound-WS Inbound,Main and Schiller IB,37
10/3/2018 12:50,DCL Outbound-WS Inbound,Main and Schiller IB,37
10/3/2018 12:50,DCL Outbound-WS Inbound,Main and Schiller IB,37
10/3/2018 12:50,DCL Outbound-WS Inbound,Main and Schiller IB,37
10/3/2018 12:50,DCL Outbound-WS Inbound,Main and Schiller IB,37
10/3/2018 12:50,DCL Outbound-WS Inbound,Main and Schiller IB,37
10/3/2018 12:50,DCL Outbound-WS Inbound,UDC,55
10/3/2018 12:50,DCL Outbound-WS Inbound,Main and Schiller IB,37
10/3/2018 12:50,DCL Outbound-WS Inbound,Main and Schiller IB,37
10/3/2018 12:50,DCL Outbound-WS Inbound,Main and Schiller IB,37
10/3/2018 12:50,DCL Outbound-WS Inbound,Main and Schiller IB,37
10/3/2018 12:53,DCL Outbound-WS Inbound,Main and Murray IB,55
10/3/2018 12:53,DCL Outbound-WS Inbound,Main and Murray IB,55
10/3/2018 12:53,DCL Outbound-WS Inbound,Main and Murray IB,55
10/3/2018 12:53,DCL Outbound-WS Inbound,Main and Murray IB,55
10/3/2018 12:54,DCL Outbound-WS Inbound,Main and Murray IB,55
10/3/2018 12:55,DCL Outbound-WS Inbound,Main and Mather,55
10/3/2018 12:55,DCL Outbound-WS Inbound,Main and Mather,55
10/3/2018 12:55,DCL Outbound-WS Inbound,Main and Mather,55
10/3/2018 12:55,DCL Outbound-WS Inbound,Main and Mather,55
10/3/2018 12:55,DCL Outbound-WS Inbound,Main and Mather,55
10/3/2018 12:55,DCL Outbound-WS Inbound,Main and Mather,55
10/3/2018 12:55,DCL Outbound-WS Inbound,Main and Mather,55
10/3/2018 12:55,DCL Outbound-WS Inbound,Main and Mather,55
10/3/2018 12:55,DCL Outbound-WS Inbound,Main and Mather,55
10/3/2018 12:55,DCL Outbound-WS Inbound,Main and Mather,55
10/3/2018 12:55,DCL Outbound-WS Inbound,Main and Mather,55
10/3/2018 12:55,DCL Outbound-WS Inbound,Main and Mather,55
10/3/2018 12:55,DCL Outbound-WS Inbound,Main and Mather,55
10/3/2018 12:55,DCL Outbound-WS Inbound,Main and Mather,55
10/3/2018 12:55,DCL Outbound-WS Inbound,Main and Mather,55
10/3/2018 12:55,DCL Outbound-WS Inbound,Main and Mather,55
10/3/2018 12:56,DCL Outbound-WS Inbound,Main and Cedar IB,55
10/3/2018 12:57,DCL Outbound-WS Inbound,Riverside and Beethoven OB,527
10/3/2018 12:59,DCL Outbound-WS Inbound,Main and Helen IB,55
10/3/2018 12:59,DCL Outbound-WS Inbound,Main and Helen IB,55
10/3/2018 12:59,DCL Outbound-WS Inbound,Main and Helen IB,55
10/3/2018 12:59,DCL Outbound-WS Inbound,Main and Helen IB,55
10/3/2018 12:59,DCL Outbound-WS Inbound,Main and Helen IB,55
10/3/2018 13:01,DCL Outbound-WS Inbound,Leroy St and Murray OB,527
10/3/2018 13:01,DCL Outbound-WS Inbound,Floral and Main IB,55
10/3/2018 13:02,DCL Outbound-WS Inbound,Floral and Main IB,55
10/3/2018 13:03,DCL Outbound-WS Inbound,Floral and Cleveland IB,55
10/3/2018 13:09,DCL Outbound-WS Inbound,Main and Front OB,527
10/3/2018 13:10,DCL Outbound-WS Inbound,Main and Murray IB,527
10/3/2018 13:10,DCL Outbound-WS Inbound,Main and Murray IB,527
10/3/2018 13:11,DCL Outbound-WS Inbound,Main and Mather,527
10/3/2018 13:11,DCL Outbound-WS Inbound,Main and Mather,527
10/3/2018 13:12,DCL Outbound-WS Inbound,Main and Cedar IB,527
10/3/2018 13:13,DCL Outbound-WS Inbound,Union,55
10/3/2018 13:13,DCL Outbound-WS Inbound,Union,55
10/3/2018 13:13,DCL Outbound-WS Inbound,Union,55
10/3/2018 13:13,DCL Outbound-WS Inbound,Union,55
10/3/2018 13:13,DCL Outbound-WS Inbound,Union,55
10/3/2018 13:13,DCL Outbound-WS Inbound,Main and Clarke OB,527
10/3/2018 13:13,DCL Outbound-WS Inbound,Union,526
10/3/2018 13:13,DCL Outbound-WS Inbound,Union,55
10/3/2018 13:13,DCL Outbound-WS Inbound,Main and Clarke OB,527
10/3/2018 13:13,DCL Outbound-WS Inbound,Union,526
10/3/2018 13:13,DCL Outbound-WS Inbound,Union,55
10/3/2018 13:13,DCL Outbound-WS Inbound,Union,526
10/3/2018 13:13,DCL Outbound-WS Inbound,Union,526
10/3/2018 13:13,DCL Outbound-WS Inbound,Union,526
10/3/2018 13:13,DCL Outbound-WS Inbound,Union,526
10/3/2018 13:13,DCL Outbound-WS Inbound,Union,55
10/3/2018 13:13,DCL Outbound-WS Inbound,Union,526
10/3/2018 13:13,DCL Outbound-WS Inbound,Union,526
10/3/2018 13:14,DCL Outbound-WS Inbound,Union,526
10/3/2018 13:14,DCL Outbound-WS Inbound,Union,526
10/3/2018 13:14,DCL Outbound-WS Inbound,Union,526
10/3/2018 13:14,DCL Outbound-WS Inbound,Union,526
10/3/2018 13:14,DCL Outbound-WS Inbound,Union,526
10/3/2018 13:14,DCL Outbound-WS Inbound,Union,55
10/3/2018 13:14,DCL Outbound-WS Inbound,Union,55
10/3/2018 13:14,DCL Outbound-WS Inbound,Union,526
10/3/2018 13:15,DCL Outbound-WS Inbound,Union,55
10/3/2018 13:15,DCL Outbound-WS Inbound,Union,526
10/3/2018 13:15,DCL Outbound-WS Inbound,Union,55
10/3/2018 13:15,DCL Outbound-WS Inbound,Union,55
10/3/2018 13:16,DCL Outbound-WS Inbound,Union,526
10/3/2018 13:16,DCL Outbound-WS Inbound,Union,526
10/3/2018 13:17,DCL Outbound-WS Inbound,Union,526
10/3/2018 13:17,DCL Outbound-WS Inbound,Main and Helen IB,527
10/3/2018 13:19,DCL Outbound-WS Inbound,Physical Facilities,526
10/3/2018 13:19,DCL Outbound-WS Inbound,Floral and Main IB,527
10/3/2018 13:22,DCL Outbound-WS Inbound,Floral and Harrison OB,527
10/3/2018 13:29,DCL Outbound-WS Inbound,Leroy St and Chestnut OB,526
10/3/2018 13:29,DCL Outbound-WS Inbound,Leroy St and Chestnut OB,526
10/3/2018 13:34,DCL Outbound-WS Inbound,UDC,526
10/3/2018 13:37,DCL Outbound-WS Inbound,Hawley IB,526
10/3/2018 13:38,DCL Outbound-WS Inbound,Main and Front OB,526
10/3/2018 13:38,DCL Outbound-WS Inbound,Main and Front OB,526
10/3/2018 13:40,DCL Outbound-WS Inbound,Main and Murray IB,526
10/3/2018 13:40,DCL Outbound-WS Inbound,Main and Murray IB,526
10/3/2018 13:40,DCL Outbound-WS Inbound,Main and Murray IB,526
10/3/2018 13:40,DCL Outbound-WS Inbound,Main and Murray IB,526
10/3/2018 13:41,DCL Outbound-WS Inbound,Main and Mather,526
10/3/2018 13:41,DCL Outbound-WS Inbound,Main and Mather,526
10/3/2018 13:42,DCL Outbound-WS Inbound,Main and Cedar IB,526
10/3/2018 13:42,DCL Outbound-WS Inbound,Main and Cedar IB,526
10/3/2018 13:42,DCL Outbound-WS Inbound,Main and Cedar IB,526
10/3/2018 13:42,DCL Outbound-WS Inbound,Main and Cedar IB,526
10/3/2018 13:42,DCL Outbound-WS Inbound,Main and Cedar IB,526
10/3/2018 13:42,DCL Outbound-WS Inbound,Main and Cedar IB,526
10/3/2018 13:42,DCL Outbound-WS Inbound,Main and Cedar IB,526
10/3/2018 13:43,DCL Outbound-WS Inbound,Main and Clarke IB,526
10/3/2018 13:43,DCL Outbound-WS Inbound,Main and Clarke IB,526
10/3/2018 13:45,DCL Outbound-WS Inbound,Main and Schiller IB,526
10/3/2018 13:45,DCL Outbound-WS Inbound,Main and Schiller IB,526
10/3/2018 13:46,DCL Outbound-WS Inbound,Main and Helen IB,526
10/3/2018 13:48,DCL Outbound-WS Inbound,Floral and Main IB,526
10/3/2018 13:49,DCL Outbound-WS Inbound,Floral and Cleveland IB,526
10/3/2018 13:49,DCL Outbound-WS Inbound,Floral and Cleveland IB,526
10/3/2018 13:50,DCL Outbound-WS Inbound,Floral and Burbank IB,526
10/3/2018 13:50,DCL Outbound-WS Inbound,Union,37
10/3/2018 13:50,DCL Outbound-WS Inbound,Union,37
10/3/2018 13:50,DCL Outbound-WS Inbound,Floral and Willow IB,526
10/3/2018 13:50,DCL Outbound-WS Inbound,Union,37
10/3/2018 13:51,DCL Outbound-WS Inbound,Floral and Roberts IB,526
10/3/2018 13:51,DCL Outbound-WS Inbound,Floral and Roberts IB,526
10/3/2018 13:52,DCL Outbound-WS Inbound,Floral and Cook,526
10/3/2018 14:07,DCL Outbound-WS Inbound,UDC,37
10/3/2018 14:08,DCL Outbound-WS Inbound,UDC,37
10/3/2018 14:08,DCL Outbound-WS Inbound,UDC,37
10/3/2018 14:08,DCL Outbound-WS Inbound,UDC,37
10/3/2018 14:08,DCL Outbound-WS Inbound,UDC IB,37
10/3/2018 14:10,DCL Outbound-WS Inbound,Hawley IB,37
10/3/2018 14:10,DCL Outbound-WS Inbound,Hawley IB,37
10/3/2018 14:11,DCL Outbound-WS Inbound,Main and Front OB,37
10/3/2018 14:11,DCL Outbound-WS Inbound,Main and Front OB,37
10/3/2018 14:12,DCL Outbound-WS Inbound,Main and Murray IB,37
10/3/2018 14:12,DCL Outbound-WS Inbound,Main and Murray IB,37
10/3/2018 14:12,DCL Outbound-WS Inbound,Main and Murray IB,37
10/3/2018 14:12,DCL Outbound-WS Inbound,Main and Murray IB,37
10/3/2018 14:12,DCL Outbound-WS Inbound,Main and Murray IB,37
10/3/2018 14:12,DCL Outbound-WS Inbound,Main and Murray IB,37
10/3/2018 14:13,DCL Outbound-WS Inbound,Main and Mather,37
10/3/2018 14:13,DCL Outbound-WS Inbound,Main and Mather,37
10/3/2018 14:13,DCL Outbound-WS Inbound,Main and Mather,37
10/3/2018 14:13,DCL Outbound-WS Inbound,Main and Mather,37
10/3/2018 14:13,DCL Outbound-WS Inbound,Main and Mather,37
10/3/2018 14:14,DCL Outbound-WS Inbound,Union,891
10/3/2018 14:14,DCL Outbound-WS Inbound,Union,891
10/3/2018 14:14,DCL Outbound-WS Inbound,Union,891
10/3/2018 14:14,DCL Outbound-WS Inbound,Union,891
10/3/2018 14:14,DCL Outbound-WS Inbound,Main and Cedar IB,37
10/3/2018 14:14,DCL Outbound-WS Inbound,Union,891
10/3/2018 14:14,DCL Outbound-WS Inbound,Main and Cedar IB,37
10/3/2018 14:14,DCL Outbound-WS Inbound,Union,891
10/3/2018 14:14,DCL Outbound-WS Inbound,Union,891
10/3/2018 14:14,DCL Outbound-WS Inbound,Union,891
10/3/2018 14:14,DCL Outbound-WS Inbound,Union,891
10/3/2018 14:14,DCL Outbound-WS Inbound,Union,891
10/3/2018 14:14,DCL Outbound-WS Inbound,Union,891
10/3/2018 14:14,DCL Outbound-WS Inbound,Union,891
10/3/2018 14:14,DCL Outbound-WS Inbound,Union,891
10/3/2018 14:14,DCL Outbound-WS Inbound,Union,891
10/3/2018 14:15,DCL Outbound-WS Inbound,Union,891
10/3/2018 14:15,DCL Outbound-WS Inbound,Union,891
10/3/2018 14:15,DCL Outbound-WS Inbound,Main and Clarke IB,37
10/3/2018 14:15,DCL Outbound-WS Inbound,Main and Clarke IB,37
10/3/2018 14:15,DCL Outbound-WS Inbound,Union,891
10/3/2018 14:15,DCL Outbound-WS Inbound,Main and Clarke IB,37
10/3/2018 14:15,DCL Outbound-WS Inbound,Main and Clarke IB,37
10/3/2018 14:15,DCL Outbound-WS Inbound,Union,891
10/3/2018 14:15,DCL Outbound-WS Inbound,Union,891
10/3/2018 14:16,DCL Outbound-WS Inbound,Main and Schiller IB,37
10/3/2018 14:16,DCL Outbound-WS Inbound,Main and Schiller IB,37
10/3/2018 14:16,DCL Outbound-WS Inbound,Main and Schiller IB,37
10/3/2018 14:16,DCL Outbound-WS Inbound,Union,891
10/3/2018 14:16,DCL Outbound-WS Inbound,Union,891
10/3/2018 14:16,DCL Outbound-WS Inbound,Union,891
10/3/2018 14:17,DCL Outbound-WS Inbound,Union,891
10/3/2018 14:17,DCL Outbound-WS Inbound,Union,891
10/3/2018 14:17,DCL Outbound-WS Inbound,Union,891
10/3/2018 14:17,DCL Outbound-WS Inbound,Main and Helen IB,37
10/3/2018 14:21,DCL Outbound-WS Inbound,Physical Facilities,891
10/3/2018 14:21,DCL Outbound-WS Inbound,Physical Facilities,891
10/3/2018 14:21,DCL Outbound-WS Inbound,Physical Facilities,891
10/3/2018 14:21,DCL Outbound-WS Inbound,Physical Facilities,891
10/3/2018 14:21,DCL Outbound-WS Inbound,Floral and St. Charles,37
10/3/2018 14:31,DCL Outbound-WS Inbound,Leroy St and Chestnut OB,891
10/3/2018 14:35,DCL Outbound-WS Inbound,UDC,891
10/3/2018 14:36,DCL Outbound-WS Inbound,UDC,891
10/3/2018 14:38,DCL Outbound-WS Inbound,Hawley IB,891
10/3/2018 14:38,DCL Outbound-WS Inbound,Hawley IB,891
10/3/2018 14:39,DCL Outbound-WS Inbound,Main and Front OB,891
10/3/2018 14:40,DCL Outbound-WS Inbound,Main and Murray IB,891
10/3/2018 14:40,DCL Outbound-WS Inbound,Main and Murray IB,891
10/3/2018 14:40,DCL Outbound-WS Inbound,Main and Murray IB,891
10/3/2018 14:40,DCL Outbound-WS Inbound,Main and Murray IB,891
10/3/2018 14:42,DCL Outbound-WS Inbound,Main and Mather,891
10/3/2018 14:42,DCL Outbound-WS Inbound,Main and Mather,891
10/3/2018 14:42,DCL Outbound-WS Inbound,Main and Mather,891
10/3/2018 14:42,DCL Outbound-WS Inbound,Main and Mather,891
10/3/2018 14:42,DCL Outbound-WS Inbound,Main and Mather,891
10/3/2018 14:42,DCL Outbound-WS Inbound,Main and Mather,891
10/3/2018 14:43,DCL Outbound-WS Inbound,Union,526
10/3/2018 14:43,DCL Outbound-WS Inbound,Union,526
10/3/2018 14:43,DCL Outbound-WS Inbound,Union,526
10/3/2018 14:43,DCL Outbound-WS Inbound,Union,526
10/3/2018 14:43,DCL Outbound-WS Inbound,Union,526
10/3/2018 14:43,DCL Outbound-WS Inbound,Main and Cedar IB,891
10/3/2018 14:43,DCL Outbound-WS Inbound,Union,526
10/3/2018 14:43,DCL Outbound-WS Inbound,Main and Cedar IB,891
10/3/2018 14:43,DCL Outbound-WS Inbound,Union,526
10/3/2018 14:43,DCL Outbound-WS Inbound,Union,526
10/3/2018 14:43,DCL Outbound-WS Inbound,Main and Cedar IB,891
10/3/2018 14:43,DCL Outbound-WS Inbound,Union,526
10/3/2018 14:43,DCL Outbound-WS Inbound,Union,526
10/3/2018 14:43,DCL Outbound-WS Inbound,Union,526
10/3/2018 14:43,DCL Outbound-WS Inbound,Union,526
10/3/2018 14:43,DCL Outbound-WS Inbound,Union,526
10/3/2018 14:44,DCL Outbound-WS Inbound,Union,526
10/3/2018 14:44,DCL Outbound-WS Inbound,Union,526
10/3/2018 14:45,DCL Outbound-WS Inbound,Main and Clarke IB,891
10/3/2018 14:45,DCL Outbound-WS Inbound,Union,526
10/3/2018 14:45,DCL Outbound-WS Inbound,Union,526
10/3/2018 14:45,DCL Outbound-WS Inbound,Union,526
10/3/2018 14:45,DCL Outbound-WS Inbound,Union,526
10/3/2018 14:45,DCL Outbound-WS Inbound,Union,526
10/3/2018 14:45,DCL Outbound-WS Inbound,Main and Schiller IB,891
10/3/2018 14:46,DCL Outbound-WS Inbound,Main and Schiller IB,891
10/3/2018 14:47,DCL Outbound-WS Inbound,Main and Helen IB,891
10/3/2018 14:47,DCL Outbound-WS Inbound,Physical Facilities,526
10/3/2018 14:49,DCL Outbound-WS Inbound,Floral and Cleveland IB,891
10/3/2018 14:50,DCL Outbound-WS Inbound,Floral and Willow IB,891
10/3/2018 14:51,DCL Outbound-WS Inbound,Floral and Cook,891
10/3/2018 14:58,DCL Outbound-WS Inbound,Union,891
10/3/2018 14:58,DCL Outbound-WS Inbound,Union,891
10/3/2018 14:58,DCL Outbound-WS Inbound,Union,891
10/3/2018 14:58,DCL Outbound-WS Inbound,Union,891
10/3/2018 14:58,DCL Outbound-WS Inbound,Union,891
10/3/2018 14:58,DCL Outbound-WS Inbound,Union,891
10/3/2018 14:58,DCL Outbound-WS Inbound,Union,891
10/3/2018 14:58,DCL Outbound-WS Inbound,Union,891
10/3/2018 14:58,DCL Outbound-WS Inbound,Union,891
10/3/2018 15:02,DCL Outbound-WS Inbound,Leroy St and Murray OB,526
10/3/2018 15:02,DCL Outbound-WS Inbound,Leroy St and Murray OB,526
10/3/2018 15:03,DCL Outbound-WS Inbound,Leroy St and Murray OB,526
10/3/2018 15:09,DCL Outbound-WS Inbound,Hawley IB,526
10/3/2018 15:09,DCL Outbound-WS Inbound,Hawley IB,526
10/3/2018 15:10,DCL Outbound-WS Inbound,Main and Front OB,526
10/3/2018 15:11,DCL Outbound-WS Inbound,Main and Murray IB,526
10/3/2018 15:11,DCL Outbound-WS Inbound,Main and Murray IB,526
10/3/2018 15:11,DCL Outbound-WS Inbound,Main and Murray IB,526
10/3/2018 15:11,DCL Outbound-WS Inbound,Main and Murray IB,526
10/3/2018 15:11,DCL Outbound-WS Inbound,Main and Murray IB,526
10/3/2018 15:11,DCL Outbound-WS Inbound,Main and Murray IB,526
10/3/2018 15:12,DCL Outbound-WS Inbound,Main and Mather,526
10/3/2018 15:12,DCL Outbound-WS Inbound,Main and Mather,526
10/3/2018 15:12,DCL Outbound-WS Inbound,Main and Mather,526
10/3/2018 15:14,DCL Outbound-WS Inbound,Main and Clarke IB,526
10/3/2018 15:14,DCL Outbound-WS Inbound,Main and Clarke IB,526
10/3/2018 15:14,DCL Outbound-WS Inbound,Main and Clarke IB,526
10/3/2018 15:15,DCL Outbound-WS Inbound,Main and Schiller IB,526
10/3/2018 15:15,DCL Outbound-WS Inbound,Main and Schiller IB,526
10/3/2018 15:15,DCL Outbound-WS Inbound,Main and Schiller IB,526
10/3/2018 15:15,DCL Outbound-WS Inbound,Main and Schiller IB,526
10/3/2018 15:15,DCL Outbound-WS Inbound,Main and Schiller IB,526
10/3/2018 15:15,DCL Outbound-WS Inbound,Main and Schiller IB,526
10/3/2018 15:16,DCL Outbound-WS Inbound,Main and Helen IB,526
10/3/2018 15:19,DCL Outbound-WS Inbound,Floral and Cleveland IB,526
10/3/2018 15:19,DCL Outbound-WS Inbound,Floral and Cleveland IB,526
10/3/2018 15:19,DCL Outbound-WS Inbound,Floral and Cleveland IB,526
10/3/2018 15:21,DCL Outbound-WS Inbound,Floral and Cook,526
10/3/2018 15:22,DCL Outbound-WS Inbound,Union,527
10/3/2018 15:22,DCL Outbound-WS Inbound,Union,527
10/3/2018 15:22,DCL Outbound-WS Inbound,Union,527
10/3/2018 15:22,DCL Outbound-WS Inbound,Union,527
10/3/2018 15:22,DCL Outbound-WS Inbound,Union,527
10/3/2018 15:22,DCL Outbound-WS Inbound,Union,527
10/3/2018 15:22,DCL Outbound-WS Inbound,Union,527
10/3/2018 15:22,DCL Outbound-WS Inbound,Union,527
10/3/2018 15:22,DCL Outbound-WS Inbound,Union,527
10/3/2018 15:22,DCL Outbound-WS Inbound,Union,527
10/3/2018 15:22,DCL Outbound-WS Inbound,Union,527
10/3/2018 15:22,DCL Outbound-WS Inbound,Union,527
10/3/2018 15:22,DCL Outbound-WS Inbound,Union,527
10/3/2018 15:22,DCL Outbound-WS Inbound,Union,527
10/3/2018 15:22,DCL Outbound-WS Inbound,Union,527
10/3/2018 15:22,DCL Outbound-WS Inbound,Union,527
10/3/2018 15:22,DCL Outbound-WS Inbound,Union,527
10/3/2018 15:22,DCL Outbound-WS Inbound,Union,527
10/3/2018 15:23,DCL Outbound-WS Inbound,Union,527
10/3/2018 15:23,DCL Outbound-WS Inbound,Union,527
10/3/2018 15:23,DCL Outbound-WS Inbound,Union,527
10/3/2018 15:23,DCL Outbound-WS Inbound,Union,527
10/3/2018 15:23,DCL Outbound-WS Inbound,Union,527
10/3/2018 15:23,DCL Outbound-WS Inbound,Union,527
10/3/2018 15:23,DCL Outbound-WS Inbound,Union,527
10/3/2018 15:23,DCL Outbound-WS Inbound,Union,527
10/3/2018 15:23,DCL Outbound-WS Inbound,Union,527
10/3/2018 15:42,DCL Outbound-WS Inbound,Union,891
10/3/2018 15:42,DCL Outbound-WS Inbound,Union,891
10/3/2018 15:42,DCL Outbound-WS Inbound,Union,891
10/3/2018 15:42,DCL Outbound-WS Inbound,Union,891
10/3/2018 15:42,DCL Outbound-WS Inbound,Union,891
10/3/2018 15:42,DCL Outbound-WS Inbound,Union,891
10/3/2018 15:42,DCL Outbound-WS Inbound,Union,891
10/3/2018 15:42,DCL Outbound-WS Inbound,Union,891
10/3/2018 15:42,DCL Outbound-WS Inbound,Union,891
10/3/2018 15:43,DCL Outbound-WS Inbound,Union,891
10/3/2018 15:43,DCL Outbound-WS Inbound,Union,891
10/3/2018 15:43,DCL Outbound-WS Inbound,Union,891
10/3/2018 15:43,DCL Outbound-WS Inbound,Union,891
10/3/2018 15:44,DCL Outbound-WS Inbound,Union,891
10/3/2018 15:46,DCL Outbound-WS Inbound,UDC IB,527
10/3/2018 15:48,DCL Outbound-WS Inbound,Hawley IB,527
10/3/2018 15:48,DCL Outbound-WS Inbound,Hawley IB,527
10/3/2018 15:48,DCL Outbound-WS Inbound,Hawley IB,527
10/3/2018 15:52,DCL Outbound-WS Inbound,Main and Mather,527
10/3/2018 15:52,DCL Outbound-WS Inbound,Main and Mather,527
10/3/2018 15:52,DCL Outbound-WS Inbound,Main and Mather,527
10/3/2018 15:52,DCL Outbound-WS Inbound,Main and Mather,527
10/3/2018 15:53,DCL Outbound-WS Inbound,Main and Cedar IB,527
10/3/2018 15:53,DCL Outbound-WS Inbound,Riverside and Margaret OB,891
10/3/2018 15:54,DCL Outbound-WS Inbound,Main and Clarke IB,527
10/3/2018 15:54,DCL Outbound-WS Inbound,Main and Clarke IB,527
10/3/2018 15:54,DCL Outbound-WS Inbound,Main and Clarke IB,527
10/3/2018 15:54,DCL Outbound-WS Inbound,Main and Clarke IB,527
10/3/2018 15:54,DCL Outbound-WS Inbound,Main and Clarke IB,527
10/3/2018 15:55,DCL Outbound-WS Inbound,Main and Schiller IB,527
10/3/2018 15:55,DCL Outbound-WS Inbound,Main and Schiller IB,527
10/3/2018 15:55,DCL Outbound-WS Inbound,Main and Schiller IB,527
10/3/2018 15:55,DCL Outbound-WS Inbound,Main and Schiller IB,527
10/3/2018 15:55,DCL Outbound-WS Inbound,Main and Schiller IB,527
10/3/2018 15:55,DCL Outbound-WS Inbound,Main and Schiller IB,527
10/3/2018 15:56,DCL Outbound-WS Inbound,Main and Helen IB,527
10/3/2018 15:56,DCL Outbound-WS Inbound,Main and Helen IB,527
10/3/2018 15:57,DCL Outbound-WS Inbound,Leroy St and Chestnut OB,891
10/3/2018 15:58,DCL Outbound-WS Inbound,Floral and Main IB,527
10/3/2018 15:58,DCL Outbound-WS Inbound,Floral and Main IB,527
10/3/2018 15:59,DCL Outbound-WS Inbound,Floral and Burbank IB,527
10/3/2018 15:59,DCL Outbound-WS Inbound,Floral and Burbank IB,527
10/3/2018 16:01,DCL Outbound-WS Inbound,Floral and Harrison IB,527
10/3/2018 16:08,DCL Outbound-WS Inbound,Hawley IB,891
10/3/2018 16:08,DCL Outbound-WS Inbound,Hawley IB,891
10/3/2018 16:08,DCL Outbound-WS Inbound,Hawley IB,891
10/3/2018 16:08,DCL Outbound-WS Inbound,Hawley IB,891
10/3/2018 16:10,DCL Outbound-WS Inbound,Main and Murray IB,891
10/3/2018 16:10,DCL Outbound-WS Inbound,Main and Murray IB,891
10/3/2018 16:10,DCL Outbound-WS Inbound,Main and Murray IB,891
10/3/2018 16:10,DCL Outbound-WS Inbound,Main and Murray IB,891
10/3/2018 16:10,DCL Outbound-WS Inbound,Main and Murray IB,891
10/3/2018 16:10,DCL Outbound-WS Inbound,Main and Murray IB,891
10/3/2018 16:10,DCL Outbound-WS Inbound,Main and Murray IB,891
10/3/2018 16:10,DCL Outbound-WS Inbound,Main and Murray IB,891
10/3/2018 16:11,DCL Outbound-WS Inbound,Main and Mather,891
10/3/2018 16:12,DCL Outbound-WS Inbound,Main and Cedar IB,891
10/3/2018 16:12,DCL Outbound-WS Inbound,Main and Cedar IB,891
10/3/2018 16:12,DCL Outbound-WS Inbound,Main and Cedar IB,891
10/3/2018 16:12,DCL Outbound-WS Inbound,Main and Cedar IB,891
10/3/2018 16:13,DCL Outbound-WS Inbound,Main and Clarke IB,891
10/3/2018 16:13,DCL Outbound-WS Inbound,Main and Clarke IB,891
10/3/2018 16:14,DCL Outbound-WS Inbound,Main and Schiller IB,891
10/3/2018 16:14,DCL Outbound-WS Inbound,Main and Schiller IB,891
10/3/2018 16:14,DCL Outbound-WS Inbound,Main and Schiller IB,891
10/3/2018 16:14,DCL Outbound-WS Inbound,Main and Schiller IB,891
10/3/2018 16:14,DCL Outbound-WS Inbound,Main and Schiller IB,891
10/3/2018 16:14,DCL Outbound-WS Inbound,Main and Schiller IB,891
10/3/2018 16:14,DCL Outbound-WS Inbound,Main and Schiller IB,891
10/3/2018 16:15,DCL Outbound-WS Inbound,Main and Schiller IB,891
10/3/2018 16:16,DCL Outbound-WS Inbound,Main and Helen IB,891
10/3/2018 16:16,DCL Outbound-WS Inbound,Main and Helen IB,891
10/3/2018 16:19,DCL Outbound-WS Inbound,Floral and Cleveland IB,891
10/3/2018 16:19,DCL Outbound-WS Inbound,Floral and Cleveland IB,891
10/3/2018 16:23,DCL Outbound-WS Inbound,Union,55
10/3/2018 16:23,DCL Outbound-WS Inbound,Union,55
10/3/2018 16:23,DCL Outbound-WS Inbound,Union,55
10/3/2018 16:23,DCL Outbound-WS Inbound,Union,55
10/3/2018 16:23,DCL Outbound-WS Inbound,Union,55
10/3/2018 16:23,DCL Outbound-WS Inbound,Union,55
10/3/2018 16:23,DCL Outbound-WS Inbound,Union,55
10/3/2018 16:23,DCL Outbound-WS Inbound,Union,55
10/3/2018 16:23,DCL Outbound-WS Inbound,Union,55
10/3/2018 16:23,DCL Outbound-WS Inbound,Union,55
10/3/2018 16:23,DCL Outbound-WS Inbound,Union,55
10/3/2018 16:23,DCL Outbound-WS Inbound,Union,55
10/3/2018 16:23,DCL Outbound-WS Inbound,Union,55
10/3/2018 16:23,DCL Outbound-WS Inbound,Union,55
10/3/2018 16:23,DCL Outbound-WS Inbound,Union,55
10/3/2018 16:23,DCL Outbound-WS Inbound,Union,55
10/3/2018 16:23,DCL Outbound-WS Inbound,Union,55
10/3/2018 16:23,DCL Outbound-WS Inbound,Union,55
10/3/2018 16:23,DCL Outbound-WS Inbound,Union,55
10/3/2018 16:23,DCL Outbound-WS Inbound,Union,55
10/3/2018 16:27,DCL Outbound-WS Inbound,Physical Facilities,55
10/3/2018 16:28,DCL Outbound-WS Inbound,Union,891
10/3/2018 16:28,DCL Outbound-WS Inbound,Union,891
10/3/2018 16:28,DCL Outbound-WS Inbound,Union,891
10/3/2018 16:28,DCL Outbound-WS Inbound,Union,891
10/3/2018 16:28,DCL Outbound-WS Inbound,Union,891
10/3/2018 16:28,DCL Outbound-WS Inbound,Union,891
10/3/2018 16:29,DCL Outbound-WS Inbound,Union,891
10/3/2018 16:29,DCL Outbound-WS Inbound,Union,891
10/3/2018 16:36,DCL Outbound-WS Inbound,Leroy St and Laurel OB,55
10/3/2018 16:37,DCL Outbound-WS Inbound,Leroy St and Chestnut OB,55
10/3/2018 16:42,DCL Outbound-WS Inbound,UDC IB,55
10/3/2018 16:44,DCL Outbound-WS Inbound,Hawley IB,55
10/3/2018 16:44,DCL Outbound-WS Inbound,Hawley IB,55
10/3/2018 16:44,DCL Outbound-WS Inbound,Hawley IB,55
10/3/2018 16:47,DCL Outbound-WS Inbound,Main and Murray IB,55
10/3/2018 16:47,DCL Outbound-WS Inbound,Union,37
10/3/2018 16:47,DCL Outbound-WS Inbound,Union,37
10/3/2018 16:47,DCL Outbound-WS Inbound,Union,37
10/3/2018 16:47,DCL Outbound-WS Inbound,Union,37
10/3/2018 16:47,DCL Outbound-WS Inbound,Union,37
10/3/2018 16:47,DCL Outbound-WS Inbound,Union,37
10/3/2018 16:47,DCL Outbound-WS Inbound,Union,37
10/3/2018 16:47,DCL Outbound-WS Inbound,Union,37
10/3/2018 16:47,DCL Outbound-WS Inbound,Union,37
10/3/2018 16:47,DCL Outbound-WS Inbound,Union,37
10/3/2018 16:47,DCL Outbound-WS Inbound,Union,37
10/3/2018 16:47,DCL Outbound-WS Inbound,Union,37
10/3/2018 16:47,DCL Outbound-WS Inbound,Union,37
10/3/2018 16:47,DCL Outbound-WS Inbound,Union,37
10/3/2018 16:47,DCL Outbound-WS Inbound,Union,37
10/3/2018 16:47,DCL Outbound-WS Inbound,Union,37
10/3/2018 16:48,DCL Outbound-WS Inbound,Union,37
10/3/2018 16:48,DCL Outbound-WS Inbound,Union,37
10/3/2018 16:48,DCL Outbound-WS Inbound,Main and Mather,55
10/3/2018 16:48,DCL Outbound-WS Inbound,Main and Mather,55
10/3/2018 16:48,DCL Outbound-WS Inbound,Union,37
10/3/2018 16:48,DCL Outbound-WS Inbound,Main and Mather,55
10/3/2018 16:48,DCL Outbound-WS Inbound,Union,37
10/3/2018 16:48,DCL Outbound-WS Inbound,Union,37
10/3/2018 16:48,DCL Outbound-WS Inbound,Union,37
10/3/2018 16:48,DCL Outbound-WS Inbound,Union,37
10/3/2018 16:48,DCL Outbound-WS Inbound,Union,37
10/3/2018 16:48,DCL Outbound-WS Inbound,Union,37
10/3/2018 16:48,DCL Outbound-WS Inbound,Union,37
10/3/2018 16:48,DCL Outbound-WS Inbound,Union,37
10/3/2018 16:48,DCL Outbound-WS Inbound,Union,37
10/3/2018 16:48,DCL Outbound-WS Inbound,Union,37
10/3/2018 16:48,DCL Outbound-WS Inbound,Union,37
10/3/2018 16:48,DCL Outbound-WS Inbound,Union,37
10/3/2018 16:48,DCL Outbound-WS Inbound,Union,37
10/3/2018 16:48,DCL Outbound-WS Inbound,Union,37
10/3/2018 16:48,DCL Outbound-WS Inbound,Union,37
10/3/2018 16:48,DCL Outbound-WS Inbound,Union,37
10/3/2018 16:48,DCL Outbound-WS Inbound,Union,37
10/3/2018 16:48,DCL Outbound-WS Inbound,Union,37
10/3/2018 16:48,DCL Outbound-WS Inbound,Union,37
10/3/2018 16:48,DCL Outbound-WS Inbound,Union,37
10/3/2018 16:48,DCL Outbound-WS Inbound,Union,37
10/3/2018 16:48,DCL Outbound-WS Inbound,Union,37
10/3/2018 16:48,DCL Outbound-WS Inbound,Union,37
10/3/2018 16:49,DCL Outbound-WS Inbound,Union,37
10/3/2018 16:49,DCL Outbound-WS Inbound,Union,37
10/3/2018 16:49,DCL Outbound-WS Inbound,Union,37
10/3/2018 16:50,DCL Outbound-WS Inbound,Union,37
10/3/2018 16:50,DCL Outbound-WS Inbound,Union,37
10/3/2018 16:50,DCL Outbound-WS Inbound,Main and Clarke IB,55
10/3/2018 16:50,DCL Outbound-WS Inbound,Main and Clarke IB,55
10/3/2018 16:51,DCL Outbound-WS Inbound,Main and Schiller IB,55
10/3/2018 16:51,DCL Outbound-WS Inbound,Main and Schiller IB,55
10/3/2018 16:51,DCL Outbound-WS Inbound,Main and Schiller IB,55
10/3/2018 16:51,DCL Outbound-WS Inbound,Main and Schiller IB,55
10/3/2018 16:53,DCL Outbound-WS Inbound,Main and Helen IB,55
10/3/2018 16:53,DCL Outbound-WS Inbound,Main and Helen IB,55
10/3/2018 16:54,DCL Outbound-WS Inbound,Floral and Main IB,55
10/3/2018 16:54,DCL Outbound-WS Inbound,Floral and Main IB,55
10/3/2018 16:54,DCL Outbound-WS Inbound,Floral and Main IB,55
10/3/2018 16:54,DCL Outbound-WS Inbound,Floral and Main IB,55
10/3/2018 16:54,DCL Outbound-WS Inbound,Floral and Main IB,55
10/3/2018 16:55,DCL Outbound-WS Inbound,Floral and Main IB,55
10/3/2018 16:55,DCL Outbound-WS Inbound,Floral and Cleveland IB,55
10/3/2018 17:04,DCL Outbound-WS Inbound,Union,55
10/3/2018 17:04,DCL Outbound-WS Inbound,Union,55
10/3/2018 17:04,DCL Outbound-WS Inbound,Union,55
10/3/2018 17:04,DCL Outbound-WS Inbound,Union,55
10/3/2018 17:05,DCL Outbound-WS Inbound,Union,55
10/3/2018 17:05,DCL Outbound-WS Inbound,Union,55
10/3/2018 17:05,DCL Outbound-WS Inbound,Union,55
10/3/2018 17:05,DCL Outbound-WS Inbound,Union,55
10/3/2018 17:05,DCL Outbound-WS Inbound,Union,55
10/3/2018 17:05,DCL Outbound-WS Inbound,Union,55
10/3/2018 17:10,DCL Outbound-WS Inbound,UDC IB,37
10/3/2018 17:10,DCL Outbound-WS Inbound,UDC IB,37
10/3/2018 17:10,DCL Outbound-WS Inbound,UDC IB,37
10/3/2018 17:10,DCL Outbound-WS Inbound,UDC IB,37
10/3/2018 17:10,DCL Outbound-WS Inbound,UDC IB,37
10/3/2018 17:13,DCL Outbound-WS Inbound,Hawley IB,37
10/3/2018 17:13,DCL Outbound-WS Inbound,Hawley IB,37
10/3/2018 17:13,DCL Outbound-WS Inbound,Hawley IB,37
10/3/2018 17:14,DCL Outbound-WS Inbound,Main and Front OB,37
10/3/2018 17:14,DCL Outbound-WS Inbound,Main and Front OB,37
10/3/2018 17:14,DCL Outbound-WS Inbound,Main and Front OB,37
10/3/2018 17:14,DCL Outbound-WS Inbound,Main and Front OB,37
10/3/2018 17:14,DCL Outbound-WS Inbound,Main and Front OB,37
10/3/2018 17:15,DCL Outbound-WS Inbound,Main and Murray IB,37
10/3/2018 17:15,DCL Outbound-WS Inbound,Main and Murray IB,37
10/3/2018 17:15,DCL Outbound-WS Inbound,Main and Murray IB,37
10/3/2018 17:15,DCL Outbound-WS Inbound,Main and Murray IB,37
10/3/2018 17:15,DCL Outbound-WS Inbound,Main and Murray IB,37
10/3/2018 17:16,DCL Outbound-WS Inbound,Union,43
10/3/2018 17:16,DCL Outbound-WS Inbound,Union,43
10/3/2018 17:16,DCL Outbound-WS Inbound,Union,43
10/3/2018 17:16,DCL Outbound-WS Inbound,Union,43
10/3/2018 17:16,DCL Outbound-WS Inbound,Union,43
10/3/2018 17:16,DCL Outbound-WS Inbound,Union,43
10/3/2018 17:17,DCL Outbound-WS Inbound,Main and Mather,37
10/3/2018 17:17,DCL Outbound-WS Inbound,Main and Mather,37
10/3/2018 17:17,DCL Outbound-WS Inbound,Main and Mather,37
10/3/2018 17:17,DCL Outbound-WS Inbound,Union,43
10/3/2018 17:17,DCL Outbound-WS Inbound,Union,43
10/3/2018 17:18,DCL Outbound-WS Inbound,Union,43
10/3/2018 17:18,DCL Outbound-WS Inbound,Union,43
10/3/2018 17:18,DCL Outbound-WS Inbound,Main and Cedar IB,37
10/3/2018 17:19,DCL Outbound-WS Inbound,Union,43
10/3/2018 17:20,DCL Outbound-WS Inbound,Union,43
10/3/2018 17:20,DCL Outbound-WS Inbound,Main and Schiller IB,37
10/3/2018 17:20,DCL Outbound-WS Inbound,Main and Schiller IB,37
10/3/2018 17:20,DCL Outbound-WS Inbound,Main and Schiller IB,37
10/3/2018 17:20,DCL Outbound-WS Inbound,Main and Schiller IB,37
10/3/2018 17:20,DCL Outbound-WS Inbound,Main and Schiller IB,37
10/3/2018 17:20,DCL Outbound-WS Inbound,Main and Schiller IB,37
10/3/2018 17:20,DCL Outbound-WS Inbound,Main and Schiller IB,37
10/3/2018 17:22,DCL Outbound-WS Inbound,Physical Facilities OB,43
10/3/2018 17:22,DCL Outbound-WS Inbound,Physical Facilities OB,43
10/3/2018 17:22,DCL Outbound-WS Inbound,Main and Helen IB,37
10/3/2018 17:22,DCL Outbound-WS Inbound,Main and Helen IB,37
10/3/2018 17:22,DCL Outbound-WS Inbound,Main and Helen IB,37
10/3/2018 17:22,DCL Outbound-WS Inbound,Main and Helen IB,37
10/3/2018 17:22,DCL Outbound-WS Inbound,Main and Helen IB,37
10/3/2018 17:22,DCL Outbound-WS Inbound,Main and Helen IB,37
10/3/2018 17:22,DCL Outbound-WS Inbound,Main and Helen IB,37
10/3/2018 17:35,DCL Outbound-WS Inbound,Leroy St and Murray OB,43
10/3/2018 17:38,DCL Outbound-WS Inbound,UDC IB,43
10/3/2018 17:39,DCL Outbound-WS Inbound,UDC IB,43
10/3/2018 17:41,DCL Outbound-WS Inbound,Hawley IB,43
10/3/2018 17:42,DCL Outbound-WS Inbound,Main and Murray IB,43
10/3/2018 17:42,DCL Outbound-WS Inbound,Main and Murray IB,43
10/3/2018 17:42,DCL Outbound-WS Inbound,Main and Murray IB,43
10/3/2018 17:42,DCL Outbound-WS Inbound,Main and Murray IB,43
10/3/2018 17:42,DCL Outbound-WS Inbound,Main and Murray IB,43
10/3/2018 17:43,DCL Outbound-WS Inbound,Main and Mather,43
10/3/2018 17:43,DCL Outbound-WS Inbound,Main and Mather,43
10/3/2018 17:43,DCL Outbound-WS Inbound,Main and Mather,43
10/3/2018 17:43,DCL Outbound-WS Inbound,Main and Mather,43
10/3/2018 17:44,DCL Outbound-WS Inbound,Main and Mather,43
10/3/2018 17:44,DCL Outbound-WS Inbound,Main and Cedar IB,43
10/3/2018 17:44,DCL Outbound-WS Inbound,Main and Cedar IB,43
10/3/2018 17:46,DCL Outbound-WS Inbound,Main and Schiller IB,43
10/3/2018 17:46,DCL Outbound-WS Inbound,Main and Schiller IB,43
10/3/2018 17:46,DCL Outbound-WS Inbound,Main and Schiller IB,43
10/3/2018 17:46,DCL Outbound-WS Inbound,Main and Schiller IB,43
10/3/2018 17:46,DCL Outbound-WS Inbound,Main and Schiller IB,43
10/3/2018 17:46,DCL Outbound-WS Inbound,Main and Schiller IB,43
10/3/2018 17:46,DCL Outbound-WS Inbound,Main and Schiller IB,43
10/3/2018 17:46,DCL Outbound-WS Inbound,Main and Schiller IB,43
10/3/2018 17:47,DCL Outbound-WS Inbound,Union,527
10/3/2018 17:47,DCL Outbound-WS Inbound,Union,527
10/3/2018 17:47,DCL Outbound-WS Inbound,Union,527
10/3/2018 17:47,DCL Outbound-WS Inbound,Union,527
10/3/2018 17:47,DCL Outbound-WS Inbound,Union,527
10/3/2018 17:47,DCL Outbound-WS Inbound,Union,527
10/3/2018 17:48,DCL Outbound-WS Inbound,Union,527
10/3/2018 17:48,DCL Outbound-WS Inbound,Union,527
10/3/2018 17:48,DCL Outbound-WS Inbound,Union,527
10/3/2018 17:48,DCL Outbound-WS Inbound,Union,527
10/3/2018 17:48,DCL Outbound-WS Inbound,Union,527
10/3/2018 17:48,DCL Outbound-WS Inbound,Union,527
10/3/2018 17:48,DCL Outbound-WS Inbound,Union,527
10/3/2018 17:48,DCL Outbound-WS Inbound,Union,527
10/3/2018 17:48,DCL Outbound-WS Inbound,Union,527
10/3/2018 17:48,DCL Outbound-WS Inbound,Union,527
10/3/2018 17:48,DCL Outbound-WS Inbound,Union,527
10/3/2018 17:48,DCL Outbound-WS Inbound,Union,527
10/3/2018 17:48,DCL Outbound-WS Inbound,Union,527
10/3/2018 17:48,DCL Outbound-WS Inbound,Union,527
10/3/2018 17:48,DCL Outbound-WS Inbound,Union,527
10/3/2018 17:48,DCL Outbound-WS Inbound,Union,527
10/3/2018 17:48,DCL Outbound-WS Inbound,Union,527
10/3/2018 17:48,DCL Outbound-WS Inbound,Union,527
10/3/2018 17:48,DCL Outbound-WS Inbound,Union,527
10/3/2018 17:49,DCL Outbound-WS Inbound,Union,527
10/3/2018 17:49,DCL Outbound-WS Inbound,Union,527
10/3/2018 17:49,DCL Outbound-WS Inbound,Union,527
10/3/2018 17:49,DCL Outbound-WS Inbound,Union,527
10/3/2018 17:49,DCL Outbound-WS Inbound,Union,527
10/3/2018 17:49,DCL Outbound-WS Inbound,Union,527
10/3/2018 17:52,DCL Outbound-WS Inbound,Physical Facilities,527
10/3/2018 18:10,DCL Outbound-WS Inbound,UDC IB,527
10/3/2018 18:10,DCL Outbound-WS Inbound,UDC IB,527
10/3/2018 18:10,DCL Outbound-WS Inbound,UDC IB,527
10/3/2018 18:12,DCL Outbound-WS Inbound,Hawley IB,527
10/3/2018 18:13,DCL Outbound-WS Inbound,Main and Front OB,527
10/3/2018 18:13,DCL Outbound-WS Inbound,Main and Front OB,527
10/3/2018 18:14,DCL Outbound-WS Inbound,Union,526
10/3/2018 18:14,DCL Outbound-WS Inbound,Union,526
10/3/2018 18:15,DCL Outbound-WS Inbound,Union,526
10/3/2018 18:16,DCL Outbound-WS Inbound,Union,526
10/3/2018 18:16,DCL Outbound-WS Inbound,Main and Cedar IB,527
10/3/2018 18:16,DCL Outbound-WS Inbound,Main and Cedar IB,527
10/3/2018 18:16,DCL Outbound-WS Inbound,Union,526
10/3/2018 18:16,DCL Outbound-WS Inbound,Union,526
10/3/2018 18:16,DCL Outbound-WS Inbound,Union,526
10/3/2018 18:16,DCL Outbound-WS Inbound,Union,526
10/3/2018 18:16,DCL Outbound-WS Inbound,Main and Clarke IB,527
10/3/2018 18:17,DCL Outbound-WS Inbound,Main and Clarke IB,527
10/3/2018 18:17,DCL Outbound-WS Inbound,Main and Clarke IB,527
10/3/2018 18:17,DCL Outbound-WS Inbound,Union,526
10/3/2018 18:17,DCL Outbound-WS Inbound,Union,526
10/3/2018 18:17,DCL Outbound-WS Inbound,Union,526
10/3/2018 18:17,DCL Outbound-WS Inbound,Union,526
10/3/2018 18:18,DCL Outbound-WS Inbound,Union,526
10/3/2018 18:20,DCL Outbound-WS Inbound,Union,526
10/3/2018 18:20,DCL Outbound-WS Inbound,Union,526
10/3/2018 18:20,DCL Outbound-WS Inbound,Union,526
10/3/2018 18:20,DCL Outbound-WS Inbound,Union,526
10/3/2018 18:21,DCL Outbound-WS Inbound,Floral and Cleveland IB,527
10/3/2018 18:22,DCL Outbound-WS Inbound,Floral and Burbank IB,527
10/3/2018 18:22,DCL Outbound-WS Inbound,Physical Facilities,526
10/3/2018 18:23,DCL Outbound-WS Inbound,Floral and St. Charles,527
10/3/2018 18:33,DCL Outbound-WS Inbound,Leroy St and Chestnut OB,526
10/3/2018 18:47,DCL Outbound-WS Inbound,Main and Murray IB,526
10/3/2018 18:47,DCL Outbound-WS Inbound,Main and Murray IB,526
10/3/2018 18:47,DCL Outbound-WS Inbound,Main and Mather,526
10/3/2018 18:49,DCL Outbound-WS Inbound,Main and Clarke IB,526
10/3/2018 18:49,DCL Outbound-WS Inbound,Main and Clarke IB,526
10/3/2018 18:49,DCL Outbound-WS Inbound,Union,890
10/3/2018 18:49,DCL Outbound-WS Inbound,Union,890
10/3/2018 18:49,DCL Outbound-WS Inbound,Union,890
10/3/2018 18:49,DCL Outbound-WS Inbound,Union,890
10/3/2018 18:49,DCL Outbound-WS Inbound,Union,890
10/3/2018 18:49,DCL Outbound-WS Inbound,Union,890
10/3/2018 18:49,DCL Outbound-WS Inbound,Union,890
10/3/2018 18:49,DCL Outbound-WS Inbound,Union,890
10/3/2018 18:49,DCL Outbound-WS Inbound,Union,890
10/3/2018 18:49,DCL Outbound-WS Inbound,Union,890
10/3/2018 18:49,DCL Outbound-WS Inbound,Union,890
10/3/2018 18:50,DCL Outbound-WS Inbound,Union,890
10/3/2018 18:50,DCL Outbound-WS Inbound,Union,890
10/3/2018 18:51,DCL Outbound-WS Inbound,Main and Helen IB,526
10/3/2018 18:53,DCL Outbound-WS Inbound,Physical Facilities,890
10/3/2018 18:54,DCL Outbound-WS Inbound,Floral and Cleveland IB,526
10/3/2018 19:04,DCL Outbound-WS Inbound,Leroy St and Chestnut OB,890
10/3/2018 19:09,DCL Outbound-WS Inbound,UDC IB,890
10/3/2018 19:09,DCL Outbound-WS Inbound,UDC IB,890
10/3/2018 19:09,DCL Outbound-WS Inbound,UDC IB,890
10/3/2018 19:12,DCL Outbound-WS Inbound,Hawley IB,890
10/3/2018 19:13,DCL Outbound-WS Inbound,Main and Murray IB,890
10/3/2018 19:13,DCL Outbound-WS Inbound,Main and Murray IB,890
10/3/2018 19:13,DCL Outbound-WS Inbound,Main and Murray IB,890
10/3/2018 19:14,DCL Outbound-WS Inbound,Main and Mather,890
10/3/2018 19:14,DCL Outbound-WS Inbound,Main and Mather,890
10/3/2018 19:16,DCL Outbound-WS Inbound,Main and Cedar IB,890
10/3/2018 19:18,DCL Outbound-WS Inbound,Main and Schiller IB,890
10/3/2018 19:18,DCL Outbound-WS Inbound,Main and Schiller IB,890
10/3/2018 19:18,DCL Outbound-WS Inbound,Main and Schiller IB,890
10/3/2018 19:19,DCL Outbound-WS Inbound,Main and Helen IB,890
10/3/2018 19:19,DCL Outbound-WS Inbound,Main and Helen IB,890
10/3/2018 19:19,DCL Outbound-WS Inbound,Main and Helen IB,890
10/3/2018 19:22,DCL Outbound-WS Inbound,Floral and Cleveland IB,890
10/3/2018 19:30,DCL Outbound-WS Inbound,Union,890
10/3/2018 19:30,DCL Outbound-WS Inbound,Union,890
10/3/2018 19:30,DCL Outbound-WS Inbound,Union,890
10/3/2018 19:30,DCL Outbound-WS Inbound,Union,890
10/3/2018 19:32,DCL Outbound-WS Inbound,UDC IB,891
10/3/2018 19:34,DCL Outbound-WS Inbound,Union,890
10/3/2018 19:35,DCL Outbound-WS Inbound,UDC IB,891
10/3/2018 19:38,DCL Outbound-WS Inbound,Hawley IB,891
10/3/2018 19:38,DCL Outbound-WS Inbound,Hawley IB,891
10/3/2018 19:40,DCL Outbound-WS Inbound,Main and Murray IB,891
10/3/2018 19:42,DCL Outbound-WS Inbound,Main and Clarke IB,891
10/3/2018 19:42,DCL Outbound-WS Inbound,Union,37
10/3/2018 19:42,DCL Outbound-WS Inbound,Union,37
10/3/2018 19:42,DCL Outbound-WS Inbound,Union,37
10/3/2018 19:42,DCL Outbound-WS Inbound,Union,37
10/3/2018 19:42,DCL Outbound-WS Inbound,Union,37
10/3/2018 19:42,DCL Outbound-WS Inbound,Union,37
10/3/2018 19:42,DCL Outbound-WS Inbound,Union,37
10/3/2018 19:42,DCL Outbound-WS Inbound,Union,37
10/3/2018 19:42,DCL Outbound-WS Inbound,Union,37
10/3/2018 19:42,DCL Outbound-WS Inbound,Union,37
10/3/2018 19:42,DCL Outbound-WS Inbound,Union,37
10/3/2018 19:42,DCL Outbound-WS Inbound,Union,37
10/3/2018 19:43,DCL Outbound-WS Inbound,Union,37
10/3/2018 19:43,DCL Outbound-WS Inbound,Union,37
10/3/2018 19:43,DCL Outbound-WS Inbound,Union,37
10/3/2018 19:43,DCL Outbound-WS Inbound,Union,37
10/3/2018 19:43,DCL Outbound-WS Inbound,Union,37
10/3/2018 19:43,DCL Outbound-WS Inbound,Union,37
10/3/2018 19:43,DCL Outbound-WS Inbound,Union,37
10/3/2018 19:43,DCL Outbound-WS Inbound,Union,37
10/3/2018 19:43,DCL Outbound-WS Inbound,Union,37
10/3/2018 19:43,DCL Outbound-WS Inbound,Main and Schiller IB,891
10/3/2018 19:43,DCL Outbound-WS Inbound,Union,37
10/3/2018 19:43,DCL Outbound-WS Inbound,Union,37
10/3/2018 19:43,DCL Outbound-WS Inbound,Union,37
10/3/2018 19:43,DCL Outbound-WS Inbound,Union,37
10/3/2018 19:43,DCL Outbound-WS Inbound,Union,37
10/3/2018 19:43,DCL Outbound-WS Inbound,Union,37
10/3/2018 19:44,DCL Outbound-WS Inbound,Union,37
10/3/2018 19:45,DCL Outbound-WS Inbound,Union,37
10/3/2018 19:45,DCL Outbound-WS Inbound,Union,37
10/3/2018 19:45,DCL Outbound-WS Inbound,Union,37
10/3/2018 19:45,DCL Outbound-WS Inbound,Union,37
10/3/2018 19:45,DCL Outbound-WS Inbound,Union,37
10/3/2018 19:45,DCL Outbound-WS Inbound,Union,37
10/3/2018 19:45,DCL Outbound-WS Inbound,Union,37
10/3/2018 19:46,DCL Outbound-WS Inbound,Floral and Cleveland IB,891
10/3/2018 19:47,DCL Outbound-WS Inbound,Union,37
10/3/2018 19:47,DCL Outbound-WS Inbound,Union,37
10/3/2018 19:48,DCL Outbound-WS Inbound,Union,37
10/3/2018 19:48,DCL Outbound-WS Inbound,Union,37
10/3/2018 19:48,DCL Outbound-WS Inbound,Floral and Harrison IB,891
10/3/2018 19:48,DCL Outbound-WS Inbound,Union,37
10/3/2018 19:51,DCL Outbound-WS Inbound,Physical Facilities,37
10/3/2018 19:55,DCL Outbound-WS Inbound,Union,891
