Start Date:10/30/2018 7:00 AM End Date:10/30/2018 8:00 PM,,,
DateTime,CorridorName,StopName,VehicleID
10/30/2018 7:21,DCL Outbound-WS Inbound,Main and Front IB,889
10/30/2018 7:22,DCL Outbound-WS Inbound,Main and Murray IB,889
10/30/2018 7:22,DCL Outbound-WS Inbound,Main and Murray IB,889
10/30/2018 7:22,DCL Outbound-WS Inbound,Main and Murray IB,889
10/30/2018 7:22,DCL Outbound-WS Inbound,Main and Murray IB,889
10/30/2018 7:22,DCL Outbound-WS Inbound,Main and Murray IB,889
10/30/2018 7:22,DCL Outbound-WS Inbound,Main and Murray IB,889
10/30/2018 7:22,DCL Outbound-WS Inbound,Main and Murray IB,889
10/30/2018 7:23,DCL Outbound-WS Inbound,Main and Mather,889
10/30/2018 7:23,DCL Outbound-WS Inbound,Union,21
10/30/2018 7:23,DCL Outbound-WS Inbound,Main and Mather,889
10/30/2018 7:23,DCL Outbound-WS Inbound,Union,21
10/30/2018 7:24,DCL Outbound-WS Inbound,Main and Cedar IB,889
10/30/2018 7:24,DCL Outbound-WS Inbound,Main and Cedar IB,889
10/30/2018 7:25,DCL Outbound-WS Inbound,Main and Clarke IB,889
10/30/2018 7:25,DCL Outbound-WS Inbound,Main and Clarke IB,889
10/30/2018 7:27,DCL Outbound-WS Inbound,Main and Schiller IB,889
10/30/2018 7:27,DCL Outbound-WS Inbound,Main and Schiller IB,889
10/30/2018 7:28,DCL Outbound-WS Inbound,UDC,41
10/30/2018 7:28,DCL Outbound-WS Inbound,UDC,41
10/30/2018 7:29,DCL Outbound-WS Inbound,UDC,41
10/30/2018 7:29,DCL Outbound-WS Inbound,Floral and Main IB,889
10/30/2018 7:29,DCL Outbound-WS Inbound,UDC,41
10/30/2018 7:30,DCL Outbound-WS Inbound,Floral and Cleveland IB,889
10/30/2018 7:33,DCL Outbound-WS Inbound,Main and Cedar IB,41
10/30/2018 7:35,DCL Outbound-WS Inbound,Main and Schiller IB,41
10/30/2018 7:35,DCL Outbound-WS Inbound,Leroy St and Chestnut OB,21
10/30/2018 7:35,DCL Outbound-WS Inbound,Leroy St and Chestnut OB,21
10/30/2018 7:37,DCL Outbound-WS Inbound,Main and Helen IB,41
10/30/2018 7:37,DCL Outbound-WS Inbound,Main and Helen IB,41
10/30/2018 7:42,DCL Outbound-WS Inbound,Hawley IB,21
10/30/2018 7:43,DCL Outbound-WS Inbound,Union,890
10/30/2018 7:43,DCL Outbound-WS Inbound,Union,890
10/30/2018 7:43,DCL Outbound-WS Inbound,Main and Murray IB,21
10/30/2018 7:43,DCL Outbound-WS Inbound,Main and Murray IB,21
10/30/2018 7:44,DCL Outbound-WS Inbound,Main and Mather,21
10/30/2018 7:44,DCL Outbound-WS Inbound,Main and Mather,21
10/30/2018 7:44,DCL Outbound-WS Inbound,Main and Mather,21
10/30/2018 7:45,DCL Outbound-WS Inbound,Main and Clarke IB,21
10/30/2018 7:45,DCL Outbound-WS Inbound,Main and Clarke IB,21
10/30/2018 7:46,DCL Outbound-WS Inbound,Main and Schiller IB,21
10/30/2018 7:48,DCL Outbound-WS Inbound,Hawley IB,37
10/30/2018 7:48,DCL Outbound-WS Inbound,Hawley IB,37
10/30/2018 7:48,DCL Outbound-WS Inbound,Hawley IB,37
10/30/2018 7:48,DCL Outbound-WS Inbound,Hawley IB,37
10/30/2018 7:48,DCL Outbound-WS Inbound,Main and Crary,21
10/30/2018 7:48,DCL Outbound-WS Inbound,Main and Crary,21
10/30/2018 7:49,DCL Outbound-WS Inbound,Main and Murray IB,37
10/30/2018 7:49,DCL Outbound-WS Inbound,Main and Murray IB,37
10/30/2018 7:50,DCL Outbound-WS Inbound,Main and Mather,37
10/30/2018 7:51,DCL Outbound-WS Inbound,Main and Cedar IB,37
10/30/2018 7:52,DCL Outbound-WS Inbound,Main and Clarke IB,37
10/30/2018 7:52,DCL Outbound-WS Inbound,Main and Clarke IB,37
10/30/2018 7:52,DCL Outbound-WS Inbound,Main and Clarke IB,37
10/30/2018 7:53,DCL Outbound-WS Inbound,Main and Schiller IB,37
10/30/2018 7:53,DCL Outbound-WS Inbound,Main and Schiller IB,37
10/30/2018 7:53,DCL Outbound-WS Inbound,Main and Schiller IB,37
10/30/2018 7:53,DCL Outbound-WS Inbound,Main and Schiller IB,37
10/30/2018 7:55,DCL Outbound-WS Inbound,Floral and Main IB,37
10/30/2018 7:56,DCL Outbound-WS Inbound,Floral and Willow IB,37
10/30/2018 7:56,DCL Outbound-WS Inbound,Floral and Willow IB,37
10/30/2018 7:57,DCL Outbound-WS Inbound,Floral and Harrison IB,37
10/30/2018 8:07,DCL Outbound-WS Inbound,UDC,890
10/30/2018 8:07,DCL Outbound-WS Inbound,UDC,890
10/30/2018 8:08,DCL Outbound-WS Inbound,Hawley IB,890
10/30/2018 8:08,DCL Outbound-WS Inbound,Hawley IB,890
10/30/2018 8:09,DCL Outbound-WS Inbound,Hawley IB,890
10/30/2018 8:09,DCL Outbound-WS Inbound,Hawley IB,890
10/30/2018 8:10,DCL Outbound-WS Inbound,Main and Front IB,890
10/30/2018 8:10,DCL Outbound-WS Inbound,Main and Front IB,890
10/30/2018 8:10,DCL Outbound-WS Inbound,Main and Front IB,890
10/30/2018 8:10,DCL Outbound-WS Inbound,Main and Murray IB,890
10/30/2018 8:10,DCL Outbound-WS Inbound,Main and Murray IB,890
10/30/2018 8:10,DCL Outbound-WS Inbound,Main and Murray IB,890
10/30/2018 8:10,DCL Outbound-WS Inbound,Main and Murray IB,890
10/30/2018 8:11,DCL Outbound-WS Inbound,Main and Murray IB,890
10/30/2018 8:11,DCL Outbound-WS Inbound,Main and Murray IB,890
10/30/2018 8:11,DCL Outbound-WS Inbound,Main and Murray IB,890
10/30/2018 8:11,DCL Outbound-WS Inbound,Main and Murray IB,890
10/30/2018 8:11,DCL Outbound-WS Inbound,Main and Murray IB,890
10/30/2018 8:11,DCL Outbound-WS Inbound,Main and Murray IB,890
10/30/2018 8:11,DCL Outbound-WS Inbound,Main and Murray IB,890
10/30/2018 8:12,DCL Outbound-WS Inbound,Main and Mather,890
10/30/2018 8:12,DCL Outbound-WS Inbound,Main and Mather,890
10/30/2018 8:12,DCL Outbound-WS Inbound,Main and Mather,890
10/30/2018 8:12,DCL Outbound-WS Inbound,Main and Mather,890
10/30/2018 8:12,DCL Outbound-WS Inbound,Main and Mather,890
10/30/2018 8:12,DCL Outbound-WS Inbound,Main and Mather,890
10/30/2018 8:12,DCL Outbound-WS Inbound,Main and Cedar IB,41
10/30/2018 8:12,DCL Outbound-WS Inbound,Main and Cedar IB,41
10/30/2018 8:13,DCL Outbound-WS Inbound,Main and Clarke IB,41
10/30/2018 8:13,DCL Outbound-WS Inbound,Main and Clarke IB,41
10/30/2018 8:13,DCL Outbound-WS Inbound,Main and Clarke IB,41
10/30/2018 8:14,DCL Outbound-WS Inbound,Main and Clarke IB,41
10/30/2018 8:14,DCL Outbound-WS Inbound,Main and Clarke IB,41
10/30/2018 8:14,DCL Outbound-WS Inbound,Main and Schiller IB,41
10/30/2018 8:14,DCL Outbound-WS Inbound,Main and Schiller IB,41
10/30/2018 8:14,DCL Outbound-WS Inbound,Main and Schiller IB,41
10/30/2018 8:14,DCL Outbound-WS Inbound,Main and Schiller IB,41
10/30/2018 8:15,DCL Outbound-WS Inbound,Main and Schiller IB,41
10/30/2018 8:15,DCL Outbound-WS Inbound,Main and Schiller IB,41
10/30/2018 8:15,DCL Outbound-WS Inbound,Main and Schiller IB,41
10/30/2018 8:15,DCL Outbound-WS Inbound,Main and Schiller IB,41
10/30/2018 8:15,DCL Outbound-WS Inbound,Main and Schiller IB,41
10/30/2018 8:15,DCL Outbound-WS Inbound,Main and Schiller IB,41
10/30/2018 8:15,DCL Outbound-WS Inbound,Main and Schiller IB,41
10/30/2018 8:15,DCL Outbound-WS Inbound,Main and Schiller IB,41
10/30/2018 8:15,DCL Outbound-WS Inbound,Main and Schiller IB,41
10/30/2018 8:15,DCL Outbound-WS Inbound,Main and Schiller IB,41
10/30/2018 8:15,DCL Outbound-WS Inbound,Main and Schiller IB,41
10/30/2018 8:15,DCL Outbound-WS Inbound,Main and Schiller IB,41
10/30/2018 8:15,DCL Outbound-WS Inbound,Main and Schiller IB,41
10/30/2018 8:16,DCL Outbound-WS Inbound,Union,526
10/30/2018 8:16,DCL Outbound-WS Inbound,Union,526
10/30/2018 8:17,DCL Outbound-WS Inbound,Hawley IB,43
10/30/2018 8:17,DCL Outbound-WS Inbound,Union,526
10/30/2018 8:17,DCL Outbound-WS Inbound,Main and Helen IB,41
10/30/2018 8:17,DCL Outbound-WS Inbound,Main and Helen IB,41
10/30/2018 8:17,DCL Outbound-WS Inbound,Floral and Cleveland IB,890
10/30/2018 8:17,DCL Outbound-WS Inbound,Floral and Cleveland IB,890
10/30/2018 8:17,DCL Outbound-WS Inbound,Floral and Cleveland IB,890
10/30/2018 8:17,DCL Outbound-WS Inbound,Floral and Cleveland IB,890
10/30/2018 8:18,DCL Outbound-WS Inbound,Main and Front IB,43
10/30/2018 8:18,DCL Outbound-WS Inbound,Floral and Burbank IB,890
10/30/2018 8:19,DCL Outbound-WS Inbound,Main and Murray IB,43
10/30/2018 8:19,DCL Outbound-WS Inbound,Main and Murray IB,43
10/30/2018 8:19,DCL Outbound-WS Inbound,Floral and Willow IB,890
10/30/2018 8:19,DCL Outbound-WS Inbound,Floral and Cleveland IB,41
10/30/2018 8:19,DCL Outbound-WS Inbound,Floral and Cleveland IB,41
10/30/2018 8:19,DCL Outbound-WS Inbound,Floral and Cleveland IB,41
10/30/2018 8:19,DCL Outbound-WS Inbound,Main and Mather,43
10/30/2018 8:19,DCL Outbound-WS Inbound,Floral and Harrison IB,890
10/30/2018 8:20,DCL Outbound-WS Inbound,Main and Mather,43
10/30/2018 8:20,DCL Outbound-WS Inbound,Floral and St. Charles,890
10/30/2018 8:20,DCL Outbound-WS Inbound,Floral and St. Charles,890
10/30/2018 8:21,DCL Outbound-WS Inbound,Floral and Harrison IB,41
10/30/2018 8:21,DCL Outbound-WS Inbound,Main and Cedar IB,43
10/30/2018 8:21,DCL Outbound-WS Inbound,Main and Cedar IB,43
10/30/2018 8:21,DCL Outbound-WS Inbound,Main and Cedar IB,43
10/30/2018 8:23,DCL Outbound-WS Inbound,Main and Schiller IB,43
10/30/2018 8:23,DCL Outbound-WS Inbound,Main and Schiller IB,43
10/30/2018 8:23,DCL Outbound-WS Inbound,Main and Schiller IB,43
10/30/2018 8:23,DCL Outbound-WS Inbound,Main and Schiller IB,43
10/30/2018 8:23,DCL Outbound-WS Inbound,Main and Schiller IB,43
10/30/2018 8:23,DCL Outbound-WS Inbound,Main and Schiller IB,43
10/30/2018 8:24,DCL Outbound-WS Inbound,Main and Helen IB,43
10/30/2018 8:27,DCL Outbound-WS Inbound,Floral and Cleveland IB,43
10/30/2018 8:27,DCL Outbound-WS Inbound,Floral and Cleveland IB,43
10/30/2018 8:36,DCL Outbound-WS Inbound,UDC,526
10/30/2018 8:36,DCL Outbound-WS Inbound,UDC,526
10/30/2018 8:40,DCL Outbound-WS Inbound,Main and Murray IB,526
10/30/2018 8:40,DCL Outbound-WS Inbound,Main and Murray IB,526
10/30/2018 8:40,DCL Outbound-WS Inbound,Main and Murray IB,526
10/30/2018 8:40,DCL Outbound-WS Inbound,Main and Murray IB,526
10/30/2018 8:40,DCL Outbound-WS Inbound,Main and Murray IB,526
10/30/2018 8:43,DCL Outbound-WS Inbound,Main and Cedar IB,526
10/30/2018 8:43,DCL Outbound-WS Inbound,Main and Cedar IB,526
10/30/2018 8:45,DCL Outbound-WS Inbound,Main and Schiller IB,526
10/30/2018 8:45,DCL Outbound-WS Inbound,Main and Schiller IB,526
10/30/2018 8:45,DCL Outbound-WS Inbound,Main and Schiller IB,526
10/30/2018 8:45,DCL Outbound-WS Inbound,Main and Schiller IB,526
10/30/2018 8:45,DCL Outbound-WS Inbound,Main and Schiller IB,526
10/30/2018 8:45,DCL Outbound-WS Inbound,Main and Schiller IB,526
10/30/2018 8:45,DCL Outbound-WS Inbound,Main and Schiller IB,526
10/30/2018 8:46,DCL Outbound-WS Inbound,Main and Helen IB,526
10/30/2018 8:46,DCL Outbound-WS Inbound,Main and Helen IB,526
10/30/2018 8:47,DCL Outbound-WS Inbound,Unknown,21
10/30/2018 8:49,DCL Outbound-WS Inbound,Main and Front IB,21
10/30/2018 8:49,DCL Outbound-WS Inbound,Main and Front IB,21
10/30/2018 8:49,DCL Outbound-WS Inbound,Main and Front IB,21
10/30/2018 8:49,DCL Outbound-WS Inbound,Floral and Burbank IB,526
10/30/2018 8:50,DCL Outbound-WS Inbound,Main and Murray IB,21
10/30/2018 8:50,DCL Outbound-WS Inbound,Main and Murray IB,21
10/30/2018 8:50,DCL Outbound-WS Inbound,Main and Murray IB,21
10/30/2018 8:51,DCL Outbound-WS Inbound,Floral and St. Charles,526
10/30/2018 8:51,DCL Outbound-WS Inbound,Main and Mather,21
10/30/2018 8:51,DCL Outbound-WS Inbound,Main and Cedar IB,21
10/30/2018 8:52,DCL Outbound-WS Inbound,Main and Clarke IB,21
10/30/2018 8:57,DCL Outbound-WS Inbound,Floral and Harrison IB,21
10/30/2018 8:58,DCL Outbound-WS Inbound,UDC,37
10/30/2018 9:02,DCL Outbound-WS Inbound,Hawley IB,37
10/30/2018 9:02,DCL Outbound-WS Inbound,Hawley IB,37
10/30/2018 9:02,DCL Outbound-WS Inbound,Hawley IB,37
10/30/2018 9:03,DCL Outbound-WS Inbound,Main and Front IB,37
10/30/2018 9:04,DCL Outbound-WS Inbound,Main and Murray IB,37
10/30/2018 9:06,DCL Outbound-WS Inbound,Main and Cedar IB,37
10/30/2018 9:06,DCL Outbound-WS Inbound,Main and Cedar IB,37
10/30/2018 9:06,DCL Outbound-WS Inbound,Main and Cedar IB,37
10/30/2018 9:06,DCL Outbound-WS Inbound,Main and Cedar IB,37
10/30/2018 9:06,DCL Outbound-WS Inbound,Main and Cedar IB,37
10/30/2018 9:07,DCL Outbound-WS Inbound,Main and Schiller IB,37
10/30/2018 9:07,DCL Outbound-WS Inbound,Main and Schiller IB,37
10/30/2018 9:08,DCL Outbound-WS Inbound,Hawley IB,890
10/30/2018 9:09,DCL Outbound-WS Inbound,Main and Front IB,890
10/30/2018 9:10,DCL Outbound-WS Inbound,Main and Murray IB,890
10/30/2018 9:10,DCL Outbound-WS Inbound,Main and Murray IB,890
10/30/2018 9:10,DCL Outbound-WS Inbound,Floral and Cleveland IB,37
10/30/2018 9:10,DCL Outbound-WS Inbound,Floral and Cleveland IB,37
10/30/2018 9:11,DCL Outbound-WS Inbound,Main and Mather,890
10/30/2018 9:11,DCL Outbound-WS Inbound,Floral and Burbank IB,37
10/30/2018 9:11,DCL Outbound-WS Inbound,Main and Cedar IB,890
10/30/2018 9:11,DCL Outbound-WS Inbound,Main and Cedar IB,890
10/30/2018 9:12,DCL Outbound-WS Inbound,Main and Clarke IB,890
10/30/2018 9:12,DCL Outbound-WS Inbound,Main and Clarke IB,890
10/30/2018 9:12,DCL Outbound-WS Inbound,Floral and St. Charles,37
10/30/2018 9:13,DCL Outbound-WS Inbound,Unknown,55
10/30/2018 9:13,DCL Outbound-WS Inbound,Main and Schiller IB,890
10/30/2018 9:13,DCL Outbound-WS Inbound,Main and Schiller IB,890
10/30/2018 9:13,DCL Outbound-WS Inbound,Main and Schiller IB,890
10/30/2018 9:13,DCL Outbound-WS Inbound,Main and Schiller IB,890
10/30/2018 9:13,DCL Outbound-WS Inbound,Main and Schiller IB,890
10/30/2018 9:13,DCL Outbound-WS Inbound,Main and Schiller IB,890
10/30/2018 9:14,DCL Outbound-WS Inbound,Main and Helen IB,890
10/30/2018 9:15,DCL Outbound-WS Inbound,Main and Crary,890
10/30/2018 9:15,DCL Outbound-WS Inbound,Main and Crary,890
10/30/2018 9:16,DCL Outbound-WS Inbound,Floral and Cleveland IB,890
10/30/2018 9:17,DCL Outbound-WS Inbound,Floral and Willow IB,890
10/30/2018 9:17,DCL Outbound-WS Inbound,Floral and Willow IB,890
10/30/2018 9:17,DCL Outbound-WS Inbound,Floral and Willow IB,890
10/30/2018 9:18,DCL Outbound-WS Inbound,Unknown,526
10/30/2018 9:18,DCL Outbound-WS Inbound,Unknown,526
10/30/2018 9:18,DCL Outbound-WS Inbound,Floral and Roberts IB,890
10/30/2018 9:19,DCL Outbound-WS Inbound,Main and Front IB,526
10/30/2018 9:19,DCL Outbound-WS Inbound,Main and Front IB,526
10/30/2018 9:19,DCL Outbound-WS Inbound,Main and Front IB,526
10/30/2018 9:20,DCL Outbound-WS Inbound,Main and Murray IB,526
10/30/2018 9:20,DCL Outbound-WS Inbound,Main and Murray IB,526
10/30/2018 9:20,DCL Outbound-WS Inbound,Main and Murray IB,526
10/30/2018 9:20,DCL Outbound-WS Inbound,Main and Murray IB,526
10/30/2018 9:21,DCL Outbound-WS Inbound,Main and Mather,526
10/30/2018 9:21,DCL Outbound-WS Inbound,Main and Mather,526
10/30/2018 9:22,DCL Outbound-WS Inbound,Main and Cedar IB,526
10/30/2018 9:22,DCL Outbound-WS Inbound,Main and Cedar IB,526
10/30/2018 9:22,DCL Outbound-WS Inbound,Main and Clarke IB,526
10/30/2018 9:24,DCL Outbound-WS Inbound,Main and Schiller IB,526
10/30/2018 9:24,DCL Outbound-WS Inbound,Main and Schiller IB,526
10/30/2018 9:24,DCL Outbound-WS Inbound,Main and Schiller IB,526
10/30/2018 9:24,DCL Outbound-WS Inbound,Main and Schiller IB,526
10/30/2018 9:24,DCL Outbound-WS Inbound,Main and Schiller IB,526
10/30/2018 9:24,DCL Outbound-WS Inbound,Main and Schiller IB,526
10/30/2018 9:24,DCL Outbound-WS Inbound,Main and Schiller IB,526
10/30/2018 9:24,DCL Outbound-WS Inbound,Main and Schiller IB,526
10/30/2018 9:24,DCL Outbound-WS Inbound,Main and Schiller IB,526
10/30/2018 9:24,DCL Outbound-WS Inbound,Main and Schiller IB,526
10/30/2018 9:27,DCL Outbound-WS Inbound,Floral and Main IB,526
10/30/2018 9:27,DCL Outbound-WS Inbound,Floral and Cleveland IB,526
10/30/2018 9:30,DCL Outbound-WS Inbound,UDC,43
10/30/2018 9:30,DCL Outbound-WS Inbound,UDC,43
10/30/2018 9:30,DCL Outbound-WS Inbound,UDC,43
10/30/2018 9:30,DCL Outbound-WS Inbound,UDC,43
10/30/2018 9:30,DCL Outbound-WS Inbound,UDC,43
10/30/2018 9:30,DCL Outbound-WS Inbound,UDC,43
10/30/2018 9:30,DCL Outbound-WS Inbound,UDC,43
10/30/2018 9:30,DCL Outbound-WS Inbound,UDC,43
10/30/2018 9:30,DCL Outbound-WS Inbound,UDC,43
10/30/2018 9:30,DCL Outbound-WS Inbound,UDC,43
10/30/2018 9:31,DCL Outbound-WS Inbound,UDC,43
10/30/2018 9:32,DCL Outbound-WS Inbound,UDC,43
10/30/2018 9:32,DCL Outbound-WS Inbound,UDC,43
10/30/2018 9:37,DCL Outbound-WS Inbound,Union,526
10/30/2018 9:37,DCL Outbound-WS Inbound,Hawley IB,43
10/30/2018 9:37,DCL Outbound-WS Inbound,Hawley IB,43
10/30/2018 9:37,DCL Outbound-WS Inbound,Hawley IB,43
10/30/2018 9:37,DCL Outbound-WS Inbound,Hawley IB,43
10/30/2018 9:37,DCL Outbound-WS Inbound,Hawley IB,43
10/30/2018 9:37,DCL Outbound-WS Inbound,Hawley IB,43
10/30/2018 9:37,DCL Outbound-WS Inbound,Hawley IB,43
10/30/2018 9:37,DCL Outbound-WS Inbound,Hawley IB,43
10/30/2018 9:37,DCL Outbound-WS Inbound,Hawley IB,43
10/30/2018 9:37,DCL Outbound-WS Inbound,Hawley IB,43
10/30/2018 9:37,DCL Outbound-WS Inbound,Hawley IB,43
10/30/2018 9:37,DCL Outbound-WS Inbound,Hawley IB,43
10/30/2018 9:37,DCL Outbound-WS Inbound,Hawley IB,43
10/30/2018 9:37,DCL Outbound-WS Inbound,Hawley IB,43
10/30/2018 9:37,DCL Outbound-WS Inbound,Hawley IB,43
10/30/2018 9:38,DCL Outbound-WS Inbound,Main and Front IB,43
10/30/2018 9:38,DCL Outbound-WS Inbound,Main and Front IB,43
10/30/2018 9:38,DCL Outbound-WS Inbound,Main and Front IB,43
10/30/2018 9:38,DCL Outbound-WS Inbound,Main and Front IB,43
10/30/2018 9:38,DCL Outbound-WS Inbound,Main and Front IB,43
10/30/2018 9:39,DCL Outbound-WS Inbound,Main and Murray IB,43
10/30/2018 9:39,DCL Outbound-WS Inbound,Main and Murray IB,43
10/30/2018 9:39,DCL Outbound-WS Inbound,Main and Murray IB,43
10/30/2018 9:39,DCL Outbound-WS Inbound,Main and Murray IB,43
10/30/2018 9:39,DCL Outbound-WS Inbound,Main and Murray IB,43
10/30/2018 9:39,DCL Outbound-WS Inbound,Main and Murray IB,43
10/30/2018 9:39,DCL Outbound-WS Inbound,Main and Murray IB,43
10/30/2018 9:39,DCL Outbound-WS Inbound,Main and Murray IB,43
10/30/2018 9:39,DCL Outbound-WS Inbound,Main and Murray IB,43
10/30/2018 9:39,DCL Outbound-WS Inbound,Main and Murray IB,43
10/30/2018 9:39,DCL Outbound-WS Inbound,Main and Murray IB,43
10/30/2018 9:39,DCL Outbound-WS Inbound,Main and Murray IB,43
10/30/2018 9:39,DCL Outbound-WS Inbound,Main and Murray IB,43
10/30/2018 9:39,DCL Outbound-WS Inbound,Main and Murray IB,43
10/30/2018 9:39,DCL Outbound-WS Inbound,Main and Murray IB,43
10/30/2018 9:39,DCL Outbound-WS Inbound,Main and Murray IB,43
10/30/2018 9:39,DCL Outbound-WS Inbound,Main and Murray IB,43
10/30/2018 9:39,DCL Outbound-WS Inbound,Main and Murray IB,43
10/30/2018 9:40,DCL Outbound-WS Inbound,Main and Murray IB,43
10/30/2018 9:40,DCL Outbound-WS Inbound,Main and Murray IB,43
10/30/2018 9:40,DCL Outbound-WS Inbound,Main and Murray IB,43
10/30/2018 9:44,DCL Outbound-WS Inbound,Union,21
10/30/2018 9:44,DCL Outbound-WS Inbound,Union,21
10/30/2018 9:49,DCL Outbound-WS Inbound,Main and Murray IB,890
10/30/2018 9:49,DCL Outbound-WS Inbound,Main and Murray IB,890
10/30/2018 9:49,DCL Outbound-WS Inbound,Main and Murray IB,890
10/30/2018 9:49,DCL Outbound-WS Inbound,Main and Murray IB,890
10/30/2018 9:49,DCL Outbound-WS Inbound,Main and Murray IB,890
10/30/2018 9:49,DCL Outbound-WS Inbound,Main and Murray IB,890
10/30/2018 9:49,DCL Outbound-WS Inbound,Main and Mather,890
10/30/2018 9:49,DCL Outbound-WS Inbound,Main and Mather,890
10/30/2018 9:49,DCL Outbound-WS Inbound,Main and Mather,890
10/30/2018 9:49,DCL Outbound-WS Inbound,Main and Mather,890
10/30/2018 9:50,DCL Outbound-WS Inbound,Main and Mather,890
10/30/2018 9:50,DCL Outbound-WS Inbound,Main and Mather,890
10/30/2018 9:50,DCL Outbound-WS Inbound,Main and Mather,890
10/30/2018 9:50,DCL Outbound-WS Inbound,Main and Mather,890
10/30/2018 9:50,DCL Outbound-WS Inbound,Main and Mather,890
10/30/2018 9:50,DCL Outbound-WS Inbound,Main and Mather,890
10/30/2018 9:50,DCL Outbound-WS Inbound,Main and Mather,890
10/30/2018 9:50,DCL Outbound-WS Inbound,Main and Mather,890
10/30/2018 9:51,DCL Outbound-WS Inbound,Main and Cedar IB,890
10/30/2018 9:51,DCL Outbound-WS Inbound,Main and Cedar IB,890
10/30/2018 9:51,DCL Outbound-WS Inbound,Main and Cedar IB,890
10/30/2018 9:51,DCL Outbound-WS Inbound,Main and Cedar IB,890
10/30/2018 9:52,DCL Outbound-WS Inbound,Main and Clarke IB,890
10/30/2018 9:52,DCL Outbound-WS Inbound,Main and Clarke IB,890
10/30/2018 9:52,DCL Outbound-WS Inbound,Main and Clarke IB,890
10/30/2018 9:52,DCL Outbound-WS Inbound,Main and Clarke IB,890
10/30/2018 9:52,DCL Outbound-WS Inbound,Main and Clarke IB,890
10/30/2018 9:52,DCL Outbound-WS Inbound,Main and Clarke IB,890
10/30/2018 9:53,DCL Outbound-WS Inbound,Main and Schiller IB,890
10/30/2018 9:53,DCL Outbound-WS Inbound,Main and Schiller IB,890
10/30/2018 9:53,DCL Outbound-WS Inbound,Main and Schiller IB,890
10/30/2018 9:53,DCL Outbound-WS Inbound,Main and Schiller IB,890
10/30/2018 9:53,DCL Outbound-WS Inbound,Main and Schiller IB,890
10/30/2018 9:53,DCL Outbound-WS Inbound,Main and Schiller IB,890
10/30/2018 9:53,DCL Outbound-WS Inbound,Main and Schiller IB,890
10/30/2018 9:53,DCL Outbound-WS Inbound,Main and Schiller IB,890
10/30/2018 9:53,DCL Outbound-WS Inbound,Main and Schiller IB,890
10/30/2018 9:53,DCL Outbound-WS Inbound,Main and Schiller IB,890
10/30/2018 9:55,DCL Outbound-WS Inbound,Main and Crary,890
10/30/2018 9:56,DCL Outbound-WS Inbound,Floral and Cleveland IB,890
10/30/2018 9:56,DCL Outbound-WS Inbound,Floral and Cleveland IB,890
10/30/2018 9:57,DCL Outbound-WS Inbound,Floral and Burbank IB,890
10/30/2018 9:57,DCL Outbound-WS Inbound,Floral and Burbank IB,890
10/30/2018 10:08,DCL Outbound-WS Inbound,Main and Murray IB,21
10/30/2018 10:08,DCL Outbound-WS Inbound,Main and Murray IB,21
10/30/2018 10:09,DCL Outbound-WS Inbound,Main and Mather,21
10/30/2018 10:09,DCL Outbound-WS Inbound,Main and Mather,21
10/30/2018 10:09,DCL Outbound-WS Inbound,Main and Cedar IB,21
10/30/2018 10:10,DCL Outbound-WS Inbound,Main and Clarke IB,21
10/30/2018 10:11,DCL Outbound-WS Inbound,Main and Schiller IB,21
10/30/2018 10:11,DCL Outbound-WS Inbound,Main and Schiller IB,21
10/30/2018 10:11,DCL Outbound-WS Inbound,Main and Schiller IB,21
10/30/2018 10:12,DCL Outbound-WS Inbound,Main and Helen IB,21
10/30/2018 10:14,DCL Outbound-WS Inbound,Floral and Cleveland IB,21
10/30/2018 10:14,DCL Outbound-WS Inbound,Floral and Cleveland IB,21
10/30/2018 10:14,DCL Outbound-WS Inbound,Union,526
10/30/2018 10:14,DCL Outbound-WS Inbound,Union,526
10/30/2018 10:14,DCL Outbound-WS Inbound,Union,526
10/30/2018 10:14,DCL Outbound-WS Inbound,Union,526
10/30/2018 10:14,DCL Outbound-WS Inbound,Union,526
10/30/2018 10:14,DCL Outbound-WS Inbound,Floral and Cleveland IB,21
10/30/2018 10:14,DCL Outbound-WS Inbound,Union,526
10/30/2018 10:14,DCL Outbound-WS Inbound,Union,526
10/30/2018 10:14,DCL Outbound-WS Inbound,Union,526
10/30/2018 10:14,DCL Outbound-WS Inbound,Union,526
10/30/2018 10:14,DCL Outbound-WS Inbound,Union,526
10/30/2018 10:14,DCL Outbound-WS Inbound,Union,526
10/30/2018 10:14,DCL Outbound-WS Inbound,Union,526
10/30/2018 10:14,DCL Outbound-WS Inbound,Union,526
10/30/2018 10:15,DCL Outbound-WS Inbound,Union,526
10/30/2018 10:15,DCL Outbound-WS Inbound,Union,526
10/30/2018 10:15,DCL Outbound-WS Inbound,Union,526
10/30/2018 10:15,DCL Outbound-WS Inbound,Union,526
10/30/2018 10:15,DCL Outbound-WS Inbound,Union,526
10/30/2018 10:15,DCL Outbound-WS Inbound,Union,526
10/30/2018 10:15,DCL Outbound-WS Inbound,Union,526
10/30/2018 10:15,DCL Outbound-WS Inbound,Union,526
10/30/2018 10:15,DCL Outbound-WS Inbound,Union,526
10/30/2018 10:17,DCL Outbound-WS Inbound,Union,526
10/30/2018 10:22,DCL Outbound-WS Inbound,Main and Murray IB,37
10/30/2018 10:22,DCL Outbound-WS Inbound,Main and Murray IB,37
10/30/2018 10:22,DCL Outbound-WS Inbound,Main and Murray IB,37
10/30/2018 10:23,DCL Outbound-WS Inbound,Main and Mather,37
10/30/2018 10:23,DCL Outbound-WS Inbound,Main and Mather,37
10/30/2018 10:23,DCL Outbound-WS Inbound,Main and Mather,37
10/30/2018 10:24,DCL Outbound-WS Inbound,Main and Cedar IB,37
10/30/2018 10:26,DCL Outbound-WS Inbound,Main and Schiller IB,37
10/30/2018 10:26,DCL Outbound-WS Inbound,Main and Schiller IB,37
10/30/2018 10:26,DCL Outbound-WS Inbound,Main and Schiller IB,37
10/30/2018 10:27,DCL Outbound-WS Inbound,Main and Helen IB,37
10/30/2018 10:29,DCL Outbound-WS Inbound,Floral and Cleveland IB,37
10/30/2018 10:29,DCL Outbound-WS Inbound,Floral and Cleveland IB,37
10/30/2018 10:30,DCL Outbound-WS Inbound,Floral and Burbank IB,37
10/30/2018 10:30,DCL Outbound-WS Inbound,Floral and Burbank IB,37
10/30/2018 10:30,DCL Outbound-WS Inbound,Floral and Burbank IB,37
10/30/2018 10:35,DCL Outbound-WS Inbound,UDC,526
10/30/2018 10:39,DCL Outbound-WS Inbound,Main and Murray IB,526
10/30/2018 10:39,DCL Outbound-WS Inbound,Main and Murray IB,526
10/30/2018 10:39,DCL Outbound-WS Inbound,Main and Murray IB,526
10/30/2018 10:40,DCL Outbound-WS Inbound,Main and Cedar IB,526
10/30/2018 10:40,DCL Outbound-WS Inbound,Main and Cedar IB,526
10/30/2018 10:40,DCL Outbound-WS Inbound,Main and Cedar IB,526
10/30/2018 10:40,DCL Outbound-WS Inbound,Main and Cedar IB,526
10/30/2018 10:42,DCL Outbound-WS Inbound,Main and Clarke IB,526
10/30/2018 10:42,DCL Outbound-WS Inbound,Main and Clarke IB,526
10/30/2018 10:43,DCL Outbound-WS Inbound,Main and Schiller IB,526
10/30/2018 10:43,DCL Outbound-WS Inbound,Main and Schiller IB,526
10/30/2018 10:43,DCL Outbound-WS Inbound,Main and Schiller IB,526
10/30/2018 10:43,DCL Outbound-WS Inbound,Main and Schiller IB,526
10/30/2018 10:43,DCL Outbound-WS Inbound,Main and Schiller IB,526
10/30/2018 10:43,DCL Outbound-WS Inbound,Main and Schiller IB,526
10/30/2018 10:43,DCL Outbound-WS Inbound,Main and Schiller IB,526
10/30/2018 10:45,DCL Outbound-WS Inbound,Main and Helen IB,526
10/30/2018 10:48,DCL Outbound-WS Inbound,Floral and Cleveland IB,526
10/30/2018 10:48,DCL Outbound-WS Inbound,Floral and Cleveland IB,526
10/30/2018 10:48,DCL Outbound-WS Inbound,Floral and Cleveland IB,526
10/30/2018 10:49,DCL Outbound-WS Inbound,Floral and Roberts IB,526
10/30/2018 10:49,DCL Outbound-WS Inbound,Floral and Roberts IB,526
10/30/2018 10:50,DCL Outbound-WS Inbound,Floral and Cook,526
10/30/2018 10:56,DCL Outbound-WS Inbound,Hawley IB,889
10/30/2018 10:56,DCL Outbound-WS Inbound,Hawley IB,889
10/30/2018 10:56,DCL Outbound-WS Inbound,Hawley IB,889
10/30/2018 10:58,DCL Outbound-WS Inbound,Main and Front IB,889
10/30/2018 10:59,DCL Outbound-WS Inbound,Main and Murray IB,889
10/30/2018 10:59,DCL Outbound-WS Inbound,Main and Murray IB,889
10/30/2018 10:59,DCL Outbound-WS Inbound,Main and Murray IB,889
10/30/2018 10:59,DCL Outbound-WS Inbound,Main and Murray IB,889
10/30/2018 10:59,DCL Outbound-WS Inbound,Main and Murray IB,889
10/30/2018 11:00,DCL Outbound-WS Inbound,Main and Mather,889
10/30/2018 11:00,DCL Outbound-WS Inbound,Main and Mather,889
10/30/2018 11:00,DCL Outbound-WS Inbound,Main and Mather,889
10/30/2018 11:00,DCL Outbound-WS Inbound,Main and Mather,889
10/30/2018 11:00,DCL Outbound-WS Inbound,Main and Mather,889
10/30/2018 11:01,DCL Outbound-WS Inbound,Main and Cedar IB,889
10/30/2018 11:02,DCL Outbound-WS Inbound,Main and Clarke IB,889
10/30/2018 11:02,DCL Outbound-WS Inbound,Main and Clarke IB,889
10/30/2018 11:02,DCL Outbound-WS Inbound,Main and Clarke IB,889
10/30/2018 11:03,DCL Outbound-WS Inbound,Main and Schiller IB,889
10/30/2018 11:05,DCL Outbound-WS Inbound,Main and Helen IB,889
10/30/2018 11:06,DCL Outbound-WS Inbound,Unknown,43
10/30/2018 11:06,DCL Outbound-WS Inbound,Unknown,43
10/30/2018 11:06,DCL Outbound-WS Inbound,Unknown,43
10/30/2018 11:06,DCL Outbound-WS Inbound,Unknown,43
10/30/2018 11:07,DCL Outbound-WS Inbound,Unknown,43
10/30/2018 11:07,DCL Outbound-WS Inbound,Unknown,43
10/30/2018 11:07,DCL Outbound-WS Inbound,Floral and Main IB,889
10/30/2018 11:08,DCL Outbound-WS Inbound,Floral and Cleveland IB,889
10/30/2018 11:08,DCL Outbound-WS Inbound,Main and Front IB,43
10/30/2018 11:08,DCL Outbound-WS Inbound,Floral and Cleveland IB,889
10/30/2018 11:08,DCL Outbound-WS Inbound,Floral and Burbank IB,889
10/30/2018 11:08,DCL Outbound-WS Inbound,Main and Murray IB,43
10/30/2018 11:09,DCL Outbound-WS Inbound,Main and Murray IB,43
10/30/2018 11:09,DCL Outbound-WS Inbound,Main and Murray IB,43
10/30/2018 11:09,DCL Outbound-WS Inbound,Main and Murray IB,43
10/30/2018 11:09,DCL Outbound-WS Inbound,Main and Murray IB,43
10/30/2018 11:09,DCL Outbound-WS Inbound,Main and Murray IB,43
10/30/2018 11:09,DCL Outbound-WS Inbound,Main and Murray IB,43
10/30/2018 11:09,DCL Outbound-WS Inbound,Main and Murray IB,43
10/30/2018 11:09,DCL Outbound-WS Inbound,Main and Murray IB,43
10/30/2018 11:09,DCL Outbound-WS Inbound,Main and Murray IB,43
10/30/2018 11:09,DCL Outbound-WS Inbound,Main and Murray IB,43
10/30/2018 11:09,DCL Outbound-WS Inbound,Main and Murray IB,43
10/30/2018 11:09,DCL Outbound-WS Inbound,Main and Murray IB,43
10/30/2018 11:09,DCL Outbound-WS Inbound,Main and Murray IB,43
10/30/2018 11:09,DCL Outbound-WS Inbound,Main and Murray IB,43
10/30/2018 11:09,DCL Outbound-WS Inbound,Floral and Willow IB,889
10/30/2018 11:09,DCL Outbound-WS Inbound,Floral and Willow IB,889
10/30/2018 11:09,DCL Outbound-WS Inbound,Main and Murray IB,43
10/30/2018 11:10,DCL Outbound-WS Inbound,Main and Mather,43
10/30/2018 11:10,DCL Outbound-WS Inbound,Main and Mather,43
10/30/2018 11:10,DCL Outbound-WS Inbound,Main and Mather,43
10/30/2018 11:10,DCL Outbound-WS Inbound,Main and Mather,43
10/30/2018 11:10,DCL Outbound-WS Inbound,Floral and St. Charles,889
10/30/2018 11:11,DCL Outbound-WS Inbound,Main and Cedar IB,43
10/30/2018 11:11,DCL Outbound-WS Inbound,Union,891
10/30/2018 11:11,DCL Outbound-WS Inbound,Union,891
10/30/2018 11:11,DCL Outbound-WS Inbound,Union,891
10/30/2018 11:11,DCL Outbound-WS Inbound,Union,891
10/30/2018 11:12,DCL Outbound-WS Inbound,Union,891
10/30/2018 11:12,DCL Outbound-WS Inbound,Main and Clarke IB,43
10/30/2018 11:12,DCL Outbound-WS Inbound,Main and Clarke IB,43
10/30/2018 11:12,DCL Outbound-WS Inbound,Main and Clarke IB,43
10/30/2018 11:12,DCL Outbound-WS Inbound,Main and Clarke IB,43
10/30/2018 11:12,DCL Outbound-WS Inbound,Main and Clarke IB,43
10/30/2018 11:12,DCL Outbound-WS Inbound,Union,891
10/30/2018 11:12,DCL Outbound-WS Inbound,Main and Clarke IB,43
10/30/2018 11:12,DCL Outbound-WS Inbound,Main and Clarke IB,43
10/30/2018 11:12,DCL Outbound-WS Inbound,Main and Clarke IB,43
10/30/2018 11:12,DCL Outbound-WS Inbound,Main and Clarke IB,43
10/30/2018 11:12,DCL Outbound-WS Inbound,Union,891
10/30/2018 11:12,DCL Outbound-WS Inbound,Union,891
10/30/2018 11:13,DCL Outbound-WS Inbound,Main and Schiller IB,43
10/30/2018 11:13,DCL Outbound-WS Inbound,Main and Schiller IB,43
10/30/2018 11:13,DCL Outbound-WS Inbound,Main and Schiller IB,43
10/30/2018 11:13,DCL Outbound-WS Inbound,Main and Schiller IB,43
10/30/2018 11:13,DCL Outbound-WS Inbound,Main and Schiller IB,43
10/30/2018 11:13,DCL Outbound-WS Inbound,Main and Schiller IB,43
10/30/2018 11:13,DCL Outbound-WS Inbound,Main and Schiller IB,43
10/30/2018 11:14,DCL Outbound-WS Inbound,Union,891
10/30/2018 11:15,DCL Outbound-WS Inbound,Leroy St and Murray OB,41
10/30/2018 11:15,DCL Outbound-WS Inbound,Union,891
10/30/2018 11:15,DCL Outbound-WS Inbound,Main and Crary,43
10/30/2018 11:15,DCL Outbound-WS Inbound,Main and Crary,43
10/30/2018 11:15,DCL Outbound-WS Inbound,Main and Crary,43
10/30/2018 11:17,DCL Outbound-WS Inbound,Floral and Cleveland IB,43
10/30/2018 11:17,DCL Outbound-WS Inbound,Floral and Cleveland IB,43
10/30/2018 11:17,DCL Outbound-WS Inbound,Floral and Cleveland IB,43
10/30/2018 11:18,DCL Outbound-WS Inbound,UDC,41
10/30/2018 11:18,DCL Outbound-WS Inbound,UDC,41
10/30/2018 11:18,DCL Outbound-WS Inbound,Floral and Burbank IB,43
10/30/2018 11:18,DCL Outbound-WS Inbound,Floral and Burbank IB,43
10/30/2018 11:18,DCL Outbound-WS Inbound,Union,889
10/30/2018 11:18,DCL Outbound-WS Inbound,Union,889
10/30/2018 11:18,DCL Outbound-WS Inbound,Union,889
10/30/2018 11:19,DCL Outbound-WS Inbound,UDC,41
10/30/2018 11:19,DCL Outbound-WS Inbound,Union,889
10/30/2018 11:19,DCL Outbound-WS Inbound,Floral and St. Charles,43
10/30/2018 11:22,DCL Outbound-WS Inbound,Hawley IB,41
10/30/2018 11:22,DCL Outbound-WS Inbound,Hawley IB,41
10/30/2018 11:23,DCL Outbound-WS Inbound,Hawley IB,41
10/30/2018 11:25,DCL Outbound-WS Inbound,Main and Murray IB,41
10/30/2018 11:25,DCL Outbound-WS Inbound,Main and Murray IB,41
10/30/2018 11:25,DCL Outbound-WS Inbound,Main and Murray IB,41
10/30/2018 11:25,DCL Outbound-WS Inbound,Main and Murray IB,41
10/30/2018 11:25,DCL Outbound-WS Inbound,Main and Murray IB,41
10/30/2018 11:25,DCL Outbound-WS Inbound,Main and Murray IB,41
10/30/2018 11:25,DCL Outbound-WS Inbound,Main and Murray IB,41
10/30/2018 11:25,DCL Outbound-WS Inbound,Main and Murray IB,41
10/30/2018 11:25,DCL Outbound-WS Inbound,Main and Murray IB,41
10/30/2018 11:25,DCL Outbound-WS Inbound,Main and Murray IB,41
10/30/2018 11:25,DCL Outbound-WS Inbound,Main and Murray IB,41
10/30/2018 11:26,DCL Outbound-WS Inbound,Main and Mather,41
10/30/2018 11:26,DCL Outbound-WS Inbound,Main and Mather,41
10/30/2018 11:26,DCL Outbound-WS Inbound,Main and Mather,41
10/30/2018 11:27,DCL Outbound-WS Inbound,Main and Cedar IB,41
10/30/2018 11:27,DCL Outbound-WS Inbound,Main and Cedar IB,41
10/30/2018 11:27,DCL Outbound-WS Inbound,Main and Cedar IB,41
10/30/2018 11:27,DCL Outbound-WS Inbound,Leroy St and Murray OB,891
10/30/2018 11:27,DCL Outbound-WS Inbound,Main and Clarke IB,41
10/30/2018 11:27,DCL Outbound-WS Inbound,Main and Clarke IB,41
10/30/2018 11:27,DCL Outbound-WS Inbound,Main and Clarke IB,41
10/30/2018 11:28,DCL Outbound-WS Inbound,Unknown,41
10/30/2018 11:28,DCL Outbound-WS Inbound,Unknown,41
10/30/2018 11:28,DCL Outbound-WS Inbound,Unknown,41
10/30/2018 11:28,DCL Outbound-WS Inbound,Unknown,41
10/30/2018 11:28,DCL Outbound-WS Inbound,Unknown,41
10/30/2018 11:29,DCL Outbound-WS Inbound,Unknown,41
10/30/2018 11:31,DCL Outbound-WS Inbound,Main and Helen IB,41
10/30/2018 11:34,DCL Outbound-WS Inbound,Unknown,21
10/30/2018 11:36,DCL Outbound-WS Inbound,Main and Front IB,21
10/30/2018 11:37,DCL Outbound-WS Inbound,Main and Murray IB,21
10/30/2018 11:37,DCL Outbound-WS Inbound,Main and Murray IB,21
10/30/2018 11:37,DCL Outbound-WS Inbound,Main and Murray IB,21
10/30/2018 11:37,DCL Outbound-WS Inbound,Main and Murray IB,21
10/30/2018 11:37,DCL Outbound-WS Inbound,Main and Murray IB,21
10/30/2018 11:37,DCL Outbound-WS Inbound,Main and Murray IB,21
10/30/2018 11:38,DCL Outbound-WS Inbound,Main and Mather,21
10/30/2018 11:38,DCL Outbound-WS Inbound,Main and Cedar IB,21
10/30/2018 11:38,DCL Outbound-WS Inbound,Main and Cedar IB,21
10/30/2018 11:40,DCL Outbound-WS Inbound,Main and Clarke IB,21
10/30/2018 11:41,DCL Outbound-WS Inbound,Main and Schiller IB,21
10/30/2018 11:43,DCL Outbound-WS Inbound,Floral and Main IB,21
10/30/2018 11:43,DCL Outbound-WS Inbound,Union,43
10/30/2018 11:43,DCL Outbound-WS Inbound,Union,43
10/30/2018 11:43,DCL Outbound-WS Inbound,Union,43
10/30/2018 11:43,DCL Outbound-WS Inbound,Union,43
10/30/2018 11:44,DCL Outbound-WS Inbound,Union,43
10/30/2018 11:44,DCL Outbound-WS Inbound,Union,43
10/30/2018 11:44,DCL Outbound-WS Inbound,Union,43
10/30/2018 11:44,DCL Outbound-WS Inbound,Union,43
10/30/2018 11:44,DCL Outbound-WS Inbound,Floral and Cleveland IB,21
10/30/2018 11:44,DCL Outbound-WS Inbound,Union,43
10/30/2018 11:44,DCL Outbound-WS Inbound,Floral and Cleveland IB,21
10/30/2018 11:44,DCL Outbound-WS Inbound,Union,43
10/30/2018 11:44,DCL Outbound-WS Inbound,Union,43
10/30/2018 11:44,DCL Outbound-WS Inbound,Floral and Cleveland IB,21
10/30/2018 11:44,DCL Outbound-WS Inbound,Union,43
10/30/2018 11:44,DCL Outbound-WS Inbound,Union,43
10/30/2018 11:44,DCL Outbound-WS Inbound,Union,43
10/30/2018 11:44,DCL Outbound-WS Inbound,Union,43
10/30/2018 11:44,DCL Outbound-WS Inbound,Union,43
10/30/2018 11:45,DCL Outbound-WS Inbound,Union,43
10/30/2018 11:45,DCL Outbound-WS Inbound,Floral and Willow IB,21
10/30/2018 11:45,DCL Outbound-WS Inbound,Union,43
10/30/2018 11:45,DCL Outbound-WS Inbound,Floral and Cleveland IB,891
10/30/2018 11:50,DCL Outbound-WS Inbound,Physical Facilities,43
10/30/2018 11:50,DCL Outbound-WS Inbound,Physical Facilities,43
10/30/2018 11:56,DCL Outbound-WS Inbound,Union,890
10/30/2018 11:56,DCL Outbound-WS Inbound,Union,890
10/30/2018 11:56,DCL Outbound-WS Inbound,Union,890
10/30/2018 11:56,DCL Outbound-WS Inbound,Union,890
10/30/2018 11:57,DCL Outbound-WS Inbound,Union,890
10/30/2018 11:57,DCL Outbound-WS Inbound,Union,890
10/30/2018 11:57,DCL Outbound-WS Inbound,Union,890
10/30/2018 11:57,DCL Outbound-WS Inbound,Union,890
10/30/2018 11:57,DCL Outbound-WS Inbound,Union,890
10/30/2018 11:57,DCL Outbound-WS Inbound,Union,890
10/30/2018 11:57,DCL Outbound-WS Inbound,Union,890
10/30/2018 12:01,DCL Outbound-WS Inbound,Leroy St and Chestnut OB,43
10/30/2018 12:05,DCL Outbound-WS Inbound,UDC,43
10/30/2018 12:06,DCL Outbound-WS Inbound,UDC,43
10/30/2018 12:06,DCL Outbound-WS Inbound,UDC,43
10/30/2018 12:09,DCL Outbound-WS Inbound,Main and Front IB,43
10/30/2018 12:10,DCL Outbound-WS Inbound,Main and Murray IB,43
10/30/2018 12:10,DCL Outbound-WS Inbound,Main and Murray IB,43
10/30/2018 12:11,DCL Outbound-WS Inbound,Main and Mather,43
10/30/2018 12:11,DCL Outbound-WS Inbound,Main and Mather,43
10/30/2018 12:11,DCL Outbound-WS Inbound,Main and Mather,43
10/30/2018 12:12,DCL Outbound-WS Inbound,Union,891
10/30/2018 12:12,DCL Outbound-WS Inbound,Union,891
10/30/2018 12:12,DCL Outbound-WS Inbound,Union,891
10/30/2018 12:12,DCL Outbound-WS Inbound,Union,891
10/30/2018 12:12,DCL Outbound-WS Inbound,Union,891
10/30/2018 12:12,DCL Outbound-WS Inbound,Union,891
10/30/2018 12:12,DCL Outbound-WS Inbound,Main and Cedar IB,43
10/30/2018 12:13,DCL Outbound-WS Inbound,Main and Cedar IB,43
10/30/2018 12:13,DCL Outbound-WS Inbound,Union,891
10/30/2018 12:13,DCL Outbound-WS Inbound,Union,891
10/30/2018 12:13,DCL Outbound-WS Inbound,Union,891
10/30/2018 12:13,DCL Outbound-WS Inbound,Union,891
10/30/2018 12:13,DCL Outbound-WS Inbound,Union,891
10/30/2018 12:13,DCL Outbound-WS Inbound,Union,891
10/30/2018 12:14,DCL Outbound-WS Inbound,Main and Clarke IB,43
10/30/2018 12:14,DCL Outbound-WS Inbound,Main and Schiller IB,43
10/30/2018 12:14,DCL Outbound-WS Inbound,Main and Schiller IB,43
10/30/2018 12:15,DCL Outbound-WS Inbound,Main and Schiller IB,43
10/30/2018 12:17,DCL Outbound-WS Inbound,Physical Facilities,891
10/30/2018 12:17,DCL Outbound-WS Inbound,Physical Facilities,891
10/30/2018 12:19,DCL Outbound-WS Inbound,Floral and Cleveland IB,43
10/30/2018 12:19,DCL Outbound-WS Inbound,Floral and Cleveland IB,43
10/30/2018 12:20,DCL Outbound-WS Inbound,Floral and Roberts IB,43
10/30/2018 12:22,DCL Outbound-WS Inbound,Hawley IB,890
10/30/2018 12:23,DCL Outbound-WS Inbound,Main and Murray IB,890
10/30/2018 12:23,DCL Outbound-WS Inbound,Main and Murray IB,890
10/30/2018 12:24,DCL Outbound-WS Inbound,Main and Murray IB,890
10/30/2018 12:24,DCL Outbound-WS Inbound,Main and Murray IB,890
10/30/2018 12:24,DCL Outbound-WS Inbound,Main and Murray IB,890
10/30/2018 12:24,DCL Outbound-WS Inbound,Main and Mather,890
10/30/2018 12:24,DCL Outbound-WS Inbound,Main and Mather,890
10/30/2018 12:24,DCL Outbound-WS Inbound,Main and Mather,890
10/30/2018 12:26,DCL Outbound-WS Inbound,Main and Cedar IB,890
10/30/2018 12:26,DCL Outbound-WS Inbound,Main and Cedar IB,890
10/30/2018 12:26,DCL Outbound-WS Inbound,Main and Cedar IB,890
10/30/2018 12:26,DCL Outbound-WS Inbound,Main and Cedar IB,890
10/30/2018 12:27,DCL Outbound-WS Inbound,Main and Clarke IB,890
10/30/2018 12:28,DCL Outbound-WS Inbound,Leroy St and Murray OB,891
10/30/2018 12:28,DCL Outbound-WS Inbound,Unknown,890
10/30/2018 12:28,DCL Outbound-WS Inbound,Unknown,890
10/30/2018 12:28,DCL Outbound-WS Inbound,Unknown,890
10/30/2018 12:28,DCL Outbound-WS Inbound,Unknown,890
10/30/2018 12:28,DCL Outbound-WS Inbound,Unknown,890
10/30/2018 12:28,DCL Outbound-WS Inbound,Unknown,890
10/30/2018 12:28,DCL Outbound-WS Inbound,Unknown,890
10/30/2018 12:28,DCL Outbound-WS Inbound,Unknown,890
10/30/2018 12:28,DCL Outbound-WS Inbound,Unknown,890
10/30/2018 12:28,DCL Outbound-WS Inbound,Unknown,890
10/30/2018 12:28,DCL Outbound-WS Inbound,Unknown,890
10/30/2018 12:31,DCL Outbound-WS Inbound,Main and Helen IB,890
10/30/2018 12:33,DCL Outbound-WS Inbound,Floral and Burbank IB,890
10/30/2018 12:38,DCL Outbound-WS Inbound,Unknown,891
10/30/2018 12:38,DCL Outbound-WS Inbound,Unknown,891
10/30/2018 12:38,DCL Outbound-WS Inbound,Unknown,891
10/30/2018 12:38,DCL Outbound-WS Inbound,Unknown,891
10/30/2018 12:39,DCL Outbound-WS Inbound,Main and Front IB,891
10/30/2018 12:39,DCL Outbound-WS Inbound,Main and Front IB,891
10/30/2018 12:39,DCL Outbound-WS Inbound,Main and Front IB,891
10/30/2018 12:39,DCL Outbound-WS Inbound,Main and Front IB,891
10/30/2018 12:39,DCL Outbound-WS Inbound,Main and Front IB,891
10/30/2018 12:40,DCL Outbound-WS Inbound,Main and Murray IB,891
10/30/2018 12:40,DCL Outbound-WS Inbound,Main and Murray IB,891
10/30/2018 12:40,DCL Outbound-WS Inbound,Main and Murray IB,891
10/30/2018 12:40,DCL Outbound-WS Inbound,Main and Murray IB,891
10/30/2018 12:40,DCL Outbound-WS Inbound,Main and Murray IB,891
10/30/2018 12:40,DCL Outbound-WS Inbound,Main and Murray IB,891
10/30/2018 12:41,DCL Outbound-WS Inbound,Main and Mather,891
10/30/2018 12:41,DCL Outbound-WS Inbound,Main and Mather,891
10/30/2018 12:41,DCL Outbound-WS Inbound,Main and Mather,891
10/30/2018 12:41,DCL Outbound-WS Inbound,Main and Mather,891
10/30/2018 12:41,DCL Outbound-WS Inbound,Main and Mather,891
10/30/2018 12:41,DCL Outbound-WS Inbound,Main and Mather,891
10/30/2018 12:41,DCL Outbound-WS Inbound,Main and Mather,891
10/30/2018 12:41,DCL Outbound-WS Inbound,Main and Mather,891
10/30/2018 12:41,DCL Outbound-WS Inbound,Main and Mather,891
10/30/2018 12:41,DCL Outbound-WS Inbound,Main and Mather,891
10/30/2018 12:41,DCL Outbound-WS Inbound,Main and Mather,891
10/30/2018 12:41,DCL Outbound-WS Inbound,Main and Mather,891
10/30/2018 12:43,DCL Outbound-WS Inbound,Main and Cedar IB,891
10/30/2018 12:43,DCL Outbound-WS Inbound,Main and Cedar IB,891
10/30/2018 12:43,DCL Outbound-WS Inbound,Main and Cedar IB,891
10/30/2018 12:43,DCL Outbound-WS Inbound,Main and Cedar IB,891
10/30/2018 12:43,DCL Outbound-WS Inbound,Union,21
10/30/2018 12:43,DCL Outbound-WS Inbound,Main and Cedar IB,891
10/30/2018 12:43,DCL Outbound-WS Inbound,Union,21
10/30/2018 12:43,DCL Outbound-WS Inbound,Union,21
10/30/2018 12:43,DCL Outbound-WS Inbound,Union,21
10/30/2018 12:43,DCL Outbound-WS Inbound,Union,21
10/30/2018 12:43,DCL Outbound-WS Inbound,Union,21
10/30/2018 12:44,DCL Outbound-WS Inbound,Main and Clarke IB,891
10/30/2018 12:44,DCL Outbound-WS Inbound,Union,21
10/30/2018 12:44,DCL Outbound-WS Inbound,Main and Clarke IB,891
10/30/2018 12:44,DCL Outbound-WS Inbound,Main and Clarke IB,891
10/30/2018 12:44,DCL Outbound-WS Inbound,Main and Clarke IB,891
10/30/2018 12:44,DCL Outbound-WS Inbound,Union,21
10/30/2018 12:44,DCL Outbound-WS Inbound,Main and Clarke IB,891
10/30/2018 12:44,DCL Outbound-WS Inbound,Main and Clarke IB,891
10/30/2018 12:44,DCL Outbound-WS Inbound,Main and Clarke IB,891
10/30/2018 12:44,DCL Outbound-WS Inbound,Main and Clarke IB,891
10/30/2018 12:45,DCL Outbound-WS Inbound,Main and Schiller IB,891
10/30/2018 12:45,DCL Outbound-WS Inbound,Main and Schiller IB,891
10/30/2018 12:45,DCL Outbound-WS Inbound,Main and Schiller IB,891
10/30/2018 12:45,DCL Outbound-WS Inbound,Main and Schiller IB,891
10/30/2018 12:45,DCL Outbound-WS Inbound,Main and Schiller IB,891
10/30/2018 12:45,DCL Outbound-WS Inbound,Main and Schiller IB,891
10/30/2018 12:45,DCL Outbound-WS Inbound,Main and Schiller IB,891
10/30/2018 12:45,DCL Outbound-WS Inbound,Main and Schiller IB,891
10/30/2018 12:45,DCL Outbound-WS Inbound,Main and Schiller IB,891
10/30/2018 12:45,DCL Outbound-WS Inbound,Main and Schiller IB,891
10/30/2018 12:45,DCL Outbound-WS Inbound,Union,21
10/30/2018 12:45,DCL Outbound-WS Inbound,Main and Schiller IB,891
10/30/2018 12:48,DCL Outbound-WS Inbound,Physical Facilities,21
10/30/2018 12:49,DCL Outbound-WS Inbound,UDC,41
10/30/2018 12:50,DCL Outbound-WS Inbound,UDC,41
10/30/2018 12:50,DCL Outbound-WS Inbound,UDC,41
10/30/2018 12:52,DCL Outbound-WS Inbound,Unknown,41
10/30/2018 12:52,DCL Outbound-WS Inbound,Unknown,41
10/30/2018 12:54,DCL Outbound-WS Inbound,Main and Front IB,41
10/30/2018 12:55,DCL Outbound-WS Inbound,Main and Murray IB,41
10/30/2018 12:55,DCL Outbound-WS Inbound,Main and Murray IB,41
10/30/2018 12:55,DCL Outbound-WS Inbound,Main and Murray IB,41
10/30/2018 12:55,DCL Outbound-WS Inbound,Main and Murray IB,41
10/30/2018 12:55,DCL Outbound-WS Inbound,Main and Murray IB,41
10/30/2018 12:55,DCL Outbound-WS Inbound,Main and Murray IB,41
10/30/2018 12:55,DCL Outbound-WS Inbound,Main and Murray IB,41
10/30/2018 12:55,DCL Outbound-WS Inbound,Main and Murray IB,41
10/30/2018 12:55,DCL Outbound-WS Inbound,Main and Murray IB,41
10/30/2018 12:55,DCL Outbound-WS Inbound,Main and Murray IB,41
10/30/2018 12:56,DCL Outbound-WS Inbound,Main and Mather,41
10/30/2018 12:56,DCL Outbound-WS Inbound,Main and Mather,41
10/30/2018 12:56,DCL Outbound-WS Inbound,Main and Mather,41
10/30/2018 12:56,DCL Outbound-WS Inbound,Main and Mather,41
10/30/2018 12:56,DCL Outbound-WS Inbound,Main and Mather,41
10/30/2018 12:56,DCL Outbound-WS Inbound,Main and Mather,41
10/30/2018 12:56,DCL Outbound-WS Inbound,Main and Mather,41
10/30/2018 12:56,DCL Outbound-WS Inbound,Main and Mather,41
10/30/2018 12:58,DCL Outbound-WS Inbound,Leroy St and Murray OB,21
10/30/2018 12:58,DCL Outbound-WS Inbound,Main and Cedar IB,41
10/30/2018 12:58,DCL Outbound-WS Inbound,Main and Cedar IB,41
10/30/2018 12:58,DCL Outbound-WS Inbound,Main and Cedar IB,41
10/30/2018 12:58,DCL Outbound-WS Inbound,Main and Cedar IB,41
10/30/2018 12:58,DCL Outbound-WS Inbound,Main and Clarke IB,41
10/30/2018 12:58,DCL Outbound-WS Inbound,Main and Clarke IB,41
10/30/2018 12:59,DCL Outbound-WS Inbound,Riverside and Front,21
10/30/2018 13:00,DCL Outbound-WS Inbound,Riverside and Front,21
10/30/2018 13:02,DCL Outbound-WS Inbound,Main and Helen IB,41
10/30/2018 13:02,DCL Outbound-WS Inbound,Main and Helen IB,41
10/30/2018 13:04,DCL Outbound-WS Inbound,Floral and Main IB,41
10/30/2018 13:04,DCL Outbound-WS Inbound,Floral and Cleveland IB,41
10/30/2018 13:04,DCL Outbound-WS Inbound,Floral and Cleveland IB,41
10/30/2018 13:04,DCL Outbound-WS Inbound,Floral and Cleveland IB,41
10/30/2018 13:04,DCL Outbound-WS Inbound,Floral and Cleveland IB,41
10/30/2018 13:05,DCL Outbound-WS Inbound,Floral and Willow IB,41
10/30/2018 13:06,DCL Outbound-WS Inbound,Floral and Roberts IB,41
10/30/2018 13:07,DCL Outbound-WS Inbound,Floral and Cook,41
10/30/2018 13:09,DCL Outbound-WS Inbound,Main and Murray IB,21
10/30/2018 13:09,DCL Outbound-WS Inbound,Main and Murray IB,21
10/30/2018 13:09,DCL Outbound-WS Inbound,Main and Murray IB,21
10/30/2018 13:09,DCL Outbound-WS Inbound,Main and Murray IB,21
10/30/2018 13:10,DCL Outbound-WS Inbound,Main and Mather,21
10/30/2018 13:10,DCL Outbound-WS Inbound,Main and Mather,21
10/30/2018 13:12,DCL Outbound-WS Inbound,Main and Clarke IB,21
10/30/2018 13:12,DCL Outbound-WS Inbound,Main and Clarke IB,21
10/30/2018 13:12,DCL Outbound-WS Inbound,Main and Clarke IB,21
10/30/2018 13:13,DCL Outbound-WS Inbound,Main and Schiller IB,21
10/30/2018 13:13,DCL Outbound-WS Inbound,Main and Schiller IB,21
10/30/2018 13:13,DCL Outbound-WS Inbound,Main and Schiller IB,21
10/30/2018 13:13,DCL Outbound-WS Inbound,Main and Schiller IB,21
10/30/2018 13:13,DCL Outbound-WS Inbound,Main and Schiller IB,21
10/30/2018 13:15,DCL Outbound-WS Inbound,Main and Helen IB,21
10/30/2018 13:42,DCL Outbound-WS Inbound,Unknown,43
10/30/2018 13:42,DCL Outbound-WS Inbound,Unknown,43
10/30/2018 13:42,DCL Outbound-WS Inbound,Unknown,43
10/30/2018 13:42,DCL Outbound-WS Inbound,Union,891
10/30/2018 13:43,DCL Outbound-WS Inbound,Union,891
10/30/2018 13:43,DCL Outbound-WS Inbound,Union,891
10/30/2018 13:43,DCL Outbound-WS Inbound,Union,891
10/30/2018 13:43,DCL Outbound-WS Inbound,Union,891
10/30/2018 13:44,DCL Outbound-WS Inbound,Main and Murray IB,43
10/30/2018 13:44,DCL Outbound-WS Inbound,Main and Murray IB,43
10/30/2018 13:44,DCL Outbound-WS Inbound,Main and Murray IB,43
10/30/2018 13:44,DCL Outbound-WS Inbound,Main and Murray IB,43
10/30/2018 13:44,DCL Outbound-WS Inbound,Main and Murray IB,43
10/30/2018 13:44,DCL Outbound-WS Inbound,Union,891
10/30/2018 13:45,DCL Outbound-WS Inbound,Main and Murray IB,43
10/30/2018 13:45,DCL Outbound-WS Inbound,Main and Murray IB,43
10/30/2018 13:45,DCL Outbound-WS Inbound,Main and Murray IB,43
10/30/2018 13:45,DCL Outbound-WS Inbound,Union,891
10/30/2018 13:45,DCL Outbound-WS Inbound,Union,891
10/30/2018 13:46,DCL Outbound-WS Inbound,Main and Mather,43
10/30/2018 13:46,DCL Outbound-WS Inbound,Main and Mather,43
10/30/2018 13:46,DCL Outbound-WS Inbound,Main and Mather,43
10/30/2018 13:47,DCL Outbound-WS Inbound,Main and Cedar IB,43
10/30/2018 13:47,DCL Outbound-WS Inbound,Main and Cedar IB,43
10/30/2018 13:47,DCL Outbound-WS Inbound,Main and Cedar IB,43
10/30/2018 13:47,DCL Outbound-WS Inbound,Main and Cedar IB,43
10/30/2018 13:47,DCL Outbound-WS Inbound,Main and Cedar IB,43
10/30/2018 13:47,DCL Outbound-WS Inbound,Main and Clarke IB,43
10/30/2018 13:48,DCL Outbound-WS Inbound,Main and Schiller IB,43
10/30/2018 13:48,DCL Outbound-WS Inbound,Main and Schiller IB,43
10/30/2018 13:48,DCL Outbound-WS Inbound,Main and Schiller IB,43
10/30/2018 13:48,DCL Outbound-WS Inbound,Main and Schiller IB,43
10/30/2018 13:48,DCL Outbound-WS Inbound,Main and Schiller IB,43
10/30/2018 13:51,DCL Outbound-WS Inbound,Main and Helen IB,43
10/30/2018 13:51,DCL Outbound-WS Inbound,Main and Helen IB,43
10/30/2018 14:02,DCL Outbound-WS Inbound,UDC,891
10/30/2018 14:02,DCL Outbound-WS Inbound,Union,43
10/30/2018 14:02,DCL Outbound-WS Inbound,Union,43
10/30/2018 14:02,DCL Outbound-WS Inbound,UDC,891
10/30/2018 14:02,DCL Outbound-WS Inbound,Union,43
10/30/2018 14:02,DCL Outbound-WS Inbound,Union,43
10/30/2018 14:02,DCL Outbound-WS Inbound,Union,43
10/30/2018 14:02,DCL Outbound-WS Inbound,Union,43
10/30/2018 14:02,DCL Outbound-WS Inbound,Union,43
10/30/2018 14:02,DCL Outbound-WS Inbound,Union,43
10/30/2018 14:02,DCL Outbound-WS Inbound,Union,43
10/30/2018 14:02,DCL Outbound-WS Inbound,Union,43
10/30/2018 14:02,DCL Outbound-WS Inbound,Union,43
10/30/2018 14:03,DCL Outbound-WS Inbound,UDC,891
10/30/2018 14:08,DCL Outbound-WS Inbound,Hawley IB,891
10/30/2018 14:08,DCL Outbound-WS Inbound,Hawley IB,891
10/30/2018 14:08,DCL Outbound-WS Inbound,Hawley IB,891
10/30/2018 14:10,DCL Outbound-WS Inbound,Main and Murray IB,891
10/30/2018 14:10,DCL Outbound-WS Inbound,Main and Murray IB,891
10/30/2018 14:10,DCL Outbound-WS Inbound,Main and Murray IB,891
10/30/2018 14:10,DCL Outbound-WS Inbound,Main and Murray IB,891
10/30/2018 14:11,DCL Outbound-WS Inbound,Main and Mather,891
10/30/2018 14:11,DCL Outbound-WS Inbound,Main and Mather,891
10/30/2018 14:11,DCL Outbound-WS Inbound,Main and Mather,891
10/30/2018 14:11,DCL Outbound-WS Inbound,Main and Mather,891
10/30/2018 14:11,DCL Outbound-WS Inbound,Main and Mather,891
10/30/2018 14:11,DCL Outbound-WS Inbound,Main and Mather,891
10/30/2018 14:13,DCL Outbound-WS Inbound,Main and Cedar IB,891
10/30/2018 14:13,DCL Outbound-WS Inbound,Main and Clarke IB,891
10/30/2018 14:13,DCL Outbound-WS Inbound,Main and Clarke IB,891
10/30/2018 14:13,DCL Outbound-WS Inbound,Main and Clarke IB,891
10/30/2018 14:14,DCL Outbound-WS Inbound,Union,889
10/30/2018 14:14,DCL Outbound-WS Inbound,Union,889
10/30/2018 14:14,DCL Outbound-WS Inbound,Union,889
10/30/2018 14:14,DCL Outbound-WS Inbound,Union,889
10/30/2018 14:14,DCL Outbound-WS Inbound,Union,889
10/30/2018 14:14,DCL Outbound-WS Inbound,Main and Schiller IB,891
10/30/2018 14:14,DCL Outbound-WS Inbound,Main and Schiller IB,891
10/30/2018 14:14,DCL Outbound-WS Inbound,Main and Schiller IB,891
10/30/2018 14:15,DCL Outbound-WS Inbound,Main and Schiller IB,891
10/30/2018 14:15,DCL Outbound-WS Inbound,Main and Schiller IB,891
10/30/2018 14:15,DCL Outbound-WS Inbound,Main and Schiller IB,891
10/30/2018 14:15,DCL Outbound-WS Inbound,Main and Schiller IB,891
10/30/2018 14:15,DCL Outbound-WS Inbound,Main and Schiller IB,891
10/30/2018 14:15,DCL Outbound-WS Inbound,Main and Schiller IB,891
10/30/2018 14:15,DCL Outbound-WS Inbound,Main and Schiller IB,891
10/30/2018 14:15,DCL Outbound-WS Inbound,Main and Schiller IB,891
10/30/2018 14:15,DCL Outbound-WS Inbound,Main and Schiller IB,891
10/30/2018 14:17,DCL Outbound-WS Inbound,Main and Helen IB,891
10/30/2018 14:17,DCL Outbound-WS Inbound,Physical Facilities,889
10/30/2018 14:19,DCL Outbound-WS Inbound,Floral and Cleveland IB,891
10/30/2018 14:30,DCL Outbound-WS Inbound,UDC,889
10/30/2018 14:31,DCL Outbound-WS Inbound,UDC,889
10/30/2018 14:34,DCL Outbound-WS Inbound,UDC,889
10/30/2018 14:37,DCL Outbound-WS Inbound,Hawley IB,889
10/30/2018 14:39,DCL Outbound-WS Inbound,Main and Murray IB,889
10/30/2018 14:39,DCL Outbound-WS Inbound,Main and Murray IB,889
10/30/2018 14:39,DCL Outbound-WS Inbound,Main and Murray IB,889
10/30/2018 14:39,DCL Outbound-WS Inbound,Main and Murray IB,889
10/30/2018 14:40,DCL Outbound-WS Inbound,Main and Mather,889
10/30/2018 14:40,DCL Outbound-WS Inbound,Main and Mather,889
10/30/2018 14:40,DCL Outbound-WS Inbound,Main and Mather,889
10/30/2018 14:40,DCL Outbound-WS Inbound,Main and Mather,889
10/30/2018 14:41,DCL Outbound-WS Inbound,Main and Cedar IB,889
10/30/2018 14:41,DCL Outbound-WS Inbound,Main and Cedar IB,889
10/30/2018 14:41,DCL Outbound-WS Inbound,Main and Cedar IB,889
10/30/2018 14:41,DCL Outbound-WS Inbound,Main and Cedar IB,889
10/30/2018 14:41,DCL Outbound-WS Inbound,Main and Cedar IB,889
10/30/2018 14:41,DCL Outbound-WS Inbound,Main and Cedar IB,889
10/30/2018 14:42,DCL Outbound-WS Inbound,Main and Clarke IB,889
10/30/2018 14:42,DCL Outbound-WS Inbound,Main and Clarke IB,889
10/30/2018 14:44,DCL Outbound-WS Inbound,Unknown,889
10/30/2018 14:44,DCL Outbound-WS Inbound,Unknown,889
10/30/2018 14:44,DCL Outbound-WS Inbound,Unknown,889
10/30/2018 14:44,DCL Outbound-WS Inbound,Unknown,889
10/30/2018 14:44,DCL Outbound-WS Inbound,Unknown,889
10/30/2018 14:44,DCL Outbound-WS Inbound,Unknown,889
10/30/2018 14:44,DCL Outbound-WS Inbound,Unknown,889
10/30/2018 14:44,DCL Outbound-WS Inbound,Unknown,889
10/30/2018 14:44,DCL Outbound-WS Inbound,Unknown,889
10/30/2018 14:46,DCL Outbound-WS Inbound,Main and Helen IB,889
10/30/2018 14:46,DCL Outbound-WS Inbound,Main and Helen IB,889
10/30/2018 14:46,DCL Outbound-WS Inbound,Main and Helen IB,889
10/30/2018 14:47,DCL Outbound-WS Inbound,Main and Crary,889
10/30/2018 14:49,DCL Outbound-WS Inbound,Union,43
10/30/2018 14:49,DCL Outbound-WS Inbound,Union,43
10/30/2018 14:49,DCL Outbound-WS Inbound,Union,43
10/30/2018 14:49,DCL Outbound-WS Inbound,Union,43
10/30/2018 14:49,DCL Outbound-WS Inbound,Union,43
10/30/2018 14:49,DCL Outbound-WS Inbound,Union,43
10/30/2018 14:49,DCL Outbound-WS Inbound,Union,43
10/30/2018 14:49,DCL Outbound-WS Inbound,Union,43
10/30/2018 14:49,DCL Outbound-WS Inbound,Union,43
10/30/2018 14:49,DCL Outbound-WS Inbound,Union,43
10/30/2018 14:49,DCL Outbound-WS Inbound,Union,43
10/30/2018 14:49,DCL Outbound-WS Inbound,Union,43
10/30/2018 14:49,DCL Outbound-WS Inbound,Union,43
10/30/2018 14:50,DCL Outbound-WS Inbound,Union,43
10/30/2018 14:50,DCL Outbound-WS Inbound,Union,43
10/30/2018 14:50,DCL Outbound-WS Inbound,Union,43
10/30/2018 14:50,DCL Outbound-WS Inbound,Union,43
10/30/2018 14:50,DCL Outbound-WS Inbound,Union,43
10/30/2018 14:50,DCL Outbound-WS Inbound,Union,43
10/30/2018 14:50,DCL Outbound-WS Inbound,Union,43
10/30/2018 14:50,DCL Outbound-WS Inbound,Union,43
10/30/2018 14:50,DCL Outbound-WS Inbound,Union,43
10/30/2018 14:50,DCL Outbound-WS Inbound,Union,43
10/30/2018 14:50,DCL Outbound-WS Inbound,Union,43
10/30/2018 14:50,DCL Outbound-WS Inbound,Union,43
10/30/2018 14:50,DCL Outbound-WS Inbound,Union,43
10/30/2018 14:50,DCL Outbound-WS Inbound,Union,43
10/30/2018 14:50,DCL Outbound-WS Inbound,Union,43
10/30/2018 14:50,DCL Outbound-WS Inbound,Union,43
10/30/2018 14:50,DCL Outbound-WS Inbound,Union,43
10/30/2018 14:50,DCL Outbound-WS Inbound,Union,43
10/30/2018 14:50,DCL Outbound-WS Inbound,Union,43
10/30/2018 14:50,DCL Outbound-WS Inbound,Union,43
10/30/2018 14:50,DCL Outbound-WS Inbound,Union,43
10/30/2018 14:50,DCL Outbound-WS Inbound,Union,43
10/30/2018 14:50,DCL Outbound-WS Inbound,Union,43
10/30/2018 14:50,DCL Outbound-WS Inbound,Union,43
10/30/2018 14:50,DCL Outbound-WS Inbound,Union,43
10/30/2018 14:50,DCL Outbound-WS Inbound,Union,43
10/30/2018 14:50,DCL Outbound-WS Inbound,Union,43
10/30/2018 14:50,DCL Outbound-WS Inbound,Union,43
10/30/2018 14:50,DCL Outbound-WS Inbound,Union,43
10/30/2018 14:50,DCL Outbound-WS Inbound,Union,43
10/30/2018 14:51,DCL Outbound-WS Inbound,Union,43
10/30/2018 14:51,DCL Outbound-WS Inbound,Union,43
10/30/2018 14:52,DCL Outbound-WS Inbound,Union,43
10/30/2018 15:08,DCL Outbound-WS Inbound,Leroy St and Murray OB,43
10/30/2018 15:13,DCL Outbound-WS Inbound,Union,21
10/30/2018 15:13,DCL Outbound-WS Inbound,Union,21
10/30/2018 15:13,DCL Outbound-WS Inbound,Union,21
10/30/2018 15:13,DCL Outbound-WS Inbound,Union,21
10/30/2018 15:13,DCL Outbound-WS Inbound,Union,21
10/30/2018 15:13,DCL Outbound-WS Inbound,Union,21
10/30/2018 15:13,DCL Outbound-WS Inbound,Union,21
10/30/2018 15:13,DCL Outbound-WS Inbound,Union,21
10/30/2018 15:13,DCL Outbound-WS Inbound,Union,21
10/30/2018 15:13,DCL Outbound-WS Inbound,Union,21
10/30/2018 15:13,DCL Outbound-WS Inbound,Union,21
10/30/2018 15:13,DCL Outbound-WS Inbound,Union,21
10/30/2018 15:13,DCL Outbound-WS Inbound,Union,21
10/30/2018 15:15,DCL Outbound-WS Inbound,Union,21
10/30/2018 15:17,DCL Outbound-WS Inbound,Main and Murray IB,43
10/30/2018 15:17,DCL Outbound-WS Inbound,Main and Murray IB,43
10/30/2018 15:17,DCL Outbound-WS Inbound,Main and Murray IB,43
10/30/2018 15:17,DCL Outbound-WS Inbound,Main and Murray IB,43
10/30/2018 15:17,DCL Outbound-WS Inbound,Main and Murray IB,43
10/30/2018 15:17,DCL Outbound-WS Inbound,Physical Facilities,21
10/30/2018 15:18,DCL Outbound-WS Inbound,Physical Facilities,21
10/30/2018 15:19,DCL Outbound-WS Inbound,Main and Cedar IB,43
10/30/2018 15:19,DCL Outbound-WS Inbound,Main and Cedar IB,43
10/30/2018 15:19,DCL Outbound-WS Inbound,Main and Cedar IB,43
10/30/2018 15:21,DCL Outbound-WS Inbound,Main and Schiller IB,43
10/30/2018 15:24,DCL Outbound-WS Inbound,Floral and Main IB,43
10/30/2018 15:25,DCL Outbound-WS Inbound,Floral and Cleveland IB,43
10/30/2018 15:25,DCL Outbound-WS Inbound,Floral and Cleveland IB,43
10/30/2018 15:25,DCL Outbound-WS Inbound,Floral and Cleveland IB,43
10/30/2018 15:25,DCL Outbound-WS Inbound,Floral and Cleveland IB,43
10/30/2018 15:26,DCL Outbound-WS Inbound,Floral and Burbank IB,43
10/30/2018 15:27,DCL Outbound-WS Inbound,Floral and Harrison IB,43
10/30/2018 15:33,DCL Outbound-WS Inbound,Leroy St and Murray OB,21
10/30/2018 15:41,DCL Outbound-WS Inbound,Hawley IB,21
10/30/2018 15:43,DCL Outbound-WS Inbound,Main and Murray IB,21
10/30/2018 15:43,DCL Outbound-WS Inbound,Main and Murray IB,21
10/30/2018 15:43,DCL Outbound-WS Inbound,Main and Murray IB,21
10/30/2018 15:43,DCL Outbound-WS Inbound,Main and Murray IB,21
10/30/2018 15:43,DCL Outbound-WS Inbound,Main and Murray IB,21
10/30/2018 15:45,DCL Outbound-WS Inbound,Main and Cedar IB,21
10/30/2018 15:45,DCL Outbound-WS Inbound,Main and Cedar IB,21
10/30/2018 15:46,DCL Outbound-WS Inbound,Main and Schiller IB,21
10/30/2018 15:46,DCL Outbound-WS Inbound,Main and Schiller IB,21
10/30/2018 15:46,DCL Outbound-WS Inbound,Main and Schiller IB,21
10/30/2018 15:46,DCL Outbound-WS Inbound,Main and Schiller IB,21
10/30/2018 15:46,DCL Outbound-WS Inbound,Main and Schiller IB,21
10/30/2018 15:46,DCL Outbound-WS Inbound,Main and Schiller IB,21
10/30/2018 15:48,DCL Outbound-WS Inbound,Main and Helen IB,21
10/30/2018 15:48,DCL Outbound-WS Inbound,Main and Helen IB,21
10/30/2018 15:48,DCL Outbound-WS Inbound,Main and Helen IB,21
10/30/2018 15:50,DCL Outbound-WS Inbound,Floral and Main IB,21
10/30/2018 15:51,DCL Outbound-WS Inbound,Floral and Cleveland IB,21
10/30/2018 15:51,DCL Outbound-WS Inbound,Floral and Cleveland IB,21
10/30/2018 15:51,DCL Outbound-WS Inbound,Floral and Cleveland IB,21
10/30/2018 15:51,DCL Outbound-WS Inbound,Floral and Cleveland IB,21
10/30/2018 15:53,DCL Outbound-WS Inbound,Floral and Roberts IB,21
10/30/2018 15:54,DCL Outbound-WS Inbound,Floral and St. Charles,21
10/30/2018 16:04,DCL Outbound-WS Inbound,UDC,889
10/30/2018 16:07,DCL Outbound-WS Inbound,Hawley IB,889
10/30/2018 16:08,DCL Outbound-WS Inbound,Main and Front IB,889
10/30/2018 16:08,DCL Outbound-WS Inbound,Main and Front IB,889
10/30/2018 16:10,DCL Outbound-WS Inbound,Main and Murray IB,889
10/30/2018 16:10,DCL Outbound-WS Inbound,Main and Murray IB,889
10/30/2018 16:11,DCL Outbound-WS Inbound,Main and Mather,889
10/30/2018 16:11,DCL Outbound-WS Inbound,Main and Mather,889
10/30/2018 16:11,DCL Outbound-WS Inbound,Main and Mather,889
10/30/2018 16:12,DCL Outbound-WS Inbound,Main and Cedar IB,889
10/30/2018 16:12,DCL Outbound-WS Inbound,Main and Cedar IB,889
10/30/2018 16:12,DCL Outbound-WS Inbound,Main and Clarke IB,889
10/30/2018 16:12,DCL Outbound-WS Inbound,Main and Clarke IB,889
10/30/2018 16:13,DCL Outbound-WS Inbound,Main and Schiller IB,889
10/30/2018 16:13,DCL Outbound-WS Inbound,Main and Schiller IB,889
10/30/2018 16:13,DCL Outbound-WS Inbound,Main and Schiller IB,889
10/30/2018 16:13,DCL Outbound-WS Inbound,Main and Schiller IB,889
10/30/2018 16:13,DCL Outbound-WS Inbound,Main and Schiller IB,889
10/30/2018 16:13,DCL Outbound-WS Inbound,Main and Schiller IB,889
10/30/2018 16:15,DCL Outbound-WS Inbound,Main and Helen IB,889
10/30/2018 16:17,DCL Outbound-WS Inbound,Union,42
10/30/2018 16:17,DCL Outbound-WS Inbound,Union,42
10/30/2018 16:17,DCL Outbound-WS Inbound,Union,42
10/30/2018 16:17,DCL Outbound-WS Inbound,Union,42
10/30/2018 16:17,DCL Outbound-WS Inbound,Union,42
10/30/2018 16:17,DCL Outbound-WS Inbound,Union,42
10/30/2018 16:17,DCL Outbound-WS Inbound,Union,42
10/30/2018 16:17,DCL Outbound-WS Inbound,Union,42
10/30/2018 16:17,DCL Outbound-WS Inbound,Union,42
10/30/2018 16:17,DCL Outbound-WS Inbound,Union,42
10/30/2018 16:17,DCL Outbound-WS Inbound,Union,42
10/30/2018 16:17,DCL Outbound-WS Inbound,Union,42
10/30/2018 16:17,DCL Outbound-WS Inbound,Union,42
10/30/2018 16:17,DCL Outbound-WS Inbound,Union,42
10/30/2018 16:17,DCL Outbound-WS Inbound,Union,42
10/30/2018 16:17,DCL Outbound-WS Inbound,Union,42
10/30/2018 16:17,DCL Outbound-WS Inbound,Union,42
10/30/2018 16:17,DCL Outbound-WS Inbound,Union,42
10/30/2018 16:17,DCL Outbound-WS Inbound,Union,42
10/30/2018 16:17,DCL Outbound-WS Inbound,Union,42
10/30/2018 16:17,DCL Outbound-WS Inbound,Union,42
10/30/2018 16:17,DCL Outbound-WS Inbound,Union,42
10/30/2018 16:17,DCL Outbound-WS Inbound,Union,42
10/30/2018 16:17,DCL Outbound-WS Inbound,Union,42
10/30/2018 16:17,DCL Outbound-WS Inbound,Union,42
10/30/2018 16:18,DCL Outbound-WS Inbound,Union,42
10/30/2018 16:18,DCL Outbound-WS Inbound,Union,42
10/30/2018 16:18,DCL Outbound-WS Inbound,Union,42
10/30/2018 16:18,DCL Outbound-WS Inbound,Union,42
10/30/2018 16:18,DCL Outbound-WS Inbound,Union,42
10/30/2018 16:18,DCL Outbound-WS Inbound,Floral and Cleveland IB,889
10/30/2018 16:18,DCL Outbound-WS Inbound,Floral and Cleveland IB,889
10/30/2018 16:18,DCL Outbound-WS Inbound,Union,42
10/30/2018 16:18,DCL Outbound-WS Inbound,Union,42
10/30/2018 16:19,DCL Outbound-WS Inbound,Union,42
10/30/2018 16:19,DCL Outbound-WS Inbound,Union,42
10/30/2018 16:19,DCL Outbound-WS Inbound,Union,42
10/30/2018 16:19,DCL Outbound-WS Inbound,Union,42
10/30/2018 16:19,DCL Outbound-WS Inbound,Union,42
10/30/2018 16:19,DCL Outbound-WS Inbound,Union,42
10/30/2018 16:19,DCL Outbound-WS Inbound,Union,42
10/30/2018 16:20,DCL Outbound-WS Inbound,Floral and St. Charles,889
10/30/2018 16:20,DCL Outbound-WS Inbound,Union,42
10/30/2018 16:23,DCL Outbound-WS Inbound,Physical Facilities,42
10/30/2018 16:23,DCL Outbound-WS Inbound,Physical Facilities,42
10/30/2018 16:34,DCL Outbound-WS Inbound,Union,891
10/30/2018 16:34,DCL Outbound-WS Inbound,Union,891
10/30/2018 16:34,DCL Outbound-WS Inbound,Union,891
10/30/2018 16:35,DCL Outbound-WS Inbound,Union,891
10/30/2018 16:35,DCL Outbound-WS Inbound,Union,891
10/30/2018 16:35,DCL Outbound-WS Inbound,Union,891
10/30/2018 16:37,DCL Outbound-WS Inbound,Union,891
10/30/2018 16:37,DCL Outbound-WS Inbound,Union,891
10/30/2018 16:37,DCL Outbound-WS Inbound,Union,891
10/30/2018 16:40,DCL Outbound-WS Inbound,Union,891
10/30/2018 16:42,DCL Outbound-WS Inbound,Union,891
10/30/2018 16:42,DCL Outbound-WS Inbound,UDC,42
10/30/2018 16:42,DCL Outbound-WS Inbound,UDC,42
10/30/2018 16:42,DCL Outbound-WS Inbound,UDC,42
10/30/2018 16:42,DCL Outbound-WS Inbound,UDC,42
10/30/2018 16:42,DCL Outbound-WS Inbound,UDC,42
10/30/2018 16:42,DCL Outbound-WS Inbound,Union,891
10/30/2018 16:43,DCL Outbound-WS Inbound,Union,891
10/30/2018 16:44,DCL Outbound-WS Inbound,Union,891
10/30/2018 16:44,DCL Outbound-WS Inbound,Union,891
10/30/2018 16:45,DCL Outbound-WS Inbound,Hawley IB,42
10/30/2018 16:45,DCL Outbound-WS Inbound,Union,891
10/30/2018 16:46,DCL Outbound-WS Inbound,Union,891
10/30/2018 16:46,DCL Outbound-WS Inbound,Union,891
10/30/2018 16:46,DCL Outbound-WS Inbound,Union,891
10/30/2018 16:48,DCL Outbound-WS Inbound,Union,891
10/30/2018 16:49,DCL Outbound-WS Inbound,Union,891
10/30/2018 16:49,DCL Outbound-WS Inbound,Hawley IB,42
10/30/2018 16:50,DCL Outbound-WS Inbound,Hawley IB,42
10/30/2018 16:50,DCL Outbound-WS Inbound,Union,891
10/30/2018 16:52,DCL Outbound-WS Inbound,Physical Facilities,891
10/30/2018 16:54,DCL Outbound-WS Inbound,Hawley IB,42
10/30/2018 17:06,DCL Outbound-WS Inbound,UDC,891
10/30/2018 17:07,DCL Outbound-WS Inbound,UDC,891
10/30/2018 17:07,DCL Outbound-WS Inbound,UDC,891
10/30/2018 17:08,DCL Outbound-WS Inbound,Union,526
10/30/2018 17:08,DCL Outbound-WS Inbound,Union,526
10/30/2018 17:08,DCL Outbound-WS Inbound,Union,526
10/30/2018 17:08,DCL Outbound-WS Inbound,Union,526
10/30/2018 17:08,DCL Outbound-WS Inbound,Union,526
10/30/2018 17:08,DCL Outbound-WS Inbound,Union,526
10/30/2018 17:08,DCL Outbound-WS Inbound,Union,526
10/30/2018 17:08,DCL Outbound-WS Inbound,Union,526
10/30/2018 17:08,DCL Outbound-WS Inbound,Union,526
10/30/2018 17:08,DCL Outbound-WS Inbound,Union,526
10/30/2018 17:09,DCL Outbound-WS Inbound,Union,526
10/30/2018 17:09,DCL Outbound-WS Inbound,Union,526
10/30/2018 17:10,DCL Outbound-WS Inbound,Union,526
10/30/2018 17:10,DCL Outbound-WS Inbound,Union,526
10/30/2018 17:10,DCL Outbound-WS Inbound,Union,526
10/30/2018 17:10,DCL Outbound-WS Inbound,Union,526
10/30/2018 17:10,DCL Outbound-WS Inbound,Union,526
10/30/2018 17:10,DCL Outbound-WS Inbound,Union,526
10/30/2018 17:11,DCL Outbound-WS Inbound,Union,526
10/30/2018 17:11,DCL Outbound-WS Inbound,Union,526
10/30/2018 17:11,DCL Outbound-WS Inbound,Union,526
10/30/2018 17:11,DCL Outbound-WS Inbound,Union,526
10/30/2018 17:12,DCL Outbound-WS Inbound,Union,526
10/30/2018 17:12,DCL Outbound-WS Inbound,Hawley IB,891
10/30/2018 17:12,DCL Outbound-WS Inbound,Hawley IB,891
10/30/2018 17:12,DCL Outbound-WS Inbound,Hawley IB,891
10/30/2018 17:12,DCL Outbound-WS Inbound,Hawley IB,891
10/30/2018 17:12,DCL Outbound-WS Inbound,Hawley IB,891
10/30/2018 17:12,DCL Outbound-WS Inbound,Union,526
10/30/2018 17:13,DCL Outbound-WS Inbound,Union,526
10/30/2018 17:13,DCL Outbound-WS Inbound,Union,526
10/30/2018 17:13,DCL Outbound-WS Inbound,Main and Front IB,891
10/30/2018 17:13,DCL Outbound-WS Inbound,Main and Front IB,891
10/30/2018 17:13,DCL Outbound-WS Inbound,Union,526
10/30/2018 17:14,DCL Outbound-WS Inbound,Union,526
10/30/2018 17:14,DCL Outbound-WS Inbound,Union,526
10/30/2018 17:14,DCL Outbound-WS Inbound,Union,526
10/30/2018 17:14,DCL Outbound-WS Inbound,Union,526
10/30/2018 17:15,DCL Outbound-WS Inbound,Main and Murray IB,891
10/30/2018 17:15,DCL Outbound-WS Inbound,Main and Murray IB,891
10/30/2018 17:15,DCL Outbound-WS Inbound,Main and Murray IB,891
10/30/2018 17:15,DCL Outbound-WS Inbound,Main and Murray IB,891
10/30/2018 17:15,DCL Outbound-WS Inbound,Main and Murray IB,891
10/30/2018 17:15,DCL Outbound-WS Inbound,Main and Murray IB,891
10/30/2018 17:15,DCL Outbound-WS Inbound,Main and Murray IB,891
10/30/2018 17:15,DCL Outbound-WS Inbound,Union,526
10/30/2018 17:16,DCL Outbound-WS Inbound,Union,526
10/30/2018 17:16,DCL Outbound-WS Inbound,Main and Mather,891
10/30/2018 17:16,DCL Outbound-WS Inbound,Main and Mather,891
10/30/2018 17:16,DCL Outbound-WS Inbound,Main and Mather,891
10/30/2018 17:16,DCL Outbound-WS Inbound,Union,526
10/30/2018 17:16,DCL Outbound-WS Inbound,Union,526
10/30/2018 17:17,DCL Outbound-WS Inbound,Union,526
10/30/2018 17:17,DCL Outbound-WS Inbound,Main and Cedar IB,891
10/30/2018 17:17,DCL Outbound-WS Inbound,Main and Cedar IB,891
10/30/2018 17:17,DCL Outbound-WS Inbound,Main and Cedar IB,891
10/30/2018 17:17,DCL Outbound-WS Inbound,Union,526
10/30/2018 17:17,DCL Outbound-WS Inbound,Union,526
10/30/2018 17:17,DCL Outbound-WS Inbound,Main and Clarke IB,891
10/30/2018 17:17,DCL Outbound-WS Inbound,Union,526
10/30/2018 17:17,DCL Outbound-WS Inbound,Main and Clarke IB,891
10/30/2018 17:17,DCL Outbound-WS Inbound,Main and Clarke IB,891
10/30/2018 17:17,DCL Outbound-WS Inbound,Union,526
10/30/2018 17:18,DCL Outbound-WS Inbound,Union,526
10/30/2018 17:18,DCL Outbound-WS Inbound,Union,526
10/30/2018 17:18,DCL Outbound-WS Inbound,Main and Schiller IB,891
10/30/2018 17:18,DCL Outbound-WS Inbound,Main and Schiller IB,891
10/30/2018 17:18,DCL Outbound-WS Inbound,Main and Schiller IB,891
10/30/2018 17:18,DCL Outbound-WS Inbound,Main and Schiller IB,891
10/30/2018 17:18,DCL Outbound-WS Inbound,Main and Schiller IB,891
10/30/2018 17:18,DCL Outbound-WS Inbound,Main and Schiller IB,891
10/30/2018 17:19,DCL Outbound-WS Inbound,Union,526
10/30/2018 17:19,DCL Outbound-WS Inbound,Union,526
10/30/2018 17:20,DCL Outbound-WS Inbound,Union,526
10/30/2018 17:22,DCL Outbound-WS Inbound,Floral and Cleveland IB,891
10/30/2018 17:23,DCL Outbound-WS Inbound,Floral and Willow IB,891
10/30/2018 17:40,DCL Outbound-WS Inbound,UDC,526
10/30/2018 17:40,DCL Outbound-WS Inbound,UDC,526
10/30/2018 17:40,DCL Outbound-WS Inbound,UDC,526
10/30/2018 17:40,DCL Outbound-WS Inbound,UDC,526
10/30/2018 17:43,DCL Outbound-WS Inbound,Main and Front IB,526
10/30/2018 17:43,DCL Outbound-WS Inbound,Main and Front IB,526
10/30/2018 17:45,DCL Outbound-WS Inbound,Main and Murray IB,526
10/30/2018 17:45,DCL Outbound-WS Inbound,Main and Murray IB,526
10/30/2018 17:45,DCL Outbound-WS Inbound,Main and Murray IB,526
10/30/2018 17:45,DCL Outbound-WS Inbound,Main and Murray IB,526
10/30/2018 17:46,DCL Outbound-WS Inbound,Main and Mather,526
10/30/2018 17:46,DCL Outbound-WS Inbound,Main and Mather,526
10/30/2018 17:46,DCL Outbound-WS Inbound,Main and Mather,526
10/30/2018 17:46,DCL Outbound-WS Inbound,Main and Mather,526
10/30/2018 17:46,DCL Outbound-WS Inbound,Main and Mather,526
10/30/2018 17:46,DCL Outbound-WS Inbound,Main and Mather,526
10/30/2018 17:47,DCL Outbound-WS Inbound,Main and Cedar IB,526
10/30/2018 17:47,DCL Outbound-WS Inbound,Main and Cedar IB,526
10/30/2018 17:47,DCL Outbound-WS Inbound,Main and Cedar IB,526
10/30/2018 17:48,DCL Outbound-WS Inbound,Main and Clarke IB,526
10/30/2018 17:48,DCL Outbound-WS Inbound,Main and Clarke IB,526
10/30/2018 17:48,DCL Outbound-WS Inbound,Main and Clarke IB,526
10/30/2018 17:48,DCL Outbound-WS Inbound,Main and Clarke IB,526
10/30/2018 17:48,DCL Outbound-WS Inbound,Main and Clarke IB,526
10/30/2018 17:49,DCL Outbound-WS Inbound,Union,21
10/30/2018 17:49,DCL Outbound-WS Inbound,Main and Schiller IB,526
10/30/2018 17:49,DCL Outbound-WS Inbound,Union,21
10/30/2018 17:49,DCL Outbound-WS Inbound,Union,21
10/30/2018 17:49,DCL Outbound-WS Inbound,Union,21
10/30/2018 17:49,DCL Outbound-WS Inbound,Union,21
10/30/2018 17:49,DCL Outbound-WS Inbound,Union,21
10/30/2018 17:50,DCL Outbound-WS Inbound,Union,21
10/30/2018 17:50,DCL Outbound-WS Inbound,Union,21
10/30/2018 17:50,DCL Outbound-WS Inbound,Union,21
10/30/2018 17:50,DCL Outbound-WS Inbound,Union,21
10/30/2018 17:50,DCL Outbound-WS Inbound,Union,21
10/30/2018 17:50,DCL Outbound-WS Inbound,Union,21
10/30/2018 17:50,DCL Outbound-WS Inbound,Union,21
10/30/2018 17:50,DCL Outbound-WS Inbound,Union,21
10/30/2018 17:51,DCL Outbound-WS Inbound,Union,21
10/30/2018 17:51,DCL Outbound-WS Inbound,Union,21
10/30/2018 17:51,DCL Outbound-WS Inbound,Union,21
10/30/2018 17:51,DCL Outbound-WS Inbound,Union,21
10/30/2018 17:51,DCL Outbound-WS Inbound,Main and Helen IB,526
10/30/2018 17:51,DCL Outbound-WS Inbound,Union,21
10/30/2018 17:52,DCL Outbound-WS Inbound,Floral and Main IB,526
10/30/2018 17:53,DCL Outbound-WS Inbound,Floral and Cleveland IB,526
10/30/2018 17:53,DCL Outbound-WS Inbound,Floral and Cleveland IB,526
10/30/2018 17:55,DCL Outbound-WS Inbound,Physical Facilities,21
10/30/2018 17:55,DCL Outbound-WS Inbound,Physical Facilities,21
10/30/2018 18:03,DCL Outbound-WS Inbound,Union,526
10/30/2018 18:03,DCL Outbound-WS Inbound,Union,526
10/30/2018 18:03,DCL Outbound-WS Inbound,Union,526
10/30/2018 18:04,DCL Outbound-WS Inbound,Union,526
10/30/2018 18:08,DCL Outbound-WS Inbound,Leroy St and Murray OB,21
10/30/2018 18:12,DCL Outbound-WS Inbound,UDC,21
10/30/2018 18:12,DCL Outbound-WS Inbound,UDC,21
10/30/2018 18:12,DCL Outbound-WS Inbound,UDC,21
10/30/2018 18:16,DCL Outbound-WS Inbound,Main and Murray IB,21
10/30/2018 18:16,DCL Outbound-WS Inbound,Main and Murray IB,21
10/30/2018 18:16,DCL Outbound-WS Inbound,Main and Murray IB,21
10/30/2018 18:17,DCL Outbound-WS Inbound,Main and Murray IB,21
10/30/2018 18:17,DCL Outbound-WS Inbound,Main and Murray IB,21
10/30/2018 18:17,DCL Outbound-WS Inbound,Main and Murray IB,21
10/30/2018 18:18,DCL Outbound-WS Inbound,Main and Mather,21
10/30/2018 18:18,DCL Outbound-WS Inbound,Main and Mather,21
10/30/2018 18:19,DCL Outbound-WS Inbound,Main and Cedar IB,21
10/30/2018 18:19,DCL Outbound-WS Inbound,Main and Cedar IB,21
10/30/2018 18:19,DCL Outbound-WS Inbound,Main and Cedar IB,21
10/30/2018 18:19,DCL Outbound-WS Inbound,Main and Cedar IB,21
10/30/2018 18:19,DCL Outbound-WS Inbound,Main and Cedar IB,21
10/30/2018 18:19,DCL Outbound-WS Inbound,Main and Cedar IB,21
10/30/2018 18:20,DCL Outbound-WS Inbound,Union,43
10/30/2018 18:20,DCL Outbound-WS Inbound,Union,43
10/30/2018 18:20,DCL Outbound-WS Inbound,Union,43
10/30/2018 18:20,DCL Outbound-WS Inbound,Union,43
10/30/2018 18:20,DCL Outbound-WS Inbound,Union,43
10/30/2018 18:20,DCL Outbound-WS Inbound,Union,43
10/30/2018 18:20,DCL Outbound-WS Inbound,Union,43
10/30/2018 18:20,DCL Outbound-WS Inbound,Union,43
10/30/2018 18:20,DCL Outbound-WS Inbound,Union,43
10/30/2018 18:20,DCL Outbound-WS Inbound,Union,43
10/30/2018 18:20,DCL Outbound-WS Inbound,Union,43
10/30/2018 18:20,DCL Outbound-WS Inbound,Union,43
10/30/2018 18:20,DCL Outbound-WS Inbound,Union,43
10/30/2018 18:20,DCL Outbound-WS Inbound,Union,43
10/30/2018 18:20,DCL Outbound-WS Inbound,Union,43
10/30/2018 18:20,DCL Outbound-WS Inbound,Union,43
10/30/2018 18:21,DCL Outbound-WS Inbound,Union,43
10/30/2018 18:21,DCL Outbound-WS Inbound,Union,43
10/30/2018 18:21,DCL Outbound-WS Inbound,Union,43
10/30/2018 18:21,DCL Outbound-WS Inbound,Union,43
10/30/2018 18:22,DCL Outbound-WS Inbound,Union,43
10/30/2018 18:22,DCL Outbound-WS Inbound,Union,43
10/30/2018 18:23,DCL Outbound-WS Inbound,Main and Helen IB,21
10/30/2018 18:26,DCL Outbound-WS Inbound,Floral and Cleveland IB,21
10/30/2018 18:27,DCL Outbound-WS Inbound,Floral and Burbank IB,21
10/30/2018 18:39,DCL Outbound-WS Inbound,UDC,43
10/30/2018 18:44,DCL Outbound-WS Inbound,Main and Front IB,43
10/30/2018 18:45,DCL Outbound-WS Inbound,Main and Murray IB,43
10/30/2018 18:45,DCL Outbound-WS Inbound,Main and Murray IB,43
10/30/2018 18:46,DCL Outbound-WS Inbound,Main and Mather,43
10/30/2018 18:47,DCL Outbound-WS Inbound,Main and Cedar IB,43
10/30/2018 18:47,DCL Outbound-WS Inbound,Main and Cedar IB,43
10/30/2018 18:48,DCL Outbound-WS Inbound,Main and Schiller IB,43
10/30/2018 18:48,DCL Outbound-WS Inbound,Main and Schiller IB,43
10/30/2018 18:52,DCL Outbound-WS Inbound,Physical Facilities,890
10/30/2018 19:00,DCL Outbound-WS Inbound,Leroy St and Laurel OB,890
10/30/2018 19:02,DCL Outbound-WS Inbound,Leroy St and Murray OB,890
10/30/2018 19:09,DCL Outbound-WS Inbound,UDC,890
10/30/2018 19:12,DCL Outbound-WS Inbound,Hawley IB,890
10/30/2018 19:13,DCL Outbound-WS Inbound,Main and Front IB,890
10/30/2018 19:13,DCL Outbound-WS Inbound,Main and Murray IB,890
10/30/2018 19:13,DCL Outbound-WS Inbound,Main and Murray IB,890
10/30/2018 19:14,DCL Outbound-WS Inbound,Main and Murray IB,890
10/30/2018 19:14,DCL Outbound-WS Inbound,Main and Murray IB,890
10/30/2018 19:14,DCL Outbound-WS Inbound,Main and Mather,890
10/30/2018 19:14,DCL Outbound-WS Inbound,Main and Mather,890
10/30/2018 19:15,DCL Outbound-WS Inbound,Union,889
10/30/2018 19:15,DCL Outbound-WS Inbound,Union,889
10/30/2018 19:15,DCL Outbound-WS Inbound,Union,889
10/30/2018 19:15,DCL Outbound-WS Inbound,Union,889
10/30/2018 19:15,DCL Outbound-WS Inbound,Union,889
10/30/2018 19:15,DCL Outbound-WS Inbound,Union,889
10/30/2018 19:15,DCL Outbound-WS Inbound,Union,889
10/30/2018 19:15,DCL Outbound-WS Inbound,Union,889
10/30/2018 19:15,DCL Outbound-WS Inbound,Union,889
10/30/2018 19:15,DCL Outbound-WS Inbound,Union,889
10/30/2018 19:15,DCL Outbound-WS Inbound,Union,889
10/30/2018 19:15,DCL Outbound-WS Inbound,Union,889
10/30/2018 19:15,DCL Outbound-WS Inbound,Union,889
10/30/2018 19:16,DCL Outbound-WS Inbound,Union,889
10/30/2018 19:16,DCL Outbound-WS Inbound,Union,889
10/30/2018 19:16,DCL Outbound-WS Inbound,Union,889
10/30/2018 19:16,DCL Outbound-WS Inbound,Union,889
10/30/2018 19:16,DCL Outbound-WS Inbound,Union,889
10/30/2018 19:16,DCL Outbound-WS Inbound,Union,889
10/30/2018 19:16,DCL Outbound-WS Inbound,Union,889
10/30/2018 19:16,DCL Outbound-WS Inbound,Union,889
10/30/2018 19:16,DCL Outbound-WS Inbound,Union,889
10/30/2018 19:16,DCL Outbound-WS Inbound,Union,889
10/30/2018 19:16,DCL Outbound-WS Inbound,Union,889
10/30/2018 19:16,DCL Outbound-WS Inbound,Union,889
10/30/2018 19:16,DCL Outbound-WS Inbound,Union,889
10/30/2018 19:16,DCL Outbound-WS Inbound,Union,889
10/30/2018 19:16,DCL Outbound-WS Inbound,Main and Clarke IB,890
10/30/2018 19:16,DCL Outbound-WS Inbound,Main and Clarke IB,890
10/30/2018 19:16,DCL Outbound-WS Inbound,Main and Clarke IB,890
10/30/2018 19:17,DCL Outbound-WS Inbound,Union,889
10/30/2018 19:17,DCL Outbound-WS Inbound,Union,889
10/30/2018 19:20,DCL Outbound-WS Inbound,Physical Facilities,889
10/30/2018 19:20,DCL Outbound-WS Inbound,Physical Facilities,889
10/30/2018 19:20,DCL Outbound-WS Inbound,Floral and Cleveland IB,890
10/30/2018 19:32,DCL Outbound-WS Inbound,Union,37
10/30/2018 19:32,DCL Outbound-WS Inbound,Union,37
10/30/2018 19:32,DCL Outbound-WS Inbound,Union,37
10/30/2018 19:32,DCL Outbound-WS Inbound,Union,37
10/30/2018 19:32,DCL Outbound-WS Inbound,Union,37
10/30/2018 19:32,DCL Outbound-WS Inbound,Union,37
10/30/2018 19:33,DCL Outbound-WS Inbound,Union,37
10/30/2018 19:33,DCL Outbound-WS Inbound,Union,37
10/30/2018 19:33,DCL Outbound-WS Inbound,Union,37
10/30/2018 19:33,DCL Outbound-WS Inbound,Union,37
10/30/2018 19:33,DCL Outbound-WS Inbound,Union,37
10/30/2018 19:33,DCL Outbound-WS Inbound,Union,37
10/30/2018 19:34,DCL Outbound-WS Inbound,Union,37
10/30/2018 19:35,DCL Outbound-WS Inbound,UDC,889
10/30/2018 19:36,DCL Outbound-WS Inbound,Union,37
10/30/2018 19:36,DCL Outbound-WS Inbound,Union,37
10/30/2018 19:36,DCL Outbound-WS Inbound,Union,37
10/30/2018 19:36,DCL Outbound-WS Inbound,UDC,889
10/30/2018 19:36,DCL Outbound-WS Inbound,Union,37
10/30/2018 19:36,DCL Outbound-WS Inbound,Union,37
10/30/2018 19:37,DCL Outbound-WS Inbound,Union,37
10/30/2018 19:37,DCL Outbound-WS Inbound,Union,37
10/30/2018 19:37,DCL Outbound-WS Inbound,Union,37
10/30/2018 19:40,DCL Outbound-WS Inbound,Union,37
10/30/2018 19:40,DCL Outbound-WS Inbound,Main and Murray IB,889
10/30/2018 19:40,DCL Outbound-WS Inbound,Main and Murray IB,889
10/30/2018 19:40,DCL Outbound-WS Inbound,Main and Murray IB,889
10/30/2018 19:40,DCL Outbound-WS Inbound,Union,37
10/30/2018 19:40,DCL Outbound-WS Inbound,Union,37
10/30/2018 19:41,DCL Outbound-WS Inbound,Union,37
10/30/2018 19:41,DCL Outbound-WS Inbound,Main and Mather,889
10/30/2018 19:41,DCL Outbound-WS Inbound,Union,37
10/30/2018 19:41,DCL Outbound-WS Inbound,Union,37
10/30/2018 19:41,DCL Outbound-WS Inbound,Union,37
10/30/2018 19:42,DCL Outbound-WS Inbound,Union,37
10/30/2018 19:42,DCL Outbound-WS Inbound,Union,37
10/30/2018 19:42,DCL Outbound-WS Inbound,Union,37
10/30/2018 19:42,DCL Outbound-WS Inbound,Main and Clarke IB,889
10/30/2018 19:42,DCL Outbound-WS Inbound,Main and Clarke IB,889
10/30/2018 19:42,DCL Outbound-WS Inbound,Union,37
10/30/2018 19:42,DCL Outbound-WS Inbound,Union,37
10/30/2018 19:42,DCL Outbound-WS Inbound,Union,37
10/30/2018 19:42,DCL Outbound-WS Inbound,Union,37
10/30/2018 19:42,DCL Outbound-WS Inbound,Union,37
10/30/2018 19:42,DCL Outbound-WS Inbound,Union,37
10/30/2018 19:43,DCL Outbound-WS Inbound,Union,37
10/30/2018 19:43,DCL Outbound-WS Inbound,Union,37
10/30/2018 19:43,DCL Outbound-WS Inbound,Union,37
10/30/2018 19:44,DCL Outbound-WS Inbound,Union,37
10/30/2018 19:44,DCL Outbound-WS Inbound,Union,37
10/30/2018 19:46,DCL Outbound-WS Inbound,Floral and Cleveland IB,889
10/30/2018 19:46,DCL Outbound-WS Inbound,Floral and Cleveland IB,889
10/30/2018 19:55,DCL Outbound-WS Inbound,Union,889
10/30/2018 19:56,DCL Outbound-WS Inbound,Union,889
10/30/2018 19:56,DCL Outbound-WS Inbound,Leroy St and Chestnut OB,37
10/30/2018 19:58,DCL Outbound-WS Inbound,Leroy St and Murray OB,37
10/30/2018 19:58,DCL Outbound-WS Inbound,Leroy St and Murray OB,37
