Start Date:10/23/2018 7:00 AM End Date:10/23/2018 8:00 PM,,,
DateTime,CorridorName,StopName,VehicleID
10/23/2018 7:17,DCL Outbound-WS Inbound,Main and Front OB,891
10/23/2018 7:17,DCL Outbound-WS Inbound,Main and Murray IB,891
10/23/2018 7:17,DCL Outbound-WS Inbound,Main and Murray IB,891
10/23/2018 7:18,DCL Outbound-WS Inbound,Main and Murray IB,891
10/23/2018 7:18,DCL Outbound-WS Inbound,Main and Murray IB,891
10/23/2018 7:18,DCL Outbound-WS Inbound,Main and Murray IB,891
10/23/2018 7:18,DCL Outbound-WS Inbound,Main and Murray IB,891
10/23/2018 7:19,DCL Outbound-WS Inbound,Main and Mather,891
10/23/2018 7:19,DCL Outbound-WS Inbound,Main and Mather,891
10/23/2018 7:19,DCL Outbound-WS Inbound,Main and Mather,891
10/23/2018 7:19,DCL Outbound-WS Inbound,Main and Mather,891
10/23/2018 7:19,DCL Outbound-WS Inbound,Main and Cedar IB,891
10/23/2018 7:20,DCL Outbound-WS Inbound,Physical Facilities,55
10/23/2018 7:21,DCL Outbound-WS Inbound,Main and Schiller IB,891
10/23/2018 7:21,DCL Outbound-WS Inbound,Main and Schiller IB,891
10/23/2018 7:25,DCL Outbound-WS Inbound,Floral and Roberts OB,891
10/23/2018 7:28,DCL Outbound-WS Inbound,UDC IB,21
10/23/2018 7:28,DCL Outbound-WS Inbound,UDC IB,21
10/23/2018 7:28,DCL Outbound-WS Inbound,UDC IB,21
10/23/2018 7:30,DCL Outbound-WS Inbound,Leroy St and Chestnut OB,55
10/23/2018 7:35,DCL Outbound-WS Inbound,Main and Clarke IB,21
10/23/2018 7:38,DCL Outbound-WS Inbound,Hawley IB,55
10/23/2018 7:39,DCL Outbound-WS Inbound,Floral and Burbank IB,21
10/23/2018 7:40,DCL Outbound-WS Inbound,Floral and Roberts OB,21
10/23/2018 7:40,DCL Outbound-WS Inbound,Main and Schiller IB,55
10/23/2018 7:43,DCL Outbound-WS Inbound,Floral and Main IB,55
10/23/2018 7:47,DCL Outbound-WS Inbound,Hawley IB,42
10/23/2018 7:47,DCL Outbound-WS Inbound,Hawley IB,42
10/23/2018 7:47,DCL Outbound-WS Inbound,Hawley IB,42
10/23/2018 7:47,DCL Outbound-WS Inbound,Hawley IB,42
10/23/2018 7:47,DCL Outbound-WS Inbound,Hawley IB,42
10/23/2018 7:49,DCL Outbound-WS Inbound,Main and Murray IB,42
10/23/2018 7:49,DCL Outbound-WS Inbound,Main and Murray IB,42
10/23/2018 7:49,DCL Outbound-WS Inbound,Main and Murray IB,42
10/23/2018 7:49,DCL Outbound-WS Inbound,Main and Murray IB,42
10/23/2018 7:49,DCL Outbound-WS Inbound,Main and Mather,42
10/23/2018 7:49,DCL Outbound-WS Inbound,Main and Mather,42
10/23/2018 7:52,DCL Outbound-WS Inbound,Main and Clarke OB,42
10/23/2018 7:52,DCL Outbound-WS Inbound,Main and Clarke OB,42
10/23/2018 7:52,DCL Outbound-WS Inbound,Main and Clarke OB,42
10/23/2018 7:52,DCL Outbound-WS Inbound,Main and Schiller IB,42
10/23/2018 7:52,DCL Outbound-WS Inbound,Main and Schiller IB,42
10/23/2018 7:53,DCL Outbound-WS Inbound,Main and Schiller IB,42
10/23/2018 7:53,DCL Outbound-WS Inbound,Main and Schiller IB,42
10/23/2018 7:53,DCL Outbound-WS Inbound,Main and Schiller IB,42
10/23/2018 7:53,DCL Outbound-WS Inbound,Main and Schiller IB,42
10/23/2018 7:53,DCL Outbound-WS Inbound,Main and Schiller IB,42
10/23/2018 7:53,DCL Outbound-WS Inbound,Main and Schiller IB,42
10/23/2018 7:55,DCL Outbound-WS Inbound,Main and Crary,42
10/23/2018 7:55,DCL Outbound-WS Inbound,Main and Crary,42
10/23/2018 7:56,DCL Outbound-WS Inbound,Floral and Main IB,42
10/23/2018 7:56,DCL Outbound-WS Inbound,Floral and Main IB,42
10/23/2018 7:57,DCL Outbound-WS Inbound,Floral and Cleveland IB,42
10/23/2018 7:57,DCL Outbound-WS Inbound,Floral and Cleveland IB,42
10/23/2018 7:57,DCL Outbound-WS Inbound,Floral and Cleveland IB,42
10/23/2018 7:58,DCL Outbound-WS Inbound,Floral and Willow IB,42
10/23/2018 7:58,DCL Outbound-WS Inbound,Floral and Willow IB,42
10/23/2018 7:59,DCL Outbound-WS Inbound,Floral and Roberts OB,42
10/23/2018 8:02,DCL Outbound-WS Inbound,UDC IB,889
10/23/2018 8:02,DCL Outbound-WS Inbound,UDC IB,889
10/23/2018 8:02,DCL Outbound-WS Inbound,UDC IB,889
10/23/2018 8:02,DCL Outbound-WS Inbound,UDC IB,889
10/23/2018 8:02,DCL Outbound-WS Inbound,UDC IB,889
10/23/2018 8:02,DCL Outbound-WS Inbound,UDC IB,889
10/23/2018 8:03,DCL Outbound-WS Inbound,UDC IB,889
10/23/2018 8:04,DCL Outbound-WS Inbound,UDC IB,889
10/23/2018 8:04,DCL Outbound-WS Inbound,UDC IB,889
10/23/2018 8:05,DCL Outbound-WS Inbound,UDC IB,889
10/23/2018 8:08,DCL Outbound-WS Inbound,Hawley IB,889
10/23/2018 8:08,DCL Outbound-WS Inbound,Hawley IB,889
10/23/2018 8:08,DCL Outbound-WS Inbound,Hawley IB,889
10/23/2018 8:08,DCL Outbound-WS Inbound,Hawley IB,889
10/23/2018 8:09,DCL Outbound-WS Inbound,Main and Front OB,889
10/23/2018 8:09,DCL Outbound-WS Inbound,Main and Front OB,889
10/23/2018 8:09,DCL Outbound-WS Inbound,Main and Front OB,889
10/23/2018 8:10,DCL Outbound-WS Inbound,Main and Murray IB,889
10/23/2018 8:10,DCL Outbound-WS Inbound,Main and Murray IB,889
10/23/2018 8:10,DCL Outbound-WS Inbound,Main and Murray IB,889
10/23/2018 8:10,DCL Outbound-WS Inbound,Main and Murray IB,889
10/23/2018 8:10,DCL Outbound-WS Inbound,Main and Murray IB,889
10/23/2018 8:10,DCL Outbound-WS Inbound,Main and Murray IB,889
10/23/2018 8:11,DCL Outbound-WS Inbound,Main and Mather,889
10/23/2018 8:11,DCL Outbound-WS Inbound,Main and Mather,889
10/23/2018 8:11,DCL Outbound-WS Inbound,Main and Mather,889
10/23/2018 8:11,DCL Outbound-WS Inbound,Main and Mather,889
10/23/2018 8:11,DCL Outbound-WS Inbound,Main and Mather,889
10/23/2018 8:12,DCL Outbound-WS Inbound,Main and Mather,889
10/23/2018 8:12,DCL Outbound-WS Inbound,Main and Mather,889
10/23/2018 8:12,DCL Outbound-WS Inbound,Main and Mather,889
10/23/2018 8:12,DCL Outbound-WS Inbound,Main and Cedar IB,21
10/23/2018 8:12,DCL Outbound-WS Inbound,Main and Cedar IB,21
10/23/2018 8:12,DCL Outbound-WS Inbound,Main and Cedar IB,21
10/23/2018 8:12,DCL Outbound-WS Inbound,UDC IB,526
10/23/2018 8:12,DCL Outbound-WS Inbound,UDC IB,526
10/23/2018 8:13,DCL Outbound-WS Inbound,UDC IB,526
10/23/2018 8:13,DCL Outbound-WS Inbound,UDC IB,526
10/23/2018 8:13,DCL Outbound-WS Inbound,UDC IB,526
10/23/2018 8:13,DCL Outbound-WS Inbound,Main and Clarke IB,21
10/23/2018 8:13,DCL Outbound-WS Inbound,Main and Clarke IB,21
10/23/2018 8:13,DCL Outbound-WS Inbound,Main and Clarke IB,21
10/23/2018 8:13,DCL Outbound-WS Inbound,Main and Clarke IB,21
10/23/2018 8:13,DCL Outbound-WS Inbound,UDC IB,526
10/23/2018 8:13,DCL Outbound-WS Inbound,UDC IB,526
10/23/2018 8:13,DCL Outbound-WS Inbound,UDC IB,526
10/23/2018 8:14,DCL Outbound-WS Inbound,UDC IB,526
10/23/2018 8:14,DCL Outbound-WS Inbound,Main and Schiller IB,21
10/23/2018 8:14,DCL Outbound-WS Inbound,Main and Schiller IB,21
10/23/2018 8:14,DCL Outbound-WS Inbound,Main and Schiller IB,21
10/23/2018 8:14,DCL Outbound-WS Inbound,Main and Schiller IB,21
10/23/2018 8:15,DCL Outbound-WS Inbound,Main and Schiller IB,21
10/23/2018 8:15,DCL Outbound-WS Inbound,Main and Schiller IB,21
10/23/2018 8:15,DCL Outbound-WS Inbound,Main and Schiller IB,21
10/23/2018 8:15,DCL Outbound-WS Inbound,Main and Schiller IB,21
10/23/2018 8:15,DCL Outbound-WS Inbound,Main and Schiller IB,21
10/23/2018 8:15,DCL Outbound-WS Inbound,Main and Schiller IB,21
10/23/2018 8:15,DCL Outbound-WS Inbound,Main and Schiller IB,21
10/23/2018 8:15,DCL Outbound-WS Inbound,Main and Schiller IB,21
10/23/2018 8:15,DCL Outbound-WS Inbound,Main and Schiller IB,21
10/23/2018 8:15,DCL Outbound-WS Inbound,Main and Schiller IB,21
10/23/2018 8:15,DCL Outbound-WS Inbound,Main and Schiller IB,21
10/23/2018 8:18,DCL Outbound-WS Inbound,Union,787
10/23/2018 8:18,DCL Outbound-WS Inbound,Union,787
10/23/2018 8:18,DCL Outbound-WS Inbound,Floral and Cleveland IB,21
10/23/2018 8:18,DCL Outbound-WS Inbound,Floral and Harrison IB,889
10/23/2018 8:18,DCL Outbound-WS Inbound,Floral and Harrison IB,889
10/23/2018 8:19,DCL Outbound-WS Inbound,Hawley IB,526
10/23/2018 8:19,DCL Outbound-WS Inbound,Hawley IB,526
10/23/2018 8:19,DCL Outbound-WS Inbound,Hawley IB,526
10/23/2018 8:19,DCL Outbound-WS Inbound,Floral and Cook,889
10/23/2018 8:20,DCL Outbound-WS Inbound,Floral and St. Charles,21
10/23/2018 8:21,DCL Outbound-WS Inbound,Main and Murray IB,526
10/23/2018 8:21,DCL Outbound-WS Inbound,Main and Murray IB,526
10/23/2018 8:21,DCL Outbound-WS Inbound,Main and Murray IB,526
10/23/2018 8:21,DCL Outbound-WS Inbound,Main and Murray IB,526
10/23/2018 8:21,DCL Outbound-WS Inbound,Main and Murray IB,526
10/23/2018 8:21,DCL Outbound-WS Inbound,Main and Murray IB,526
10/23/2018 8:21,DCL Outbound-WS Inbound,Main and Murray IB,526
10/23/2018 8:22,DCL Outbound-WS Inbound,Main and Mather,526
10/23/2018 8:22,DCL Outbound-WS Inbound,Main and Mather,526
10/23/2018 8:22,DCL Outbound-WS Inbound,Main and Mather,526
10/23/2018 8:22,DCL Outbound-WS Inbound,Main and Mather,526
10/23/2018 8:22,DCL Outbound-WS Inbound,Main and Mather,526
10/23/2018 8:23,DCL Outbound-WS Inbound,Main and Cedar IB,526
10/23/2018 8:23,DCL Outbound-WS Inbound,Main and Cedar IB,526
10/23/2018 8:23,DCL Outbound-WS Inbound,Main and Cedar IB,526
10/23/2018 8:24,DCL Outbound-WS Inbound,Main and Clarke OB,526
10/23/2018 8:25,DCL Outbound-WS Inbound,Main and Schiller IB,526
10/23/2018 8:25,DCL Outbound-WS Inbound,Main and Schiller IB,526
10/23/2018 8:25,DCL Outbound-WS Inbound,Main and Schiller IB,526
10/23/2018 8:25,DCL Outbound-WS Inbound,Main and Schiller IB,526
10/23/2018 8:25,DCL Outbound-WS Inbound,Main and Schiller IB,526
10/23/2018 8:25,DCL Outbound-WS Inbound,Main and Schiller IB,526
10/23/2018 8:25,DCL Outbound-WS Inbound,Main and Schiller IB,526
10/23/2018 8:27,DCL Outbound-WS Inbound,Main and Helen IB,526
10/23/2018 8:29,DCL Outbound-WS Inbound,Floral and Cleveland IB,526
10/23/2018 8:29,DCL Outbound-WS Inbound,Floral and Cleveland IB,526
10/23/2018 8:30,DCL Outbound-WS Inbound,Union,21
10/23/2018 8:38,DCL Outbound-WS Inbound,UDC IB,787
10/23/2018 8:40,DCL Outbound-WS Inbound,Hawley IB,787
10/23/2018 8:42,DCL Outbound-WS Inbound,Main and Murray IB,787
10/23/2018 8:44,DCL Outbound-WS Inbound,Main and Cedar IB,787
10/23/2018 8:45,DCL Outbound-WS Inbound,Main and Clarke IB,787
10/23/2018 8:46,DCL Outbound-WS Inbound,Main and Schiller IB,787
10/23/2018 8:46,DCL Outbound-WS Inbound,Main and Schiller IB,787
10/23/2018 8:47,DCL Outbound-WS Inbound,Main and Helen IB,787
10/23/2018 8:47,DCL Outbound-WS Inbound,Main and Helen IB,787
10/23/2018 8:48,DCL Outbound-WS Inbound,Main and Front OB,55
10/23/2018 8:48,DCL Outbound-WS Inbound,Main and Front OB,55
10/23/2018 8:48,DCL Outbound-WS Inbound,Main and Front OB,55
10/23/2018 8:49,DCL Outbound-WS Inbound,Main and Murray IB,55
10/23/2018 8:49,DCL Outbound-WS Inbound,Main and Crary,787
10/23/2018 8:49,DCL Outbound-WS Inbound,Main and Murray IB,55
10/23/2018 8:50,DCL Outbound-WS Inbound,Main and Mather,55
10/23/2018 8:50,DCL Outbound-WS Inbound,Main and Mather,55
10/23/2018 8:50,DCL Outbound-WS Inbound,Main and Mather,55
10/23/2018 8:51,DCL Outbound-WS Inbound,Main and Cedar IB,55
10/23/2018 8:51,DCL Outbound-WS Inbound,Main and Cedar IB,55
10/23/2018 8:53,DCL Outbound-WS Inbound,Main and Schiller IB,55
10/23/2018 8:53,DCL Outbound-WS Inbound,Main and Schiller IB,55
10/23/2018 8:56,DCL Outbound-WS Inbound,Floral and Cleveland IB,55
10/23/2018 8:56,DCL Outbound-WS Inbound,Floral and Cleveland IB,55
10/23/2018 8:56,DCL Outbound-WS Inbound,Floral and Cleveland IB,55
10/23/2018 8:57,DCL Outbound-WS Inbound,Floral and Burbank IB,55
10/23/2018 8:57,DCL Outbound-WS Inbound,Floral and Burbank IB,55
10/23/2018 9:04,DCL Outbound-WS Inbound,Main and Front OB,42
10/23/2018 9:05,DCL Outbound-WS Inbound,Main and Murray IB,42
10/23/2018 9:05,DCL Outbound-WS Inbound,Main and Murray IB,42
10/23/2018 9:05,DCL Outbound-WS Inbound,Main and Murray IB,42
10/23/2018 9:05,DCL Outbound-WS Inbound,Main and Murray IB,42
10/23/2018 9:06,DCL Outbound-WS Inbound,Main and Mather,42
10/23/2018 9:06,DCL Outbound-WS Inbound,Main and Mather,42
10/23/2018 9:08,DCL Outbound-WS Inbound,Main and Cedar IB,42
10/23/2018 9:09,DCL Outbound-WS Inbound,Main and Clarke IB,42
10/23/2018 9:09,DCL Outbound-WS Inbound,Main and Clarke IB,42
10/23/2018 9:09,DCL Outbound-WS Inbound,Main and Schiller IB,42
10/23/2018 9:09,DCL Outbound-WS Inbound,Main and Schiller IB,42
10/23/2018 9:11,DCL Outbound-WS Inbound,Main and Helen IB,42
10/23/2018 9:11,DCL Outbound-WS Inbound,Hawley IB,889
10/23/2018 9:11,DCL Outbound-WS Inbound,Main and Helen IB,42
10/23/2018 9:13,DCL Outbound-WS Inbound,Main and Murray IB,889
10/23/2018 9:13,DCL Outbound-WS Inbound,Main and Murray IB,889
10/23/2018 9:13,DCL Outbound-WS Inbound,Main and Murray IB,889
10/23/2018 9:13,DCL Outbound-WS Inbound,Main and Murray IB,889
10/23/2018 9:14,DCL Outbound-WS Inbound,Main and Mather,889
10/23/2018 9:14,DCL Outbound-WS Inbound,Main and Mather,889
10/23/2018 9:14,DCL Outbound-WS Inbound,Main and Mather,889
10/23/2018 9:14,DCL Outbound-WS Inbound,Main and Mather,889
10/23/2018 9:16,DCL Outbound-WS Inbound,Main and Schiller IB,889
10/23/2018 9:16,DCL Outbound-WS Inbound,Main and Schiller IB,889
10/23/2018 9:16,DCL Outbound-WS Inbound,Main and Schiller IB,889
10/23/2018 9:16,DCL Outbound-WS Inbound,Main and Schiller IB,889
10/23/2018 9:16,DCL Outbound-WS Inbound,Main and Schiller IB,889
10/23/2018 9:16,DCL Outbound-WS Inbound,Main and Schiller IB,889
10/23/2018 9:17,DCL Outbound-WS Inbound,Hawley IB,787
10/23/2018 9:17,DCL Outbound-WS Inbound,Hawley IB,787
10/23/2018 9:17,DCL Outbound-WS Inbound,Hawley IB,787
10/23/2018 9:17,DCL Outbound-WS Inbound,Hawley IB,787
10/23/2018 9:17,DCL Outbound-WS Inbound,Hawley IB,787
10/23/2018 9:18,DCL Outbound-WS Inbound,Floral and Cleveland IB,889
10/23/2018 9:19,DCL Outbound-WS Inbound,Main and Front OB,787
10/23/2018 9:19,DCL Outbound-WS Inbound,Main and Front OB,787
10/23/2018 9:19,DCL Outbound-WS Inbound,Floral and Cleveland IB,889
10/23/2018 9:20,DCL Outbound-WS Inbound,Main and Murray IB,787
10/23/2018 9:20,DCL Outbound-WS Inbound,Main and Murray IB,787
10/23/2018 9:20,DCL Outbound-WS Inbound,Floral and Roberts IB,889
10/23/2018 9:20,DCL Outbound-WS Inbound,Main and Murray IB,787
10/23/2018 9:20,DCL Outbound-WS Inbound,Main and Murray IB,787
10/23/2018 9:20,DCL Outbound-WS Inbound,Main and Murray IB,787
10/23/2018 9:20,DCL Outbound-WS Inbound,Main and Murray IB,787
10/23/2018 9:20,DCL Outbound-WS Inbound,Main and Murray IB,787
10/23/2018 9:21,DCL Outbound-WS Inbound,Main and Mather,787
10/23/2018 9:21,DCL Outbound-WS Inbound,Main and Mather,787
10/23/2018 9:23,DCL Outbound-WS Inbound,Main and Cedar IB,787
10/23/2018 9:23,DCL Outbound-WS Inbound,Main and Cedar IB,787
10/23/2018 9:23,DCL Outbound-WS Inbound,Main and Cedar IB,787
10/23/2018 9:23,DCL Outbound-WS Inbound,Main and Cedar IB,787
10/23/2018 9:24,DCL Outbound-WS Inbound,Main and Clarke IB,787
10/23/2018 9:24,DCL Outbound-WS Inbound,Main and Clarke IB,787
10/23/2018 9:24,DCL Outbound-WS Inbound,Main and Clarke IB,787
10/23/2018 9:24,DCL Outbound-WS Inbound,Main and Clarke IB,787
10/23/2018 9:24,DCL Outbound-WS Inbound,Main and Clarke IB,787
10/23/2018 9:24,DCL Outbound-WS Inbound,Main and Clarke IB,787
10/23/2018 9:25,DCL Outbound-WS Inbound,Main and Schiller IB,787
10/23/2018 9:25,DCL Outbound-WS Inbound,Main and Schiller IB,787
10/23/2018 9:25,DCL Outbound-WS Inbound,Main and Schiller IB,787
10/23/2018 9:25,DCL Outbound-WS Inbound,Main and Schiller IB,787
10/23/2018 9:25,DCL Outbound-WS Inbound,Main and Schiller IB,787
10/23/2018 9:27,DCL Outbound-WS Inbound,Main and Helen IB,787
10/23/2018 9:27,DCL Outbound-WS Inbound,Main and Helen IB,787
10/23/2018 9:28,DCL Outbound-WS Inbound,Riverside and Front,526
10/23/2018 9:29,DCL Outbound-WS Inbound,Floral and Main IB,787
10/23/2018 9:30,DCL Outbound-WS Inbound,UDC IB,526
10/23/2018 9:30,DCL Outbound-WS Inbound,Floral and Cleveland IB,787
10/23/2018 9:30,DCL Outbound-WS Inbound,Floral and Cleveland IB,787
10/23/2018 9:30,DCL Outbound-WS Inbound,Floral and Cleveland IB,787
10/23/2018 9:30,DCL Outbound-WS Inbound,UDC IB,526
10/23/2018 9:30,DCL Outbound-WS Inbound,UDC IB,526
10/23/2018 9:31,DCL Outbound-WS Inbound,UDC IB,526
10/23/2018 9:31,DCL Outbound-WS Inbound,Floral and Willow IB,787
10/23/2018 9:37,DCL Outbound-WS Inbound,Hawley IB,526
10/23/2018 9:37,DCL Outbound-WS Inbound,Hawley IB,526
10/23/2018 9:37,DCL Outbound-WS Inbound,Hawley IB,526
10/23/2018 9:37,DCL Outbound-WS Inbound,Hawley IB,526
10/23/2018 9:38,DCL Outbound-WS Inbound,Hawley IB,526
10/23/2018 9:38,DCL Outbound-WS Inbound,Hawley IB,526
10/23/2018 9:38,DCL Outbound-WS Inbound,Hawley IB,526
10/23/2018 9:38,DCL Outbound-WS Inbound,Hawley IB,526
10/23/2018 9:38,DCL Outbound-WS Inbound,Hawley IB,526
10/23/2018 9:38,DCL Outbound-WS Inbound,Main and Front IB,526
10/23/2018 9:39,DCL Outbound-WS Inbound,Main and Front OB,526
10/23/2018 9:39,DCL Outbound-WS Inbound,Main and Front OB,526
10/23/2018 9:39,DCL Outbound-WS Inbound,Main and Front OB,526
10/23/2018 9:39,DCL Outbound-WS Inbound,Main and Front OB,526
10/23/2018 9:39,DCL Outbound-WS Inbound,Main and Front OB,526
10/23/2018 9:40,DCL Outbound-WS Inbound,Main and Murray IB,526
10/23/2018 9:40,DCL Outbound-WS Inbound,Main and Murray IB,526
10/23/2018 9:40,DCL Outbound-WS Inbound,Main and Murray IB,526
10/23/2018 9:40,DCL Outbound-WS Inbound,Main and Murray IB,526
10/23/2018 9:40,DCL Outbound-WS Inbound,Main and Murray IB,526
10/23/2018 9:40,DCL Outbound-WS Inbound,Main and Murray IB,526
10/23/2018 9:40,DCL Outbound-WS Inbound,Main and Murray IB,526
10/23/2018 9:40,DCL Outbound-WS Inbound,Main and Murray IB,526
10/23/2018 9:40,DCL Outbound-WS Inbound,Main and Murray IB,526
10/23/2018 9:40,DCL Outbound-WS Inbound,Main and Murray IB,526
10/23/2018 9:40,DCL Outbound-WS Inbound,Main and Murray IB,526
10/23/2018 9:40,DCL Outbound-WS Inbound,Main and Murray IB,526
10/23/2018 9:40,DCL Outbound-WS Inbound,Main and Murray IB,526
10/23/2018 9:41,DCL Outbound-WS Inbound,Main and Murray IB,526
10/23/2018 9:41,DCL Outbound-WS Inbound,Main and Murray IB,526
10/23/2018 9:41,DCL Outbound-WS Inbound,Main and Murray IB,526
10/23/2018 9:41,DCL Outbound-WS Inbound,Main and Murray IB,526
10/23/2018 9:41,DCL Outbound-WS Inbound,Main and Murray IB,526
10/23/2018 9:41,DCL Outbound-WS Inbound,Main and Murray IB,526
10/23/2018 9:41,DCL Outbound-WS Inbound,Main and Murray IB,526
10/23/2018 9:41,DCL Outbound-WS Inbound,Main and Murray IB,526
10/23/2018 9:41,DCL Outbound-WS Inbound,Main and Murray IB,526
10/23/2018 9:41,DCL Outbound-WS Inbound,Main and Murray IB,526
10/23/2018 9:41,DCL Outbound-WS Inbound,Main and Murray IB,526
10/23/2018 9:41,DCL Outbound-WS Inbound,Main and Murray IB,526
10/23/2018 9:42,DCL Outbound-WS Inbound,Main and Mather,526
10/23/2018 9:42,DCL Outbound-WS Inbound,Main and Mather,526
10/23/2018 9:42,DCL Outbound-WS Inbound,Main and Mather,526
10/23/2018 9:42,DCL Outbound-WS Inbound,Main and Mather,526
10/23/2018 9:42,DCL Outbound-WS Inbound,Main and Mather,526
10/23/2018 9:42,DCL Outbound-WS Inbound,Main and Mather,526
10/23/2018 9:42,DCL Outbound-WS Inbound,Main and Mather,526
10/23/2018 9:42,DCL Outbound-WS Inbound,Main and Mather,526
10/23/2018 9:42,DCL Outbound-WS Inbound,Main and Mather,526
10/23/2018 9:42,DCL Outbound-WS Inbound,Main and Mather,526
10/23/2018 9:46,DCL Outbound-WS Inbound,Union,55
10/23/2018 9:46,DCL Outbound-WS Inbound,Union,55
10/23/2018 9:47,DCL Outbound-WS Inbound,Main and Front OB,889
10/23/2018 9:48,DCL Outbound-WS Inbound,Main and Murray IB,889
10/23/2018 9:48,DCL Outbound-WS Inbound,Main and Murray IB,889
10/23/2018 9:48,DCL Outbound-WS Inbound,Main and Murray IB,889
10/23/2018 9:48,DCL Outbound-WS Inbound,Main and Murray IB,889
10/23/2018 9:48,DCL Outbound-WS Inbound,Main and Murray IB,889
10/23/2018 9:48,DCL Outbound-WS Inbound,Main and Murray IB,889
10/23/2018 9:49,DCL Outbound-WS Inbound,Main and Mather,889
10/23/2018 9:50,DCL Outbound-WS Inbound,Main and Mather,889
10/23/2018 9:51,DCL Outbound-WS Inbound,Main and Cedar IB,889
10/23/2018 9:51,DCL Outbound-WS Inbound,Main and Cedar IB,889
10/23/2018 9:51,DCL Outbound-WS Inbound,Main and Cedar IB,889
10/23/2018 9:51,DCL Outbound-WS Inbound,Main and Cedar IB,889
10/23/2018 9:52,DCL Outbound-WS Inbound,Main and Clarke IB,889
10/23/2018 9:52,DCL Outbound-WS Inbound,Main and Clarke IB,889
10/23/2018 9:52,DCL Outbound-WS Inbound,Main and Clarke IB,889
10/23/2018 9:52,DCL Outbound-WS Inbound,Main and Clarke IB,889
10/23/2018 9:52,DCL Outbound-WS Inbound,Main and Clarke IB,889
10/23/2018 9:52,DCL Outbound-WS Inbound,Main and Clarke IB,889
10/23/2018 9:53,DCL Outbound-WS Inbound,Main and Schiller IB,889
10/23/2018 9:53,DCL Outbound-WS Inbound,Main and Schiller IB,889
10/23/2018 9:53,DCL Outbound-WS Inbound,Main and Schiller IB,889
10/23/2018 9:53,DCL Outbound-WS Inbound,Main and Schiller IB,889
10/23/2018 9:53,DCL Outbound-WS Inbound,Main and Schiller IB,889
10/23/2018 9:53,DCL Outbound-WS Inbound,Main and Schiller IB,889
10/23/2018 9:53,DCL Outbound-WS Inbound,Main and Schiller IB,889
10/23/2018 9:53,DCL Outbound-WS Inbound,Main and Schiller IB,889
10/23/2018 9:53,DCL Outbound-WS Inbound,Main and Schiller IB,889
10/23/2018 9:53,DCL Outbound-WS Inbound,Main and Schiller IB,889
10/23/2018 9:53,DCL Outbound-WS Inbound,Main and Schiller IB,889
10/23/2018 9:54,DCL Outbound-WS Inbound,Main and Schiller IB,889
10/23/2018 9:54,DCL Outbound-WS Inbound,Main and Schiller IB,889
10/23/2018 9:54,DCL Outbound-WS Inbound,Main and Schiller IB,889
10/23/2018 9:54,DCL Outbound-WS Inbound,Main and Schiller IB,889
10/23/2018 9:56,DCL Outbound-WS Inbound,Main and Crary,889
10/23/2018 9:56,DCL Outbound-WS Inbound,Main and Crary,889
10/23/2018 9:57,DCL Outbound-WS Inbound,Floral and Cleveland IB,889
10/23/2018 9:57,DCL Outbound-WS Inbound,Floral and Cleveland IB,889
10/23/2018 9:57,DCL Outbound-WS Inbound,Floral and Cleveland IB,889
10/23/2018 9:59,DCL Outbound-WS Inbound,Floral and Roberts IB,889
10/23/2018 9:59,DCL Outbound-WS Inbound,Floral and Harrison IB,889
10/23/2018 10:11,DCL Outbound-WS Inbound,Hawley IB,55
10/23/2018 10:12,DCL Outbound-WS Inbound,Main and Front OB,55
10/23/2018 10:12,DCL Outbound-WS Inbound,Main and Front OB,55
10/23/2018 10:13,DCL Outbound-WS Inbound,Main and Murray IB,55
10/23/2018 10:13,DCL Outbound-WS Inbound,Main and Murray IB,55
10/23/2018 10:13,DCL Outbound-WS Inbound,Main and Murray IB,55
10/23/2018 10:13,DCL Outbound-WS Inbound,Main and Murray IB,55
10/23/2018 10:13,DCL Outbound-WS Inbound,Main and Murray IB,55
10/23/2018 10:14,DCL Outbound-WS Inbound,Main and Mather,55
10/23/2018 10:14,DCL Outbound-WS Inbound,Main and Mather,55
10/23/2018 10:14,DCL Outbound-WS Inbound,Main and Mather,55
10/23/2018 10:14,DCL Outbound-WS Inbound,Main and Mather,55
10/23/2018 10:14,DCL Outbound-WS Inbound,Main and Mather,55
10/23/2018 10:14,DCL Outbound-WS Inbound,Main and Mather,55
10/23/2018 10:14,DCL Outbound-WS Inbound,Union,787
10/23/2018 10:14,DCL Outbound-WS Inbound,Union,787
10/23/2018 10:14,DCL Outbound-WS Inbound,Union,787
10/23/2018 10:14,DCL Outbound-WS Inbound,Union,787
10/23/2018 10:14,DCL Outbound-WS Inbound,Union,787
10/23/2018 10:15,DCL Outbound-WS Inbound,Union,787
10/23/2018 10:15,DCL Outbound-WS Inbound,Union,787
10/23/2018 10:15,DCL Outbound-WS Inbound,Main and Cedar IB,55
10/23/2018 10:15,DCL Outbound-WS Inbound,Union,787
10/23/2018 10:15,DCL Outbound-WS Inbound,Main and Clarke IB,55
10/23/2018 10:16,DCL Outbound-WS Inbound,Main and Schiller IB,55
10/23/2018 10:16,DCL Outbound-WS Inbound,Main and Schiller IB,55
10/23/2018 10:17,DCL Outbound-WS Inbound,Main and Schiller IB,55
10/23/2018 10:17,DCL Outbound-WS Inbound,Main and Schiller IB,55
10/23/2018 10:17,DCL Outbound-WS Inbound,Main and Schiller IB,55
10/23/2018 10:17,DCL Outbound-WS Inbound,Main and Schiller IB,55
10/23/2018 10:20,DCL Outbound-WS Inbound,Floral and Cleveland IB,55
10/23/2018 10:20,DCL Outbound-WS Inbound,Floral and Cleveland IB,55
10/23/2018 10:20,DCL Outbound-WS Inbound,Floral and Cleveland IB,55
10/23/2018 10:34,DCL Outbound-WS Inbound,UDC IB,787
10/23/2018 10:36,DCL Outbound-WS Inbound,UDC IB,787
10/23/2018 10:38,DCL Outbound-WS Inbound,Hawley IB,787
10/23/2018 10:40,DCL Outbound-WS Inbound,Main and Murray IB,787
10/23/2018 10:40,DCL Outbound-WS Inbound,Main and Murray IB,787
10/23/2018 10:40,DCL Outbound-WS Inbound,Main and Murray IB,787
10/23/2018 10:41,DCL Outbound-WS Inbound,Main and Mather,787
10/23/2018 10:41,DCL Outbound-WS Inbound,Main and Mather,787
10/23/2018 10:41,DCL Outbound-WS Inbound,Main and Mather,787
10/23/2018 10:41,DCL Outbound-WS Inbound,Main and Mather,787
10/23/2018 10:41,DCL Outbound-WS Inbound,Main and Mather,787
10/23/2018 10:42,DCL Outbound-WS Inbound,Union,526
10/23/2018 10:43,DCL Outbound-WS Inbound,Main and Cedar IB,787
10/23/2018 10:43,DCL Outbound-WS Inbound,Main and Cedar IB,787
10/23/2018 10:44,DCL Outbound-WS Inbound,Main and Clarke IB,787
10/23/2018 10:44,DCL Outbound-WS Inbound,Main and Clarke IB,787
10/23/2018 10:44,DCL Outbound-WS Inbound,Main and Clarke IB,787
10/23/2018 10:44,DCL Outbound-WS Inbound,Leroy St and Chestnut OB,891
10/23/2018 10:45,DCL Outbound-WS Inbound,Main and Schiller IB,787
10/23/2018 10:45,DCL Outbound-WS Inbound,Main and Schiller IB,787
10/23/2018 10:45,DCL Outbound-WS Inbound,Main and Schiller IB,787
10/23/2018 10:45,DCL Outbound-WS Inbound,Main and Schiller IB,787
10/23/2018 10:46,DCL Outbound-WS Inbound,Leroy St and Murray OB,891
10/23/2018 10:46,DCL Outbound-WS Inbound,Main and Helen IB,787
10/23/2018 10:49,DCL Outbound-WS Inbound,Floral and St. Charles,787
10/23/2018 10:50,DCL Outbound-WS Inbound,Floral and Cook,787
10/23/2018 10:58,DCL Outbound-WS Inbound,Main and Cedar IB,891
10/23/2018 10:58,DCL Outbound-WS Inbound,Main and Cedar IB,891
10/23/2018 10:58,DCL Outbound-WS Inbound,Main and Cedar IB,891
10/23/2018 10:58,DCL Outbound-WS Inbound,Union,21
10/23/2018 10:59,DCL Outbound-WS Inbound,Main and Clarke IB,891
10/23/2018 10:59,DCL Outbound-WS Inbound,Main and Clarke IB,891
10/23/2018 10:59,DCL Outbound-WS Inbound,Main and Clarke IB,891
10/23/2018 10:59,DCL Outbound-WS Inbound,Main and Clarke IB,891
10/23/2018 10:59,DCL Outbound-WS Inbound,Main and Clarke IB,891
10/23/2018 10:59,DCL Outbound-WS Inbound,Union,21
10/23/2018 10:59,DCL Outbound-WS Inbound,Union,21
10/23/2018 10:59,DCL Outbound-WS Inbound,Union,787
10/23/2018 10:59,DCL Outbound-WS Inbound,Union,787
10/23/2018 11:00,DCL Outbound-WS Inbound,Main and Schiller IB,891
10/23/2018 11:00,DCL Outbound-WS Inbound,Main and Schiller IB,891
10/23/2018 11:00,DCL Outbound-WS Inbound,Main and Schiller IB,891
10/23/2018 11:00,DCL Outbound-WS Inbound,Main and Schiller IB,891
10/23/2018 11:01,DCL Outbound-WS Inbound,Union,787
10/23/2018 11:02,DCL Outbound-WS Inbound,Main and Helen IB,891
10/23/2018 11:02,DCL Outbound-WS Inbound,UDC IB,526
10/23/2018 11:03,DCL Outbound-WS Inbound,UDC IB,526
10/23/2018 11:03,DCL Outbound-WS Inbound,UDC IB,526
10/23/2018 11:04,DCL Outbound-WS Inbound,UDC IB,526
10/23/2018 11:04,DCL Outbound-WS Inbound,Floral and Main IB,891
10/23/2018 11:05,DCL Outbound-WS Inbound,Floral and Cleveland IB,891
10/23/2018 11:05,DCL Outbound-WS Inbound,Floral and Cleveland IB,891
10/23/2018 11:05,DCL Outbound-WS Inbound,Floral and Cleveland IB,891
10/23/2018 11:06,DCL Outbound-WS Inbound,Floral and Roberts OB,891
10/23/2018 11:07,DCL Outbound-WS Inbound,Floral and Harrison IB,891
10/23/2018 11:07,DCL Outbound-WS Inbound,Hawley IB,526
10/23/2018 11:07,DCL Outbound-WS Inbound,Hawley IB,526
10/23/2018 11:07,DCL Outbound-WS Inbound,Hawley IB,526
10/23/2018 11:07,DCL Outbound-WS Inbound,Hawley IB,526
10/23/2018 11:07,DCL Outbound-WS Inbound,Hawley IB,526
10/23/2018 11:09,DCL Outbound-WS Inbound,Main and Murray IB,526
10/23/2018 11:09,DCL Outbound-WS Inbound,Main and Murray IB,526
10/23/2018 11:09,DCL Outbound-WS Inbound,Main and Murray IB,526
10/23/2018 11:09,DCL Outbound-WS Inbound,Main and Murray IB,526
10/23/2018 11:09,DCL Outbound-WS Inbound,Main and Murray IB,526
10/23/2018 11:09,DCL Outbound-WS Inbound,Main and Murray IB,526
10/23/2018 11:09,DCL Outbound-WS Inbound,Main and Murray IB,526
10/23/2018 11:09,DCL Outbound-WS Inbound,Main and Murray IB,526
10/23/2018 11:09,DCL Outbound-WS Inbound,Main and Murray IB,526
10/23/2018 11:10,DCL Outbound-WS Inbound,Main and Mather,526
10/23/2018 11:10,DCL Outbound-WS Inbound,Main and Mather,526
10/23/2018 11:10,DCL Outbound-WS Inbound,Main and Mather,526
10/23/2018 11:11,DCL Outbound-WS Inbound,Main and Mather,526
10/23/2018 11:11,DCL Outbound-WS Inbound,Main and Cedar IB,526
10/23/2018 11:11,DCL Outbound-WS Inbound,Main and Cedar IB,526
10/23/2018 11:12,DCL Outbound-WS Inbound,Main and Clarke OB,526
10/23/2018 11:12,DCL Outbound-WS Inbound,Main and Clarke OB,526
10/23/2018 11:12,DCL Outbound-WS Inbound,Main and Clarke OB,526
10/23/2018 11:12,DCL Outbound-WS Inbound,Main and Clarke OB,526
10/23/2018 11:12,DCL Outbound-WS Inbound,Main and Clarke OB,526
10/23/2018 11:12,DCL Outbound-WS Inbound,Main and Clarke OB,526
10/23/2018 11:12,DCL Outbound-WS Inbound,Main and Clarke OB,526
10/23/2018 11:12,DCL Outbound-WS Inbound,Union,42
10/23/2018 11:12,DCL Outbound-WS Inbound,Main and Clarke OB,526
10/23/2018 11:12,DCL Outbound-WS Inbound,Union,42
10/23/2018 11:12,DCL Outbound-WS Inbound,Union,42
10/23/2018 11:13,DCL Outbound-WS Inbound,Union,42
10/23/2018 11:13,DCL Outbound-WS Inbound,Union,42
10/23/2018 11:13,DCL Outbound-WS Inbound,Union,42
10/23/2018 11:13,DCL Outbound-WS Inbound,Union,42
10/23/2018 11:13,DCL Outbound-WS Inbound,Union,42
10/23/2018 11:13,DCL Outbound-WS Inbound,Union,42
10/23/2018 11:13,DCL Outbound-WS Inbound,Union,42
10/23/2018 11:13,DCL Outbound-WS Inbound,Main and Schiller IB,526
10/23/2018 11:13,DCL Outbound-WS Inbound,Main and Schiller IB,526
10/23/2018 11:14,DCL Outbound-WS Inbound,Main and Schiller IB,526
10/23/2018 11:14,DCL Outbound-WS Inbound,Main and Schiller IB,526
10/23/2018 11:14,DCL Outbound-WS Inbound,Main and Schiller IB,526
10/23/2018 11:14,DCL Outbound-WS Inbound,Main and Schiller IB,526
10/23/2018 11:14,DCL Outbound-WS Inbound,Main and Schiller IB,526
10/23/2018 11:14,DCL Outbound-WS Inbound,Main and Schiller IB,526
10/23/2018 11:14,DCL Outbound-WS Inbound,Main and Schiller IB,526
10/23/2018 11:14,DCL Outbound-WS Inbound,Main and Schiller IB,526
10/23/2018 11:14,DCL Outbound-WS Inbound,Main and Schiller IB,526
10/23/2018 11:14,DCL Outbound-WS Inbound,Main and Schiller IB,526
10/23/2018 11:14,DCL Outbound-WS Inbound,Main and Schiller IB,526
10/23/2018 11:14,DCL Outbound-WS Inbound,Main and Schiller IB,526
10/23/2018 11:16,DCL Outbound-WS Inbound,Union,42
10/23/2018 11:16,DCL Outbound-WS Inbound,Main and Crary,526
10/23/2018 11:16,DCL Outbound-WS Inbound,Union,42
10/23/2018 11:17,DCL Outbound-WS Inbound,Floral and Cleveland IB,526
10/23/2018 11:17,DCL Outbound-WS Inbound,UDC IB,21
10/23/2018 11:17,DCL Outbound-WS Inbound,Floral and Cleveland IB,526
10/23/2018 11:17,DCL Outbound-WS Inbound,Floral and Cleveland IB,526
10/23/2018 11:17,DCL Outbound-WS Inbound,Floral and Cleveland IB,526
10/23/2018 11:17,DCL Outbound-WS Inbound,Floral and Cleveland IB,526
10/23/2018 11:17,DCL Outbound-WS Inbound,Floral and Cleveland IB,526
10/23/2018 11:17,DCL Outbound-WS Inbound,Floral and Cleveland IB,526
10/23/2018 11:18,DCL Outbound-WS Inbound,Floral and Cleveland IB,526
10/23/2018 11:18,DCL Outbound-WS Inbound,UDC IB,21
10/23/2018 11:22,DCL Outbound-WS Inbound,Hawley IB,21
10/23/2018 11:22,DCL Outbound-WS Inbound,Hawley IB,21
10/23/2018 11:22,DCL Outbound-WS Inbound,Hawley IB,21
10/23/2018 11:22,DCL Outbound-WS Inbound,Hawley IB,21
10/23/2018 11:23,DCL Outbound-WS Inbound,Main and Murray IB,21
10/23/2018 11:23,DCL Outbound-WS Inbound,Main and Murray IB,21
10/23/2018 11:23,DCL Outbound-WS Inbound,Main and Murray IB,21
10/23/2018 11:23,DCL Outbound-WS Inbound,Main and Murray IB,21
10/23/2018 11:24,DCL Outbound-WS Inbound,Main and Murray IB,21
10/23/2018 11:24,DCL Outbound-WS Inbound,Main and Murray IB,21
10/23/2018 11:24,DCL Outbound-WS Inbound,Main and Murray IB,21
10/23/2018 11:24,DCL Outbound-WS Inbound,Main and Murray IB,21
10/23/2018 11:24,DCL Outbound-WS Inbound,Main and Murray IB,21
10/23/2018 11:25,DCL Outbound-WS Inbound,Main and Mather,21
10/23/2018 11:25,DCL Outbound-WS Inbound,Main and Mather,21
10/23/2018 11:25,DCL Outbound-WS Inbound,Main and Mather,21
10/23/2018 11:26,DCL Outbound-WS Inbound,Main and Cedar IB,21
10/23/2018 11:26,DCL Outbound-WS Inbound,Main and Cedar IB,21
10/23/2018 11:26,DCL Outbound-WS Inbound,Main and Cedar IB,21
10/23/2018 11:27,DCL Outbound-WS Inbound,Main and Clarke IB,21
10/23/2018 11:27,DCL Outbound-WS Inbound,Main and Clarke IB,21
10/23/2018 11:27,DCL Outbound-WS Inbound,Main and Clarke IB,21
10/23/2018 11:27,DCL Outbound-WS Inbound,Main and Clarke IB,21
10/23/2018 11:28,DCL Outbound-WS Inbound,Main and Schiller IB,21
10/23/2018 11:28,DCL Outbound-WS Inbound,Main and Schiller IB,21
10/23/2018 11:28,DCL Outbound-WS Inbound,Main and Schiller IB,21
10/23/2018 11:28,DCL Outbound-WS Inbound,Main and Schiller IB,21
10/23/2018 11:29,DCL Outbound-WS Inbound,Union,787
10/23/2018 11:29,DCL Outbound-WS Inbound,Union,787
10/23/2018 11:29,DCL Outbound-WS Inbound,Union,787
10/23/2018 11:29,DCL Outbound-WS Inbound,Union,787
10/23/2018 11:29,DCL Outbound-WS Inbound,Union,787
10/23/2018 11:29,DCL Outbound-WS Inbound,Union,787
10/23/2018 11:29,DCL Outbound-WS Inbound,Union,787
10/23/2018 11:29,DCL Outbound-WS Inbound,Union,787
10/23/2018 11:30,DCL Outbound-WS Inbound,Union,787
10/23/2018 11:30,DCL Outbound-WS Inbound,Union,787
10/23/2018 11:30,DCL Outbound-WS Inbound,Union,787
10/23/2018 11:30,DCL Outbound-WS Inbound,Union,787
10/23/2018 11:30,DCL Outbound-WS Inbound,Union,787
10/23/2018 11:30,DCL Outbound-WS Inbound,Union,787
10/23/2018 11:30,DCL Outbound-WS Inbound,Union,787
10/23/2018 11:30,DCL Outbound-WS Inbound,Union,787
10/23/2018 11:30,DCL Outbound-WS Inbound,Union,787
10/23/2018 11:30,DCL Outbound-WS Inbound,Union,787
10/23/2018 11:30,DCL Outbound-WS Inbound,Union,787
10/23/2018 11:30,DCL Outbound-WS Inbound,UDC IB,55
10/23/2018 11:32,DCL Outbound-WS Inbound,Floral and Cleveland OB,21
10/23/2018 11:32,DCL Outbound-WS Inbound,Floral and Cleveland OB,21
10/23/2018 11:32,DCL Outbound-WS Inbound,Engineering Bldg,787
10/23/2018 11:35,DCL Outbound-WS Inbound,UDC,42
10/23/2018 11:35,DCL Outbound-WS Inbound,Main and Front OB,55
10/23/2018 11:36,DCL Outbound-WS Inbound,Main and Murray IB,55
10/23/2018 11:36,DCL Outbound-WS Inbound,Main and Murray IB,55
10/23/2018 11:36,DCL Outbound-WS Inbound,Main and Murray IB,55
10/23/2018 11:36,DCL Outbound-WS Inbound,Hinman,787
10/23/2018 11:37,DCL Outbound-WS Inbound,Main and Mather,55
10/23/2018 11:37,DCL Outbound-WS Inbound,Physical Facilities,787
10/23/2018 11:37,DCL Outbound-WS Inbound,Physical Facilities,787
10/23/2018 11:38,DCL Outbound-WS Inbound,Main and Cedar IB,55
10/23/2018 11:38,DCL Outbound-WS Inbound,Main and Cedar IB,55
10/23/2018 11:39,DCL Outbound-WS Inbound,Main and Murray IB,42
10/23/2018 11:39,DCL Outbound-WS Inbound,Main and Schiller IB,55
10/23/2018 11:39,DCL Outbound-WS Inbound,Main and Schiller IB,55
10/23/2018 11:39,DCL Outbound-WS Inbound,Main and Schiller IB,55
10/23/2018 11:43,DCL Outbound-WS Inbound,Union,526
10/23/2018 11:43,DCL Outbound-WS Inbound,Union,526
10/23/2018 11:43,DCL Outbound-WS Inbound,Union,526
10/23/2018 11:43,DCL Outbound-WS Inbound,Union,526
10/23/2018 11:43,DCL Outbound-WS Inbound,Union,526
10/23/2018 11:43,DCL Outbound-WS Inbound,Union,526
10/23/2018 11:43,DCL Outbound-WS Inbound,Union,526
10/23/2018 11:43,DCL Outbound-WS Inbound,Union,526
10/23/2018 11:43,DCL Outbound-WS Inbound,Union,526
10/23/2018 11:43,DCL Outbound-WS Inbound,Union,526
10/23/2018 11:43,DCL Outbound-WS Inbound,Union,526
10/23/2018 11:43,DCL Outbound-WS Inbound,Union,526
10/23/2018 11:43,DCL Outbound-WS Inbound,Union,526
10/23/2018 11:43,DCL Outbound-WS Inbound,Union,526
10/23/2018 11:43,DCL Outbound-WS Inbound,Union,526
10/23/2018 11:43,DCL Outbound-WS Inbound,Union,526
10/23/2018 11:43,DCL Outbound-WS Inbound,Union,526
10/23/2018 11:43,DCL Outbound-WS Inbound,Union,526
10/23/2018 11:43,DCL Outbound-WS Inbound,Floral and Willow IB,55
10/23/2018 11:44,DCL Outbound-WS Inbound,Union,526
10/23/2018 11:45,DCL Outbound-WS Inbound,Floral and Roberts OB,42
10/23/2018 11:50,DCL Outbound-WS Inbound,Leroy St and Murray OB,787
10/23/2018 11:57,DCL Outbound-WS Inbound,Hawley IB,787
10/23/2018 11:59,DCL Outbound-WS Inbound,Main and Front OB,787
10/23/2018 11:59,DCL Outbound-WS Inbound,Union,889
10/23/2018 11:59,DCL Outbound-WS Inbound,Union,889
10/23/2018 11:59,DCL Outbound-WS Inbound,Union,55
10/23/2018 11:59,DCL Outbound-WS Inbound,Union,55
10/23/2018 11:59,DCL Outbound-WS Inbound,Union,55
10/23/2018 11:59,DCL Outbound-WS Inbound,Union,889
10/23/2018 11:59,DCL Outbound-WS Inbound,Union,55
10/23/2018 11:59,DCL Outbound-WS Inbound,Union,889
10/23/2018 11:59,DCL Outbound-WS Inbound,Union,889
10/23/2018 11:59,DCL Outbound-WS Inbound,Union,55
10/23/2018 11:59,DCL Outbound-WS Inbound,Union,889
10/23/2018 12:01,DCL Outbound-WS Inbound,Main and Mather,787
10/23/2018 12:02,DCL Outbound-WS Inbound,Main and Cedar IB,787
10/23/2018 12:02,DCL Outbound-WS Inbound,Main and Cedar IB,787
10/23/2018 12:03,DCL Outbound-WS Inbound,UDC IB,526
10/23/2018 12:03,DCL Outbound-WS Inbound,Main and Schiller IB,787
10/23/2018 12:03,DCL Outbound-WS Inbound,Main and Schiller IB,787
10/23/2018 12:03,DCL Outbound-WS Inbound,Main and Schiller IB,787
10/23/2018 12:03,DCL Outbound-WS Inbound,Main and Schiller IB,787
10/23/2018 12:05,DCL Outbound-WS Inbound,UDC IB,526
10/23/2018 12:06,DCL Outbound-WS Inbound,Floral and Cleveland OB,787
10/23/2018 12:06,DCL Outbound-WS Inbound,Floral and Cleveland OB,787
10/23/2018 12:07,DCL Outbound-WS Inbound,Floral and Willow IB,787
10/23/2018 12:08,DCL Outbound-WS Inbound,Floral and Cook,787
10/23/2018 12:10,DCL Outbound-WS Inbound,Main and Front OB,526
10/23/2018 12:12,DCL Outbound-WS Inbound,Main and Murray IB,526
10/23/2018 12:12,DCL Outbound-WS Inbound,Main and Murray IB,526
10/23/2018 12:12,DCL Outbound-WS Inbound,Main and Murray IB,526
10/23/2018 12:12,DCL Outbound-WS Inbound,Riverside and Beethoven OB,889
10/23/2018 12:13,DCL Outbound-WS Inbound,Main and Mather,526
10/23/2018 12:13,DCL Outbound-WS Inbound,Union,42
10/23/2018 12:13,DCL Outbound-WS Inbound,Union,42
10/23/2018 12:13,DCL Outbound-WS Inbound,Union,42
10/23/2018 12:13,DCL Outbound-WS Inbound,Union,42
10/23/2018 12:14,DCL Outbound-WS Inbound,Union,42
10/23/2018 12:14,DCL Outbound-WS Inbound,Main and Cedar IB,526
10/23/2018 12:14,DCL Outbound-WS Inbound,Main and Cedar IB,526
10/23/2018 12:14,DCL Outbound-WS Inbound,Main and Cedar IB,526
10/23/2018 12:14,DCL Outbound-WS Inbound,Main and Cedar IB,526
10/23/2018 12:15,DCL Outbound-WS Inbound,Union,42
10/23/2018 12:15,DCL Outbound-WS Inbound,Union,42
10/23/2018 12:15,DCL Outbound-WS Inbound,Union,42
10/23/2018 12:15,DCL Outbound-WS Inbound,Main and Clarke IB,526
10/23/2018 12:15,DCL Outbound-WS Inbound,Main and Clarke IB,526
10/23/2018 12:16,DCL Outbound-WS Inbound,Main and Schiller IB,526
10/23/2018 12:16,DCL Outbound-WS Inbound,Main and Schiller IB,526
10/23/2018 12:16,DCL Outbound-WS Inbound,Main and Schiller IB,526
10/23/2018 12:17,DCL Outbound-WS Inbound,Main and Schiller IB,526
10/23/2018 12:17,DCL Outbound-WS Inbound,Main and Schiller IB,526
10/23/2018 12:19,DCL Outbound-WS Inbound,Main and Helen IB,526
10/23/2018 12:19,DCL Outbound-WS Inbound,Physical Facilities,42
10/23/2018 12:21,DCL Outbound-WS Inbound,Floral and Cleveland IB,526
10/23/2018 12:21,DCL Outbound-WS Inbound,Floral and Cleveland IB,526
10/23/2018 12:21,DCL Outbound-WS Inbound,Floral and Burbank IB,526
10/23/2018 12:22,DCL Outbound-WS Inbound,Hawley IB,889
10/23/2018 12:22,DCL Outbound-WS Inbound,Hawley IB,889
10/23/2018 12:22,DCL Outbound-WS Inbound,Floral and Roberts IB,526
10/23/2018 12:24,DCL Outbound-WS Inbound,Main and Murray IB,889
10/23/2018 12:25,DCL Outbound-WS Inbound,Main and Mather,889
10/23/2018 12:25,DCL Outbound-WS Inbound,Main and Mather,889
10/23/2018 12:26,DCL Outbound-WS Inbound,Main and Cedar IB,889
10/23/2018 12:26,DCL Outbound-WS Inbound,Main and Cedar IB,889
10/23/2018 12:26,DCL Outbound-WS Inbound,Main and Cedar IB,889
10/23/2018 12:27,DCL Outbound-WS Inbound,Main and Clarke IB,889
10/23/2018 12:28,DCL Outbound-WS Inbound,Main and Schiller IB,889
10/23/2018 12:28,DCL Outbound-WS Inbound,Main and Schiller IB,889
10/23/2018 12:28,DCL Outbound-WS Inbound,Main and Schiller IB,889
10/23/2018 12:28,DCL Outbound-WS Inbound,Main and Schiller IB,889
10/23/2018 12:28,DCL Outbound-WS Inbound,Main and Schiller IB,889
10/23/2018 12:28,DCL Outbound-WS Inbound,Main and Schiller IB,889
10/23/2018 12:28,DCL Outbound-WS Inbound,Main and Schiller IB,889
10/23/2018 12:28,DCL Outbound-WS Inbound,Main and Schiller IB,889
10/23/2018 12:28,DCL Outbound-WS Inbound,Main and Schiller IB,889
10/23/2018 12:28,DCL Outbound-WS Inbound,Main and Schiller IB,889
10/23/2018 12:30,DCL Outbound-WS Inbound,Main and Helen IB,889
10/23/2018 12:30,DCL Outbound-WS Inbound,Main and Helen IB,889
10/23/2018 12:30,DCL Outbound-WS Inbound,Main and Helen IB,889
10/23/2018 12:30,DCL Outbound-WS Inbound,Leroy St and Chestnut OB,42
10/23/2018 12:33,DCL Outbound-WS Inbound,Floral and Cleveland IB,889
10/23/2018 12:33,DCL Outbound-WS Inbound,Floral and Burbank IB,889
10/23/2018 12:36,DCL Outbound-WS Inbound,UDC IB,42
10/23/2018 12:38,DCL Outbound-WS Inbound,Hawley IB,42
10/23/2018 12:38,DCL Outbound-WS Inbound,Hawley IB,42
10/23/2018 12:38,DCL Outbound-WS Inbound,Hawley IB,42
10/23/2018 12:38,DCL Outbound-WS Inbound,Hawley IB,42
10/23/2018 12:38,DCL Outbound-WS Inbound,Hawley IB,42
10/23/2018 12:38,DCL Outbound-WS Inbound,Hawley IB,42
10/23/2018 12:39,DCL Outbound-WS Inbound,Main and Front OB,42
10/23/2018 12:39,DCL Outbound-WS Inbound,Main and Front OB,42
10/23/2018 12:40,DCL Outbound-WS Inbound,Main and Murray IB,42
10/23/2018 12:40,DCL Outbound-WS Inbound,Main and Murray IB,42
10/23/2018 12:40,DCL Outbound-WS Inbound,Main and Murray IB,42
10/23/2018 12:40,DCL Outbound-WS Inbound,Main and Murray IB,42
10/23/2018 12:40,DCL Outbound-WS Inbound,Main and Murray IB,42
10/23/2018 12:40,DCL Outbound-WS Inbound,Main and Murray IB,42
10/23/2018 12:40,DCL Outbound-WS Inbound,Main and Murray IB,42
10/23/2018 12:40,DCL Outbound-WS Inbound,Main and Murray IB,42
10/23/2018 12:40,DCL Outbound-WS Inbound,Main and Murray IB,42
10/23/2018 12:41,DCL Outbound-WS Inbound,Main and Mather,42
10/23/2018 12:41,DCL Outbound-WS Inbound,Main and Mather,42
10/23/2018 12:41,DCL Outbound-WS Inbound,Main and Mather,42
10/23/2018 12:41,DCL Outbound-WS Inbound,Main and Mather,42
10/23/2018 12:41,DCL Outbound-WS Inbound,Main and Mather,42
10/23/2018 12:41,DCL Outbound-WS Inbound,Main and Mather,42
10/23/2018 12:41,DCL Outbound-WS Inbound,Main and Mather,42
10/23/2018 12:41,DCL Outbound-WS Inbound,Main and Mather,42
10/23/2018 12:41,DCL Outbound-WS Inbound,Main and Mather,42
10/23/2018 12:43,DCL Outbound-WS Inbound,Main and Cedar IB,42
10/23/2018 12:43,DCL Outbound-WS Inbound,Main and Cedar IB,42
10/23/2018 12:43,DCL Outbound-WS Inbound,Main and Cedar IB,42
10/23/2018 12:43,DCL Outbound-WS Inbound,Leroy St and Chestnut OB,21
10/23/2018 12:43,DCL Outbound-WS Inbound,Union,55
10/23/2018 12:43,DCL Outbound-WS Inbound,Main and Cedar IB,42
10/23/2018 12:43,DCL Outbound-WS Inbound,Union,55
10/23/2018 12:43,DCL Outbound-WS Inbound,Union,55
10/23/2018 12:43,DCL Outbound-WS Inbound,Main and Cedar IB,42
10/23/2018 12:43,DCL Outbound-WS Inbound,Union,55
10/23/2018 12:43,DCL Outbound-WS Inbound,Union,55
10/23/2018 12:43,DCL Outbound-WS Inbound,Union,55
10/23/2018 12:43,DCL Outbound-WS Inbound,Union,55
10/23/2018 12:43,DCL Outbound-WS Inbound,Union,55
10/23/2018 12:43,DCL Outbound-WS Inbound,Union,55
10/23/2018 12:44,DCL Outbound-WS Inbound,Main and Clarke IB,42
10/23/2018 12:44,DCL Outbound-WS Inbound,Main and Clarke IB,42
10/23/2018 12:44,DCL Outbound-WS Inbound,Main and Clarke IB,42
10/23/2018 12:44,DCL Outbound-WS Inbound,Main and Clarke IB,42
10/23/2018 12:44,DCL Outbound-WS Inbound,Main and Clarke IB,42
10/23/2018 12:44,DCL Outbound-WS Inbound,Main and Clarke IB,42
10/23/2018 12:44,DCL Outbound-WS Inbound,Main and Clarke IB,42
10/23/2018 12:44,DCL Outbound-WS Inbound,Main and Clarke IB,42
10/23/2018 12:44,DCL Outbound-WS Inbound,Main and Clarke IB,42
10/23/2018 12:44,DCL Outbound-WS Inbound,Main and Clarke IB,42
10/23/2018 12:44,DCL Outbound-WS Inbound,Union,55
10/23/2018 12:44,DCL Outbound-WS Inbound,Union,55
10/23/2018 12:45,DCL Outbound-WS Inbound,Main and Schiller IB,42
10/23/2018 12:45,DCL Outbound-WS Inbound,Main and Schiller IB,42
10/23/2018 12:45,DCL Outbound-WS Inbound,Main and Schiller IB,42
10/23/2018 12:45,DCL Outbound-WS Inbound,Main and Schiller IB,42
10/23/2018 12:45,DCL Outbound-WS Inbound,Main and Schiller IB,42
10/23/2018 12:45,DCL Outbound-WS Inbound,Main and Schiller IB,42
10/23/2018 12:45,DCL Outbound-WS Inbound,Main and Schiller IB,42
10/23/2018 12:45,DCL Outbound-WS Inbound,Main and Schiller IB,42
10/23/2018 12:45,DCL Outbound-WS Inbound,Main and Schiller IB,42
10/23/2018 12:45,DCL Outbound-WS Inbound,Main and Schiller IB,42
10/23/2018 12:45,DCL Outbound-WS Inbound,Main and Schiller IB,42
10/23/2018 12:48,DCL Outbound-WS Inbound,Main and Helen IB,42
10/23/2018 12:51,DCL Outbound-WS Inbound,Hawley IB,21
10/23/2018 12:52,DCL Outbound-WS Inbound,Floral and St. Charles,42
10/23/2018 12:54,DCL Outbound-WS Inbound,Main and Murray IB,21
10/23/2018 12:54,DCL Outbound-WS Inbound,Main and Murray IB,21
10/23/2018 12:54,DCL Outbound-WS Inbound,Main and Murray IB,21
10/23/2018 12:54,DCL Outbound-WS Inbound,Main and Murray IB,21
10/23/2018 12:54,DCL Outbound-WS Inbound,Main and Murray IB,21
10/23/2018 12:54,DCL Outbound-WS Inbound,Main and Murray IB,21
10/23/2018 12:54,DCL Outbound-WS Inbound,Main and Murray IB,21
10/23/2018 12:54,DCL Outbound-WS Inbound,Main and Murray IB,21
10/23/2018 12:54,DCL Outbound-WS Inbound,Main and Murray IB,21
10/23/2018 12:54,DCL Outbound-WS Inbound,Main and Murray IB,21
10/23/2018 12:54,DCL Outbound-WS Inbound,Main and Murray IB,21
10/23/2018 12:54,DCL Outbound-WS Inbound,Main and Murray IB,21
10/23/2018 12:54,DCL Outbound-WS Inbound,Main and Murray IB,21
10/23/2018 12:55,DCL Outbound-WS Inbound,Main and Murray IB,21
10/23/2018 12:55,DCL Outbound-WS Inbound,Main and Mather,21
10/23/2018 12:55,DCL Outbound-WS Inbound,Main and Mather,21
10/23/2018 12:55,DCL Outbound-WS Inbound,Main and Mather,21
10/23/2018 12:55,DCL Outbound-WS Inbound,Main and Mather,21
10/23/2018 12:56,DCL Outbound-WS Inbound,Main and Cedar IB,21
10/23/2018 12:56,DCL Outbound-WS Inbound,Main and Cedar IB,21
10/23/2018 12:56,DCL Outbound-WS Inbound,Main and Cedar IB,21
10/23/2018 12:57,DCL Outbound-WS Inbound,Main and Clarke IB,21
10/23/2018 12:58,DCL Outbound-WS Inbound,Main and Schiller IB,21
10/23/2018 12:58,DCL Outbound-WS Inbound,Main and Schiller IB,21
10/23/2018 12:58,DCL Outbound-WS Inbound,Main and Schiller IB,21
10/23/2018 12:58,DCL Outbound-WS Inbound,Main and Schiller IB,21
10/23/2018 12:58,DCL Outbound-WS Inbound,Main and Schiller IB,21
10/23/2018 12:59,DCL Outbound-WS Inbound,Main and Helen IB,21
10/23/2018 13:00,DCL Outbound-WS Inbound,Main and Crestmont IB,21
10/23/2018 13:01,DCL Outbound-WS Inbound,Main and Crary,21
10/23/2018 13:02,DCL Outbound-WS Inbound,Floral and Cleveland IB,21
10/23/2018 13:02,DCL Outbound-WS Inbound,Floral and Cleveland IB,21
10/23/2018 13:05,DCL Outbound-WS Inbound,Floral and Cook,21
10/23/2018 13:07,DCL Outbound-WS Inbound,Hawley IB,55
10/23/2018 13:09,DCL Outbound-WS Inbound,Main and Front OB,55
10/23/2018 13:10,DCL Outbound-WS Inbound,Main and Murray IB,55
10/23/2018 13:11,DCL Outbound-WS Inbound,Main and Mather,55
10/23/2018 13:11,DCL Outbound-WS Inbound,Main and Mather,55
10/23/2018 13:11,DCL Outbound-WS Inbound,Main and Mather,55
10/23/2018 13:11,DCL Outbound-WS Inbound,Main and Mather,55
10/23/2018 13:11,DCL Outbound-WS Inbound,Main and Mather,55
10/23/2018 13:12,DCL Outbound-WS Inbound,Main and Cedar IB,55
10/23/2018 13:12,DCL Outbound-WS Inbound,Main and Clarke IB,55
10/23/2018 13:13,DCL Outbound-WS Inbound,Main and Schiller IB,55
10/23/2018 13:13,DCL Outbound-WS Inbound,Main and Schiller IB,55
10/23/2018 13:13,DCL Outbound-WS Inbound,Main and Schiller IB,55
10/23/2018 13:13,DCL Outbound-WS Inbound,Main and Schiller IB,55
10/23/2018 13:13,DCL Outbound-WS Inbound,Main and Schiller IB,55
10/23/2018 13:13,DCL Outbound-WS Inbound,Main and Schiller IB,55
10/23/2018 13:14,DCL Outbound-WS Inbound,Union,526
10/23/2018 13:14,DCL Outbound-WS Inbound,Union,526
10/23/2018 13:14,DCL Outbound-WS Inbound,Union,526
10/23/2018 13:15,DCL Outbound-WS Inbound,Union,526
10/23/2018 13:15,DCL Outbound-WS Inbound,Union,526
10/23/2018 13:15,DCL Outbound-WS Inbound,Union,526
10/23/2018 13:15,DCL Outbound-WS Inbound,Union,526
10/23/2018 13:15,DCL Outbound-WS Inbound,Union,526
10/23/2018 13:15,DCL Outbound-WS Inbound,Union,526
10/23/2018 13:15,DCL Outbound-WS Inbound,Union,526
10/23/2018 13:15,DCL Outbound-WS Inbound,Union,526
10/23/2018 13:15,DCL Outbound-WS Inbound,Union,526
10/23/2018 13:17,DCL Outbound-WS Inbound,Floral and Main IB,55
10/23/2018 13:17,DCL Outbound-WS Inbound,Floral and Cleveland IB,55
10/23/2018 13:19,DCL Outbound-WS Inbound,Physical Facilities,526
10/23/2018 13:19,DCL Outbound-WS Inbound,Physical Facilities,526
10/23/2018 13:19,DCL Outbound-WS Inbound,Physical Facilities,526
10/23/2018 13:19,DCL Outbound-WS Inbound,Physical Facilities,526
10/23/2018 13:19,DCL Outbound-WS Inbound,Physical Facilities,526
10/23/2018 13:31,DCL Outbound-WS Inbound,Leroy St and Chestnut OB,526
10/23/2018 13:41,DCL Outbound-WS Inbound,Main and Mather,526
10/23/2018 13:41,DCL Outbound-WS Inbound,Union,42
10/23/2018 13:41,DCL Outbound-WS Inbound,Main and Mather,526
10/23/2018 13:41,DCL Outbound-WS Inbound,Union,42
10/23/2018 13:41,DCL Outbound-WS Inbound,Union,42
10/23/2018 13:41,DCL Outbound-WS Inbound,Union,42
10/23/2018 13:41,DCL Outbound-WS Inbound,Union,42
10/23/2018 13:41,DCL Outbound-WS Inbound,Union,42
10/23/2018 13:41,DCL Outbound-WS Inbound,Union,42
10/23/2018 13:41,DCL Outbound-WS Inbound,Union,42
10/23/2018 13:41,DCL Outbound-WS Inbound,Union,42
10/23/2018 13:42,DCL Outbound-WS Inbound,Union,42
10/23/2018 13:42,DCL Outbound-WS Inbound,Union,42
10/23/2018 13:42,DCL Outbound-WS Inbound,Union,42
10/23/2018 13:42,DCL Outbound-WS Inbound,Union,42
10/23/2018 13:42,DCL Outbound-WS Inbound,Main and Cedar IB,526
10/23/2018 13:42,DCL Outbound-WS Inbound,Main and Cedar IB,526
10/23/2018 13:43,DCL Outbound-WS Inbound,Main and Clarke IB,526
10/23/2018 13:43,DCL Outbound-WS Inbound,Main and Clarke IB,526
10/23/2018 13:43,DCL Outbound-WS Inbound,Main and Clarke IB,526
10/23/2018 13:43,DCL Outbound-WS Inbound,Union,42
10/23/2018 13:43,DCL Outbound-WS Inbound,Union,42
10/23/2018 13:45,DCL Outbound-WS Inbound,Main and Schiller IB,526
10/23/2018 13:45,DCL Outbound-WS Inbound,Main and Schiller IB,526
10/23/2018 13:45,DCL Outbound-WS Inbound,Main and Schiller IB,526
10/23/2018 13:45,DCL Outbound-WS Inbound,Main and Schiller IB,526
10/23/2018 13:47,DCL Outbound-WS Inbound,Main and Helen IB,526
10/23/2018 13:47,DCL Outbound-WS Inbound,Main and Helen IB,526
10/23/2018 13:49,DCL Outbound-WS Inbound,Floral and Cleveland IB,526
10/23/2018 13:59,DCL Outbound-WS Inbound,Leroy St and Murray OB,42
10/23/2018 13:59,DCL Outbound-WS Inbound,Leroy St and Murray OB,42
10/23/2018 13:59,DCL Outbound-WS Inbound,Union,526
10/23/2018 13:59,DCL Outbound-WS Inbound,Union,526
10/23/2018 13:59,DCL Outbound-WS Inbound,Union,526
10/23/2018 13:59,DCL Outbound-WS Inbound,Union,526
10/23/2018 13:59,DCL Outbound-WS Inbound,Union,526
10/23/2018 14:00,DCL Outbound-WS Inbound,Union,526
10/23/2018 14:02,DCL Outbound-WS Inbound,UDC IB,42
10/23/2018 14:02,DCL Outbound-WS Inbound,UDC IB,42
10/23/2018 14:04,DCL Outbound-WS Inbound,UDC IB,42
10/23/2018 14:08,DCL Outbound-WS Inbound,Hawley IB,42
10/23/2018 14:09,DCL Outbound-WS Inbound,Main and Front OB,42
10/23/2018 14:09,DCL Outbound-WS Inbound,Main and Front OB,42
10/23/2018 14:10,DCL Outbound-WS Inbound,Main and Murray IB,42
10/23/2018 14:11,DCL Outbound-WS Inbound,Main and Murray IB,42
10/23/2018 14:11,DCL Outbound-WS Inbound,Main and Murray IB,42
10/23/2018 14:11,DCL Outbound-WS Inbound,Main and Murray IB,42
10/23/2018 14:11,DCL Outbound-WS Inbound,Main and Murray IB,42
10/23/2018 14:11,DCL Outbound-WS Inbound,Main and Murray IB,42
10/23/2018 14:11,DCL Outbound-WS Inbound,Main and Murray IB,42
10/23/2018 14:11,DCL Outbound-WS Inbound,Main and Murray IB,42
10/23/2018 14:12,DCL Outbound-WS Inbound,Main and Mather,42
10/23/2018 14:12,DCL Outbound-WS Inbound,Main and Mather,42
10/23/2018 14:12,DCL Outbound-WS Inbound,Main and Mather,42
10/23/2018 14:12,DCL Outbound-WS Inbound,Main and Mather,42
10/23/2018 14:12,DCL Outbound-WS Inbound,Main and Mather,42
10/23/2018 14:12,DCL Outbound-WS Inbound,Main and Mather,42
10/23/2018 14:13,DCL Outbound-WS Inbound,Main and Cedar IB,42
10/23/2018 14:13,DCL Outbound-WS Inbound,Main and Cedar IB,42
10/23/2018 14:13,DCL Outbound-WS Inbound,Main and Cedar IB,42
10/23/2018 14:13,DCL Outbound-WS Inbound,Main and Cedar IB,42
10/23/2018 14:13,DCL Outbound-WS Inbound,Union,891
10/23/2018 14:13,DCL Outbound-WS Inbound,Union,891
10/23/2018 14:13,DCL Outbound-WS Inbound,Union,891
10/23/2018 14:13,DCL Outbound-WS Inbound,Union,891
10/23/2018 14:13,DCL Outbound-WS Inbound,Union,891
10/23/2018 14:13,DCL Outbound-WS Inbound,Union,891
10/23/2018 14:13,DCL Outbound-WS Inbound,Union,891
10/23/2018 14:13,DCL Outbound-WS Inbound,Union,891
10/23/2018 14:13,DCL Outbound-WS Inbound,Union,891
10/23/2018 14:14,DCL Outbound-WS Inbound,Union,891
10/23/2018 14:14,DCL Outbound-WS Inbound,Main and Clarke IB,42
10/23/2018 14:14,DCL Outbound-WS Inbound,Union,891
10/23/2018 14:14,DCL Outbound-WS Inbound,Union,891
10/23/2018 14:14,DCL Outbound-WS Inbound,Union,891
10/23/2018 14:14,DCL Outbound-WS Inbound,Union,891
10/23/2018 14:14,DCL Outbound-WS Inbound,Union,891
10/23/2018 14:14,DCL Outbound-WS Inbound,Union,891
10/23/2018 14:14,DCL Outbound-WS Inbound,Union,891
10/23/2018 14:15,DCL Outbound-WS Inbound,Main and Schiller IB,42
10/23/2018 14:15,DCL Outbound-WS Inbound,Main and Schiller IB,42
10/23/2018 14:15,DCL Outbound-WS Inbound,Main and Schiller IB,42
10/23/2018 14:15,DCL Outbound-WS Inbound,Main and Schiller IB,42
10/23/2018 14:15,DCL Outbound-WS Inbound,Main and Schiller IB,42
10/23/2018 14:15,DCL Outbound-WS Inbound,Main and Schiller IB,42
10/23/2018 14:15,DCL Outbound-WS Inbound,Main and Schiller IB,42
10/23/2018 14:15,DCL Outbound-WS Inbound,Main and Schiller IB,42
10/23/2018 14:15,DCL Outbound-WS Inbound,Main and Schiller IB,42
10/23/2018 14:15,DCL Outbound-WS Inbound,Main and Schiller IB,42
10/23/2018 14:15,DCL Outbound-WS Inbound,Main and Schiller IB,42
10/23/2018 14:15,DCL Outbound-WS Inbound,Main and Schiller IB,42
10/23/2018 14:15,DCL Outbound-WS Inbound,Main and Schiller IB,42
10/23/2018 14:15,DCL Outbound-WS Inbound,Main and Schiller IB,42
10/23/2018 14:15,DCL Outbound-WS Inbound,Main and Schiller IB,42
10/23/2018 14:17,DCL Outbound-WS Inbound,Main and Helen IB,42
10/23/2018 14:17,DCL Outbound-WS Inbound,Main and Helen IB,42
10/23/2018 14:17,DCL Outbound-WS Inbound,Main and Helen IB,42
10/23/2018 14:32,DCL Outbound-WS Inbound,UDC IB,891
10/23/2018 14:32,DCL Outbound-WS Inbound,UDC IB,891
10/23/2018 14:33,DCL Outbound-WS Inbound,UDC IB,891
10/23/2018 14:35,DCL Outbound-WS Inbound,UDC IB,891
10/23/2018 14:37,DCL Outbound-WS Inbound,Hawley IB,891
10/23/2018 14:39,DCL Outbound-WS Inbound,Main and Front OB,891
10/23/2018 14:39,DCL Outbound-WS Inbound,Main and Front OB,891
10/23/2018 14:39,DCL Outbound-WS Inbound,Main and Front OB,891
10/23/2018 14:41,DCL Outbound-WS Inbound,Main and Murray IB,891
10/23/2018 14:41,DCL Outbound-WS Inbound,Main and Murray IB,891
10/23/2018 14:41,DCL Outbound-WS Inbound,Main and Murray IB,891
10/23/2018 14:41,DCL Outbound-WS Inbound,Main and Murray IB,891
10/23/2018 14:41,DCL Outbound-WS Inbound,Main and Murray IB,891
10/23/2018 14:41,DCL Outbound-WS Inbound,Main and Murray IB,891
10/23/2018 14:41,DCL Outbound-WS Inbound,Main and Murray IB,891
10/23/2018 14:42,DCL Outbound-WS Inbound,Main and Mather,891
10/23/2018 14:42,DCL Outbound-WS Inbound,Main and Mather,891
10/23/2018 14:42,DCL Outbound-WS Inbound,Main and Mather,891
10/23/2018 14:42,DCL Outbound-WS Inbound,Main and Mather,891
10/23/2018 14:43,DCL Outbound-WS Inbound,Main and Cedar IB,891
10/23/2018 14:43,DCL Outbound-WS Inbound,Main and Cedar IB,891
10/23/2018 14:44,DCL Outbound-WS Inbound,Main and Clarke IB,891
10/23/2018 14:44,DCL Outbound-WS Inbound,Main and Clarke IB,891
10/23/2018 14:44,DCL Outbound-WS Inbound,Main and Clarke IB,891
10/23/2018 14:45,DCL Outbound-WS Inbound,Main and Schiller IB,891
10/23/2018 14:45,DCL Outbound-WS Inbound,Main and Schiller IB,891
10/23/2018 14:45,DCL Outbound-WS Inbound,Main and Schiller IB,891
10/23/2018 14:45,DCL Outbound-WS Inbound,Main and Schiller IB,891
10/23/2018 14:45,DCL Outbound-WS Inbound,Main and Schiller IB,891
10/23/2018 14:47,DCL Outbound-WS Inbound,Union,526
10/23/2018 14:47,DCL Outbound-WS Inbound,Union,526
10/23/2018 14:47,DCL Outbound-WS Inbound,Union,526
10/23/2018 14:47,DCL Outbound-WS Inbound,Union,526
10/23/2018 14:47,DCL Outbound-WS Inbound,Union,526
10/23/2018 14:47,DCL Outbound-WS Inbound,Union,526
10/23/2018 14:47,DCL Outbound-WS Inbound,Main and Helen IB,891
10/23/2018 14:47,DCL Outbound-WS Inbound,Main and Helen IB,891
10/23/2018 14:47,DCL Outbound-WS Inbound,Union,526
10/23/2018 14:47,DCL Outbound-WS Inbound,Union,526
10/23/2018 14:47,DCL Outbound-WS Inbound,Union,526
10/23/2018 14:47,DCL Outbound-WS Inbound,Union,526
10/23/2018 14:47,DCL Outbound-WS Inbound,Union,526
10/23/2018 14:47,DCL Outbound-WS Inbound,Union,526
10/23/2018 14:47,DCL Outbound-WS Inbound,Union,526
10/23/2018 14:47,DCL Outbound-WS Inbound,Union,526
10/23/2018 14:47,DCL Outbound-WS Inbound,Union,526
10/23/2018 14:47,DCL Outbound-WS Inbound,Union,526
10/23/2018 14:47,DCL Outbound-WS Inbound,Union,526
10/23/2018 14:47,DCL Outbound-WS Inbound,Union,526
10/23/2018 14:47,DCL Outbound-WS Inbound,Union,526
10/23/2018 14:47,DCL Outbound-WS Inbound,Union,526
10/23/2018 14:47,DCL Outbound-WS Inbound,Union,526
10/23/2018 14:47,DCL Outbound-WS Inbound,Union,526
10/23/2018 14:47,DCL Outbound-WS Inbound,Union,526
10/23/2018 14:47,DCL Outbound-WS Inbound,Union,526
10/23/2018 14:47,DCL Outbound-WS Inbound,Union,526
10/23/2018 14:47,DCL Outbound-WS Inbound,Union,526
10/23/2018 14:47,DCL Outbound-WS Inbound,Union,526
10/23/2018 14:48,DCL Outbound-WS Inbound,Union,526
10/23/2018 14:48,DCL Outbound-WS Inbound,Union,526
10/23/2018 14:48,DCL Outbound-WS Inbound,Union,526
10/23/2018 14:48,DCL Outbound-WS Inbound,Main and Crary,891
10/23/2018 14:48,DCL Outbound-WS Inbound,Union,526
10/23/2018 14:48,DCL Outbound-WS Inbound,Union,526
10/23/2018 14:48,DCL Outbound-WS Inbound,Union,526
10/23/2018 14:48,DCL Outbound-WS Inbound,Union,526
10/23/2018 14:48,DCL Outbound-WS Inbound,Union,526
10/23/2018 14:48,DCL Outbound-WS Inbound,Union,526
10/23/2018 14:48,DCL Outbound-WS Inbound,Union,526
10/23/2018 14:48,DCL Outbound-WS Inbound,Union,526
10/23/2018 14:49,DCL Outbound-WS Inbound,Union,526
10/23/2018 14:49,DCL Outbound-WS Inbound,Floral and Cleveland IB,891
10/23/2018 14:49,DCL Outbound-WS Inbound,Floral and Cleveland IB,891
10/23/2018 14:50,DCL Outbound-WS Inbound,Floral and Cleveland IB,891
10/23/2018 14:51,DCL Outbound-WS Inbound,Floral and Harrison IB,891
10/23/2018 14:52,DCL Outbound-WS Inbound,Physical Facilities,526
10/23/2018 14:52,DCL Outbound-WS Inbound,Physical Facilities,526
10/23/2018 14:52,DCL Outbound-WS Inbound,Physical Facilities,526
10/23/2018 15:14,DCL Outbound-WS Inbound,Union,55
10/23/2018 15:14,DCL Outbound-WS Inbound,Union,55
10/23/2018 15:14,DCL Outbound-WS Inbound,Union,55
10/23/2018 15:14,DCL Outbound-WS Inbound,Union,55
10/23/2018 15:14,DCL Outbound-WS Inbound,Union,55
10/23/2018 15:14,DCL Outbound-WS Inbound,Union,55
10/23/2018 15:15,DCL Outbound-WS Inbound,Union,55
10/23/2018 15:17,DCL Outbound-WS Inbound,Hawley IB,526
10/23/2018 15:17,DCL Outbound-WS Inbound,Hawley IB,526
10/23/2018 15:19,DCL Outbound-WS Inbound,Main and Murray IB,526
10/23/2018 15:20,DCL Outbound-WS Inbound,Main and Cedar IB,526
10/23/2018 15:27,DCL Outbound-WS Inbound,Floral and Harrison IB,526
10/23/2018 15:34,DCL Outbound-WS Inbound,UDC IB,55
10/23/2018 15:34,DCL Outbound-WS Inbound,UDC IB,55
10/23/2018 15:34,DCL Outbound-WS Inbound,UDC IB,55
10/23/2018 15:34,DCL Outbound-WS Inbound,UDC IB,55
10/23/2018 15:34,DCL Outbound-WS Inbound,UDC IB,55
10/23/2018 15:38,DCL Outbound-WS Inbound,Hawley IB,55
10/23/2018 15:38,DCL Outbound-WS Inbound,Hawley IB,55
10/23/2018 15:38,DCL Outbound-WS Inbound,Hawley IB,55
10/23/2018 15:38,DCL Outbound-WS Inbound,Hawley IB,55
10/23/2018 15:38,DCL Outbound-WS Inbound,Main and Front OB,55
10/23/2018 15:40,DCL Outbound-WS Inbound,Main and Mather,55
10/23/2018 15:40,DCL Outbound-WS Inbound,Main and Mather,55
10/23/2018 15:40,DCL Outbound-WS Inbound,Main and Mather,55
10/23/2018 15:41,DCL Outbound-WS Inbound,Main and Cedar IB,55
10/23/2018 15:41,DCL Outbound-WS Inbound,Main and Cedar IB,55
10/23/2018 15:41,DCL Outbound-WS Inbound,Main and Cedar IB,55
10/23/2018 15:41,DCL Outbound-WS Inbound,Main and Cedar IB,55
10/23/2018 15:42,DCL Outbound-WS Inbound,Main and Clarke IB,55
10/23/2018 15:43,DCL Outbound-WS Inbound,Main and Schiller IB,55
10/23/2018 15:43,DCL Outbound-WS Inbound,Main and Schiller IB,55
10/23/2018 15:43,DCL Outbound-WS Inbound,Union,891
10/23/2018 15:43,DCL Outbound-WS Inbound,Union,891
10/23/2018 15:43,DCL Outbound-WS Inbound,Union,891
10/23/2018 15:43,DCL Outbound-WS Inbound,Union,891
10/23/2018 15:43,DCL Outbound-WS Inbound,Union,891
10/23/2018 15:43,DCL Outbound-WS Inbound,Union,891
10/23/2018 15:44,DCL Outbound-WS Inbound,Union,891
10/23/2018 15:44,DCL Outbound-WS Inbound,Union,891
10/23/2018 15:44,DCL Outbound-WS Inbound,Union,891
10/23/2018 15:44,DCL Outbound-WS Inbound,Union,891
10/23/2018 15:44,DCL Outbound-WS Inbound,Union,891
10/23/2018 15:44,DCL Outbound-WS Inbound,Union,891
10/23/2018 15:44,DCL Outbound-WS Inbound,Union,891
10/23/2018 15:44,DCL Outbound-WS Inbound,Union,891
10/23/2018 15:44,DCL Outbound-WS Inbound,Union,891
10/23/2018 15:44,DCL Outbound-WS Inbound,Union,891
10/23/2018 15:45,DCL Outbound-WS Inbound,Main and Helen IB,55
10/23/2018 15:47,DCL Outbound-WS Inbound,Physical Facilities,891
10/23/2018 15:48,DCL Outbound-WS Inbound,Floral and Main IB,55
10/23/2018 15:48,DCL Outbound-WS Inbound,Floral and Main IB,55
10/23/2018 15:49,DCL Outbound-WS Inbound,Floral and Cleveland IB,55
10/23/2018 15:49,DCL Outbound-WS Inbound,Floral and Cleveland IB,55
10/23/2018 15:49,DCL Outbound-WS Inbound,Floral and Cleveland IB,55
10/23/2018 15:49,DCL Outbound-WS Inbound,Floral and Cleveland IB,55
10/23/2018 15:49,DCL Outbound-WS Inbound,Floral and Cleveland IB,55
10/23/2018 15:50,DCL Outbound-WS Inbound,Floral and St. Charles,55
10/23/2018 15:58,DCL Outbound-WS Inbound,Leroy St and Murray OB,891
10/23/2018 16:00,DCL Outbound-WS Inbound,Riverside and Front,891
10/23/2018 16:07,DCL Outbound-WS Inbound,Main and Front OB,891
10/23/2018 16:07,DCL Outbound-WS Inbound,Main and Front OB,891
10/23/2018 16:07,DCL Outbound-WS Inbound,Main and Front OB,891
10/23/2018 16:09,DCL Outbound-WS Inbound,Main and Murray IB,891
10/23/2018 16:09,DCL Outbound-WS Inbound,Main and Murray IB,891
10/23/2018 16:10,DCL Outbound-WS Inbound,Main and Mather,891
10/23/2018 16:10,DCL Outbound-WS Inbound,Main and Mather,891
10/23/2018 16:11,DCL Outbound-WS Inbound,Main and Cedar IB,891
10/23/2018 16:11,DCL Outbound-WS Inbound,Main and Cedar IB,891
10/23/2018 16:12,DCL Outbound-WS Inbound,Main and Clarke IB,891
10/23/2018 16:14,DCL Outbound-WS Inbound,Main and Schiller IB,891
10/23/2018 16:14,DCL Outbound-WS Inbound,Main and Schiller IB,891
10/23/2018 16:14,DCL Outbound-WS Inbound,Main and Schiller IB,891
10/23/2018 16:14,DCL Outbound-WS Inbound,Main and Schiller IB,891
10/23/2018 16:14,DCL Outbound-WS Inbound,Main and Schiller IB,891
10/23/2018 16:14,DCL Outbound-WS Inbound,Main and Schiller IB,891
10/23/2018 16:15,DCL Outbound-WS Inbound,Main and Helen IB,891
10/23/2018 16:15,DCL Outbound-WS Inbound,Union,21
10/23/2018 16:15,DCL Outbound-WS Inbound,Union,21
10/23/2018 16:15,DCL Outbound-WS Inbound,Union,21
10/23/2018 16:16,DCL Outbound-WS Inbound,Union,21
10/23/2018 16:16,DCL Outbound-WS Inbound,Union,21
10/23/2018 16:16,DCL Outbound-WS Inbound,Union,21
10/23/2018 16:16,DCL Outbound-WS Inbound,Union,21
10/23/2018 16:16,DCL Outbound-WS Inbound,Union,21
10/23/2018 16:16,DCL Outbound-WS Inbound,Union,21
10/23/2018 16:16,DCL Outbound-WS Inbound,Union,21
10/23/2018 16:16,DCL Outbound-WS Inbound,Union,21
10/23/2018 16:16,DCL Outbound-WS Inbound,Union,21
10/23/2018 16:16,DCL Outbound-WS Inbound,Union,21
10/23/2018 16:16,DCL Outbound-WS Inbound,Union,21
10/23/2018 16:16,DCL Outbound-WS Inbound,Union,21
10/23/2018 16:16,DCL Outbound-WS Inbound,Union,21
10/23/2018 16:16,DCL Outbound-WS Inbound,Union,21
10/23/2018 16:16,DCL Outbound-WS Inbound,Union,21
10/23/2018 16:16,DCL Outbound-WS Inbound,Union,21
10/23/2018 16:16,DCL Outbound-WS Inbound,Union,21
10/23/2018 16:17,DCL Outbound-WS Inbound,Floral and Main IB,891
10/23/2018 16:17,DCL Outbound-WS Inbound,Union,21
10/23/2018 16:17,DCL Outbound-WS Inbound,Union,21
10/23/2018 16:17,DCL Outbound-WS Inbound,Union,21
10/23/2018 16:17,DCL Outbound-WS Inbound,Union,21
10/23/2018 16:17,DCL Outbound-WS Inbound,Union,21
10/23/2018 16:17,DCL Outbound-WS Inbound,Union,21
10/23/2018 16:17,DCL Outbound-WS Inbound,Union,21
10/23/2018 16:18,DCL Outbound-WS Inbound,Union,21
10/23/2018 16:18,DCL Outbound-WS Inbound,Union,21
10/23/2018 16:18,DCL Outbound-WS Inbound,Union,21
10/23/2018 16:18,DCL Outbound-WS Inbound,Union,21
10/23/2018 16:18,DCL Outbound-WS Inbound,Union,21
10/23/2018 16:19,DCL Outbound-WS Inbound,Union,21
10/23/2018 16:19,DCL Outbound-WS Inbound,Union,21
10/23/2018 16:20,DCL Outbound-WS Inbound,Union,21
10/23/2018 16:20,DCL Outbound-WS Inbound,Union,21
10/23/2018 16:35,DCL Outbound-WS Inbound,Union,42
10/23/2018 16:35,DCL Outbound-WS Inbound,Union,42
10/23/2018 16:35,DCL Outbound-WS Inbound,Union,42
10/23/2018 16:35,DCL Outbound-WS Inbound,Union,42
10/23/2018 16:36,DCL Outbound-WS Inbound,Union,42
10/23/2018 16:36,DCL Outbound-WS Inbound,Union,42
10/23/2018 16:37,DCL Outbound-WS Inbound,Union,42
10/23/2018 16:38,DCL Outbound-WS Inbound,Union,42
10/23/2018 16:38,DCL Outbound-WS Inbound,Union,42
10/23/2018 16:40,DCL Outbound-WS Inbound,Union,42
10/23/2018 16:43,DCL Outbound-WS Inbound,Union,42
10/23/2018 16:43,DCL Outbound-WS Inbound,Union,42
10/23/2018 16:43,DCL Outbound-WS Inbound,UDC IB,21
10/23/2018 16:43,DCL Outbound-WS Inbound,UDC IB,21
10/23/2018 16:43,DCL Outbound-WS Inbound,UDC IB,21
10/23/2018 16:43,DCL Outbound-WS Inbound,UDC IB,21
10/23/2018 16:43,DCL Outbound-WS Inbound,UDC IB,21
10/23/2018 16:43,DCL Outbound-WS Inbound,UDC IB,21
10/23/2018 16:44,DCL Outbound-WS Inbound,Union,42
10/23/2018 16:44,DCL Outbound-WS Inbound,Union,42
10/23/2018 16:44,DCL Outbound-WS Inbound,Union,42
10/23/2018 16:46,DCL Outbound-WS Inbound,Union,42
10/23/2018 16:46,DCL Outbound-WS Inbound,Union,42
10/23/2018 16:47,DCL Outbound-WS Inbound,Main and Murray IB,21
10/23/2018 16:47,DCL Outbound-WS Inbound,Main and Murray IB,21
10/23/2018 16:48,DCL Outbound-WS Inbound,Union,42
10/23/2018 16:48,DCL Outbound-WS Inbound,Union,42
10/23/2018 16:48,DCL Outbound-WS Inbound,Main and Mather,21
10/23/2018 16:49,DCL Outbound-WS Inbound,Union,42
10/23/2018 16:50,DCL Outbound-WS Inbound,Main and Cedar IB,21
10/23/2018 16:50,DCL Outbound-WS Inbound,Union,42
10/23/2018 16:50,DCL Outbound-WS Inbound,Main and Clarke IB,21
10/23/2018 16:51,DCL Outbound-WS Inbound,Main and Schiller IB,21
10/23/2018 16:51,DCL Outbound-WS Inbound,Main and Schiller IB,21
10/23/2018 16:51,DCL Outbound-WS Inbound,Main and Schiller IB,21
10/23/2018 16:52,DCL Outbound-WS Inbound,Physical Facilities,42
10/23/2018 16:57,DCL Outbound-WS Inbound,Floral and Harrison IB,21
10/23/2018 17:03,DCL Outbound-WS Inbound,Leroy St and Chestnut OB,42
10/23/2018 17:07,DCL Outbound-WS Inbound,Union,787
10/23/2018 17:07,DCL Outbound-WS Inbound,Union,787
10/23/2018 17:08,DCL Outbound-WS Inbound,Union,787
10/23/2018 17:08,DCL Outbound-WS Inbound,UDC IB,42
10/23/2018 17:08,DCL Outbound-WS Inbound,UDC IB,42
10/23/2018 17:09,DCL Outbound-WS Inbound,UDC IB,42
10/23/2018 17:09,DCL Outbound-WS Inbound,UDC IB,42
10/23/2018 17:10,DCL Outbound-WS Inbound,Union,787
10/23/2018 17:12,DCL Outbound-WS Inbound,Hawley IB,42
10/23/2018 17:12,DCL Outbound-WS Inbound,Hawley IB,42
10/23/2018 17:12,DCL Outbound-WS Inbound,Hawley IB,42
10/23/2018 17:12,DCL Outbound-WS Inbound,Hawley IB,42
10/23/2018 17:13,DCL Outbound-WS Inbound,Union,787
10/23/2018 17:13,DCL Outbound-WS Inbound,Union,787
10/23/2018 17:13,DCL Outbound-WS Inbound,Union,787
10/23/2018 17:13,DCL Outbound-WS Inbound,Union,787
10/23/2018 17:13,DCL Outbound-WS Inbound,Union,787
10/23/2018 17:13,DCL Outbound-WS Inbound,Union,787
10/23/2018 17:14,DCL Outbound-WS Inbound,Union,787
10/23/2018 17:14,DCL Outbound-WS Inbound,Main and Murray IB,42
10/23/2018 17:14,DCL Outbound-WS Inbound,Main and Murray IB,42
10/23/2018 17:14,DCL Outbound-WS Inbound,Main and Murray IB,42
10/23/2018 17:14,DCL Outbound-WS Inbound,Main and Murray IB,42
10/23/2018 17:14,DCL Outbound-WS Inbound,Main and Murray IB,42
10/23/2018 17:14,DCL Outbound-WS Inbound,Union,787
10/23/2018 17:14,DCL Outbound-WS Inbound,Main and Mather,42
10/23/2018 17:15,DCL Outbound-WS Inbound,Union,787
10/23/2018 17:15,DCL Outbound-WS Inbound,Union,787
10/23/2018 17:15,DCL Outbound-WS Inbound,Main and Mather,42
10/23/2018 17:15,DCL Outbound-WS Inbound,Union,787
10/23/2018 17:15,DCL Outbound-WS Inbound,Main and Mather,42
10/23/2018 17:15,DCL Outbound-WS Inbound,Main and Mather,42
10/23/2018 17:16,DCL Outbound-WS Inbound,Main and Cedar IB,42
10/23/2018 17:16,DCL Outbound-WS Inbound,Main and Cedar IB,42
10/23/2018 17:16,DCL Outbound-WS Inbound,Main and Cedar IB,42
10/23/2018 17:16,DCL Outbound-WS Inbound,Main and Cedar IB,42
10/23/2018 17:16,DCL Outbound-WS Inbound,Main and Cedar IB,42
10/23/2018 17:17,DCL Outbound-WS Inbound,Union,787
10/23/2018 17:18,DCL Outbound-WS Inbound,Main and Schiller IB,42
10/23/2018 17:18,DCL Outbound-WS Inbound,Main and Schiller IB,42
10/23/2018 17:18,DCL Outbound-WS Inbound,Main and Schiller IB,42
10/23/2018 17:18,DCL Outbound-WS Inbound,Main and Schiller IB,42
10/23/2018 17:19,DCL Outbound-WS Inbound,Union,787
10/23/2018 17:20,DCL Outbound-WS Inbound,Union,787
10/23/2018 17:20,DCL Outbound-WS Inbound,Union,787
10/23/2018 17:20,DCL Outbound-WS Inbound,Union,787
10/23/2018 17:20,DCL Outbound-WS Inbound,Union,787
10/23/2018 17:21,DCL Outbound-WS Inbound,Engineering Bldg,787
10/23/2018 17:23,DCL Outbound-WS Inbound,Physical Facilities,787
10/23/2018 17:23,DCL Outbound-WS Inbound,Physical Facilities,787
10/23/2018 17:38,DCL Outbound-WS Inbound,UDC IB,787
10/23/2018 17:39,DCL Outbound-WS Inbound,UDC IB,787
10/23/2018 17:42,DCL Outbound-WS Inbound,Hawley IB,787
10/23/2018 17:42,DCL Outbound-WS Inbound,Main and Front OB,787
10/23/2018 17:42,DCL Outbound-WS Inbound,Main and Front OB,787
10/23/2018 17:43,DCL Outbound-WS Inbound,Main and Murray IB,787
10/23/2018 17:44,DCL Outbound-WS Inbound,Main and Murray IB,787
10/23/2018 17:44,DCL Outbound-WS Inbound,Main and Murray IB,787
10/23/2018 17:44,DCL Outbound-WS Inbound,Main and Murray IB,787
10/23/2018 17:44,DCL Outbound-WS Inbound,Main and Murray IB,787
10/23/2018 17:45,DCL Outbound-WS Inbound,Main and Mather,787
10/23/2018 17:46,DCL Outbound-WS Inbound,Main and Cedar IB,787
10/23/2018 17:48,DCL Outbound-WS Inbound,Main and Schiller IB,787
10/23/2018 17:48,DCL Outbound-WS Inbound,Main and Schiller IB,787
10/23/2018 17:48,DCL Outbound-WS Inbound,Main and Schiller IB,787
10/23/2018 17:49,DCL Outbound-WS Inbound,Union,55
10/23/2018 17:49,DCL Outbound-WS Inbound,Union,55
10/23/2018 17:49,DCL Outbound-WS Inbound,Union,55
10/23/2018 17:49,DCL Outbound-WS Inbound,Union,55
10/23/2018 17:49,DCL Outbound-WS Inbound,Union,55
10/23/2018 17:49,DCL Outbound-WS Inbound,Union,55
10/23/2018 17:49,DCL Outbound-WS Inbound,Union,55
10/23/2018 17:49,DCL Outbound-WS Inbound,Union,55
10/23/2018 17:49,DCL Outbound-WS Inbound,Union,55
10/23/2018 17:49,DCL Outbound-WS Inbound,Union,55
10/23/2018 17:49,DCL Outbound-WS Inbound,Union,55
10/23/2018 17:49,DCL Outbound-WS Inbound,Union,55
10/23/2018 17:49,DCL Outbound-WS Inbound,Union,55
10/23/2018 17:49,DCL Outbound-WS Inbound,Union,55
10/23/2018 17:49,DCL Outbound-WS Inbound,Union,55
10/23/2018 17:49,DCL Outbound-WS Inbound,Union,55
10/23/2018 17:49,DCL Outbound-WS Inbound,Union,55
10/23/2018 17:49,DCL Outbound-WS Inbound,Union,55
10/23/2018 17:50,DCL Outbound-WS Inbound,Union,55
10/23/2018 17:50,DCL Outbound-WS Inbound,Union,55
10/23/2018 17:50,DCL Outbound-WS Inbound,Union,55
10/23/2018 17:51,DCL Outbound-WS Inbound,Floral and Cleveland IB,787
10/23/2018 17:51,DCL Outbound-WS Inbound,Floral and Cleveland IB,787
10/23/2018 17:56,DCL Outbound-WS Inbound,Physical Facilities,55
10/23/2018 17:56,DCL Outbound-WS Inbound,Physical Facilities,55
10/23/2018 18:11,DCL Outbound-WS Inbound,UDC IB,55
10/23/2018 18:13,DCL Outbound-WS Inbound,Union,526
10/23/2018 18:13,DCL Outbound-WS Inbound,Union,526
10/23/2018 18:13,DCL Outbound-WS Inbound,Union,526
10/23/2018 18:13,DCL Outbound-WS Inbound,Union,526
10/23/2018 18:13,DCL Outbound-WS Inbound,Union,526
10/23/2018 18:13,DCL Outbound-WS Inbound,Union,526
10/23/2018 18:13,DCL Outbound-WS Inbound,Union,526
10/23/2018 18:13,DCL Outbound-WS Inbound,Union,526
10/23/2018 18:13,DCL Outbound-WS Inbound,Union,526
10/23/2018 18:13,DCL Outbound-WS Inbound,Union,526
10/23/2018 18:13,DCL Outbound-WS Inbound,Union,526
10/23/2018 18:13,DCL Outbound-WS Inbound,Union,526
10/23/2018 18:13,DCL Outbound-WS Inbound,Union,526
10/23/2018 18:13,DCL Outbound-WS Inbound,Union,526
10/23/2018 18:13,DCL Outbound-WS Inbound,Union,526
10/23/2018 18:13,DCL Outbound-WS Inbound,Union,526
10/23/2018 18:13,DCL Outbound-WS Inbound,Union,526
10/23/2018 18:13,DCL Outbound-WS Inbound,Union,526
10/23/2018 18:13,DCL Outbound-WS Inbound,Union,526
10/23/2018 18:14,DCL Outbound-WS Inbound,Hawley IB,55
10/23/2018 18:15,DCL Outbound-WS Inbound,Union,526
10/23/2018 18:15,DCL Outbound-WS Inbound,Union,526
10/23/2018 18:15,DCL Outbound-WS Inbound,Union,526
10/23/2018 18:16,DCL Outbound-WS Inbound,Union,526
10/23/2018 18:16,DCL Outbound-WS Inbound,Union,526
10/23/2018 18:16,DCL Outbound-WS Inbound,Union,526
10/23/2018 18:16,DCL Outbound-WS Inbound,Main and Murray IB,55
10/23/2018 18:16,DCL Outbound-WS Inbound,Main and Murray IB,55
10/23/2018 18:16,DCL Outbound-WS Inbound,Main and Murray IB,55
10/23/2018 18:16,DCL Outbound-WS Inbound,Main and Murray IB,55
10/23/2018 18:16,DCL Outbound-WS Inbound,Main and Murray IB,55
10/23/2018 18:16,DCL Outbound-WS Inbound,Main and Murray IB,55
10/23/2018 18:16,DCL Outbound-WS Inbound,Main and Murray IB,55
10/23/2018 18:16,DCL Outbound-WS Inbound,Main and Murray IB,55
10/23/2018 18:16,DCL Outbound-WS Inbound,Union,526
10/23/2018 18:17,DCL Outbound-WS Inbound,Union,526
10/23/2018 18:17,DCL Outbound-WS Inbound,Union,526
10/23/2018 18:17,DCL Outbound-WS Inbound,Union,526
10/23/2018 18:17,DCL Outbound-WS Inbound,Union,526
10/23/2018 18:18,DCL Outbound-WS Inbound,Union,526
10/23/2018 18:18,DCL Outbound-WS Inbound,Main and Cedar IB,55
10/23/2018 18:18,DCL Outbound-WS Inbound,Union,526
10/23/2018 18:18,DCL Outbound-WS Inbound,Main and Cedar IB,55
10/23/2018 18:18,DCL Outbound-WS Inbound,Union,526
10/23/2018 18:18,DCL Outbound-WS Inbound,Main and Clarke IB,55
10/23/2018 18:20,DCL Outbound-WS Inbound,Main and Helen IB,55
10/23/2018 18:21,DCL Outbound-WS Inbound,Main and Helen IB,55
10/23/2018 18:23,DCL Outbound-WS Inbound,Floral and Cleveland IB,55
10/23/2018 18:23,DCL Outbound-WS Inbound,Floral and Cleveland IB,55
10/23/2018 18:36,DCL Outbound-WS Inbound,Leroy St and Chestnut OB,526
10/23/2018 18:36,DCL Outbound-WS Inbound,Leroy St and Chestnut OB,526
10/23/2018 18:40,DCL Outbound-WS Inbound,Riverside and Front,526
10/23/2018 18:46,DCL Outbound-WS Inbound,Main and Murray IB,526
10/23/2018 18:46,DCL Outbound-WS Inbound,Main and Murray IB,526
10/23/2018 18:47,DCL Outbound-WS Inbound,Union,889
10/23/2018 18:47,DCL Outbound-WS Inbound,Union,889
10/23/2018 18:48,DCL Outbound-WS Inbound,Union,889
10/23/2018 18:48,DCL Outbound-WS Inbound,Union,889
10/23/2018 18:48,DCL Outbound-WS Inbound,Union,889
10/23/2018 18:48,DCL Outbound-WS Inbound,Union,889
10/23/2018 18:48,DCL Outbound-WS Inbound,Union,889
10/23/2018 18:48,DCL Outbound-WS Inbound,Union,889
10/23/2018 18:49,DCL Outbound-WS Inbound,Main and Schiller IB,526
10/23/2018 18:49,DCL Outbound-WS Inbound,Main and Schiller IB,526
10/23/2018 18:49,DCL Outbound-WS Inbound,Main and Schiller IB,526
10/23/2018 18:49,DCL Outbound-WS Inbound,Union,889
10/23/2018 18:49,DCL Outbound-WS Inbound,Union,889
10/23/2018 18:49,DCL Outbound-WS Inbound,Union,889
10/23/2018 18:49,DCL Outbound-WS Inbound,Union,889
10/23/2018 18:49,DCL Outbound-WS Inbound,Union,889
10/23/2018 18:49,DCL Outbound-WS Inbound,Union,889
10/23/2018 18:49,DCL Outbound-WS Inbound,Union,889
10/23/2018 18:50,DCL Outbound-WS Inbound,Union,889
10/23/2018 18:50,DCL Outbound-WS Inbound,Union,889
10/23/2018 18:50,DCL Outbound-WS Inbound,Union,889
10/23/2018 18:50,DCL Outbound-WS Inbound,Main and Helen IB,526
10/23/2018 18:50,DCL Outbound-WS Inbound,Union,889
10/23/2018 18:50,DCL Outbound-WS Inbound,Union,889
10/23/2018 18:52,DCL Outbound-WS Inbound,Physical Facilities,889
10/23/2018 18:52,DCL Outbound-WS Inbound,Physical Facilities,889
10/23/2018 19:07,DCL Outbound-WS Inbound,UDC IB,889
10/23/2018 19:09,DCL Outbound-WS Inbound,UDC IB,889
10/23/2018 19:12,DCL Outbound-WS Inbound,Hawley IB,889
10/23/2018 19:12,DCL Outbound-WS Inbound,Hawley IB,889
10/23/2018 19:12,DCL Outbound-WS Inbound,Hawley IB,889
10/23/2018 19:12,DCL Outbound-WS Inbound,Hawley IB,889
10/23/2018 19:12,DCL Outbound-WS Inbound,Hawley IB,889
10/23/2018 19:12,DCL Outbound-WS Inbound,Hawley IB,889
10/23/2018 19:13,DCL Outbound-WS Inbound,Main and Front OB,889
10/23/2018 19:14,DCL Outbound-WS Inbound,Main and Murray IB,889
10/23/2018 19:14,DCL Outbound-WS Inbound,Main and Murray IB,889
10/23/2018 19:14,DCL Outbound-WS Inbound,Main and Murray IB,889
10/23/2018 19:15,DCL Outbound-WS Inbound,Union,891
10/23/2018 19:15,DCL Outbound-WS Inbound,Union,891
10/23/2018 19:15,DCL Outbound-WS Inbound,Union,891
10/23/2018 19:15,DCL Outbound-WS Inbound,Union,891
10/23/2018 19:15,DCL Outbound-WS Inbound,Union,891
10/23/2018 19:15,DCL Outbound-WS Inbound,Union,891
10/23/2018 19:15,DCL Outbound-WS Inbound,Union,891
10/23/2018 19:15,DCL Outbound-WS Inbound,Union,891
10/23/2018 19:15,DCL Outbound-WS Inbound,Union,891
10/23/2018 19:15,DCL Outbound-WS Inbound,Union,891
10/23/2018 19:15,DCL Outbound-WS Inbound,Union,891
10/23/2018 19:15,DCL Outbound-WS Inbound,Main and Mather,889
10/23/2018 19:15,DCL Outbound-WS Inbound,Union,891
10/23/2018 19:15,DCL Outbound-WS Inbound,Union,891
10/23/2018 19:15,DCL Outbound-WS Inbound,Main and Mather,889
10/23/2018 19:15,DCL Outbound-WS Inbound,Union,891
10/23/2018 19:15,DCL Outbound-WS Inbound,Union,891
10/23/2018 19:15,DCL Outbound-WS Inbound,Union,891
10/23/2018 19:15,DCL Outbound-WS Inbound,Union,891
10/23/2018 19:16,DCL Outbound-WS Inbound,Union,891
10/23/2018 19:16,DCL Outbound-WS Inbound,Union,891
10/23/2018 19:16,DCL Outbound-WS Inbound,Main and Cedar IB,889
10/23/2018 19:17,DCL Outbound-WS Inbound,Main and Clarke IB,889
10/23/2018 19:17,DCL Outbound-WS Inbound,Main and Clarke IB,889
10/23/2018 19:17,DCL Outbound-WS Inbound,Main and Schiller IB,889
10/23/2018 19:18,DCL Outbound-WS Inbound,Main and Schiller IB,889
10/23/2018 19:18,DCL Outbound-WS Inbound,Main and Schiller IB,889
10/23/2018 19:31,DCL Outbound-WS Inbound,Leroy St and Murray OB,891
10/23/2018 19:32,DCL Outbound-WS Inbound,Union,42
10/23/2018 19:32,DCL Outbound-WS Inbound,Union,42
10/23/2018 19:32,DCL Outbound-WS Inbound,Union,42
10/23/2018 19:32,DCL Outbound-WS Inbound,Union,42
10/23/2018 19:32,DCL Outbound-WS Inbound,Union,42
10/23/2018 19:32,DCL Outbound-WS Inbound,Union,42
10/23/2018 19:32,DCL Outbound-WS Inbound,Union,42
10/23/2018 19:32,DCL Outbound-WS Inbound,Union,42
10/23/2018 19:32,DCL Outbound-WS Inbound,Union,42
10/23/2018 19:32,DCL Outbound-WS Inbound,Union,42
10/23/2018 19:32,DCL Outbound-WS Inbound,Union,42
10/23/2018 19:32,DCL Outbound-WS Inbound,Union,42
10/23/2018 19:33,DCL Outbound-WS Inbound,Union,42
10/23/2018 19:33,DCL Outbound-WS Inbound,Union,42
10/23/2018 19:33,DCL Outbound-WS Inbound,Union,42
10/23/2018 19:33,DCL Outbound-WS Inbound,Union,42
10/23/2018 19:33,DCL Outbound-WS Inbound,Union,42
10/23/2018 19:33,DCL Outbound-WS Inbound,Union,42
10/23/2018 19:33,DCL Outbound-WS Inbound,Union,42
10/23/2018 19:34,DCL Outbound-WS Inbound,Union,42
10/23/2018 19:34,DCL Outbound-WS Inbound,Union,42
10/23/2018 19:34,DCL Outbound-WS Inbound,Union,42
10/23/2018 19:34,DCL Outbound-WS Inbound,UDC IB,891
10/23/2018 19:34,DCL Outbound-WS Inbound,UDC IB,891
10/23/2018 19:35,DCL Outbound-WS Inbound,UDC IB,891
10/23/2018 19:35,DCL Outbound-WS Inbound,Union,42
10/23/2018 19:35,DCL Outbound-WS Inbound,Union,42
10/23/2018 19:35,DCL Outbound-WS Inbound,Union,42
10/23/2018 19:35,DCL Outbound-WS Inbound,Union,42
10/23/2018 19:35,DCL Outbound-WS Inbound,Union,42
10/23/2018 19:38,DCL Outbound-WS Inbound,Union,42
10/23/2018 19:39,DCL Outbound-WS Inbound,Hawley IB,891
10/23/2018 19:39,DCL Outbound-WS Inbound,Hawley IB,891
10/23/2018 19:40,DCL Outbound-WS Inbound,Union,42
10/23/2018 19:40,DCL Outbound-WS Inbound,Union,42
10/23/2018 19:40,DCL Outbound-WS Inbound,Union,42
10/23/2018 19:40,DCL Outbound-WS Inbound,Union,42
10/23/2018 19:40,DCL Outbound-WS Inbound,Union,42
10/23/2018 19:40,DCL Outbound-WS Inbound,Main and Murray IB,891
10/23/2018 19:41,DCL Outbound-WS Inbound,Main and Mather,891
10/23/2018 19:41,DCL Outbound-WS Inbound,Main and Mather,891
10/23/2018 19:41,DCL Outbound-WS Inbound,Main and Mather,891
10/23/2018 19:42,DCL Outbound-WS Inbound,Union,42
10/23/2018 19:42,DCL Outbound-WS Inbound,Union,42
10/23/2018 19:43,DCL Outbound-WS Inbound,Main and Cedar IB,891
10/23/2018 19:43,DCL Outbound-WS Inbound,Union,42
10/23/2018 19:43,DCL Outbound-WS Inbound,Union,42
10/23/2018 19:43,DCL Outbound-WS Inbound,Union,42
10/23/2018 19:43,DCL Outbound-WS Inbound,Union,42
10/23/2018 19:44,DCL Outbound-WS Inbound,Main and Clarke IB,891
10/23/2018 19:44,DCL Outbound-WS Inbound,Union,42
10/23/2018 19:44,DCL Outbound-WS Inbound,Main and Clarke IB,891
10/23/2018 19:46,DCL Outbound-WS Inbound,Main and Helen IB,891
10/23/2018 19:48,DCL Outbound-WS Inbound,Floral and Cleveland IB,891
10/23/2018 19:48,DCL Outbound-WS Inbound,Floral and Cleveland IB,891
10/23/2018 19:48,DCL Outbound-WS Inbound,Floral and Cleveland IB,891
10/23/2018 19:50,DCL Outbound-WS Inbound,Floral and Willow OB,891
10/23/2018 19:59,DCL Outbound-WS Inbound,Leroy St and Murray OB,42
