Start Date:10/18/2018 7:00 AM End Date:10/18/2018 8:00 PM,,,
DateTime,CorridorName,StopName,VehicleID
10/18/2018 7:18,DCL Outbound-WS Inbound,Hawley IB,890
10/18/2018 7:20,DCL Outbound-WS Inbound,Main and Front OB,890
10/18/2018 7:20,DCL Outbound-WS Inbound,Main and Front OB,890
10/18/2018 7:21,DCL Outbound-WS Inbound,Main and Murray IB,890
10/18/2018 7:21,DCL Outbound-WS Inbound,Main and Murray IB,890
10/18/2018 7:21,DCL Outbound-WS Inbound,Main and Murray IB,890
10/18/2018 7:21,DCL Outbound-WS Inbound,Main and Murray IB,890
10/18/2018 7:22,DCL Outbound-WS Inbound,Union,21
10/18/2018 7:22,DCL Outbound-WS Inbound,Union,21
10/18/2018 7:22,DCL Outbound-WS Inbound,Main and Mather,890
10/18/2018 7:22,DCL Outbound-WS Inbound,Main and Mather,890
10/18/2018 7:22,DCL Outbound-WS Inbound,Main and Mather,890
10/18/2018 7:23,DCL Outbound-WS Inbound,Main and Cedar IB,890
10/18/2018 7:23,DCL Outbound-WS Inbound,Main and Cedar IB,890
10/18/2018 7:23,DCL Outbound-WS Inbound,Main and Clarke IB,890
10/18/2018 7:28,DCL Outbound-WS Inbound,Floral and Cleveland IB,890
10/18/2018 7:28,DCL Outbound-WS Inbound,Floral and Cleveland IB,890
10/18/2018 7:41,DCL Outbound-WS Inbound,Main and Murray IB,21
10/18/2018 7:41,DCL Outbound-WS Inbound,Main and Murray IB,21
10/18/2018 7:42,DCL Outbound-WS Inbound,Main and Mather,21
10/18/2018 7:42,DCL Outbound-WS Inbound,Main and Mather,21
10/18/2018 7:43,DCL Outbound-WS Inbound,Main and Cedar OB,21
10/18/2018 7:44,DCL Outbound-WS Inbound,Main and Clarke IB,21
10/18/2018 7:44,DCL Outbound-WS Inbound,Main and Clarke IB,21
10/18/2018 7:44,DCL Outbound-WS Inbound,Main and Clarke IB,21
10/18/2018 7:45,DCL Outbound-WS Inbound,Main and Schiller IB,21
10/18/2018 7:47,DCL Outbound-WS Inbound,Hawley IB,528
10/18/2018 7:47,DCL Outbound-WS Inbound,Hawley IB,528
10/18/2018 7:47,DCL Outbound-WS Inbound,Hawley IB,528
10/18/2018 7:47,DCL Outbound-WS Inbound,Hawley IB,528
10/18/2018 7:47,DCL Outbound-WS Inbound,Hawley IB,528
10/18/2018 7:47,DCL Outbound-WS Inbound,Hawley IB,528
10/18/2018 7:48,DCL Outbound-WS Inbound,Floral and Main IB,21
10/18/2018 7:48,DCL Outbound-WS Inbound,Main and Murray IB,528
10/18/2018 7:49,DCL Outbound-WS Inbound,Floral and Cleveland IB,21
10/18/2018 7:49,DCL Outbound-WS Inbound,Main and Mather,528
10/18/2018 7:49,DCL Outbound-WS Inbound,Main and Mather,528
10/18/2018 7:49,DCL Outbound-WS Inbound,Floral and Cleveland IB,21
10/18/2018 7:50,DCL Outbound-WS Inbound,Main and Mather,528
10/18/2018 7:51,DCL Outbound-WS Inbound,Floral and Willow IB,21
10/18/2018 7:51,DCL Outbound-WS Inbound,Main and Cedar IB,528
10/18/2018 7:51,DCL Outbound-WS Inbound,Main and Cedar IB,528
10/18/2018 7:52,DCL Outbound-WS Inbound,Main and Clarke IB,528
10/18/2018 7:52,DCL Outbound-WS Inbound,Main and Clarke IB,528
10/18/2018 7:52,DCL Outbound-WS Inbound,Main and Schiller IB,528
10/18/2018 7:52,DCL Outbound-WS Inbound,Main and Schiller IB,528
10/18/2018 7:52,DCL Outbound-WS Inbound,Main and Schiller IB,528
10/18/2018 7:52,DCL Outbound-WS Inbound,Main and Schiller IB,528
10/18/2018 7:52,DCL Outbound-WS Inbound,Main and Schiller IB,528
10/18/2018 7:52,DCL Outbound-WS Inbound,Main and Schiller IB,528
10/18/2018 7:53,DCL Outbound-WS Inbound,Main and Schiller IB,528
10/18/2018 7:53,DCL Outbound-WS Inbound,Main and Schiller IB,528
10/18/2018 7:53,DCL Outbound-WS Inbound,Main and Schiller IB,528
10/18/2018 7:53,DCL Outbound-WS Inbound,Main and Schiller IB,528
10/18/2018 7:53,DCL Outbound-WS Inbound,Main and Schiller IB,528
10/18/2018 7:53,DCL Outbound-WS Inbound,Main and Schiller IB,528
10/18/2018 7:53,DCL Outbound-WS Inbound,Main and Schiller IB,528
10/18/2018 7:53,DCL Outbound-WS Inbound,Main and Schiller IB,528
10/18/2018 7:53,DCL Outbound-WS Inbound,Main and Schiller IB,528
10/18/2018 7:53,DCL Outbound-WS Inbound,Main and Schiller IB,528
10/18/2018 7:53,DCL Outbound-WS Inbound,Main and Schiller IB,528
10/18/2018 7:53,DCL Outbound-WS Inbound,Main and Schiller IB,528
10/18/2018 7:56,DCL Outbound-WS Inbound,Floral and Cleveland IB,528
10/18/2018 7:56,DCL Outbound-WS Inbound,Floral and Cleveland IB,528
10/18/2018 7:56,DCL Outbound-WS Inbound,Floral and Cleveland IB,528
10/18/2018 7:58,DCL Outbound-WS Inbound,Floral and Willow IB,528
10/18/2018 7:59,DCL Outbound-WS Inbound,Floral and Harrison IB,528
10/18/2018 8:14,DCL Outbound-WS Inbound,Union,43
10/18/2018 8:15,DCL Outbound-WS Inbound,Union,43
10/18/2018 8:15,DCL Outbound-WS Inbound,Union,43
10/18/2018 8:17,DCL Outbound-WS Inbound,Hawley IB,37
10/18/2018 8:17,DCL Outbound-WS Inbound,Hawley IB,37
10/18/2018 8:18,DCL Outbound-WS Inbound,Main and Murray IB,37
10/18/2018 8:19,DCL Outbound-WS Inbound,Main and Mather,37
10/18/2018 8:19,DCL Outbound-WS Inbound,Main and Mather,37
10/18/2018 8:20,DCL Outbound-WS Inbound,Main and Cedar IB,37
10/18/2018 8:20,DCL Outbound-WS Inbound,Main and Cedar IB,37
10/18/2018 8:20,DCL Outbound-WS Inbound,Main and Clarke IB,37
10/18/2018 8:20,DCL Outbound-WS Inbound,Main and Clarke IB,37
10/18/2018 8:21,DCL Outbound-WS Inbound,Main and Schiller IB,37
10/18/2018 8:21,DCL Outbound-WS Inbound,Main and Schiller IB,37
10/18/2018 8:21,DCL Outbound-WS Inbound,Main and Schiller IB,37
10/18/2018 8:21,DCL Outbound-WS Inbound,Main and Schiller IB,37
10/18/2018 8:21,DCL Outbound-WS Inbound,Main and Schiller IB,37
10/18/2018 8:21,DCL Outbound-WS Inbound,Main and Schiller IB,37
10/18/2018 8:21,DCL Outbound-WS Inbound,Main and Schiller IB,37
10/18/2018 8:21,DCL Outbound-WS Inbound,Main and Schiller IB,37
10/18/2018 8:21,DCL Outbound-WS Inbound,Main and Schiller IB,37
10/18/2018 8:21,DCL Outbound-WS Inbound,Main and Schiller IB,37
10/18/2018 8:37,DCL Outbound-WS Inbound,Hawley IB,43
10/18/2018 8:37,DCL Outbound-WS Inbound,Hawley IB,43
10/18/2018 8:40,DCL Outbound-WS Inbound,Main and Murray IB,43
10/18/2018 8:40,DCL Outbound-WS Inbound,Main and Murray IB,43
10/18/2018 8:41,DCL Outbound-WS Inbound,Main and Mather,43
10/18/2018 8:42,DCL Outbound-WS Inbound,Main and Clarke OB,43
10/18/2018 8:42,DCL Outbound-WS Inbound,Main and Clarke OB,43
10/18/2018 8:42,DCL Outbound-WS Inbound,Main and Clarke OB,43
10/18/2018 8:43,DCL Outbound-WS Inbound,Main and Schiller IB,43
10/18/2018 8:43,DCL Outbound-WS Inbound,Main and Schiller IB,43
10/18/2018 8:43,DCL Outbound-WS Inbound,Main and Schiller IB,43
10/18/2018 8:44,DCL Outbound-WS Inbound,Main and Helen IB,43
10/18/2018 8:44,DCL Outbound-WS Inbound,Main and Helen IB,43
10/18/2018 8:44,DCL Outbound-WS Inbound,Main and Helen IB,43
10/18/2018 8:45,DCL Outbound-WS Inbound,Main and Crary,43
10/18/2018 8:45,DCL Outbound-WS Inbound,Main and Crary,43
10/18/2018 8:49,DCL Outbound-WS Inbound,Main and Front OB,21
10/18/2018 8:50,DCL Outbound-WS Inbound,Main and Murray IB,21
10/18/2018 8:50,DCL Outbound-WS Inbound,Main and Murray IB,21
10/18/2018 8:50,DCL Outbound-WS Inbound,Main and Murray IB,21
10/18/2018 8:50,DCL Outbound-WS Inbound,Main and Mather,21
10/18/2018 8:50,DCL Outbound-WS Inbound,Main and Mather,21
10/18/2018 8:50,DCL Outbound-WS Inbound,Main and Mather,21
10/18/2018 8:51,DCL Outbound-WS Inbound,Main and Cedar IB,21
10/18/2018 8:52,DCL Outbound-WS Inbound,Main and Schiller IB,21
10/18/2018 8:52,DCL Outbound-WS Inbound,Main and Schiller IB,21
10/18/2018 9:03,DCL Outbound-WS Inbound,Main and Front OB,528
10/18/2018 9:04,DCL Outbound-WS Inbound,Main and Front OB,528
10/18/2018 9:05,DCL Outbound-WS Inbound,Main and Murray IB,528
10/18/2018 9:05,DCL Outbound-WS Inbound,Main and Murray IB,528
10/18/2018 9:05,DCL Outbound-WS Inbound,Main and Murray IB,528
10/18/2018 9:06,DCL Outbound-WS Inbound,Main and Cedar IB,528
10/18/2018 9:07,DCL Outbound-WS Inbound,Main and Schiller IB,528
10/18/2018 9:07,DCL Outbound-WS Inbound,Main and Schiller IB,528
10/18/2018 9:08,DCL Outbound-WS Inbound,Main and Schiller IB,528
10/18/2018 9:08,DCL Outbound-WS Inbound,Main and Schiller IB,528
10/18/2018 9:08,DCL Outbound-WS Inbound,Main and Schiller IB,528
10/18/2018 9:10,DCL Outbound-WS Inbound,Floral and Main OB,528
10/18/2018 9:13,DCL Outbound-WS Inbound,Union,37
10/18/2018 9:13,DCL Outbound-WS Inbound,Union,37
10/18/2018 9:14,DCL Outbound-WS Inbound,Union,37
10/18/2018 9:16,DCL Outbound-WS Inbound,Hawley IB,43
10/18/2018 9:16,DCL Outbound-WS Inbound,Hawley IB,43
10/18/2018 9:17,DCL Outbound-WS Inbound,Hawley IB,43
10/18/2018 9:17,DCL Outbound-WS Inbound,Hawley IB,43
10/18/2018 9:17,DCL Outbound-WS Inbound,Hawley IB,43
10/18/2018 9:17,DCL Outbound-WS Inbound,Hawley IB,43
10/18/2018 9:17,DCL Outbound-WS Inbound,Hawley IB,43
10/18/2018 9:18,DCL Outbound-WS Inbound,Main and Front OB,43
10/18/2018 9:18,DCL Outbound-WS Inbound,Main and Murray IB,43
10/18/2018 9:18,DCL Outbound-WS Inbound,Main and Murray IB,43
10/18/2018 9:18,DCL Outbound-WS Inbound,Main and Murray IB,43
10/18/2018 9:18,DCL Outbound-WS Inbound,Main and Murray IB,43
10/18/2018 9:19,DCL Outbound-WS Inbound,Main and Mather,43
10/18/2018 9:19,DCL Outbound-WS Inbound,Main and Mather,43
10/18/2018 9:20,DCL Outbound-WS Inbound,Union,528
10/18/2018 9:21,DCL Outbound-WS Inbound,Main and Cedar IB,43
10/18/2018 9:22,DCL Outbound-WS Inbound,Main and Clarke IB,43
10/18/2018 9:22,DCL Outbound-WS Inbound,Main and Clarke IB,43
10/18/2018 9:22,DCL Outbound-WS Inbound,Main and Clarke IB,43
10/18/2018 9:22,DCL Outbound-WS Inbound,Main and Clarke IB,43
10/18/2018 9:23,DCL Outbound-WS Inbound,Main and Schiller IB,43
10/18/2018 9:23,DCL Outbound-WS Inbound,Main and Schiller IB,43
10/18/2018 9:23,DCL Outbound-WS Inbound,Main and Schiller IB,43
10/18/2018 9:23,DCL Outbound-WS Inbound,Main and Schiller IB,43
10/18/2018 9:23,DCL Outbound-WS Inbound,Main and Schiller IB,43
10/18/2018 9:23,DCL Outbound-WS Inbound,Main and Schiller IB,43
10/18/2018 9:23,DCL Outbound-WS Inbound,Main and Schiller IB,43
10/18/2018 9:25,DCL Outbound-WS Inbound,Floral and Main IB,43
10/18/2018 9:26,DCL Outbound-WS Inbound,Leroy St and Chestnut OB,37
10/18/2018 9:26,DCL Outbound-WS Inbound,Floral and Cleveland IB,43
10/18/2018 9:26,DCL Outbound-WS Inbound,Floral and Cleveland IB,43
10/18/2018 9:26,DCL Outbound-WS Inbound,Floral and Cleveland IB,43
10/18/2018 9:26,DCL Outbound-WS Inbound,Leroy St and Murray OB,37
10/18/2018 9:27,DCL Outbound-WS Inbound,Floral and Cleveland OB,43
10/18/2018 9:27,DCL Outbound-WS Inbound,Floral and Burbank IB,43
10/18/2018 9:28,DCL Outbound-WS Inbound,Riverside and Front,37
10/18/2018 9:29,DCL Outbound-WS Inbound,Floral and Harrison IB,43
10/18/2018 9:29,DCL Outbound-WS Inbound,Floral and Cook,43
10/18/2018 9:30,DCL Outbound-WS Inbound,UDC IB,37
10/18/2018 9:31,DCL Outbound-WS Inbound,UDC IB,37
10/18/2018 9:33,DCL Outbound-WS Inbound,UDC IB,37
10/18/2018 9:34,DCL Outbound-WS Inbound,UDC IB,37
10/18/2018 9:34,DCL Outbound-WS Inbound,UDC IB,37
10/18/2018 9:35,DCL Outbound-WS Inbound,UDC IB,37
10/18/2018 9:38,DCL Outbound-WS Inbound,Hawley IB,37
10/18/2018 9:38,DCL Outbound-WS Inbound,Hawley IB,37
10/18/2018 9:38,DCL Outbound-WS Inbound,Hawley IB,37
10/18/2018 9:38,DCL Outbound-WS Inbound,Hawley IB,37
10/18/2018 9:38,DCL Outbound-WS Inbound,Hawley IB,37
10/18/2018 9:38,DCL Outbound-WS Inbound,Hawley IB,37
10/18/2018 9:39,DCL Outbound-WS Inbound,Main and Front OB,37
10/18/2018 9:40,DCL Outbound-WS Inbound,Main and Murray IB,37
10/18/2018 9:40,DCL Outbound-WS Inbound,Main and Murray IB,37
10/18/2018 9:40,DCL Outbound-WS Inbound,Main and Murray IB,37
10/18/2018 9:40,DCL Outbound-WS Inbound,Main and Murray IB,37
10/18/2018 9:40,DCL Outbound-WS Inbound,Main and Murray IB,37
10/18/2018 9:40,DCL Outbound-WS Inbound,Main and Murray IB,37
10/18/2018 9:40,DCL Outbound-WS Inbound,Main and Murray IB,37
10/18/2018 9:40,DCL Outbound-WS Inbound,Main and Murray IB,37
10/18/2018 9:40,DCL Outbound-WS Inbound,Main and Murray IB,37
10/18/2018 9:40,DCL Outbound-WS Inbound,Main and Murray IB,37
10/18/2018 9:40,DCL Outbound-WS Inbound,Main and Murray IB,37
10/18/2018 9:40,DCL Outbound-WS Inbound,Main and Murray IB,37
10/18/2018 9:40,DCL Outbound-WS Inbound,Main and Murray IB,37
10/18/2018 9:40,DCL Outbound-WS Inbound,Main and Murray IB,37
10/18/2018 9:41,DCL Outbound-WS Inbound,Main and Murray IB,37
10/18/2018 9:41,DCL Outbound-WS Inbound,Main and Murray IB,37
10/18/2018 9:41,DCL Outbound-WS Inbound,Main and Murray IB,37
10/18/2018 9:41,DCL Outbound-WS Inbound,Main and Murray IB,37
10/18/2018 9:41,DCL Outbound-WS Inbound,Main and Murray IB,37
10/18/2018 9:41,DCL Outbound-WS Inbound,Main and Murray IB,37
10/18/2018 9:41,DCL Outbound-WS Inbound,Main and Murray IB,37
10/18/2018 9:41,DCL Outbound-WS Inbound,Main and Murray IB,37
10/18/2018 9:42,DCL Outbound-WS Inbound,Main and Mather,37
10/18/2018 9:42,DCL Outbound-WS Inbound,Main and Mather,37
10/18/2018 9:42,DCL Outbound-WS Inbound,Main and Mather,37
10/18/2018 9:42,DCL Outbound-WS Inbound,Main and Mather,37
10/18/2018 9:42,DCL Outbound-WS Inbound,Main and Mather,37
10/18/2018 9:42,DCL Outbound-WS Inbound,Main and Mather,37
10/18/2018 9:42,DCL Outbound-WS Inbound,Main and Mather,37
10/18/2018 9:42,DCL Outbound-WS Inbound,Main and Mather,37
10/18/2018 9:42,DCL Outbound-WS Inbound,Main and Mather,37
10/18/2018 9:42,DCL Outbound-WS Inbound,Main and Mather,37
10/18/2018 9:42,DCL Outbound-WS Inbound,Main and Mather,37
10/18/2018 9:42,DCL Outbound-WS Inbound,Main and Mather,37
10/18/2018 9:42,DCL Outbound-WS Inbound,Union,21
10/18/2018 9:43,DCL Outbound-WS Inbound,Union,21
10/18/2018 9:43,DCL Outbound-WS Inbound,Main and Cedar IB,37
10/18/2018 9:43,DCL Outbound-WS Inbound,Main and Cedar IB,37
10/18/2018 9:43,DCL Outbound-WS Inbound,Main and Cedar IB,37
10/18/2018 9:43,DCL Outbound-WS Inbound,Main and Cedar IB,37
10/18/2018 9:43,DCL Outbound-WS Inbound,Main and Cedar IB,37
10/18/2018 9:43,DCL Outbound-WS Inbound,Union,21
10/18/2018 9:44,DCL Outbound-WS Inbound,Union,21
10/18/2018 9:45,DCL Outbound-WS Inbound,Main and Schiller IB,37
10/18/2018 9:45,DCL Outbound-WS Inbound,Main and Schiller IB,37
10/18/2018 9:45,DCL Outbound-WS Inbound,Main and Schiller IB,37
10/18/2018 9:46,DCL Outbound-WS Inbound,Union,21
10/18/2018 9:46,DCL Outbound-WS Inbound,Union,21
10/18/2018 9:49,DCL Outbound-WS Inbound,Physical Facilities,21
10/18/2018 10:03,DCL Outbound-WS Inbound,UDC IB,21
10/18/2018 10:03,DCL Outbound-WS Inbound,UDC IB,21
10/18/2018 10:04,DCL Outbound-WS Inbound,UDC IB,21
10/18/2018 10:04,DCL Outbound-WS Inbound,UDC IB,21
10/18/2018 10:09,DCL Outbound-WS Inbound,UDC,21
10/18/2018 10:09,DCL Outbound-WS Inbound,UDC,21
10/18/2018 10:11,DCL Outbound-WS Inbound,Hawley IB,21
10/18/2018 10:11,DCL Outbound-WS Inbound,Hawley IB,21
10/18/2018 10:11,DCL Outbound-WS Inbound,Hawley IB,21
10/18/2018 10:12,DCL Outbound-WS Inbound,Union,43
10/18/2018 10:12,DCL Outbound-WS Inbound,Union,43
10/18/2018 10:12,DCL Outbound-WS Inbound,Union,43
10/18/2018 10:12,DCL Outbound-WS Inbound,Union,43
10/18/2018 10:12,DCL Outbound-WS Inbound,Union,43
10/18/2018 10:12,DCL Outbound-WS Inbound,Union,43
10/18/2018 10:12,DCL Outbound-WS Inbound,Union,43
10/18/2018 10:12,DCL Outbound-WS Inbound,Main and Murray IB,21
10/18/2018 10:12,DCL Outbound-WS Inbound,Union,43
10/18/2018 10:13,DCL Outbound-WS Inbound,Union,43
10/18/2018 10:13,DCL Outbound-WS Inbound,Union,43
10/18/2018 10:13,DCL Outbound-WS Inbound,Main and Mather,21
10/18/2018 10:13,DCL Outbound-WS Inbound,Main and Mather,21
10/18/2018 10:13,DCL Outbound-WS Inbound,Main and Mather,21
10/18/2018 10:13,DCL Outbound-WS Inbound,Main and Mather,21
10/18/2018 10:13,DCL Outbound-WS Inbound,Main and Mather,21
10/18/2018 10:14,DCL Outbound-WS Inbound,Main and Cedar IB,21
10/18/2018 10:14,DCL Outbound-WS Inbound,Main and Cedar IB,21
10/18/2018 10:15,DCL Outbound-WS Inbound,Union,43
10/18/2018 10:15,DCL Outbound-WS Inbound,Main and Clarke IB,21
10/18/2018 10:16,DCL Outbound-WS Inbound,Union,43
10/18/2018 10:16,DCL Outbound-WS Inbound,Union,43
10/18/2018 10:16,DCL Outbound-WS Inbound,Main and Schiller IB,21
10/18/2018 10:16,DCL Outbound-WS Inbound,Main and Schiller IB,21
10/18/2018 10:16,DCL Outbound-WS Inbound,Union,43
10/18/2018 10:17,DCL Outbound-WS Inbound,Union,43
10/18/2018 10:17,DCL Outbound-WS Inbound,Union,43
10/18/2018 10:19,DCL Outbound-WS Inbound,Main and Crary,21
10/18/2018 10:20,DCL Outbound-WS Inbound,Physical Facilities,43
10/18/2018 10:20,DCL Outbound-WS Inbound,Floral and Main IB,21
10/18/2018 10:20,DCL Outbound-WS Inbound,Floral and Main IB,21
10/18/2018 10:20,DCL Outbound-WS Inbound,Main and Murray IB,528
10/18/2018 10:20,DCL Outbound-WS Inbound,Main and Murray IB,528
10/18/2018 10:22,DCL Outbound-WS Inbound,Main and Cedar IB,528
10/18/2018 10:28,DCL Outbound-WS Inbound,Union,21
10/18/2018 10:28,DCL Outbound-WS Inbound,Union,21
10/18/2018 10:28,DCL Outbound-WS Inbound,Union,21
10/18/2018 10:28,DCL Outbound-WS Inbound,Union,21
10/18/2018 10:28,DCL Outbound-WS Inbound,Union,21
10/18/2018 10:30,DCL Outbound-WS Inbound,Union,890
10/18/2018 10:30,DCL Outbound-WS Inbound,Union,890
10/18/2018 10:30,DCL Outbound-WS Inbound,Union,890
10/18/2018 10:30,DCL Outbound-WS Inbound,Union,890
10/18/2018 10:30,DCL Outbound-WS Inbound,Union,890
10/18/2018 10:31,DCL Outbound-WS Inbound,Union,890
10/18/2018 10:31,DCL Outbound-WS Inbound,Union,890
10/18/2018 10:31,DCL Outbound-WS Inbound,Union,890
10/18/2018 10:31,DCL Outbound-WS Inbound,Union,890
10/18/2018 10:32,DCL Outbound-WS Inbound,Union,890
10/18/2018 10:34,DCL Outbound-WS Inbound,Union,890
10/18/2018 10:36,DCL Outbound-WS Inbound,UDC IB,43
10/18/2018 10:37,DCL Outbound-WS Inbound,Hawley IB,43
10/18/2018 10:37,DCL Outbound-WS Inbound,Hawley IB,43
10/18/2018 10:38,DCL Outbound-WS Inbound,Main and Murray IB,43
10/18/2018 10:38,DCL Outbound-WS Inbound,Main and Murray IB,43
10/18/2018 10:39,DCL Outbound-WS Inbound,Main and Mather,43
10/18/2018 10:39,DCL Outbound-WS Inbound,Main and Mather,43
10/18/2018 10:40,DCL Outbound-WS Inbound,Main and Cedar IB,43
10/18/2018 10:40,DCL Outbound-WS Inbound,Main and Cedar IB,43
10/18/2018 10:41,DCL Outbound-WS Inbound,Main and Clarke IB,43
10/18/2018 10:41,DCL Outbound-WS Inbound,Main and Clarke IB,43
10/18/2018 10:41,DCL Outbound-WS Inbound,Main and Clarke IB,43
10/18/2018 10:42,DCL Outbound-WS Inbound,Main and Schiller IB,43
10/18/2018 10:42,DCL Outbound-WS Inbound,Main and Schiller IB,43
10/18/2018 10:42,DCL Outbound-WS Inbound,Main and Schiller IB,43
10/18/2018 10:42,DCL Outbound-WS Inbound,Main and Schiller IB,43
10/18/2018 10:44,DCL Outbound-WS Inbound,Main and Helen IB,43
10/18/2018 10:45,DCL Outbound-WS Inbound,Main and Crary,43
10/18/2018 10:46,DCL Outbound-WS Inbound,Floral and Cleveland IB,43
10/18/2018 10:48,DCL Outbound-WS Inbound,Floral and Harrison IB,43
10/18/2018 10:55,DCL Outbound-WS Inbound,Hawley IB,890
10/18/2018 10:55,DCL Outbound-WS Inbound,Hawley IB,890
10/18/2018 10:57,DCL Outbound-WS Inbound,Union,55
10/18/2018 10:57,DCL Outbound-WS Inbound,Union,55
10/18/2018 10:57,DCL Outbound-WS Inbound,Union,55
10/18/2018 10:57,DCL Outbound-WS Inbound,Union,55
10/18/2018 10:57,DCL Outbound-WS Inbound,Main and Front OB,890
10/18/2018 10:57,DCL Outbound-WS Inbound,Main and Front OB,890
10/18/2018 10:57,DCL Outbound-WS Inbound,Union,55
10/18/2018 10:57,DCL Outbound-WS Inbound,Union,55
10/18/2018 10:57,DCL Outbound-WS Inbound,Union,55
10/18/2018 10:57,DCL Outbound-WS Inbound,Union,55
10/18/2018 10:57,DCL Outbound-WS Inbound,Union,55
10/18/2018 10:57,DCL Outbound-WS Inbound,Union,55
10/18/2018 10:57,DCL Outbound-WS Inbound,Union,55
10/18/2018 10:57,DCL Outbound-WS Inbound,Union,55
10/18/2018 10:59,DCL Outbound-WS Inbound,Main and Murray IB,890
10/18/2018 10:59,DCL Outbound-WS Inbound,Main and Murray IB,890
10/18/2018 10:59,DCL Outbound-WS Inbound,Main and Murray IB,890
10/18/2018 10:59,DCL Outbound-WS Inbound,Main and Murray IB,890
10/18/2018 10:59,DCL Outbound-WS Inbound,Union,55
10/18/2018 11:00,DCL Outbound-WS Inbound,Main and Mather,890
10/18/2018 11:00,DCL Outbound-WS Inbound,UDC IB,37
10/18/2018 11:00,DCL Outbound-WS Inbound,UDC IB,37
10/18/2018 11:00,DCL Outbound-WS Inbound,UDC IB,37
10/18/2018 11:01,DCL Outbound-WS Inbound,UDC IB,37
10/18/2018 11:01,DCL Outbound-WS Inbound,Main and Cedar IB,890
10/18/2018 11:01,DCL Outbound-WS Inbound,Main and Cedar IB,890
10/18/2018 11:01,DCL Outbound-WS Inbound,Main and Cedar IB,890
10/18/2018 11:01,DCL Outbound-WS Inbound,Main and Cedar IB,890
10/18/2018 11:01,DCL Outbound-WS Inbound,Main and Cedar IB,890
10/18/2018 11:02,DCL Outbound-WS Inbound,Main and Clarke IB,890
10/18/2018 11:02,DCL Outbound-WS Inbound,Main and Clarke IB,890
10/18/2018 11:02,DCL Outbound-WS Inbound,Main and Clarke IB,890
10/18/2018 11:02,DCL Outbound-WS Inbound,Main and Clarke IB,890
10/18/2018 11:02,DCL Outbound-WS Inbound,Main and Clarke IB,890
10/18/2018 11:02,DCL Outbound-WS Inbound,Physical Facilities OB,55
10/18/2018 11:03,DCL Outbound-WS Inbound,Main and Schiller IB,890
10/18/2018 11:03,DCL Outbound-WS Inbound,Main and Schiller IB,890
10/18/2018 11:03,DCL Outbound-WS Inbound,Main and Schiller IB,890
10/18/2018 11:05,DCL Outbound-WS Inbound,Floral and Main IB,890
10/18/2018 11:06,DCL Outbound-WS Inbound,Floral and Cleveland IB,890
10/18/2018 11:06,DCL Outbound-WS Inbound,Floral and Cleveland IB,890
10/18/2018 11:06,DCL Outbound-WS Inbound,Floral and Cleveland IB,890
10/18/2018 11:08,DCL Outbound-WS Inbound,Hawley IB,37
10/18/2018 11:08,DCL Outbound-WS Inbound,Hawley IB,37
10/18/2018 11:08,DCL Outbound-WS Inbound,Hawley IB,37
10/18/2018 11:09,DCL Outbound-WS Inbound,Floral and Cook,890
10/18/2018 11:09,DCL Outbound-WS Inbound,Main and Front OB,37
10/18/2018 11:09,DCL Outbound-WS Inbound,Main and Front OB,37
10/18/2018 11:10,DCL Outbound-WS Inbound,Main and Murray IB,37
10/18/2018 11:10,DCL Outbound-WS Inbound,Main and Murray IB,37
10/18/2018 11:10,DCL Outbound-WS Inbound,Main and Murray IB,37
10/18/2018 11:10,DCL Outbound-WS Inbound,Main and Murray IB,37
10/18/2018 11:10,DCL Outbound-WS Inbound,Main and Murray IB,37
10/18/2018 11:10,DCL Outbound-WS Inbound,Main and Murray IB,37
10/18/2018 11:11,DCL Outbound-WS Inbound,Main and Mather,37
10/18/2018 11:11,DCL Outbound-WS Inbound,Main and Mather,37
10/18/2018 11:11,DCL Outbound-WS Inbound,Main and Mather,37
10/18/2018 11:11,DCL Outbound-WS Inbound,Main and Mather,37
10/18/2018 11:11,DCL Outbound-WS Inbound,Main and Mather,37
10/18/2018 11:11,DCL Outbound-WS Inbound,Main and Mather,37
10/18/2018 11:12,DCL Outbound-WS Inbound,Main and Cedar IB,37
10/18/2018 11:12,DCL Outbound-WS Inbound,Main and Cedar IB,37
10/18/2018 11:12,DCL Outbound-WS Inbound,Main and Cedar IB,37
10/18/2018 11:12,DCL Outbound-WS Inbound,Main and Clarke IB,37
10/18/2018 11:12,DCL Outbound-WS Inbound,Main and Clarke IB,37
10/18/2018 11:12,DCL Outbound-WS Inbound,Main and Clarke IB,37
10/18/2018 11:12,DCL Outbound-WS Inbound,Main and Clarke IB,37
10/18/2018 11:12,DCL Outbound-WS Inbound,Main and Clarke IB,37
10/18/2018 11:13,DCL Outbound-WS Inbound,Main and Schiller IB,37
10/18/2018 11:13,DCL Outbound-WS Inbound,Main and Schiller IB,37
10/18/2018 11:13,DCL Outbound-WS Inbound,Main and Schiller IB,37
10/18/2018 11:13,DCL Outbound-WS Inbound,Main and Schiller IB,37
10/18/2018 11:13,DCL Outbound-WS Inbound,Main and Schiller IB,37
10/18/2018 11:13,DCL Outbound-WS Inbound,Main and Schiller IB,37
10/18/2018 11:13,DCL Outbound-WS Inbound,Main and Schiller IB,37
10/18/2018 11:13,DCL Outbound-WS Inbound,Union,528
10/18/2018 11:13,DCL Outbound-WS Inbound,Union,528
10/18/2018 11:14,DCL Outbound-WS Inbound,Union,528
10/18/2018 11:14,DCL Outbound-WS Inbound,Leroy St and Murray OB,55
10/18/2018 11:15,DCL Outbound-WS Inbound,Union,528
10/18/2018 11:15,DCL Outbound-WS Inbound,Main and Crary,37
10/18/2018 11:16,DCL Outbound-WS Inbound,Floral and Main IB,37
10/18/2018 11:16,DCL Outbound-WS Inbound,Union,890
10/18/2018 11:16,DCL Outbound-WS Inbound,Union,890
10/18/2018 11:16,DCL Outbound-WS Inbound,Union,890
10/18/2018 11:16,DCL Outbound-WS Inbound,Union,890
10/18/2018 11:17,DCL Outbound-WS Inbound,Union,890
10/18/2018 11:17,DCL Outbound-WS Inbound,Union,890
10/18/2018 11:17,DCL Outbound-WS Inbound,Union,890
10/18/2018 11:17,DCL Outbound-WS Inbound,Union,890
10/18/2018 11:17,DCL Outbound-WS Inbound,Union,890
10/18/2018 11:17,DCL Outbound-WS Inbound,Floral and Cleveland IB,37
10/18/2018 11:17,DCL Outbound-WS Inbound,Floral and Cleveland IB,37
10/18/2018 11:17,DCL Outbound-WS Inbound,Union,890
10/18/2018 11:17,DCL Outbound-WS Inbound,Floral and Burbank IB,37
10/18/2018 11:18,DCL Outbound-WS Inbound,Floral and Burbank IB,37
10/18/2018 11:18,DCL Outbound-WS Inbound,Physical Facilities,528
10/18/2018 11:18,DCL Outbound-WS Inbound,UDC IB,55
10/18/2018 11:18,DCL Outbound-WS Inbound,Floral and Willow IB,37
10/18/2018 11:24,DCL Outbound-WS Inbound,Main and Front OB,55
10/18/2018 11:25,DCL Outbound-WS Inbound,Main and Murray IB,55
10/18/2018 11:25,DCL Outbound-WS Inbound,Main and Murray IB,55
10/18/2018 11:25,DCL Outbound-WS Inbound,Main and Murray IB,55
10/18/2018 11:25,DCL Outbound-WS Inbound,Main and Murray IB,55
10/18/2018 11:25,DCL Outbound-WS Inbound,Main and Murray IB,55
10/18/2018 11:26,DCL Outbound-WS Inbound,Main and Mather,55
10/18/2018 11:26,DCL Outbound-WS Inbound,UDC IB,21
10/18/2018 11:26,DCL Outbound-WS Inbound,UDC IB,21
10/18/2018 11:26,DCL Outbound-WS Inbound,Main and Mather,55
10/18/2018 11:26,DCL Outbound-WS Inbound,UDC IB,21
10/18/2018 11:26,DCL Outbound-WS Inbound,UDC IB,21
10/18/2018 11:27,DCL Outbound-WS Inbound,UDC IB,21
10/18/2018 11:27,DCL Outbound-WS Inbound,UDC IB,21
10/18/2018 11:27,DCL Outbound-WS Inbound,Main and Cedar IB,55
10/18/2018 11:27,DCL Outbound-WS Inbound,Main and Cedar IB,55
10/18/2018 11:27,DCL Outbound-WS Inbound,Main and Cedar IB,55
10/18/2018 11:28,DCL Outbound-WS Inbound,Main and Cedar IB,55
10/18/2018 11:28,DCL Outbound-WS Inbound,UDC IB,21
10/18/2018 11:28,DCL Outbound-WS Inbound,Main and Clarke IB,55
10/18/2018 11:28,DCL Outbound-WS Inbound,Main and Clarke IB,55
10/18/2018 11:29,DCL Outbound-WS Inbound,UDC IB,21
10/18/2018 11:29,DCL Outbound-WS Inbound,Main and Schiller IB,55
10/18/2018 11:29,DCL Outbound-WS Inbound,Main and Schiller IB,55
10/18/2018 11:29,DCL Outbound-WS Inbound,Union,43
10/18/2018 11:29,DCL Outbound-WS Inbound,Union,43
10/18/2018 11:29,DCL Outbound-WS Inbound,Main and Schiller IB,55
10/18/2018 11:29,DCL Outbound-WS Inbound,Main and Schiller IB,55
10/18/2018 11:29,DCL Outbound-WS Inbound,Union,43
10/18/2018 11:29,DCL Outbound-WS Inbound,Main and Schiller IB,55
10/18/2018 11:29,DCL Outbound-WS Inbound,Union,43
10/18/2018 11:29,DCL Outbound-WS Inbound,UDC IB,21
10/18/2018 11:29,DCL Outbound-WS Inbound,Union,43
10/18/2018 11:29,DCL Outbound-WS Inbound,Union,43
10/18/2018 11:29,DCL Outbound-WS Inbound,Union,43
10/18/2018 11:30,DCL Outbound-WS Inbound,UDC IB,21
10/18/2018 11:30,DCL Outbound-WS Inbound,UDC IB,21
10/18/2018 11:30,DCL Outbound-WS Inbound,Union,43
10/18/2018 11:31,DCL Outbound-WS Inbound,Union,43
10/18/2018 11:31,DCL Outbound-WS Inbound,Union,43
10/18/2018 11:31,DCL Outbound-WS Inbound,Union,43
10/18/2018 11:31,DCL Outbound-WS Inbound,Union,43
10/18/2018 11:31,DCL Outbound-WS Inbound,Union,43
10/18/2018 11:31,DCL Outbound-WS Inbound,Main and Helen IB,55
10/18/2018 11:31,DCL Outbound-WS Inbound,Main and Helen IB,55
10/18/2018 11:32,DCL Outbound-WS Inbound,Hawley IB,21
10/18/2018 11:32,DCL Outbound-WS Inbound,Hawley IB,21
10/18/2018 11:32,DCL Outbound-WS Inbound,Hawley IB,21
10/18/2018 11:33,DCL Outbound-WS Inbound,Floral and Main IB,55
10/18/2018 11:33,DCL Outbound-WS Inbound,Floral and Cleveland IB,55
10/18/2018 11:34,DCL Outbound-WS Inbound,Floral and Cleveland IB,55
10/18/2018 11:34,DCL Outbound-WS Inbound,UDC IB,528
10/18/2018 11:34,DCL Outbound-WS Inbound,Main and Murray IB,21
10/18/2018 11:34,DCL Outbound-WS Inbound,UDC IB,528
10/18/2018 11:34,DCL Outbound-WS Inbound,Floral and Willow IB,55
10/18/2018 11:35,DCL Outbound-WS Inbound,UDC IB,528
10/18/2018 11:35,DCL Outbound-WS Inbound,Main and Mather,21
10/18/2018 11:35,DCL Outbound-WS Inbound,Floral and St. Charles,55
10/18/2018 11:36,DCL Outbound-WS Inbound,Main and Cedar IB,21
10/18/2018 11:36,DCL Outbound-WS Inbound,Physical Facilities,43
10/18/2018 11:36,DCL Outbound-WS Inbound,Physical Facilities,43
10/18/2018 11:37,DCL Outbound-WS Inbound,Hawley IB,528
10/18/2018 11:38,DCL Outbound-WS Inbound,Main and Schiller IB,21
10/18/2018 11:38,DCL Outbound-WS Inbound,Main and Murray IB,528
10/18/2018 11:40,DCL Outbound-WS Inbound,UDC,890
10/18/2018 11:40,DCL Outbound-WS Inbound,UDC,890
10/18/2018 11:40,DCL Outbound-WS Inbound,UDC,890
10/18/2018 11:40,DCL Outbound-WS Inbound,UDC,890
10/18/2018 11:40,DCL Outbound-WS Inbound,UDC,890
10/18/2018 11:41,DCL Outbound-WS Inbound,Floral and Main IB,21
10/18/2018 11:41,DCL Outbound-WS Inbound,Riverside and Ethel OB,43
10/18/2018 11:41,DCL Outbound-WS Inbound,Main and Schiller IB,528
10/18/2018 11:41,DCL Outbound-WS Inbound,Main and Schiller IB,528
10/18/2018 11:41,DCL Outbound-WS Inbound,UDC,890
10/18/2018 11:41,DCL Outbound-WS Inbound,Main and Schiller IB,528
10/18/2018 11:41,DCL Outbound-WS Inbound,Floral and Cleveland IB,21
10/18/2018 11:42,DCL Outbound-WS Inbound,UDC,890
10/18/2018 11:42,DCL Outbound-WS Inbound,UDC,890
10/18/2018 11:43,DCL Outbound-WS Inbound,Union,37
10/18/2018 11:43,DCL Outbound-WS Inbound,Union,37
10/18/2018 11:43,DCL Outbound-WS Inbound,Union,37
10/18/2018 11:43,DCL Outbound-WS Inbound,Union,37
10/18/2018 11:43,DCL Outbound-WS Inbound,Union,37
10/18/2018 11:43,DCL Outbound-WS Inbound,Union,37
10/18/2018 11:43,DCL Outbound-WS Inbound,Union,37
10/18/2018 11:43,DCL Outbound-WS Inbound,Union,37
10/18/2018 11:43,DCL Outbound-WS Inbound,Union,37
10/18/2018 11:43,DCL Outbound-WS Inbound,Union,37
10/18/2018 11:43,DCL Outbound-WS Inbound,Union,37
10/18/2018 11:43,DCL Outbound-WS Inbound,Union,37
10/18/2018 11:43,DCL Outbound-WS Inbound,Floral and Cook,21
10/18/2018 11:43,DCL Outbound-WS Inbound,Union,37
10/18/2018 11:43,DCL Outbound-WS Inbound,Union,37
10/18/2018 11:43,DCL Outbound-WS Inbound,Union,37
10/18/2018 11:43,DCL Outbound-WS Inbound,Union,37
10/18/2018 11:43,DCL Outbound-WS Inbound,Union,37
10/18/2018 11:43,DCL Outbound-WS Inbound,Union,37
10/18/2018 11:43,DCL Outbound-WS Inbound,Union,37
10/18/2018 11:44,DCL Outbound-WS Inbound,Union,37
10/18/2018 11:44,DCL Outbound-WS Inbound,Union,37
10/18/2018 11:44,DCL Outbound-WS Inbound,Union,37
10/18/2018 11:44,DCL Outbound-WS Inbound,Union,37
10/18/2018 11:44,DCL Outbound-WS Inbound,Union,37
10/18/2018 11:44,DCL Outbound-WS Inbound,Union,37
10/18/2018 11:44,DCL Outbound-WS Inbound,Union,37
10/18/2018 11:44,DCL Outbound-WS Inbound,Union,37
10/18/2018 11:44,DCL Outbound-WS Inbound,Union,37
10/18/2018 11:44,DCL Outbound-WS Inbound,Union,37
10/18/2018 11:44,DCL Outbound-WS Inbound,Union,37
10/18/2018 11:44,DCL Outbound-WS Inbound,Union,37
10/18/2018 11:44,DCL Outbound-WS Inbound,Union,37
10/18/2018 11:44,DCL Outbound-WS Inbound,Union,37
10/18/2018 11:44,DCL Outbound-WS Inbound,Union,37
10/18/2018 11:44,DCL Outbound-WS Inbound,Union,37
10/18/2018 11:45,DCL Outbound-WS Inbound,Leroy St and Front,890
10/18/2018 11:45,DCL Outbound-WS Inbound,Union,37
10/18/2018 11:45,DCL Outbound-WS Inbound,Leroy St and Murray IB,890
10/18/2018 11:45,DCL Outbound-WS Inbound,Leroy St and Murray IB,890
10/18/2018 11:46,DCL Outbound-WS Inbound,Leroy St and Murray IB,890
10/18/2018 11:46,DCL Outbound-WS Inbound,Leroy St and Murray IB,890
10/18/2018 11:46,DCL Outbound-WS Inbound,Leroy St and Murray IB,890
10/18/2018 11:46,DCL Outbound-WS Inbound,Leroy St and Chestnut IB,890
10/18/2018 11:46,DCL Outbound-WS Inbound,Leroy St and Chestnut IB,890
10/18/2018 11:53,DCL Outbound-WS Inbound,Hawley IB,43
10/18/2018 11:53,DCL Outbound-WS Inbound,Hawley IB,43
10/18/2018 11:54,DCL Outbound-WS Inbound,Hawley IB,43
10/18/2018 11:54,DCL Outbound-WS Inbound,Main and Front OB,43
10/18/2018 11:55,DCL Outbound-WS Inbound,Main and Front OB,43
10/18/2018 11:55,DCL Outbound-WS Inbound,Main and Murray OB,43
10/18/2018 11:57,DCL Outbound-WS Inbound,Main and Mather,43
10/18/2018 11:57,DCL Outbound-WS Inbound,Main and Mather,43
10/18/2018 11:57,DCL Outbound-WS Inbound,Main and Mather,43
10/18/2018 12:00,DCL Outbound-WS Inbound,Main and Clarke OB,43
10/18/2018 12:00,DCL Outbound-WS Inbound,Main and Clarke OB,43
10/18/2018 12:00,DCL Outbound-WS Inbound,Main and Clarke OB,43
10/18/2018 12:00,DCL Outbound-WS Inbound,Main and Clarke OB,43
10/18/2018 12:00,DCL Outbound-WS Inbound,UDC,37
10/18/2018 12:00,DCL Outbound-WS Inbound,UDC,37
10/18/2018 12:01,DCL Outbound-WS Inbound,Main and Schiller IB,43
10/18/2018 12:01,DCL Outbound-WS Inbound,Main and Schiller IB,43
10/18/2018 12:01,DCL Outbound-WS Inbound,Main and Schiller IB,43
10/18/2018 12:01,DCL Outbound-WS Inbound,Main and Schiller IB,43
10/18/2018 12:01,DCL Outbound-WS Inbound,Main and Schiller IB,43
10/18/2018 12:01,DCL Outbound-WS Inbound,Main and Schiller IB,43
10/18/2018 12:02,DCL Outbound-WS Inbound,Union,889
10/18/2018 12:02,DCL Outbound-WS Inbound,Union,889
10/18/2018 12:02,DCL Outbound-WS Inbound,Union,889
10/18/2018 12:02,DCL Outbound-WS Inbound,Union,889
10/18/2018 12:02,DCL Outbound-WS Inbound,Union,889
10/18/2018 12:02,DCL Outbound-WS Inbound,Union,889
10/18/2018 12:02,DCL Outbound-WS Inbound,Union,21
10/18/2018 12:02,DCL Outbound-WS Inbound,Union,889
10/18/2018 12:02,DCL Outbound-WS Inbound,Union,21
10/18/2018 12:02,DCL Outbound-WS Inbound,Union,21
10/18/2018 12:02,DCL Outbound-WS Inbound,Union,21
10/18/2018 12:02,DCL Outbound-WS Inbound,Union,21
10/18/2018 12:03,DCL Outbound-WS Inbound,Union,21
10/18/2018 12:03,DCL Outbound-WS Inbound,Union,21
10/18/2018 12:03,DCL Outbound-WS Inbound,Main and Helen IB,43
10/18/2018 12:06,DCL Outbound-WS Inbound,Floral and Willow OB,43
10/18/2018 12:06,DCL Outbound-WS Inbound,Floral and Roberts OB,43
10/18/2018 12:07,DCL Outbound-WS Inbound,Main and Front OB,37
10/18/2018 12:09,DCL Outbound-WS Inbound,Main and Murray IB,37
10/18/2018 12:09,DCL Outbound-WS Inbound,Main and Murray IB,37
10/18/2018 12:09,DCL Outbound-WS Inbound,Main and Murray IB,37
10/18/2018 12:11,DCL Outbound-WS Inbound,Main and Clarke OB,37
10/18/2018 12:12,DCL Outbound-WS Inbound,Union,528
10/18/2018 12:12,DCL Outbound-WS Inbound,Union,528
10/18/2018 12:12,DCL Outbound-WS Inbound,Union,528
10/18/2018 12:12,DCL Outbound-WS Inbound,Union,528
10/18/2018 12:13,DCL Outbound-WS Inbound,Union,528
10/18/2018 12:13,DCL Outbound-WS Inbound,Main and Schiller IB,37
10/18/2018 12:13,DCL Outbound-WS Inbound,Union,528
10/18/2018 12:13,DCL Outbound-WS Inbound,Union,528
10/18/2018 12:20,DCL Outbound-WS Inbound,UDC IB,889
10/18/2018 12:25,DCL Outbound-WS Inbound,Main and Front OB,889
10/18/2018 12:27,DCL Outbound-WS Inbound,Main and Murray IB,889
10/18/2018 12:27,DCL Outbound-WS Inbound,Main and Murray IB,889
10/18/2018 12:27,DCL Outbound-WS Inbound,Main and Murray IB,889
10/18/2018 12:28,DCL Outbound-WS Inbound,Main and Mather,889
10/18/2018 12:28,DCL Outbound-WS Inbound,Main and Mather,889
10/18/2018 12:28,DCL Outbound-WS Inbound,Main and Mather,889
10/18/2018 12:29,DCL Outbound-WS Inbound,Main and Cedar IB,889
10/18/2018 12:29,DCL Outbound-WS Inbound,Main and Cedar IB,889
10/18/2018 12:29,DCL Outbound-WS Inbound,Main and Cedar IB,889
10/18/2018 12:30,DCL Outbound-WS Inbound,Main and Clarke IB,889
10/18/2018 12:30,DCL Outbound-WS Inbound,Main and Clarke IB,889
10/18/2018 12:31,DCL Outbound-WS Inbound,Main and Schiller IB,889
10/18/2018 12:31,DCL Outbound-WS Inbound,Main and Schiller IB,889
10/18/2018 12:31,DCL Outbound-WS Inbound,Main and Schiller IB,889
10/18/2018 12:31,DCL Outbound-WS Inbound,Main and Schiller IB,889
10/18/2018 12:31,DCL Outbound-WS Inbound,Main and Schiller IB,889
10/18/2018 12:31,DCL Outbound-WS Inbound,Union,55
10/18/2018 12:31,DCL Outbound-WS Inbound,Main and Schiller IB,889
10/18/2018 12:31,DCL Outbound-WS Inbound,Main and Schiller IB,889
10/18/2018 12:31,DCL Outbound-WS Inbound,Main and Schiller IB,889
10/18/2018 12:31,DCL Outbound-WS Inbound,Main and Schiller IB,889
10/18/2018 12:31,DCL Outbound-WS Inbound,Main and Schiller IB,889
10/18/2018 12:31,DCL Outbound-WS Inbound,Main and Schiller IB,889
10/18/2018 12:31,DCL Outbound-WS Inbound,Main and Schiller IB,889
10/18/2018 12:32,DCL Outbound-WS Inbound,Main and Schiller IB,889
10/18/2018 12:32,DCL Outbound-WS Inbound,Main and Schiller IB,889
10/18/2018 12:32,DCL Outbound-WS Inbound,Main and Schiller IB,889
10/18/2018 12:32,DCL Outbound-WS Inbound,Riverside and Front,528
10/18/2018 12:33,DCL Outbound-WS Inbound,Main and Helen IB,889
10/18/2018 12:34,DCL Outbound-WS Inbound,UDC IB,528
10/18/2018 12:34,DCL Outbound-WS Inbound,UDC IB,528
10/18/2018 12:34,DCL Outbound-WS Inbound,UDC IB,528
10/18/2018 12:34,DCL Outbound-WS Inbound,UDC IB,528
10/18/2018 12:35,DCL Outbound-WS Inbound,UDC IB,528
10/18/2018 12:35,DCL Outbound-WS Inbound,UDC IB,528
10/18/2018 12:35,DCL Outbound-WS Inbound,Floral and Main IB,889
10/18/2018 12:36,DCL Outbound-WS Inbound,Floral and Burbank IB,889
10/18/2018 12:36,DCL Outbound-WS Inbound,Floral and Burbank IB,889
10/18/2018 12:38,DCL Outbound-WS Inbound,Floral and Cook,889
10/18/2018 12:40,DCL Outbound-WS Inbound,Main and Front OB,528
10/18/2018 12:40,DCL Outbound-WS Inbound,Main and Front OB,528
10/18/2018 12:40,DCL Outbound-WS Inbound,Main and Front OB,528
10/18/2018 12:40,DCL Outbound-WS Inbound,Main and Front OB,528
10/18/2018 12:42,DCL Outbound-WS Inbound,Main and Murray IB,528
10/18/2018 12:42,DCL Outbound-WS Inbound,Main and Murray IB,528
10/18/2018 12:42,DCL Outbound-WS Inbound,Main and Murray IB,528
10/18/2018 12:42,DCL Outbound-WS Inbound,Main and Murray IB,528
10/18/2018 12:42,DCL Outbound-WS Inbound,Main and Murray IB,528
10/18/2018 12:42,DCL Outbound-WS Inbound,Main and Murray IB,528
10/18/2018 12:42,DCL Outbound-WS Inbound,Main and Murray IB,528
10/18/2018 12:42,DCL Outbound-WS Inbound,Main and Murray IB,528
10/18/2018 12:42,DCL Outbound-WS Inbound,Main and Murray IB,528
10/18/2018 12:42,DCL Outbound-WS Inbound,Main and Murray IB,528
10/18/2018 12:42,DCL Outbound-WS Inbound,Main and Murray IB,528
10/18/2018 12:42,DCL Outbound-WS Inbound,Main and Murray IB,528
10/18/2018 12:42,DCL Outbound-WS Inbound,Main and Murray IB,528
10/18/2018 12:42,DCL Outbound-WS Inbound,Main and Murray IB,528
10/18/2018 12:43,DCL Outbound-WS Inbound,Main and Mather,528
10/18/2018 12:43,DCL Outbound-WS Inbound,Main and Mather,528
10/18/2018 12:43,DCL Outbound-WS Inbound,Main and Mather,528
10/18/2018 12:43,DCL Outbound-WS Inbound,Main and Mather,528
10/18/2018 12:43,DCL Outbound-WS Inbound,Main and Mather,528
10/18/2018 12:43,DCL Outbound-WS Inbound,Main and Mather,528
10/18/2018 12:44,DCL Outbound-WS Inbound,Main and Mather,528
10/18/2018 12:44,DCL Outbound-WS Inbound,Main and Mather,528
10/18/2018 12:44,DCL Outbound-WS Inbound,Main and Cedar IB,528
10/18/2018 12:44,DCL Outbound-WS Inbound,Main and Cedar IB,528
10/18/2018 12:44,DCL Outbound-WS Inbound,Main and Cedar IB,528
10/18/2018 12:45,DCL Outbound-WS Inbound,Main and Cedar IB,528
10/18/2018 12:45,DCL Outbound-WS Inbound,Main and Cedar IB,528
10/18/2018 12:45,DCL Outbound-WS Inbound,Main and Clarke OB,528
10/18/2018 12:45,DCL Outbound-WS Inbound,Main and Clarke OB,528
10/18/2018 12:45,DCL Outbound-WS Inbound,Main and Clarke OB,528
10/18/2018 12:45,DCL Outbound-WS Inbound,Main and Clarke OB,528
10/18/2018 12:45,DCL Outbound-WS Inbound,Main and Clarke OB,528
10/18/2018 12:45,DCL Outbound-WS Inbound,Main and Clarke OB,528
10/18/2018 12:45,DCL Outbound-WS Inbound,Main and Clarke OB,528
10/18/2018 12:45,DCL Outbound-WS Inbound,Main and Clarke OB,528
10/18/2018 12:46,DCL Outbound-WS Inbound,Main and Schiller IB,528
10/18/2018 12:46,DCL Outbound-WS Inbound,Main and Schiller IB,528
10/18/2018 12:46,DCL Outbound-WS Inbound,Main and Schiller IB,528
10/18/2018 12:46,DCL Outbound-WS Inbound,Main and Schiller IB,528
10/18/2018 12:47,DCL Outbound-WS Inbound,Main and Schiller IB,528
10/18/2018 12:47,DCL Outbound-WS Inbound,Main and Schiller IB,528
10/18/2018 12:47,DCL Outbound-WS Inbound,Main and Schiller IB,528
10/18/2018 12:47,DCL Outbound-WS Inbound,Main and Schiller IB,528
10/18/2018 12:50,DCL Outbound-WS Inbound,UDC IB,55
10/18/2018 12:50,DCL Outbound-WS Inbound,UDC IB,55
10/18/2018 12:51,DCL Outbound-WS Inbound,Hawley IB,55
10/18/2018 12:52,DCL Outbound-WS Inbound,Hawley IB,55
10/18/2018 12:52,DCL Outbound-WS Inbound,Hawley IB,55
10/18/2018 12:52,DCL Outbound-WS Inbound,Hawley IB,55
10/18/2018 12:52,DCL Outbound-WS Inbound,Hawley IB,55
10/18/2018 12:53,DCL Outbound-WS Inbound,Main and Front OB,55
10/18/2018 12:53,DCL Outbound-WS Inbound,Main and Front OB,55
10/18/2018 12:54,DCL Outbound-WS Inbound,Main and Murray IB,55
10/18/2018 12:54,DCL Outbound-WS Inbound,Main and Murray IB,55
10/18/2018 12:54,DCL Outbound-WS Inbound,Main and Murray IB,55
10/18/2018 12:54,DCL Outbound-WS Inbound,Main and Murray IB,55
10/18/2018 12:54,DCL Outbound-WS Inbound,Main and Murray IB,55
10/18/2018 12:54,DCL Outbound-WS Inbound,Main and Murray IB,55
10/18/2018 12:54,DCL Outbound-WS Inbound,Main and Murray IB,55
10/18/2018 12:54,DCL Outbound-WS Inbound,Main and Murray IB,55
10/18/2018 12:54,DCL Outbound-WS Inbound,Main and Murray IB,55
10/18/2018 12:55,DCL Outbound-WS Inbound,Main and Mather,55
10/18/2018 12:55,DCL Outbound-WS Inbound,Main and Mather,55
10/18/2018 12:56,DCL Outbound-WS Inbound,Main and Cedar IB,55
10/18/2018 12:57,DCL Outbound-WS Inbound,Main and Clarke IB,55
10/18/2018 12:57,DCL Outbound-WS Inbound,Main and Clarke IB,55
10/18/2018 12:58,DCL Outbound-WS Inbound,Main and Schiller IB,55
10/18/2018 12:58,DCL Outbound-WS Inbound,Main and Schiller IB,55
10/18/2018 12:59,DCL Outbound-WS Inbound,Main and Helen IB,55
10/18/2018 12:59,DCL Outbound-WS Inbound,Main and Helen IB,55
10/18/2018 13:00,DCL Outbound-WS Inbound,Main and Crestmont IB,55
10/18/2018 13:00,DCL Outbound-WS Inbound,Main and Crestmont IB,55
10/18/2018 13:00,DCL Outbound-WS Inbound,Main and Crestmont IB,55
10/18/2018 13:01,DCL Outbound-WS Inbound,Leroy St and Chestnut OB,21
10/18/2018 13:02,DCL Outbound-WS Inbound,Leroy St and Murray OB,21
10/18/2018 13:02,DCL Outbound-WS Inbound,Floral and Cleveland IB,55
10/18/2018 13:02,DCL Outbound-WS Inbound,Floral and Cleveland IB,55
10/18/2018 13:03,DCL Outbound-WS Inbound,Floral and Roberts IB,55
10/18/2018 13:06,DCL Outbound-WS Inbound,UDC IB,21
10/18/2018 13:07,DCL Outbound-WS Inbound,UDC IB,21
10/18/2018 13:07,DCL Outbound-WS Inbound,UDC IB,21
10/18/2018 13:10,DCL Outbound-WS Inbound,Hawley IB,21
10/18/2018 13:12,DCL Outbound-WS Inbound,Main and Murray IB,21
10/18/2018 13:12,DCL Outbound-WS Inbound,Main and Murray IB,21
10/18/2018 13:13,DCL Outbound-WS Inbound,Main and Mather,21
10/18/2018 13:13,DCL Outbound-WS Inbound,Main and Mather,21
10/18/2018 13:13,DCL Outbound-WS Inbound,Main and Mather,21
10/18/2018 13:15,DCL Outbound-WS Inbound,Main and Clarke IB,21
10/18/2018 13:16,DCL Outbound-WS Inbound,Main and Schiller IB,21
10/18/2018 13:16,DCL Outbound-WS Inbound,Main and Schiller IB,21
10/18/2018 13:16,DCL Outbound-WS Inbound,Main and Schiller IB,21
10/18/2018 13:16,DCL Outbound-WS Inbound,Main and Schiller IB,21
10/18/2018 13:16,DCL Outbound-WS Inbound,Main and Schiller IB,21
10/18/2018 13:18,DCL Outbound-WS Inbound,Main and Helen IB,21
10/18/2018 13:19,DCL Outbound-WS Inbound,Floral and Main IB,21
10/18/2018 13:24,DCL Outbound-WS Inbound,Physical Facilities,37
10/18/2018 13:29,DCL Outbound-WS Inbound,Union,21
10/18/2018 13:29,DCL Outbound-WS Inbound,Union,21
10/18/2018 13:30,DCL Outbound-WS Inbound,Union,21
10/18/2018 13:30,DCL Outbound-WS Inbound,Union,21
10/18/2018 13:30,DCL Outbound-WS Inbound,Union,21
10/18/2018 13:30,DCL Outbound-WS Inbound,Union,21
10/18/2018 13:30,DCL Outbound-WS Inbound,Union,21
10/18/2018 13:30,DCL Outbound-WS Inbound,Union,21
10/18/2018 13:30,DCL Outbound-WS Inbound,Union,21
10/18/2018 13:30,DCL Outbound-WS Inbound,Union,21
10/18/2018 13:30,DCL Outbound-WS Inbound,Union,21
10/18/2018 13:30,DCL Outbound-WS Inbound,Union,21
10/18/2018 13:38,DCL Outbound-WS Inbound,Leroy St and Murray OB,37
10/18/2018 13:44,DCL Outbound-WS Inbound,Union,528
10/18/2018 13:44,DCL Outbound-WS Inbound,Union,528
10/18/2018 13:44,DCL Outbound-WS Inbound,Union,528
10/18/2018 13:44,DCL Outbound-WS Inbound,Union,528
10/18/2018 13:44,DCL Outbound-WS Inbound,Union,528
10/18/2018 13:44,DCL Outbound-WS Inbound,Union,528
10/18/2018 13:44,DCL Outbound-WS Inbound,Union,528
10/18/2018 13:44,DCL Outbound-WS Inbound,Union,528
10/18/2018 13:44,DCL Outbound-WS Inbound,Hawley IB,37
10/18/2018 13:44,DCL Outbound-WS Inbound,Hawley IB,37
10/18/2018 13:44,DCL Outbound-WS Inbound,Hawley IB,37
10/18/2018 13:44,DCL Outbound-WS Inbound,Union,528
10/18/2018 13:45,DCL Outbound-WS Inbound,Union,528
10/18/2018 13:45,DCL Outbound-WS Inbound,Main and Front IB,37
10/18/2018 13:46,DCL Outbound-WS Inbound,Main and Front IB,37
10/18/2018 13:47,DCL Outbound-WS Inbound,Main and Murray IB,37
10/18/2018 13:47,DCL Outbound-WS Inbound,Main and Murray IB,37
10/18/2018 13:47,DCL Outbound-WS Inbound,Main and Murray IB,37
10/18/2018 13:47,DCL Outbound-WS Inbound,Main and Murray IB,37
10/18/2018 13:48,DCL Outbound-WS Inbound,Main and Mather,37
10/18/2018 13:48,DCL Outbound-WS Inbound,Main and Mather,37
10/18/2018 13:48,DCL Outbound-WS Inbound,Main and Mather,37
10/18/2018 13:48,DCL Outbound-WS Inbound,Main and Mather,37
10/18/2018 13:49,DCL Outbound-WS Inbound,Main and Cedar IB,37
10/18/2018 13:49,DCL Outbound-WS Inbound,Main and Cedar IB,37
10/18/2018 13:49,DCL Outbound-WS Inbound,Main and Cedar IB,37
10/18/2018 13:49,DCL Outbound-WS Inbound,Main and Cedar IB,37
10/18/2018 13:51,DCL Outbound-WS Inbound,Main and Schiller IB,37
10/18/2018 13:51,DCL Outbound-WS Inbound,Main and Schiller IB,37
10/18/2018 13:51,DCL Outbound-WS Inbound,Main and Schiller IB,37
10/18/2018 13:51,DCL Outbound-WS Inbound,Main and Schiller IB,37
10/18/2018 13:51,DCL Outbound-WS Inbound,Main and Schiller IB,37
10/18/2018 13:54,DCL Outbound-WS Inbound,Floral and Cleveland IB,37
10/18/2018 14:03,DCL Outbound-WS Inbound,Union,37
10/18/2018 14:03,DCL Outbound-WS Inbound,Union,37
10/18/2018 14:03,DCL Outbound-WS Inbound,Union,37
10/18/2018 14:04,DCL Outbound-WS Inbound,Union,37
10/18/2018 14:04,DCL Outbound-WS Inbound,Union,37
10/18/2018 14:04,DCL Outbound-WS Inbound,Union,37
10/18/2018 14:04,DCL Outbound-WS Inbound,Union,37
10/18/2018 14:04,DCL Outbound-WS Inbound,Union,37
10/18/2018 14:04,DCL Outbound-WS Inbound,Union,37
10/18/2018 14:07,DCL Outbound-WS Inbound,UDC IB,528
10/18/2018 14:07,DCL Outbound-WS Inbound,UDC IB,528
10/18/2018 14:07,DCL Outbound-WS Inbound,UDC IB,528
10/18/2018 14:07,DCL Outbound-WS Inbound,UDC IB,528
10/18/2018 14:07,DCL Outbound-WS Inbound,UDC IB,528
10/18/2018 14:07,DCL Outbound-WS Inbound,UDC IB,528
10/18/2018 14:07,DCL Outbound-WS Inbound,UDC IB,528
10/18/2018 14:07,DCL Outbound-WS Inbound,UDC IB,528
10/18/2018 14:07,DCL Outbound-WS Inbound,UDC IB,528
10/18/2018 14:07,DCL Outbound-WS Inbound,UDC IB,528
10/18/2018 14:07,DCL Outbound-WS Inbound,UDC IB,528
10/18/2018 14:08,DCL Outbound-WS Inbound,UDC IB,528
10/18/2018 14:10,DCL Outbound-WS Inbound,Hawley IB,528
10/18/2018 14:11,DCL Outbound-WS Inbound,Hawley IB,528
10/18/2018 14:11,DCL Outbound-WS Inbound,Hawley IB,528
10/18/2018 14:11,DCL Outbound-WS Inbound,Hawley IB,528
10/18/2018 14:11,DCL Outbound-WS Inbound,Hawley IB,528
10/18/2018 14:11,DCL Outbound-WS Inbound,Hawley IB,528
10/18/2018 14:12,DCL Outbound-WS Inbound,Main and Front OB,528
10/18/2018 14:13,DCL Outbound-WS Inbound,Main and Murray IB,528
10/18/2018 14:13,DCL Outbound-WS Inbound,Main and Murray IB,528
10/18/2018 14:13,DCL Outbound-WS Inbound,Main and Murray IB,528
10/18/2018 14:13,DCL Outbound-WS Inbound,Main and Murray IB,528
10/18/2018 14:14,DCL Outbound-WS Inbound,Main and Mather,528
10/18/2018 14:14,DCL Outbound-WS Inbound,Main and Mather,528
10/18/2018 14:15,DCL Outbound-WS Inbound,Floral and Main OB,37
10/18/2018 14:15,DCL Outbound-WS Inbound,Main and Cedar IB,528
10/18/2018 14:15,DCL Outbound-WS Inbound,Main and Cedar IB,528
10/18/2018 14:15,DCL Outbound-WS Inbound,Main and Cedar IB,528
10/18/2018 14:16,DCL Outbound-WS Inbound,Main and Clarke IB,528
10/18/2018 14:16,DCL Outbound-WS Inbound,Main and Clarke IB,528
10/18/2018 14:17,DCL Outbound-WS Inbound,Main and Schiller IB,528
10/18/2018 14:17,DCL Outbound-WS Inbound,Main and Schiller IB,528
10/18/2018 14:17,DCL Outbound-WS Inbound,Main and Schiller IB,528
10/18/2018 14:17,DCL Outbound-WS Inbound,Main and Schiller IB,528
10/18/2018 14:17,DCL Outbound-WS Inbound,Main and Schiller IB,528
10/18/2018 14:17,DCL Outbound-WS Inbound,Main and Schiller IB,528
10/18/2018 14:17,DCL Outbound-WS Inbound,Main and Schiller IB,528
10/18/2018 14:18,DCL Outbound-WS Inbound,Main and Helen IB,528
10/18/2018 14:18,DCL Outbound-WS Inbound,Main and Helen IB,528
10/18/2018 14:18,DCL Outbound-WS Inbound,Main and Helen IB,528
10/18/2018 14:18,DCL Outbound-WS Inbound,Main and Schiller IB,37
10/18/2018 14:19,DCL Outbound-WS Inbound,Main and Clarke OB,37
10/18/2018 14:20,DCL Outbound-WS Inbound,Floral and Cleveland IB,528
10/18/2018 14:21,DCL Outbound-WS Inbound,Floral and Burbank IB,528
10/18/2018 14:26,DCL Outbound-WS Inbound,Hawley OB,37
10/18/2018 14:28,DCL Outbound-WS Inbound,UDC,37
10/18/2018 14:28,DCL Outbound-WS Inbound,UDC,37
10/18/2018 14:28,DCL Outbound-WS Inbound,UDC,37
10/18/2018 14:28,DCL Outbound-WS Inbound,UDC,37
10/18/2018 14:28,DCL Outbound-WS Inbound,Leroy St and Murray OB,890
10/18/2018 14:28,DCL Outbound-WS Inbound,UDC,37
10/18/2018 14:28,DCL Outbound-WS Inbound,UDC,37
10/18/2018 14:28,DCL Outbound-WS Inbound,UDC,37
10/18/2018 14:28,DCL Outbound-WS Inbound,UDC,37
10/18/2018 14:30,DCL Outbound-WS Inbound,Leroy St and Front,37
10/18/2018 14:30,DCL Outbound-WS Inbound,Leroy St and Front,37
10/18/2018 14:31,DCL Outbound-WS Inbound,UDC IB,890
10/18/2018 14:31,DCL Outbound-WS Inbound,Leroy St and Murray IB,37
10/18/2018 14:31,DCL Outbound-WS Inbound,Leroy St and Murray IB,37
10/18/2018 14:31,DCL Outbound-WS Inbound,Leroy St and Murray IB,37
10/18/2018 14:31,DCL Outbound-WS Inbound,Leroy St and Murray IB,37
10/18/2018 14:31,DCL Outbound-WS Inbound,Leroy St and Murray IB,37
10/18/2018 14:32,DCL Outbound-WS Inbound,Leroy St and Chestnut IB,37
10/18/2018 14:32,DCL Outbound-WS Inbound,Leroy St and Chestnut IB,37
10/18/2018 14:32,DCL Outbound-WS Inbound,Leroy St and Chestnut IB,37
10/18/2018 14:32,DCL Outbound-WS Inbound,Leroy St and Chestnut IB,37
10/18/2018 14:34,DCL Outbound-WS Inbound,Main and Murray IB,890
10/18/2018 14:34,DCL Outbound-WS Inbound,Main and Murray IB,890
10/18/2018 14:34,DCL Outbound-WS Inbound,Main and Murray IB,890
10/18/2018 14:34,DCL Outbound-WS Inbound,Main and Murray IB,890
10/18/2018 14:36,DCL Outbound-WS Inbound,Main and Cedar IB,890
10/18/2018 14:37,DCL Outbound-WS Inbound,Main and Clarke IB,890
10/18/2018 14:38,DCL Outbound-WS Inbound,Riverside and Columbus IB,37
10/18/2018 14:38,DCL Outbound-WS Inbound,Main and Schiller IB,890
10/18/2018 14:38,DCL Outbound-WS Inbound,Main and Schiller IB,890
10/18/2018 14:38,DCL Outbound-WS Inbound,Main and Schiller IB,890
10/18/2018 14:42,DCL Outbound-WS Inbound,Floral and Main IB,890
10/18/2018 14:43,DCL Outbound-WS Inbound,Floral and Cleveland IB,890
10/18/2018 14:49,DCL Outbound-WS Inbound,Union,37
10/18/2018 14:49,DCL Outbound-WS Inbound,Union,37
10/18/2018 14:49,DCL Outbound-WS Inbound,Union,37
10/18/2018 14:49,DCL Outbound-WS Inbound,Union,37
10/18/2018 14:49,DCL Outbound-WS Inbound,Union,37
10/18/2018 14:49,DCL Outbound-WS Inbound,Union,37
10/18/2018 14:49,DCL Outbound-WS Inbound,Union,37
10/18/2018 14:49,DCL Outbound-WS Inbound,Union,37
10/18/2018 14:49,DCL Outbound-WS Inbound,Union,37
10/18/2018 14:49,DCL Outbound-WS Inbound,Union,37
10/18/2018 14:49,DCL Outbound-WS Inbound,Union,37
10/18/2018 14:49,DCL Outbound-WS Inbound,Union,37
10/18/2018 14:50,DCL Outbound-WS Inbound,Union,37
10/18/2018 14:50,DCL Outbound-WS Inbound,Union,37
10/18/2018 14:50,DCL Outbound-WS Inbound,Union,37
10/18/2018 14:50,DCL Outbound-WS Inbound,Union,37
10/18/2018 14:50,DCL Outbound-WS Inbound,Union,37
10/18/2018 14:50,DCL Outbound-WS Inbound,Union,37
10/18/2018 14:50,DCL Outbound-WS Inbound,Union,37
10/18/2018 14:50,DCL Outbound-WS Inbound,Union,37
10/18/2018 14:50,DCL Outbound-WS Inbound,Union,37
10/18/2018 14:50,DCL Outbound-WS Inbound,Union,37
10/18/2018 14:50,DCL Outbound-WS Inbound,Union,37
10/18/2018 14:50,DCL Outbound-WS Inbound,Union,37
10/18/2018 14:50,DCL Outbound-WS Inbound,Union,37
10/18/2018 14:50,DCL Outbound-WS Inbound,Union,37
10/18/2018 14:50,DCL Outbound-WS Inbound,Union,37
10/18/2018 14:50,DCL Outbound-WS Inbound,Union,37
10/18/2018 14:50,DCL Outbound-WS Inbound,Union,37
10/18/2018 14:50,DCL Outbound-WS Inbound,Union,37
10/18/2018 14:50,DCL Outbound-WS Inbound,Union,37
10/18/2018 14:50,DCL Outbound-WS Inbound,Union,37
10/18/2018 14:50,DCL Outbound-WS Inbound,Union,37
10/18/2018 14:50,DCL Outbound-WS Inbound,Union,37
10/18/2018 14:50,DCL Outbound-WS Inbound,Union,37
10/18/2018 14:50,DCL Outbound-WS Inbound,Union,37
10/18/2018 14:50,DCL Outbound-WS Inbound,Union,37
10/18/2018 14:50,DCL Outbound-WS Inbound,Union,37
10/18/2018 14:51,DCL Outbound-WS Inbound,Union,37
10/18/2018 14:51,DCL Outbound-WS Inbound,Union,37
10/18/2018 14:51,DCL Outbound-WS Inbound,Union,37
10/18/2018 14:51,DCL Outbound-WS Inbound,Union,37
10/18/2018 14:51,DCL Outbound-WS Inbound,Union,37
10/18/2018 14:51,DCL Outbound-WS Inbound,Union,37
10/18/2018 14:51,DCL Outbound-WS Inbound,Union,37
10/18/2018 14:51,DCL Outbound-WS Inbound,Union,37
10/18/2018 14:51,DCL Outbound-WS Inbound,Union,37
10/18/2018 14:51,DCL Outbound-WS Inbound,Union,37
10/18/2018 14:54,DCL Outbound-WS Inbound,Union,890
10/18/2018 14:54,DCL Outbound-WS Inbound,Union,890
10/18/2018 14:54,DCL Outbound-WS Inbound,Union,890
10/18/2018 14:54,DCL Outbound-WS Inbound,Union,890
10/18/2018 14:54,DCL Outbound-WS Inbound,Union,890
10/18/2018 14:54,DCL Outbound-WS Inbound,Union,890
10/18/2018 14:54,DCL Outbound-WS Inbound,Union,890
10/18/2018 14:54,DCL Outbound-WS Inbound,Union,890
10/18/2018 14:54,DCL Outbound-WS Inbound,Union,890
10/18/2018 14:54,DCL Outbound-WS Inbound,Union,890
10/18/2018 14:54,DCL Outbound-WS Inbound,Union,890
10/18/2018 14:54,DCL Outbound-WS Inbound,Union,890
10/18/2018 14:55,DCL Outbound-WS Inbound,Union,890
10/18/2018 14:56,DCL Outbound-WS Inbound,Union,890
10/18/2018 14:57,DCL Outbound-WS Inbound,Union,890
10/18/2018 14:57,DCL Outbound-WS Inbound,Union,890
10/18/2018 14:57,DCL Outbound-WS Inbound,Union,890
10/18/2018 14:57,DCL Outbound-WS Inbound,Union,890
10/18/2018 14:58,DCL Outbound-WS Inbound,Union,890
10/18/2018 14:59,DCL Outbound-WS Inbound,Union,890
10/18/2018 15:00,DCL Outbound-WS Inbound,Engineering Bldg,890
10/18/2018 15:14,DCL Outbound-WS Inbound,Union,21
10/18/2018 15:14,DCL Outbound-WS Inbound,Union,21
10/18/2018 15:15,DCL Outbound-WS Inbound,Union,21
10/18/2018 15:18,DCL Outbound-WS Inbound,Hawley IB,37
10/18/2018 15:18,DCL Outbound-WS Inbound,Hawley IB,37
10/18/2018 15:18,DCL Outbound-WS Inbound,Physical Facilities,21
10/18/2018 15:19,DCL Outbound-WS Inbound,Main and Front OB,37
10/18/2018 15:21,DCL Outbound-WS Inbound,Main and Mather,37
10/18/2018 15:21,DCL Outbound-WS Inbound,Main and Mather,37
10/18/2018 15:21,DCL Outbound-WS Inbound,Main and Mather,37
10/18/2018 15:21,DCL Outbound-WS Inbound,Main and Mather,37
10/18/2018 15:22,DCL Outbound-WS Inbound,Main and Cedar IB,37
10/18/2018 15:22,DCL Outbound-WS Inbound,Main and Clarke IB,37
10/18/2018 15:22,DCL Outbound-WS Inbound,Main and Clarke IB,37
10/18/2018 15:23,DCL Outbound-WS Inbound,Main and Schiller IB,37
10/18/2018 15:23,DCL Outbound-WS Inbound,Main and Schiller IB,37
10/18/2018 15:23,DCL Outbound-WS Inbound,Main and Schiller IB,37
10/18/2018 15:23,DCL Outbound-WS Inbound,Main and Schiller IB,37
10/18/2018 15:23,DCL Outbound-WS Inbound,Main and Schiller IB,37
10/18/2018 15:25,DCL Outbound-WS Inbound,Main and Helen IB,37
10/18/2018 15:25,DCL Outbound-WS Inbound,Main and Helen IB,37
10/18/2018 15:27,DCL Outbound-WS Inbound,Floral and Cleveland IB,37
10/18/2018 15:27,DCL Outbound-WS Inbound,Floral and Cleveland IB,37
10/18/2018 15:28,DCL Outbound-WS Inbound,Floral and Willow IB,37
10/18/2018 15:29,DCL Outbound-WS Inbound,Floral and Harrison IB,37
10/18/2018 15:31,DCL Outbound-WS Inbound,Leroy St and Murray OB,21
10/18/2018 15:31,DCL Outbound-WS Inbound,Mohawk,890
10/18/2018 15:31,DCL Outbound-WS Inbound,Mohawk,890
10/18/2018 15:31,DCL Outbound-WS Inbound,Mohawk,890
10/18/2018 15:31,DCL Outbound-WS Inbound,Mohawk,890
10/18/2018 15:31,DCL Outbound-WS Inbound,Mohawk,890
10/18/2018 15:31,DCL Outbound-WS Inbound,Mohawk,890
10/18/2018 15:31,DCL Outbound-WS Inbound,Mohawk,890
10/18/2018 15:31,DCL Outbound-WS Inbound,Mohawk,890
10/18/2018 15:31,DCL Outbound-WS Inbound,Mohawk,890
10/18/2018 15:31,DCL Outbound-WS Inbound,Mohawk,890
10/18/2018 15:31,DCL Outbound-WS Inbound,Mohawk,890
10/18/2018 15:31,DCL Outbound-WS Inbound,Mohawk,890
10/18/2018 15:31,DCL Outbound-WS Inbound,Mohawk,890
10/18/2018 15:31,DCL Outbound-WS Inbound,Mohawk,890
10/18/2018 15:34,DCL Outbound-WS Inbound,Newing,890
10/18/2018 15:34,DCL Outbound-WS Inbound,UDC IB,21
10/18/2018 15:35,DCL Outbound-WS Inbound,UDC IB,21
10/18/2018 15:35,DCL Outbound-WS Inbound,UDC IB,21
10/18/2018 15:35,DCL Outbound-WS Inbound,UDC IB,21
10/18/2018 15:35,DCL Outbound-WS Inbound,UDC IB,21
10/18/2018 15:38,DCL Outbound-WS Inbound,Main and Front OB,21
10/18/2018 15:39,DCL Outbound-WS Inbound,Main and Murray IB,21
10/18/2018 15:39,DCL Outbound-WS Inbound,Main and Murray IB,21
10/18/2018 15:39,DCL Outbound-WS Inbound,Main and Murray IB,21
10/18/2018 15:39,DCL Outbound-WS Inbound,Main and Murray IB,21
10/18/2018 15:40,DCL Outbound-WS Inbound,UP,890
10/18/2018 15:40,DCL Outbound-WS Inbound,UP,890
10/18/2018 15:40,DCL Outbound-WS Inbound,UP,890
10/18/2018 15:40,DCL Outbound-WS Inbound,UP,890
10/18/2018 15:40,DCL Outbound-WS Inbound,UP,890
10/18/2018 15:41,DCL Outbound-WS Inbound,Main and Cedar IB,21
10/18/2018 15:41,DCL Outbound-WS Inbound,Main and Cedar IB,21
10/18/2018 15:41,DCL Outbound-WS Inbound,Main and Cedar IB,21
10/18/2018 15:41,DCL Outbound-WS Inbound,Main and Cedar IB,21
10/18/2018 15:41,DCL Outbound-WS Inbound,UP,890
10/18/2018 15:41,DCL Outbound-WS Inbound,UP,890
10/18/2018 15:42,DCL Outbound-WS Inbound,Main and Schiller IB,21
10/18/2018 15:42,DCL Outbound-WS Inbound,Main and Schiller IB,21
10/18/2018 15:42,DCL Outbound-WS Inbound,Main and Schiller IB,21
10/18/2018 15:42,DCL Outbound-WS Inbound,Main and Schiller IB,21
10/18/2018 15:43,DCL Outbound-WS Inbound,Hayes IB,890
10/18/2018 15:43,DCL Outbound-WS Inbound,Main and Helen IB,21
10/18/2018 15:43,DCL Outbound-WS Inbound,Main and Helen IB,21
10/18/2018 15:46,DCL Outbound-WS Inbound,Floral and Cleveland IB,21
10/18/2018 15:47,DCL Outbound-WS Inbound,Floral and Willow IB,21
10/18/2018 15:47,DCL Outbound-WS Inbound,Union,890
10/18/2018 15:47,DCL Outbound-WS Inbound,Union,890
10/18/2018 15:48,DCL Outbound-WS Inbound,Union,890
10/18/2018 15:48,DCL Outbound-WS Inbound,Union,890
10/18/2018 15:48,DCL Outbound-WS Inbound,Union,890
10/18/2018 15:48,DCL Outbound-WS Inbound,Union,890
10/18/2018 15:48,DCL Outbound-WS Inbound,Union,890
10/18/2018 15:48,DCL Outbound-WS Inbound,Union,890
10/18/2018 15:48,DCL Outbound-WS Inbound,Union,890
10/18/2018 15:48,DCL Outbound-WS Inbound,Union,890
10/18/2018 15:48,DCL Outbound-WS Inbound,Union,890
10/18/2018 15:48,DCL Outbound-WS Inbound,Union,890
10/18/2018 15:48,DCL Outbound-WS Inbound,Union,890
10/18/2018 15:48,DCL Outbound-WS Inbound,Union,890
10/18/2018 15:48,DCL Outbound-WS Inbound,Union,890
10/18/2018 15:48,DCL Outbound-WS Inbound,Union,890
10/18/2018 15:48,DCL Outbound-WS Inbound,Union,890
10/18/2018 15:48,DCL Outbound-WS Inbound,Union,890
10/18/2018 15:48,DCL Outbound-WS Inbound,Union,890
10/18/2018 15:48,DCL Outbound-WS Inbound,Union,890
10/18/2018 15:49,DCL Outbound-WS Inbound,Union,890
10/18/2018 15:49,DCL Outbound-WS Inbound,Union,890
10/18/2018 15:49,DCL Outbound-WS Inbound,Union,890
10/18/2018 15:52,DCL Outbound-WS Inbound,Denny''s,890
10/18/2018 15:52,DCL Outbound-WS Inbound,Denny''s,890
10/18/2018 15:52,DCL Outbound-WS Inbound,Denny''s,890
10/18/2018 16:10,DCL Outbound-WS Inbound,UDC IB,890
10/18/2018 16:12,DCL Outbound-WS Inbound,Hawley IB,890
10/18/2018 16:14,DCL Outbound-WS Inbound,Main and Murray IB,890
10/18/2018 16:15,DCL Outbound-WS Inbound,Main and Mather,890
10/18/2018 16:16,DCL Outbound-WS Inbound,Main and Cedar IB,890
10/18/2018 16:16,DCL Outbound-WS Inbound,Main and Cedar IB,890
10/18/2018 16:16,DCL Outbound-WS Inbound,Main and Cedar IB,890
10/18/2018 16:17,DCL Outbound-WS Inbound,Main and Clarke IB,890
10/18/2018 16:17,DCL Outbound-WS Inbound,Main and Clarke IB,890
10/18/2018 16:17,DCL Outbound-WS Inbound,Main and Clarke IB,890
10/18/2018 16:17,DCL Outbound-WS Inbound,Main and Clarke IB,890
10/18/2018 16:18,DCL Outbound-WS Inbound,Main and Schiller IB,890
10/18/2018 16:18,DCL Outbound-WS Inbound,Main and Schiller IB,890
10/18/2018 16:18,DCL Outbound-WS Inbound,Main and Schiller IB,890
10/18/2018 16:18,DCL Outbound-WS Inbound,Main and Schiller IB,890
10/18/2018 16:18,DCL Outbound-WS Inbound,Union,55
10/18/2018 16:18,DCL Outbound-WS Inbound,Union,55
10/18/2018 16:18,DCL Outbound-WS Inbound,Union,55
10/18/2018 16:18,DCL Outbound-WS Inbound,Union,55
10/18/2018 16:18,DCL Outbound-WS Inbound,Union,55
10/18/2018 16:18,DCL Outbound-WS Inbound,Union,55
10/18/2018 16:18,DCL Outbound-WS Inbound,Union,55
10/18/2018 16:18,DCL Outbound-WS Inbound,Union,55
10/18/2018 16:18,DCL Outbound-WS Inbound,Union,55
10/18/2018 16:18,DCL Outbound-WS Inbound,Union,55
10/18/2018 16:18,DCL Outbound-WS Inbound,Union,55
10/18/2018 16:18,DCL Outbound-WS Inbound,Union,55
10/18/2018 16:18,DCL Outbound-WS Inbound,Union,55
10/18/2018 16:18,DCL Outbound-WS Inbound,Union,55
10/18/2018 16:18,DCL Outbound-WS Inbound,Union,55
10/18/2018 16:18,DCL Outbound-WS Inbound,Union,55
10/18/2018 16:18,DCL Outbound-WS Inbound,Union,55
10/18/2018 16:18,DCL Outbound-WS Inbound,Union,55
10/18/2018 16:18,DCL Outbound-WS Inbound,Union,55
10/18/2018 16:18,DCL Outbound-WS Inbound,Union,55
10/18/2018 16:19,DCL Outbound-WS Inbound,Union,55
10/18/2018 16:19,DCL Outbound-WS Inbound,Union,55
10/18/2018 16:19,DCL Outbound-WS Inbound,Union,55
10/18/2018 16:19,DCL Outbound-WS Inbound,Union,55
10/18/2018 16:19,DCL Outbound-WS Inbound,Union,55
10/18/2018 16:19,DCL Outbound-WS Inbound,Union,55
10/18/2018 16:19,DCL Outbound-WS Inbound,Union,55
10/18/2018 16:19,DCL Outbound-WS Inbound,Union,55
10/18/2018 16:19,DCL Outbound-WS Inbound,Union,55
10/18/2018 16:19,DCL Outbound-WS Inbound,Union,55
10/18/2018 16:19,DCL Outbound-WS Inbound,Union,55
10/18/2018 16:19,DCL Outbound-WS Inbound,Union,55
10/18/2018 16:19,DCL Outbound-WS Inbound,Union,55
10/18/2018 16:19,DCL Outbound-WS Inbound,Union,55
10/18/2018 16:19,DCL Outbound-WS Inbound,Union,55
10/18/2018 16:19,DCL Outbound-WS Inbound,Union,55
10/18/2018 16:19,DCL Outbound-WS Inbound,Union,55
10/18/2018 16:19,DCL Outbound-WS Inbound,Union,55
10/18/2018 16:19,DCL Outbound-WS Inbound,Union,55
10/18/2018 16:19,DCL Outbound-WS Inbound,Union,55
10/18/2018 16:20,DCL Outbound-WS Inbound,Union,55
10/18/2018 16:20,DCL Outbound-WS Inbound,Union,55
10/18/2018 16:30,DCL Outbound-WS Inbound,Union,890
10/18/2018 16:30,DCL Outbound-WS Inbound,Union,890
10/18/2018 16:30,DCL Outbound-WS Inbound,Union,890
10/18/2018 16:30,DCL Outbound-WS Inbound,Union,890
10/18/2018 16:30,DCL Outbound-WS Inbound,Union,890
10/18/2018 16:30,DCL Outbound-WS Inbound,Union,890
10/18/2018 16:30,DCL Outbound-WS Inbound,Union,890
10/18/2018 16:30,DCL Outbound-WS Inbound,Union,890
10/18/2018 16:30,DCL Outbound-WS Inbound,Union,890
10/18/2018 16:30,DCL Outbound-WS Inbound,Union,890
10/18/2018 16:30,DCL Outbound-WS Inbound,Union,890
10/18/2018 16:30,DCL Outbound-WS Inbound,Union,890
10/18/2018 16:30,DCL Outbound-WS Inbound,Union,890
10/18/2018 16:30,DCL Outbound-WS Inbound,Union,890
10/18/2018 16:30,DCL Outbound-WS Inbound,Union,890
10/18/2018 16:30,DCL Outbound-WS Inbound,Union,890
10/18/2018 16:30,DCL Outbound-WS Inbound,Union,890
10/18/2018 16:30,DCL Outbound-WS Inbound,Union,890
10/18/2018 16:37,DCL Outbound-WS Inbound,Leroy St and Chestnut OB,55
10/18/2018 16:39,DCL Outbound-WS Inbound,Leroy St and Murray OB,55
10/18/2018 16:44,DCL Outbound-WS Inbound,UDC,890
10/18/2018 16:44,DCL Outbound-WS Inbound,UDC,890
10/18/2018 16:44,DCL Outbound-WS Inbound,UDC,890
10/18/2018 16:44,DCL Outbound-WS Inbound,UDC,890
10/18/2018 16:44,DCL Outbound-WS Inbound,UDC,890
10/18/2018 16:44,DCL Outbound-WS Inbound,UDC,890
10/18/2018 16:44,DCL Outbound-WS Inbound,UDC,890
10/18/2018 16:44,DCL Outbound-WS Inbound,UDC,890
10/18/2018 16:44,DCL Outbound-WS Inbound,UDC,890
10/18/2018 16:44,DCL Outbound-WS Inbound,UDC IB,55
10/18/2018 16:44,DCL Outbound-WS Inbound,UDC,890
10/18/2018 16:44,DCL Outbound-WS Inbound,UDC IB,55
10/18/2018 16:44,DCL Outbound-WS Inbound,UDC,890
10/18/2018 16:44,DCL Outbound-WS Inbound,UDC,890
10/18/2018 16:44,DCL Outbound-WS Inbound,UDC IB,55
10/18/2018 16:44,DCL Outbound-WS Inbound,UDC IB,55
10/18/2018 16:44,DCL Outbound-WS Inbound,UDC,890
10/18/2018 16:44,DCL Outbound-WS Inbound,UDC IB,55
10/18/2018 16:44,DCL Outbound-WS Inbound,UDC,890
10/18/2018 16:44,DCL Outbound-WS Inbound,UDC IB,55
10/18/2018 16:44,DCL Outbound-WS Inbound,UDC,890
10/18/2018 16:44,DCL Outbound-WS Inbound,UDC IB,55
10/18/2018 16:45,DCL Outbound-WS Inbound,UDC,890
10/18/2018 16:45,DCL Outbound-WS Inbound,UDC IB,55
10/18/2018 16:46,DCL Outbound-WS Inbound,UDC IB,55
10/18/2018 16:47,DCL Outbound-WS Inbound,Union,528
10/18/2018 16:47,DCL Outbound-WS Inbound,Union,528
10/18/2018 16:47,DCL Outbound-WS Inbound,Union,528
10/18/2018 16:47,DCL Outbound-WS Inbound,Union,528
10/18/2018 16:47,DCL Outbound-WS Inbound,Union,528
10/18/2018 16:47,DCL Outbound-WS Inbound,Union,528
10/18/2018 16:47,DCL Outbound-WS Inbound,Union,528
10/18/2018 16:47,DCL Outbound-WS Inbound,Union,528
10/18/2018 16:47,DCL Outbound-WS Inbound,Union,528
10/18/2018 16:47,DCL Outbound-WS Inbound,Union,528
10/18/2018 16:47,DCL Outbound-WS Inbound,Union,528
10/18/2018 16:47,DCL Outbound-WS Inbound,Union,528
10/18/2018 16:47,DCL Outbound-WS Inbound,Union,528
10/18/2018 16:48,DCL Outbound-WS Inbound,Union,528
10/18/2018 16:48,DCL Outbound-WS Inbound,Union,528
10/18/2018 16:48,DCL Outbound-WS Inbound,Union,528
10/18/2018 16:48,DCL Outbound-WS Inbound,Union,528
10/18/2018 16:49,DCL Outbound-WS Inbound,Main and Murray IB,55
10/18/2018 16:49,DCL Outbound-WS Inbound,Main and Murray IB,55
10/18/2018 16:49,DCL Outbound-WS Inbound,Union,528
10/18/2018 16:49,DCL Outbound-WS Inbound,Main and Murray IB,55
10/18/2018 16:49,DCL Outbound-WS Inbound,Union,528
10/18/2018 16:49,DCL Outbound-WS Inbound,Union,528
10/18/2018 16:49,DCL Outbound-WS Inbound,Union,528
10/18/2018 16:49,DCL Outbound-WS Inbound,Union,528
10/18/2018 16:50,DCL Outbound-WS Inbound,Union,528
10/18/2018 16:50,DCL Outbound-WS Inbound,Main and Mather,55
10/18/2018 16:50,DCL Outbound-WS Inbound,Main and Mather,55
10/18/2018 16:50,DCL Outbound-WS Inbound,Main and Mather,55
10/18/2018 16:51,DCL Outbound-WS Inbound,Main and Cedar IB,55
10/18/2018 16:51,DCL Outbound-WS Inbound,Main and Cedar IB,55
10/18/2018 16:51,DCL Outbound-WS Inbound,Main and Cedar IB,55
10/18/2018 16:52,DCL Outbound-WS Inbound,Main and Clarke IB,55
10/18/2018 16:52,DCL Outbound-WS Inbound,Main and Clarke IB,55
10/18/2018 16:53,DCL Outbound-WS Inbound,Physical Facilities,528
10/18/2018 16:53,DCL Outbound-WS Inbound,Main and Schiller IB,55
10/18/2018 16:53,DCL Outbound-WS Inbound,Main and Schiller IB,55
10/18/2018 16:53,DCL Outbound-WS Inbound,Main and Schiller IB,55
10/18/2018 16:53,DCL Outbound-WS Inbound,Main and Schiller IB,55
10/18/2018 16:53,DCL Outbound-WS Inbound,Main and Schiller IB,55
10/18/2018 16:53,DCL Outbound-WS Inbound,Main and Schiller IB,55
10/18/2018 17:10,DCL Outbound-WS Inbound,UDC IB,528
10/18/2018 17:10,DCL Outbound-WS Inbound,UDC IB,528
10/18/2018 17:10,DCL Outbound-WS Inbound,UDC,528
10/18/2018 17:12,DCL Outbound-WS Inbound,Hawley IB,528
10/18/2018 17:14,DCL Outbound-WS Inbound,Main and Murray IB,528
10/18/2018 17:16,DCL Outbound-WS Inbound,Main and Cedar IB,528
10/18/2018 17:16,DCL Outbound-WS Inbound,Main and Cedar IB,528
10/18/2018 17:17,DCL Outbound-WS Inbound,Main and Clarke IB,528
10/18/2018 17:17,DCL Outbound-WS Inbound,Main and Clarke IB,528
10/18/2018 17:18,DCL Outbound-WS Inbound,Main and Schiller IB,528
10/18/2018 17:18,DCL Outbound-WS Inbound,Main and Schiller IB,528
10/18/2018 17:18,DCL Outbound-WS Inbound,Main and Schiller IB,528
10/18/2018 17:18,DCL Outbound-WS Inbound,Main and Schiller IB,528
10/18/2018 17:18,DCL Outbound-WS Inbound,Main and Schiller IB,528
10/18/2018 17:18,DCL Outbound-WS Inbound,Main and Schiller IB,528
10/18/2018 17:20,DCL Outbound-WS Inbound,Main and Helen IB,528
10/18/2018 17:22,DCL Outbound-WS Inbound,Floral and Cleveland IB,528
10/18/2018 17:23,DCL Outbound-WS Inbound,Floral and Burbank IB,528
10/18/2018 17:35,DCL Outbound-WS Inbound,Leroy St and Murray OB,43
10/18/2018 17:40,DCL Outbound-WS Inbound,UDC IB,43
10/18/2018 17:40,DCL Outbound-WS Inbound,UDC IB,43
10/18/2018 17:42,DCL Outbound-WS Inbound,Hawley IB,43
10/18/2018 17:42,DCL Outbound-WS Inbound,Hawley IB,43
10/18/2018 17:42,DCL Outbound-WS Inbound,Hawley IB,43
10/18/2018 17:43,DCL Outbound-WS Inbound,Main and Murray IB,43
10/18/2018 17:43,DCL Outbound-WS Inbound,Main and Murray IB,43
10/18/2018 17:44,DCL Outbound-WS Inbound,Main and Mather,43
10/18/2018 17:46,DCL Outbound-WS Inbound,Main and Schiller IB,43
10/18/2018 17:46,DCL Outbound-WS Inbound,Main and Schiller IB,43
10/18/2018 17:48,DCL Outbound-WS Inbound,Union,21
10/18/2018 17:48,DCL Outbound-WS Inbound,Union,21
10/18/2018 17:48,DCL Outbound-WS Inbound,Union,21
10/18/2018 17:48,DCL Outbound-WS Inbound,Union,21
10/18/2018 17:48,DCL Outbound-WS Inbound,Union,21
10/18/2018 17:48,DCL Outbound-WS Inbound,Union,21
10/18/2018 17:48,DCL Outbound-WS Inbound,Union,21
10/18/2018 17:48,DCL Outbound-WS Inbound,Union,21
10/18/2018 17:48,DCL Outbound-WS Inbound,Union,21
10/18/2018 17:48,DCL Outbound-WS Inbound,Union,21
10/18/2018 17:48,DCL Outbound-WS Inbound,Union,21
10/18/2018 17:48,DCL Outbound-WS Inbound,Union,21
10/18/2018 17:48,DCL Outbound-WS Inbound,Union,21
10/18/2018 17:48,DCL Outbound-WS Inbound,Union,21
10/18/2018 17:48,DCL Outbound-WS Inbound,Union,21
10/18/2018 17:49,DCL Outbound-WS Inbound,Union,21
10/18/2018 17:49,DCL Outbound-WS Inbound,Union,21
10/18/2018 17:49,DCL Outbound-WS Inbound,Union,21
10/18/2018 17:49,DCL Outbound-WS Inbound,Union,21
10/18/2018 17:49,DCL Outbound-WS Inbound,Union,21
10/18/2018 17:49,DCL Outbound-WS Inbound,Union,21
10/18/2018 17:49,DCL Outbound-WS Inbound,Union,21
10/18/2018 17:49,DCL Outbound-WS Inbound,Union,21
10/18/2018 17:50,DCL Outbound-WS Inbound,Union,21
10/18/2018 17:50,DCL Outbound-WS Inbound,Union,21
10/18/2018 17:50,DCL Outbound-WS Inbound,Union,21
10/18/2018 17:50,DCL Outbound-WS Inbound,Union,21
10/18/2018 17:54,DCL Outbound-WS Inbound,Physical Facilities,21
10/18/2018 17:54,DCL Outbound-WS Inbound,Physical Facilities,21
10/18/2018 17:54,DCL Outbound-WS Inbound,Physical Facilities,21
10/18/2018 18:05,DCL Outbound-WS Inbound,Leroy St and Chestnut OB,21
10/18/2018 18:15,DCL Outbound-WS Inbound,Union,37
10/18/2018 18:15,DCL Outbound-WS Inbound,Union,37
10/18/2018 18:15,DCL Outbound-WS Inbound,Union,37
10/18/2018 18:15,DCL Outbound-WS Inbound,Union,37
10/18/2018 18:15,DCL Outbound-WS Inbound,Union,37
10/18/2018 18:16,DCL Outbound-WS Inbound,Union,37
10/18/2018 18:16,DCL Outbound-WS Inbound,Union,37
10/18/2018 18:16,DCL Outbound-WS Inbound,Union,37
10/18/2018 18:16,DCL Outbound-WS Inbound,Union,37
10/18/2018 18:16,DCL Outbound-WS Inbound,Union,37
10/18/2018 18:16,DCL Outbound-WS Inbound,Union,37
10/18/2018 18:16,DCL Outbound-WS Inbound,Union,37
10/18/2018 18:16,DCL Outbound-WS Inbound,Union,37
10/18/2018 18:16,DCL Outbound-WS Inbound,Union,37
10/18/2018 18:16,DCL Outbound-WS Inbound,Union,37
10/18/2018 18:16,DCL Outbound-WS Inbound,Union,37
10/18/2018 18:16,DCL Outbound-WS Inbound,Union,37
10/18/2018 18:16,DCL Outbound-WS Inbound,Union,37
10/18/2018 18:16,DCL Outbound-WS Inbound,Union,37
10/18/2018 18:16,DCL Outbound-WS Inbound,Union,37
10/18/2018 18:17,DCL Outbound-WS Inbound,Union,37
10/18/2018 18:18,DCL Outbound-WS Inbound,Union,37
10/18/2018 18:18,DCL Outbound-WS Inbound,Union,37
10/18/2018 18:19,DCL Outbound-WS Inbound,Union,37
10/18/2018 18:20,DCL Outbound-WS Inbound,Union,37
10/18/2018 18:20,DCL Outbound-WS Inbound,Union,37
10/18/2018 18:21,DCL Outbound-WS Inbound,Hawley IB,21
10/18/2018 18:22,DCL Outbound-WS Inbound,Main and Murray IB,21
10/18/2018 18:22,DCL Outbound-WS Inbound,Main and Murray IB,21
10/18/2018 18:22,DCL Outbound-WS Inbound,Main and Murray IB,21
10/18/2018 18:23,DCL Outbound-WS Inbound,Main and Murray IB,21
10/18/2018 18:23,DCL Outbound-WS Inbound,Main and Murray IB,21
10/18/2018 18:23,DCL Outbound-WS Inbound,Main and Murray IB,21
10/18/2018 18:23,DCL Outbound-WS Inbound,Main and Mather,21
10/18/2018 18:25,DCL Outbound-WS Inbound,Main and Clarke IB,21
10/18/2018 18:25,DCL Outbound-WS Inbound,Main and Clarke IB,21
10/18/2018 18:26,DCL Outbound-WS Inbound,Main and Schiller IB,21
10/18/2018 18:26,DCL Outbound-WS Inbound,Main and Schiller IB,21
10/18/2018 18:26,DCL Outbound-WS Inbound,Main and Schiller IB,21
10/18/2018 18:28,DCL Outbound-WS Inbound,Main and Helen IB,21
10/18/2018 18:28,DCL Outbound-WS Inbound,Main and Helen IB,21
10/18/2018 18:51,DCL Outbound-WS Inbound,UDC IB,37
10/18/2018 18:51,DCL Outbound-WS Inbound,UDC IB,37
10/18/2018 19:00,DCL Outbound-WS Inbound,Hawley IB,37
10/18/2018 19:00,DCL Outbound-WS Inbound,Hawley IB,37
10/18/2018 19:03,DCL Outbound-WS Inbound,Main and Murray IB,37
10/18/2018 19:03,DCL Outbound-WS Inbound,Main and Murray IB,37
10/18/2018 19:04,DCL Outbound-WS Inbound,Main and Mather,37
10/18/2018 19:04,DCL Outbound-WS Inbound,Main and Mather,37
10/18/2018 19:10,DCL Outbound-WS Inbound,Floral and Cleveland IB,37
10/18/2018 19:10,DCL Outbound-WS Inbound,Floral and Cleveland IB,37
10/18/2018 19:10,DCL Outbound-WS Inbound,Floral and Cleveland IB,37
10/18/2018 19:13,DCL Outbound-WS Inbound,Floral and Cook,37
10/18/2018 19:17,DCL Outbound-WS Inbound,Hawley IB,526
10/18/2018 19:18,DCL Outbound-WS Inbound,Hawley IB,526
10/18/2018 19:19,DCL Outbound-WS Inbound,Union,890
10/18/2018 19:20,DCL Outbound-WS Inbound,Union,890
10/18/2018 19:20,DCL Outbound-WS Inbound,Main and Murray IB,526
10/18/2018 19:21,DCL Outbound-WS Inbound,Main and Mather,526
10/18/2018 19:21,DCL Outbound-WS Inbound,Main and Mather,526
10/18/2018 19:22,DCL Outbound-WS Inbound,Physical Facilities,890
10/18/2018 19:23,DCL Outbound-WS Inbound,Main and Schiller IB,526
10/18/2018 19:23,DCL Outbound-WS Inbound,Main and Schiller IB,526
10/18/2018 19:38,DCL Outbound-WS Inbound,UDC IB,890
10/18/2018 19:39,DCL Outbound-WS Inbound,UDC IB,890
10/18/2018 19:39,DCL Outbound-WS Inbound,UDC IB,890
10/18/2018 19:39,DCL Outbound-WS Inbound,UDC IB,890
10/18/2018 19:40,DCL Outbound-WS Inbound,Union,528
10/18/2018 19:41,DCL Outbound-WS Inbound,Hawley IB,890
10/18/2018 19:41,DCL Outbound-WS Inbound,Hawley IB,890
10/18/2018 19:42,DCL Outbound-WS Inbound,Union,528
10/18/2018 19:42,DCL Outbound-WS Inbound,Union,528
10/18/2018 19:42,DCL Outbound-WS Inbound,Union,528
10/18/2018 19:42,DCL Outbound-WS Inbound,Union,528
10/18/2018 19:42,DCL Outbound-WS Inbound,Union,528
10/18/2018 19:42,DCL Outbound-WS Inbound,Main and Murray IB,890
10/18/2018 19:43,DCL Outbound-WS Inbound,Union,528
10/18/2018 19:43,DCL Outbound-WS Inbound,Main and Mather,890
10/18/2018 19:44,DCL Outbound-WS Inbound,Union,528
10/18/2018 19:44,DCL Outbound-WS Inbound,Union,528
10/18/2018 19:44,DCL Outbound-WS Inbound,Union,528
10/18/2018 19:44,DCL Outbound-WS Inbound,Union,528
10/18/2018 19:44,DCL Outbound-WS Inbound,Union,528
10/18/2018 19:44,DCL Outbound-WS Inbound,Union,528
10/18/2018 19:45,DCL Outbound-WS Inbound,Main and Cedar IB,890
10/18/2018 19:45,DCL Outbound-WS Inbound,Main and Clarke IB,890
10/18/2018 19:48,DCL Outbound-WS Inbound,Physical Facilities,528
10/18/2018 19:50,DCL Outbound-WS Inbound,Floral and Cleveland IB,890
10/18/2018 19:51,DCL Outbound-WS Inbound,Floral and Harrison IB,890
10/18/2018 19:59,DCL Outbound-WS Inbound,Leroy St and Chestnut OB,528
10/18/2018 19:59,DCL Outbound-WS Inbound,Leroy St and Chestnut OB,528
10/18/2018 19:59,DCL Outbound-WS Inbound,Leroy St and Chestnut OB,528
10/18/2018 19:59,DCL Outbound-WS Inbound,Leroy St and Chestnut OB,528
10/18/2018 19:59,DCL Outbound-WS Inbound,Leroy St and Chestnut OB,528
10/18/2018 19:59,DCL Outbound-WS Inbound,Leroy St and Chestnut OB,528
10/18/2018 19:59,DCL Outbound-WS Inbound,Leroy St and Chestnut OB,528
10/18/2018 19:59,DCL Outbound-WS Inbound,Leroy St and Chestnut OB,528
10/18/2018 19:59,DCL Outbound-WS Inbound,Leroy St and Chestnut OB,528
