Start Date:10/29/2018 7:00 AM End Date:10/29/2018 8:00 PM,,,
DateTime,CorridorName,StopName,VehicleID
10/29/2018 7:19,DCL Outbound-WS Inbound,Hawley IB,891
10/29/2018 7:21,DCL Outbound-WS Inbound,Main and Murray IB,891
10/29/2018 7:21,DCL Outbound-WS Inbound,Main and Murray IB,891
10/29/2018 7:21,DCL Outbound-WS Inbound,Main and Murray IB,891
10/29/2018 7:21,DCL Outbound-WS Inbound,Main and Murray IB,891
10/29/2018 7:22,DCL Outbound-WS Inbound,Main and Mather,891
10/29/2018 7:22,DCL Outbound-WS Inbound,Main and Mather,891
10/29/2018 7:24,DCL Outbound-WS Inbound,Main and Schiller IB,891
10/29/2018 7:24,DCL Outbound-WS Inbound,Main and Schiller IB,891
10/29/2018 7:24,DCL Outbound-WS Inbound,Main and Schiller IB,891
10/29/2018 7:24,DCL Outbound-WS Inbound,Main and Schiller IB,891
10/29/2018 7:24,DCL Outbound-WS Inbound,Main and Schiller IB,891
10/29/2018 7:24,DCL Outbound-WS Inbound,Main and Schiller IB,891
10/29/2018 7:24,DCL Outbound-WS Inbound,Main and Schiller IB,891
10/29/2018 7:24,DCL Outbound-WS Inbound,Main and Schiller IB,891
10/29/2018 7:27,DCL Outbound-WS Inbound,Riverside and Beethoven OB,21
10/29/2018 7:27,DCL Outbound-WS Inbound,Floral and Main IB,891
10/29/2018 7:27,DCL Outbound-WS Inbound,Floral and Main IB,891
10/29/2018 7:28,DCL Outbound-WS Inbound,Floral and Cleveland IB,891
10/29/2018 7:28,DCL Outbound-WS Inbound,Floral and Cleveland IB,891
10/29/2018 7:29,DCL Outbound-WS Inbound,UDC IB,55
10/29/2018 7:29,DCL Outbound-WS Inbound,Leroy St and Chestnut OB,21
10/29/2018 7:33,DCL Outbound-WS Inbound,Main and Murray IB,55
10/29/2018 7:33,DCL Outbound-WS Inbound,Main and Murray IB,55
10/29/2018 7:33,DCL Outbound-WS Inbound,Main and Murray IB,55
10/29/2018 7:33,DCL Outbound-WS Inbound,Main and Murray IB,55
10/29/2018 7:33,DCL Outbound-WS Inbound,Main and Murray IB,55
10/29/2018 7:33,DCL Outbound-WS Inbound,Main and Murray IB,55
10/29/2018 7:36,DCL Outbound-WS Inbound,Main and Schiller IB,55
10/29/2018 7:36,DCL Outbound-WS Inbound,Main and Schiller IB,55
10/29/2018 7:36,DCL Outbound-WS Inbound,Main and Schiller IB,55
10/29/2018 7:36,DCL Outbound-WS Inbound,Main and Schiller IB,55
10/29/2018 7:36,DCL Outbound-WS Inbound,Main and Schiller IB,55
10/29/2018 7:37,DCL Outbound-WS Inbound,Main and Schiller IB,55
10/29/2018 7:37,DCL Outbound-WS Inbound,Main and Schiller IB,55
10/29/2018 7:39,DCL Outbound-WS Inbound,Main and Murray IB,21
10/29/2018 7:40,DCL Outbound-WS Inbound,Main and Mather,21
10/29/2018 7:40,DCL Outbound-WS Inbound,Main and Mather,21
10/29/2018 7:40,DCL Outbound-WS Inbound,Main and Mather,21
10/29/2018 7:40,DCL Outbound-WS Inbound,Main and Mather,21
10/29/2018 7:40,DCL Outbound-WS Inbound,Main and Mather,21
10/29/2018 7:40,DCL Outbound-WS Inbound,Main and Mather,21
10/29/2018 7:40,DCL Outbound-WS Inbound,Main and Mather,21
10/29/2018 7:40,DCL Outbound-WS Inbound,Main and Mather,21
10/29/2018 7:40,DCL Outbound-WS Inbound,Floral and Cleveland IB,55
10/29/2018 7:40,DCL Outbound-WS Inbound,Floral and Cleveland IB,55
10/29/2018 7:40,DCL Outbound-WS Inbound,Floral and Cleveland IB,55
10/29/2018 7:41,DCL Outbound-WS Inbound,Main and Cedar IB,21
10/29/2018 7:41,DCL Outbound-WS Inbound,Main and Cedar IB,21
10/29/2018 7:42,DCL Outbound-WS Inbound,Main and Clarke IB,21
10/29/2018 7:42,DCL Outbound-WS Inbound,Main and Clarke IB,21
10/29/2018 7:43,DCL Outbound-WS Inbound,Main and Schiller IB,21
10/29/2018 7:43,DCL Outbound-WS Inbound,Main and Schiller IB,21
10/29/2018 7:43,DCL Outbound-WS Inbound,Main and Schiller IB,21
10/29/2018 7:43,DCL Outbound-WS Inbound,Main and Schiller IB,21
10/29/2018 7:43,DCL Outbound-WS Inbound,Main and Schiller IB,21
10/29/2018 7:43,DCL Outbound-WS Inbound,Main and Schiller IB,21
10/29/2018 7:43,DCL Outbound-WS Inbound,Main and Schiller IB,21
10/29/2018 7:46,DCL Outbound-WS Inbound,Floral and Main IB,21
10/29/2018 7:47,DCL Outbound-WS Inbound,Floral and Cleveland IB,21
10/29/2018 7:47,DCL Outbound-WS Inbound,Hawley IB,526
10/29/2018 7:47,DCL Outbound-WS Inbound,Hawley IB,526
10/29/2018 7:48,DCL Outbound-WS Inbound,Main and Front OB,526
10/29/2018 7:48,DCL Outbound-WS Inbound,Floral and Harrison IB,21
10/29/2018 7:49,DCL Outbound-WS Inbound,Main and Murray IB,526
10/29/2018 7:49,DCL Outbound-WS Inbound,Main and Murray IB,526
10/29/2018 7:49,DCL Outbound-WS Inbound,Main and Murray IB,526
10/29/2018 7:49,DCL Outbound-WS Inbound,Main and Murray IB,526
10/29/2018 7:49,DCL Outbound-WS Inbound,Main and Murray IB,526
10/29/2018 7:49,DCL Outbound-WS Inbound,Main and Murray IB,526
10/29/2018 7:50,DCL Outbound-WS Inbound,Main and Mather,526
10/29/2018 7:50,DCL Outbound-WS Inbound,Main and Mather,526
10/29/2018 7:50,DCL Outbound-WS Inbound,Main and Mather,526
10/29/2018 7:52,DCL Outbound-WS Inbound,Main and Clarke IB,526
10/29/2018 7:52,DCL Outbound-WS Inbound,Main and Clarke IB,526
10/29/2018 7:52,DCL Outbound-WS Inbound,Main and Clarke IB,526
10/29/2018 7:52,DCL Outbound-WS Inbound,Main and Clarke IB,526
10/29/2018 7:52,DCL Outbound-WS Inbound,Main and Clarke IB,526
10/29/2018 7:53,DCL Outbound-WS Inbound,Main and Schiller IB,526
10/29/2018 7:53,DCL Outbound-WS Inbound,Main and Schiller IB,526
10/29/2018 7:53,DCL Outbound-WS Inbound,Main and Schiller IB,526
10/29/2018 7:53,DCL Outbound-WS Inbound,Main and Schiller IB,526
10/29/2018 7:53,DCL Outbound-WS Inbound,Main and Schiller IB,526
10/29/2018 7:57,DCL Outbound-WS Inbound,Floral and Cleveland IB,526
10/29/2018 7:57,DCL Outbound-WS Inbound,Floral and Cleveland IB,526
10/29/2018 7:57,DCL Outbound-WS Inbound,Floral and Cleveland OB,526
10/29/2018 7:58,DCL Outbound-WS Inbound,Floral and Burbank IB,526
10/29/2018 7:58,DCL Outbound-WS Inbound,Floral and Willow IB,526
10/29/2018 8:00,DCL Outbound-WS Inbound,Floral and Cook,526
10/29/2018 8:07,DCL Outbound-WS Inbound,UDC IB,890
10/29/2018 8:07,DCL Outbound-WS Inbound,UDC IB,890
10/29/2018 8:07,DCL Outbound-WS Inbound,UDC IB,890
10/29/2018 8:07,DCL Outbound-WS Inbound,UDC IB,890
10/29/2018 8:07,DCL Outbound-WS Inbound,UDC IB,890
10/29/2018 8:07,DCL Outbound-WS Inbound,UDC IB,890
10/29/2018 8:09,DCL Outbound-WS Inbound,Main and Cedar IB,55
10/29/2018 8:09,DCL Outbound-WS Inbound,Hawley IB,890
10/29/2018 8:09,DCL Outbound-WS Inbound,Main and Cedar IB,55
10/29/2018 8:09,DCL Outbound-WS Inbound,Main and Cedar IB,55
10/29/2018 8:09,DCL Outbound-WS Inbound,Main and Cedar IB,55
10/29/2018 8:09,DCL Outbound-WS Inbound,Main and Cedar IB,55
10/29/2018 8:09,DCL Outbound-WS Inbound,Main and Cedar IB,55
10/29/2018 8:09,DCL Outbound-WS Inbound,Main and Cedar IB,55
10/29/2018 8:11,DCL Outbound-WS Inbound,Main and Front OB,890
10/29/2018 8:11,DCL Outbound-WS Inbound,Main and Clarke IB,55
10/29/2018 8:11,DCL Outbound-WS Inbound,Main and Clarke IB,55
10/29/2018 8:11,DCL Outbound-WS Inbound,Main and Clarke IB,55
10/29/2018 8:12,DCL Outbound-WS Inbound,Main and Murray IB,890
10/29/2018 8:12,DCL Outbound-WS Inbound,Main and Murray IB,890
10/29/2018 8:12,DCL Outbound-WS Inbound,Main and Murray IB,890
10/29/2018 8:12,DCL Outbound-WS Inbound,Main and Murray IB,890
10/29/2018 8:12,DCL Outbound-WS Inbound,Main and Schiller IB,55
10/29/2018 8:12,DCL Outbound-WS Inbound,Main and Murray IB,890
10/29/2018 8:12,DCL Outbound-WS Inbound,Main and Schiller IB,55
10/29/2018 8:12,DCL Outbound-WS Inbound,Main and Schiller IB,55
10/29/2018 8:12,DCL Outbound-WS Inbound,Main and Murray IB,890
10/29/2018 8:12,DCL Outbound-WS Inbound,Main and Schiller IB,55
10/29/2018 8:12,DCL Outbound-WS Inbound,Main and Schiller IB,55
10/29/2018 8:12,DCL Outbound-WS Inbound,Main and Schiller IB,55
10/29/2018 8:13,DCL Outbound-WS Inbound,Main and Mather,890
10/29/2018 8:13,DCL Outbound-WS Inbound,Main and Mather,890
10/29/2018 8:13,DCL Outbound-WS Inbound,Main and Helen IB,55
10/29/2018 8:13,DCL Outbound-WS Inbound,Main and Mather,890
10/29/2018 8:13,DCL Outbound-WS Inbound,Main and Helen IB,55
10/29/2018 8:14,DCL Outbound-WS Inbound,Union,42
10/29/2018 8:15,DCL Outbound-WS Inbound,Main and Clarke IB,890
10/29/2018 8:15,DCL Outbound-WS Inbound,Floral and Main IB,55
10/29/2018 8:15,DCL Outbound-WS Inbound,Floral and Main IB,55
10/29/2018 8:16,DCL Outbound-WS Inbound,Main and Schiller IB,890
10/29/2018 8:16,DCL Outbound-WS Inbound,Main and Schiller IB,890
10/29/2018 8:16,DCL Outbound-WS Inbound,Main and Schiller IB,890
10/29/2018 8:16,DCL Outbound-WS Inbound,Floral and Cleveland IB,55
10/29/2018 8:17,DCL Outbound-WS Inbound,Floral and Willow IB,55
10/29/2018 8:18,DCL Outbound-WS Inbound,Main and Crary,890
10/29/2018 8:18,DCL Outbound-WS Inbound,Main and Crary,890
10/29/2018 8:18,DCL Outbound-WS Inbound,Floral and Roberts IB,55
10/29/2018 8:19,DCL Outbound-WS Inbound,Floral and Main IB,890
10/29/2018 8:20,DCL Outbound-WS Inbound,Floral and Cleveland IB,890
10/29/2018 8:21,DCL Outbound-WS Inbound,Floral and Harrison IB,890
10/29/2018 8:30,DCL Outbound-WS Inbound,Leroy St and Murray IB,42
10/29/2018 8:30,DCL Outbound-WS Inbound,Leroy St and Murray IB,42
10/29/2018 8:30,DCL Outbound-WS Inbound,Leroy St and Murray IB,42
10/29/2018 8:33,DCL Outbound-WS Inbound,UDC IB,42
10/29/2018 8:33,DCL Outbound-WS Inbound,UDC IB,42
10/29/2018 8:34,DCL Outbound-WS Inbound,UDC IB,42
10/29/2018 8:37,DCL Outbound-WS Inbound,Hawley IB,42
10/29/2018 8:39,DCL Outbound-WS Inbound,Main and Murray IB,42
10/29/2018 8:39,DCL Outbound-WS Inbound,Main and Murray IB,42
10/29/2018 8:40,DCL Outbound-WS Inbound,Main and Mather,42
10/29/2018 8:40,DCL Outbound-WS Inbound,Main and Mather,42
10/29/2018 8:40,DCL Outbound-WS Inbound,Main and Mather,42
10/29/2018 8:40,DCL Outbound-WS Inbound,Main and Mather,42
10/29/2018 8:42,DCL Outbound-WS Inbound,Main and Clarke IB,42
10/29/2018 8:42,DCL Outbound-WS Inbound,Main and Clarke IB,42
10/29/2018 8:43,DCL Outbound-WS Inbound,Main and Schiller IB,42
10/29/2018 8:43,DCL Outbound-WS Inbound,Main and Schiller IB,42
10/29/2018 8:44,DCL Outbound-WS Inbound,Union,890
10/29/2018 8:44,DCL Outbound-WS Inbound,Union,890
10/29/2018 8:44,DCL Outbound-WS Inbound,Main and Helen IB,42
10/29/2018 8:45,DCL Outbound-WS Inbound,Main and Crary,42
10/29/2018 8:47,DCL Outbound-WS Inbound,Floral and Burbank IB,42
10/29/2018 8:48,DCL Outbound-WS Inbound,Hawley IB,21
10/29/2018 8:48,DCL Outbound-WS Inbound,Main and Front OB,21
10/29/2018 8:48,DCL Outbound-WS Inbound,Floral and Harrison IB,42
10/29/2018 8:49,DCL Outbound-WS Inbound,Main and Front OB,21
10/29/2018 8:50,DCL Outbound-WS Inbound,Main and Murray IB,21
10/29/2018 8:50,DCL Outbound-WS Inbound,Main and Murray IB,21
10/29/2018 8:51,DCL Outbound-WS Inbound,Main and Cedar IB,21
10/29/2018 8:52,DCL Outbound-WS Inbound,Main and Clarke IB,21
10/29/2018 8:52,DCL Outbound-WS Inbound,Main and Clarke IB,21
10/29/2018 8:57,DCL Outbound-WS Inbound,Floral and Cleveland IB,21
10/29/2018 8:57,DCL Outbound-WS Inbound,Floral and Cleveland IB,21
10/29/2018 8:58,DCL Outbound-WS Inbound,UDC IB,526
10/29/2018 8:59,DCL Outbound-WS Inbound,Leroy St and Chestnut OB,890
10/29/2018 8:59,DCL Outbound-WS Inbound,Leroy St and Chestnut OB,890
10/29/2018 8:59,DCL Outbound-WS Inbound,Floral and Harrison IB,21
10/29/2018 9:00,DCL Outbound-WS Inbound,UDC IB,526
10/29/2018 9:00,DCL Outbound-WS Inbound,Leroy St and Murray OB,890
10/29/2018 9:02,DCL Outbound-WS Inbound,Hawley IB,526
10/29/2018 9:03,DCL Outbound-WS Inbound,Main and Front OB,526
10/29/2018 9:03,DCL Outbound-WS Inbound,Main and Front OB,526
10/29/2018 9:03,DCL Outbound-WS Inbound,UDC IB,890
10/29/2018 9:04,DCL Outbound-WS Inbound,UDC IB,890
10/29/2018 9:04,DCL Outbound-WS Inbound,Main and Murray IB,526
10/29/2018 9:04,DCL Outbound-WS Inbound,Main and Murray IB,526
10/29/2018 9:04,DCL Outbound-WS Inbound,Main and Murray IB,526
10/29/2018 9:06,DCL Outbound-WS Inbound,UDC,890
10/29/2018 9:06,DCL Outbound-WS Inbound,Main and Cedar IB,526
10/29/2018 9:07,DCL Outbound-WS Inbound,Hawley IB,890
10/29/2018 9:07,DCL Outbound-WS Inbound,Hawley IB,890
10/29/2018 9:07,DCL Outbound-WS Inbound,Hawley IB,890
10/29/2018 9:08,DCL Outbound-WS Inbound,Main and Schiller IB,526
10/29/2018 9:08,DCL Outbound-WS Inbound,Main and Front OB,890
10/29/2018 9:09,DCL Outbound-WS Inbound,Main and Helen IB,526
10/29/2018 9:09,DCL Outbound-WS Inbound,Main and Murray IB,890
10/29/2018 9:09,DCL Outbound-WS Inbound,Main and Murray IB,890
10/29/2018 9:09,DCL Outbound-WS Inbound,Main and Murray IB,890
10/29/2018 9:09,DCL Outbound-WS Inbound,Main and Murray IB,890
10/29/2018 9:09,DCL Outbound-WS Inbound,Main and Murray IB,890
10/29/2018 9:09,DCL Outbound-WS Inbound,Main and Murray IB,890
10/29/2018 9:09,DCL Outbound-WS Inbound,Main and Murray IB,890
10/29/2018 9:09,DCL Outbound-WS Inbound,Main and Murray IB,890
10/29/2018 9:09,DCL Outbound-WS Inbound,Main and Murray IB,890
10/29/2018 9:09,DCL Outbound-WS Inbound,Main and Murray IB,890
10/29/2018 9:09,DCL Outbound-WS Inbound,Main and Murray IB,890
10/29/2018 9:09,DCL Outbound-WS Inbound,Main and Murray IB,890
10/29/2018 9:10,DCL Outbound-WS Inbound,Main and Mather,890
10/29/2018 9:10,DCL Outbound-WS Inbound,Main and Mather,890
10/29/2018 9:10,DCL Outbound-WS Inbound,Main and Mather,890
10/29/2018 9:10,DCL Outbound-WS Inbound,Main and Mather,890
10/29/2018 9:11,DCL Outbound-WS Inbound,Floral and Cleveland IB,526
10/29/2018 9:11,DCL Outbound-WS Inbound,Main and Cedar IB,890
10/29/2018 9:11,DCL Outbound-WS Inbound,Main and Cedar IB,890
10/29/2018 9:11,DCL Outbound-WS Inbound,Main and Cedar IB,890
10/29/2018 9:12,DCL Outbound-WS Inbound,Main and Clarke IB,890
10/29/2018 9:12,DCL Outbound-WS Inbound,Main and Clarke IB,890
10/29/2018 9:13,DCL Outbound-WS Inbound,Main and Schiller IB,890
10/29/2018 9:13,DCL Outbound-WS Inbound,Main and Schiller IB,890
10/29/2018 9:13,DCL Outbound-WS Inbound,Main and Schiller IB,890
10/29/2018 9:13,DCL Outbound-WS Inbound,Main and Schiller IB,890
10/29/2018 9:13,DCL Outbound-WS Inbound,Main and Schiller IB,890
10/29/2018 9:13,DCL Outbound-WS Inbound,Main and Schiller IB,890
10/29/2018 9:13,DCL Outbound-WS Inbound,Main and Schiller IB,890
10/29/2018 9:13,DCL Outbound-WS Inbound,Main and Schiller IB,890
10/29/2018 9:14,DCL Outbound-WS Inbound,Union,43
10/29/2018 9:17,DCL Outbound-WS Inbound,Floral and Cleveland IB,890
10/29/2018 9:17,DCL Outbound-WS Inbound,Hawley IB,42
10/29/2018 9:17,DCL Outbound-WS Inbound,Hawley IB,42
10/29/2018 9:17,DCL Outbound-WS Inbound,Hawley IB,42
10/29/2018 9:18,DCL Outbound-WS Inbound,Floral and Burbank IB,890
10/29/2018 9:18,DCL Outbound-WS Inbound,Main and Front OB,42
10/29/2018 9:18,DCL Outbound-WS Inbound,Main and Front OB,42
10/29/2018 9:18,DCL Outbound-WS Inbound,Floral and Willow IB,890
10/29/2018 9:18,DCL Outbound-WS Inbound,Floral and Willow IB,890
10/29/2018 9:19,DCL Outbound-WS Inbound,Floral and Roberts IB,890
10/29/2018 9:19,DCL Outbound-WS Inbound,Main and Murray IB,42
10/29/2018 9:19,DCL Outbound-WS Inbound,Main and Murray IB,42
10/29/2018 9:19,DCL Outbound-WS Inbound,Main and Murray IB,42
10/29/2018 9:19,DCL Outbound-WS Inbound,Main and Murray IB,42
10/29/2018 9:19,DCL Outbound-WS Inbound,Main and Murray IB,42
10/29/2018 9:19,DCL Outbound-WS Inbound,Main and Murray IB,42
10/29/2018 9:19,DCL Outbound-WS Inbound,Main and Murray IB,42
10/29/2018 9:19,DCL Outbound-WS Inbound,Main and Murray IB,42
10/29/2018 9:19,DCL Outbound-WS Inbound,Main and Murray IB,42
10/29/2018 9:19,DCL Outbound-WS Inbound,Main and Murray IB,42
10/29/2018 9:19,DCL Outbound-WS Inbound,Main and Murray IB,42
10/29/2018 9:19,DCL Outbound-WS Inbound,Main and Murray IB,42
10/29/2018 9:19,DCL Outbound-WS Inbound,Main and Murray IB,42
10/29/2018 9:20,DCL Outbound-WS Inbound,Main and Mather,42
10/29/2018 9:20,DCL Outbound-WS Inbound,Main and Mather,42
10/29/2018 9:20,DCL Outbound-WS Inbound,Main and Mather,42
10/29/2018 9:20,DCL Outbound-WS Inbound,Main and Mather,42
10/29/2018 9:20,DCL Outbound-WS Inbound,Main and Mather,42
10/29/2018 9:20,DCL Outbound-WS Inbound,Main and Mather,42
10/29/2018 9:20,DCL Outbound-WS Inbound,Main and Mather,42
10/29/2018 9:21,DCL Outbound-WS Inbound,Main and Cedar IB,42
10/29/2018 9:22,DCL Outbound-WS Inbound,Main and Clarke IB,42
10/29/2018 9:22,DCL Outbound-WS Inbound,Main and Clarke IB,42
10/29/2018 9:23,DCL Outbound-WS Inbound,Main and Schiller IB,42
10/29/2018 9:23,DCL Outbound-WS Inbound,Main and Schiller IB,42
10/29/2018 9:23,DCL Outbound-WS Inbound,Main and Schiller IB,42
10/29/2018 9:23,DCL Outbound-WS Inbound,Main and Schiller IB,42
10/29/2018 9:23,DCL Outbound-WS Inbound,Main and Schiller IB,42
10/29/2018 9:23,DCL Outbound-WS Inbound,Main and Schiller IB,42
10/29/2018 9:23,DCL Outbound-WS Inbound,Main and Schiller IB,42
10/29/2018 9:23,DCL Outbound-WS Inbound,Main and Schiller IB,42
10/29/2018 9:24,DCL Outbound-WS Inbound,Main and Helen IB,42
10/29/2018 9:25,DCL Outbound-WS Inbound,Main and Crary,42
10/29/2018 9:27,DCL Outbound-WS Inbound,Floral and Cleveland IB,42
10/29/2018 9:27,DCL Outbound-WS Inbound,Floral and Cleveland IB,42
10/29/2018 9:27,DCL Outbound-WS Inbound,Floral and Cleveland IB,42
10/29/2018 9:27,DCL Outbound-WS Inbound,Floral and Cleveland IB,42
10/29/2018 9:27,DCL Outbound-WS Inbound,Floral and Cleveland IB,42
10/29/2018 9:27,DCL Outbound-WS Inbound,Floral and Cleveland IB,42
10/29/2018 9:28,DCL Outbound-WS Inbound,Floral and Burbank IB,42
10/29/2018 9:29,DCL Outbound-WS Inbound,Floral and St. Charles,42
10/29/2018 9:39,DCL Outbound-WS Inbound,Main and Front OB,43
10/29/2018 9:39,DCL Outbound-WS Inbound,Union,42
10/29/2018 9:39,DCL Outbound-WS Inbound,Main and Front OB,43
10/29/2018 9:39,DCL Outbound-WS Inbound,Union,42
10/29/2018 9:39,DCL Outbound-WS Inbound,Union,42
10/29/2018 9:39,DCL Outbound-WS Inbound,Union,42
10/29/2018 9:39,DCL Outbound-WS Inbound,Union,42
10/29/2018 9:39,DCL Outbound-WS Inbound,Union,42
10/29/2018 9:39,DCL Outbound-WS Inbound,Union,42
10/29/2018 9:39,DCL Outbound-WS Inbound,Union,42
10/29/2018 9:40,DCL Outbound-WS Inbound,Main and Murray IB,43
10/29/2018 9:40,DCL Outbound-WS Inbound,Main and Murray IB,43
10/29/2018 9:40,DCL Outbound-WS Inbound,Main and Murray IB,43
10/29/2018 9:41,DCL Outbound-WS Inbound,Main and Mather,43
10/29/2018 9:41,DCL Outbound-WS Inbound,Main and Mather,43
10/29/2018 9:42,DCL Outbound-WS Inbound,Main and Cedar IB,43
10/29/2018 9:42,DCL Outbound-WS Inbound,Main and Cedar IB,43
10/29/2018 9:42,DCL Outbound-WS Inbound,Main and Cedar IB,43
10/29/2018 9:42,DCL Outbound-WS Inbound,Main and Clarke IB,43
10/29/2018 9:42,DCL Outbound-WS Inbound,Main and Clarke IB,43
10/29/2018 9:42,DCL Outbound-WS Inbound,Main and Clarke IB,43
10/29/2018 9:43,DCL Outbound-WS Inbound,Main and Schiller IB,43
10/29/2018 9:43,DCL Outbound-WS Inbound,Main and Schiller IB,43
10/29/2018 9:43,DCL Outbound-WS Inbound,Main and Schiller IB,43
10/29/2018 9:43,DCL Outbound-WS Inbound,Main and Schiller IB,43
10/29/2018 9:43,DCL Outbound-WS Inbound,Main and Schiller IB,43
10/29/2018 9:43,DCL Outbound-WS Inbound,Main and Schiller IB,43
10/29/2018 9:43,DCL Outbound-WS Inbound,Main and Schiller IB,43
10/29/2018 9:44,DCL Outbound-WS Inbound,Main and Schiller IB,43
10/29/2018 9:45,DCL Outbound-WS Inbound,Main and Helen IB,43
10/29/2018 9:45,DCL Outbound-WS Inbound,Main and Helen IB,43
10/29/2018 9:45,DCL Outbound-WS Inbound,Main and Helen IB,43
10/29/2018 9:47,DCL Outbound-WS Inbound,Floral and Cleveland IB,43
10/29/2018 9:52,DCL Outbound-WS Inbound,Main and Murray IB,890
10/29/2018 9:52,DCL Outbound-WS Inbound,Main and Murray IB,890
10/29/2018 9:52,DCL Outbound-WS Inbound,Main and Murray IB,890
10/29/2018 9:53,DCL Outbound-WS Inbound,Main and Mather,890
10/29/2018 9:53,DCL Outbound-WS Inbound,Main and Mather,890
10/29/2018 9:53,DCL Outbound-WS Inbound,Main and Mather,890
10/29/2018 9:55,DCL Outbound-WS Inbound,Main and Clarke IB,890
10/29/2018 9:55,DCL Outbound-WS Inbound,Main and Clarke IB,890
10/29/2018 9:56,DCL Outbound-WS Inbound,Main and Schiller IB,890
10/29/2018 9:56,DCL Outbound-WS Inbound,Main and Schiller IB,890
10/29/2018 10:00,DCL Outbound-WS Inbound,Floral and Burbank IB,890
10/29/2018 10:01,DCL Outbound-WS Inbound,Floral and St. Charles,890
10/29/2018 10:06,DCL Outbound-WS Inbound,UDC IB,21
10/29/2018 10:06,DCL Outbound-WS Inbound,UDC IB,21
10/29/2018 10:06,DCL Outbound-WS Inbound,UDC IB,21
10/29/2018 10:06,DCL Outbound-WS Inbound,UDC IB,21
10/29/2018 10:08,DCL Outbound-WS Inbound,Union,890
10/29/2018 10:08,DCL Outbound-WS Inbound,Union,890
10/29/2018 10:08,DCL Outbound-WS Inbound,Union,890
10/29/2018 10:08,DCL Outbound-WS Inbound,Union,890
10/29/2018 10:10,DCL Outbound-WS Inbound,Hawley IB,21
10/29/2018 10:10,DCL Outbound-WS Inbound,Hawley IB,21
10/29/2018 10:10,DCL Outbound-WS Inbound,Hawley IB,21
10/29/2018 10:11,DCL Outbound-WS Inbound,Main and Front IB,21
10/29/2018 10:11,DCL Outbound-WS Inbound,Main and Front IB,21
10/29/2018 10:11,DCL Outbound-WS Inbound,Union,42
10/29/2018 10:11,DCL Outbound-WS Inbound,Main and Front IB,21
10/29/2018 10:12,DCL Outbound-WS Inbound,Union,42
10/29/2018 10:12,DCL Outbound-WS Inbound,Main and Front IB,21
10/29/2018 10:12,DCL Outbound-WS Inbound,Union,42
10/29/2018 10:12,DCL Outbound-WS Inbound,Union,42
10/29/2018 10:12,DCL Outbound-WS Inbound,Union,42
10/29/2018 10:13,DCL Outbound-WS Inbound,Main and Murray IB,21
10/29/2018 10:13,DCL Outbound-WS Inbound,Main and Murray IB,21
10/29/2018 10:14,DCL Outbound-WS Inbound,Main and Murray IB,21
10/29/2018 10:14,DCL Outbound-WS Inbound,Main and Murray IB,21
10/29/2018 10:14,DCL Outbound-WS Inbound,Main and Murray IB,21
10/29/2018 10:14,DCL Outbound-WS Inbound,Main and Murray IB,21
10/29/2018 10:14,DCL Outbound-WS Inbound,Union,42
10/29/2018 10:14,DCL Outbound-WS Inbound,Union,42
10/29/2018 10:14,DCL Outbound-WS Inbound,Union,42
10/29/2018 10:15,DCL Outbound-WS Inbound,Main and Mather,21
10/29/2018 10:15,DCL Outbound-WS Inbound,Main and Mather,21
10/29/2018 10:15,DCL Outbound-WS Inbound,Main and Mather,21
10/29/2018 10:15,DCL Outbound-WS Inbound,Main and Mather,21
10/29/2018 10:15,DCL Outbound-WS Inbound,Main and Mather,21
10/29/2018 10:15,DCL Outbound-WS Inbound,Main and Mather,21
10/29/2018 10:15,DCL Outbound-WS Inbound,Main and Mather,21
10/29/2018 10:15,DCL Outbound-WS Inbound,Main and Mather,21
10/29/2018 10:15,DCL Outbound-WS Inbound,Union,42
10/29/2018 10:17,DCL Outbound-WS Inbound,Main and Clarke IB,21
10/29/2018 10:17,DCL Outbound-WS Inbound,Main and Clarke IB,21
10/29/2018 10:17,DCL Outbound-WS Inbound,Hawley IB,526
10/29/2018 10:17,DCL Outbound-WS Inbound,Hawley IB,526
10/29/2018 10:17,DCL Outbound-WS Inbound,Hawley IB,526
10/29/2018 10:17,DCL Outbound-WS Inbound,Hawley IB,526
10/29/2018 10:17,DCL Outbound-WS Inbound,Hawley IB,526
10/29/2018 10:18,DCL Outbound-WS Inbound,Main and Front OB,526
10/29/2018 10:19,DCL Outbound-WS Inbound,Main and Murray IB,526
10/29/2018 10:19,DCL Outbound-WS Inbound,Main and Murray IB,526
10/29/2018 10:19,DCL Outbound-WS Inbound,Main and Murray IB,526
10/29/2018 10:19,DCL Outbound-WS Inbound,Main and Helen IB,21
10/29/2018 10:19,DCL Outbound-WS Inbound,Main and Helen IB,21
10/29/2018 10:20,DCL Outbound-WS Inbound,Main and Mather,526
10/29/2018 10:20,DCL Outbound-WS Inbound,Main and Mather,526
10/29/2018 10:20,DCL Outbound-WS Inbound,Main and Mather,526
10/29/2018 10:20,DCL Outbound-WS Inbound,Main and Mather,526
10/29/2018 10:21,DCL Outbound-WS Inbound,Main and Cedar IB,526
10/29/2018 10:22,DCL Outbound-WS Inbound,Main and Clarke IB,526
10/29/2018 10:22,DCL Outbound-WS Inbound,Main and Schiller IB,526
10/29/2018 10:22,DCL Outbound-WS Inbound,Main and Schiller IB,526
10/29/2018 10:23,DCL Outbound-WS Inbound,Main and Schiller IB,526
10/29/2018 10:23,DCL Outbound-WS Inbound,Main and Schiller IB,526
10/29/2018 10:23,DCL Outbound-WS Inbound,Main and Schiller IB,526
10/29/2018 10:23,DCL Outbound-WS Inbound,Main and Schiller IB,526
10/29/2018 10:23,DCL Outbound-WS Inbound,Main and Schiller IB,526
10/29/2018 10:23,DCL Outbound-WS Inbound,Floral and Roberts IB,21
10/29/2018 10:23,DCL Outbound-WS Inbound,Main and Schiller IB,526
10/29/2018 10:25,DCL Outbound-WS Inbound,Main and Crary,526
10/29/2018 10:26,DCL Outbound-WS Inbound,Floral and Main IB,526
10/29/2018 10:27,DCL Outbound-WS Inbound,Floral and Cleveland IB,526
10/29/2018 10:27,DCL Outbound-WS Inbound,Floral and Cleveland IB,526
10/29/2018 10:27,DCL Outbound-WS Inbound,Floral and Cleveland IB,526
10/29/2018 10:28,DCL Outbound-WS Inbound,Floral and Roberts OB,526
10/29/2018 10:32,DCL Outbound-WS Inbound,UDC IB,42
10/29/2018 10:32,DCL Outbound-WS Inbound,UDC IB,42
10/29/2018 10:33,DCL Outbound-WS Inbound,Physical Facilities,891
10/29/2018 10:34,DCL Outbound-WS Inbound,UDC IB,42
10/29/2018 10:35,DCL Outbound-WS Inbound,UDC IB,42
10/29/2018 10:37,DCL Outbound-WS Inbound,Union,526
10/29/2018 10:37,DCL Outbound-WS Inbound,Union,526
10/29/2018 10:37,DCL Outbound-WS Inbound,Union,526
10/29/2018 10:37,DCL Outbound-WS Inbound,Union,526
10/29/2018 10:38,DCL Outbound-WS Inbound,Union,526
10/29/2018 10:38,DCL Outbound-WS Inbound,Union,526
10/29/2018 10:38,DCL Outbound-WS Inbound,Main and Front OB,42
10/29/2018 10:38,DCL Outbound-WS Inbound,Main and Front OB,42
10/29/2018 10:39,DCL Outbound-WS Inbound,Main and Murray IB,42
10/29/2018 10:39,DCL Outbound-WS Inbound,Union,526
10/29/2018 10:39,DCL Outbound-WS Inbound,Main and Murray IB,42
10/29/2018 10:39,DCL Outbound-WS Inbound,Main and Murray IB,42
10/29/2018 10:39,DCL Outbound-WS Inbound,Main and Murray IB,42
10/29/2018 10:39,DCL Outbound-WS Inbound,Main and Murray IB,42
10/29/2018 10:39,DCL Outbound-WS Inbound,Main and Murray IB,42
10/29/2018 10:40,DCL Outbound-WS Inbound,Union,526
10/29/2018 10:40,DCL Outbound-WS Inbound,Union,526
10/29/2018 10:40,DCL Outbound-WS Inbound,Main and Mather,42
10/29/2018 10:40,DCL Outbound-WS Inbound,Main and Mather,42
10/29/2018 10:40,DCL Outbound-WS Inbound,Main and Mather,42
10/29/2018 10:40,DCL Outbound-WS Inbound,Main and Mather,42
10/29/2018 10:41,DCL Outbound-WS Inbound,Main and Cedar IB,42
10/29/2018 10:42,DCL Outbound-WS Inbound,Main and Clarke OB,42
10/29/2018 10:42,DCL Outbound-WS Inbound,Main and Clarke OB,42
10/29/2018 10:42,DCL Outbound-WS Inbound,Main and Clarke OB,42
10/29/2018 10:43,DCL Outbound-WS Inbound,Main and Schiller IB,42
10/29/2018 10:43,DCL Outbound-WS Inbound,Main and Schiller IB,42
10/29/2018 10:43,DCL Outbound-WS Inbound,Main and Schiller IB,42
10/29/2018 10:43,DCL Outbound-WS Inbound,Main and Schiller IB,42
10/29/2018 10:43,DCL Outbound-WS Inbound,Main and Schiller IB,42
10/29/2018 10:43,DCL Outbound-WS Inbound,Union,43
10/29/2018 10:43,DCL Outbound-WS Inbound,Union,43
10/29/2018 10:43,DCL Outbound-WS Inbound,Leroy St and Chestnut OB,891
10/29/2018 10:43,DCL Outbound-WS Inbound,Union,43
10/29/2018 10:43,DCL Outbound-WS Inbound,Union,43
10/29/2018 10:43,DCL Outbound-WS Inbound,Union,43
10/29/2018 10:43,DCL Outbound-WS Inbound,Union,43
10/29/2018 10:43,DCL Outbound-WS Inbound,Union,43
10/29/2018 10:43,DCL Outbound-WS Inbound,Union,43
10/29/2018 10:43,DCL Outbound-WS Inbound,Union,43
10/29/2018 10:43,DCL Outbound-WS Inbound,Union,43
10/29/2018 10:44,DCL Outbound-WS Inbound,Union,43
10/29/2018 10:44,DCL Outbound-WS Inbound,Union,43
10/29/2018 10:44,DCL Outbound-WS Inbound,Union,43
10/29/2018 10:45,DCL Outbound-WS Inbound,Union,43
10/29/2018 10:46,DCL Outbound-WS Inbound,Union,43
10/29/2018 10:46,DCL Outbound-WS Inbound,Floral and Main IB,42
10/29/2018 10:46,DCL Outbound-WS Inbound,Floral and Main IB,42
10/29/2018 10:47,DCL Outbound-WS Inbound,Floral and Cleveland IB,42
10/29/2018 10:47,DCL Outbound-WS Inbound,Floral and Cleveland IB,42
10/29/2018 10:47,DCL Outbound-WS Inbound,Floral and Cleveland IB,42
10/29/2018 10:47,DCL Outbound-WS Inbound,Floral and Cleveland IB,42
10/29/2018 10:49,DCL Outbound-WS Inbound,Floral and Harrison OB,42
10/29/2018 10:49,DCL Outbound-WS Inbound,Floral and Cook,42
10/29/2018 10:54,DCL Outbound-WS Inbound,Hawley IB,891
10/29/2018 10:55,DCL Outbound-WS Inbound,Main and Murray IB,891
10/29/2018 10:55,DCL Outbound-WS Inbound,Main and Murray IB,891
10/29/2018 10:55,DCL Outbound-WS Inbound,Main and Murray IB,891
10/29/2018 10:56,DCL Outbound-WS Inbound,Main and Murray IB,891
10/29/2018 10:56,DCL Outbound-WS Inbound,Main and Murray IB,891
10/29/2018 10:57,DCL Outbound-WS Inbound,Main and Mather,891
10/29/2018 10:57,DCL Outbound-WS Inbound,Main and Mather,891
10/29/2018 10:57,DCL Outbound-WS Inbound,Main and Mather,891
10/29/2018 10:58,DCL Outbound-WS Inbound,Main and Cedar IB,891
10/29/2018 10:58,DCL Outbound-WS Inbound,Main and Clarke OB,891
10/29/2018 10:59,DCL Outbound-WS Inbound,Main and Schiller IB,891
10/29/2018 10:59,DCL Outbound-WS Inbound,Main and Schiller IB,891
10/29/2018 10:59,DCL Outbound-WS Inbound,Main and Schiller IB,891
10/29/2018 10:59,DCL Outbound-WS Inbound,Main and Schiller IB,891
10/29/2018 11:01,DCL Outbound-WS Inbound,Union,55
10/29/2018 11:01,DCL Outbound-WS Inbound,Union,55
10/29/2018 11:01,DCL Outbound-WS Inbound,Union,55
10/29/2018 11:01,DCL Outbound-WS Inbound,Union,55
10/29/2018 11:01,DCL Outbound-WS Inbound,Union,55
10/29/2018 11:01,DCL Outbound-WS Inbound,Union,55
10/29/2018 11:01,DCL Outbound-WS Inbound,Union,55
10/29/2018 11:01,DCL Outbound-WS Inbound,Main and Helen IB,891
10/29/2018 11:01,DCL Outbound-WS Inbound,Main and Helen IB,891
10/29/2018 11:02,DCL Outbound-WS Inbound,Main and Crary,891
10/29/2018 11:03,DCL Outbound-WS Inbound,UDC,43
10/29/2018 11:03,DCL Outbound-WS Inbound,Physical Facilities,55
10/29/2018 11:05,DCL Outbound-WS Inbound,UDC IB,43
10/29/2018 11:08,DCL Outbound-WS Inbound,Hawley OB,43
10/29/2018 11:08,DCL Outbound-WS Inbound,Hawley OB,43
10/29/2018 11:08,DCL Outbound-WS Inbound,Hawley OB,43
10/29/2018 11:08,DCL Outbound-WS Inbound,Hawley OB,43
10/29/2018 11:08,DCL Outbound-WS Inbound,Hawley OB,43
10/29/2018 11:10,DCL Outbound-WS Inbound,Main and Murray IB,43
10/29/2018 11:10,DCL Outbound-WS Inbound,Main and Murray IB,43
10/29/2018 11:10,DCL Outbound-WS Inbound,Main and Murray IB,43
10/29/2018 11:12,DCL Outbound-WS Inbound,Main and Mather,43
10/29/2018 11:12,DCL Outbound-WS Inbound,Main and Mather,43
10/29/2018 11:12,DCL Outbound-WS Inbound,Main and Mather,43
10/29/2018 11:13,DCL Outbound-WS Inbound,Main and Clarke OB,43
10/29/2018 11:13,DCL Outbound-WS Inbound,Main and Clarke OB,43
10/29/2018 11:13,DCL Outbound-WS Inbound,Main and Clarke OB,43
10/29/2018 11:13,DCL Outbound-WS Inbound,Union,526
10/29/2018 11:14,DCL Outbound-WS Inbound,Union,526
10/29/2018 11:14,DCL Outbound-WS Inbound,Union,526
10/29/2018 11:14,DCL Outbound-WS Inbound,Union,526
10/29/2018 11:14,DCL Outbound-WS Inbound,Main and Schiller IB,43
10/29/2018 11:15,DCL Outbound-WS Inbound,Leroy St and Murray OB,55
10/29/2018 11:16,DCL Outbound-WS Inbound,Main and Helen IB,43
10/29/2018 11:19,DCL Outbound-WS Inbound,UDC IB,55
10/29/2018 11:19,DCL Outbound-WS Inbound,Floral and Roberts OB,43
10/29/2018 11:20,DCL Outbound-WS Inbound,Floral and Harrison OB,43
10/29/2018 11:22,DCL Outbound-WS Inbound,Hawley IB,55
10/29/2018 11:23,DCL Outbound-WS Inbound,Hawley IB,55
10/29/2018 11:23,DCL Outbound-WS Inbound,Hawley IB,55
10/29/2018 11:24,DCL Outbound-WS Inbound,Main and Murray IB,55
10/29/2018 11:24,DCL Outbound-WS Inbound,Main and Murray IB,55
10/29/2018 11:24,DCL Outbound-WS Inbound,Main and Murray IB,55
10/29/2018 11:24,DCL Outbound-WS Inbound,Main and Murray IB,55
10/29/2018 11:24,DCL Outbound-WS Inbound,Main and Murray IB,55
10/29/2018 11:24,DCL Outbound-WS Inbound,Main and Murray IB,55
10/29/2018 11:24,DCL Outbound-WS Inbound,Main and Murray IB,55
10/29/2018 11:25,DCL Outbound-WS Inbound,Main and Mather,55
10/29/2018 11:26,DCL Outbound-WS Inbound,Main and Cedar IB,55
10/29/2018 11:27,DCL Outbound-WS Inbound,Main and Clarke OB,55
10/29/2018 11:28,DCL Outbound-WS Inbound,Union,42
10/29/2018 11:28,DCL Outbound-WS Inbound,Union,42
10/29/2018 11:28,DCL Outbound-WS Inbound,Union,42
10/29/2018 11:28,DCL Outbound-WS Inbound,Union,42
10/29/2018 11:28,DCL Outbound-WS Inbound,Main and Schiller IB,55
10/29/2018 11:28,DCL Outbound-WS Inbound,Main and Schiller IB,55
10/29/2018 11:28,DCL Outbound-WS Inbound,Main and Schiller IB,55
10/29/2018 11:29,DCL Outbound-WS Inbound,Main and Schiller IB,55
10/29/2018 11:29,DCL Outbound-WS Inbound,Leroy St and Chestnut OB,526
10/29/2018 11:29,DCL Outbound-WS Inbound,Union,42
10/29/2018 11:29,DCL Outbound-WS Inbound,Union,42
10/29/2018 11:30,DCL Outbound-WS Inbound,Union,42
10/29/2018 11:31,DCL Outbound-WS Inbound,Main and Helen IB,55
10/29/2018 11:31,DCL Outbound-WS Inbound,Main and Crary,55
10/29/2018 11:33,DCL Outbound-WS Inbound,Floral and Main IB,55
10/29/2018 11:33,DCL Outbound-WS Inbound,Floral and Main IB,55
10/29/2018 11:34,DCL Outbound-WS Inbound,Floral and Cleveland IB,55
10/29/2018 11:34,DCL Outbound-WS Inbound,Floral and Cleveland IB,55
10/29/2018 11:34,DCL Outbound-WS Inbound,Floral and Cleveland IB,55
10/29/2018 11:35,DCL Outbound-WS Inbound,Floral and Burbank IB,55
10/29/2018 11:36,DCL Outbound-WS Inbound,Main and Murray IB,21
10/29/2018 11:37,DCL Outbound-WS Inbound,Main and Mather,21
10/29/2018 11:37,DCL Outbound-WS Inbound,Main and Mather,21
10/29/2018 11:37,DCL Outbound-WS Inbound,Main and Murray IB,526
10/29/2018 11:38,DCL Outbound-WS Inbound,Main and Cedar IB,21
10/29/2018 11:39,DCL Outbound-WS Inbound,Main and Mather,526
10/29/2018 11:39,DCL Outbound-WS Inbound,Main and Clarke IB,21
10/29/2018 11:39,DCL Outbound-WS Inbound,Main and Clarke IB,21
10/29/2018 11:39,DCL Outbound-WS Inbound,Main and Mather,526
10/29/2018 11:39,DCL Outbound-WS Inbound,Main and Mather,526
10/29/2018 11:39,DCL Outbound-WS Inbound,Main and Mather,526
10/29/2018 11:40,DCL Outbound-WS Inbound,Main and Schiller IB,21
10/29/2018 11:40,DCL Outbound-WS Inbound,Main and Schiller IB,21
10/29/2018 11:40,DCL Outbound-WS Inbound,Main and Schiller IB,21
10/29/2018 11:40,DCL Outbound-WS Inbound,Main and Schiller IB,21
10/29/2018 11:42,DCL Outbound-WS Inbound,Union,43
10/29/2018 11:42,DCL Outbound-WS Inbound,Union,43
10/29/2018 11:42,DCL Outbound-WS Inbound,Union,43
10/29/2018 11:43,DCL Outbound-WS Inbound,Union,43
10/29/2018 11:43,DCL Outbound-WS Inbound,Union,43
10/29/2018 11:43,DCL Outbound-WS Inbound,Union,43
10/29/2018 11:43,DCL Outbound-WS Inbound,Union,43
10/29/2018 11:43,DCL Outbound-WS Inbound,Union,43
10/29/2018 11:43,DCL Outbound-WS Inbound,Union,43
10/29/2018 11:43,DCL Outbound-WS Inbound,Union,43
10/29/2018 11:43,DCL Outbound-WS Inbound,Union,43
10/29/2018 11:43,DCL Outbound-WS Inbound,Union,43
10/29/2018 11:44,DCL Outbound-WS Inbound,Union,43
10/29/2018 11:44,DCL Outbound-WS Inbound,Riverside and Front,42
10/29/2018 11:44,DCL Outbound-WS Inbound,Floral and Cleveland IB,526
10/29/2018 11:45,DCL Outbound-WS Inbound,Floral and Burbank IB,526
10/29/2018 11:47,DCL Outbound-WS Inbound,UDC,42
10/29/2018 11:47,DCL Outbound-WS Inbound,UDC,42
10/29/2018 11:47,DCL Outbound-WS Inbound,Physical Facilities,43
10/29/2018 11:53,DCL Outbound-WS Inbound,Main and Front IB,42
10/29/2018 11:53,DCL Outbound-WS Inbound,Main and Front IB,42
10/29/2018 11:54,DCL Outbound-WS Inbound,Main and Murray IB,42
10/29/2018 11:54,DCL Outbound-WS Inbound,Main and Murray IB,42
10/29/2018 11:55,DCL Outbound-WS Inbound,Main and Mather,42
10/29/2018 11:55,DCL Outbound-WS Inbound,Main and Mather,42
10/29/2018 11:55,DCL Outbound-WS Inbound,Main and Mather,42
10/29/2018 11:55,DCL Outbound-WS Inbound,Main and Mather,42
10/29/2018 11:55,DCL Outbound-WS Inbound,Main and Mather,42
10/29/2018 11:56,DCL Outbound-WS Inbound,Main and Cedar IB,42
10/29/2018 11:57,DCL Outbound-WS Inbound,Main and Clarke IB,42
10/29/2018 11:58,DCL Outbound-WS Inbound,Main and Schiller IB,42
10/29/2018 11:58,DCL Outbound-WS Inbound,Main and Schiller IB,42
10/29/2018 11:58,DCL Outbound-WS Inbound,Main and Schiller IB,42
10/29/2018 11:58,DCL Outbound-WS Inbound,Main and Schiller IB,42
10/29/2018 11:58,DCL Outbound-WS Inbound,Main and Schiller IB,42
10/29/2018 12:00,DCL Outbound-WS Inbound,Main and Helen IB,42
10/29/2018 12:02,DCL Outbound-WS Inbound,Floral and Main IB,42
10/29/2018 12:03,DCL Outbound-WS Inbound,Floral and Cleveland IB,42
10/29/2018 12:03,DCL Outbound-WS Inbound,UDC IB,43
10/29/2018 12:04,DCL Outbound-WS Inbound,UDC IB,43
10/29/2018 12:05,DCL Outbound-WS Inbound,Floral and Cook,42
10/29/2018 12:09,DCL Outbound-WS Inbound,Hawley IB,43
10/29/2018 12:09,DCL Outbound-WS Inbound,Hawley IB,43
10/29/2018 12:10,DCL Outbound-WS Inbound,Main and Front OB,43
10/29/2018 12:10,DCL Outbound-WS Inbound,Main and Murray IB,43
10/29/2018 12:10,DCL Outbound-WS Inbound,Main and Murray IB,43
10/29/2018 12:11,DCL Outbound-WS Inbound,Main and Cedar IB,43
10/29/2018 12:11,DCL Outbound-WS Inbound,Main and Cedar IB,43
10/29/2018 12:12,DCL Outbound-WS Inbound,Main and Clarke IB,43
10/29/2018 12:13,DCL Outbound-WS Inbound,Main and Schiller IB,43
10/29/2018 12:13,DCL Outbound-WS Inbound,Main and Schiller IB,43
10/29/2018 12:13,DCL Outbound-WS Inbound,Main and Schiller IB,43
10/29/2018 12:13,DCL Outbound-WS Inbound,Main and Schiller IB,43
10/29/2018 12:14,DCL Outbound-WS Inbound,Union,526
10/29/2018 12:14,DCL Outbound-WS Inbound,Union,526
10/29/2018 12:14,DCL Outbound-WS Inbound,Union,526
10/29/2018 12:14,DCL Outbound-WS Inbound,Union,526
10/29/2018 12:14,DCL Outbound-WS Inbound,Union,526
10/29/2018 12:15,DCL Outbound-WS Inbound,Union,526
10/29/2018 12:15,DCL Outbound-WS Inbound,Main and Helen IB,43
10/29/2018 12:15,DCL Outbound-WS Inbound,Union,526
10/29/2018 12:28,DCL Outbound-WS Inbound,Union,55
10/29/2018 12:28,DCL Outbound-WS Inbound,Union,55
10/29/2018 12:28,DCL Outbound-WS Inbound,Union,55
10/29/2018 12:28,DCL Outbound-WS Inbound,Union,55
10/29/2018 12:28,DCL Outbound-WS Inbound,Union,55
10/29/2018 12:29,DCL Outbound-WS Inbound,Union,55
10/29/2018 12:30,DCL Outbound-WS Inbound,Union,55
10/29/2018 12:32,DCL Outbound-WS Inbound,UDC IB,526
10/29/2018 12:32,DCL Outbound-WS Inbound,UDC IB,526
10/29/2018 12:32,DCL Outbound-WS Inbound,UDC IB,526
10/29/2018 12:32,DCL Outbound-WS Inbound,UDC IB,526
10/29/2018 12:32,DCL Outbound-WS Inbound,UDC IB,526
10/29/2018 12:32,DCL Outbound-WS Inbound,UDC IB,526
10/29/2018 12:32,DCL Outbound-WS Inbound,UDC IB,526
10/29/2018 12:32,DCL Outbound-WS Inbound,UDC IB,526
10/29/2018 12:32,DCL Outbound-WS Inbound,UDC IB,526
10/29/2018 12:35,DCL Outbound-WS Inbound,Physical Facilities,55
10/29/2018 12:35,DCL Outbound-WS Inbound,Physical Facilities,55
10/29/2018 12:35,DCL Outbound-WS Inbound,Physical Facilities,55
10/29/2018 12:35,DCL Outbound-WS Inbound,UDC,526
10/29/2018 12:37,DCL Outbound-WS Inbound,Hawley IB,526
10/29/2018 12:37,DCL Outbound-WS Inbound,Hawley IB,526
10/29/2018 12:37,DCL Outbound-WS Inbound,Hawley IB,526
10/29/2018 12:37,DCL Outbound-WS Inbound,Hawley IB,526
10/29/2018 12:37,DCL Outbound-WS Inbound,Hawley IB,526
10/29/2018 12:37,DCL Outbound-WS Inbound,Hawley IB,526
10/29/2018 12:39,DCL Outbound-WS Inbound,Main and Front IB,526
10/29/2018 12:40,DCL Outbound-WS Inbound,Main and Murray IB,526
10/29/2018 12:40,DCL Outbound-WS Inbound,Main and Murray IB,526
10/29/2018 12:40,DCL Outbound-WS Inbound,Main and Murray IB,526
10/29/2018 12:40,DCL Outbound-WS Inbound,Main and Murray IB,526
10/29/2018 12:40,DCL Outbound-WS Inbound,Main and Murray IB,526
10/29/2018 12:41,DCL Outbound-WS Inbound,Main and Mather,526
10/29/2018 12:41,DCL Outbound-WS Inbound,Main and Mather,526
10/29/2018 12:41,DCL Outbound-WS Inbound,Main and Mather,526
10/29/2018 12:41,DCL Outbound-WS Inbound,Main and Mather,526
10/29/2018 12:41,DCL Outbound-WS Inbound,Main and Mather,526
10/29/2018 12:41,DCL Outbound-WS Inbound,Main and Mather,526
10/29/2018 12:43,DCL Outbound-WS Inbound,Main and Cedar IB,526
10/29/2018 12:43,DCL Outbound-WS Inbound,Main and Cedar IB,526
10/29/2018 12:43,DCL Outbound-WS Inbound,Main and Cedar IB,526
10/29/2018 12:43,DCL Outbound-WS Inbound,Main and Cedar IB,526
10/29/2018 12:43,DCL Outbound-WS Inbound,Main and Cedar IB,526
10/29/2018 12:43,DCL Outbound-WS Inbound,Union,21
10/29/2018 12:43,DCL Outbound-WS Inbound,Union,21
10/29/2018 12:44,DCL Outbound-WS Inbound,Main and Clarke IB,526
10/29/2018 12:44,DCL Outbound-WS Inbound,Main and Clarke IB,526
10/29/2018 12:44,DCL Outbound-WS Inbound,Union,21
10/29/2018 12:44,DCL Outbound-WS Inbound,Main and Clarke IB,526
10/29/2018 12:44,DCL Outbound-WS Inbound,Main and Clarke IB,526
10/29/2018 12:44,DCL Outbound-WS Inbound,Union,21
10/29/2018 12:44,DCL Outbound-WS Inbound,Union,21
10/29/2018 12:45,DCL Outbound-WS Inbound,Main and Schiller IB,526
10/29/2018 12:45,DCL Outbound-WS Inbound,Main and Schiller IB,526
10/29/2018 12:45,DCL Outbound-WS Inbound,Main and Schiller IB,526
10/29/2018 12:45,DCL Outbound-WS Inbound,Main and Schiller IB,526
10/29/2018 12:45,DCL Outbound-WS Inbound,Main and Schiller IB,526
10/29/2018 12:45,DCL Outbound-WS Inbound,Main and Schiller IB,526
10/29/2018 12:45,DCL Outbound-WS Inbound,Main and Schiller IB,526
10/29/2018 12:45,DCL Outbound-WS Inbound,Main and Schiller IB,526
10/29/2018 12:45,DCL Outbound-WS Inbound,Main and Schiller IB,526
10/29/2018 12:45,DCL Outbound-WS Inbound,Main and Schiller IB,526
10/29/2018 12:45,DCL Outbound-WS Inbound,Main and Schiller IB,526
10/29/2018 12:45,DCL Outbound-WS Inbound,Main and Schiller IB,526
10/29/2018 12:45,DCL Outbound-WS Inbound,Main and Schiller IB,526
10/29/2018 12:45,DCL Outbound-WS Inbound,Main and Schiller IB,526
10/29/2018 12:45,DCL Outbound-WS Inbound,Main and Schiller IB,526
10/29/2018 12:45,DCL Outbound-WS Inbound,Main and Schiller IB,526
10/29/2018 12:45,DCL Outbound-WS Inbound,Main and Schiller IB,526
10/29/2018 12:46,DCL Outbound-WS Inbound,Leroy St and Murray OB,55
10/29/2018 12:50,DCL Outbound-WS Inbound,UDC IB,55
10/29/2018 12:50,DCL Outbound-WS Inbound,UDC IB,55
10/29/2018 12:50,DCL Outbound-WS Inbound,UDC IB,55
10/29/2018 12:50,DCL Outbound-WS Inbound,UDC IB,55
10/29/2018 12:50,DCL Outbound-WS Inbound,UDC IB,55
10/29/2018 12:53,DCL Outbound-WS Inbound,Hawley IB,55
10/29/2018 12:53,DCL Outbound-WS Inbound,Hawley IB,55
10/29/2018 12:55,DCL Outbound-WS Inbound,Main and Front OB,55
10/29/2018 12:55,DCL Outbound-WS Inbound,Main and Front OB,55
10/29/2018 12:56,DCL Outbound-WS Inbound,Main and Murray IB,55
10/29/2018 12:56,DCL Outbound-WS Inbound,Main and Murray IB,55
10/29/2018 12:56,DCL Outbound-WS Inbound,Main and Murray IB,55
10/29/2018 12:56,DCL Outbound-WS Inbound,Main and Murray IB,55
10/29/2018 12:56,DCL Outbound-WS Inbound,Main and Murray IB,55
10/29/2018 12:57,DCL Outbound-WS Inbound,Main and Murray IB,55
10/29/2018 12:57,DCL Outbound-WS Inbound,Main and Mather,55
10/29/2018 12:57,DCL Outbound-WS Inbound,Main and Mather,55
10/29/2018 12:57,DCL Outbound-WS Inbound,Main and Mather,55
10/29/2018 12:59,DCL Outbound-WS Inbound,Main and Clarke IB,55
10/29/2018 12:59,DCL Outbound-WS Inbound,Main and Clarke IB,55
10/29/2018 13:01,DCL Outbound-WS Inbound,Main and Schiller IB,55
10/29/2018 13:02,DCL Outbound-WS Inbound,Main and Helen IB,55
10/29/2018 13:02,DCL Outbound-WS Inbound,Main and Helen IB,55
10/29/2018 13:02,DCL Outbound-WS Inbound,Main and Helen IB,55
10/29/2018 13:02,DCL Outbound-WS Inbound,Main and Helen IB,55
10/29/2018 13:02,DCL Outbound-WS Inbound,Main and Helen IB,55
10/29/2018 13:05,DCL Outbound-WS Inbound,Floral and Cleveland IB,55
10/29/2018 13:05,DCL Outbound-WS Inbound,Floral and Cleveland IB,55
10/29/2018 13:05,DCL Outbound-WS Inbound,Floral and Cleveland IB,55
10/29/2018 13:05,DCL Outbound-WS Inbound,UDC IB,21
10/29/2018 13:06,DCL Outbound-WS Inbound,Floral and Burbank IB,55
10/29/2018 13:07,DCL Outbound-WS Inbound,Floral and Willow IB,55
10/29/2018 13:07,DCL Outbound-WS Inbound,Hawley IB,21
10/29/2018 13:07,DCL Outbound-WS Inbound,Floral and Harrison IB,55
10/29/2018 13:09,DCL Outbound-WS Inbound,Main and Murray IB,21
10/29/2018 13:09,DCL Outbound-WS Inbound,Main and Murray IB,21
10/29/2018 13:10,DCL Outbound-WS Inbound,Main and Mather,21
10/29/2018 13:12,DCL Outbound-WS Inbound,Main and Schiller IB,21
10/29/2018 13:13,DCL Outbound-WS Inbound,Main and Helen IB,21
10/29/2018 13:13,DCL Outbound-WS Inbound,Union,43
10/29/2018 13:13,DCL Outbound-WS Inbound,Union,43
10/29/2018 13:13,DCL Outbound-WS Inbound,Union,43
10/29/2018 13:14,DCL Outbound-WS Inbound,Union,43
10/29/2018 13:14,DCL Outbound-WS Inbound,Union,43
10/29/2018 13:14,DCL Outbound-WS Inbound,Union,43
10/29/2018 13:14,DCL Outbound-WS Inbound,Union,43
10/29/2018 13:14,DCL Outbound-WS Inbound,Union,43
10/29/2018 13:14,DCL Outbound-WS Inbound,Union,43
10/29/2018 13:14,DCL Outbound-WS Inbound,Union,43
10/29/2018 13:14,DCL Outbound-WS Inbound,Union,43
10/29/2018 13:14,DCL Outbound-WS Inbound,Union,43
10/29/2018 13:14,DCL Outbound-WS Inbound,Union,43
10/29/2018 13:14,DCL Outbound-WS Inbound,Union,43
10/29/2018 13:14,DCL Outbound-WS Inbound,Union,43
10/29/2018 13:14,DCL Outbound-WS Inbound,Union,43
10/29/2018 13:14,DCL Outbound-WS Inbound,Union,43
10/29/2018 13:14,DCL Outbound-WS Inbound,Union,43
10/29/2018 13:14,DCL Outbound-WS Inbound,Union,43
10/29/2018 13:14,DCL Outbound-WS Inbound,Union,43
10/29/2018 13:14,DCL Outbound-WS Inbound,Union,43
10/29/2018 13:14,DCL Outbound-WS Inbound,Union,43
10/29/2018 13:14,DCL Outbound-WS Inbound,Union,43
10/29/2018 13:14,DCL Outbound-WS Inbound,Union,43
10/29/2018 13:14,DCL Outbound-WS Inbound,Union,43
10/29/2018 13:14,DCL Outbound-WS Inbound,Union,43
10/29/2018 13:14,DCL Outbound-WS Inbound,Union,43
10/29/2018 13:14,DCL Outbound-WS Inbound,Union,43
10/29/2018 13:14,DCL Outbound-WS Inbound,Union,43
10/29/2018 13:15,DCL Outbound-WS Inbound,Union,43
10/29/2018 13:15,DCL Outbound-WS Inbound,Union,43
10/29/2018 13:15,DCL Outbound-WS Inbound,Floral and Cleveland IB,21
10/29/2018 13:15,DCL Outbound-WS Inbound,Union,43
10/29/2018 13:16,DCL Outbound-WS Inbound,Union,43
10/29/2018 13:18,DCL Outbound-WS Inbound,Physical Facilities,43
10/29/2018 13:18,DCL Outbound-WS Inbound,Physical Facilities,43
10/29/2018 13:18,DCL Outbound-WS Inbound,Physical Facilities,43
10/29/2018 13:18,DCL Outbound-WS Inbound,Physical Facilities,43
10/29/2018 13:22,DCL Outbound-WS Inbound,Union,55
10/29/2018 13:22,DCL Outbound-WS Inbound,Union,55
10/29/2018 13:22,DCL Outbound-WS Inbound,Union,55
10/29/2018 13:22,DCL Outbound-WS Inbound,Union,55
10/29/2018 13:22,DCL Outbound-WS Inbound,Union,55
10/29/2018 13:22,DCL Outbound-WS Inbound,Union,55
10/29/2018 13:22,DCL Outbound-WS Inbound,Union,55
10/29/2018 13:22,DCL Outbound-WS Inbound,Union,55
10/29/2018 13:22,DCL Outbound-WS Inbound,Union,55
10/29/2018 13:22,DCL Outbound-WS Inbound,Union,55
10/29/2018 13:22,DCL Outbound-WS Inbound,Union,55
10/29/2018 13:23,DCL Outbound-WS Inbound,Union,55
10/29/2018 13:23,DCL Outbound-WS Inbound,Union,55
10/29/2018 13:23,DCL Outbound-WS Inbound,Union,55
10/29/2018 13:23,DCL Outbound-WS Inbound,Union,55
10/29/2018 13:23,DCL Outbound-WS Inbound,Union,55
10/29/2018 13:32,DCL Outbound-WS Inbound,Leroy St and Murray OB,43
10/29/2018 13:35,DCL Outbound-WS Inbound,UDC IB,43
10/29/2018 13:35,DCL Outbound-WS Inbound,UDC IB,43
10/29/2018 13:35,DCL Outbound-WS Inbound,UDC IB,43
10/29/2018 13:35,DCL Outbound-WS Inbound,UDC IB,43
10/29/2018 13:37,DCL Outbound-WS Inbound,Hawley IB,43
10/29/2018 13:37,DCL Outbound-WS Inbound,Hawley IB,43
10/29/2018 13:38,DCL Outbound-WS Inbound,Main and Front OB,43
10/29/2018 13:39,DCL Outbound-WS Inbound,Main and Murray IB,43
10/29/2018 13:39,DCL Outbound-WS Inbound,Main and Murray IB,43
10/29/2018 13:39,DCL Outbound-WS Inbound,Main and Murray IB,43
10/29/2018 13:39,DCL Outbound-WS Inbound,Main and Murray IB,43
10/29/2018 13:39,DCL Outbound-WS Inbound,Main and Murray IB,43
10/29/2018 13:39,DCL Outbound-WS Inbound,Main and Murray IB,43
10/29/2018 13:39,DCL Outbound-WS Inbound,Main and Murray IB,43
10/29/2018 13:40,DCL Outbound-WS Inbound,Main and Mather,43
10/29/2018 13:40,DCL Outbound-WS Inbound,Main and Mather,43
10/29/2018 13:40,DCL Outbound-WS Inbound,Main and Mather,43
10/29/2018 13:40,DCL Outbound-WS Inbound,Main and Mather,43
10/29/2018 13:40,DCL Outbound-WS Inbound,Main and Mather,43
10/29/2018 13:41,DCL Outbound-WS Inbound,Union,526
10/29/2018 13:41,DCL Outbound-WS Inbound,Union,526
10/29/2018 13:41,DCL Outbound-WS Inbound,Union,526
10/29/2018 13:41,DCL Outbound-WS Inbound,Union,526
10/29/2018 13:41,DCL Outbound-WS Inbound,Main and Cedar IB,43
10/29/2018 13:41,DCL Outbound-WS Inbound,Main and Cedar IB,43
10/29/2018 13:41,DCL Outbound-WS Inbound,Main and Cedar IB,43
10/29/2018 13:41,DCL Outbound-WS Inbound,Main and Cedar IB,43
10/29/2018 13:41,DCL Outbound-WS Inbound,Main and Cedar IB,43
10/29/2018 13:41,DCL Outbound-WS Inbound,Main and Cedar IB,43
10/29/2018 13:41,DCL Outbound-WS Inbound,Main and Cedar IB,43
10/29/2018 13:41,DCL Outbound-WS Inbound,Union,526
10/29/2018 13:42,DCL Outbound-WS Inbound,Main and Cedar IB,43
10/29/2018 13:42,DCL Outbound-WS Inbound,Union,526
10/29/2018 13:42,DCL Outbound-WS Inbound,Main and Clarke IB,43
10/29/2018 13:42,DCL Outbound-WS Inbound,Main and Clarke IB,43
10/29/2018 13:42,DCL Outbound-WS Inbound,Main and Clarke IB,43
10/29/2018 13:42,DCL Outbound-WS Inbound,Main and Clarke IB,43
10/29/2018 13:42,DCL Outbound-WS Inbound,Main and Clarke IB,43
10/29/2018 13:42,DCL Outbound-WS Inbound,Main and Clarke IB,43
10/29/2018 13:42,DCL Outbound-WS Inbound,Main and Clarke IB,43
10/29/2018 13:42,DCL Outbound-WS Inbound,Main and Clarke IB,43
10/29/2018 13:43,DCL Outbound-WS Inbound,Main and Clarke IB,43
10/29/2018 13:43,DCL Outbound-WS Inbound,Union,526
10/29/2018 13:44,DCL Outbound-WS Inbound,Union,526
10/29/2018 13:44,DCL Outbound-WS Inbound,Main and Schiller IB,43
10/29/2018 13:44,DCL Outbound-WS Inbound,Main and Schiller IB,43
10/29/2018 13:44,DCL Outbound-WS Inbound,Main and Schiller IB,43
10/29/2018 13:44,DCL Outbound-WS Inbound,Main and Schiller IB,43
10/29/2018 13:44,DCL Outbound-WS Inbound,Main and Schiller IB,43
10/29/2018 13:44,DCL Outbound-WS Inbound,Main and Schiller IB,43
10/29/2018 13:44,DCL Outbound-WS Inbound,Main and Schiller IB,43
10/29/2018 13:44,DCL Outbound-WS Inbound,Main and Schiller IB,43
10/29/2018 13:45,DCL Outbound-WS Inbound,Union,526
10/29/2018 13:46,DCL Outbound-WS Inbound,Main and Helen IB,43
10/29/2018 13:47,DCL Outbound-WS Inbound,Floral and Main IB,43
10/29/2018 13:48,DCL Outbound-WS Inbound,Floral and Cleveland IB,43
10/29/2018 13:48,DCL Outbound-WS Inbound,Floral and Cleveland IB,43
10/29/2018 13:48,DCL Outbound-WS Inbound,Floral and Cleveland IB,43
10/29/2018 13:48,DCL Outbound-WS Inbound,Floral and Cleveland IB,43
10/29/2018 13:48,DCL Outbound-WS Inbound,Floral and Cleveland IB,43
10/29/2018 13:50,DCL Outbound-WS Inbound,Floral and Willow IB,43
10/29/2018 13:50,DCL Outbound-WS Inbound,Floral and Harrison IB,43
10/29/2018 13:52,DCL Outbound-WS Inbound,Riverside and Columbus,526
10/29/2018 13:57,DCL Outbound-WS Inbound,Leroy St and Chestnut OB,526
10/29/2018 13:57,DCL Outbound-WS Inbound,Leroy St and Chestnut OB,526
10/29/2018 13:58,DCL Outbound-WS Inbound,Leroy St and Murray OB,526
10/29/2018 13:58,DCL Outbound-WS Inbound,Leroy St and Murray OB,526
10/29/2018 14:01,DCL Outbound-WS Inbound,UDC IB,526
10/29/2018 14:02,DCL Outbound-WS Inbound,UDC IB,526
10/29/2018 14:02,DCL Outbound-WS Inbound,UDC IB,526
10/29/2018 14:03,DCL Outbound-WS Inbound,UDC IB,526
10/29/2018 14:03,DCL Outbound-WS Inbound,UDC IB,526
10/29/2018 14:05,DCL Outbound-WS Inbound,UDC IB,526
10/29/2018 14:05,DCL Outbound-WS Inbound,UDC IB,526
10/29/2018 14:07,DCL Outbound-WS Inbound,Hawley IB,526
10/29/2018 14:07,DCL Outbound-WS Inbound,Hawley IB,526
10/29/2018 14:07,DCL Outbound-WS Inbound,Hawley IB,526
10/29/2018 14:08,DCL Outbound-WS Inbound,Main and Front OB,526
10/29/2018 14:09,DCL Outbound-WS Inbound,Main and Murray IB,526
10/29/2018 14:09,DCL Outbound-WS Inbound,Main and Murray IB,526
10/29/2018 14:09,DCL Outbound-WS Inbound,Main and Murray IB,526
10/29/2018 14:09,DCL Outbound-WS Inbound,Main and Murray IB,526
10/29/2018 14:09,DCL Outbound-WS Inbound,Main and Murray IB,526
10/29/2018 14:09,DCL Outbound-WS Inbound,Main and Murray IB,526
10/29/2018 14:09,DCL Outbound-WS Inbound,Main and Murray IB,526
10/29/2018 14:10,DCL Outbound-WS Inbound,Main and Mather,526
10/29/2018 14:10,DCL Outbound-WS Inbound,Main and Mather,526
10/29/2018 14:11,DCL Outbound-WS Inbound,Main and Cedar IB,526
10/29/2018 14:11,DCL Outbound-WS Inbound,Main and Cedar IB,526
10/29/2018 14:12,DCL Outbound-WS Inbound,Main and Schiller IB,526
10/29/2018 14:12,DCL Outbound-WS Inbound,Main and Schiller IB,526
10/29/2018 14:12,DCL Outbound-WS Inbound,Main and Schiller IB,526
10/29/2018 14:12,DCL Outbound-WS Inbound,Main and Schiller IB,526
10/29/2018 14:12,DCL Outbound-WS Inbound,Main and Schiller IB,526
10/29/2018 14:14,DCL Outbound-WS Inbound,Main and Crary,526
10/29/2018 14:14,DCL Outbound-WS Inbound,Union,891
10/29/2018 14:14,DCL Outbound-WS Inbound,Union,891
10/29/2018 14:14,DCL Outbound-WS Inbound,Union,891
10/29/2018 14:14,DCL Outbound-WS Inbound,Union,891
10/29/2018 14:15,DCL Outbound-WS Inbound,Union,891
10/29/2018 14:15,DCL Outbound-WS Inbound,Union,891
10/29/2018 14:15,DCL Outbound-WS Inbound,Union,891
10/29/2018 14:15,DCL Outbound-WS Inbound,Union,891
10/29/2018 14:15,DCL Outbound-WS Inbound,Union,891
10/29/2018 14:15,DCL Outbound-WS Inbound,Union,891
10/29/2018 14:15,DCL Outbound-WS Inbound,Union,891
10/29/2018 14:15,DCL Outbound-WS Inbound,Union,891
10/29/2018 14:15,DCL Outbound-WS Inbound,Union,891
10/29/2018 14:15,DCL Outbound-WS Inbound,Union,891
10/29/2018 14:15,DCL Outbound-WS Inbound,Union,891
10/29/2018 14:15,DCL Outbound-WS Inbound,Union,891
10/29/2018 14:15,DCL Outbound-WS Inbound,Union,891
10/29/2018 14:15,DCL Outbound-WS Inbound,Union,891
10/29/2018 14:15,DCL Outbound-WS Inbound,Union,891
10/29/2018 14:15,DCL Outbound-WS Inbound,Union,891
10/29/2018 14:15,DCL Outbound-WS Inbound,Union,891
10/29/2018 14:15,DCL Outbound-WS Inbound,Union,891
10/29/2018 14:15,DCL Outbound-WS Inbound,Union,891
10/29/2018 14:16,DCL Outbound-WS Inbound,Union,891
10/29/2018 14:16,DCL Outbound-WS Inbound,Union,891
10/29/2018 14:16,DCL Outbound-WS Inbound,Union,891
10/29/2018 14:16,DCL Outbound-WS Inbound,Union,891
10/29/2018 14:16,DCL Outbound-WS Inbound,Union,891
10/29/2018 14:16,DCL Outbound-WS Inbound,Union,891
10/29/2018 14:16,DCL Outbound-WS Inbound,Union,891
10/29/2018 14:16,DCL Outbound-WS Inbound,Union,891
10/29/2018 14:34,DCL Outbound-WS Inbound,Leroy St and Chestnut OB,891
10/29/2018 14:39,DCL Outbound-WS Inbound,UDC IB,891
10/29/2018 14:41,DCL Outbound-WS Inbound,Hawley IB,891
10/29/2018 14:41,DCL Outbound-WS Inbound,Hawley IB,891
10/29/2018 14:41,DCL Outbound-WS Inbound,Hawley IB,891
10/29/2018 14:42,DCL Outbound-WS Inbound,Main and Front IB,891
10/29/2018 14:42,DCL Outbound-WS Inbound,Main and Front IB,891
10/29/2018 14:42,DCL Outbound-WS Inbound,Union,43
10/29/2018 14:42,DCL Outbound-WS Inbound,Union,43
10/29/2018 14:42,DCL Outbound-WS Inbound,Union,43
10/29/2018 14:42,DCL Outbound-WS Inbound,Union,43
10/29/2018 14:42,DCL Outbound-WS Inbound,Union,43
10/29/2018 14:42,DCL Outbound-WS Inbound,Union,43
10/29/2018 14:42,DCL Outbound-WS Inbound,Union,43
10/29/2018 14:42,DCL Outbound-WS Inbound,Union,43
10/29/2018 14:42,DCL Outbound-WS Inbound,Union,43
10/29/2018 14:42,DCL Outbound-WS Inbound,Union,43
10/29/2018 14:42,DCL Outbound-WS Inbound,Union,43
10/29/2018 14:42,DCL Outbound-WS Inbound,Union,43
10/29/2018 14:42,DCL Outbound-WS Inbound,Main and Murray IB,891
10/29/2018 14:42,DCL Outbound-WS Inbound,Main and Murray IB,891
10/29/2018 14:42,DCL Outbound-WS Inbound,Main and Murray IB,891
10/29/2018 14:42,DCL Outbound-WS Inbound,Main and Murray IB,891
10/29/2018 14:43,DCL Outbound-WS Inbound,Union,43
10/29/2018 14:43,DCL Outbound-WS Inbound,Union,43
10/29/2018 14:43,DCL Outbound-WS Inbound,Main and Mather,891
10/29/2018 14:43,DCL Outbound-WS Inbound,Main and Mather,891
10/29/2018 14:43,DCL Outbound-WS Inbound,Main and Mather,891
10/29/2018 14:43,DCL Outbound-WS Inbound,Main and Mather,891
10/29/2018 14:43,DCL Outbound-WS Inbound,Main and Mather,891
10/29/2018 14:43,DCL Outbound-WS Inbound,Main and Mather,891
10/29/2018 14:44,DCL Outbound-WS Inbound,Main and Mather,891
10/29/2018 14:44,DCL Outbound-WS Inbound,Union,43
10/29/2018 14:44,DCL Outbound-WS Inbound,Union,43
10/29/2018 14:44,DCL Outbound-WS Inbound,Union,43
10/29/2018 14:44,DCL Outbound-WS Inbound,Union,43
10/29/2018 14:44,DCL Outbound-WS Inbound,Main and Cedar IB,891
10/29/2018 14:45,DCL Outbound-WS Inbound,Main and Clarke IB,891
10/29/2018 14:46,DCL Outbound-WS Inbound,Main and Schiller IB,891
10/29/2018 14:46,DCL Outbound-WS Inbound,Main and Schiller IB,891
10/29/2018 14:46,DCL Outbound-WS Inbound,Main and Schiller IB,891
10/29/2018 14:46,DCL Outbound-WS Inbound,Main and Schiller IB,891
10/29/2018 14:46,DCL Outbound-WS Inbound,Main and Schiller IB,891
10/29/2018 14:49,DCL Outbound-WS Inbound,Main and Helen IB,891
10/29/2018 14:49,DCL Outbound-WS Inbound,Main and Helen IB,891
10/29/2018 14:52,DCL Outbound-WS Inbound,Floral and Cleveland IB,891
10/29/2018 14:52,DCL Outbound-WS Inbound,Floral and Cleveland IB,891
10/29/2018 14:52,DCL Outbound-WS Inbound,Floral and Cleveland IB,891
10/29/2018 14:52,DCL Outbound-WS Inbound,Floral and Cleveland IB,891
10/29/2018 15:04,DCL Outbound-WS Inbound,UDC IB,43
10/29/2018 15:04,DCL Outbound-WS Inbound,UDC IB,43
10/29/2018 15:04,DCL Outbound-WS Inbound,UDC IB,43
10/29/2018 15:07,DCL Outbound-WS Inbound,Hawley IB,43
10/29/2018 15:07,DCL Outbound-WS Inbound,Hawley IB,43
10/29/2018 15:07,DCL Outbound-WS Inbound,Hawley IB,43
10/29/2018 15:08,DCL Outbound-WS Inbound,Main and Front IB,43
10/29/2018 15:08,DCL Outbound-WS Inbound,Main and Front IB,43
10/29/2018 15:09,DCL Outbound-WS Inbound,Main and Murray IB,43
10/29/2018 15:09,DCL Outbound-WS Inbound,Main and Murray IB,43
10/29/2018 15:09,DCL Outbound-WS Inbound,Main and Murray IB,43
10/29/2018 15:09,DCL Outbound-WS Inbound,Main and Murray IB,43
10/29/2018 15:09,DCL Outbound-WS Inbound,Main and Murray IB,43
10/29/2018 15:09,DCL Outbound-WS Inbound,Main and Murray IB,43
10/29/2018 15:09,DCL Outbound-WS Inbound,Main and Murray IB,43
10/29/2018 15:09,DCL Outbound-WS Inbound,Main and Murray IB,43
10/29/2018 15:10,DCL Outbound-WS Inbound,Main and Mather,43
10/29/2018 15:10,DCL Outbound-WS Inbound,Main and Mather,43
10/29/2018 15:10,DCL Outbound-WS Inbound,Main and Mather,43
10/29/2018 15:11,DCL Outbound-WS Inbound,Main and Cedar IB,43
10/29/2018 15:11,DCL Outbound-WS Inbound,Main and Cedar IB,43
10/29/2018 15:11,DCL Outbound-WS Inbound,Main and Cedar IB,43
10/29/2018 15:12,DCL Outbound-WS Inbound,Main and Clarke IB,43
10/29/2018 15:12,DCL Outbound-WS Inbound,Main and Clarke IB,43
10/29/2018 15:13,DCL Outbound-WS Inbound,Main and Schiller IB,43
10/29/2018 15:13,DCL Outbound-WS Inbound,Main and Schiller IB,43
10/29/2018 15:13,DCL Outbound-WS Inbound,Main and Schiller IB,43
10/29/2018 15:15,DCL Outbound-WS Inbound,Union,21
10/29/2018 15:15,DCL Outbound-WS Inbound,Union,21
10/29/2018 15:15,DCL Outbound-WS Inbound,Union,21
10/29/2018 15:15,DCL Outbound-WS Inbound,Union,21
10/29/2018 15:15,DCL Outbound-WS Inbound,Union,21
10/29/2018 15:15,DCL Outbound-WS Inbound,Union,21
10/29/2018 15:15,DCL Outbound-WS Inbound,Union,21
10/29/2018 15:15,DCL Outbound-WS Inbound,Union,21
10/29/2018 15:15,DCL Outbound-WS Inbound,Union,21
10/29/2018 15:15,DCL Outbound-WS Inbound,Union,21
10/29/2018 15:15,DCL Outbound-WS Inbound,Main and Helen IB,43
10/29/2018 15:15,DCL Outbound-WS Inbound,Union,21
10/29/2018 15:15,DCL Outbound-WS Inbound,Union,21
10/29/2018 15:18,DCL Outbound-WS Inbound,Floral and Cleveland IB,43
10/29/2018 15:19,DCL Outbound-WS Inbound,Floral and Burbank IB,43
10/29/2018 15:30,DCL Outbound-WS Inbound,Union,43
10/29/2018 15:30,DCL Outbound-WS Inbound,Union,43
10/29/2018 15:30,DCL Outbound-WS Inbound,Union,43
10/29/2018 15:30,DCL Outbound-WS Inbound,Union,43
10/29/2018 15:30,DCL Outbound-WS Inbound,Union,43
10/29/2018 15:30,DCL Outbound-WS Inbound,Union,43
10/29/2018 15:30,DCL Outbound-WS Inbound,Union,43
10/29/2018 15:30,DCL Outbound-WS Inbound,Union,43
10/29/2018 15:30,DCL Outbound-WS Inbound,Union,43
10/29/2018 15:30,DCL Outbound-WS Inbound,Union,43
10/29/2018 15:30,DCL Outbound-WS Inbound,Union,43
10/29/2018 15:30,DCL Outbound-WS Inbound,Union,43
10/29/2018 15:30,DCL Outbound-WS Inbound,Union,43
10/29/2018 15:30,DCL Outbound-WS Inbound,Union,43
10/29/2018 15:30,DCL Outbound-WS Inbound,Union,43
10/29/2018 15:31,DCL Outbound-WS Inbound,Union,43
10/29/2018 15:31,DCL Outbound-WS Inbound,Union,43
10/29/2018 15:31,DCL Outbound-WS Inbound,Union,43
10/29/2018 15:31,DCL Outbound-WS Inbound,Union,43
10/29/2018 15:31,DCL Outbound-WS Inbound,Union,43
10/29/2018 15:31,DCL Outbound-WS Inbound,Union,43
10/29/2018 15:31,DCL Outbound-WS Inbound,Union,43
10/29/2018 15:31,DCL Outbound-WS Inbound,Union,43
10/29/2018 15:32,DCL Outbound-WS Inbound,Union,43
10/29/2018 15:32,DCL Outbound-WS Inbound,Union,43
10/29/2018 15:32,DCL Outbound-WS Inbound,Union,43
10/29/2018 15:34,DCL Outbound-WS Inbound,UDC IB,21
10/29/2018 15:34,DCL Outbound-WS Inbound,UDC IB,21
10/29/2018 15:34,DCL Outbound-WS Inbound,UDC IB,21
10/29/2018 15:34,DCL Outbound-WS Inbound,UDC IB,21
10/29/2018 15:38,DCL Outbound-WS Inbound,Hawley IB,21
10/29/2018 15:40,DCL Outbound-WS Inbound,Main and Murray IB,21
10/29/2018 15:41,DCL Outbound-WS Inbound,Main and Mather,21
10/29/2018 15:41,DCL Outbound-WS Inbound,Main and Mather,21
10/29/2018 15:41,DCL Outbound-WS Inbound,Main and Mather,21
10/29/2018 15:43,DCL Outbound-WS Inbound,Main and Cedar IB,21
10/29/2018 15:43,DCL Outbound-WS Inbound,Main and Cedar IB,21
10/29/2018 15:44,DCL Outbound-WS Inbound,Main and Schiller IB,21
10/29/2018 15:44,DCL Outbound-WS Inbound,Main and Schiller IB,21
10/29/2018 15:44,DCL Outbound-WS Inbound,Main and Schiller IB,21
10/29/2018 15:46,DCL Outbound-WS Inbound,Main and Helen IB,21
10/29/2018 15:46,DCL Outbound-WS Inbound,Union,891
10/29/2018 15:46,DCL Outbound-WS Inbound,Union,891
10/29/2018 15:46,DCL Outbound-WS Inbound,Union,891
10/29/2018 15:46,DCL Outbound-WS Inbound,Union,891
10/29/2018 15:46,DCL Outbound-WS Inbound,Union,891
10/29/2018 15:46,DCL Outbound-WS Inbound,Union,891
10/29/2018 15:47,DCL Outbound-WS Inbound,Union,891
10/29/2018 15:47,DCL Outbound-WS Inbound,Union,891
10/29/2018 15:47,DCL Outbound-WS Inbound,Union,891
10/29/2018 15:47,DCL Outbound-WS Inbound,Union,891
10/29/2018 15:47,DCL Outbound-WS Inbound,Union,891
10/29/2018 15:47,DCL Outbound-WS Inbound,Union,891
10/29/2018 15:47,DCL Outbound-WS Inbound,Union,891
10/29/2018 15:48,DCL Outbound-WS Inbound,Hinman,891
10/29/2018 15:48,DCL Outbound-WS Inbound,Floral and Main IB,21
10/29/2018 15:49,DCL Outbound-WS Inbound,Floral and Cleveland IB,21
10/29/2018 15:50,DCL Outbound-WS Inbound,Floral and Willow IB,21
10/29/2018 15:52,DCL Outbound-WS Inbound,Floral and Cook,21
10/29/2018 16:05,DCL Outbound-WS Inbound,Leroy St and Laurel OB,891
10/29/2018 16:12,DCL Outbound-WS Inbound,UDC IB,891
10/29/2018 16:12,DCL Outbound-WS Inbound,UDC IB,891
10/29/2018 16:12,DCL Outbound-WS Inbound,UDC IB,891
10/29/2018 16:13,DCL Outbound-WS Inbound,Hawley IB,891
10/29/2018 16:13,DCL Outbound-WS Inbound,Hawley IB,891
10/29/2018 16:13,DCL Outbound-WS Inbound,Hawley IB,891
10/29/2018 16:13,DCL Outbound-WS Inbound,Hawley IB,891
10/29/2018 16:13,DCL Outbound-WS Inbound,Hawley IB,891
10/29/2018 16:18,DCL Outbound-WS Inbound,Physical Facilities OB,55
10/29/2018 16:19,DCL Outbound-WS Inbound,Main and Murray IB,891
10/29/2018 16:19,DCL Outbound-WS Inbound,Main and Murray IB,891
10/29/2018 16:19,DCL Outbound-WS Inbound,Main and Murray IB,891
10/29/2018 16:19,DCL Outbound-WS Inbound,Main and Murray IB,891
10/29/2018 16:19,DCL Outbound-WS Inbound,Main and Murray IB,891
10/29/2018 16:19,DCL Outbound-WS Inbound,Main and Murray IB,891
10/29/2018 16:19,DCL Outbound-WS Inbound,Main and Murray IB,891
10/29/2018 16:19,DCL Outbound-WS Inbound,Main and Murray IB,891
10/29/2018 16:19,DCL Outbound-WS Inbound,Main and Murray IB,891
10/29/2018 16:19,DCL Outbound-WS Inbound,Main and Murray IB,891
10/29/2018 16:20,DCL Outbound-WS Inbound,Main and Mather,891
10/29/2018 16:20,DCL Outbound-WS Inbound,Main and Mather,891
10/29/2018 16:20,DCL Outbound-WS Inbound,Main and Mather,891
10/29/2018 16:20,DCL Outbound-WS Inbound,Main and Mather,891
10/29/2018 16:20,DCL Outbound-WS Inbound,Main and Mather,891
10/29/2018 16:20,DCL Outbound-WS Inbound,Main and Mather,891
10/29/2018 16:20,DCL Outbound-WS Inbound,Main and Mather,891
10/29/2018 16:21,DCL Outbound-WS Inbound,Main and Cedar IB,891
10/29/2018 16:21,DCL Outbound-WS Inbound,Main and Cedar IB,891
10/29/2018 16:22,DCL Outbound-WS Inbound,Main and Clarke IB,891
10/29/2018 16:22,DCL Outbound-WS Inbound,Main and Clarke IB,891
10/29/2018 16:22,DCL Outbound-WS Inbound,Main and Clarke IB,891
10/29/2018 16:22,DCL Outbound-WS Inbound,Main and Clarke IB,891
10/29/2018 16:22,DCL Outbound-WS Inbound,Main and Clarke IB,891
10/29/2018 16:22,DCL Outbound-WS Inbound,Main and Clarke IB,891
10/29/2018 16:22,DCL Outbound-WS Inbound,Main and Clarke IB,891
10/29/2018 16:23,DCL Outbound-WS Inbound,Main and Schiller IB,891
10/29/2018 16:23,DCL Outbound-WS Inbound,Main and Schiller IB,891
10/29/2018 16:23,DCL Outbound-WS Inbound,Main and Schiller IB,891
10/29/2018 16:23,DCL Outbound-WS Inbound,Main and Schiller IB,891
10/29/2018 16:23,DCL Outbound-WS Inbound,Main and Schiller IB,891
10/29/2018 16:23,DCL Outbound-WS Inbound,Main and Schiller IB,891
10/29/2018 16:24,DCL Outbound-WS Inbound,Main and Helen IB,891
10/29/2018 16:24,DCL Outbound-WS Inbound,Main and Helen IB,891
10/29/2018 16:26,DCL Outbound-WS Inbound,Floral and Cleveland IB,891
10/29/2018 16:27,DCL Outbound-WS Inbound,Floral and Cleveland IB,891
10/29/2018 16:27,DCL Outbound-WS Inbound,Floral and Burbank IB,891
10/29/2018 16:28,DCL Outbound-WS Inbound,Floral and Willow IB,891
10/29/2018 16:35,DCL Outbound-WS Inbound,UDC IB,55
10/29/2018 16:35,DCL Outbound-WS Inbound,UDC IB,55
10/29/2018 16:39,DCL Outbound-WS Inbound,Hawley IB,55
10/29/2018 16:39,DCL Outbound-WS Inbound,Hawley IB,55
10/29/2018 16:41,DCL Outbound-WS Inbound,Main and Murray IB,55
10/29/2018 16:41,DCL Outbound-WS Inbound,Union,526
10/29/2018 16:41,DCL Outbound-WS Inbound,Union,526
10/29/2018 16:41,DCL Outbound-WS Inbound,Union,526
10/29/2018 16:41,DCL Outbound-WS Inbound,Union,526
10/29/2018 16:41,DCL Outbound-WS Inbound,Union,526
10/29/2018 16:41,DCL Outbound-WS Inbound,Union,526
10/29/2018 16:41,DCL Outbound-WS Inbound,Union,526
10/29/2018 16:41,DCL Outbound-WS Inbound,Union,526
10/29/2018 16:41,DCL Outbound-WS Inbound,Union,526
10/29/2018 16:41,DCL Outbound-WS Inbound,Union,526
10/29/2018 16:41,DCL Outbound-WS Inbound,Union,526
10/29/2018 16:41,DCL Outbound-WS Inbound,Union,526
10/29/2018 16:41,DCL Outbound-WS Inbound,Union,526
10/29/2018 16:41,DCL Outbound-WS Inbound,Union,526
10/29/2018 16:41,DCL Outbound-WS Inbound,Union,526
10/29/2018 16:41,DCL Outbound-WS Inbound,Union,526
10/29/2018 16:41,DCL Outbound-WS Inbound,Union,526
10/29/2018 16:41,DCL Outbound-WS Inbound,Union,526
10/29/2018 16:41,DCL Outbound-WS Inbound,Union,526
10/29/2018 16:41,DCL Outbound-WS Inbound,Union,526
10/29/2018 16:42,DCL Outbound-WS Inbound,Union,526
10/29/2018 16:42,DCL Outbound-WS Inbound,Union,526
10/29/2018 16:42,DCL Outbound-WS Inbound,Union,526
10/29/2018 16:42,DCL Outbound-WS Inbound,Union,526
10/29/2018 16:42,DCL Outbound-WS Inbound,Union,526
10/29/2018 16:42,DCL Outbound-WS Inbound,Union,526
10/29/2018 16:42,DCL Outbound-WS Inbound,Union,526
10/29/2018 16:42,DCL Outbound-WS Inbound,Main and Mather,55
10/29/2018 16:42,DCL Outbound-WS Inbound,Main and Mather,55
10/29/2018 16:42,DCL Outbound-WS Inbound,Union,526
10/29/2018 16:42,DCL Outbound-WS Inbound,Union,526
10/29/2018 16:42,DCL Outbound-WS Inbound,Union,526
10/29/2018 16:42,DCL Outbound-WS Inbound,Union,526
10/29/2018 16:42,DCL Outbound-WS Inbound,Union,526
10/29/2018 16:42,DCL Outbound-WS Inbound,Union,526
10/29/2018 16:42,DCL Outbound-WS Inbound,Union,526
10/29/2018 16:42,DCL Outbound-WS Inbound,Union,526
10/29/2018 16:42,DCL Outbound-WS Inbound,Union,526
10/29/2018 16:43,DCL Outbound-WS Inbound,Main and Cedar IB,55
10/29/2018 16:43,DCL Outbound-WS Inbound,Union,526
10/29/2018 16:43,DCL Outbound-WS Inbound,Main and Cedar IB,55
10/29/2018 16:43,DCL Outbound-WS Inbound,Main and Cedar IB,55
10/29/2018 16:43,DCL Outbound-WS Inbound,Main and Cedar IB,55
10/29/2018 16:43,DCL Outbound-WS Inbound,Union,526
10/29/2018 16:44,DCL Outbound-WS Inbound,Union,526
10/29/2018 16:44,DCL Outbound-WS Inbound,Union,526
10/29/2018 16:44,DCL Outbound-WS Inbound,Main and Schiller IB,55
10/29/2018 16:44,DCL Outbound-WS Inbound,Main and Schiller IB,55
10/29/2018 16:44,DCL Outbound-WS Inbound,Union,526
10/29/2018 16:45,DCL Outbound-WS Inbound,Union,526
10/29/2018 16:45,DCL Outbound-WS Inbound,Union,526
10/29/2018 16:45,DCL Outbound-WS Inbound,Union,526
10/29/2018 16:45,DCL Outbound-WS Inbound,Union,526
10/29/2018 16:46,DCL Outbound-WS Inbound,Union,526
10/29/2018 16:46,DCL Outbound-WS Inbound,Union,526
10/29/2018 16:46,DCL Outbound-WS Inbound,Main and Helen IB,55
10/29/2018 16:48,DCL Outbound-WS Inbound,Union,526
10/29/2018 16:48,DCL Outbound-WS Inbound,Union,526
10/29/2018 16:48,DCL Outbound-WS Inbound,Union,526
10/29/2018 16:49,DCL Outbound-WS Inbound,Union,526
10/29/2018 16:49,DCL Outbound-WS Inbound,Union,526
10/29/2018 16:49,DCL Outbound-WS Inbound,Union,526
10/29/2018 17:08,DCL Outbound-WS Inbound,UDC IB,526
10/29/2018 17:08,DCL Outbound-WS Inbound,UDC IB,526
10/29/2018 17:08,DCL Outbound-WS Inbound,UDC IB,526
10/29/2018 17:08,DCL Outbound-WS Inbound,UDC IB,526
10/29/2018 17:08,DCL Outbound-WS Inbound,UDC IB,526
10/29/2018 17:08,DCL Outbound-WS Inbound,UDC IB,526
10/29/2018 17:09,DCL Outbound-WS Inbound,UDC IB,526
10/29/2018 17:13,DCL Outbound-WS Inbound,Hawley IB,526
10/29/2018 17:13,DCL Outbound-WS Inbound,Hawley IB,526
10/29/2018 17:15,DCL Outbound-WS Inbound,Main and Front OB,526
10/29/2018 17:15,DCL Outbound-WS Inbound,Main and Front OB,526
10/29/2018 17:16,DCL Outbound-WS Inbound,Main and Mather,526
10/29/2018 17:16,DCL Outbound-WS Inbound,Main and Mather,526
10/29/2018 17:16,DCL Outbound-WS Inbound,Main and Mather,526
10/29/2018 17:16,DCL Outbound-WS Inbound,Main and Mather,526
10/29/2018 17:16,DCL Outbound-WS Inbound,Main and Mather,526
10/29/2018 17:16,DCL Outbound-WS Inbound,Main and Mather,526
10/29/2018 17:18,DCL Outbound-WS Inbound,Main and Cedar IB,526
10/29/2018 17:19,DCL Outbound-WS Inbound,Main and Clarke IB,526
10/29/2018 17:19,DCL Outbound-WS Inbound,Main and Clarke IB,526
10/29/2018 17:19,DCL Outbound-WS Inbound,Main and Clarke IB,526
10/29/2018 17:20,DCL Outbound-WS Inbound,Main and Schiller IB,526
10/29/2018 17:20,DCL Outbound-WS Inbound,Main and Schiller IB,526
10/29/2018 17:20,DCL Outbound-WS Inbound,Main and Schiller IB,526
10/29/2018 17:20,DCL Outbound-WS Inbound,Main and Schiller IB,526
10/29/2018 17:20,DCL Outbound-WS Inbound,Main and Schiller IB,526
10/29/2018 17:20,DCL Outbound-WS Inbound,Main and Schiller IB,526
10/29/2018 17:20,DCL Outbound-WS Inbound,Main and Schiller IB,526
10/29/2018 17:20,DCL Outbound-WS Inbound,Main and Schiller IB,526
10/29/2018 17:20,DCL Outbound-WS Inbound,Main and Schiller IB,526
10/29/2018 17:20,DCL Outbound-WS Inbound,Main and Schiller IB,526
10/29/2018 17:20,DCL Outbound-WS Inbound,Main and Schiller IB,526
10/29/2018 17:20,DCL Outbound-WS Inbound,Main and Schiller IB,526
10/29/2018 17:20,DCL Outbound-WS Inbound,Main and Schiller IB,526
10/29/2018 17:20,DCL Outbound-WS Inbound,Main and Schiller IB,526
10/29/2018 17:20,DCL Outbound-WS Inbound,Main and Schiller IB,526
10/29/2018 17:21,DCL Outbound-WS Inbound,Union,42
10/29/2018 17:21,DCL Outbound-WS Inbound,Union,42
10/29/2018 17:21,DCL Outbound-WS Inbound,Main and Helen IB,526
10/29/2018 17:23,DCL Outbound-WS Inbound,Physical Facilities,42
10/29/2018 17:23,DCL Outbound-WS Inbound,Physical Facilities,42
10/29/2018 17:25,DCL Outbound-WS Inbound,Floral and Roberts IB,526
10/29/2018 17:26,DCL Outbound-WS Inbound,Floral and Cook,526
10/29/2018 17:33,DCL Outbound-WS Inbound,Leroy St and Chestnut OB,42
10/29/2018 17:38,DCL Outbound-WS Inbound,UDC IB,42
10/29/2018 17:39,DCL Outbound-WS Inbound,UDC IB,42
10/29/2018 17:43,DCL Outbound-WS Inbound,Main and Murray IB,42
10/29/2018 17:43,DCL Outbound-WS Inbound,Main and Murray IB,42
10/29/2018 17:44,DCL Outbound-WS Inbound,Main and Mather,42
10/29/2018 17:44,DCL Outbound-WS Inbound,Main and Mather,42
10/29/2018 17:44,DCL Outbound-WS Inbound,Main and Mather,42
10/29/2018 17:45,DCL Outbound-WS Inbound,Main and Cedar IB,42
10/29/2018 17:45,DCL Outbound-WS Inbound,Main and Cedar IB,42
10/29/2018 17:46,DCL Outbound-WS Inbound,Main and Clarke IB,42
10/29/2018 17:47,DCL Outbound-WS Inbound,Main and Schiller IB,42
10/29/2018 17:47,DCL Outbound-WS Inbound,Main and Schiller IB,42
10/29/2018 17:47,DCL Outbound-WS Inbound,Main and Schiller IB,42
10/29/2018 17:47,DCL Outbound-WS Inbound,Main and Schiller IB,42
10/29/2018 17:47,DCL Outbound-WS Inbound,Main and Schiller IB,42
10/29/2018 17:47,DCL Outbound-WS Inbound,Main and Schiller IB,42
10/29/2018 17:49,DCL Outbound-WS Inbound,Union,21
10/29/2018 17:49,DCL Outbound-WS Inbound,Union,21
10/29/2018 17:49,DCL Outbound-WS Inbound,Union,21
10/29/2018 17:49,DCL Outbound-WS Inbound,Union,21
10/29/2018 17:49,DCL Outbound-WS Inbound,Union,21
10/29/2018 17:49,DCL Outbound-WS Inbound,Union,21
10/29/2018 17:49,DCL Outbound-WS Inbound,Union,21
10/29/2018 17:49,DCL Outbound-WS Inbound,Union,21
10/29/2018 17:49,DCL Outbound-WS Inbound,Union,21
10/29/2018 17:49,DCL Outbound-WS Inbound,Union,21
10/29/2018 17:49,DCL Outbound-WS Inbound,Union,21
10/29/2018 17:49,DCL Outbound-WS Inbound,Union,21
10/29/2018 17:49,DCL Outbound-WS Inbound,Union,21
10/29/2018 17:49,DCL Outbound-WS Inbound,Union,21
10/29/2018 17:49,DCL Outbound-WS Inbound,Union,21
10/29/2018 17:49,DCL Outbound-WS Inbound,Union,21
10/29/2018 17:50,DCL Outbound-WS Inbound,Union,21
10/29/2018 17:50,DCL Outbound-WS Inbound,Union,21
10/29/2018 17:50,DCL Outbound-WS Inbound,Floral and Cleveland IB,42
10/29/2018 17:59,DCL Outbound-WS Inbound,Union,42
10/29/2018 18:00,DCL Outbound-WS Inbound,Union,42
10/29/2018 18:00,DCL Outbound-WS Inbound,Union,42
10/29/2018 18:08,DCL Outbound-WS Inbound,UDC IB,21
10/29/2018 18:08,DCL Outbound-WS Inbound,UDC IB,21
10/29/2018 18:09,DCL Outbound-WS Inbound,UDC IB,21
10/29/2018 18:11,DCL Outbound-WS Inbound,Hawley IB,21
10/29/2018 18:11,DCL Outbound-WS Inbound,Hawley IB,21
10/29/2018 18:13,DCL Outbound-WS Inbound,Union,43
10/29/2018 18:13,DCL Outbound-WS Inbound,Union,43
10/29/2018 18:13,DCL Outbound-WS Inbound,Union,43
10/29/2018 18:13,DCL Outbound-WS Inbound,Union,43
10/29/2018 18:13,DCL Outbound-WS Inbound,Union,43
10/29/2018 18:13,DCL Outbound-WS Inbound,Union,43
10/29/2018 18:13,DCL Outbound-WS Inbound,Union,43
10/29/2018 18:13,DCL Outbound-WS Inbound,Union,43
10/29/2018 18:13,DCL Outbound-WS Inbound,Union,43
10/29/2018 18:13,DCL Outbound-WS Inbound,Union,43
10/29/2018 18:13,DCL Outbound-WS Inbound,Main and Murray IB,21
10/29/2018 18:14,DCL Outbound-WS Inbound,Union,43
10/29/2018 18:14,DCL Outbound-WS Inbound,Union,43
10/29/2018 18:14,DCL Outbound-WS Inbound,Union,43
10/29/2018 18:14,DCL Outbound-WS Inbound,Main and Mather,21
10/29/2018 18:14,DCL Outbound-WS Inbound,Union,43
10/29/2018 18:14,DCL Outbound-WS Inbound,Union,43
10/29/2018 18:15,DCL Outbound-WS Inbound,Main and Cedar IB,21
10/29/2018 18:15,DCL Outbound-WS Inbound,Main and Cedar IB,21
10/29/2018 18:15,DCL Outbound-WS Inbound,Union,43
10/29/2018 18:15,DCL Outbound-WS Inbound,Union,43
10/29/2018 18:15,DCL Outbound-WS Inbound,Union,43
10/29/2018 18:15,DCL Outbound-WS Inbound,Union,43
10/29/2018 18:15,DCL Outbound-WS Inbound,Union,43
10/29/2018 18:16,DCL Outbound-WS Inbound,Union,43
10/29/2018 18:16,DCL Outbound-WS Inbound,Union,43
10/29/2018 18:17,DCL Outbound-WS Inbound,Union,43
10/29/2018 18:17,DCL Outbound-WS Inbound,Union,43
10/29/2018 18:17,DCL Outbound-WS Inbound,Union,43
10/29/2018 18:18,DCL Outbound-WS Inbound,Union,43
10/29/2018 18:18,DCL Outbound-WS Inbound,Union,43
10/29/2018 18:18,DCL Outbound-WS Inbound,Union,43
10/29/2018 18:18,DCL Outbound-WS Inbound,Union,43
10/29/2018 18:18,DCL Outbound-WS Inbound,Union,43
10/29/2018 18:18,DCL Outbound-WS Inbound,Union,43
10/29/2018 18:18,DCL Outbound-WS Inbound,Union,43
10/29/2018 18:19,DCL Outbound-WS Inbound,Union,43
10/29/2018 18:19,DCL Outbound-WS Inbound,Union,43
10/29/2018 18:19,DCL Outbound-WS Inbound,Union,43
10/29/2018 18:20,DCL Outbound-WS Inbound,Union,43
10/29/2018 18:42,DCL Outbound-WS Inbound,Main and Murray IB,43
10/29/2018 18:42,DCL Outbound-WS Inbound,Main and Murray IB,43
10/29/2018 18:42,DCL Outbound-WS Inbound,Main and Murray IB,43
10/29/2018 18:42,DCL Outbound-WS Inbound,Main and Murray IB,43
10/29/2018 18:43,DCL Outbound-WS Inbound,Main and Mather,43
10/29/2018 18:49,DCL Outbound-WS Inbound,Floral and Cleveland IB,43
10/29/2018 19:08,DCL Outbound-WS Inbound,Leroy St and Murray OB,890
10/29/2018 19:11,DCL Outbound-WS Inbound,UDC IB,890
10/29/2018 19:11,DCL Outbound-WS Inbound,UDC IB,890
10/29/2018 19:12,DCL Outbound-WS Inbound,UDC IB,890
10/29/2018 19:13,DCL Outbound-WS Inbound,Union,891
10/29/2018 19:13,DCL Outbound-WS Inbound,Union,891
10/29/2018 19:13,DCL Outbound-WS Inbound,Union,891
10/29/2018 19:13,DCL Outbound-WS Inbound,Union,891
10/29/2018 19:13,DCL Outbound-WS Inbound,Union,891
10/29/2018 19:13,DCL Outbound-WS Inbound,Union,891
10/29/2018 19:13,DCL Outbound-WS Inbound,Union,891
10/29/2018 19:13,DCL Outbound-WS Inbound,Union,891
10/29/2018 19:13,DCL Outbound-WS Inbound,Union,891
10/29/2018 19:13,DCL Outbound-WS Inbound,Union,891
10/29/2018 19:13,DCL Outbound-WS Inbound,Union,891
10/29/2018 19:13,DCL Outbound-WS Inbound,Union,891
10/29/2018 19:14,DCL Outbound-WS Inbound,Union,891
10/29/2018 19:14,DCL Outbound-WS Inbound,Union,891
10/29/2018 19:14,DCL Outbound-WS Inbound,Union,891
10/29/2018 19:14,DCL Outbound-WS Inbound,Hawley IB,890
10/29/2018 19:14,DCL Outbound-WS Inbound,Union,891
10/29/2018 19:14,DCL Outbound-WS Inbound,Hawley IB,890
10/29/2018 19:14,DCL Outbound-WS Inbound,Union,891
10/29/2018 19:14,DCL Outbound-WS Inbound,Union,891
10/29/2018 19:14,DCL Outbound-WS Inbound,Union,891
10/29/2018 19:14,DCL Outbound-WS Inbound,Union,891
10/29/2018 19:14,DCL Outbound-WS Inbound,Union,891
10/29/2018 19:14,DCL Outbound-WS Inbound,Union,891
10/29/2018 19:14,DCL Outbound-WS Inbound,Union,891
10/29/2018 19:14,DCL Outbound-WS Inbound,Union,891
10/29/2018 19:15,DCL Outbound-WS Inbound,Union,891
10/29/2018 19:15,DCL Outbound-WS Inbound,Union,891
10/29/2018 19:17,DCL Outbound-WS Inbound,Main and Murray IB,890
10/29/2018 19:17,DCL Outbound-WS Inbound,Main and Murray IB,890
10/29/2018 19:17,DCL Outbound-WS Inbound,Main and Murray IB,890
10/29/2018 19:17,DCL Outbound-WS Inbound,Main and Murray IB,890
10/29/2018 19:17,DCL Outbound-WS Inbound,Main and Mather,890
10/29/2018 19:17,DCL Outbound-WS Inbound,Main and Mather,890
10/29/2018 19:18,DCL Outbound-WS Inbound,Main and Mather,890
10/29/2018 19:18,DCL Outbound-WS Inbound,Main and Cedar IB,890
10/29/2018 19:18,DCL Outbound-WS Inbound,Main and Cedar IB,890
10/29/2018 19:19,DCL Outbound-WS Inbound,Main and Clarke IB,890
10/29/2018 19:19,DCL Outbound-WS Inbound,Main and Clarke IB,890
10/29/2018 19:20,DCL Outbound-WS Inbound,Main and Schiller IB,890
10/29/2018 19:20,DCL Outbound-WS Inbound,Main and Schiller IB,890
10/29/2018 19:20,DCL Outbound-WS Inbound,Main and Schiller IB,890
10/29/2018 19:23,DCL Outbound-WS Inbound,Floral and Main IB,890
10/29/2018 19:24,DCL Outbound-WS Inbound,Floral and Cleveland IB,890
10/29/2018 19:24,DCL Outbound-WS Inbound,Floral and Cleveland IB,890
10/29/2018 19:24,DCL Outbound-WS Inbound,Floral and Cleveland IB,890
10/29/2018 19:33,DCL Outbound-WS Inbound,Union,890
10/29/2018 19:33,DCL Outbound-WS Inbound,Union,890
10/29/2018 19:33,DCL Outbound-WS Inbound,Union,890
10/29/2018 19:33,DCL Outbound-WS Inbound,Union,890
10/29/2018 19:33,DCL Outbound-WS Inbound,Union,890
10/29/2018 19:33,DCL Outbound-WS Inbound,Union,890
10/29/2018 19:33,DCL Outbound-WS Inbound,Union,890
10/29/2018 19:33,DCL Outbound-WS Inbound,Union,890
10/29/2018 19:33,DCL Outbound-WS Inbound,Union,890
10/29/2018 19:33,DCL Outbound-WS Inbound,Union,890
10/29/2018 19:36,DCL Outbound-WS Inbound,Hawley IB,891
10/29/2018 19:36,DCL Outbound-WS Inbound,Hawley IB,891
10/29/2018 19:36,DCL Outbound-WS Inbound,Hawley IB,891
10/29/2018 19:36,DCL Outbound-WS Inbound,Hawley IB,891
10/29/2018 19:36,DCL Outbound-WS Inbound,Union,526
10/29/2018 19:36,DCL Outbound-WS Inbound,Union,526
10/29/2018 19:36,DCL Outbound-WS Inbound,Union,526
10/29/2018 19:36,DCL Outbound-WS Inbound,Union,526
10/29/2018 19:36,DCL Outbound-WS Inbound,Union,526
10/29/2018 19:36,DCL Outbound-WS Inbound,Union,526
10/29/2018 19:36,DCL Outbound-WS Inbound,Union,526
10/29/2018 19:37,DCL Outbound-WS Inbound,Union,526
10/29/2018 19:37,DCL Outbound-WS Inbound,Union,526
10/29/2018 19:37,DCL Outbound-WS Inbound,Union,526
10/29/2018 19:37,DCL Outbound-WS Inbound,Union,526
10/29/2018 19:37,DCL Outbound-WS Inbound,Union,526
10/29/2018 19:37,DCL Outbound-WS Inbound,Union,526
10/29/2018 19:37,DCL Outbound-WS Inbound,Union,526
10/29/2018 19:37,DCL Outbound-WS Inbound,Union,526
10/29/2018 19:37,DCL Outbound-WS Inbound,Union,526
10/29/2018 19:37,DCL Outbound-WS Inbound,Union,526
10/29/2018 19:37,DCL Outbound-WS Inbound,Union,526
10/29/2018 19:37,DCL Outbound-WS Inbound,Main and Murray IB,891
10/29/2018 19:37,DCL Outbound-WS Inbound,Main and Murray IB,891
10/29/2018 19:37,DCL Outbound-WS Inbound,Main and Murray IB,891
10/29/2018 19:37,DCL Outbound-WS Inbound,Union,526
10/29/2018 19:37,DCL Outbound-WS Inbound,Union,526
10/29/2018 19:38,DCL Outbound-WS Inbound,Union,526
10/29/2018 19:38,DCL Outbound-WS Inbound,Union,526
10/29/2018 19:38,DCL Outbound-WS Inbound,Main and Mather,891
10/29/2018 19:39,DCL Outbound-WS Inbound,Union,526
10/29/2018 19:40,DCL Outbound-WS Inbound,Main and Schiller IB,891
10/29/2018 19:40,DCL Outbound-WS Inbound,Union,526
10/29/2018 19:40,DCL Outbound-WS Inbound,Union,526
10/29/2018 19:41,DCL Outbound-WS Inbound,Union,526
10/29/2018 19:41,DCL Outbound-WS Inbound,Union,526
10/29/2018 19:42,DCL Outbound-WS Inbound,Union,526
10/29/2018 19:42,DCL Outbound-WS Inbound,Union,526
10/29/2018 19:42,DCL Outbound-WS Inbound,Union,526
10/29/2018 19:42,DCL Outbound-WS Inbound,Union,526
10/29/2018 19:42,DCL Outbound-WS Inbound,Union,526
10/29/2018 19:42,DCL Outbound-WS Inbound,Union,526
10/29/2018 19:43,DCL Outbound-WS Inbound,Union,526
10/29/2018 19:44,DCL Outbound-WS Inbound,Floral and Cleveland IB,891
10/29/2018 19:44,DCL Outbound-WS Inbound,Union,526
10/29/2018 19:44,DCL Outbound-WS Inbound,Union,526
10/29/2018 19:45,DCL Outbound-WS Inbound,Union,526
10/29/2018 19:45,DCL Outbound-WS Inbound,Union,526
10/29/2018 19:45,DCL Outbound-WS Inbound,Union,526
10/29/2018 19:45,DCL Outbound-WS Inbound,Union,526
10/29/2018 19:45,DCL Outbound-WS Inbound,Union,526
10/29/2018 19:45,DCL Outbound-WS Inbound,Union,526
10/29/2018 19:46,DCL Outbound-WS Inbound,Union,526
