Start Date:10/10/2018 7:00 AM End Date:10/10/2018 8:00 PM,,,
DateTime,CorridorName,StopName,VehicleID
10/10/2018 7:23,DCL Outbound-WS Inbound,Riverside and Beethoven OB,21
10/10/2018 7:40,DCL Outbound-WS Inbound,Main and Murray IB,21
10/10/2018 7:41,DCL Outbound-WS Inbound,Main and Mather,21
10/10/2018 7:41,DCL Outbound-WS Inbound,Main and Mather,21
10/10/2018 7:41,DCL Outbound-WS Inbound,Main and Cedar IB,21
10/10/2018 7:42,DCL Outbound-WS Inbound,Main and Clarke IB,21
10/10/2018 7:43,DCL Outbound-WS Inbound,Main and Schiller IB,21
10/10/2018 7:43,DCL Outbound-WS Inbound,Main and Schiller IB,21
10/10/2018 7:43,DCL Outbound-WS Inbound,Main and Schiller IB,21
10/10/2018 7:43,DCL Outbound-WS Inbound,Main and Schiller IB,21
10/10/2018 7:45,DCL Outbound-WS Inbound,Main and Helen IB,21
10/10/2018 7:47,DCL Outbound-WS Inbound,Floral and Main IB,21
10/10/2018 7:47,DCL Outbound-WS Inbound,Hawley IB,41
10/10/2018 7:47,DCL Outbound-WS Inbound,Hawley IB,41
10/10/2018 7:47,DCL Outbound-WS Inbound,Floral and Cleveland IB,21
10/10/2018 7:47,DCL Outbound-WS Inbound,Floral and Cleveland IB,21
10/10/2018 7:47,DCL Outbound-WS Inbound,Floral and Cleveland IB,21
10/10/2018 7:47,DCL Outbound-WS Inbound,Floral and Cleveland IB,21
10/10/2018 7:48,DCL Outbound-WS Inbound,Main and Front OB,41
10/10/2018 7:49,DCL Outbound-WS Inbound,Main and Murray IB,41
10/10/2018 7:49,DCL Outbound-WS Inbound,Main and Murray IB,41
10/10/2018 7:49,DCL Outbound-WS Inbound,Main and Murray IB,41
10/10/2018 7:49,DCL Outbound-WS Inbound,Main and Murray IB,41
10/10/2018 7:49,DCL Outbound-WS Inbound,Main and Murray IB,41
10/10/2018 7:50,DCL Outbound-WS Inbound,Main and Mather,41
10/10/2018 7:50,DCL Outbound-WS Inbound,Main and Mather,41
10/10/2018 7:50,DCL Outbound-WS Inbound,Main and Mather,41
10/10/2018 7:50,DCL Outbound-WS Inbound,Main and Mather,41
10/10/2018 7:50,DCL Outbound-WS Inbound,Main and Mather,41
10/10/2018 7:51,DCL Outbound-WS Inbound,Main and Cedar IB,41
10/10/2018 7:51,DCL Outbound-WS Inbound,Main and Cedar IB,41
10/10/2018 7:52,DCL Outbound-WS Inbound,Main and Clarke IB,41
10/10/2018 7:53,DCL Outbound-WS Inbound,Main and Schiller IB,41
10/10/2018 7:53,DCL Outbound-WS Inbound,Main and Schiller IB,41
10/10/2018 7:53,DCL Outbound-WS Inbound,Main and Schiller IB,41
10/10/2018 7:53,DCL Outbound-WS Inbound,Main and Schiller IB,41
10/10/2018 7:53,DCL Outbound-WS Inbound,Main and Schiller IB,41
10/10/2018 7:53,DCL Outbound-WS Inbound,Main and Schiller IB,41
10/10/2018 7:53,DCL Outbound-WS Inbound,Main and Schiller IB,41
10/10/2018 7:53,DCL Outbound-WS Inbound,Main and Schiller IB,41
10/10/2018 7:53,DCL Outbound-WS Inbound,Main and Schiller IB,41
10/10/2018 7:55,DCL Outbound-WS Inbound,Floral and Main IB,41
10/10/2018 7:56,DCL Outbound-WS Inbound,Floral and Cleveland IB,41
10/10/2018 7:56,DCL Outbound-WS Inbound,Floral and Cleveland IB,41
10/10/2018 7:56,DCL Outbound-WS Inbound,Floral and Cleveland IB,41
10/10/2018 7:56,DCL Outbound-WS Inbound,Floral and Cleveland IB,41
10/10/2018 7:58,DCL Outbound-WS Inbound,Floral and Willow IB,41
10/10/2018 7:58,DCL Outbound-WS Inbound,Floral and Willow IB,41
10/10/2018 7:59,DCL Outbound-WS Inbound,Floral and Harrison IB,41
10/10/2018 8:06,DCL Outbound-WS Inbound,UDC,889
10/10/2018 8:06,DCL Outbound-WS Inbound,UDC,889
10/10/2018 8:06,DCL Outbound-WS Inbound,UDC,889
10/10/2018 8:06,DCL Outbound-WS Inbound,UDC,889
10/10/2018 8:10,DCL Outbound-WS Inbound,Main and Murray IB,889
10/10/2018 8:10,DCL Outbound-WS Inbound,Main and Murray IB,889
10/10/2018 8:10,DCL Outbound-WS Inbound,Main and Murray IB,889
10/10/2018 8:11,DCL Outbound-WS Inbound,Main and Mather,889
10/10/2018 8:11,DCL Outbound-WS Inbound,Main and Mather,889
10/10/2018 8:11,DCL Outbound-WS Inbound,Main and Mather,889
10/10/2018 8:12,DCL Outbound-WS Inbound,Main and Mather,889
10/10/2018 8:12,DCL Outbound-WS Inbound,Main and Cedar IB,889
10/10/2018 8:13,DCL Outbound-WS Inbound,Main and Cedar IB,889
10/10/2018 8:13,DCL Outbound-WS Inbound,Main and Clarke IB,889
10/10/2018 8:13,DCL Outbound-WS Inbound,Main and Clarke IB,889
10/10/2018 8:13,DCL Outbound-WS Inbound,Main and Clarke IB,889
10/10/2018 8:13,DCL Outbound-WS Inbound,Main and Clarke IB,889
10/10/2018 8:15,DCL Outbound-WS Inbound,Main and Schiller IB,889
10/10/2018 8:15,DCL Outbound-WS Inbound,Main and Schiller IB,889
10/10/2018 8:15,DCL Outbound-WS Inbound,Main and Schiller IB,889
10/10/2018 8:15,DCL Outbound-WS Inbound,Main and Schiller IB,889
10/10/2018 8:15,DCL Outbound-WS Inbound,Main and Schiller IB,889
10/10/2018 8:15,DCL Outbound-WS Inbound,Main and Schiller IB,889
10/10/2018 8:15,DCL Outbound-WS Inbound,Main and Schiller IB,889
10/10/2018 8:16,DCL Outbound-WS Inbound,Main and Helen IB,889
10/10/2018 8:16,DCL Outbound-WS Inbound,Main and Helen IB,889
10/10/2018 8:18,DCL Outbound-WS Inbound,Floral and Main IB,889
10/10/2018 8:18,DCL Outbound-WS Inbound,Hawley IB,37
10/10/2018 8:19,DCL Outbound-WS Inbound,Main and Front OB,37
10/10/2018 8:19,DCL Outbound-WS Inbound,Floral and Cleveland IB,889
10/10/2018 8:19,DCL Outbound-WS Inbound,Main and Cedar IB,55
10/10/2018 8:20,DCL Outbound-WS Inbound,Main and Murray IB,37
10/10/2018 8:20,DCL Outbound-WS Inbound,Floral and Willow IB,889
10/10/2018 8:20,DCL Outbound-WS Inbound,Main and Murray IB,37
10/10/2018 8:20,DCL Outbound-WS Inbound,Main and Schiller IB,55
10/10/2018 8:21,DCL Outbound-WS Inbound,Floral and Roberts IB,889
10/10/2018 8:29,DCL Outbound-WS Inbound,Leroy St and Chestnut OB,526
10/10/2018 8:30,DCL Outbound-WS Inbound,Leroy St and Murray OB,526
10/10/2018 8:34,DCL Outbound-WS Inbound,UDC,526
10/10/2018 8:38,DCL Outbound-WS Inbound,Hawley IB,526
10/10/2018 8:40,DCL Outbound-WS Inbound,Main and Murray IB,526
10/10/2018 8:40,DCL Outbound-WS Inbound,Main and Murray IB,526
10/10/2018 8:40,DCL Outbound-WS Inbound,Main and Mather,526
10/10/2018 8:40,DCL Outbound-WS Inbound,Main and Mather,526
10/10/2018 8:40,DCL Outbound-WS Inbound,Main and Mather,526
10/10/2018 8:41,DCL Outbound-WS Inbound,Main and Mather,526
10/10/2018 8:41,DCL Outbound-WS Inbound,Main and Cedar IB,526
10/10/2018 8:42,DCL Outbound-WS Inbound,UDC,21
10/10/2018 8:42,DCL Outbound-WS Inbound,UDC,21
10/10/2018 8:42,DCL Outbound-WS Inbound,Main and Clarke IB,526
10/10/2018 8:42,DCL Outbound-WS Inbound,Main and Clarke IB,526
10/10/2018 8:42,DCL Outbound-WS Inbound,Main and Clarke IB,526
10/10/2018 8:43,DCL Outbound-WS Inbound,Main and Schiller IB,526
10/10/2018 8:43,DCL Outbound-WS Inbound,Main and Schiller IB,526
10/10/2018 8:43,DCL Outbound-WS Inbound,Main and Schiller IB,526
10/10/2018 8:43,DCL Outbound-WS Inbound,Main and Schiller IB,526
10/10/2018 8:45,DCL Outbound-WS Inbound,Main and Helen IB,526
10/10/2018 8:46,DCL Outbound-WS Inbound,Main and Crary,526
10/10/2018 8:48,DCL Outbound-WS Inbound,Floral and Cleveland IB,526
10/10/2018 8:48,DCL Outbound-WS Inbound,Hawley IB,21
10/10/2018 8:48,DCL Outbound-WS Inbound,Floral and Cleveland IB,526
10/10/2018 8:48,DCL Outbound-WS Inbound,Hawley IB,21
10/10/2018 8:49,DCL Outbound-WS Inbound,Main and Murray IB,21
10/10/2018 8:49,DCL Outbound-WS Inbound,Floral and Harrison IB,526
10/10/2018 8:50,DCL Outbound-WS Inbound,Main and Mather,21
10/10/2018 8:50,DCL Outbound-WS Inbound,Main and Mather,21
10/10/2018 8:50,DCL Outbound-WS Inbound,Floral and Cook,526
10/10/2018 8:51,DCL Outbound-WS Inbound,Main and Clarke IB,21
10/10/2018 8:54,DCL Outbound-WS Inbound,Main and Crary,21
10/10/2018 8:55,DCL Outbound-WS Inbound,Floral and Cleveland IB,21
10/10/2018 8:57,DCL Outbound-WS Inbound,Floral and St. Charles,21
10/10/2018 8:58,DCL Outbound-WS Inbound,UDC,41
10/10/2018 8:59,DCL Outbound-WS Inbound,Leroy St and Chestnut OB,889
10/10/2018 9:00,DCL Outbound-WS Inbound,Leroy St and Murray OB,889
10/10/2018 9:01,DCL Outbound-WS Inbound,Hawley IB,41
10/10/2018 9:01,DCL Outbound-WS Inbound,Hawley IB,41
10/10/2018 9:03,DCL Outbound-WS Inbound,Main and Front OB,41
10/10/2018 9:03,DCL Outbound-WS Inbound,Main and Front OB,41
10/10/2018 9:03,DCL Outbound-WS Inbound,Main and Front OB,41
10/10/2018 9:04,DCL Outbound-WS Inbound,Main and Murray IB,41
10/10/2018 9:04,DCL Outbound-WS Inbound,Main and Murray IB,41
10/10/2018 9:04,DCL Outbound-WS Inbound,Main and Murray IB,41
10/10/2018 9:04,DCL Outbound-WS Inbound,Main and Murray IB,41
10/10/2018 9:04,DCL Outbound-WS Inbound,Main and Murray IB,41
10/10/2018 9:04,DCL Outbound-WS Inbound,Main and Murray IB,41
10/10/2018 9:04,DCL Outbound-WS Inbound,Main and Murray IB,41
10/10/2018 9:05,DCL Outbound-WS Inbound,UDC,889
10/10/2018 9:05,DCL Outbound-WS Inbound,Main and Mather,41
10/10/2018 9:05,DCL Outbound-WS Inbound,Main and Mather,41
10/10/2018 9:05,DCL Outbound-WS Inbound,Main and Mather,41
10/10/2018 9:05,DCL Outbound-WS Inbound,UDC,889
10/10/2018 9:07,DCL Outbound-WS Inbound,Hawley IB,889
10/10/2018 9:07,DCL Outbound-WS Inbound,Hawley IB,889
10/10/2018 9:07,DCL Outbound-WS Inbound,Hawley IB,889
10/10/2018 9:07,DCL Outbound-WS Inbound,Hawley IB,889
10/10/2018 9:07,DCL Outbound-WS Inbound,Main and Schiller IB,41
10/10/2018 9:07,DCL Outbound-WS Inbound,Main and Schiller IB,41
10/10/2018 9:07,DCL Outbound-WS Inbound,Main and Schiller IB,41
10/10/2018 9:07,DCL Outbound-WS Inbound,Main and Schiller IB,41
10/10/2018 9:08,DCL Outbound-WS Inbound,Main and Front OB,889
10/10/2018 9:08,DCL Outbound-WS Inbound,Main and Schiller IB,41
10/10/2018 9:09,DCL Outbound-WS Inbound,Main and Murray IB,889
10/10/2018 9:09,DCL Outbound-WS Inbound,Main and Murray IB,889
10/10/2018 9:09,DCL Outbound-WS Inbound,Main and Murray IB,889
10/10/2018 9:09,DCL Outbound-WS Inbound,Main and Murray IB,889
10/10/2018 9:09,DCL Outbound-WS Inbound,Main and Murray IB,889
10/10/2018 9:09,DCL Outbound-WS Inbound,Main and Murray IB,889
10/10/2018 9:09,DCL Outbound-WS Inbound,Main and Murray IB,889
10/10/2018 9:09,DCL Outbound-WS Inbound,Main and Murray IB,889
10/10/2018 9:09,DCL Outbound-WS Inbound,Main and Murray IB,889
10/10/2018 9:09,DCL Outbound-WS Inbound,Main and Murray IB,889
10/10/2018 9:10,DCL Outbound-WS Inbound,Main and Mather,889
10/10/2018 9:10,DCL Outbound-WS Inbound,Main and Mather,889
10/10/2018 9:10,DCL Outbound-WS Inbound,Main and Mather,889
10/10/2018 9:10,DCL Outbound-WS Inbound,Main and Mather,889
10/10/2018 9:11,DCL Outbound-WS Inbound,Main and Cedar IB,889
10/10/2018 9:11,DCL Outbound-WS Inbound,Main and Cedar IB,889
10/10/2018 9:12,DCL Outbound-WS Inbound,Floral and Cleveland IB,41
10/10/2018 9:12,DCL Outbound-WS Inbound,Main and Clarke IB,889
10/10/2018 9:12,DCL Outbound-WS Inbound,Union,37
10/10/2018 9:12,DCL Outbound-WS Inbound,Union,37
10/10/2018 9:12,DCL Outbound-WS Inbound,Main and Clarke IB,889
10/10/2018 9:13,DCL Outbound-WS Inbound,Union,37
10/10/2018 9:13,DCL Outbound-WS Inbound,Main and Schiller IB,889
10/10/2018 9:13,DCL Outbound-WS Inbound,Main and Schiller IB,889
10/10/2018 9:13,DCL Outbound-WS Inbound,Union,37
10/10/2018 9:13,DCL Outbound-WS Inbound,Main and Schiller IB,889
10/10/2018 9:13,DCL Outbound-WS Inbound,Main and Schiller IB,889
10/10/2018 9:14,DCL Outbound-WS Inbound,Union,37
10/10/2018 9:15,DCL Outbound-WS Inbound,Main and Crary,889
10/10/2018 9:16,DCL Outbound-WS Inbound,UDC,526
10/10/2018 9:17,DCL Outbound-WS Inbound,Floral and Cleveland IB,889
10/10/2018 9:17,DCL Outbound-WS Inbound,Floral and Cleveland IB,889
10/10/2018 9:17,DCL Outbound-WS Inbound,Floral and Cleveland IB,889
10/10/2018 9:17,DCL Outbound-WS Inbound,Hawley IB,526
10/10/2018 9:17,DCL Outbound-WS Inbound,Hawley IB,526
10/10/2018 9:17,DCL Outbound-WS Inbound,Hawley IB,526
10/10/2018 9:18,DCL Outbound-WS Inbound,Main and Front OB,526
10/10/2018 9:18,DCL Outbound-WS Inbound,Floral and Willow IB,889
10/10/2018 9:18,DCL Outbound-WS Inbound,Floral and Willow IB,889
10/10/2018 9:19,DCL Outbound-WS Inbound,Main and Murray IB,526
10/10/2018 9:19,DCL Outbound-WS Inbound,Main and Murray IB,526
10/10/2018 9:19,DCL Outbound-WS Inbound,Main and Murray IB,526
10/10/2018 9:19,DCL Outbound-WS Inbound,Main and Murray IB,526
10/10/2018 9:19,DCL Outbound-WS Inbound,Main and Murray IB,526
10/10/2018 9:19,DCL Outbound-WS Inbound,Main and Murray IB,526
10/10/2018 9:19,DCL Outbound-WS Inbound,Main and Murray IB,526
10/10/2018 9:19,DCL Outbound-WS Inbound,Main and Murray IB,526
10/10/2018 9:19,DCL Outbound-WS Inbound,Main and Murray IB,526
10/10/2018 9:19,DCL Outbound-WS Inbound,Main and Murray IB,526
10/10/2018 9:20,DCL Outbound-WS Inbound,Floral and Cook,889
10/10/2018 9:20,DCL Outbound-WS Inbound,Main and Mather,526
10/10/2018 9:20,DCL Outbound-WS Inbound,Main and Mather,526
10/10/2018 9:20,DCL Outbound-WS Inbound,Main and Mather,526
10/10/2018 9:21,DCL Outbound-WS Inbound,Main and Cedar IB,526
10/10/2018 9:21,DCL Outbound-WS Inbound,Main and Cedar IB,526
10/10/2018 9:21,DCL Outbound-WS Inbound,Main and Cedar IB,526
10/10/2018 9:21,DCL Outbound-WS Inbound,Main and Cedar IB,526
10/10/2018 9:22,DCL Outbound-WS Inbound,Union,41
10/10/2018 9:22,DCL Outbound-WS Inbound,Main and Clarke IB,526
10/10/2018 9:22,DCL Outbound-WS Inbound,Main and Clarke IB,526
10/10/2018 9:23,DCL Outbound-WS Inbound,Main and Schiller IB,526
10/10/2018 9:23,DCL Outbound-WS Inbound,Main and Schiller IB,526
10/10/2018 9:23,DCL Outbound-WS Inbound,Main and Schiller IB,526
10/10/2018 9:23,DCL Outbound-WS Inbound,Main and Schiller IB,526
10/10/2018 9:23,DCL Outbound-WS Inbound,Main and Schiller IB,526
10/10/2018 9:23,DCL Outbound-WS Inbound,Union,41
10/10/2018 9:26,DCL Outbound-WS Inbound,Floral and Cleveland IB,526
10/10/2018 9:26,DCL Outbound-WS Inbound,Floral and Cleveland IB,526
10/10/2018 9:26,DCL Outbound-WS Inbound,Floral and Cleveland IB,526
10/10/2018 9:27,DCL Outbound-WS Inbound,Floral and Burbank IB,526
10/10/2018 9:27,DCL Outbound-WS Inbound,Floral and Burbank IB,526
10/10/2018 9:35,DCL Outbound-WS Inbound,UDC,37
10/10/2018 9:38,DCL Outbound-WS Inbound,Hawley IB,37
10/10/2018 9:38,DCL Outbound-WS Inbound,Hawley IB,37
10/10/2018 9:40,DCL Outbound-WS Inbound,Main and Murray IB,37
10/10/2018 9:40,DCL Outbound-WS Inbound,Main and Murray IB,37
10/10/2018 9:40,DCL Outbound-WS Inbound,Main and Murray IB,37
10/10/2018 9:41,DCL Outbound-WS Inbound,Main and Mather,37
10/10/2018 9:41,DCL Outbound-WS Inbound,Main and Mather,37
10/10/2018 9:41,DCL Outbound-WS Inbound,Main and Mather,37
10/10/2018 9:42,DCL Outbound-WS Inbound,Main and Mather,37
10/10/2018 9:43,DCL Outbound-WS Inbound,Main and Cedar IB,37
10/10/2018 9:43,DCL Outbound-WS Inbound,Main and Cedar IB,37
10/10/2018 9:43,DCL Outbound-WS Inbound,Main and Cedar IB,37
10/10/2018 9:43,DCL Outbound-WS Inbound,Main and Cedar IB,37
10/10/2018 9:43,DCL Outbound-WS Inbound,Main and Cedar IB,37
10/10/2018 9:43,DCL Outbound-WS Inbound,Main and Cedar IB,37
10/10/2018 9:43,DCL Outbound-WS Inbound,Main and Clarke IB,37
10/10/2018 9:43,DCL Outbound-WS Inbound,Main and Clarke IB,37
10/10/2018 9:43,DCL Outbound-WS Inbound,Main and Clarke IB,37
10/10/2018 9:44,DCL Outbound-WS Inbound,Main and Schiller IB,37
10/10/2018 9:44,DCL Outbound-WS Inbound,Main and Schiller IB,37
10/10/2018 9:44,DCL Outbound-WS Inbound,Main and Schiller IB,37
10/10/2018 9:44,DCL Outbound-WS Inbound,Main and Schiller IB,37
10/10/2018 9:44,DCL Outbound-WS Inbound,Main and Schiller IB,37
10/10/2018 9:44,DCL Outbound-WS Inbound,Main and Schiller IB,37
10/10/2018 9:44,DCL Outbound-WS Inbound,Main and Schiller IB,37
10/10/2018 9:45,DCL Outbound-WS Inbound,Main and Schiller IB,37
10/10/2018 9:45,DCL Outbound-WS Inbound,Union,21
10/10/2018 9:45,DCL Outbound-WS Inbound,Union,21
10/10/2018 9:45,DCL Outbound-WS Inbound,Union,21
10/10/2018 9:45,DCL Outbound-WS Inbound,Union,21
10/10/2018 9:45,DCL Outbound-WS Inbound,Union,21
10/10/2018 9:46,DCL Outbound-WS Inbound,Main and Crary,37
10/10/2018 9:47,DCL Outbound-WS Inbound,Main and Crary,37
10/10/2018 9:48,DCL Outbound-WS Inbound,Physical Facilities,21
10/10/2018 9:48,DCL Outbound-WS Inbound,Physical Facilities,21
10/10/2018 9:48,DCL Outbound-WS Inbound,Floral and Cleveland IB,37
10/10/2018 9:49,DCL Outbound-WS Inbound,Floral and Burbank IB,37
10/10/2018 9:51,DCL Outbound-WS Inbound,Main and Cedar IB,889
10/10/2018 9:52,DCL Outbound-WS Inbound,Main and Clarke IB,889
10/10/2018 9:52,DCL Outbound-WS Inbound,Main and Clarke IB,889
10/10/2018 9:52,DCL Outbound-WS Inbound,Main and Schiller IB,889
10/10/2018 9:55,DCL Outbound-WS Inbound,Main and Helen IB,889
10/10/2018 9:55,DCL Outbound-WS Inbound,Main and Helen IB,889
10/10/2018 9:55,DCL Outbound-WS Inbound,Main and Helen IB,889
10/10/2018 9:58,DCL Outbound-WS Inbound,Floral and Harrison IB,889
10/10/2018 10:00,DCL Outbound-WS Inbound,Leroy St and Chestnut OB,21
10/10/2018 10:05,DCL Outbound-WS Inbound,UDC,21
10/10/2018 10:05,DCL Outbound-WS Inbound,UDC,21
10/10/2018 10:09,DCL Outbound-WS Inbound,Hawley IB,21
10/10/2018 10:09,DCL Outbound-WS Inbound,Hawley IB,21
10/10/2018 10:09,DCL Outbound-WS Inbound,Hawley IB,21
10/10/2018 10:10,DCL Outbound-WS Inbound,Main and Front OB,21
10/10/2018 10:11,DCL Outbound-WS Inbound,Main and Murray IB,21
10/10/2018 10:11,DCL Outbound-WS Inbound,Main and Murray IB,21
10/10/2018 10:11,DCL Outbound-WS Inbound,Main and Murray IB,21
10/10/2018 10:11,DCL Outbound-WS Inbound,Main and Murray IB,21
10/10/2018 10:11,DCL Outbound-WS Inbound,Main and Murray IB,21
10/10/2018 10:12,DCL Outbound-WS Inbound,Main and Mather,21
10/10/2018 10:12,DCL Outbound-WS Inbound,Main and Mather,21
10/10/2018 10:12,DCL Outbound-WS Inbound,Main and Mather,21
10/10/2018 10:12,DCL Outbound-WS Inbound,Main and Mather,21
10/10/2018 10:12,DCL Outbound-WS Inbound,Main and Mather,21
10/10/2018 10:12,DCL Outbound-WS Inbound,Main and Mather,21
10/10/2018 10:12,DCL Outbound-WS Inbound,Main and Mather,21
10/10/2018 10:13,DCL Outbound-WS Inbound,Main and Cedar IB,21
10/10/2018 10:13,DCL Outbound-WS Inbound,Union,526
10/10/2018 10:13,DCL Outbound-WS Inbound,Union,526
10/10/2018 10:13,DCL Outbound-WS Inbound,Union,526
10/10/2018 10:13,DCL Outbound-WS Inbound,Union,526
10/10/2018 10:13,DCL Outbound-WS Inbound,Union,526
10/10/2018 10:14,DCL Outbound-WS Inbound,Union,526
10/10/2018 10:14,DCL Outbound-WS Inbound,Main and Clarke IB,21
10/10/2018 10:15,DCL Outbound-WS Inbound,Main and Schiller IB,21
10/10/2018 10:15,DCL Outbound-WS Inbound,Main and Schiller IB,21
10/10/2018 10:15,DCL Outbound-WS Inbound,Main and Schiller IB,21
10/10/2018 10:15,DCL Outbound-WS Inbound,Main and Schiller IB,21
10/10/2018 10:15,DCL Outbound-WS Inbound,Main and Schiller IB,21
10/10/2018 10:15,DCL Outbound-WS Inbound,Main and Schiller IB,21
10/10/2018 10:15,DCL Outbound-WS Inbound,Main and Schiller IB,21
10/10/2018 10:15,DCL Outbound-WS Inbound,Main and Schiller IB,21
10/10/2018 10:15,DCL Outbound-WS Inbound,Main and Schiller IB,21
10/10/2018 10:17,DCL Outbound-WS Inbound,Main and Helen IB,21
10/10/2018 10:18,DCL Outbound-WS Inbound,Hawley IB,41
10/10/2018 10:18,DCL Outbound-WS Inbound,Hawley IB,41
10/10/2018 10:18,DCL Outbound-WS Inbound,Main and Front IB,41
10/10/2018 10:18,DCL Outbound-WS Inbound,Main and Front IB,41
10/10/2018 10:20,DCL Outbound-WS Inbound,Main and Murray IB,41
10/10/2018 10:20,DCL Outbound-WS Inbound,Main and Murray IB,41
10/10/2018 10:20,DCL Outbound-WS Inbound,Main and Murray IB,41
10/10/2018 10:20,DCL Outbound-WS Inbound,Main and Murray IB,41
10/10/2018 10:20,DCL Outbound-WS Inbound,Main and Murray IB,41
10/10/2018 10:20,DCL Outbound-WS Inbound,Main and Murray IB,41
10/10/2018 10:21,DCL Outbound-WS Inbound,Main and Mather,41
10/10/2018 10:21,DCL Outbound-WS Inbound,Main and Mather,41
10/10/2018 10:21,DCL Outbound-WS Inbound,Main and Mather,41
10/10/2018 10:21,DCL Outbound-WS Inbound,Main and Mather,41
10/10/2018 10:22,DCL Outbound-WS Inbound,Main and Cedar IB,41
10/10/2018 10:23,DCL Outbound-WS Inbound,Main and Clarke IB,41
10/10/2018 10:23,DCL Outbound-WS Inbound,Main and Clarke IB,41
10/10/2018 10:24,DCL Outbound-WS Inbound,Main and Schiller IB,41
10/10/2018 10:24,DCL Outbound-WS Inbound,Main and Schiller IB,41
10/10/2018 10:24,DCL Outbound-WS Inbound,Main and Schiller IB,41
10/10/2018 10:24,DCL Outbound-WS Inbound,Main and Schiller IB,41
10/10/2018 10:24,DCL Outbound-WS Inbound,Main and Schiller IB,41
10/10/2018 10:24,DCL Outbound-WS Inbound,Main and Schiller IB,41
10/10/2018 10:24,DCL Outbound-WS Inbound,Main and Schiller IB,41
10/10/2018 10:24,DCL Outbound-WS Inbound,Main and Schiller IB,41
10/10/2018 10:24,DCL Outbound-WS Inbound,Main and Schiller IB,41
10/10/2018 10:24,DCL Outbound-WS Inbound,Main and Schiller IB,41
10/10/2018 10:25,DCL Outbound-WS Inbound,Main and Schiller IB,41
10/10/2018 10:25,DCL Outbound-WS Inbound,Main and Schiller IB,41
10/10/2018 10:26,DCL Outbound-WS Inbound,Main and Helen IB,41
10/10/2018 10:28,DCL Outbound-WS Inbound,Floral and Cleveland IB,41
10/10/2018 10:28,DCL Outbound-WS Inbound,Floral and Cleveland IB,41
10/10/2018 10:28,DCL Outbound-WS Inbound,Floral and Cleveland IB,41
10/10/2018 10:28,DCL Outbound-WS Inbound,Floral and Cleveland IB,41
10/10/2018 10:28,DCL Outbound-WS Inbound,Floral and Cleveland IB,41
10/10/2018 10:28,DCL Outbound-WS Inbound,Floral and Cleveland IB,41
10/10/2018 10:29,DCL Outbound-WS Inbound,Floral and Willow IB,41
10/10/2018 10:35,DCL Outbound-WS Inbound,UDC,526
10/10/2018 10:35,DCL Outbound-WS Inbound,UDC,526
10/10/2018 10:35,DCL Outbound-WS Inbound,UDC,526
10/10/2018 10:35,DCL Outbound-WS Inbound,UDC,526
10/10/2018 10:35,DCL Outbound-WS Inbound,UDC,526
10/10/2018 10:38,DCL Outbound-WS Inbound,Hawley IB,526
10/10/2018 10:38,DCL Outbound-WS Inbound,Hawley IB,526
10/10/2018 10:38,DCL Outbound-WS Inbound,Hawley IB,526
10/10/2018 10:38,DCL Outbound-WS Inbound,Hawley IB,526
10/10/2018 10:38,DCL Outbound-WS Inbound,Hawley IB,526
10/10/2018 10:39,DCL Outbound-WS Inbound,Union,41
10/10/2018 10:39,DCL Outbound-WS Inbound,Union,41
10/10/2018 10:39,DCL Outbound-WS Inbound,Union,41
10/10/2018 10:39,DCL Outbound-WS Inbound,Union,41
10/10/2018 10:39,DCL Outbound-WS Inbound,Union,41
10/10/2018 10:39,DCL Outbound-WS Inbound,Union,41
10/10/2018 10:39,DCL Outbound-WS Inbound,Union,41
10/10/2018 10:39,DCL Outbound-WS Inbound,Union,41
10/10/2018 10:39,DCL Outbound-WS Inbound,Union,41
10/10/2018 10:39,DCL Outbound-WS Inbound,Union,41
10/10/2018 10:39,DCL Outbound-WS Inbound,Union,41
10/10/2018 10:39,DCL Outbound-WS Inbound,Union,41
10/10/2018 10:39,DCL Outbound-WS Inbound,Union,41
10/10/2018 10:40,DCL Outbound-WS Inbound,Main and Murray IB,526
10/10/2018 10:40,DCL Outbound-WS Inbound,Main and Murray IB,526
10/10/2018 10:40,DCL Outbound-WS Inbound,Main and Murray IB,526
10/10/2018 10:40,DCL Outbound-WS Inbound,Main and Murray IB,526
10/10/2018 10:41,DCL Outbound-WS Inbound,Main and Mather,526
10/10/2018 10:41,DCL Outbound-WS Inbound,Main and Mather,526
10/10/2018 10:42,DCL Outbound-WS Inbound,Union,37
10/10/2018 10:42,DCL Outbound-WS Inbound,Union,37
10/10/2018 10:42,DCL Outbound-WS Inbound,Union,37
10/10/2018 10:42,DCL Outbound-WS Inbound,Union,37
10/10/2018 10:42,DCL Outbound-WS Inbound,Union,37
10/10/2018 10:42,DCL Outbound-WS Inbound,Union,37
10/10/2018 10:42,DCL Outbound-WS Inbound,Union,37
10/10/2018 10:42,DCL Outbound-WS Inbound,Union,37
10/10/2018 10:42,DCL Outbound-WS Inbound,Main and Cedar IB,526
10/10/2018 10:42,DCL Outbound-WS Inbound,Main and Cedar IB,526
10/10/2018 10:43,DCL Outbound-WS Inbound,Union,37
10/10/2018 10:43,DCL Outbound-WS Inbound,Union,37
10/10/2018 10:43,DCL Outbound-WS Inbound,Main and Clarke IB,526
10/10/2018 10:43,DCL Outbound-WS Inbound,Main and Clarke IB,526
10/10/2018 10:44,DCL Outbound-WS Inbound,Union,37
10/10/2018 10:44,DCL Outbound-WS Inbound,Union,37
10/10/2018 10:44,DCL Outbound-WS Inbound,Union,37
10/10/2018 10:45,DCL Outbound-WS Inbound,Main and Schiller IB,526
10/10/2018 10:45,DCL Outbound-WS Inbound,Main and Schiller IB,526
10/10/2018 10:45,DCL Outbound-WS Inbound,Main and Schiller IB,526
10/10/2018 10:45,DCL Outbound-WS Inbound,Main and Schiller IB,526
10/10/2018 10:45,DCL Outbound-WS Inbound,Main and Schiller IB,526
10/10/2018 10:45,DCL Outbound-WS Inbound,Main and Schiller IB,526
10/10/2018 10:45,DCL Outbound-WS Inbound,Main and Schiller IB,526
10/10/2018 10:45,DCL Outbound-WS Inbound,Main and Schiller IB,526
10/10/2018 10:45,DCL Outbound-WS Inbound,Main and Schiller IB,526
10/10/2018 10:45,DCL Outbound-WS Inbound,Union,37
10/10/2018 10:46,DCL Outbound-WS Inbound,Union,37
10/10/2018 10:46,DCL Outbound-WS Inbound,Engineering Bldg,37
10/10/2018 10:46,DCL Outbound-WS Inbound,Main and Helen IB,526
10/10/2018 10:46,DCL Outbound-WS Inbound,Main and Helen IB,526
10/10/2018 10:46,DCL Outbound-WS Inbound,Main and Helen IB,526
10/10/2018 10:46,DCL Outbound-WS Inbound,Engineering Bldg,37
10/10/2018 10:47,DCL Outbound-WS Inbound,Main and Crary,526
10/10/2018 10:49,DCL Outbound-WS Inbound,Floral and Cleveland IB,526
10/10/2018 10:49,DCL Outbound-WS Inbound,Floral and Cleveland IB,526
10/10/2018 10:49,DCL Outbound-WS Inbound,Floral and Cleveland IB,526
10/10/2018 10:49,DCL Outbound-WS Inbound,Physical Facilities,37
10/10/2018 10:49,DCL Outbound-WS Inbound,Physical Facilities,37
10/10/2018 10:50,DCL Outbound-WS Inbound,Floral and Burbank IB,526
10/10/2018 10:51,DCL Outbound-WS Inbound,Floral and Harrison IB,526
10/10/2018 10:59,DCL Outbound-WS Inbound,Union,55
10/10/2018 10:59,DCL Outbound-WS Inbound,Union,55
10/10/2018 10:59,DCL Outbound-WS Inbound,Union,55
10/10/2018 10:59,DCL Outbound-WS Inbound,Union,526
10/10/2018 10:59,DCL Outbound-WS Inbound,Union,55
10/10/2018 10:59,DCL Outbound-WS Inbound,Union,55
10/10/2018 10:59,DCL Outbound-WS Inbound,Union,526
10/10/2018 10:59,DCL Outbound-WS Inbound,Union,55
10/10/2018 10:59,DCL Outbound-WS Inbound,Union,526
10/10/2018 10:59,DCL Outbound-WS Inbound,Union,526
10/10/2018 10:59,DCL Outbound-WS Inbound,Union,55
10/10/2018 10:59,DCL Outbound-WS Inbound,Union,55
10/10/2018 10:59,DCL Outbound-WS Inbound,Union,526
10/10/2018 10:59,DCL Outbound-WS Inbound,Union,526
10/10/2018 10:59,DCL Outbound-WS Inbound,Union,526
10/10/2018 10:59,DCL Outbound-WS Inbound,Union,526
10/10/2018 10:59,DCL Outbound-WS Inbound,Union,55
10/10/2018 10:59,DCL Outbound-WS Inbound,Union,526
10/10/2018 10:59,DCL Outbound-WS Inbound,Union,526
10/10/2018 11:01,DCL Outbound-WS Inbound,Union,55
10/10/2018 11:01,DCL Outbound-WS Inbound,Union,55
10/10/2018 11:01,DCL Outbound-WS Inbound,Union,55
10/10/2018 11:04,DCL Outbound-WS Inbound,UDC,37
10/10/2018 11:04,DCL Outbound-WS Inbound,Physical Facilities,55
10/10/2018 11:04,DCL Outbound-WS Inbound,UDC,37
10/10/2018 11:07,DCL Outbound-WS Inbound,Hawley IB,37
10/10/2018 11:07,DCL Outbound-WS Inbound,Hawley IB,37
10/10/2018 11:07,DCL Outbound-WS Inbound,Hawley IB,37
10/10/2018 11:07,DCL Outbound-WS Inbound,Hawley IB,37
10/10/2018 11:07,DCL Outbound-WS Inbound,Hawley IB,37
10/10/2018 11:08,DCL Outbound-WS Inbound,Main and Front OB,37
10/10/2018 11:08,DCL Outbound-WS Inbound,Main and Front OB,37
10/10/2018 11:08,DCL Outbound-WS Inbound,Main and Front OB,37
10/10/2018 11:08,DCL Outbound-WS Inbound,Main and Front OB,37
10/10/2018 11:10,DCL Outbound-WS Inbound,Main and Murray IB,37
10/10/2018 11:10,DCL Outbound-WS Inbound,Main and Murray IB,37
10/10/2018 11:10,DCL Outbound-WS Inbound,Main and Murray IB,37
10/10/2018 11:10,DCL Outbound-WS Inbound,Main and Murray IB,37
10/10/2018 11:11,DCL Outbound-WS Inbound,Main and Mather,37
10/10/2018 11:11,DCL Outbound-WS Inbound,Main and Mather,37
10/10/2018 11:11,DCL Outbound-WS Inbound,Main and Mather,37
10/10/2018 11:11,DCL Outbound-WS Inbound,Main and Mather,37
10/10/2018 11:11,DCL Outbound-WS Inbound,Main and Mather,37
10/10/2018 11:12,DCL Outbound-WS Inbound,Main and Cedar IB,37
10/10/2018 11:12,DCL Outbound-WS Inbound,Main and Cedar IB,37
10/10/2018 11:12,DCL Outbound-WS Inbound,Main and Clarke IB,37
10/10/2018 11:12,DCL Outbound-WS Inbound,Main and Clarke IB,37
10/10/2018 11:13,DCL Outbound-WS Inbound,Main and Schiller IB,37
10/10/2018 11:13,DCL Outbound-WS Inbound,Main and Schiller IB,37
10/10/2018 11:13,DCL Outbound-WS Inbound,Main and Schiller IB,37
10/10/2018 11:13,DCL Outbound-WS Inbound,Main and Schiller IB,37
10/10/2018 11:13,DCL Outbound-WS Inbound,Main and Schiller IB,37
10/10/2018 11:13,DCL Outbound-WS Inbound,Main and Schiller IB,37
10/10/2018 11:13,DCL Outbound-WS Inbound,Main and Schiller IB,37
10/10/2018 11:13,DCL Outbound-WS Inbound,Main and Schiller IB,37
10/10/2018 11:15,DCL Outbound-WS Inbound,Main and Helen IB,37
10/10/2018 11:15,DCL Outbound-WS Inbound,Union,41
10/10/2018 11:15,DCL Outbound-WS Inbound,Union,41
10/10/2018 11:16,DCL Outbound-WS Inbound,Main and Crary,37
10/10/2018 11:18,DCL Outbound-WS Inbound,Floral and Cleveland IB,37
10/10/2018 11:18,DCL Outbound-WS Inbound,Floral and Cleveland IB,37
10/10/2018 11:18,DCL Outbound-WS Inbound,Floral and Cleveland IB,37
10/10/2018 11:18,DCL Outbound-WS Inbound,Floral and Cleveland IB,37
10/10/2018 11:18,DCL Outbound-WS Inbound,UDC,55
10/10/2018 11:22,DCL Outbound-WS Inbound,Hawley IB,55
10/10/2018 11:22,DCL Outbound-WS Inbound,Hawley IB,55
10/10/2018 11:25,DCL Outbound-WS Inbound,Main and Murray IB,55
10/10/2018 11:25,DCL Outbound-WS Inbound,Main and Murray IB,55
10/10/2018 11:25,DCL Outbound-WS Inbound,Main and Murray IB,55
10/10/2018 11:25,DCL Outbound-WS Inbound,Main and Murray IB,55
10/10/2018 11:27,DCL Outbound-WS Inbound,Main and Cedar IB,55
10/10/2018 11:27,DCL Outbound-WS Inbound,Main and Cedar IB,55
10/10/2018 11:28,DCL Outbound-WS Inbound,Main and Clarke IB,55
10/10/2018 11:28,DCL Outbound-WS Inbound,Main and Clarke IB,55
10/10/2018 11:28,DCL Outbound-WS Inbound,Main and Clarke IB,55
10/10/2018 11:28,DCL Outbound-WS Inbound,Leroy St and Murray OB,41
10/10/2018 11:28,DCL Outbound-WS Inbound,Leroy St and Murray OB,41
10/10/2018 11:28,DCL Outbound-WS Inbound,Union,526
10/10/2018 11:28,DCL Outbound-WS Inbound,Union,526
10/10/2018 11:28,DCL Outbound-WS Inbound,Union,526
10/10/2018 11:29,DCL Outbound-WS Inbound,Union,526
10/10/2018 11:29,DCL Outbound-WS Inbound,Union,526
10/10/2018 11:30,DCL Outbound-WS Inbound,Main and Schiller IB,55
10/10/2018 11:33,DCL Outbound-WS Inbound,UDC,41
10/10/2018 11:33,DCL Outbound-WS Inbound,UDC,41
10/10/2018 11:33,DCL Outbound-WS Inbound,UDC,41
10/10/2018 11:33,DCL Outbound-WS Inbound,UDC,41
10/10/2018 11:33,DCL Outbound-WS Inbound,Main and Front IB,21
10/10/2018 11:33,DCL Outbound-WS Inbound,UDC,41
10/10/2018 11:33,DCL Outbound-WS Inbound,Main and Front IB,21
10/10/2018 11:34,DCL Outbound-WS Inbound,Floral and Burbank IB,55
10/10/2018 11:35,DCL Outbound-WS Inbound,Main and Murray IB,21
10/10/2018 11:35,DCL Outbound-WS Inbound,Main and Murray IB,21
10/10/2018 11:36,DCL Outbound-WS Inbound,Main and Cedar IB,21
10/10/2018 11:36,DCL Outbound-WS Inbound,Main and Cedar IB,21
10/10/2018 11:37,DCL Outbound-WS Inbound,Main and Clarke IB,21
10/10/2018 11:37,DCL Outbound-WS Inbound,Main and Mather,41
10/10/2018 11:38,DCL Outbound-WS Inbound,Main and Schiller IB,21
10/10/2018 11:38,DCL Outbound-WS Inbound,Main and Schiller IB,21
10/10/2018 11:38,DCL Outbound-WS Inbound,Main and Schiller IB,21
10/10/2018 11:38,DCL Outbound-WS Inbound,Main and Cedar IB,41
10/10/2018 11:39,DCL Outbound-WS Inbound,Main and Clarke IB,41
10/10/2018 11:40,DCL Outbound-WS Inbound,Main and Schiller IB,41
10/10/2018 11:42,DCL Outbound-WS Inbound,Floral and Roberts OB,21
10/10/2018 11:42,DCL Outbound-WS Inbound,Union,37
10/10/2018 11:42,DCL Outbound-WS Inbound,Union,37
10/10/2018 11:42,DCL Outbound-WS Inbound,Union,37
10/10/2018 11:43,DCL Outbound-WS Inbound,Union,37
10/10/2018 11:43,DCL Outbound-WS Inbound,Union,37
10/10/2018 11:43,DCL Outbound-WS Inbound,Union,37
10/10/2018 11:44,DCL Outbound-WS Inbound,Union,37
10/10/2018 11:45,DCL Outbound-WS Inbound,Union,37
10/10/2018 11:45,DCL Outbound-WS Inbound,Union,37
10/10/2018 11:45,DCL Outbound-WS Inbound,Union,37
10/10/2018 11:46,DCL Outbound-WS Inbound,Union,37
10/10/2018 11:46,DCL Outbound-WS Inbound,Floral and Harrison IB,41
10/10/2018 11:46,DCL Outbound-WS Inbound,Union,37
10/10/2018 11:51,DCL Outbound-WS Inbound,Physical Facilities,37
10/10/2018 11:53,DCL Outbound-WS Inbound,Hawley IB,526
10/10/2018 11:55,DCL Outbound-WS Inbound,Main and Murray IB,526
10/10/2018 11:55,DCL Outbound-WS Inbound,Main and Murray IB,526
10/10/2018 11:55,DCL Outbound-WS Inbound,Main and Murray IB,526
10/10/2018 11:55,DCL Outbound-WS Inbound,Main and Murray IB,526
10/10/2018 11:56,DCL Outbound-WS Inbound,Main and Mather,526
10/10/2018 11:56,DCL Outbound-WS Inbound,Main and Mather,526
10/10/2018 11:57,DCL Outbound-WS Inbound,Main and Cedar IB,526
10/10/2018 11:58,DCL Outbound-WS Inbound,Main and Clarke IB,526
10/10/2018 11:59,DCL Outbound-WS Inbound,Union,21
10/10/2018 11:59,DCL Outbound-WS Inbound,Union,21
10/10/2018 11:59,DCL Outbound-WS Inbound,Union,21
10/10/2018 11:59,DCL Outbound-WS Inbound,Union,21
10/10/2018 11:59,DCL Outbound-WS Inbound,Union,21
10/10/2018 11:59,DCL Outbound-WS Inbound,Union,21
10/10/2018 11:59,DCL Outbound-WS Inbound,Union,21
10/10/2018 11:59,DCL Outbound-WS Inbound,Union,21
10/10/2018 11:59,DCL Outbound-WS Inbound,Union,21
10/10/2018 11:59,DCL Outbound-WS Inbound,Union,21
10/10/2018 11:59,DCL Outbound-WS Inbound,Union,21
10/10/2018 11:59,DCL Outbound-WS Inbound,Main and Schiller IB,526
10/10/2018 11:59,DCL Outbound-WS Inbound,Main and Schiller IB,526
10/10/2018 12:01,DCL Outbound-WS Inbound,Leroy St and Chestnut OB,37
10/10/2018 12:02,DCL Outbound-WS Inbound,Leroy St and Murray OB,37
10/10/2018 12:02,DCL Outbound-WS Inbound,Main and Crary,526
10/10/2018 12:02,DCL Outbound-WS Inbound,Union,889
10/10/2018 12:02,DCL Outbound-WS Inbound,Union,889
10/10/2018 12:03,DCL Outbound-WS Inbound,Union,889
10/10/2018 12:03,DCL Outbound-WS Inbound,Union,889
10/10/2018 12:03,DCL Outbound-WS Inbound,Union,889
10/10/2018 12:03,DCL Outbound-WS Inbound,Union,889
10/10/2018 12:03,DCL Outbound-WS Inbound,Union,889
10/10/2018 12:03,DCL Outbound-WS Inbound,Union,889
10/10/2018 12:03,DCL Outbound-WS Inbound,Union,889
10/10/2018 12:03,DCL Outbound-WS Inbound,Union,889
10/10/2018 12:05,DCL Outbound-WS Inbound,Floral and Harrison IB,526
10/10/2018 12:06,DCL Outbound-WS Inbound,Physical Facilities,889
10/10/2018 12:09,DCL Outbound-WS Inbound,Hawley IB,37
10/10/2018 12:09,DCL Outbound-WS Inbound,Hawley IB,37
10/10/2018 12:10,DCL Outbound-WS Inbound,Main and Murray IB,37
10/10/2018 12:10,DCL Outbound-WS Inbound,Academic A,526
10/10/2018 12:11,DCL Outbound-WS Inbound,Main and Mather,37
10/10/2018 12:12,DCL Outbound-WS Inbound,Main and Cedar IB,37
10/10/2018 12:12,DCL Outbound-WS Inbound,Main and Clarke OB,37
10/10/2018 12:12,DCL Outbound-WS Inbound,Main and Clarke OB,37
10/10/2018 12:12,DCL Outbound-WS Inbound,Main and Clarke OB,37
10/10/2018 12:13,DCL Outbound-WS Inbound,Union,526
10/10/2018 12:13,DCL Outbound-WS Inbound,Union,526
10/10/2018 12:13,DCL Outbound-WS Inbound,Union,41
10/10/2018 12:13,DCL Outbound-WS Inbound,Union,526
10/10/2018 12:13,DCL Outbound-WS Inbound,Union,41
10/10/2018 12:13,DCL Outbound-WS Inbound,Union,41
10/10/2018 12:13,DCL Outbound-WS Inbound,Union,41
10/10/2018 12:13,DCL Outbound-WS Inbound,Union,41
10/10/2018 12:13,DCL Outbound-WS Inbound,Union,41
10/10/2018 12:13,DCL Outbound-WS Inbound,Union,41
10/10/2018 12:13,DCL Outbound-WS Inbound,Union,41
10/10/2018 12:13,DCL Outbound-WS Inbound,Union,526
10/10/2018 12:13,DCL Outbound-WS Inbound,Main and Schiller IB,37
10/10/2018 12:13,DCL Outbound-WS Inbound,Union,41
10/10/2018 12:13,DCL Outbound-WS Inbound,Main and Schiller IB,37
10/10/2018 12:13,DCL Outbound-WS Inbound,Main and Schiller IB,37
10/10/2018 12:13,DCL Outbound-WS Inbound,Union,41
10/10/2018 12:13,DCL Outbound-WS Inbound,Main and Schiller IB,37
10/10/2018 12:13,DCL Outbound-WS Inbound,Union,41
10/10/2018 12:13,DCL Outbound-WS Inbound,Union,41
10/10/2018 12:13,DCL Outbound-WS Inbound,Main and Schiller IB,37
10/10/2018 12:13,DCL Outbound-WS Inbound,Main and Schiller IB,37
10/10/2018 12:14,DCL Outbound-WS Inbound,Union,41
10/10/2018 12:14,DCL Outbound-WS Inbound,Main and Helen IB,37
10/10/2018 12:14,DCL Outbound-WS Inbound,Union,41
10/10/2018 12:14,DCL Outbound-WS Inbound,Union,526
10/10/2018 12:14,DCL Outbound-WS Inbound,Union,41
10/10/2018 12:15,DCL Outbound-WS Inbound,Union,526
10/10/2018 12:17,DCL Outbound-WS Inbound,Union,41
10/10/2018 12:21,DCL Outbound-WS Inbound,Leroy St and Chestnut OB,889
10/10/2018 12:25,DCL Outbound-WS Inbound,UDC,889
10/10/2018 12:25,DCL Outbound-WS Inbound,UDC,889
10/10/2018 12:28,DCL Outbound-WS Inbound,Main and Front OB,889
10/10/2018 12:28,DCL Outbound-WS Inbound,Main and Front OB,889
10/10/2018 12:28,DCL Outbound-WS Inbound,Main and Front OB,889
10/10/2018 12:28,DCL Outbound-WS Inbound,Main and Front OB,889
10/10/2018 12:29,DCL Outbound-WS Inbound,Main and Front OB,889
10/10/2018 12:30,DCL Outbound-WS Inbound,Main and Murray IB,889
10/10/2018 12:30,DCL Outbound-WS Inbound,Main and Murray IB,889
10/10/2018 12:30,DCL Outbound-WS Inbound,Main and Murray IB,889
10/10/2018 12:30,DCL Outbound-WS Inbound,Main and Murray IB,889
10/10/2018 12:30,DCL Outbound-WS Inbound,Main and Murray IB,889
10/10/2018 12:30,DCL Outbound-WS Inbound,Main and Murray IB,889
10/10/2018 12:31,DCL Outbound-WS Inbound,Union,55
10/10/2018 12:32,DCL Outbound-WS Inbound,Main and Cedar OB,889
10/10/2018 12:32,DCL Outbound-WS Inbound,Main and Clarke OB,889
10/10/2018 12:32,DCL Outbound-WS Inbound,Main and Clarke OB,889
10/10/2018 12:32,DCL Outbound-WS Inbound,Main and Clarke OB,889
10/10/2018 12:32,DCL Outbound-WS Inbound,Main and Clarke OB,889
10/10/2018 12:33,DCL Outbound-WS Inbound,Main and Schiller IB,889
10/10/2018 12:33,DCL Outbound-WS Inbound,Main and Schiller IB,889
10/10/2018 12:34,DCL Outbound-WS Inbound,Main and Schiller IB,889
10/10/2018 12:34,DCL Outbound-WS Inbound,Main and Schiller IB,889
10/10/2018 12:34,DCL Outbound-WS Inbound,Main and Schiller IB,889
10/10/2018 12:34,DCL Outbound-WS Inbound,Main and Schiller IB,889
10/10/2018 12:34,DCL Outbound-WS Inbound,Main and Schiller IB,889
10/10/2018 12:34,DCL Outbound-WS Inbound,Main and Schiller IB,889
10/10/2018 12:34,DCL Outbound-WS Inbound,Main and Schiller IB,889
10/10/2018 12:35,DCL Outbound-WS Inbound,UDC,41
10/10/2018 12:35,DCL Outbound-WS Inbound,UDC,41
10/10/2018 12:35,DCL Outbound-WS Inbound,UDC,41
10/10/2018 12:36,DCL Outbound-WS Inbound,Main and Helen IB,889
10/10/2018 12:36,DCL Outbound-WS Inbound,Main and Helen IB,889
10/10/2018 12:36,DCL Outbound-WS Inbound,Main and Helen IB,889
10/10/2018 12:37,DCL Outbound-WS Inbound,Hawley IB,41
10/10/2018 12:37,DCL Outbound-WS Inbound,Hawley IB,41
10/10/2018 12:37,DCL Outbound-WS Inbound,Hawley IB,41
10/10/2018 12:38,DCL Outbound-WS Inbound,Floral and Cleveland OB,889
10/10/2018 12:38,DCL Outbound-WS Inbound,Floral and Cleveland OB,889
10/10/2018 12:38,DCL Outbound-WS Inbound,Main and Front OB,41
10/10/2018 12:40,DCL Outbound-WS Inbound,Floral and Roberts OB,889
10/10/2018 12:40,DCL Outbound-WS Inbound,Floral and Roberts OB,889
10/10/2018 12:41,DCL Outbound-WS Inbound,Main and Cedar OB,41
10/10/2018 12:41,DCL Outbound-WS Inbound,Main and Cedar OB,41
10/10/2018 12:42,DCL Outbound-WS Inbound,Main and Cedar OB,41
10/10/2018 12:42,DCL Outbound-WS Inbound,Main and Cedar OB,41
10/10/2018 12:42,DCL Outbound-WS Inbound,Main and Clarke OB,41
10/10/2018 12:42,DCL Outbound-WS Inbound,Main and Clarke OB,41
10/10/2018 12:43,DCL Outbound-WS Inbound,Main and Schiller IB,41
10/10/2018 12:43,DCL Outbound-WS Inbound,Main and Schiller IB,41
10/10/2018 12:43,DCL Outbound-WS Inbound,Main and Schiller IB,41
10/10/2018 12:43,DCL Outbound-WS Inbound,Main and Schiller IB,41
10/10/2018 12:43,DCL Outbound-WS Inbound,Main and Schiller IB,41
10/10/2018 12:43,DCL Outbound-WS Inbound,Main and Schiller IB,41
10/10/2018 12:45,DCL Outbound-WS Inbound,Main and Helen IB,41
10/10/2018 12:45,DCL Outbound-WS Inbound,Main and Helen IB,41
10/10/2018 12:45,DCL Outbound-WS Inbound,Main and Helen IB,41
10/10/2018 12:45,DCL Outbound-WS Inbound,Leroy St and Chestnut OB,55
10/10/2018 12:46,DCL Outbound-WS Inbound,Floral and Main IB,41
10/10/2018 12:47,DCL Outbound-WS Inbound,Floral and Cleveland OB,41
10/10/2018 12:47,DCL Outbound-WS Inbound,Floral and Cleveland OB,41
10/10/2018 12:47,DCL Outbound-WS Inbound,Floral and Cleveland OB,41
10/10/2018 12:47,DCL Outbound-WS Inbound,Floral and Cleveland OB,41
10/10/2018 12:48,DCL Outbound-WS Inbound,Floral and Burbank OB,41
10/10/2018 12:48,DCL Outbound-WS Inbound,Union,21
10/10/2018 12:48,DCL Outbound-WS Inbound,Union,21
10/10/2018 12:48,DCL Outbound-WS Inbound,Union,21
10/10/2018 12:49,DCL Outbound-WS Inbound,Union,21
10/10/2018 12:49,DCL Outbound-WS Inbound,Union,21
10/10/2018 12:49,DCL Outbound-WS Inbound,Union,21
10/10/2018 12:52,DCL Outbound-WS Inbound,Hawley IB,55
10/10/2018 12:52,DCL Outbound-WS Inbound,Physical Facilities,21
10/10/2018 12:53,DCL Outbound-WS Inbound,Main and Front IB,55
10/10/2018 12:54,DCL Outbound-WS Inbound,Main and Murray IB,55
10/10/2018 12:55,DCL Outbound-WS Inbound,Main and Murray IB,55
10/10/2018 12:55,DCL Outbound-WS Inbound,Main and Murray IB,55
10/10/2018 12:55,DCL Outbound-WS Inbound,Main and Mather,55
10/10/2018 12:56,DCL Outbound-WS Inbound,Main and Mather,55
10/10/2018 12:56,DCL Outbound-WS Inbound,Main and Mather,55
10/10/2018 12:56,DCL Outbound-WS Inbound,Main and Mather,55
10/10/2018 12:56,DCL Outbound-WS Inbound,Main and Mather,55
10/10/2018 12:56,DCL Outbound-WS Inbound,Main and Mather,55
10/10/2018 12:57,DCL Outbound-WS Inbound,Main and Cedar IB,55
10/10/2018 12:59,DCL Outbound-WS Inbound,Main and Schiller IB,55
10/10/2018 12:59,DCL Outbound-WS Inbound,Main and Schiller IB,55
10/10/2018 12:59,DCL Outbound-WS Inbound,Main and Schiller IB,55
10/10/2018 12:59,DCL Outbound-WS Inbound,Main and Schiller IB,55
10/10/2018 12:59,DCL Outbound-WS Inbound,Main and Schiller IB,55
10/10/2018 12:59,DCL Outbound-WS Inbound,Main and Schiller IB,55
10/10/2018 12:59,DCL Outbound-WS Inbound,Main and Schiller IB,55
10/10/2018 13:03,DCL Outbound-WS Inbound,Floral and Cleveland IB,55
10/10/2018 13:05,DCL Outbound-WS Inbound,Floral and Willow IB,55
10/10/2018 13:05,DCL Outbound-WS Inbound,Floral and Roberts IB,55
10/10/2018 13:05,DCL Outbound-WS Inbound,Floral and Roberts IB,55
10/10/2018 13:06,DCL Outbound-WS Inbound,UDC,21
10/10/2018 13:07,DCL Outbound-WS Inbound,UDC,21
10/10/2018 13:07,DCL Outbound-WS Inbound,UDC,21
10/10/2018 13:07,DCL Outbound-WS Inbound,UDC,21
10/10/2018 13:13,DCL Outbound-WS Inbound,Main and Murray IB,21
10/10/2018 13:14,DCL Outbound-WS Inbound,Union,37
10/10/2018 13:14,DCL Outbound-WS Inbound,Union,37
10/10/2018 13:14,DCL Outbound-WS Inbound,Union,37
10/10/2018 13:14,DCL Outbound-WS Inbound,Union,37
10/10/2018 13:14,DCL Outbound-WS Inbound,Union,37
10/10/2018 13:14,DCL Outbound-WS Inbound,Union,37
10/10/2018 13:14,DCL Outbound-WS Inbound,Union,37
10/10/2018 13:14,DCL Outbound-WS Inbound,Union,37
10/10/2018 13:14,DCL Outbound-WS Inbound,Union,37
10/10/2018 13:14,DCL Outbound-WS Inbound,Union,37
10/10/2018 13:14,DCL Outbound-WS Inbound,Union,37
10/10/2018 13:14,DCL Outbound-WS Inbound,Union,37
10/10/2018 13:15,DCL Outbound-WS Inbound,Union,37
10/10/2018 13:15,DCL Outbound-WS Inbound,Union,37
10/10/2018 13:15,DCL Outbound-WS Inbound,Union,37
10/10/2018 13:15,DCL Outbound-WS Inbound,Union,37
10/10/2018 13:15,DCL Outbound-WS Inbound,Union,37
10/10/2018 13:15,DCL Outbound-WS Inbound,Union,37
10/10/2018 13:15,DCL Outbound-WS Inbound,Union,37
10/10/2018 13:15,DCL Outbound-WS Inbound,Union,37
10/10/2018 13:15,DCL Outbound-WS Inbound,Union,37
10/10/2018 13:15,DCL Outbound-WS Inbound,Union,37
10/10/2018 13:15,DCL Outbound-WS Inbound,Union,37
10/10/2018 13:15,DCL Outbound-WS Inbound,Union,37
10/10/2018 13:15,DCL Outbound-WS Inbound,Union,37
10/10/2018 13:16,DCL Outbound-WS Inbound,Main and Cedar IB,21
10/10/2018 13:16,DCL Outbound-WS Inbound,Union,37
10/10/2018 13:17,DCL Outbound-WS Inbound,Main and Schiller IB,21
10/10/2018 13:17,DCL Outbound-WS Inbound,Main and Schiller IB,21
10/10/2018 13:17,DCL Outbound-WS Inbound,Main and Schiller IB,21
10/10/2018 13:21,DCL Outbound-WS Inbound,Floral and Main IB,21
10/10/2018 13:23,DCL Outbound-WS Inbound,Floral and Roberts IB,21
10/10/2018 13:23,DCL Outbound-WS Inbound,Floral and Roberts IB,21
10/10/2018 13:29,DCL Outbound-WS Inbound,Leroy St and Laurel OB,37
10/10/2018 13:30,DCL Outbound-WS Inbound,Leroy St and Chestnut OB,37
10/10/2018 13:35,DCL Outbound-WS Inbound,UDC,37
10/10/2018 13:35,DCL Outbound-WS Inbound,UDC,37
10/10/2018 13:35,DCL Outbound-WS Inbound,UDC,37
10/10/2018 13:36,DCL Outbound-WS Inbound,UDC,37
10/10/2018 13:38,DCL Outbound-WS Inbound,Hawley IB,37
10/10/2018 13:40,DCL Outbound-WS Inbound,Main and Murray IB,37
10/10/2018 13:40,DCL Outbound-WS Inbound,Main and Murray IB,37
10/10/2018 13:40,DCL Outbound-WS Inbound,Main and Murray IB,37
10/10/2018 13:40,DCL Outbound-WS Inbound,Main and Murray IB,37
10/10/2018 13:40,DCL Outbound-WS Inbound,Main and Murray IB,37
10/10/2018 13:41,DCL Outbound-WS Inbound,Main and Mather,37
10/10/2018 13:41,DCL Outbound-WS Inbound,Main and Cedar IB,37
10/10/2018 13:42,DCL Outbound-WS Inbound,Main and Cedar IB,37
10/10/2018 13:42,DCL Outbound-WS Inbound,Main and Cedar IB,37
10/10/2018 13:42,DCL Outbound-WS Inbound,Main and Cedar IB,37
10/10/2018 13:42,DCL Outbound-WS Inbound,Main and Clarke IB,37
10/10/2018 13:42,DCL Outbound-WS Inbound,Main and Clarke IB,37
10/10/2018 13:42,DCL Outbound-WS Inbound,Main and Clarke IB,37
10/10/2018 13:43,DCL Outbound-WS Inbound,Main and Schiller IB,37
10/10/2018 13:43,DCL Outbound-WS Inbound,Main and Schiller IB,37
10/10/2018 13:43,DCL Outbound-WS Inbound,Main and Schiller IB,37
10/10/2018 13:43,DCL Outbound-WS Inbound,Main and Schiller IB,37
10/10/2018 13:43,DCL Outbound-WS Inbound,Main and Schiller IB,37
10/10/2018 13:43,DCL Outbound-WS Inbound,Main and Schiller IB,37
10/10/2018 13:43,DCL Outbound-WS Inbound,Main and Schiller IB,37
10/10/2018 13:47,DCL Outbound-WS Inbound,Floral and Willow IB,37
10/10/2018 13:47,DCL Outbound-WS Inbound,Floral and Willow IB,37
10/10/2018 13:47,DCL Outbound-WS Inbound,Floral and Willow IB,37
10/10/2018 13:48,DCL Outbound-WS Inbound,Union,41
10/10/2018 13:48,DCL Outbound-WS Inbound,Union,41
10/10/2018 13:48,DCL Outbound-WS Inbound,Union,41
10/10/2018 13:48,DCL Outbound-WS Inbound,Union,41
10/10/2018 13:48,DCL Outbound-WS Inbound,Union,41
10/10/2018 13:48,DCL Outbound-WS Inbound,Union,41
10/10/2018 13:48,DCL Outbound-WS Inbound,Floral and Harrison IB,37
10/10/2018 13:49,DCL Outbound-WS Inbound,Floral and Cook,37
10/10/2018 13:51,DCL Outbound-WS Inbound,Denny's OB,41
10/10/2018 14:03,DCL Outbound-WS Inbound,Leroy St and Murray OB,41
10/10/2018 14:08,DCL Outbound-WS Inbound,UDC,41
10/10/2018 14:08,DCL Outbound-WS Inbound,UDC,41
10/10/2018 14:08,DCL Outbound-WS Inbound,UDC,41
10/10/2018 14:09,DCL Outbound-WS Inbound,UDC,41
10/10/2018 14:11,DCL Outbound-WS Inbound,Hawley IB,41
10/10/2018 14:14,DCL Outbound-WS Inbound,Main and Mather,41
10/10/2018 14:15,DCL Outbound-WS Inbound,Main and Cedar IB,41
10/10/2018 14:15,DCL Outbound-WS Inbound,Main and Cedar IB,41
10/10/2018 14:16,DCL Outbound-WS Inbound,Main and Clarke IB,41
10/10/2018 14:16,DCL Outbound-WS Inbound,Main and Clarke IB,41
10/10/2018 14:16,DCL Outbound-WS Inbound,Main and Clarke IB,41
10/10/2018 14:17,DCL Outbound-WS Inbound,Main and Schiller IB,41
10/10/2018 14:18,DCL Outbound-WS Inbound,Main and Schiller IB,41
10/10/2018 14:18,DCL Outbound-WS Inbound,Main and Schiller IB,41
10/10/2018 14:18,DCL Outbound-WS Inbound,Main and Schiller IB,41
10/10/2018 14:18,DCL Outbound-WS Inbound,Main and Schiller IB,41
10/10/2018 14:18,DCL Outbound-WS Inbound,Main and Schiller IB,41
10/10/2018 14:18,DCL Outbound-WS Inbound,Main and Schiller IB,41
10/10/2018 14:19,DCL Outbound-WS Inbound,Main and Helen IB,41
10/10/2018 14:21,DCL Outbound-WS Inbound,Floral and Main IB,41
10/10/2018 14:22,DCL Outbound-WS Inbound,Floral and Cleveland IB,41
10/10/2018 14:45,DCL Outbound-WS Inbound,Union,37
10/10/2018 14:45,DCL Outbound-WS Inbound,Union,37
10/10/2018 14:45,DCL Outbound-WS Inbound,Union,37
10/10/2018 14:45,DCL Outbound-WS Inbound,Union,37
10/10/2018 14:45,DCL Outbound-WS Inbound,Union,37
10/10/2018 14:45,DCL Outbound-WS Inbound,Union,37
10/10/2018 14:45,DCL Outbound-WS Inbound,Union,37
10/10/2018 14:45,DCL Outbound-WS Inbound,Union,37
10/10/2018 14:45,DCL Outbound-WS Inbound,Union,37
10/10/2018 14:45,DCL Outbound-WS Inbound,Union,37
10/10/2018 14:45,DCL Outbound-WS Inbound,Union,37
10/10/2018 14:45,DCL Outbound-WS Inbound,Union,37
10/10/2018 14:50,DCL Outbound-WS Inbound,Physical Facilities,37
10/10/2018 14:59,DCL Outbound-WS Inbound,Riverside and Beethoven OB,37
10/10/2018 15:07,DCL Outbound-WS Inbound,UDC,37
10/10/2018 15:10,DCL Outbound-WS Inbound,Hawley IB,37
10/10/2018 15:13,DCL Outbound-WS Inbound,Main and Murray IB,37
10/10/2018 15:13,DCL Outbound-WS Inbound,Main and Murray IB,37
10/10/2018 15:13,DCL Outbound-WS Inbound,Main and Murray IB,37
10/10/2018 15:13,DCL Outbound-WS Inbound,Main and Murray IB,37
10/10/2018 15:13,DCL Outbound-WS Inbound,Main and Murray IB,37
10/10/2018 15:13,DCL Outbound-WS Inbound,Main and Murray IB,37
10/10/2018 15:14,DCL Outbound-WS Inbound,Main and Mather,37
10/10/2018 15:14,DCL Outbound-WS Inbound,Main and Mather,37
10/10/2018 15:15,DCL Outbound-WS Inbound,Main and Clarke IB,37
10/10/2018 15:15,DCL Outbound-WS Inbound,Main and Clarke IB,37
10/10/2018 15:16,DCL Outbound-WS Inbound,Main and Schiller IB,37
10/10/2018 15:16,DCL Outbound-WS Inbound,Main and Schiller IB,37
10/10/2018 15:16,DCL Outbound-WS Inbound,Main and Schiller IB,37
10/10/2018 15:18,DCL Outbound-WS Inbound,Union,21
10/10/2018 15:18,DCL Outbound-WS Inbound,Union,21
10/10/2018 15:18,DCL Outbound-WS Inbound,Union,21
10/10/2018 15:18,DCL Outbound-WS Inbound,Union,21
10/10/2018 15:18,DCL Outbound-WS Inbound,Union,21
10/10/2018 15:18,DCL Outbound-WS Inbound,Union,21
10/10/2018 15:18,DCL Outbound-WS Inbound,Union,21
10/10/2018 15:18,DCL Outbound-WS Inbound,Union,21
10/10/2018 15:18,DCL Outbound-WS Inbound,Union,21
10/10/2018 15:18,DCL Outbound-WS Inbound,Union,21
10/10/2018 15:18,DCL Outbound-WS Inbound,Union,21
10/10/2018 15:18,DCL Outbound-WS Inbound,Union,21
10/10/2018 15:18,DCL Outbound-WS Inbound,Union,21
10/10/2018 15:18,DCL Outbound-WS Inbound,Union,21
10/10/2018 15:18,DCL Outbound-WS Inbound,Union,21
10/10/2018 15:18,DCL Outbound-WS Inbound,Union,21
10/10/2018 15:19,DCL Outbound-WS Inbound,Union,21
10/10/2018 15:19,DCL Outbound-WS Inbound,Union,21
10/10/2018 15:19,DCL Outbound-WS Inbound,Union,21
10/10/2018 15:20,DCL Outbound-WS Inbound,Floral and Main IB,37
10/10/2018 15:20,DCL Outbound-WS Inbound,Union,21
10/10/2018 15:20,DCL Outbound-WS Inbound,Union,21
10/10/2018 15:21,DCL Outbound-WS Inbound,Floral and Cleveland IB,37
10/10/2018 15:21,DCL Outbound-WS Inbound,Floral and Burbank IB,37
10/10/2018 15:23,DCL Outbound-WS Inbound,Floral and Cook,37
10/10/2018 15:36,DCL Outbound-WS Inbound,Riverside and Front,21
10/10/2018 15:38,DCL Outbound-WS Inbound,UDC IB,21
10/10/2018 15:38,DCL Outbound-WS Inbound,UDC IB,21
10/10/2018 15:41,DCL Outbound-WS Inbound,Hawley IB,21
10/10/2018 15:41,DCL Outbound-WS Inbound,Hawley IB,21
10/10/2018 15:41,DCL Outbound-WS Inbound,Hawley IB,21
10/10/2018 15:42,DCL Outbound-WS Inbound,Main and Front OB,21
10/10/2018 15:43,DCL Outbound-WS Inbound,Main and Murray IB,21
10/10/2018 15:44,DCL Outbound-WS Inbound,Main and Mather,21
10/10/2018 15:44,DCL Outbound-WS Inbound,Main and Mather,21
10/10/2018 15:45,DCL Outbound-WS Inbound,Main and Cedar IB,21
10/10/2018 15:45,DCL Outbound-WS Inbound,Main and Cedar IB,21
10/10/2018 15:45,DCL Outbound-WS Inbound,Main and Clarke IB,21
10/10/2018 15:45,DCL Outbound-WS Inbound,Main and Clarke IB,21
10/10/2018 15:47,DCL Outbound-WS Inbound,Main and Helen IB,21
10/10/2018 15:52,DCL Outbound-WS Inbound,Floral and St. Charles,21
10/10/2018 16:16,DCL Outbound-WS Inbound,Union,55
10/10/2018 16:16,DCL Outbound-WS Inbound,Union,55
10/10/2018 16:16,DCL Outbound-WS Inbound,Union,55
10/10/2018 16:16,DCL Outbound-WS Inbound,Union,55
10/10/2018 16:16,DCL Outbound-WS Inbound,Union,55
10/10/2018 16:17,DCL Outbound-WS Inbound,Union,55
10/10/2018 16:17,DCL Outbound-WS Inbound,Union,55
10/10/2018 16:17,DCL Outbound-WS Inbound,Union,55
10/10/2018 16:17,DCL Outbound-WS Inbound,Union,55
10/10/2018 16:17,DCL Outbound-WS Inbound,Union,55
10/10/2018 16:17,DCL Outbound-WS Inbound,Union,55
10/10/2018 16:17,DCL Outbound-WS Inbound,Union,55
10/10/2018 16:17,DCL Outbound-WS Inbound,Union,55
10/10/2018 16:17,DCL Outbound-WS Inbound,Union,55
10/10/2018 16:17,DCL Outbound-WS Inbound,Union,55
10/10/2018 16:18,DCL Outbound-WS Inbound,Union,55
10/10/2018 16:18,DCL Outbound-WS Inbound,Union,55
10/10/2018 16:19,DCL Outbound-WS Inbound,Union,55
10/10/2018 16:19,DCL Outbound-WS Inbound,Union,55
10/10/2018 16:19,DCL Outbound-WS Inbound,Union,55
10/10/2018 16:19,DCL Outbound-WS Inbound,Union,55
10/10/2018 16:19,DCL Outbound-WS Inbound,Union,55
10/10/2018 16:22,DCL Outbound-WS Inbound,Physical Facilities,55
10/10/2018 16:38,DCL Outbound-WS Inbound,UDC IB,55
10/10/2018 16:41,DCL Outbound-WS Inbound,Hawley IB,55
10/10/2018 16:41,DCL Outbound-WS Inbound,Hawley IB,55
10/10/2018 16:42,DCL Outbound-WS Inbound,Hawley IB,55
10/10/2018 16:44,DCL Outbound-WS Inbound,Main and Murray IB,55
10/10/2018 16:44,DCL Outbound-WS Inbound,Main and Murray IB,55
10/10/2018 16:45,DCL Outbound-WS Inbound,Main and Mather,55
10/10/2018 16:45,DCL Outbound-WS Inbound,Main and Mather,55
10/10/2018 16:45,DCL Outbound-WS Inbound,Main and Mather,55
10/10/2018 16:46,DCL Outbound-WS Inbound,Main and Cedar IB,55
10/10/2018 16:46,DCL Outbound-WS Inbound,Main and Cedar IB,55
10/10/2018 16:46,DCL Outbound-WS Inbound,Main and Cedar IB,55
10/10/2018 16:47,DCL Outbound-WS Inbound,Main and Clarke IB,55
10/10/2018 16:48,DCL Outbound-WS Inbound,Union,41
10/10/2018 16:48,DCL Outbound-WS Inbound,Union,41
10/10/2018 16:48,DCL Outbound-WS Inbound,Union,41
10/10/2018 16:48,DCL Outbound-WS Inbound,Union,41
10/10/2018 16:48,DCL Outbound-WS Inbound,Main and Schiller IB,55
10/10/2018 16:48,DCL Outbound-WS Inbound,Union,41
10/10/2018 16:48,DCL Outbound-WS Inbound,Union,41
10/10/2018 16:48,DCL Outbound-WS Inbound,Main and Schiller IB,55
10/10/2018 16:48,DCL Outbound-WS Inbound,Union,41
10/10/2018 16:48,DCL Outbound-WS Inbound,Union,41
10/10/2018 16:48,DCL Outbound-WS Inbound,Main and Schiller IB,55
10/10/2018 16:48,DCL Outbound-WS Inbound,Main and Schiller IB,55
10/10/2018 16:48,DCL Outbound-WS Inbound,Union,41
10/10/2018 16:48,DCL Outbound-WS Inbound,Union,41
10/10/2018 16:48,DCL Outbound-WS Inbound,Main and Schiller IB,55
10/10/2018 16:48,DCL Outbound-WS Inbound,Union,41
10/10/2018 16:48,DCL Outbound-WS Inbound,Main and Schiller IB,55
10/10/2018 16:48,DCL Outbound-WS Inbound,Main and Schiller IB,55
10/10/2018 16:48,DCL Outbound-WS Inbound,Union,41
10/10/2018 16:48,DCL Outbound-WS Inbound,Main and Schiller IB,55
10/10/2018 16:48,DCL Outbound-WS Inbound,Main and Schiller IB,55
10/10/2018 16:48,DCL Outbound-WS Inbound,Union,41
10/10/2018 16:48,DCL Outbound-WS Inbound,Union,41
10/10/2018 16:48,DCL Outbound-WS Inbound,Union,41
10/10/2018 16:48,DCL Outbound-WS Inbound,Main and Schiller IB,55
10/10/2018 16:48,DCL Outbound-WS Inbound,Union,41
10/10/2018 16:48,DCL Outbound-WS Inbound,Union,41
10/10/2018 16:48,DCL Outbound-WS Inbound,Union,41
10/10/2018 16:48,DCL Outbound-WS Inbound,Union,41
10/10/2018 16:48,DCL Outbound-WS Inbound,Union,41
10/10/2018 16:48,DCL Outbound-WS Inbound,Union,41
10/10/2018 16:48,DCL Outbound-WS Inbound,Union,41
10/10/2018 16:49,DCL Outbound-WS Inbound,Union,41
10/10/2018 16:49,DCL Outbound-WS Inbound,Union,41
10/10/2018 16:50,DCL Outbound-WS Inbound,Union,41
10/10/2018 16:51,DCL Outbound-WS Inbound,Floral and Cleveland IB,55
10/10/2018 16:58,DCL Outbound-WS Inbound,Academic A,55
10/10/2018 17:11,DCL Outbound-WS Inbound,Union,526
10/10/2018 17:11,DCL Outbound-WS Inbound,Union,526
10/10/2018 17:11,DCL Outbound-WS Inbound,Union,526
10/10/2018 17:11,DCL Outbound-WS Inbound,Union,526
10/10/2018 17:11,DCL Outbound-WS Inbound,Union,526
10/10/2018 17:11,DCL Outbound-WS Inbound,Union,526
10/10/2018 17:11,DCL Outbound-WS Inbound,Union,526
10/10/2018 17:11,DCL Outbound-WS Inbound,Union,526
10/10/2018 17:11,DCL Outbound-WS Inbound,Union,526
10/10/2018 17:11,DCL Outbound-WS Inbound,Union,526
10/10/2018 17:11,DCL Outbound-WS Inbound,Union,526
10/10/2018 17:11,DCL Outbound-WS Inbound,Union,526
10/10/2018 17:11,DCL Outbound-WS Inbound,Union,526
10/10/2018 17:11,DCL Outbound-WS Inbound,Union,526
10/10/2018 17:11,DCL Outbound-WS Inbound,Union,526
10/10/2018 17:11,DCL Outbound-WS Inbound,Union,526
10/10/2018 17:12,DCL Outbound-WS Inbound,Leroy St and Murray OB,41
10/10/2018 17:12,DCL Outbound-WS Inbound,Union,526
10/10/2018 17:14,DCL Outbound-WS Inbound,Union,526
10/10/2018 17:15,DCL Outbound-WS Inbound,Union,526
10/10/2018 17:15,DCL Outbound-WS Inbound,Union,526
10/10/2018 17:16,DCL Outbound-WS Inbound,Union,526
10/10/2018 17:16,DCL Outbound-WS Inbound,Union,526
10/10/2018 17:16,DCL Outbound-WS Inbound,Union,526
10/10/2018 17:17,DCL Outbound-WS Inbound,Union,526
10/10/2018 17:17,DCL Outbound-WS Inbound,Union,526
10/10/2018 17:17,DCL Outbound-WS Inbound,Union,526
10/10/2018 17:17,DCL Outbound-WS Inbound,Union,526
10/10/2018 17:17,DCL Outbound-WS Inbound,Union,526
10/10/2018 17:17,DCL Outbound-WS Inbound,Union,526
10/10/2018 17:17,DCL Outbound-WS Inbound,Hawley IB,41
10/10/2018 17:17,DCL Outbound-WS Inbound,Hawley IB,41
10/10/2018 17:18,DCL Outbound-WS Inbound,Union,526
10/10/2018 17:18,DCL Outbound-WS Inbound,Union,526
10/10/2018 17:19,DCL Outbound-WS Inbound,Main and Front OB,41
10/10/2018 17:19,DCL Outbound-WS Inbound,Union,526
10/10/2018 17:19,DCL Outbound-WS Inbound,Union,526
10/10/2018 17:19,DCL Outbound-WS Inbound,Union,526
10/10/2018 17:19,DCL Outbound-WS Inbound,Union,526
10/10/2018 17:19,DCL Outbound-WS Inbound,Union,526
10/10/2018 17:19,DCL Outbound-WS Inbound,Union,526
10/10/2018 17:20,DCL Outbound-WS Inbound,Union,526
10/10/2018 17:20,DCL Outbound-WS Inbound,Union,526
10/10/2018 17:20,DCL Outbound-WS Inbound,Main and Murray IB,41
10/10/2018 17:20,DCL Outbound-WS Inbound,Main and Murray IB,41
10/10/2018 17:21,DCL Outbound-WS Inbound,Union,526
10/10/2018 17:21,DCL Outbound-WS Inbound,Union,526
10/10/2018 17:21,DCL Outbound-WS Inbound,Main and Mather,41
10/10/2018 17:21,DCL Outbound-WS Inbound,Main and Mather,41
10/10/2018 17:21,DCL Outbound-WS Inbound,Main and Mather,41
10/10/2018 17:22,DCL Outbound-WS Inbound,Main and Cedar IB,41
10/10/2018 17:23,DCL Outbound-WS Inbound,Main and Clarke IB,41
10/10/2018 17:23,DCL Outbound-WS Inbound,Main and Clarke IB,41
10/10/2018 17:24,DCL Outbound-WS Inbound,Main and Clarke IB,41
10/10/2018 17:25,DCL Outbound-WS Inbound,Main and Schiller IB,41
10/10/2018 17:25,DCL Outbound-WS Inbound,Main and Schiller IB,41
10/10/2018 17:25,DCL Outbound-WS Inbound,Main and Schiller IB,41
10/10/2018 17:27,DCL Outbound-WS Inbound,Main and Helen IB,41
10/10/2018 17:28,DCL Outbound-WS Inbound,Main and Crary,41
10/10/2018 17:30,DCL Outbound-WS Inbound,Floral and Cleveland IB,41
10/10/2018 17:42,DCL Outbound-WS Inbound,Leroy St and Murray OB,526
10/10/2018 17:46,DCL Outbound-WS Inbound,UDC IB,526
10/10/2018 17:46,DCL Outbound-WS Inbound,UDC IB,526
10/10/2018 17:46,DCL Outbound-WS Inbound,UDC IB,526
10/10/2018 17:46,DCL Outbound-WS Inbound,UDC IB,526
10/10/2018 17:48,DCL Outbound-WS Inbound,Hawley IB,526
10/10/2018 17:48,DCL Outbound-WS Inbound,Hawley IB,526
10/10/2018 17:48,DCL Outbound-WS Inbound,Hawley IB,526
10/10/2018 17:48,DCL Outbound-WS Inbound,Union,21
10/10/2018 17:49,DCL Outbound-WS Inbound,Union,21
10/10/2018 17:49,DCL Outbound-WS Inbound,Union,21
10/10/2018 17:49,DCL Outbound-WS Inbound,Union,21
10/10/2018 17:49,DCL Outbound-WS Inbound,Union,21
10/10/2018 17:49,DCL Outbound-WS Inbound,Union,21
10/10/2018 17:49,DCL Outbound-WS Inbound,Union,21
10/10/2018 17:49,DCL Outbound-WS Inbound,Union,21
10/10/2018 17:49,DCL Outbound-WS Inbound,Union,21
10/10/2018 17:49,DCL Outbound-WS Inbound,Union,21
10/10/2018 17:49,DCL Outbound-WS Inbound,Union,21
10/10/2018 17:49,DCL Outbound-WS Inbound,Union,21
10/10/2018 17:49,DCL Outbound-WS Inbound,Union,21
10/10/2018 17:49,DCL Outbound-WS Inbound,Union,21
10/10/2018 17:49,DCL Outbound-WS Inbound,Union,21
10/10/2018 17:49,DCL Outbound-WS Inbound,Union,21
10/10/2018 17:49,DCL Outbound-WS Inbound,Union,21
10/10/2018 17:49,DCL Outbound-WS Inbound,Union,21
10/10/2018 17:52,DCL Outbound-WS Inbound,Main and Murray IB,526
10/10/2018 17:52,DCL Outbound-WS Inbound,Main and Murray IB,526
10/10/2018 17:52,DCL Outbound-WS Inbound,Main and Murray IB,526
10/10/2018 17:52,DCL Outbound-WS Inbound,Physical Facilities,21
10/10/2018 17:52,DCL Outbound-WS Inbound,Physical Facilities,21
10/10/2018 17:52,DCL Outbound-WS Inbound,Main and Mather,526
10/10/2018 17:52,DCL Outbound-WS Inbound,Main and Mather,526
10/10/2018 17:52,DCL Outbound-WS Inbound,Main and Mather,526
10/10/2018 17:53,DCL Outbound-WS Inbound,Main and Cedar IB,526
10/10/2018 17:53,DCL Outbound-WS Inbound,Main and Cedar IB,526
10/10/2018 17:53,DCL Outbound-WS Inbound,Main and Cedar IB,526
10/10/2018 17:53,DCL Outbound-WS Inbound,Main and Cedar IB,526
10/10/2018 17:55,DCL Outbound-WS Inbound,Main and Clarke IB,526
10/10/2018 17:55,DCL Outbound-WS Inbound,Main and Clarke IB,526
10/10/2018 17:56,DCL Outbound-WS Inbound,Main and Schiller IB,526
10/10/2018 17:56,DCL Outbound-WS Inbound,Main and Schiller IB,526
10/10/2018 17:56,DCL Outbound-WS Inbound,Main and Schiller IB,526
10/10/2018 17:56,DCL Outbound-WS Inbound,Main and Schiller IB,526
10/10/2018 17:56,DCL Outbound-WS Inbound,Main and Schiller IB,526
10/10/2018 17:56,DCL Outbound-WS Inbound,Main and Schiller IB,526
10/10/2018 18:01,DCL Outbound-WS Inbound,Riverside and Beethoven OB,21
10/10/2018 18:01,DCL Outbound-WS Inbound,Riverside and Beethoven OB,21
10/10/2018 18:01,DCL Outbound-WS Inbound,Riverside and Beethoven OB,21
10/10/2018 18:11,DCL Outbound-WS Inbound,Hawley IB,21
10/10/2018 18:11,DCL Outbound-WS Inbound,Hawley IB,21
10/10/2018 18:13,DCL Outbound-WS Inbound,Main and Murray IB,21
10/10/2018 18:15,DCL Outbound-WS Inbound,Main and Schiller IB,21
10/10/2018 18:16,DCL Outbound-WS Inbound,Main and Schiller IB,21
10/10/2018 18:38,DCL Outbound-WS Inbound,UDC IB,37
10/10/2018 18:42,DCL Outbound-WS Inbound,Hawley IB,37
10/10/2018 18:44,DCL Outbound-WS Inbound,Main and Mather,37
10/10/2018 18:44,DCL Outbound-WS Inbound,Main and Mather,37
10/10/2018 18:44,DCL Outbound-WS Inbound,Main and Mather,37
10/10/2018 18:45,DCL Outbound-WS Inbound,Main and Mather,37
10/10/2018 18:46,DCL Outbound-WS Inbound,Main and Cedar IB,37
10/10/2018 18:47,DCL Outbound-WS Inbound,Main and Schiller IB,37
10/10/2018 18:49,DCL Outbound-WS Inbound,Main and Helen IB,37
10/10/2018 18:52,DCL Outbound-WS Inbound,Floral and Cleveland IB,37
10/10/2018 18:52,DCL Outbound-WS Inbound,Floral and Cleveland IB,37
10/10/2018 19:00,DCL Outbound-WS Inbound,Union,37
10/10/2018 19:00,DCL Outbound-WS Inbound,Union,37
10/10/2018 19:00,DCL Outbound-WS Inbound,Union,37
10/10/2018 19:00,DCL Outbound-WS Inbound,Union,37
10/10/2018 19:00,DCL Outbound-WS Inbound,Union,37
10/10/2018 19:01,DCL Outbound-WS Inbound,Union,37
10/10/2018 19:01,DCL Outbound-WS Inbound,Union,37
10/10/2018 19:01,DCL Outbound-WS Inbound,Union,37
10/10/2018 19:01,DCL Outbound-WS Inbound,Union,37
10/10/2018 19:13,DCL Outbound-WS Inbound,Union,527
10/10/2018 19:13,DCL Outbound-WS Inbound,Union,527
10/10/2018 19:13,DCL Outbound-WS Inbound,Union,527
10/10/2018 19:13,DCL Outbound-WS Inbound,Union,527
10/10/2018 19:13,DCL Outbound-WS Inbound,Union,527
10/10/2018 19:13,DCL Outbound-WS Inbound,Union,527
10/10/2018 19:13,DCL Outbound-WS Inbound,Union,527
10/10/2018 19:14,DCL Outbound-WS Inbound,Union,527
10/10/2018 19:14,DCL Outbound-WS Inbound,Union,527
10/10/2018 19:14,DCL Outbound-WS Inbound,Union,527
10/10/2018 19:33,DCL Outbound-WS Inbound,Union,41
10/10/2018 19:34,DCL Outbound-WS Inbound,Union,41
10/10/2018 19:34,DCL Outbound-WS Inbound,Union,41
10/10/2018 19:37,DCL Outbound-WS Inbound,Union,41
10/10/2018 19:37,DCL Outbound-WS Inbound,Union,41
10/10/2018 19:37,DCL Outbound-WS Inbound,Union,41
10/10/2018 19:37,DCL Outbound-WS Inbound,Union,41
10/10/2018 19:38,DCL Outbound-WS Inbound,Hawley IB,527
10/10/2018 19:38,DCL Outbound-WS Inbound,Hawley IB,527
10/10/2018 19:38,DCL Outbound-WS Inbound,Union,41
10/10/2018 19:38,DCL Outbound-WS Inbound,Union,41
10/10/2018 19:39,DCL Outbound-WS Inbound,Main and Murray IB,527
10/10/2018 19:39,DCL Outbound-WS Inbound,Union,41
10/10/2018 19:39,DCL Outbound-WS Inbound,Main and Mather,527
10/10/2018 19:41,DCL Outbound-WS Inbound,Union,41
10/10/2018 19:42,DCL Outbound-WS Inbound,Union,41
10/10/2018 19:43,DCL Outbound-WS Inbound,Union,41
10/10/2018 19:43,DCL Outbound-WS Inbound,Union,41
10/10/2018 19:43,DCL Outbound-WS Inbound,Union,41
10/10/2018 19:44,DCL Outbound-WS Inbound,Union,41
10/10/2018 19:44,DCL Outbound-WS Inbound,Union,41
10/10/2018 19:45,DCL Outbound-WS Inbound,Union,41
