Start Date:10/01/2018 7:00 AM End Date:10/01/2018 8:00 PM,,,
DateTime,CorridorName,StopName,VehicleID
10/1/2018 7:18,DCL Outbound-WS Inbound,Main and Front OB,891
10/1/2018 7:19,DCL Outbound-WS Inbound,Main and Murray IB,891
10/1/2018 7:19,DCL Outbound-WS Inbound,Main and Murray IB,891
10/1/2018 7:19,DCL Outbound-WS Inbound,Main and Murray IB,891
10/1/2018 7:19,DCL Outbound-WS Inbound,Main and Murray IB,891
10/1/2018 7:19,DCL Outbound-WS Inbound,Main and Murray IB,891
10/1/2018 7:19,DCL Outbound-WS Inbound,Main and Murray IB,891
10/1/2018 7:19,DCL Outbound-WS Inbound,Main and Murray IB,891
10/1/2018 7:19,DCL Outbound-WS Inbound,Main and Murray IB,891
10/1/2018 7:19,DCL Outbound-WS Inbound,Main and Murray IB,891
10/1/2018 7:20,DCL Outbound-WS Inbound,Main and Mather,891
10/1/2018 7:20,DCL Outbound-WS Inbound,Main and Mather,891
10/1/2018 7:20,DCL Outbound-WS Inbound,Main and Mather,891
10/1/2018 7:20,DCL Outbound-WS Inbound,Main and Mather,891
10/1/2018 7:20,DCL Outbound-WS Inbound,Main and Mather,891
10/1/2018 7:20,DCL Outbound-WS Inbound,Main and Mather,891
10/1/2018 7:22,DCL Outbound-WS Inbound,Main and Schiller IB,891
10/1/2018 7:22,DCL Outbound-WS Inbound,Main and Schiller IB,891
10/1/2018 7:22,DCL Outbound-WS Inbound,Main and Schiller IB,891
10/1/2018 7:22,DCL Outbound-WS Inbound,Main and Schiller IB,891
10/1/2018 7:22,DCL Outbound-WS Inbound,Main and Schiller IB,891
10/1/2018 7:22,DCL Outbound-WS Inbound,Main and Schiller IB,891
10/1/2018 7:22,DCL Outbound-WS Inbound,Main and Schiller IB,891
10/1/2018 7:25,DCL Outbound-WS Inbound,Floral and Cleveland IB,891
10/1/2018 7:25,DCL Outbound-WS Inbound,Floral and Cleveland IB,891
10/1/2018 7:25,DCL Outbound-WS Inbound,Floral and Cleveland IB,891
10/1/2018 7:25,DCL Outbound-WS Inbound,Floral and Cleveland IB,891
10/1/2018 7:26,DCL Outbound-WS Inbound,Floral and Burbank IB,891
10/1/2018 7:28,DCL Outbound-WS Inbound,UDC IB,527
10/1/2018 7:33,DCL Outbound-WS Inbound,Hawley IB,527
10/1/2018 7:33,DCL Outbound-WS Inbound,Hawley IB,527
10/1/2018 7:35,DCL Outbound-WS Inbound,Main and Murray IB,527
10/1/2018 7:35,DCL Outbound-WS Inbound,Main and Murray IB,527
10/1/2018 7:36,DCL Outbound-WS Inbound,Main and Mather,527
10/1/2018 7:36,DCL Outbound-WS Inbound,Main and Mather,527
10/1/2018 7:36,DCL Outbound-WS Inbound,Main and Mather,527
10/1/2018 7:36,DCL Outbound-WS Inbound,Main and Mather,527
10/1/2018 7:36,DCL Outbound-WS Inbound,Main and Mather,527
10/1/2018 7:36,DCL Outbound-WS Inbound,Main and Mather,527
10/1/2018 7:36,DCL Outbound-WS Inbound,Main and Mather,527
10/1/2018 7:36,DCL Outbound-WS Inbound,Main and Mather,527
10/1/2018 7:36,DCL Outbound-WS Inbound,Main and Mather,527
10/1/2018 7:36,DCL Outbound-WS Inbound,Main and Mather,527
10/1/2018 7:36,DCL Outbound-WS Inbound,Main and Mather,527
10/1/2018 7:36,DCL Outbound-WS Inbound,Main and Mather,527
10/1/2018 7:36,DCL Outbound-WS Inbound,Main and Mather,527
10/1/2018 7:37,DCL Outbound-WS Inbound,Main and Mather,527
10/1/2018 7:38,DCL Outbound-WS Inbound,Main and Cedar IB,527
10/1/2018 7:39,DCL Outbound-WS Inbound,Main and Clarke IB,527
10/1/2018 7:40,DCL Outbound-WS Inbound,Main and Schiller IB,527
10/1/2018 7:40,DCL Outbound-WS Inbound,Main and Schiller IB,527
10/1/2018 7:40,DCL Outbound-WS Inbound,Main and Schiller IB,527
10/1/2018 7:40,DCL Outbound-WS Inbound,Main and Schiller IB,527
10/1/2018 7:40,DCL Outbound-WS Inbound,Main and Schiller IB,527
10/1/2018 7:40,DCL Outbound-WS Inbound,Main and Schiller IB,527
10/1/2018 7:40,DCL Outbound-WS Inbound,Main and Schiller IB,527
10/1/2018 7:40,DCL Outbound-WS Inbound,Main and Schiller IB,527
10/1/2018 7:40,DCL Outbound-WS Inbound,Main and Schiller IB,527
10/1/2018 7:40,DCL Outbound-WS Inbound,Main and Schiller IB,527
10/1/2018 7:40,DCL Outbound-WS Inbound,Main and Murray IB,890
10/1/2018 7:40,DCL Outbound-WS Inbound,Main and Murray IB,890
10/1/2018 7:40,DCL Outbound-WS Inbound,Main and Schiller IB,527
10/1/2018 7:41,DCL Outbound-WS Inbound,Main and Mather,890
10/1/2018 7:41,DCL Outbound-WS Inbound,Main and Mather,890
10/1/2018 7:42,DCL Outbound-WS Inbound,Main and Cedar IB,890
10/1/2018 7:43,DCL Outbound-WS Inbound,Main and Clarke IB,890
10/1/2018 7:43,DCL Outbound-WS Inbound,Main and Clarke IB,890
10/1/2018 7:44,DCL Outbound-WS Inbound,Main and Schiller IB,890
10/1/2018 7:44,DCL Outbound-WS Inbound,Main and Schiller IB,890
10/1/2018 7:44,DCL Outbound-WS Inbound,Main and Schiller IB,890
10/1/2018 7:45,DCL Outbound-WS Inbound,Main and Schiller IB,890
10/1/2018 7:48,DCL Outbound-WS Inbound,Main and Crary,890
10/1/2018 7:48,DCL Outbound-WS Inbound,Main and Crary,890
10/1/2018 7:48,DCL Outbound-WS Inbound,Hawley IB,54
10/1/2018 7:48,DCL Outbound-WS Inbound,Hawley IB,54
10/1/2018 7:48,DCL Outbound-WS Inbound,Hawley IB,54
10/1/2018 7:49,DCL Outbound-WS Inbound,Main and Front OB,54
10/1/2018 7:49,DCL Outbound-WS Inbound,Main and Front OB,54
10/1/2018 7:49,DCL Outbound-WS Inbound,Main and Front OB,54
10/1/2018 7:50,DCL Outbound-WS Inbound,Main and Murray IB,54
10/1/2018 7:50,DCL Outbound-WS Inbound,Main and Murray IB,54
10/1/2018 7:50,DCL Outbound-WS Inbound,Main and Murray IB,54
10/1/2018 7:50,DCL Outbound-WS Inbound,Main and Murray IB,54
10/1/2018 7:50,DCL Outbound-WS Inbound,Main and Murray IB,54
10/1/2018 7:50,DCL Outbound-WS Inbound,Main and Murray IB,54
10/1/2018 7:50,DCL Outbound-WS Inbound,Main and Murray IB,54
10/1/2018 7:51,DCL Outbound-WS Inbound,Main and Mather,54
10/1/2018 7:51,DCL Outbound-WS Inbound,Main and Mather,54
10/1/2018 7:51,DCL Outbound-WS Inbound,Main and Mather,54
10/1/2018 7:51,DCL Outbound-WS Inbound,Main and Mather,54
10/1/2018 7:52,DCL Outbound-WS Inbound,Floral and Cook,890
10/1/2018 7:53,DCL Outbound-WS Inbound,Main and Cedar IB,54
10/1/2018 7:53,DCL Outbound-WS Inbound,Main and Cedar IB,54
10/1/2018 7:53,DCL Outbound-WS Inbound,Main and Cedar IB,54
10/1/2018 7:53,DCL Outbound-WS Inbound,Main and Cedar IB,54
10/1/2018 7:53,DCL Outbound-WS Inbound,Main and Clarke IB,54
10/1/2018 7:53,DCL Outbound-WS Inbound,Main and Clarke IB,54
10/1/2018 7:55,DCL Outbound-WS Inbound,Main and Schiller IB,54
10/1/2018 7:55,DCL Outbound-WS Inbound,Main and Schiller IB,54
10/1/2018 7:55,DCL Outbound-WS Inbound,Main and Schiller IB,54
10/1/2018 7:55,DCL Outbound-WS Inbound,Main and Schiller IB,54
10/1/2018 7:55,DCL Outbound-WS Inbound,Main and Schiller IB,54
10/1/2018 7:56,DCL Outbound-WS Inbound,Main and Helen IB,54
10/1/2018 7:58,DCL Outbound-WS Inbound,Floral and Main IB,54
10/1/2018 7:59,DCL Outbound-WS Inbound,Floral and Cleveland IB,54
10/1/2018 8:00,DCL Outbound-WS Inbound,Floral and Willow IB,54
10/1/2018 8:00,DCL Outbound-WS Inbound,Floral and Willow IB,54
10/1/2018 8:01,DCL Outbound-WS Inbound,Floral and Harrison IB,54
10/1/2018 8:02,DCL Outbound-WS Inbound,Floral and Cook,54
10/1/2018 8:06,DCL Outbound-WS Inbound,UDC IB,43
10/1/2018 8:07,DCL Outbound-WS Inbound,UDC IB,43
10/1/2018 8:07,DCL Outbound-WS Inbound,UDC IB,43
10/1/2018 8:07,DCL Outbound-WS Inbound,UDC IB,43
10/1/2018 8:09,DCL Outbound-WS Inbound,Hawley IB,43
10/1/2018 8:09,DCL Outbound-WS Inbound,Hawley IB,43
10/1/2018 8:09,DCL Outbound-WS Inbound,Hawley IB,43
10/1/2018 8:10,DCL Outbound-WS Inbound,Main and Front OB,43
10/1/2018 8:10,DCL Outbound-WS Inbound,Main and Front OB,43
10/1/2018 8:12,DCL Outbound-WS Inbound,Main and Murray IB,43
10/1/2018 8:12,DCL Outbound-WS Inbound,Main and Murray IB,43
10/1/2018 8:12,DCL Outbound-WS Inbound,Main and Murray IB,43
10/1/2018 8:12,DCL Outbound-WS Inbound,Main and Murray IB,43
10/1/2018 8:12,DCL Outbound-WS Inbound,Main and Murray IB,43
10/1/2018 8:12,DCL Outbound-WS Inbound,Main and Murray IB,43
10/1/2018 8:12,DCL Outbound-WS Inbound,Main and Murray IB,43
10/1/2018 8:12,DCL Outbound-WS Inbound,Main and Murray IB,43
10/1/2018 8:12,DCL Outbound-WS Inbound,Main and Murray IB,43
10/1/2018 8:12,DCL Outbound-WS Inbound,Main and Cedar IB,527
10/1/2018 8:12,DCL Outbound-WS Inbound,Main and Cedar IB,527
10/1/2018 8:13,DCL Outbound-WS Inbound,Main and Mather,43
10/1/2018 8:13,DCL Outbound-WS Inbound,Main and Mather,43
10/1/2018 8:13,DCL Outbound-WS Inbound,Main and Mather,43
10/1/2018 8:13,DCL Outbound-WS Inbound,Main and Mather,43
10/1/2018 8:13,DCL Outbound-WS Inbound,Main and Clarke IB,527
10/1/2018 8:13,DCL Outbound-WS Inbound,Main and Clarke IB,527
10/1/2018 8:15,DCL Outbound-WS Inbound,Main and Schiller IB,527
10/1/2018 8:15,DCL Outbound-WS Inbound,Main and Schiller IB,527
10/1/2018 8:15,DCL Outbound-WS Inbound,Main and Schiller IB,527
10/1/2018 8:15,DCL Outbound-WS Inbound,Main and Schiller IB,527
10/1/2018 8:15,DCL Outbound-WS Inbound,Main and Schiller IB,527
10/1/2018 8:15,DCL Outbound-WS Inbound,Main and Schiller IB,527
10/1/2018 8:15,DCL Outbound-WS Inbound,Main and Schiller IB,527
10/1/2018 8:16,DCL Outbound-WS Inbound,Main and Helen IB,43
10/1/2018 8:17,DCL Outbound-WS Inbound,Floral and Main IB,527
10/1/2018 8:28,DCL Outbound-WS Inbound,Leroy St and Laurel OB,526
10/1/2018 8:30,DCL Outbound-WS Inbound,Leroy St and Murray OB,526
10/1/2018 8:39,DCL Outbound-WS Inbound,Main and Murray IB,526
10/1/2018 8:39,DCL Outbound-WS Inbound,Main and Murray IB,526
10/1/2018 8:39,DCL Outbound-WS Inbound,Main and Murray IB,526
10/1/2018 8:40,DCL Outbound-WS Inbound,Main and Mather,526
10/1/2018 8:40,DCL Outbound-WS Inbound,Main and Mather,526
10/1/2018 8:40,DCL Outbound-WS Inbound,Main and Mather,526
10/1/2018 8:40,DCL Outbound-WS Inbound,Main and Mather,526
10/1/2018 8:41,DCL Outbound-WS Inbound,Main and Clarke IB,526
10/1/2018 8:42,DCL Outbound-WS Inbound,Main and Schiller IB,526
10/1/2018 8:42,DCL Outbound-WS Inbound,Main and Schiller IB,526
10/1/2018 8:42,DCL Outbound-WS Inbound,Main and Schiller IB,526
10/1/2018 8:44,DCL Outbound-WS Inbound,Main and Helen IB,526
10/1/2018 8:44,DCL Outbound-WS Inbound,Main and Helen IB,526
10/1/2018 8:46,DCL Outbound-WS Inbound,Union,43
10/1/2018 8:47,DCL Outbound-WS Inbound,Floral and Harrison IB,526
10/1/2018 8:59,DCL Outbound-WS Inbound,Leroy St and Chestnut OB,43
10/1/2018 8:59,DCL Outbound-WS Inbound,Leroy St and Chestnut OB,43
10/1/2018 9:02,DCL Outbound-WS Inbound,Hawley IB,54
10/1/2018 9:02,DCL Outbound-WS Inbound,Hawley IB,54
10/1/2018 9:02,DCL Outbound-WS Inbound,Hawley IB,54
10/1/2018 9:02,DCL Outbound-WS Inbound,Hawley IB,54
10/1/2018 9:03,DCL Outbound-WS Inbound,Main and Front OB,54
10/1/2018 9:03,DCL Outbound-WS Inbound,Main and Front OB,54
10/1/2018 9:03,DCL Outbound-WS Inbound,UDC,43
10/1/2018 9:03,DCL Outbound-WS Inbound,UDC,43
10/1/2018 9:04,DCL Outbound-WS Inbound,Main and Murray IB,54
10/1/2018 9:04,DCL Outbound-WS Inbound,Main and Murray IB,54
10/1/2018 9:04,DCL Outbound-WS Inbound,Main and Murray IB,54
10/1/2018 9:04,DCL Outbound-WS Inbound,Main and Murray IB,54
10/1/2018 9:04,DCL Outbound-WS Inbound,Main and Murray IB,54
10/1/2018 9:04,DCL Outbound-WS Inbound,Main and Murray IB,54
10/1/2018 9:04,DCL Outbound-WS Inbound,Main and Murray IB,54
10/1/2018 9:04,DCL Outbound-WS Inbound,Main and Murray IB,54
10/1/2018 9:04,DCL Outbound-WS Inbound,Main and Murray IB,54
10/1/2018 9:04,DCL Outbound-WS Inbound,UDC,43
10/1/2018 9:04,DCL Outbound-WS Inbound,Main and Murray IB,54
10/1/2018 9:04,DCL Outbound-WS Inbound,UDC,43
10/1/2018 9:05,DCL Outbound-WS Inbound,Main and Mather,54
10/1/2018 9:05,DCL Outbound-WS Inbound,Main and Mather,54
10/1/2018 9:05,DCL Outbound-WS Inbound,Main and Mather,54
10/1/2018 9:06,DCL Outbound-WS Inbound,Main and Cedar IB,54
10/1/2018 9:06,DCL Outbound-WS Inbound,Main and Cedar IB,54
10/1/2018 9:06,DCL Outbound-WS Inbound,Main and Cedar IB,54
10/1/2018 9:07,DCL Outbound-WS Inbound,Main and Clarke IB,54
10/1/2018 9:07,DCL Outbound-WS Inbound,Hawley IB,43
10/1/2018 9:07,DCL Outbound-WS Inbound,Hawley IB,43
10/1/2018 9:07,DCL Outbound-WS Inbound,Hawley IB,43
10/1/2018 9:08,DCL Outbound-WS Inbound,Main and Schiller IB,54
10/1/2018 9:08,DCL Outbound-WS Inbound,Main and Front OB,43
10/1/2018 9:08,DCL Outbound-WS Inbound,Main and Front OB,43
10/1/2018 9:08,DCL Outbound-WS Inbound,Main and Schiller IB,54
10/1/2018 9:08,DCL Outbound-WS Inbound,Main and Front OB,43
10/1/2018 9:08,DCL Outbound-WS Inbound,Main and Schiller IB,54
10/1/2018 9:08,DCL Outbound-WS Inbound,Main and Schiller IB,54
10/1/2018 9:09,DCL Outbound-WS Inbound,Main and Murray IB,43
10/1/2018 9:09,DCL Outbound-WS Inbound,Main and Murray IB,43
10/1/2018 9:09,DCL Outbound-WS Inbound,Main and Murray IB,43
10/1/2018 9:09,DCL Outbound-WS Inbound,Main and Murray IB,43
10/1/2018 9:09,DCL Outbound-WS Inbound,Main and Murray IB,43
10/1/2018 9:09,DCL Outbound-WS Inbound,Main and Murray IB,43
10/1/2018 9:09,DCL Outbound-WS Inbound,Main and Murray IB,43
10/1/2018 9:09,DCL Outbound-WS Inbound,Main and Murray IB,43
10/1/2018 9:09,DCL Outbound-WS Inbound,Main and Murray IB,43
10/1/2018 9:09,DCL Outbound-WS Inbound,Main and Murray IB,43
10/1/2018 9:09,DCL Outbound-WS Inbound,Main and Murray IB,43
10/1/2018 9:09,DCL Outbound-WS Inbound,Main and Murray IB,43
10/1/2018 9:09,DCL Outbound-WS Inbound,Main and Helen IB,54
10/1/2018 9:09,DCL Outbound-WS Inbound,Main and Helen IB,54
10/1/2018 9:10,DCL Outbound-WS Inbound,Main and Mather,43
10/1/2018 9:10,DCL Outbound-WS Inbound,Main and Mather,43
10/1/2018 9:10,DCL Outbound-WS Inbound,Main and Mather,43
10/1/2018 9:10,DCL Outbound-WS Inbound,Main and Mather,43
10/1/2018 9:11,DCL Outbound-WS Inbound,Floral and Cleveland IB,54
10/1/2018 9:11,DCL Outbound-WS Inbound,Floral and Cleveland IB,54
10/1/2018 9:11,DCL Outbound-WS Inbound,Main and Cedar IB,43
10/1/2018 9:11,DCL Outbound-WS Inbound,Main and Cedar IB,43
10/1/2018 9:11,DCL Outbound-WS Inbound,Main and Cedar IB,43
10/1/2018 9:11,DCL Outbound-WS Inbound,Main and Cedar IB,43
10/1/2018 9:11,DCL Outbound-WS Inbound,Main and Cedar IB,43
10/1/2018 9:11,DCL Outbound-WS Inbound,Main and Cedar IB,43
10/1/2018 9:12,DCL Outbound-WS Inbound,Main and Clarke OB,43
10/1/2018 9:12,DCL Outbound-WS Inbound,Main and Clarke OB,43
10/1/2018 9:12,DCL Outbound-WS Inbound,Main and Clarke OB,43
10/1/2018 9:12,DCL Outbound-WS Inbound,Floral and Willow IB,54
10/1/2018 9:12,DCL Outbound-WS Inbound,Floral and Willow IB,54
10/1/2018 9:12,DCL Outbound-WS Inbound,Floral and Willow IB,54
10/1/2018 9:13,DCL Outbound-WS Inbound,Main and Schiller IB,43
10/1/2018 9:13,DCL Outbound-WS Inbound,Main and Schiller IB,43
10/1/2018 9:13,DCL Outbound-WS Inbound,Main and Schiller IB,43
10/1/2018 9:13,DCL Outbound-WS Inbound,Main and Schiller IB,43
10/1/2018 9:13,DCL Outbound-WS Inbound,Main and Schiller IB,43
10/1/2018 9:13,DCL Outbound-WS Inbound,Main and Schiller IB,43
10/1/2018 9:13,DCL Outbound-WS Inbound,Main and Schiller IB,43
10/1/2018 9:13,DCL Outbound-WS Inbound,Main and Schiller IB,43
10/1/2018 9:13,DCL Outbound-WS Inbound,Main and Schiller IB,43
10/1/2018 9:13,DCL Outbound-WS Inbound,Main and Schiller IB,43
10/1/2018 9:14,DCL Outbound-WS Inbound,Main and Schiller IB,43
10/1/2018 9:14,DCL Outbound-WS Inbound,Floral and Cook,54
10/1/2018 9:15,DCL Outbound-WS Inbound,Main and Helen IB,43
10/1/2018 9:17,DCL Outbound-WS Inbound,Floral and Cleveland IB,43
10/1/2018 9:17,DCL Outbound-WS Inbound,Floral and Cleveland IB,43
10/1/2018 9:17,DCL Outbound-WS Inbound,Floral and Cleveland IB,43
10/1/2018 9:18,DCL Outbound-WS Inbound,Floral and Burbank IB,43
10/1/2018 9:19,DCL Outbound-WS Inbound,Physical Facilities,528
10/1/2018 9:28,DCL Outbound-WS Inbound,Leroy St and Chestnut OB,528
10/1/2018 9:47,DCL Outbound-WS Inbound,Hawley IB,43
10/1/2018 9:47,DCL Outbound-WS Inbound,Hawley IB,43
10/1/2018 9:49,DCL Outbound-WS Inbound,Main and Murray IB,43
10/1/2018 9:51,DCL Outbound-WS Inbound,Main and Cedar IB,43
10/1/2018 9:51,DCL Outbound-WS Inbound,Main and Cedar IB,43
10/1/2018 9:52,DCL Outbound-WS Inbound,Main and Clarke IB,43
10/1/2018 9:53,DCL Outbound-WS Inbound,Main and Schiller IB,43
10/1/2018 9:53,DCL Outbound-WS Inbound,Main and Schiller IB,43
10/1/2018 9:55,DCL Outbound-WS Inbound,Main and Helen IB,43
10/1/2018 9:55,DCL Outbound-WS Inbound,Main and Helen IB,43
10/1/2018 9:56,DCL Outbound-WS Inbound,Main and Crary,43
10/1/2018 9:58,DCL Outbound-WS Inbound,Floral and Roberts OB,43
10/1/2018 10:12,DCL Outbound-WS Inbound,Union,526
10/1/2018 10:12,DCL Outbound-WS Inbound,Union,526
10/1/2018 10:12,DCL Outbound-WS Inbound,Union,526
10/1/2018 10:12,DCL Outbound-WS Inbound,Union,526
10/1/2018 10:12,DCL Outbound-WS Inbound,Union,526
10/1/2018 10:12,DCL Outbound-WS Inbound,Union,526
10/1/2018 10:12,DCL Outbound-WS Inbound,Union,526
10/1/2018 10:12,DCL Outbound-WS Inbound,Union,526
10/1/2018 10:12,DCL Outbound-WS Inbound,Union,526
10/1/2018 10:13,DCL Outbound-WS Inbound,Union,526
10/1/2018 10:14,DCL Outbound-WS Inbound,Union,526
10/1/2018 10:14,DCL Outbound-WS Inbound,Union,526
10/1/2018 10:15,DCL Outbound-WS Inbound,Union,526
10/1/2018 10:16,DCL Outbound-WS Inbound,Union,526
10/1/2018 10:18,DCL Outbound-WS Inbound,Hawley IB,54
10/1/2018 10:18,DCL Outbound-WS Inbound,Hawley IB,54
10/1/2018 10:20,DCL Outbound-WS Inbound,Main and Murray IB,54
10/1/2018 10:20,DCL Outbound-WS Inbound,Main and Murray IB,54
10/1/2018 10:20,DCL Outbound-WS Inbound,Main and Murray IB,54
10/1/2018 10:20,DCL Outbound-WS Inbound,Main and Murray IB,54
10/1/2018 10:20,DCL Outbound-WS Inbound,Main and Murray IB,54
10/1/2018 10:21,DCL Outbound-WS Inbound,Main and Mather,54
10/1/2018 10:21,DCL Outbound-WS Inbound,Main and Mather,54
10/1/2018 10:21,DCL Outbound-WS Inbound,Main and Mather,54
10/1/2018 10:21,DCL Outbound-WS Inbound,Main and Mather,54
10/1/2018 10:21,DCL Outbound-WS Inbound,Main and Mather,54
10/1/2018 10:21,DCL Outbound-WS Inbound,Main and Mather,54
10/1/2018 10:23,DCL Outbound-WS Inbound,Main and Cedar IB,54
10/1/2018 10:23,DCL Outbound-WS Inbound,Main and Cedar IB,54
10/1/2018 10:23,DCL Outbound-WS Inbound,Main and Clarke IB,54
10/1/2018 10:24,DCL Outbound-WS Inbound,Main and Clarke IB,54
10/1/2018 10:25,DCL Outbound-WS Inbound,Main and Schiller IB,54
10/1/2018 10:25,DCL Outbound-WS Inbound,Main and Schiller IB,54
10/1/2018 10:25,DCL Outbound-WS Inbound,Main and Schiller IB,54
10/1/2018 10:25,DCL Outbound-WS Inbound,Main and Schiller IB,54
10/1/2018 10:25,DCL Outbound-WS Inbound,Main and Schiller IB,54
10/1/2018 10:25,DCL Outbound-WS Inbound,Main and Schiller IB,54
10/1/2018 10:25,DCL Outbound-WS Inbound,Main and Schiller IB,54
10/1/2018 10:25,DCL Outbound-WS Inbound,Main and Schiller IB,54
10/1/2018 10:25,DCL Outbound-WS Inbound,Main and Schiller IB,54
10/1/2018 10:25,DCL Outbound-WS Inbound,Main and Schiller IB,54
10/1/2018 10:25,DCL Outbound-WS Inbound,Main and Schiller IB,54
10/1/2018 10:25,DCL Outbound-WS Inbound,Main and Schiller IB,54
10/1/2018 10:26,DCL Outbound-WS Inbound,Main and Helen IB,54
10/1/2018 10:26,DCL Outbound-WS Inbound,Main and Helen IB,54
10/1/2018 10:27,DCL Outbound-WS Inbound,Main and Crary,54
10/1/2018 10:27,DCL Outbound-WS Inbound,Main and Crary,54
10/1/2018 10:29,DCL Outbound-WS Inbound,Floral and Cleveland IB,54
10/1/2018 10:29,DCL Outbound-WS Inbound,Floral and Cleveland IB,54
10/1/2018 10:29,DCL Outbound-WS Inbound,Floral and Cleveland IB,54
10/1/2018 10:31,DCL Outbound-WS Inbound,UDC IB,526
10/1/2018 10:31,DCL Outbound-WS Inbound,UDC IB,526
10/1/2018 10:38,DCL Outbound-WS Inbound,Main and Murray IB,526
10/1/2018 10:38,DCL Outbound-WS Inbound,Main and Murray IB,526
10/1/2018 10:38,DCL Outbound-WS Inbound,Main and Murray IB,526
10/1/2018 10:38,DCL Outbound-WS Inbound,Main and Murray IB,526
10/1/2018 10:38,DCL Outbound-WS Inbound,Main and Murray IB,526
10/1/2018 10:38,DCL Outbound-WS Inbound,Main and Murray IB,526
10/1/2018 10:39,DCL Outbound-WS Inbound,Main and Murray IB,526
10/1/2018 10:39,DCL Outbound-WS Inbound,Main and Mather,526
10/1/2018 10:39,DCL Outbound-WS Inbound,Main and Mather,526
10/1/2018 10:42,DCL Outbound-WS Inbound,Main and Clarke IB,526
10/1/2018 10:42,DCL Outbound-WS Inbound,Main and Clarke IB,526
10/1/2018 10:43,DCL Outbound-WS Inbound,Main and Schiller IB,526
10/1/2018 10:43,DCL Outbound-WS Inbound,Main and Schiller IB,526
10/1/2018 10:43,DCL Outbound-WS Inbound,Main and Schiller IB,526
10/1/2018 10:43,DCL Outbound-WS Inbound,Main and Schiller IB,526
10/1/2018 10:43,DCL Outbound-WS Inbound,Main and Schiller IB,526
10/1/2018 10:43,DCL Outbound-WS Inbound,Union,528
10/1/2018 10:44,DCL Outbound-WS Inbound,Union,528
10/1/2018 10:44,DCL Outbound-WS Inbound,Union,528
10/1/2018 10:44,DCL Outbound-WS Inbound,Union,528
10/1/2018 10:44,DCL Outbound-WS Inbound,Union,528
10/1/2018 10:44,DCL Outbound-WS Inbound,Union,528
10/1/2018 10:44,DCL Outbound-WS Inbound,Union,528
10/1/2018 10:44,DCL Outbound-WS Inbound,Union,528
10/1/2018 10:44,DCL Outbound-WS Inbound,Union,528
10/1/2018 10:45,DCL Outbound-WS Inbound,Union,528
10/1/2018 10:45,DCL Outbound-WS Inbound,Union,528
10/1/2018 10:45,DCL Outbound-WS Inbound,Union,528
10/1/2018 10:45,DCL Outbound-WS Inbound,Union,528
10/1/2018 10:46,DCL Outbound-WS Inbound,Union,528
10/1/2018 10:46,DCL Outbound-WS Inbound,Union,528
10/1/2018 10:46,DCL Outbound-WS Inbound,Union,528
10/1/2018 10:47,DCL Outbound-WS Inbound,Union,528
10/1/2018 10:48,DCL Outbound-WS Inbound,Union,528
10/1/2018 10:48,DCL Outbound-WS Inbound,Union,528
10/1/2018 10:50,DCL Outbound-WS Inbound,Floral and Cook,526
10/1/2018 10:52,DCL Outbound-WS Inbound,Physical Facilities,528
10/1/2018 10:52,DCL Outbound-WS Inbound,Hawley IB,891
10/1/2018 10:52,DCL Outbound-WS Inbound,Hawley IB,891
10/1/2018 10:52,DCL Outbound-WS Inbound,Hawley IB,891
10/1/2018 10:55,DCL Outbound-WS Inbound,Main and Murray IB,891
10/1/2018 10:55,DCL Outbound-WS Inbound,Main and Murray IB,891
10/1/2018 10:55,DCL Outbound-WS Inbound,Main and Murray IB,891
10/1/2018 10:56,DCL Outbound-WS Inbound,Main and Mather,891
10/1/2018 10:56,DCL Outbound-WS Inbound,Main and Mather,891
10/1/2018 10:57,DCL Outbound-WS Inbound,Main and Cedar IB,891
10/1/2018 10:57,DCL Outbound-WS Inbound,Union,527
10/1/2018 10:57,DCL Outbound-WS Inbound,Union,527
10/1/2018 10:57,DCL Outbound-WS Inbound,Main and Clarke IB,891
10/1/2018 10:57,DCL Outbound-WS Inbound,Main and Clarke IB,891
10/1/2018 10:57,DCL Outbound-WS Inbound,Union,527
10/1/2018 10:58,DCL Outbound-WS Inbound,Main and Schiller IB,891
10/1/2018 10:58,DCL Outbound-WS Inbound,Main and Schiller IB,891
10/1/2018 10:58,DCL Outbound-WS Inbound,Main and Schiller IB,891
10/1/2018 10:59,DCL Outbound-WS Inbound,Union,527
10/1/2018 11:00,DCL Outbound-WS Inbound,Main and Helen IB,891
10/1/2018 11:02,DCL Outbound-WS Inbound,Floral and Main IB,891
10/1/2018 11:02,DCL Outbound-WS Inbound,Floral and Main IB,891
10/1/2018 11:03,DCL Outbound-WS Inbound,Floral and Burbank IB,891
10/1/2018 11:05,DCL Outbound-WS Inbound,UDC IB,528
10/1/2018 11:06,DCL Outbound-WS Inbound,UDC IB,528
10/1/2018 11:06,DCL Outbound-WS Inbound,UDC IB,528
10/1/2018 11:09,DCL Outbound-WS Inbound,Hawley IB,528
10/1/2018 11:09,DCL Outbound-WS Inbound,Hawley IB,528
10/1/2018 11:09,DCL Outbound-WS Inbound,Hawley IB,528
10/1/2018 11:09,DCL Outbound-WS Inbound,Hawley IB,528
10/1/2018 11:09,DCL Outbound-WS Inbound,Hawley IB,528
10/1/2018 11:09,DCL Outbound-WS Inbound,Hawley IB,528
10/1/2018 11:10,DCL Outbound-WS Inbound,Main and Front OB,528
10/1/2018 11:10,DCL Outbound-WS Inbound,Main and Front OB,528
10/1/2018 11:10,DCL Outbound-WS Inbound,Main and Front OB,528
10/1/2018 11:10,DCL Outbound-WS Inbound,Main and Front OB,528
10/1/2018 11:10,DCL Outbound-WS Inbound,Main and Front OB,528
10/1/2018 11:11,DCL Outbound-WS Inbound,Main and Front OB,528
10/1/2018 11:12,DCL Outbound-WS Inbound,Main and Murray IB,528
10/1/2018 11:12,DCL Outbound-WS Inbound,Main and Murray IB,528
10/1/2018 11:12,DCL Outbound-WS Inbound,Main and Murray IB,528
10/1/2018 11:12,DCL Outbound-WS Inbound,Main and Murray IB,528
10/1/2018 11:12,DCL Outbound-WS Inbound,Main and Murray IB,528
10/1/2018 11:12,DCL Outbound-WS Inbound,Main and Murray IB,528
10/1/2018 11:13,DCL Outbound-WS Inbound,Union,891
10/1/2018 11:13,DCL Outbound-WS Inbound,Union,891
10/1/2018 11:13,DCL Outbound-WS Inbound,Union,54
10/1/2018 11:13,DCL Outbound-WS Inbound,Union,891
10/1/2018 11:13,DCL Outbound-WS Inbound,Union,891
10/1/2018 11:13,DCL Outbound-WS Inbound,Union,891
10/1/2018 11:13,DCL Outbound-WS Inbound,Union,54
10/1/2018 11:13,DCL Outbound-WS Inbound,Union,891
10/1/2018 11:13,DCL Outbound-WS Inbound,Union,891
10/1/2018 11:13,DCL Outbound-WS Inbound,Union,891
10/1/2018 11:13,DCL Outbound-WS Inbound,Union,891
10/1/2018 11:13,DCL Outbound-WS Inbound,Union,891
10/1/2018 11:13,DCL Outbound-WS Inbound,Main and Mather,528
10/1/2018 11:13,DCL Outbound-WS Inbound,Main and Mather,528
10/1/2018 11:13,DCL Outbound-WS Inbound,Main and Mather,528
10/1/2018 11:13,DCL Outbound-WS Inbound,Union,54
10/1/2018 11:13,DCL Outbound-WS Inbound,Union,54
10/1/2018 11:14,DCL Outbound-WS Inbound,Union,54
10/1/2018 11:14,DCL Outbound-WS Inbound,Main and Cedar IB,528
10/1/2018 11:15,DCL Outbound-WS Inbound,Main and Cedar IB,528
10/1/2018 11:16,DCL Outbound-WS Inbound,Main and Schiller IB,528
10/1/2018 11:17,DCL Outbound-WS Inbound,UDC IB,527
10/1/2018 11:18,DCL Outbound-WS Inbound,UDC IB,527
10/1/2018 11:18,DCL Outbound-WS Inbound,UDC IB,527
10/1/2018 11:19,DCL Outbound-WS Inbound,UDC IB,527
10/1/2018 11:20,DCL Outbound-WS Inbound,UDC IB,527
10/1/2018 11:22,DCL Outbound-WS Inbound,Hawley IB,527
10/1/2018 11:22,DCL Outbound-WS Inbound,Hawley IB,527
10/1/2018 11:22,DCL Outbound-WS Inbound,Hawley IB,527
10/1/2018 11:22,DCL Outbound-WS Inbound,Floral and Cleveland IB,528
10/1/2018 11:23,DCL Outbound-WS Inbound,Floral and Burbank IB,528
10/1/2018 11:23,DCL Outbound-WS Inbound,Main and Front OB,527
10/1/2018 11:23,DCL Outbound-WS Inbound,Floral and Roberts IB,528
10/1/2018 11:25,DCL Outbound-WS Inbound,Floral and Cook,528
10/1/2018 11:25,DCL Outbound-WS Inbound,Floral and Cook,528
10/1/2018 11:25,DCL Outbound-WS Inbound,Main and Murray IB,527
10/1/2018 11:25,DCL Outbound-WS Inbound,Main and Murray IB,527
10/1/2018 11:25,DCL Outbound-WS Inbound,Main and Murray IB,527
10/1/2018 11:25,DCL Outbound-WS Inbound,Main and Murray IB,527
10/1/2018 11:25,DCL Outbound-WS Inbound,Main and Murray IB,527
10/1/2018 11:25,DCL Outbound-WS Inbound,Main and Murray IB,527
10/1/2018 11:25,DCL Outbound-WS Inbound,Main and Murray IB,527
10/1/2018 11:25,DCL Outbound-WS Inbound,Main and Murray IB,527
10/1/2018 11:27,DCL Outbound-WS Inbound,Main and Cedar IB,527
10/1/2018 11:27,DCL Outbound-WS Inbound,Main and Cedar IB,527
10/1/2018 11:27,DCL Outbound-WS Inbound,Main and Clarke OB,527
10/1/2018 11:28,DCL Outbound-WS Inbound,Main and Schiller IB,527
10/1/2018 11:28,DCL Outbound-WS Inbound,Main and Schiller IB,527
10/1/2018 11:28,DCL Outbound-WS Inbound,Main and Schiller IB,527
10/1/2018 11:28,DCL Outbound-WS Inbound,Main and Schiller IB,527
10/1/2018 11:28,DCL Outbound-WS Inbound,Union,43
10/1/2018 11:28,DCL Outbound-WS Inbound,Union,43
10/1/2018 11:28,DCL Outbound-WS Inbound,Union,43
10/1/2018 11:28,DCL Outbound-WS Inbound,Union,43
10/1/2018 11:29,DCL Outbound-WS Inbound,Union,43
10/1/2018 11:29,DCL Outbound-WS Inbound,Union,43
10/1/2018 11:29,DCL Outbound-WS Inbound,Union,43
10/1/2018 11:30,DCL Outbound-WS Inbound,Union,43
10/1/2018 11:32,DCL Outbound-WS Inbound,Hawley IB,890
10/1/2018 11:33,DCL Outbound-WS Inbound,Hawley IB,890
10/1/2018 11:33,DCL Outbound-WS Inbound,Hawley IB,890
10/1/2018 11:33,DCL Outbound-WS Inbound,Hawley IB,890
10/1/2018 11:33,DCL Outbound-WS Inbound,Hawley IB,890
10/1/2018 11:33,DCL Outbound-WS Inbound,Floral and Harrison IB,527
10/1/2018 11:34,DCL Outbound-WS Inbound,Floral and Cook,527
10/1/2018 11:34,DCL Outbound-WS Inbound,Main and Murray IB,890
10/1/2018 11:34,DCL Outbound-WS Inbound,Main and Murray IB,890
10/1/2018 11:34,DCL Outbound-WS Inbound,Main and Murray IB,890
10/1/2018 11:37,DCL Outbound-WS Inbound,Main and Clarke IB,890
10/1/2018 11:37,DCL Outbound-WS Inbound,Main and Schiller IB,890
10/1/2018 11:37,DCL Outbound-WS Inbound,Main and Schiller IB,890
10/1/2018 11:38,DCL Outbound-WS Inbound,Main and Schiller IB,890
10/1/2018 11:38,DCL Outbound-WS Inbound,Hawley IB,54
10/1/2018 11:39,DCL Outbound-WS Inbound,Main and Helen IB,890
10/1/2018 11:39,DCL Outbound-WS Inbound,Main and Front OB,54
10/1/2018 11:40,DCL Outbound-WS Inbound,Main and Murray IB,54
10/1/2018 11:40,DCL Outbound-WS Inbound,Main and Murray IB,54
10/1/2018 11:41,DCL Outbound-WS Inbound,Main and Murray IB,54
10/1/2018 11:42,DCL Outbound-WS Inbound,Floral and Main IB,890
10/1/2018 11:42,DCL Outbound-WS Inbound,Main and Mather,54
10/1/2018 11:42,DCL Outbound-WS Inbound,Floral and Cleveland IB,890
10/1/2018 11:43,DCL Outbound-WS Inbound,Main and Cedar IB,54
10/1/2018 11:43,DCL Outbound-WS Inbound,Main and Cedar IB,54
10/1/2018 11:43,DCL Outbound-WS Inbound,Main and Cedar IB,54
10/1/2018 11:43,DCL Outbound-WS Inbound,Main and Cedar IB,54
10/1/2018 11:43,DCL Outbound-WS Inbound,Main and Cedar IB,54
10/1/2018 11:44,DCL Outbound-WS Inbound,Main and Clarke IB,54
10/1/2018 11:44,DCL Outbound-WS Inbound,Floral and Roberts OB,890
10/1/2018 11:45,DCL Outbound-WS Inbound,Leroy St and Murray OB,43
10/1/2018 11:47,DCL Outbound-WS Inbound,Main and Crary,54
10/1/2018 11:48,DCL Outbound-WS Inbound,Floral and Cleveland IB,54
10/1/2018 11:49,DCL Outbound-WS Inbound,UDC IB,43
10/1/2018 11:49,DCL Outbound-WS Inbound,Floral and Burbank IB,54
10/1/2018 11:52,DCL Outbound-WS Inbound,Hawley IB,43
10/1/2018 11:52,DCL Outbound-WS Inbound,Hawley IB,43
10/1/2018 11:52,DCL Outbound-WS Inbound,Hawley IB,43
10/1/2018 11:55,DCL Outbound-WS Inbound,Main and Murray IB,43
10/1/2018 11:55,DCL Outbound-WS Inbound,Main and Murray IB,43
10/1/2018 11:55,DCL Outbound-WS Inbound,Main and Murray IB,43
10/1/2018 11:55,DCL Outbound-WS Inbound,Main and Murray IB,43
10/1/2018 11:55,DCL Outbound-WS Inbound,Academic A,54
10/1/2018 11:56,DCL Outbound-WS Inbound,Main and Mather,43
10/1/2018 11:58,DCL Outbound-WS Inbound,Leroy St and Murray OB,528
10/1/2018 11:58,DCL Outbound-WS Inbound,Leroy St and Murray OB,528
10/1/2018 11:59,DCL Outbound-WS Inbound,Main and Schiller IB,43
10/1/2018 11:59,DCL Outbound-WS Inbound,Main and Schiller IB,43
10/1/2018 12:00,DCL Outbound-WS Inbound,Union,526
10/1/2018 12:00,DCL Outbound-WS Inbound,Union,526
10/1/2018 12:00,DCL Outbound-WS Inbound,Union,526
10/1/2018 12:00,DCL Outbound-WS Inbound,Union,526
10/1/2018 12:00,DCL Outbound-WS Inbound,Union,526
10/1/2018 12:00,DCL Outbound-WS Inbound,Union,526
10/1/2018 12:00,DCL Outbound-WS Inbound,Union,526
10/1/2018 12:00,DCL Outbound-WS Inbound,Union,526
10/1/2018 12:00,DCL Outbound-WS Inbound,Union,526
10/1/2018 12:01,DCL Outbound-WS Inbound,Union,526
10/1/2018 12:01,DCL Outbound-WS Inbound,Union,526
10/1/2018 12:01,DCL Outbound-WS Inbound,Union,526
10/1/2018 12:01,DCL Outbound-WS Inbound,Union,526
10/1/2018 12:01,DCL Outbound-WS Inbound,Union,526
10/1/2018 12:01,DCL Outbound-WS Inbound,Union,526
10/1/2018 12:01,DCL Outbound-WS Inbound,Union,526
10/1/2018 12:01,DCL Outbound-WS Inbound,Union,890
10/1/2018 12:01,DCL Outbound-WS Inbound,Union,890
10/1/2018 12:01,DCL Outbound-WS Inbound,Union,890
10/1/2018 12:01,DCL Outbound-WS Inbound,Union,890
10/1/2018 12:01,DCL Outbound-WS Inbound,Union,526
10/1/2018 12:01,DCL Outbound-WS Inbound,Union,890
10/1/2018 12:01,DCL Outbound-WS Inbound,Union,890
10/1/2018 12:01,DCL Outbound-WS Inbound,Union,890
10/1/2018 12:01,DCL Outbound-WS Inbound,Union,526
10/1/2018 12:01,DCL Outbound-WS Inbound,Union,890
10/1/2018 12:01,DCL Outbound-WS Inbound,Union,526
10/1/2018 12:01,DCL Outbound-WS Inbound,Union,890
10/1/2018 12:01,DCL Outbound-WS Inbound,Union,890
10/1/2018 12:01,DCL Outbound-WS Inbound,Union,890
10/1/2018 12:02,DCL Outbound-WS Inbound,Union,890
10/1/2018 12:02,DCL Outbound-WS Inbound,Union,890
10/1/2018 12:02,DCL Outbound-WS Inbound,Union,890
10/1/2018 12:02,DCL Outbound-WS Inbound,Union,890
10/1/2018 12:03,DCL Outbound-WS Inbound,Floral and Main IB,43
10/1/2018 12:03,DCL Outbound-WS Inbound,UDC IB,528
10/1/2018 12:03,DCL Outbound-WS Inbound,Physical Facilities,526
10/1/2018 12:03,DCL Outbound-WS Inbound,Physical Facilities,526
10/1/2018 12:03,DCL Outbound-WS Inbound,Physical Facilities,526
10/1/2018 12:04,DCL Outbound-WS Inbound,Physical Facilities,890
10/1/2018 12:04,DCL Outbound-WS Inbound,Physical Facilities,890
10/1/2018 12:04,DCL Outbound-WS Inbound,Floral and Burbank IB,43
10/1/2018 12:07,DCL Outbound-WS Inbound,Hawley IB,528
10/1/2018 12:10,DCL Outbound-WS Inbound,Main and Cedar IB,528
10/1/2018 12:11,DCL Outbound-WS Inbound,Main and Schiller IB,528
10/1/2018 12:11,DCL Outbound-WS Inbound,Main and Schiller IB,528
10/1/2018 12:11,DCL Outbound-WS Inbound,Main and Schiller IB,528
10/1/2018 12:11,DCL Outbound-WS Inbound,Main and Schiller IB,528
10/1/2018 12:14,DCL Outbound-WS Inbound,Union,54
10/1/2018 12:15,DCL Outbound-WS Inbound,Union,54
10/1/2018 12:15,DCL Outbound-WS Inbound,Union,54
10/1/2018 12:15,DCL Outbound-WS Inbound,Union,54
10/1/2018 12:15,DCL Outbound-WS Inbound,Union,54
10/1/2018 12:19,DCL Outbound-WS Inbound,UDC IB,526
10/1/2018 12:19,DCL Outbound-WS Inbound,UDC IB,526
10/1/2018 12:22,DCL Outbound-WS Inbound,Hawley IB,526
10/1/2018 12:24,DCL Outbound-WS Inbound,Main and Front OB,526
10/1/2018 12:25,DCL Outbound-WS Inbound,Main and Murray IB,526
10/1/2018 12:25,DCL Outbound-WS Inbound,Main and Murray IB,526
10/1/2018 12:25,DCL Outbound-WS Inbound,Main and Murray IB,526
10/1/2018 12:26,DCL Outbound-WS Inbound,Main and Mather,526
10/1/2018 12:27,DCL Outbound-WS Inbound,Main and Cedar IB,526
10/1/2018 12:27,DCL Outbound-WS Inbound,Main and Clarke IB,526
10/1/2018 12:27,DCL Outbound-WS Inbound,Main and Clarke IB,526
10/1/2018 12:27,DCL Outbound-WS Inbound,Main and Clarke IB,526
10/1/2018 12:27,DCL Outbound-WS Inbound,Main and Clarke IB,526
10/1/2018 12:28,DCL Outbound-WS Inbound,Main and Schiller IB,526
10/1/2018 12:28,DCL Outbound-WS Inbound,Main and Schiller IB,526
10/1/2018 12:28,DCL Outbound-WS Inbound,Main and Schiller IB,526
10/1/2018 12:28,DCL Outbound-WS Inbound,Main and Schiller IB,526
10/1/2018 12:28,DCL Outbound-WS Inbound,Main and Schiller IB,526
10/1/2018 12:30,DCL Outbound-WS Inbound,Main and Helen IB,526
10/1/2018 12:31,DCL Outbound-WS Inbound,Union,527
10/1/2018 12:31,DCL Outbound-WS Inbound,UDC IB,54
10/1/2018 12:31,DCL Outbound-WS Inbound,UDC IB,54
10/1/2018 12:31,DCL Outbound-WS Inbound,UDC IB,54
10/1/2018 12:31,DCL Outbound-WS Inbound,UDC IB,54
10/1/2018 12:31,DCL Outbound-WS Inbound,UDC IB,54
10/1/2018 12:31,DCL Outbound-WS Inbound,UDC IB,54
10/1/2018 12:31,DCL Outbound-WS Inbound,Union,527
10/1/2018 12:31,DCL Outbound-WS Inbound,UDC IB,54
10/1/2018 12:32,DCL Outbound-WS Inbound,Union,527
10/1/2018 12:32,DCL Outbound-WS Inbound,Union,527
10/1/2018 12:32,DCL Outbound-WS Inbound,Floral and Cleveland IB,526
10/1/2018 12:33,DCL Outbound-WS Inbound,Floral and Cleveland IB,526
10/1/2018 12:33,DCL Outbound-WS Inbound,UDC IB,54
10/1/2018 12:34,DCL Outbound-WS Inbound,Floral and Roberts OB,526
10/1/2018 12:37,DCL Outbound-WS Inbound,Hawley IB,54
10/1/2018 12:37,DCL Outbound-WS Inbound,Hawley IB,54
10/1/2018 12:37,DCL Outbound-WS Inbound,Hawley IB,54
10/1/2018 12:37,DCL Outbound-WS Inbound,Hawley IB,54
10/1/2018 12:38,DCL Outbound-WS Inbound,Main and Front IB,54
10/1/2018 12:40,DCL Outbound-WS Inbound,Main and Murray IB,54
10/1/2018 12:40,DCL Outbound-WS Inbound,Main and Murray IB,54
10/1/2018 12:40,DCL Outbound-WS Inbound,Main and Murray IB,54
10/1/2018 12:40,DCL Outbound-WS Inbound,Main and Murray IB,54
10/1/2018 12:40,DCL Outbound-WS Inbound,Main and Murray IB,54
10/1/2018 12:40,DCL Outbound-WS Inbound,Main and Murray IB,54
10/1/2018 12:40,DCL Outbound-WS Inbound,Main and Murray IB,54
10/1/2018 12:40,DCL Outbound-WS Inbound,Main and Murray IB,54
10/1/2018 12:42,DCL Outbound-WS Inbound,Main and Mather,54
10/1/2018 12:42,DCL Outbound-WS Inbound,Main and Mather,54
10/1/2018 12:42,DCL Outbound-WS Inbound,Main and Mather,54
10/1/2018 12:42,DCL Outbound-WS Inbound,Main and Mather,54
10/1/2018 12:42,DCL Outbound-WS Inbound,Main and Mather,54
10/1/2018 12:42,DCL Outbound-WS Inbound,Main and Mather,54
10/1/2018 12:42,DCL Outbound-WS Inbound,Main and Mather,54
10/1/2018 12:43,DCL Outbound-WS Inbound,Main and Cedar IB,54
10/1/2018 12:43,DCL Outbound-WS Inbound,Main and Cedar IB,54
10/1/2018 12:43,DCL Outbound-WS Inbound,Main and Cedar IB,54
10/1/2018 12:43,DCL Outbound-WS Inbound,Main and Cedar IB,54
10/1/2018 12:43,DCL Outbound-WS Inbound,Main and Cedar IB,54
10/1/2018 12:43,DCL Outbound-WS Inbound,Main and Cedar IB,54
10/1/2018 12:43,DCL Outbound-WS Inbound,Main and Cedar IB,54
10/1/2018 12:44,DCL Outbound-WS Inbound,Main and Clarke IB,54
10/1/2018 12:44,DCL Outbound-WS Inbound,Main and Clarke IB,54
10/1/2018 12:44,DCL Outbound-WS Inbound,Main and Clarke IB,54
10/1/2018 12:44,DCL Outbound-WS Inbound,Main and Clarke IB,54
10/1/2018 12:44,DCL Outbound-WS Inbound,Main and Clarke IB,54
10/1/2018 12:44,DCL Outbound-WS Inbound,Main and Clarke IB,54
10/1/2018 12:44,DCL Outbound-WS Inbound,Main and Clarke IB,54
10/1/2018 12:44,DCL Outbound-WS Inbound,Main and Clarke IB,54
10/1/2018 12:46,DCL Outbound-WS Inbound,Leroy St and Chestnut OB,527
10/1/2018 12:51,DCL Outbound-WS Inbound,UDC IB,527
10/1/2018 12:54,DCL Outbound-WS Inbound,Hawley IB,527
10/1/2018 12:55,DCL Outbound-WS Inbound,Main and Front OB,527
10/1/2018 12:55,DCL Outbound-WS Inbound,Main and Front OB,527
10/1/2018 12:56,DCL Outbound-WS Inbound,Main and Murray IB,527
10/1/2018 12:56,DCL Outbound-WS Inbound,Main and Murray IB,527
10/1/2018 12:56,DCL Outbound-WS Inbound,Main and Murray IB,527
10/1/2018 12:56,DCL Outbound-WS Inbound,Main and Murray IB,527
10/1/2018 12:57,DCL Outbound-WS Inbound,Main and Mather,527
10/1/2018 12:57,DCL Outbound-WS Inbound,Main and Mather,527
10/1/2018 12:57,DCL Outbound-WS Inbound,Main and Mather,527
10/1/2018 12:57,DCL Outbound-WS Inbound,Main and Mather,527
10/1/2018 12:57,DCL Outbound-WS Inbound,Main and Mather,527
10/1/2018 12:57,DCL Outbound-WS Inbound,Main and Mather,527
10/1/2018 12:57,DCL Outbound-WS Inbound,Leroy St and Chestnut OB,890
10/1/2018 12:58,DCL Outbound-WS Inbound,Main and Cedar IB,527
10/1/2018 12:58,DCL Outbound-WS Inbound,Leroy St and Murray OB,890
10/1/2018 12:59,DCL Outbound-WS Inbound,Main and Clarke OB,527
10/1/2018 12:59,DCL Outbound-WS Inbound,Leroy St and Murray OB,890
10/1/2018 12:59,DCL Outbound-WS Inbound,Leroy St and Murray OB,890
10/1/2018 13:00,DCL Outbound-WS Inbound,Main and Schiller IB,527
10/1/2018 13:00,DCL Outbound-WS Inbound,Main and Schiller IB,527
10/1/2018 13:00,DCL Outbound-WS Inbound,Main and Schiller IB,527
10/1/2018 13:00,DCL Outbound-WS Inbound,Main and Schiller IB,527
10/1/2018 13:00,DCL Outbound-WS Inbound,Main and Schiller IB,527
10/1/2018 13:00,DCL Outbound-WS Inbound,Main and Schiller IB,527
10/1/2018 13:00,DCL Outbound-WS Inbound,Main and Schiller IB,527
10/1/2018 13:00,DCL Outbound-WS Inbound,Main and Schiller IB,527
10/1/2018 13:00,DCL Outbound-WS Inbound,Main and Schiller IB,527
10/1/2018 13:00,DCL Outbound-WS Inbound,Main and Schiller IB,527
10/1/2018 13:00,DCL Outbound-WS Inbound,Main and Schiller IB,527
10/1/2018 13:00,DCL Outbound-WS Inbound,Main and Schiller IB,527
10/1/2018 13:00,DCL Outbound-WS Inbound,Main and Schiller IB,527
10/1/2018 13:00,DCL Outbound-WS Inbound,Union,43
10/1/2018 13:00,DCL Outbound-WS Inbound,Union,43
10/1/2018 13:00,DCL Outbound-WS Inbound,Main and Schiller IB,527
10/1/2018 13:00,DCL Outbound-WS Inbound,Union,43
10/1/2018 13:01,DCL Outbound-WS Inbound,Union,43
10/1/2018 13:01,DCL Outbound-WS Inbound,Union,43
10/1/2018 13:01,DCL Outbound-WS Inbound,Union,43
10/1/2018 13:01,DCL Outbound-WS Inbound,Union,43
10/1/2018 13:01,DCL Outbound-WS Inbound,Union,43
10/1/2018 13:01,DCL Outbound-WS Inbound,Union,43
10/1/2018 13:01,DCL Outbound-WS Inbound,Union,43
10/1/2018 13:01,DCL Outbound-WS Inbound,Union,43
10/1/2018 13:01,DCL Outbound-WS Inbound,Union,43
10/1/2018 13:01,DCL Outbound-WS Inbound,Union,43
10/1/2018 13:01,DCL Outbound-WS Inbound,Union,43
10/1/2018 13:01,DCL Outbound-WS Inbound,Union,43
10/1/2018 13:01,DCL Outbound-WS Inbound,Union,43
10/1/2018 13:02,DCL Outbound-WS Inbound,Main and Helen IB,527
10/1/2018 13:02,DCL Outbound-WS Inbound,Main and Helen IB,527
10/1/2018 13:02,DCL Outbound-WS Inbound,Main and Helen IB,527
10/1/2018 13:02,DCL Outbound-WS Inbound,Main and Helen IB,527
10/1/2018 13:02,DCL Outbound-WS Inbound,Main and Helen IB,527
10/1/2018 13:02,DCL Outbound-WS Inbound,UDC IB,890
10/1/2018 13:04,DCL Outbound-WS Inbound,UDC IB,890
10/1/2018 13:04,DCL Outbound-WS Inbound,Floral and Cleveland OB,527
10/1/2018 13:04,DCL Outbound-WS Inbound,Floral and Cleveland OB,527
10/1/2018 13:04,DCL Outbound-WS Inbound,Floral and Cleveland OB,527
10/1/2018 13:05,DCL Outbound-WS Inbound,UDC IB,890
10/1/2018 13:05,DCL Outbound-WS Inbound,UDC IB,890
10/1/2018 13:05,DCL Outbound-WS Inbound,Floral and Burbank OB,527
10/1/2018 13:08,DCL Outbound-WS Inbound,Hawley IB,890
10/1/2018 13:10,DCL Outbound-WS Inbound,Main and Murray IB,890
10/1/2018 13:11,DCL Outbound-WS Inbound,Main and Mather,890
10/1/2018 13:11,DCL Outbound-WS Inbound,Main and Mather,890
10/1/2018 13:11,DCL Outbound-WS Inbound,Main and Mather,890
10/1/2018 13:11,DCL Outbound-WS Inbound,Main and Mather,890
10/1/2018 13:12,DCL Outbound-WS Inbound,Main and Cedar OB,890
10/1/2018 13:12,DCL Outbound-WS Inbound,Main and Clarke OB,890
10/1/2018 13:13,DCL Outbound-WS Inbound,Main and Schiller IB,890
10/1/2018 13:13,DCL Outbound-WS Inbound,Main and Schiller IB,890
10/1/2018 13:13,DCL Outbound-WS Inbound,Main and Schiller IB,890
10/1/2018 13:14,DCL Outbound-WS Inbound,Union,528
10/1/2018 13:14,DCL Outbound-WS Inbound,Union,527
10/1/2018 13:14,DCL Outbound-WS Inbound,Union,528
10/1/2018 13:14,DCL Outbound-WS Inbound,Union,528
10/1/2018 13:14,DCL Outbound-WS Inbound,Union,527
10/1/2018 13:14,DCL Outbound-WS Inbound,Union,527
10/1/2018 13:14,DCL Outbound-WS Inbound,Union,528
10/1/2018 13:14,DCL Outbound-WS Inbound,Union,527
10/1/2018 13:14,DCL Outbound-WS Inbound,Union,528
10/1/2018 13:14,DCL Outbound-WS Inbound,Union,528
10/1/2018 13:14,DCL Outbound-WS Inbound,Union,527
10/1/2018 13:14,DCL Outbound-WS Inbound,Union,527
10/1/2018 13:14,DCL Outbound-WS Inbound,Union,528
10/1/2018 13:14,DCL Outbound-WS Inbound,Union,527
10/1/2018 13:14,DCL Outbound-WS Inbound,Union,528
10/1/2018 13:14,DCL Outbound-WS Inbound,Union,528
10/1/2018 13:14,DCL Outbound-WS Inbound,Union,527
10/1/2018 13:14,DCL Outbound-WS Inbound,Union,528
10/1/2018 13:14,DCL Outbound-WS Inbound,Union,527
10/1/2018 13:14,DCL Outbound-WS Inbound,Union,528
10/1/2018 13:14,DCL Outbound-WS Inbound,Union,527
10/1/2018 13:14,DCL Outbound-WS Inbound,Main and Helen IB,890
10/1/2018 13:14,DCL Outbound-WS Inbound,Main and Helen IB,890
10/1/2018 13:14,DCL Outbound-WS Inbound,Union,528
10/1/2018 13:14,DCL Outbound-WS Inbound,Union,527
10/1/2018 13:14,DCL Outbound-WS Inbound,Union,528
10/1/2018 13:14,DCL Outbound-WS Inbound,Union,528
10/1/2018 13:14,DCL Outbound-WS Inbound,Union,527
10/1/2018 13:14,DCL Outbound-WS Inbound,Union,527
10/1/2018 13:14,DCL Outbound-WS Inbound,Union,528
10/1/2018 13:14,DCL Outbound-WS Inbound,Union,527
10/1/2018 13:14,DCL Outbound-WS Inbound,Union,527
10/1/2018 13:14,DCL Outbound-WS Inbound,Union,528
10/1/2018 13:14,DCL Outbound-WS Inbound,Union,528
10/1/2018 13:15,DCL Outbound-WS Inbound,Union,528
10/1/2018 13:15,DCL Outbound-WS Inbound,Union,528
10/1/2018 13:16,DCL Outbound-WS Inbound,Engineering Bldg,527
10/1/2018 13:17,DCL Outbound-WS Inbound,Physical Facilities,528
10/1/2018 13:17,DCL Outbound-WS Inbound,Physical Facilities,528
10/1/2018 13:30,DCL Outbound-WS Inbound,Leroy St and Chestnut OB,528
10/1/2018 13:35,DCL Outbound-WS Inbound,UDC IB,528
10/1/2018 13:35,DCL Outbound-WS Inbound,UDC IB,528
10/1/2018 13:36,DCL Outbound-WS Inbound,UDC IB,528
10/1/2018 13:37,DCL Outbound-WS Inbound,Hawley IB,528
10/1/2018 13:37,DCL Outbound-WS Inbound,Hawley IB,528
10/1/2018 13:38,DCL Outbound-WS Inbound,UDC,527
10/1/2018 13:38,DCL Outbound-WS Inbound,UDC,527
10/1/2018 13:38,DCL Outbound-WS Inbound,UDC,527
10/1/2018 13:39,DCL Outbound-WS Inbound,Main and Front OB,528
10/1/2018 13:40,DCL Outbound-WS Inbound,Main and Murray IB,528
10/1/2018 13:40,DCL Outbound-WS Inbound,Main and Murray IB,528
10/1/2018 13:40,DCL Outbound-WS Inbound,Main and Murray IB,528
10/1/2018 13:40,DCL Outbound-WS Inbound,Main and Murray IB,528
10/1/2018 13:40,DCL Outbound-WS Inbound,Main and Murray IB,528
10/1/2018 13:40,DCL Outbound-WS Inbound,Main and Murray IB,528
10/1/2018 13:40,DCL Outbound-WS Inbound,Main and Murray IB,528
10/1/2018 13:40,DCL Outbound-WS Inbound,Main and Murray IB,528
10/1/2018 13:41,DCL Outbound-WS Inbound,Main and Mather,528
10/1/2018 13:42,DCL Outbound-WS Inbound,Main and Cedar IB,528
10/1/2018 13:43,DCL Outbound-WS Inbound,Main and Cedar IB,528
10/1/2018 13:43,DCL Outbound-WS Inbound,Main and Cedar IB,528
10/1/2018 13:43,DCL Outbound-WS Inbound,Main and Cedar IB,528
10/1/2018 13:43,DCL Outbound-WS Inbound,Main and Cedar IB,528
10/1/2018 13:43,DCL Outbound-WS Inbound,Main and Cedar IB,528
10/1/2018 13:43,DCL Outbound-WS Inbound,Main and Cedar IB,528
10/1/2018 13:43,DCL Outbound-WS Inbound,Main and Cedar IB,528
10/1/2018 13:43,DCL Outbound-WS Inbound,Union,54
10/1/2018 13:43,DCL Outbound-WS Inbound,Union,54
10/1/2018 13:43,DCL Outbound-WS Inbound,Union,54
10/1/2018 13:43,DCL Outbound-WS Inbound,Union,54
10/1/2018 13:43,DCL Outbound-WS Inbound,Union,54
10/1/2018 13:43,DCL Outbound-WS Inbound,Union,54
10/1/2018 13:43,DCL Outbound-WS Inbound,Union,54
10/1/2018 13:43,DCL Outbound-WS Inbound,Union,54
10/1/2018 13:43,DCL Outbound-WS Inbound,Union,54
10/1/2018 13:44,DCL Outbound-WS Inbound,Main and Clarke IB,528
10/1/2018 13:44,DCL Outbound-WS Inbound,Main and Clarke IB,528
10/1/2018 13:44,DCL Outbound-WS Inbound,Main and Clarke IB,528
10/1/2018 13:44,DCL Outbound-WS Inbound,Main and Clarke IB,528
10/1/2018 13:44,DCL Outbound-WS Inbound,Main and Clarke IB,528
10/1/2018 13:44,DCL Outbound-WS Inbound,Main and Clarke IB,528
10/1/2018 13:44,DCL Outbound-WS Inbound,Main and Clarke IB,528
10/1/2018 13:44,DCL Outbound-WS Inbound,Main and Clarke IB,528
10/1/2018 13:45,DCL Outbound-WS Inbound,Main and Schiller IB,528
10/1/2018 13:45,DCL Outbound-WS Inbound,Main and Schiller IB,528
10/1/2018 13:45,DCL Outbound-WS Inbound,Main and Schiller IB,528
10/1/2018 13:45,DCL Outbound-WS Inbound,Main and Schiller IB,528
10/1/2018 13:45,DCL Outbound-WS Inbound,Main and Schiller IB,528
10/1/2018 13:45,DCL Outbound-WS Inbound,Main and Schiller IB,528
10/1/2018 13:45,DCL Outbound-WS Inbound,Main and Schiller IB,528
10/1/2018 13:45,DCL Outbound-WS Inbound,Main and Schiller IB,528
10/1/2018 13:45,DCL Outbound-WS Inbound,Main and Schiller IB,528
10/1/2018 13:45,DCL Outbound-WS Inbound,Main and Schiller IB,528
10/1/2018 13:45,DCL Outbound-WS Inbound,Main and Schiller IB,528
10/1/2018 13:45,DCL Outbound-WS Inbound,Main and Schiller IB,528
10/1/2018 13:45,DCL Outbound-WS Inbound,Main and Schiller IB,528
10/1/2018 13:46,DCL Outbound-WS Inbound,Main and Schiller IB,528
10/1/2018 13:46,DCL Outbound-WS Inbound,Main and Schiller IB,528
10/1/2018 13:47,DCL Outbound-WS Inbound,McGuire Building,54
10/1/2018 13:49,DCL Outbound-WS Inbound,Floral and Cleveland IB,528
10/1/2018 13:49,DCL Outbound-WS Inbound,Floral and Cleveland IB,528
10/1/2018 13:51,DCL Outbound-WS Inbound,Floral and St. Charles,528
10/1/2018 14:02,DCL Outbound-WS Inbound,UDC IB,54
10/1/2018 14:02,DCL Outbound-WS Inbound,UDC IB,54
10/1/2018 14:02,DCL Outbound-WS Inbound,UDC IB,54
10/1/2018 14:02,DCL Outbound-WS Inbound,UDC IB,54
10/1/2018 14:04,DCL Outbound-WS Inbound,UDC IB,54
10/1/2018 14:04,DCL Outbound-WS Inbound,UDC IB,54
10/1/2018 14:06,DCL Outbound-WS Inbound,Hawley IB,54
10/1/2018 14:06,DCL Outbound-WS Inbound,Hawley IB,54
10/1/2018 14:07,DCL Outbound-WS Inbound,Main and Front IB,54
10/1/2018 14:07,DCL Outbound-WS Inbound,Main and Front IB,54
10/1/2018 14:07,DCL Outbound-WS Inbound,Main and Front IB,54
10/1/2018 14:08,DCL Outbound-WS Inbound,Main and Murray IB,54
10/1/2018 14:08,DCL Outbound-WS Inbound,Main and Murray IB,54
10/1/2018 14:08,DCL Outbound-WS Inbound,Main and Murray IB,54
10/1/2018 14:08,DCL Outbound-WS Inbound,Main and Murray IB,54
10/1/2018 14:08,DCL Outbound-WS Inbound,Main and Murray IB,54
10/1/2018 14:09,DCL Outbound-WS Inbound,Main and Mather,54
10/1/2018 14:10,DCL Outbound-WS Inbound,Main and Clarke IB,54
10/1/2018 14:11,DCL Outbound-WS Inbound,Main and Schiller IB,54
10/1/2018 14:11,DCL Outbound-WS Inbound,Main and Schiller IB,54
10/1/2018 14:11,DCL Outbound-WS Inbound,Main and Schiller IB,54
10/1/2018 14:11,DCL Outbound-WS Inbound,Main and Schiller IB,54
10/1/2018 14:12,DCL Outbound-WS Inbound,Union,891
10/1/2018 14:12,DCL Outbound-WS Inbound,Union,891
10/1/2018 14:12,DCL Outbound-WS Inbound,Union,891
10/1/2018 14:12,DCL Outbound-WS Inbound,Union,891
10/1/2018 14:12,DCL Outbound-WS Inbound,Union,891
10/1/2018 14:12,DCL Outbound-WS Inbound,Union,891
10/1/2018 14:12,DCL Outbound-WS Inbound,Union,891
10/1/2018 14:12,DCL Outbound-WS Inbound,Union,891
10/1/2018 14:12,DCL Outbound-WS Inbound,Union,891
10/1/2018 14:12,DCL Outbound-WS Inbound,Union,891
10/1/2018 14:12,DCL Outbound-WS Inbound,Union,891
10/1/2018 14:12,DCL Outbound-WS Inbound,Union,891
10/1/2018 14:12,DCL Outbound-WS Inbound,Union,891
10/1/2018 14:12,DCL Outbound-WS Inbound,Union,891
10/1/2018 14:12,DCL Outbound-WS Inbound,Union,891
10/1/2018 14:12,DCL Outbound-WS Inbound,Union,891
10/1/2018 14:12,DCL Outbound-WS Inbound,Union,891
10/1/2018 14:12,DCL Outbound-WS Inbound,Union,891
10/1/2018 14:13,DCL Outbound-WS Inbound,Union,891
10/1/2018 14:13,DCL Outbound-WS Inbound,Union,891
10/1/2018 14:13,DCL Outbound-WS Inbound,Union,891
10/1/2018 14:13,DCL Outbound-WS Inbound,Main and Helen IB,54
10/1/2018 14:13,DCL Outbound-WS Inbound,Union,891
10/1/2018 14:13,DCL Outbound-WS Inbound,Union,891
10/1/2018 14:14,DCL Outbound-WS Inbound,Main and Crary,54
10/1/2018 14:14,DCL Outbound-WS Inbound,Union,891
10/1/2018 14:14,DCL Outbound-WS Inbound,Union,891
10/1/2018 14:14,DCL Outbound-WS Inbound,Union,891
10/1/2018 14:14,DCL Outbound-WS Inbound,Union,891
10/1/2018 14:15,DCL Outbound-WS Inbound,Union,891
10/1/2018 14:15,DCL Outbound-WS Inbound,Union,891
10/1/2018 14:15,DCL Outbound-WS Inbound,Floral and Main IB,54
10/1/2018 14:15,DCL Outbound-WS Inbound,Floral and Main IB,54
10/1/2018 14:15,DCL Outbound-WS Inbound,Floral and Main IB,54
10/1/2018 14:15,DCL Outbound-WS Inbound,Union,891
10/1/2018 14:15,DCL Outbound-WS Inbound,Union,891
10/1/2018 14:15,DCL Outbound-WS Inbound,Union,891
10/1/2018 14:15,DCL Outbound-WS Inbound,Floral and Main IB,54
10/1/2018 14:15,DCL Outbound-WS Inbound,Floral and Main IB,54
10/1/2018 14:15,DCL Outbound-WS Inbound,Union,891
10/1/2018 14:15,DCL Outbound-WS Inbound,Union,891
10/1/2018 14:15,DCL Outbound-WS Inbound,Union,891
10/1/2018 14:16,DCL Outbound-WS Inbound,Floral and Burbank IB,54
10/1/2018 14:20,DCL Outbound-WS Inbound,Physical Facilities,891
10/1/2018 14:20,DCL Outbound-WS Inbound,Physical Facilities,891
10/1/2018 14:20,DCL Outbound-WS Inbound,Physical Facilities,891
10/1/2018 14:20,DCL Outbound-WS Inbound,Physical Facilities,891
10/1/2018 14:39,DCL Outbound-WS Inbound,Riverside and Front,891
10/1/2018 14:42,DCL Outbound-WS Inbound,Union,528
10/1/2018 14:42,DCL Outbound-WS Inbound,Union,528
10/1/2018 14:42,DCL Outbound-WS Inbound,Union,528
10/1/2018 14:42,DCL Outbound-WS Inbound,Union,528
10/1/2018 14:42,DCL Outbound-WS Inbound,Union,528
10/1/2018 14:42,DCL Outbound-WS Inbound,Union,528
10/1/2018 14:42,DCL Outbound-WS Inbound,Union,528
10/1/2018 14:42,DCL Outbound-WS Inbound,Union,528
10/1/2018 14:42,DCL Outbound-WS Inbound,Union,528
10/1/2018 14:42,DCL Outbound-WS Inbound,Union,528
10/1/2018 14:42,DCL Outbound-WS Inbound,Union,528
10/1/2018 14:42,DCL Outbound-WS Inbound,Union,528
10/1/2018 14:42,DCL Outbound-WS Inbound,Union,528
10/1/2018 14:42,DCL Outbound-WS Inbound,Union,528
10/1/2018 14:42,DCL Outbound-WS Inbound,Union,528
10/1/2018 14:42,DCL Outbound-WS Inbound,Union,528
10/1/2018 14:42,DCL Outbound-WS Inbound,Union,528
10/1/2018 14:42,DCL Outbound-WS Inbound,Union,528
10/1/2018 14:42,DCL Outbound-WS Inbound,Union,528
10/1/2018 14:42,DCL Outbound-WS Inbound,Union,528
10/1/2018 14:42,DCL Outbound-WS Inbound,Union,528
10/1/2018 14:42,DCL Outbound-WS Inbound,Union,528
10/1/2018 14:43,DCL Outbound-WS Inbound,Union,528
10/1/2018 14:43,DCL Outbound-WS Inbound,Union,528
10/1/2018 14:43,DCL Outbound-WS Inbound,Union,528
10/1/2018 14:43,DCL Outbound-WS Inbound,Union,528
10/1/2018 14:43,DCL Outbound-WS Inbound,Union,528
10/1/2018 14:43,DCL Outbound-WS Inbound,Union,527
10/1/2018 14:44,DCL Outbound-WS Inbound,Union,528
10/1/2018 14:44,DCL Outbound-WS Inbound,Union,528
10/1/2018 14:46,DCL Outbound-WS Inbound,Main and Front OB,891
10/1/2018 14:46,DCL Outbound-WS Inbound,Main and Front OB,891
10/1/2018 14:46,DCL Outbound-WS Inbound,Main and Front OB,891
10/1/2018 14:47,DCL Outbound-WS Inbound,Main and Murray IB,891
10/1/2018 14:47,DCL Outbound-WS Inbound,Main and Murray IB,891
10/1/2018 14:47,DCL Outbound-WS Inbound,Main and Murray IB,891
10/1/2018 14:47,DCL Outbound-WS Inbound,Main and Murray IB,891
10/1/2018 14:47,DCL Outbound-WS Inbound,Main and Murray IB,891
10/1/2018 14:47,DCL Outbound-WS Inbound,Main and Murray IB,891
10/1/2018 14:47,DCL Outbound-WS Inbound,Main and Murray IB,891
10/1/2018 14:47,DCL Outbound-WS Inbound,Main and Murray IB,891
10/1/2018 14:47,DCL Outbound-WS Inbound,Main and Murray IB,891
10/1/2018 14:47,DCL Outbound-WS Inbound,Main and Murray IB,891
10/1/2018 14:48,DCL Outbound-WS Inbound,Main and Mather,891
10/1/2018 14:48,DCL Outbound-WS Inbound,Main and Mather,891
10/1/2018 14:48,DCL Outbound-WS Inbound,Main and Mather,891
10/1/2018 14:49,DCL Outbound-WS Inbound,Main and Cedar IB,891
10/1/2018 14:49,DCL Outbound-WS Inbound,Main and Cedar IB,891
10/1/2018 14:49,DCL Outbound-WS Inbound,Main and Cedar IB,891
10/1/2018 14:50,DCL Outbound-WS Inbound,Main and Clarke IB,891
10/1/2018 14:51,DCL Outbound-WS Inbound,Main and Schiller IB,891
10/1/2018 14:51,DCL Outbound-WS Inbound,Main and Schiller IB,891
10/1/2018 14:51,DCL Outbound-WS Inbound,Main and Schiller IB,891
10/1/2018 14:51,DCL Outbound-WS Inbound,Main and Schiller IB,891
10/1/2018 14:51,DCL Outbound-WS Inbound,Main and Schiller IB,891
10/1/2018 14:51,DCL Outbound-WS Inbound,Main and Schiller IB,891
10/1/2018 14:52,DCL Outbound-WS Inbound,Main and Schiller IB,891
10/1/2018 14:52,DCL Outbound-WS Inbound,Main and Schiller IB,891
10/1/2018 14:55,DCL Outbound-WS Inbound,Floral and Cleveland IB,891
10/1/2018 14:55,DCL Outbound-WS Inbound,Floral and Cleveland IB,891
10/1/2018 14:55,DCL Outbound-WS Inbound,Floral and Cleveland IB,891
10/1/2018 14:56,DCL Outbound-WS Inbound,Union,54
10/1/2018 14:56,DCL Outbound-WS Inbound,Floral and Willow IB,891
10/1/2018 14:56,DCL Outbound-WS Inbound,Union,54
10/1/2018 15:03,DCL Outbound-WS Inbound,UDC IB,528
10/1/2018 15:04,DCL Outbound-WS Inbound,UDC IB,528
10/1/2018 15:04,DCL Outbound-WS Inbound,UDC IB,528
10/1/2018 15:07,DCL Outbound-WS Inbound,Hawley IB,528
10/1/2018 15:07,DCL Outbound-WS Inbound,Hawley IB,528
10/1/2018 15:08,DCL Outbound-WS Inbound,Main and Front OB,528
10/1/2018 15:08,DCL Outbound-WS Inbound,Main and Front OB,528
10/1/2018 15:10,DCL Outbound-WS Inbound,Main and Murray IB,528
10/1/2018 15:10,DCL Outbound-WS Inbound,Main and Murray IB,528
10/1/2018 15:10,DCL Outbound-WS Inbound,Main and Murray IB,528
10/1/2018 15:10,DCL Outbound-WS Inbound,Main and Murray IB,528
10/1/2018 15:10,DCL Outbound-WS Inbound,Main and Murray IB,528
10/1/2018 15:12,DCL Outbound-WS Inbound,Main and Mather,528
10/1/2018 15:12,DCL Outbound-WS Inbound,Main and Mather,528
10/1/2018 15:12,DCL Outbound-WS Inbound,Main and Mather,528
10/1/2018 15:12,DCL Outbound-WS Inbound,Main and Mather,528
10/1/2018 15:13,DCL Outbound-WS Inbound,Main and Cedar IB,528
10/1/2018 15:13,DCL Outbound-WS Inbound,Main and Cedar IB,528
10/1/2018 15:13,DCL Outbound-WS Inbound,Main and Cedar IB,528
10/1/2018 15:14,DCL Outbound-WS Inbound,Main and Clarke IB,528
10/1/2018 15:15,DCL Outbound-WS Inbound,Main and Schiller IB,528
10/1/2018 15:15,DCL Outbound-WS Inbound,Main and Schiller IB,528
10/1/2018 15:16,DCL Outbound-WS Inbound,Union,890
10/1/2018 15:18,DCL Outbound-WS Inbound,Main and Helen IB,528
10/1/2018 15:18,DCL Outbound-WS Inbound,Main and Helen IB,528
10/1/2018 15:21,DCL Outbound-WS Inbound,Floral and Cleveland IB,528
10/1/2018 15:21,DCL Outbound-WS Inbound,Floral and Cleveland IB,528
10/1/2018 15:21,DCL Outbound-WS Inbound,Floral and Cleveland IB,528
10/1/2018 15:21,DCL Outbound-WS Inbound,Floral and Cleveland IB,528
10/1/2018 15:22,DCL Outbound-WS Inbound,Floral and Willow IB,528
10/1/2018 15:22,DCL Outbound-WS Inbound,Floral and Willow IB,528
10/1/2018 15:23,DCL Outbound-WS Inbound,Floral and Harrison IB,528
10/1/2018 15:23,DCL Outbound-WS Inbound,Floral and Harrison IB,528
10/1/2018 15:36,DCL Outbound-WS Inbound,UDC IB,890
10/1/2018 15:36,DCL Outbound-WS Inbound,UDC IB,890
10/1/2018 15:36,DCL Outbound-WS Inbound,UDC IB,890
10/1/2018 15:36,DCL Outbound-WS Inbound,UDC IB,890
10/1/2018 15:40,DCL Outbound-WS Inbound,Main and Murray IB,890
10/1/2018 15:40,DCL Outbound-WS Inbound,Main and Murray IB,890
10/1/2018 15:41,DCL Outbound-WS Inbound,Main and Mather,890
10/1/2018 15:41,DCL Outbound-WS Inbound,Main and Mather,890
10/1/2018 15:41,DCL Outbound-WS Inbound,Main and Mather,890
10/1/2018 15:41,DCL Outbound-WS Inbound,Main and Mather,890
10/1/2018 15:43,DCL Outbound-WS Inbound,Main and Cedar IB,890
10/1/2018 15:43,DCL Outbound-WS Inbound,Main and Cedar IB,890
10/1/2018 15:43,DCL Outbound-WS Inbound,Main and Clarke IB,890
10/1/2018 15:43,DCL Outbound-WS Inbound,Main and Clarke IB,890
10/1/2018 15:43,DCL Outbound-WS Inbound,Main and Clarke IB,890
10/1/2018 15:45,DCL Outbound-WS Inbound,Main and Schiller IB,890
10/1/2018 15:45,DCL Outbound-WS Inbound,Main and Schiller IB,890
10/1/2018 15:45,DCL Outbound-WS Inbound,Main and Schiller IB,890
10/1/2018 15:45,DCL Outbound-WS Inbound,Main and Schiller IB,890
10/1/2018 15:45,DCL Outbound-WS Inbound,Main and Schiller IB,890
10/1/2018 15:47,DCL Outbound-WS Inbound,Main and Helen IB,890
10/1/2018 15:47,DCL Outbound-WS Inbound,Main and Helen IB,890
10/1/2018 15:47,DCL Outbound-WS Inbound,Main and Helen IB,890
10/1/2018 15:47,DCL Outbound-WS Inbound,Main and Helen IB,890
10/1/2018 15:47,DCL Outbound-WS Inbound,Main and Helen IB,890
10/1/2018 15:48,DCL Outbound-WS Inbound,Union,891
10/1/2018 15:48,DCL Outbound-WS Inbound,Union,891
10/1/2018 15:48,DCL Outbound-WS Inbound,Union,891
10/1/2018 15:48,DCL Outbound-WS Inbound,Union,891
10/1/2018 15:48,DCL Outbound-WS Inbound,Main and Crestmont IB,890
10/1/2018 15:48,DCL Outbound-WS Inbound,Union,891
10/1/2018 15:48,DCL Outbound-WS Inbound,Union,891
10/1/2018 15:48,DCL Outbound-WS Inbound,Union,891
10/1/2018 15:48,DCL Outbound-WS Inbound,Union,891
10/1/2018 15:48,DCL Outbound-WS Inbound,Union,891
10/1/2018 15:48,DCL Outbound-WS Inbound,Union,891
10/1/2018 15:48,DCL Outbound-WS Inbound,Union,891
10/1/2018 15:48,DCL Outbound-WS Inbound,Union,891
10/1/2018 15:48,DCL Outbound-WS Inbound,Union,891
10/1/2018 15:48,DCL Outbound-WS Inbound,Union,891
10/1/2018 15:49,DCL Outbound-WS Inbound,Union,891
10/1/2018 15:49,DCL Outbound-WS Inbound,Union,891
10/1/2018 15:49,DCL Outbound-WS Inbound,Union,891
10/1/2018 15:49,DCL Outbound-WS Inbound,Union,891
10/1/2018 15:49,DCL Outbound-WS Inbound,Union,891
10/1/2018 15:49,DCL Outbound-WS Inbound,Union,891
10/1/2018 15:49,DCL Outbound-WS Inbound,Union,891
10/1/2018 15:49,DCL Outbound-WS Inbound,Union,891
10/1/2018 15:49,DCL Outbound-WS Inbound,Union,891
10/1/2018 15:49,DCL Outbound-WS Inbound,Union,891
10/1/2018 15:49,DCL Outbound-WS Inbound,Union,891
10/1/2018 15:49,DCL Outbound-WS Inbound,Union,891
10/1/2018 15:50,DCL Outbound-WS Inbound,Floral and Main IB,890
10/1/2018 15:51,DCL Outbound-WS Inbound,Floral and Cleveland IB,890
10/1/2018 15:52,DCL Outbound-WS Inbound,Physical Facilities,891
10/1/2018 15:53,DCL Outbound-WS Inbound,Floral and Roberts OB,890
10/1/2018 16:04,DCL Outbound-WS Inbound,Leroy St and Laurel OB,891
10/1/2018 16:11,DCL Outbound-WS Inbound,UDC IB,891
10/1/2018 16:11,DCL Outbound-WS Inbound,UDC IB,891
10/1/2018 16:11,DCL Outbound-WS Inbound,UDC IB,891
10/1/2018 16:11,DCL Outbound-WS Inbound,UDC IB,891
10/1/2018 16:11,DCL Outbound-WS Inbound,UDC IB,891
10/1/2018 16:11,DCL Outbound-WS Inbound,UDC IB,891
10/1/2018 16:13,DCL Outbound-WS Inbound,Hawley IB,891
10/1/2018 16:13,DCL Outbound-WS Inbound,Hawley IB,891
10/1/2018 16:14,DCL Outbound-WS Inbound,Hawley IB,891
10/1/2018 16:14,DCL Outbound-WS Inbound,Hawley IB,891
10/1/2018 16:14,DCL Outbound-WS Inbound,Hawley IB,891
10/1/2018 16:14,DCL Outbound-WS Inbound,Hawley IB,891
10/1/2018 16:14,DCL Outbound-WS Inbound,Main and Front OB,891
10/1/2018 16:14,DCL Outbound-WS Inbound,Main and Front OB,891
10/1/2018 16:14,DCL Outbound-WS Inbound,Main and Front OB,891
10/1/2018 16:15,DCL Outbound-WS Inbound,Main and Murray IB,891
10/1/2018 16:15,DCL Outbound-WS Inbound,Main and Murray IB,891
10/1/2018 16:15,DCL Outbound-WS Inbound,Main and Murray IB,891
10/1/2018 16:15,DCL Outbound-WS Inbound,Main and Murray IB,891
10/1/2018 16:15,DCL Outbound-WS Inbound,Main and Murray IB,891
10/1/2018 16:15,DCL Outbound-WS Inbound,Main and Murray IB,891
10/1/2018 16:15,DCL Outbound-WS Inbound,Main and Murray IB,891
10/1/2018 16:15,DCL Outbound-WS Inbound,Main and Murray IB,891
10/1/2018 16:15,DCL Outbound-WS Inbound,Main and Murray IB,891
10/1/2018 16:16,DCL Outbound-WS Inbound,Main and Murray IB,891
10/1/2018 16:16,DCL Outbound-WS Inbound,Main and Murray IB,891
10/1/2018 16:16,DCL Outbound-WS Inbound,Main and Murray IB,891
10/1/2018 16:16,DCL Outbound-WS Inbound,Main and Murray IB,891
10/1/2018 16:16,DCL Outbound-WS Inbound,Main and Murray IB,891
10/1/2018 16:16,DCL Outbound-WS Inbound,Main and Murray IB,891
10/1/2018 16:17,DCL Outbound-WS Inbound,Main and Mather,891
10/1/2018 16:17,DCL Outbound-WS Inbound,Main and Mather,891
10/1/2018 16:17,DCL Outbound-WS Inbound,Main and Mather,891
10/1/2018 16:17,DCL Outbound-WS Inbound,Main and Mather,891
10/1/2018 16:17,DCL Outbound-WS Inbound,Main and Mather,891
10/1/2018 16:17,DCL Outbound-WS Inbound,Main and Mather,891
10/1/2018 16:17,DCL Outbound-WS Inbound,Main and Mather,891
10/1/2018 16:18,DCL Outbound-WS Inbound,Main and Cedar IB,891
10/1/2018 16:18,DCL Outbound-WS Inbound,Main and Cedar IB,891
10/1/2018 16:19,DCL Outbound-WS Inbound,Main and Clarke IB,891
10/1/2018 16:20,DCL Outbound-WS Inbound,Union,54
10/1/2018 16:20,DCL Outbound-WS Inbound,Union,54
10/1/2018 16:20,DCL Outbound-WS Inbound,Union,54
10/1/2018 16:20,DCL Outbound-WS Inbound,Main and Schiller IB,891
10/1/2018 16:20,DCL Outbound-WS Inbound,Main and Schiller IB,891
10/1/2018 16:20,DCL Outbound-WS Inbound,Union,54
10/1/2018 16:20,DCL Outbound-WS Inbound,Union,54
10/1/2018 16:20,DCL Outbound-WS Inbound,Main and Schiller IB,891
10/1/2018 16:20,DCL Outbound-WS Inbound,Main and Schiller IB,891
10/1/2018 16:20,DCL Outbound-WS Inbound,Main and Schiller IB,891
10/1/2018 16:20,DCL Outbound-WS Inbound,Union,54
10/1/2018 16:20,DCL Outbound-WS Inbound,Main and Schiller IB,891
10/1/2018 16:20,DCL Outbound-WS Inbound,Main and Schiller IB,891
10/1/2018 16:20,DCL Outbound-WS Inbound,Union,54
10/1/2018 16:20,DCL Outbound-WS Inbound,Main and Schiller IB,891
10/1/2018 16:20,DCL Outbound-WS Inbound,Union,54
10/1/2018 16:20,DCL Outbound-WS Inbound,Union,54
10/1/2018 16:20,DCL Outbound-WS Inbound,Main and Schiller IB,891
10/1/2018 16:20,DCL Outbound-WS Inbound,Union,54
10/1/2018 16:20,DCL Outbound-WS Inbound,Union,54
10/1/2018 16:20,DCL Outbound-WS Inbound,Union,54
10/1/2018 16:20,DCL Outbound-WS Inbound,Main and Schiller IB,891
10/1/2018 16:20,DCL Outbound-WS Inbound,Union,54
10/1/2018 16:20,DCL Outbound-WS Inbound,Union,54
10/1/2018 16:20,DCL Outbound-WS Inbound,Union,54
10/1/2018 16:20,DCL Outbound-WS Inbound,Union,54
10/1/2018 16:20,DCL Outbound-WS Inbound,Main and Schiller IB,891
10/1/2018 16:20,DCL Outbound-WS Inbound,Union,54
10/1/2018 16:20,DCL Outbound-WS Inbound,Union,54
10/1/2018 16:20,DCL Outbound-WS Inbound,Union,54
10/1/2018 16:21,DCL Outbound-WS Inbound,Union,54
10/1/2018 16:21,DCL Outbound-WS Inbound,Union,54
10/1/2018 16:21,DCL Outbound-WS Inbound,Union,54
10/1/2018 16:21,DCL Outbound-WS Inbound,Union,54
10/1/2018 16:21,DCL Outbound-WS Inbound,Union,54
10/1/2018 16:21,DCL Outbound-WS Inbound,Union,54
10/1/2018 16:21,DCL Outbound-WS Inbound,Union,54
10/1/2018 16:22,DCL Outbound-WS Inbound,Union,54
10/1/2018 16:24,DCL Outbound-WS Inbound,Floral and Cleveland IB,891
10/1/2018 16:43,DCL Outbound-WS Inbound,Union,527
10/1/2018 16:43,DCL Outbound-WS Inbound,Union,527
10/1/2018 16:43,DCL Outbound-WS Inbound,Union,527
10/1/2018 16:43,DCL Outbound-WS Inbound,Union,527
10/1/2018 16:43,DCL Outbound-WS Inbound,Union,527
10/1/2018 16:43,DCL Outbound-WS Inbound,Union,527
10/1/2018 16:43,DCL Outbound-WS Inbound,UDC IB,54
10/1/2018 16:43,DCL Outbound-WS Inbound,Union,527
10/1/2018 16:43,DCL Outbound-WS Inbound,Union,527
10/1/2018 16:43,DCL Outbound-WS Inbound,Union,527
10/1/2018 16:43,DCL Outbound-WS Inbound,Union,527
10/1/2018 16:43,DCL Outbound-WS Inbound,Union,527
10/1/2018 16:43,DCL Outbound-WS Inbound,Union,527
10/1/2018 16:44,DCL Outbound-WS Inbound,Union,527
10/1/2018 16:44,DCL Outbound-WS Inbound,Union,527
10/1/2018 16:44,DCL Outbound-WS Inbound,Union,527
10/1/2018 16:44,DCL Outbound-WS Inbound,Union,527
10/1/2018 16:44,DCL Outbound-WS Inbound,Union,527
10/1/2018 16:44,DCL Outbound-WS Inbound,Union,527
10/1/2018 16:44,DCL Outbound-WS Inbound,Union,527
10/1/2018 16:44,DCL Outbound-WS Inbound,Union,527
10/1/2018 16:44,DCL Outbound-WS Inbound,Union,527
10/1/2018 16:44,DCL Outbound-WS Inbound,Union,527
10/1/2018 16:45,DCL Outbound-WS Inbound,Hawley IB,54
10/1/2018 16:45,DCL Outbound-WS Inbound,Union,527
10/1/2018 16:45,DCL Outbound-WS Inbound,Union,527
10/1/2018 16:46,DCL Outbound-WS Inbound,Main and Murray IB,54
10/1/2018 16:46,DCL Outbound-WS Inbound,Union,527
10/1/2018 16:46,DCL Outbound-WS Inbound,Main and Murray IB,54
10/1/2018 16:46,DCL Outbound-WS Inbound,Union,527
10/1/2018 16:46,DCL Outbound-WS Inbound,Union,527
10/1/2018 16:46,DCL Outbound-WS Inbound,Union,527
10/1/2018 16:46,DCL Outbound-WS Inbound,Union,527
10/1/2018 16:46,DCL Outbound-WS Inbound,Union,527
10/1/2018 16:47,DCL Outbound-WS Inbound,Main and Mather,54
10/1/2018 16:47,DCL Outbound-WS Inbound,Main and Mather,54
10/1/2018 16:47,DCL Outbound-WS Inbound,Main and Mather,54
10/1/2018 16:47,DCL Outbound-WS Inbound,Union,527
10/1/2018 16:47,DCL Outbound-WS Inbound,Union,527
10/1/2018 16:48,DCL Outbound-WS Inbound,Main and Cedar IB,54
10/1/2018 16:48,DCL Outbound-WS Inbound,Union,527
10/1/2018 16:48,DCL Outbound-WS Inbound,Union,527
10/1/2018 16:48,DCL Outbound-WS Inbound,Main and Clarke IB,54
10/1/2018 16:49,DCL Outbound-WS Inbound,Union,527
10/1/2018 16:49,DCL Outbound-WS Inbound,Union,527
10/1/2018 16:50,DCL Outbound-WS Inbound,Main and Schiller IB,54
10/1/2018 16:50,DCL Outbound-WS Inbound,Main and Schiller IB,54
10/1/2018 16:50,DCL Outbound-WS Inbound,Main and Schiller IB,54
10/1/2018 16:50,DCL Outbound-WS Inbound,Main and Schiller IB,54
10/1/2018 16:50,DCL Outbound-WS Inbound,Main and Schiller IB,54
10/1/2018 16:50,DCL Outbound-WS Inbound,Main and Schiller IB,54
10/1/2018 16:50,DCL Outbound-WS Inbound,Main and Schiller IB,54
10/1/2018 16:50,DCL Outbound-WS Inbound,Union,527
10/1/2018 16:51,DCL Outbound-WS Inbound,Union,527
10/1/2018 16:51,DCL Outbound-WS Inbound,Union,527
10/1/2018 16:51,DCL Outbound-WS Inbound,Union,527
10/1/2018 16:51,DCL Outbound-WS Inbound,Union,527
10/1/2018 16:51,DCL Outbound-WS Inbound,Main and Helen IB,54
10/1/2018 16:53,DCL Outbound-WS Inbound,Physical Facilities,527
10/1/2018 16:54,DCL Outbound-WS Inbound,Floral and Cleveland IB,54
10/1/2018 16:56,DCL Outbound-WS Inbound,Floral and Cook,54
10/1/2018 17:09,DCL Outbound-WS Inbound,UDC IB,527
10/1/2018 17:09,DCL Outbound-WS Inbound,UDC IB,527
10/1/2018 17:09,DCL Outbound-WS Inbound,UDC IB,527
10/1/2018 17:09,DCL Outbound-WS Inbound,UDC IB,527
10/1/2018 17:10,DCL Outbound-WS Inbound,UDC,527
10/1/2018 17:12,DCL Outbound-WS Inbound,Hawley IB,527
10/1/2018 17:13,DCL Outbound-WS Inbound,Main and Murray IB,527
10/1/2018 17:13,DCL Outbound-WS Inbound,Main and Murray IB,527
10/1/2018 17:14,DCL Outbound-WS Inbound,Main and Murray IB,527
10/1/2018 17:14,DCL Outbound-WS Inbound,Main and Murray IB,527
10/1/2018 17:14,DCL Outbound-WS Inbound,Main and Mather,527
10/1/2018 17:14,DCL Outbound-WS Inbound,Main and Mather,527
10/1/2018 17:16,DCL Outbound-WS Inbound,Main and Cedar IB,527
10/1/2018 17:17,DCL Outbound-WS Inbound,Main and Clarke IB,527
10/1/2018 17:17,DCL Outbound-WS Inbound,Main and Clarke IB,527
10/1/2018 17:17,DCL Outbound-WS Inbound,Main and Clarke IB,527
10/1/2018 17:18,DCL Outbound-WS Inbound,Main and Schiller IB,527
10/1/2018 17:18,DCL Outbound-WS Inbound,Main and Schiller IB,527
10/1/2018 17:18,DCL Outbound-WS Inbound,Main and Schiller IB,527
10/1/2018 17:18,DCL Outbound-WS Inbound,Main and Schiller IB,527
10/1/2018 17:18,DCL Outbound-WS Inbound,Main and Schiller IB,527
10/1/2018 17:18,DCL Outbound-WS Inbound,Main and Schiller IB,527
10/1/2018 17:18,DCL Outbound-WS Inbound,Main and Schiller IB,527
10/1/2018 17:18,DCL Outbound-WS Inbound,Main and Schiller IB,527
10/1/2018 17:18,DCL Outbound-WS Inbound,Main and Schiller IB,527
10/1/2018 17:19,DCL Outbound-WS Inbound,Main and Schiller IB,527
10/1/2018 17:20,DCL Outbound-WS Inbound,Union,43
10/1/2018 17:20,DCL Outbound-WS Inbound,Union,43
10/1/2018 17:20,DCL Outbound-WS Inbound,Union,43
10/1/2018 17:20,DCL Outbound-WS Inbound,Union,43
10/1/2018 17:20,DCL Outbound-WS Inbound,Union,43
10/1/2018 17:20,DCL Outbound-WS Inbound,Union,43
10/1/2018 17:20,DCL Outbound-WS Inbound,Union,43
10/1/2018 17:20,DCL Outbound-WS Inbound,Union,43
10/1/2018 17:20,DCL Outbound-WS Inbound,Main and Helen IB,527
10/1/2018 17:20,DCL Outbound-WS Inbound,Main and Helen IB,527
10/1/2018 17:20,DCL Outbound-WS Inbound,Union,43
10/1/2018 17:20,DCL Outbound-WS Inbound,Union,43
10/1/2018 17:21,DCL Outbound-WS Inbound,Union,43
10/1/2018 17:21,DCL Outbound-WS Inbound,Union,43
10/1/2018 17:21,DCL Outbound-WS Inbound,Union,43
10/1/2018 17:21,DCL Outbound-WS Inbound,Union,43
10/1/2018 17:21,DCL Outbound-WS Inbound,Union,43
10/1/2018 17:21,DCL Outbound-WS Inbound,Union,43
10/1/2018 17:21,DCL Outbound-WS Inbound,Union,43
10/1/2018 17:22,DCL Outbound-WS Inbound,Union,43
10/1/2018 17:23,DCL Outbound-WS Inbound,Floral and Willow IB,527
10/1/2018 17:24,DCL Outbound-WS Inbound,Floral and Harrison IB,527
10/1/2018 17:37,DCL Outbound-WS Inbound,Leroy St and Chestnut OB,43
10/1/2018 17:42,DCL Outbound-WS Inbound,UDC IB,43
10/1/2018 17:42,DCL Outbound-WS Inbound,UDC IB,43
10/1/2018 17:42,DCL Outbound-WS Inbound,UDC IB,43
10/1/2018 17:42,DCL Outbound-WS Inbound,UDC IB,43
10/1/2018 17:42,DCL Outbound-WS Inbound,UDC IB,43
10/1/2018 17:44,DCL Outbound-WS Inbound,Hawley IB,43
10/1/2018 17:45,DCL Outbound-WS Inbound,Main and Front OB,43
10/1/2018 17:45,DCL Outbound-WS Inbound,Main and Murray IB,43
10/1/2018 17:45,DCL Outbound-WS Inbound,Main and Murray IB,43
10/1/2018 17:45,DCL Outbound-WS Inbound,Main and Murray IB,43
10/1/2018 17:45,DCL Outbound-WS Inbound,Main and Murray IB,43
10/1/2018 17:48,DCL Outbound-WS Inbound,Main and Cedar IB,43
10/1/2018 17:48,DCL Outbound-WS Inbound,Main and Cedar IB,43
10/1/2018 17:48,DCL Outbound-WS Inbound,Main and Cedar IB,43
10/1/2018 17:48,DCL Outbound-WS Inbound,Main and Cedar IB,43
10/1/2018 17:48,DCL Outbound-WS Inbound,Main and Cedar IB,43
10/1/2018 17:48,DCL Outbound-WS Inbound,Main and Clarke IB,43
10/1/2018 17:50,DCL Outbound-WS Inbound,Main and Schiller IB,43
10/1/2018 17:50,DCL Outbound-WS Inbound,Main and Schiller IB,43
10/1/2018 17:50,DCL Outbound-WS Inbound,Main and Schiller IB,43
10/1/2018 17:50,DCL Outbound-WS Inbound,Main and Schiller IB,43
10/1/2018 17:51,DCL Outbound-WS Inbound,Main and Helen IB,43
10/1/2018 17:52,DCL Outbound-WS Inbound,Main and Crestmont IB,43
10/1/2018 18:10,DCL Outbound-WS Inbound,UDC IB,890
10/1/2018 18:10,DCL Outbound-WS Inbound,UDC IB,890
10/1/2018 18:12,DCL Outbound-WS Inbound,Hawley IB,890
10/1/2018 18:12,DCL Outbound-WS Inbound,Union,528
10/1/2018 18:12,DCL Outbound-WS Inbound,Union,528
10/1/2018 18:12,DCL Outbound-WS Inbound,Union,528
10/1/2018 18:12,DCL Outbound-WS Inbound,Union,528
10/1/2018 18:12,DCL Outbound-WS Inbound,Union,528
10/1/2018 18:12,DCL Outbound-WS Inbound,Union,528
10/1/2018 18:12,DCL Outbound-WS Inbound,Union,528
10/1/2018 18:12,DCL Outbound-WS Inbound,Union,528
10/1/2018 18:13,DCL Outbound-WS Inbound,Union,528
10/1/2018 18:13,DCL Outbound-WS Inbound,Union,528
10/1/2018 18:13,DCL Outbound-WS Inbound,Union,528
10/1/2018 18:13,DCL Outbound-WS Inbound,Union,528
10/1/2018 18:13,DCL Outbound-WS Inbound,Union,528
10/1/2018 18:13,DCL Outbound-WS Inbound,Union,528
10/1/2018 18:13,DCL Outbound-WS Inbound,Union,528
10/1/2018 18:13,DCL Outbound-WS Inbound,Union,528
10/1/2018 18:13,DCL Outbound-WS Inbound,Union,528
10/1/2018 18:13,DCL Outbound-WS Inbound,Union,528
10/1/2018 18:13,DCL Outbound-WS Inbound,Union,528
10/1/2018 18:14,DCL Outbound-WS Inbound,Main and Murray IB,890
10/1/2018 18:14,DCL Outbound-WS Inbound,Union,528
10/1/2018 18:14,DCL Outbound-WS Inbound,Main and Murray IB,890
10/1/2018 18:14,DCL Outbound-WS Inbound,Main and Murray IB,890
10/1/2018 18:14,DCL Outbound-WS Inbound,Union,528
10/1/2018 18:14,DCL Outbound-WS Inbound,Union,528
10/1/2018 18:14,DCL Outbound-WS Inbound,Union,528
10/1/2018 18:14,DCL Outbound-WS Inbound,Main and Murray IB,890
10/1/2018 18:14,DCL Outbound-WS Inbound,Union,528
10/1/2018 18:15,DCL Outbound-WS Inbound,Union,528
10/1/2018 18:16,DCL Outbound-WS Inbound,Main and Cedar IB,890
10/1/2018 18:18,DCL Outbound-WS Inbound,Union,528
10/1/2018 18:19,DCL Outbound-WS Inbound,Union,528
10/1/2018 18:19,DCL Outbound-WS Inbound,Union,528
10/1/2018 18:19,DCL Outbound-WS Inbound,Main and Helen IB,890
10/1/2018 18:20,DCL Outbound-WS Inbound,Union,528
10/1/2018 18:20,DCL Outbound-WS Inbound,Union,528
10/1/2018 18:22,DCL Outbound-WS Inbound,Physical Facilities,528
10/1/2018 18:34,DCL Outbound-WS Inbound,Leroy St and Chestnut OB,528
10/1/2018 18:35,DCL Outbound-WS Inbound,Leroy St and Murray OB,528
10/1/2018 18:45,DCL Outbound-WS Inbound,Main and Murray IB,528
10/1/2018 18:45,DCL Outbound-WS Inbound,Main and Murray IB,528
10/1/2018 18:45,DCL Outbound-WS Inbound,Main and Murray IB,528
10/1/2018 18:45,DCL Outbound-WS Inbound,Main and Murray IB,528
10/1/2018 18:45,DCL Outbound-WS Inbound,Main and Murray IB,528
10/1/2018 18:45,DCL Outbound-WS Inbound,Main and Murray IB,528
10/1/2018 18:45,DCL Outbound-WS Inbound,Main and Murray IB,528
10/1/2018 18:46,DCL Outbound-WS Inbound,Main and Mather,528
10/1/2018 18:47,DCL Outbound-WS Inbound,Main and Cedar IB,528
10/1/2018 18:47,DCL Outbound-WS Inbound,Union,526
10/1/2018 18:47,DCL Outbound-WS Inbound,Union,526
10/1/2018 18:47,DCL Outbound-WS Inbound,Union,526
10/1/2018 18:47,DCL Outbound-WS Inbound,Union,526
10/1/2018 18:48,DCL Outbound-WS Inbound,Union,526
10/1/2018 18:48,DCL Outbound-WS Inbound,Main and Schiller IB,528
10/1/2018 18:48,DCL Outbound-WS Inbound,Union,526
10/1/2018 18:49,DCL Outbound-WS Inbound,Union,526
10/1/2018 18:49,DCL Outbound-WS Inbound,Union,526
10/1/2018 18:51,DCL Outbound-WS Inbound,Floral and Cleveland IB,528
10/1/2018 18:51,DCL Outbound-WS Inbound,Floral and Cleveland IB,528
10/1/2018 18:53,DCL Outbound-WS Inbound,Denny''s,526
10/1/2018 18:53,DCL Outbound-WS Inbound,Denny''s,526
10/1/2018 18:53,DCL Outbound-WS Inbound,Denny''s,526
10/1/2018 19:04,DCL Outbound-WS Inbound,Leroy St and Chestnut OB,526
10/1/2018 19:08,DCL Outbound-WS Inbound,UDC IB,526
10/1/2018 19:08,DCL Outbound-WS Inbound,UDC IB,526
10/1/2018 19:08,DCL Outbound-WS Inbound,UDC IB,526
10/1/2018 19:08,DCL Outbound-WS Inbound,UDC IB,526
10/1/2018 19:13,DCL Outbound-WS Inbound,Hawley IB,526
10/1/2018 19:13,DCL Outbound-WS Inbound,Hawley IB,526
10/1/2018 19:13,DCL Outbound-WS Inbound,Hawley IB,526
10/1/2018 19:15,DCL Outbound-WS Inbound,Union,891
10/1/2018 19:15,DCL Outbound-WS Inbound,Union,891
10/1/2018 19:15,DCL Outbound-WS Inbound,Union,891
10/1/2018 19:15,DCL Outbound-WS Inbound,Union,891
10/1/2018 19:15,DCL Outbound-WS Inbound,Main and Murray IB,526
10/1/2018 19:15,DCL Outbound-WS Inbound,Union,891
10/1/2018 19:15,DCL Outbound-WS Inbound,Main and Murray IB,526
10/1/2018 19:15,DCL Outbound-WS Inbound,Union,891
10/1/2018 19:15,DCL Outbound-WS Inbound,Union,891
10/1/2018 19:15,DCL Outbound-WS Inbound,Union,891
10/1/2018 19:15,DCL Outbound-WS Inbound,Union,891
10/1/2018 19:15,DCL Outbound-WS Inbound,Main and Murray IB,526
10/1/2018 19:15,DCL Outbound-WS Inbound,Union,891
10/1/2018 19:15,DCL Outbound-WS Inbound,Union,891
10/1/2018 19:15,DCL Outbound-WS Inbound,Union,891
10/1/2018 19:15,DCL Outbound-WS Inbound,Union,891
10/1/2018 19:15,DCL Outbound-WS Inbound,Union,891
10/1/2018 19:16,DCL Outbound-WS Inbound,Union,891
10/1/2018 19:16,DCL Outbound-WS Inbound,Union,891
10/1/2018 19:16,DCL Outbound-WS Inbound,Union,891
10/1/2018 19:16,DCL Outbound-WS Inbound,Union,891
10/1/2018 19:16,DCL Outbound-WS Inbound,Union,891
10/1/2018 19:16,DCL Outbound-WS Inbound,Union,891
10/1/2018 19:16,DCL Outbound-WS Inbound,Union,891
10/1/2018 19:16,DCL Outbound-WS Inbound,Union,891
10/1/2018 19:16,DCL Outbound-WS Inbound,Union,891
10/1/2018 19:16,DCL Outbound-WS Inbound,Union,891
10/1/2018 19:16,DCL Outbound-WS Inbound,Main and Mather,526
10/1/2018 19:16,DCL Outbound-WS Inbound,Union,891
10/1/2018 19:16,DCL Outbound-WS Inbound,Main and Mather,526
10/1/2018 19:18,DCL Outbound-WS Inbound,Main and Cedar IB,526
10/1/2018 19:18,DCL Outbound-WS Inbound,Main and Cedar IB,526
10/1/2018 19:18,DCL Outbound-WS Inbound,Main and Cedar IB,526
10/1/2018 19:18,DCL Outbound-WS Inbound,Main and Clarke IB,526
10/1/2018 19:18,DCL Outbound-WS Inbound,Physical Facilities,891
10/1/2018 19:21,DCL Outbound-WS Inbound,Main and Helen IB,526
10/1/2018 19:23,DCL Outbound-WS Inbound,Floral and Cleveland IB,526
10/1/2018 19:31,DCL Outbound-WS Inbound,Leroy St and Murray OB,891
10/1/2018 19:31,DCL Outbound-WS Inbound,Leroy St and Murray OB,891
10/1/2018 19:31,DCL Outbound-WS Inbound,Leroy St and Murray OB,891
10/1/2018 19:34,DCL Outbound-WS Inbound,Union,527
10/1/2018 19:34,DCL Outbound-WS Inbound,Union,527
10/1/2018 19:34,DCL Outbound-WS Inbound,Union,527
10/1/2018 19:34,DCL Outbound-WS Inbound,Union,527
10/1/2018 19:34,DCL Outbound-WS Inbound,Union,527
10/1/2018 19:34,DCL Outbound-WS Inbound,Union,527
10/1/2018 19:34,DCL Outbound-WS Inbound,Union,527
10/1/2018 19:34,DCL Outbound-WS Inbound,Union,527
10/1/2018 19:34,DCL Outbound-WS Inbound,Union,527
10/1/2018 19:34,DCL Outbound-WS Inbound,Union,527
10/1/2018 19:34,DCL Outbound-WS Inbound,Union,527
10/1/2018 19:34,DCL Outbound-WS Inbound,Union,527
10/1/2018 19:35,DCL Outbound-WS Inbound,Union,527
10/1/2018 19:35,DCL Outbound-WS Inbound,Union,527
10/1/2018 19:35,DCL Outbound-WS Inbound,Union,527
10/1/2018 19:35,DCL Outbound-WS Inbound,Union,527
10/1/2018 19:35,DCL Outbound-WS Inbound,UDC IB,891
10/1/2018 19:36,DCL Outbound-WS Inbound,UDC IB,891
10/1/2018 19:36,DCL Outbound-WS Inbound,UDC IB,891
10/1/2018 19:36,DCL Outbound-WS Inbound,UDC IB,891
10/1/2018 19:36,DCL Outbound-WS Inbound,Union,527
10/1/2018 19:36,DCL Outbound-WS Inbound,Union,527
10/1/2018 19:37,DCL Outbound-WS Inbound,Union,527
10/1/2018 19:37,DCL Outbound-WS Inbound,Union,527
10/1/2018 19:38,DCL Outbound-WS Inbound,Union,527
10/1/2018 19:38,DCL Outbound-WS Inbound,Hawley IB,891
10/1/2018 19:38,DCL Outbound-WS Inbound,Hawley IB,891
10/1/2018 19:38,DCL Outbound-WS Inbound,Hawley IB,891
10/1/2018 19:38,DCL Outbound-WS Inbound,Hawley IB,891
10/1/2018 19:38,DCL Outbound-WS Inbound,Hawley IB,891
10/1/2018 19:38,DCL Outbound-WS Inbound,Union,527
10/1/2018 19:39,DCL Outbound-WS Inbound,Union,527
10/1/2018 19:39,DCL Outbound-WS Inbound,Union,527
10/1/2018 19:39,DCL Outbound-WS Inbound,Union,527
10/1/2018 19:40,DCL Outbound-WS Inbound,Union,527
10/1/2018 19:40,DCL Outbound-WS Inbound,Main and Murray IB,891
10/1/2018 19:40,DCL Outbound-WS Inbound,Main and Murray IB,891
10/1/2018 19:40,DCL Outbound-WS Inbound,Main and Murray IB,891
10/1/2018 19:40,DCL Outbound-WS Inbound,Main and Murray IB,891
10/1/2018 19:40,DCL Outbound-WS Inbound,Main and Murray IB,891
10/1/2018 19:40,DCL Outbound-WS Inbound,Main and Murray IB,891
10/1/2018 19:40,DCL Outbound-WS Inbound,Main and Murray IB,891
10/1/2018 19:40,DCL Outbound-WS Inbound,Main and Murray IB,891
10/1/2018 19:40,DCL Outbound-WS Inbound,Union,527
10/1/2018 19:41,DCL Outbound-WS Inbound,Union,527
10/1/2018 19:41,DCL Outbound-WS Inbound,Union,527
10/1/2018 19:41,DCL Outbound-WS Inbound,Main and Mather,891
10/1/2018 19:41,DCL Outbound-WS Inbound,Main and Mather,891
10/1/2018 19:41,DCL Outbound-WS Inbound,Main and Mather,891
10/1/2018 19:42,DCL Outbound-WS Inbound,Union,527
10/1/2018 19:42,DCL Outbound-WS Inbound,Main and Cedar IB,891
10/1/2018 19:42,DCL Outbound-WS Inbound,Union,527
10/1/2018 19:42,DCL Outbound-WS Inbound,Main and Cedar IB,891
10/1/2018 19:42,DCL Outbound-WS Inbound,Union,527
10/1/2018 19:43,DCL Outbound-WS Inbound,Union,527
10/1/2018 19:45,DCL Outbound-WS Inbound,Main and Schiller IB,891
10/1/2018 19:45,DCL Outbound-WS Inbound,Union,527
10/1/2018 19:45,DCL Outbound-WS Inbound,Union,527
10/1/2018 19:46,DCL Outbound-WS Inbound,Union,527
10/1/2018 19:47,DCL Outbound-WS Inbound,Main and Crestmont IB,891
10/1/2018 19:49,DCL Outbound-WS Inbound,Floral and Burbank IB,891
