Start Date:10/24/2018 7:00 AM End Date:10/24/2018 8:00 PM,,,
DateTime,CorridorName,StopName,VehicleID
10/24/2018 7:17,DCL Outbound-WS Inbound,Hawley IB,891
10/24/2018 7:18,DCL Outbound-WS Inbound,Main and Murray IB,891
10/24/2018 7:18,DCL Outbound-WS Inbound,Main and Murray IB,891
10/24/2018 7:18,DCL Outbound-WS Inbound,Main and Murray IB,891
10/24/2018 7:18,DCL Outbound-WS Inbound,Main and Murray IB,891
10/24/2018 7:19,DCL Outbound-WS Inbound,Main and Mather,891
10/24/2018 7:20,DCL Outbound-WS Inbound,Main and Cedar IB,891
10/24/2018 7:20,DCL Outbound-WS Inbound,Main and Clarke IB,891
10/24/2018 7:21,DCL Outbound-WS Inbound,Main and Schiller IB,891
10/24/2018 7:21,DCL Outbound-WS Inbound,Main and Schiller IB,891
10/24/2018 7:21,DCL Outbound-WS Inbound,Main and Schiller IB,891
10/24/2018 7:21,DCL Outbound-WS Inbound,Main and Schiller IB,891
10/24/2018 7:21,DCL Outbound-WS Inbound,Main and Schiller IB,891
10/24/2018 7:21,DCL Outbound-WS Inbound,Main and Schiller IB,891
10/24/2018 7:21,DCL Outbound-WS Inbound,Main and Schiller IB,891
10/24/2018 7:21,DCL Outbound-WS Inbound,Main and Schiller IB,891
10/24/2018 7:21,DCL Outbound-WS Inbound,Main and Schiller IB,891
10/24/2018 7:21,DCL Outbound-WS Inbound,Main and Schiller IB,891
10/24/2018 7:24,DCL Outbound-WS Inbound,Floral and Main IB,891
10/24/2018 7:25,DCL Outbound-WS Inbound,Floral and Cleveland IB,891
10/24/2018 7:26,DCL Outbound-WS Inbound,Floral and Roberts IB,891
10/24/2018 7:26,DCL Outbound-WS Inbound,Riverside and Beethoven OB,21
10/24/2018 7:26,DCL Outbound-WS Inbound,UDC IB,55
10/24/2018 7:28,DCL Outbound-WS Inbound,Leroy St and Chestnut OB,21
10/24/2018 7:33,DCL Outbound-WS Inbound,Hawley IB,55
10/24/2018 7:33,DCL Outbound-WS Inbound,Hawley IB,55
10/24/2018 7:34,DCL Outbound-WS Inbound,Main and Murray IB,55
10/24/2018 7:34,DCL Outbound-WS Inbound,Main and Murray IB,55
10/24/2018 7:34,DCL Outbound-WS Inbound,Main and Murray IB,55
10/24/2018 7:34,DCL Outbound-WS Inbound,Main and Murray IB,55
10/24/2018 7:34,DCL Outbound-WS Inbound,Main and Murray IB,55
10/24/2018 7:34,DCL Outbound-WS Inbound,Main and Murray IB,55
10/24/2018 7:35,DCL Outbound-WS Inbound,Main and Mather,55
10/24/2018 7:35,DCL Outbound-WS Inbound,Main and Mather,55
10/24/2018 7:35,DCL Outbound-WS Inbound,Main and Mather,55
10/24/2018 7:37,DCL Outbound-WS Inbound,Hawley IB,21
10/24/2018 7:38,DCL Outbound-WS Inbound,Main and Schiller IB,55
10/24/2018 7:38,DCL Outbound-WS Inbound,Main and Schiller IB,55
10/24/2018 7:38,DCL Outbound-WS Inbound,Main and Schiller IB,55
10/24/2018 7:38,DCL Outbound-WS Inbound,Main and Schiller IB,55
10/24/2018 7:38,DCL Outbound-WS Inbound,Main and Schiller IB,55
10/24/2018 7:38,DCL Outbound-WS Inbound,Main and Schiller IB,55
10/24/2018 7:38,DCL Outbound-WS Inbound,Main and Schiller IB,55
10/24/2018 7:38,DCL Outbound-WS Inbound,Main and Schiller IB,55
10/24/2018 7:38,DCL Outbound-WS Inbound,Main and Schiller IB,55
10/24/2018 7:38,DCL Outbound-WS Inbound,Main and Schiller IB,55
10/24/2018 7:38,DCL Outbound-WS Inbound,Main and Murray IB,21
10/24/2018 7:39,DCL Outbound-WS Inbound,Main and Mather,21
10/24/2018 7:39,DCL Outbound-WS Inbound,Main and Mather,21
10/24/2018 7:39,DCL Outbound-WS Inbound,Main and Helen IB,55
10/24/2018 7:40,DCL Outbound-WS Inbound,Main and Cedar IB,21
10/24/2018 7:41,DCL Outbound-WS Inbound,Main and Clarke IB,21
10/24/2018 7:41,DCL Outbound-WS Inbound,Main and Clarke IB,21
10/24/2018 7:41,DCL Outbound-WS Inbound,Main and Schiller IB,21
10/24/2018 7:41,DCL Outbound-WS Inbound,Main and Schiller IB,21
10/24/2018 7:41,DCL Outbound-WS Inbound,Main and Schiller IB,21
10/24/2018 7:42,DCL Outbound-WS Inbound,Main and Helen OB,21
10/24/2018 7:42,DCL Outbound-WS Inbound,Floral and Cleveland IB,55
10/24/2018 7:42,DCL Outbound-WS Inbound,Floral and Cleveland IB,55
10/24/2018 7:42,DCL Outbound-WS Inbound,Floral and Cleveland IB,55
10/24/2018 7:43,DCL Outbound-WS Inbound,Floral and Burbank IB,55
10/24/2018 7:43,DCL Outbound-WS Inbound,Floral and Burbank IB,55
10/24/2018 7:45,DCL Outbound-WS Inbound,Floral and Harrison IB,55
10/24/2018 7:45,DCL Outbound-WS Inbound,Floral and Main IB,21
10/24/2018 7:46,DCL Outbound-WS Inbound,Floral and Cook,55
10/24/2018 7:46,DCL Outbound-WS Inbound,Floral and Cleveland IB,21
10/24/2018 7:47,DCL Outbound-WS Inbound,Floral and Cook,21
10/24/2018 7:47,DCL Outbound-WS Inbound,Floral and Cook,21
10/24/2018 7:48,DCL Outbound-WS Inbound,Hawley IB,526
10/24/2018 7:48,DCL Outbound-WS Inbound,Hawley IB,526
10/24/2018 7:49,DCL Outbound-WS Inbound,Main and Front OB,526
10/24/2018 7:49,DCL Outbound-WS Inbound,Main and Front OB,526
10/24/2018 7:49,DCL Outbound-WS Inbound,Main and Front OB,526
10/24/2018 7:50,DCL Outbound-WS Inbound,Main and Murray IB,526
10/24/2018 7:50,DCL Outbound-WS Inbound,Main and Murray IB,526
10/24/2018 7:50,DCL Outbound-WS Inbound,Main and Murray IB,526
10/24/2018 7:52,DCL Outbound-WS Inbound,Main and Mather,526
10/24/2018 7:52,DCL Outbound-WS Inbound,Main and Mather,526
10/24/2018 7:52,DCL Outbound-WS Inbound,Main and Mather,526
10/24/2018 7:52,DCL Outbound-WS Inbound,Main and Mather,526
10/24/2018 7:53,DCL Outbound-WS Inbound,Main and Cedar IB,526
10/24/2018 7:53,DCL Outbound-WS Inbound,Main and Cedar IB,526
10/24/2018 7:53,DCL Outbound-WS Inbound,Main and Cedar IB,526
10/24/2018 7:54,DCL Outbound-WS Inbound,Main and Clarke IB,526
10/24/2018 7:54,DCL Outbound-WS Inbound,Main and Clarke IB,526
10/24/2018 7:54,DCL Outbound-WS Inbound,Main and Clarke IB,526
10/24/2018 7:55,DCL Outbound-WS Inbound,Main and Schiller IB,526
10/24/2018 7:55,DCL Outbound-WS Inbound,Main and Schiller IB,526
10/24/2018 7:55,DCL Outbound-WS Inbound,Main and Schiller IB,526
10/24/2018 7:55,DCL Outbound-WS Inbound,Main and Schiller IB,526
10/24/2018 7:55,DCL Outbound-WS Inbound,Main and Schiller IB,526
10/24/2018 7:55,DCL Outbound-WS Inbound,Main and Schiller IB,526
10/24/2018 7:55,DCL Outbound-WS Inbound,Main and Schiller IB,526
10/24/2018 7:55,DCL Outbound-WS Inbound,Main and Schiller IB,526
10/24/2018 7:55,DCL Outbound-WS Inbound,Main and Schiller IB,526
10/24/2018 7:55,DCL Outbound-WS Inbound,Main and Schiller IB,526
10/24/2018 7:55,DCL Outbound-WS Inbound,Main and Schiller IB,526
10/24/2018 7:55,DCL Outbound-WS Inbound,Main and Schiller IB,526
10/24/2018 7:55,DCL Outbound-WS Inbound,Main and Schiller IB,526
10/24/2018 7:57,DCL Outbound-WS Inbound,Main and Crary,526
10/24/2018 7:57,DCL Outbound-WS Inbound,Floral and Main IB,526
10/24/2018 7:58,DCL Outbound-WS Inbound,Floral and Cleveland IB,526
10/24/2018 7:58,DCL Outbound-WS Inbound,Floral and Cleveland IB,526
10/24/2018 7:58,DCL Outbound-WS Inbound,Floral and Cleveland IB,526
10/24/2018 7:59,DCL Outbound-WS Inbound,Floral and Burbank IB,526
10/24/2018 8:00,DCL Outbound-WS Inbound,Floral and Roberts OB,526
10/24/2018 8:18,DCL Outbound-WS Inbound,Main and Schiller IB,55
10/24/2018 8:20,DCL Outbound-WS Inbound,Main and Helen IB,55
10/24/2018 8:20,DCL Outbound-WS Inbound,Union,528
10/24/2018 8:20,DCL Outbound-WS Inbound,Union,528
10/24/2018 8:21,DCL Outbound-WS Inbound,Union,528
10/24/2018 8:22,DCL Outbound-WS Inbound,Floral and Cleveland IB,55
10/24/2018 8:22,DCL Outbound-WS Inbound,Floral and Cleveland IB,55
10/24/2018 8:37,DCL Outbound-WS Inbound,Leroy St and Murray OB,528
10/24/2018 8:37,DCL Outbound-WS Inbound,Leroy St and Murray OB,528
10/24/2018 8:43,DCL Outbound-WS Inbound,Hawley IB,528
10/24/2018 8:46,DCL Outbound-WS Inbound,Main and Mather,528
10/24/2018 8:46,DCL Outbound-WS Inbound,Main and Mather,528
10/24/2018 8:46,DCL Outbound-WS Inbound,Main and Mather,528
10/24/2018 8:48,DCL Outbound-WS Inbound,Main and Clarke IB,528
10/24/2018 8:48,DCL Outbound-WS Inbound,Main and Clarke IB,528
10/24/2018 8:48,DCL Outbound-WS Inbound,Main and Clarke IB,528
10/24/2018 8:50,DCL Outbound-WS Inbound,Main and Schiller IB,528
10/24/2018 8:50,DCL Outbound-WS Inbound,Main and Schiller IB,528
10/24/2018 8:50,DCL Outbound-WS Inbound,Main and Schiller IB,528
10/24/2018 8:50,DCL Outbound-WS Inbound,Main and Schiller IB,528
10/24/2018 8:50,DCL Outbound-WS Inbound,Main and Schiller IB,528
10/24/2018 8:52,DCL Outbound-WS Inbound,Main and Helen IB,21
10/24/2018 8:54,DCL Outbound-WS Inbound,Floral and Willow IB,528
10/24/2018 8:54,DCL Outbound-WS Inbound,Floral and Willow IB,528
10/24/2018 8:55,DCL Outbound-WS Inbound,Floral and Cleveland IB,21
10/24/2018 8:56,DCL Outbound-WS Inbound,Floral and Burbank IB,21
10/24/2018 8:59,DCL Outbound-WS Inbound,Leroy St and Chestnut OB,890
10/24/2018 8:59,DCL Outbound-WS Inbound,Leroy St and Chestnut OB,890
10/24/2018 9:02,DCL Outbound-WS Inbound,Main and Murray IB,526
10/24/2018 9:02,DCL Outbound-WS Inbound,Main and Murray IB,526
10/24/2018 9:02,DCL Outbound-WS Inbound,Main and Murray IB,526
10/24/2018 9:02,DCL Outbound-WS Inbound,Main and Murray IB,526
10/24/2018 9:02,DCL Outbound-WS Inbound,Main and Murray IB,526
10/24/2018 9:02,DCL Outbound-WS Inbound,Main and Murray IB,526
10/24/2018 9:03,DCL Outbound-WS Inbound,Main and Mather,526
10/24/2018 9:03,DCL Outbound-WS Inbound,UDC IB,890
10/24/2018 9:03,DCL Outbound-WS Inbound,Main and Mather,526
10/24/2018 9:03,DCL Outbound-WS Inbound,UDC IB,890
10/24/2018 9:04,DCL Outbound-WS Inbound,UDC IB,890
10/24/2018 9:04,DCL Outbound-WS Inbound,Main and Cedar IB,526
10/24/2018 9:04,DCL Outbound-WS Inbound,Main and Cedar IB,526
10/24/2018 9:07,DCL Outbound-WS Inbound,Hawley IB,890
10/24/2018 9:07,DCL Outbound-WS Inbound,Hawley IB,890
10/24/2018 9:07,DCL Outbound-WS Inbound,Hawley IB,890
10/24/2018 9:07,DCL Outbound-WS Inbound,Hawley IB,890
10/24/2018 9:07,DCL Outbound-WS Inbound,Hawley IB,890
10/24/2018 9:08,DCL Outbound-WS Inbound,Main and Front OB,890
10/24/2018 9:08,DCL Outbound-WS Inbound,Floral and Main IB,526
10/24/2018 9:09,DCL Outbound-WS Inbound,Main and Murray IB,890
10/24/2018 9:09,DCL Outbound-WS Inbound,Main and Murray IB,890
10/24/2018 9:09,DCL Outbound-WS Inbound,Main and Murray IB,890
10/24/2018 9:09,DCL Outbound-WS Inbound,Main and Murray IB,890
10/24/2018 9:09,DCL Outbound-WS Inbound,Main and Murray IB,890
10/24/2018 9:09,DCL Outbound-WS Inbound,Main and Murray IB,890
10/24/2018 9:09,DCL Outbound-WS Inbound,Main and Murray IB,890
10/24/2018 9:09,DCL Outbound-WS Inbound,Main and Murray IB,890
10/24/2018 9:09,DCL Outbound-WS Inbound,Main and Murray IB,890
10/24/2018 9:09,DCL Outbound-WS Inbound,Main and Murray IB,890
10/24/2018 9:09,DCL Outbound-WS Inbound,Main and Murray IB,890
10/24/2018 9:09,DCL Outbound-WS Inbound,Main and Murray IB,890
10/24/2018 9:09,DCL Outbound-WS Inbound,Main and Murray IB,890
10/24/2018 9:09,DCL Outbound-WS Inbound,Floral and Cleveland IB,526
10/24/2018 9:09,DCL Outbound-WS Inbound,Floral and Cleveland IB,526
10/24/2018 9:09,DCL Outbound-WS Inbound,Floral and Cleveland IB,526
10/24/2018 9:10,DCL Outbound-WS Inbound,Main and Mather,890
10/24/2018 9:10,DCL Outbound-WS Inbound,Main and Mather,890
10/24/2018 9:10,DCL Outbound-WS Inbound,Main and Mather,890
10/24/2018 9:11,DCL Outbound-WS Inbound,Main and Cedar IB,890
10/24/2018 9:11,DCL Outbound-WS Inbound,Main and Cedar IB,890
10/24/2018 9:11,DCL Outbound-WS Inbound,Main and Cedar IB,890
10/24/2018 9:11,DCL Outbound-WS Inbound,Main and Cedar IB,890
10/24/2018 9:11,DCL Outbound-WS Inbound,Floral and St. Charles,526
10/24/2018 9:12,DCL Outbound-WS Inbound,Main and Clarke IB,890
10/24/2018 9:12,DCL Outbound-WS Inbound,Main and Clarke IB,890
10/24/2018 9:13,DCL Outbound-WS Inbound,Main and Schiller IB,890
10/24/2018 9:13,DCL Outbound-WS Inbound,Main and Schiller IB,890
10/24/2018 9:13,DCL Outbound-WS Inbound,Main and Schiller IB,890
10/24/2018 9:13,DCL Outbound-WS Inbound,Main and Schiller IB,890
10/24/2018 9:13,DCL Outbound-WS Inbound,Main and Schiller IB,890
10/24/2018 9:13,DCL Outbound-WS Inbound,Main and Schiller IB,890
10/24/2018 9:13,DCL Outbound-WS Inbound,Main and Schiller IB,890
10/24/2018 9:13,DCL Outbound-WS Inbound,Main and Schiller IB,890
10/24/2018 9:13,DCL Outbound-WS Inbound,Main and Schiller IB,890
10/24/2018 9:13,DCL Outbound-WS Inbound,Main and Schiller IB,890
10/24/2018 9:13,DCL Outbound-WS Inbound,Main and Schiller IB,890
10/24/2018 9:14,DCL Outbound-WS Inbound,Main and Helen IB,890
10/24/2018 9:15,DCL Outbound-WS Inbound,Main and Crary,890
10/24/2018 9:15,DCL Outbound-WS Inbound,Main and Crary,890
10/24/2018 9:16,DCL Outbound-WS Inbound,Union,41
10/24/2018 9:17,DCL Outbound-WS Inbound,Floral and Cleveland IB,890
10/24/2018 9:17,DCL Outbound-WS Inbound,Floral and Cleveland IB,890
10/24/2018 9:18,DCL Outbound-WS Inbound,Floral and Burbank IB,890
10/24/2018 9:18,DCL Outbound-WS Inbound,Hawley IB,528
10/24/2018 9:18,DCL Outbound-WS Inbound,Hawley IB,528
10/24/2018 9:18,DCL Outbound-WS Inbound,Hawley IB,528
10/24/2018 9:19,DCL Outbound-WS Inbound,Main and Front OB,528
10/24/2018 9:19,DCL Outbound-WS Inbound,Main and Front OB,528
10/24/2018 9:20,DCL Outbound-WS Inbound,Physical Facilities,41
10/24/2018 9:20,DCL Outbound-WS Inbound,Main and Murray IB,528
10/24/2018 9:20,DCL Outbound-WS Inbound,Main and Murray IB,528
10/24/2018 9:20,DCL Outbound-WS Inbound,Main and Murray IB,528
10/24/2018 9:20,DCL Outbound-WS Inbound,Main and Murray IB,528
10/24/2018 9:20,DCL Outbound-WS Inbound,Main and Murray IB,528
10/24/2018 9:20,DCL Outbound-WS Inbound,Main and Murray IB,528
10/24/2018 9:20,DCL Outbound-WS Inbound,Main and Murray IB,528
10/24/2018 9:20,DCL Outbound-WS Inbound,Main and Murray IB,528
10/24/2018 9:20,DCL Outbound-WS Inbound,Main and Murray IB,528
10/24/2018 9:20,DCL Outbound-WS Inbound,Main and Murray IB,528
10/24/2018 9:20,DCL Outbound-WS Inbound,Main and Murray IB,528
10/24/2018 9:21,DCL Outbound-WS Inbound,Main and Murray IB,528
10/24/2018 9:21,DCL Outbound-WS Inbound,Main and Murray IB,528
10/24/2018 9:21,DCL Outbound-WS Inbound,Main and Murray IB,528
10/24/2018 9:21,DCL Outbound-WS Inbound,Main and Murray IB,528
10/24/2018 9:21,DCL Outbound-WS Inbound,Main and Murray IB,528
10/24/2018 9:21,DCL Outbound-WS Inbound,Main and Murray IB,528
10/24/2018 9:21,DCL Outbound-WS Inbound,Main and Murray IB,528
10/24/2018 9:21,DCL Outbound-WS Inbound,Main and Murray IB,528
10/24/2018 9:22,DCL Outbound-WS Inbound,Main and Mather,528
10/24/2018 9:22,DCL Outbound-WS Inbound,Main and Mather,528
10/24/2018 9:22,DCL Outbound-WS Inbound,Main and Mather,528
10/24/2018 9:22,DCL Outbound-WS Inbound,Main and Mather,528
10/24/2018 9:22,DCL Outbound-WS Inbound,Main and Mather,528
10/24/2018 9:23,DCL Outbound-WS Inbound,Main and Cedar IB,528
10/24/2018 9:23,DCL Outbound-WS Inbound,Main and Cedar IB,528
10/24/2018 9:23,DCL Outbound-WS Inbound,Main and Cedar IB,528
10/24/2018 9:23,DCL Outbound-WS Inbound,Main and Cedar IB,528
10/24/2018 9:23,DCL Outbound-WS Inbound,Main and Clarke IB,528
10/24/2018 9:23,DCL Outbound-WS Inbound,Main and Clarke IB,528
10/24/2018 9:23,DCL Outbound-WS Inbound,Main and Clarke IB,528
10/24/2018 9:25,DCL Outbound-WS Inbound,Main and Schiller IB,528
10/24/2018 9:25,DCL Outbound-WS Inbound,Main and Schiller IB,528
10/24/2018 9:25,DCL Outbound-WS Inbound,Main and Schiller IB,528
10/24/2018 9:25,DCL Outbound-WS Inbound,Main and Schiller IB,528
10/24/2018 9:25,DCL Outbound-WS Inbound,Main and Schiller IB,528
10/24/2018 9:26,DCL Outbound-WS Inbound,Main and Crary,528
10/24/2018 9:28,DCL Outbound-WS Inbound,Floral and Cleveland IB,528
10/24/2018 9:28,DCL Outbound-WS Inbound,Floral and Cleveland IB,528
10/24/2018 9:28,DCL Outbound-WS Inbound,Floral and Cleveland IB,528
10/24/2018 9:29,DCL Outbound-WS Inbound,Floral and Cleveland IB,528
10/24/2018 9:29,DCL Outbound-WS Inbound,Floral and Cleveland IB,528
10/24/2018 9:29,DCL Outbound-WS Inbound,Leroy St and Chestnut OB,41
10/24/2018 9:29,DCL Outbound-WS Inbound,Floral and Burbank IB,528
10/24/2018 9:29,DCL Outbound-WS Inbound,Floral and Burbank IB,528
10/24/2018 9:29,DCL Outbound-WS Inbound,Floral and Burbank IB,528
10/24/2018 9:33,DCL Outbound-WS Inbound,UDC IB,41
10/24/2018 9:38,DCL Outbound-WS Inbound,Hawley IB,41
10/24/2018 9:38,DCL Outbound-WS Inbound,Hawley IB,41
10/24/2018 9:39,DCL Outbound-WS Inbound,Hawley IB,41
10/24/2018 9:40,DCL Outbound-WS Inbound,UDC,526
10/24/2018 9:40,DCL Outbound-WS Inbound,Main and Murray IB,41
10/24/2018 9:40,DCL Outbound-WS Inbound,UDC,526
10/24/2018 9:40,DCL Outbound-WS Inbound,Main and Murray IB,41
10/24/2018 9:40,DCL Outbound-WS Inbound,Main and Murray IB,41
10/24/2018 9:40,DCL Outbound-WS Inbound,UDC,526
10/24/2018 9:40,DCL Outbound-WS Inbound,Main and Murray IB,41
10/24/2018 9:42,DCL Outbound-WS Inbound,Main and Mather,41
10/24/2018 9:42,DCL Outbound-WS Inbound,Main and Mather,41
10/24/2018 9:42,DCL Outbound-WS Inbound,UDC,526
10/24/2018 9:42,DCL Outbound-WS Inbound,UDC,526
10/24/2018 9:43,DCL Outbound-WS Inbound,Main and Cedar IB,41
10/24/2018 9:43,DCL Outbound-WS Inbound,UDC,526
10/24/2018 9:43,DCL Outbound-WS Inbound,UDC,526
10/24/2018 9:43,DCL Outbound-WS Inbound,Main and Clarke IB,41
10/24/2018 9:43,DCL Outbound-WS Inbound,Main and Clarke IB,41
10/24/2018 9:43,DCL Outbound-WS Inbound,Main and Clarke IB,41
10/24/2018 9:43,DCL Outbound-WS Inbound,UDC,526
10/24/2018 9:44,DCL Outbound-WS Inbound,UDC,526
10/24/2018 9:44,DCL Outbound-WS Inbound,UDC,526
10/24/2018 9:44,DCL Outbound-WS Inbound,UDC,526
10/24/2018 9:44,DCL Outbound-WS Inbound,Main and Schiller IB,41
10/24/2018 9:44,DCL Outbound-WS Inbound,Main and Schiller IB,41
10/24/2018 9:45,DCL Outbound-WS Inbound,UDC,526
10/24/2018 9:45,DCL Outbound-WS Inbound,UDC,526
10/24/2018 9:46,DCL Outbound-WS Inbound,Main and Helen IB,41
10/24/2018 9:46,DCL Outbound-WS Inbound,Union,21
10/24/2018 9:46,DCL Outbound-WS Inbound,Union,21
10/24/2018 9:46,DCL Outbound-WS Inbound,Union,21
10/24/2018 9:46,DCL Outbound-WS Inbound,Union,21
10/24/2018 9:46,DCL Outbound-WS Inbound,Union,21
10/24/2018 9:46,DCL Outbound-WS Inbound,Union,21
10/24/2018 9:48,DCL Outbound-WS Inbound,Floral and Cleveland IB,41
10/24/2018 9:49,DCL Outbound-WS Inbound,Floral and Burbank IB,41
10/24/2018 9:49,DCL Outbound-WS Inbound,Main and Front OB,890
10/24/2018 9:49,DCL Outbound-WS Inbound,Physical Facilities,21
10/24/2018 9:49,DCL Outbound-WS Inbound,Physical Facilities,21
10/24/2018 9:50,DCL Outbound-WS Inbound,Main and Murray IB,890
10/24/2018 9:50,DCL Outbound-WS Inbound,Main and Murray IB,890
10/24/2018 9:50,DCL Outbound-WS Inbound,Main and Murray IB,890
10/24/2018 9:50,DCL Outbound-WS Inbound,Main and Murray IB,890
10/24/2018 9:51,DCL Outbound-WS Inbound,Main and Cedar IB,890
10/24/2018 9:52,DCL Outbound-WS Inbound,Main and Cedar IB,890
10/24/2018 9:52,DCL Outbound-WS Inbound,Main and Cedar IB,890
10/24/2018 9:52,DCL Outbound-WS Inbound,Main and Clarke IB,890
10/24/2018 9:53,DCL Outbound-WS Inbound,Main and Schiller IB,890
10/24/2018 9:53,DCL Outbound-WS Inbound,Main and Schiller IB,890
10/24/2018 9:53,DCL Outbound-WS Inbound,Main and Schiller IB,890
10/24/2018 9:53,DCL Outbound-WS Inbound,Main and Schiller IB,890
10/24/2018 9:53,DCL Outbound-WS Inbound,Main and Schiller IB,890
10/24/2018 9:55,DCL Outbound-WS Inbound,Main and Helen IB,890
10/24/2018 9:55,DCL Outbound-WS Inbound,Main and Helen IB,890
10/24/2018 9:55,DCL Outbound-WS Inbound,Main and Crary,890
10/24/2018 9:57,DCL Outbound-WS Inbound,Floral and Main IB,890
10/24/2018 9:59,DCL Outbound-WS Inbound,Floral and Roberts IB,890
10/24/2018 10:04,DCL Outbound-WS Inbound,UDC IB,21
10/24/2018 10:06,DCL Outbound-WS Inbound,Union,890
10/24/2018 10:06,DCL Outbound-WS Inbound,Union,890
10/24/2018 10:07,DCL Outbound-WS Inbound,Hawley IB,21
10/24/2018 10:07,DCL Outbound-WS Inbound,Hawley IB,21
10/24/2018 10:07,DCL Outbound-WS Inbound,Hawley IB,21
10/24/2018 10:07,DCL Outbound-WS Inbound,Hawley IB,21
10/24/2018 10:08,DCL Outbound-WS Inbound,Main and Front OB,21
10/24/2018 10:10,DCL Outbound-WS Inbound,Main and Murray IB,21
10/24/2018 10:10,DCL Outbound-WS Inbound,Main and Murray IB,21
10/24/2018 10:10,DCL Outbound-WS Inbound,Main and Murray IB,21
10/24/2018 10:10,DCL Outbound-WS Inbound,Main and Murray IB,21
10/24/2018 10:10,DCL Outbound-WS Inbound,Main and Murray IB,21
10/24/2018 10:10,DCL Outbound-WS Inbound,Main and Murray IB,21
10/24/2018 10:10,DCL Outbound-WS Inbound,Main and Murray IB,21
10/24/2018 10:10,DCL Outbound-WS Inbound,Union,890
10/24/2018 10:11,DCL Outbound-WS Inbound,Union,528
10/24/2018 10:11,DCL Outbound-WS Inbound,Union,528
10/24/2018 10:11,DCL Outbound-WS Inbound,Union,528
10/24/2018 10:11,DCL Outbound-WS Inbound,Union,528
10/24/2018 10:11,DCL Outbound-WS Inbound,Main and Murray IB,21
10/24/2018 10:11,DCL Outbound-WS Inbound,Union,528
10/24/2018 10:11,DCL Outbound-WS Inbound,Union,528
10/24/2018 10:11,DCL Outbound-WS Inbound,Union,528
10/24/2018 10:12,DCL Outbound-WS Inbound,Main and Mather,21
10/24/2018 10:12,DCL Outbound-WS Inbound,Main and Mather,21
10/24/2018 10:12,DCL Outbound-WS Inbound,Main and Mather,21
10/24/2018 10:12,DCL Outbound-WS Inbound,Main and Mather,21
10/24/2018 10:13,DCL Outbound-WS Inbound,Main and Cedar IB,21
10/24/2018 10:13,DCL Outbound-WS Inbound,Main and Clarke IB,21
10/24/2018 10:14,DCL Outbound-WS Inbound,Main and Clarke IB,21
10/24/2018 10:14,DCL Outbound-WS Inbound,Main and Clarke IB,21
10/24/2018 10:14,DCL Outbound-WS Inbound,Union,528
10/24/2018 10:14,DCL Outbound-WS Inbound,Main and Schiller IB,21
10/24/2018 10:14,DCL Outbound-WS Inbound,Main and Schiller IB,21
10/24/2018 10:14,DCL Outbound-WS Inbound,Main and Schiller IB,21
10/24/2018 10:15,DCL Outbound-WS Inbound,Main and Schiller IB,21
10/24/2018 10:15,DCL Outbound-WS Inbound,Main and Schiller IB,21
10/24/2018 10:16,DCL Outbound-WS Inbound,Hawley IB,526
10/24/2018 10:16,DCL Outbound-WS Inbound,Hawley IB,526
10/24/2018 10:16,DCL Outbound-WS Inbound,Main and Helen IB,21
10/24/2018 10:17,DCL Outbound-WS Inbound,Main and Murray IB,526
10/24/2018 10:17,DCL Outbound-WS Inbound,Main and Murray IB,526
10/24/2018 10:17,DCL Outbound-WS Inbound,Main and Murray IB,526
10/24/2018 10:18,DCL Outbound-WS Inbound,Main and Mather,526
10/24/2018 10:18,DCL Outbound-WS Inbound,Main and Mather,526
10/24/2018 10:18,DCL Outbound-WS Inbound,Main and Mather,526
10/24/2018 10:21,DCL Outbound-WS Inbound,Main and Schiller IB,526
10/24/2018 10:21,DCL Outbound-WS Inbound,Main and Schiller IB,526
10/24/2018 10:21,DCL Outbound-WS Inbound,Main and Schiller IB,526
10/24/2018 10:21,DCL Outbound-WS Inbound,Main and Schiller IB,526
10/24/2018 10:21,DCL Outbound-WS Inbound,Main and Schiller IB,526
10/24/2018 10:21,DCL Outbound-WS Inbound,Main and Schiller IB,526
10/24/2018 10:21,DCL Outbound-WS Inbound,Main and Schiller IB,526
10/24/2018 10:26,DCL Outbound-WS Inbound,Floral and Cleveland IB,526
10/24/2018 10:26,DCL Outbound-WS Inbound,Floral and Cleveland IB,526
10/24/2018 10:26,DCL Outbound-WS Inbound,Floral and Cleveland IB,526
10/24/2018 10:29,DCL Outbound-WS Inbound,Union,891
10/24/2018 10:29,DCL Outbound-WS Inbound,Union,891
10/24/2018 10:29,DCL Outbound-WS Inbound,Union,891
10/24/2018 10:29,DCL Outbound-WS Inbound,Union,891
10/24/2018 10:29,DCL Outbound-WS Inbound,Union,891
10/24/2018 10:29,DCL Outbound-WS Inbound,Union,891
10/24/2018 10:29,DCL Outbound-WS Inbound,Union,891
10/24/2018 10:30,DCL Outbound-WS Inbound,Union,891
10/24/2018 10:30,DCL Outbound-WS Inbound,Union,891
10/24/2018 10:31,DCL Outbound-WS Inbound,Union,891
10/24/2018 10:31,DCL Outbound-WS Inbound,Union,891
10/24/2018 10:32,DCL Outbound-WS Inbound,UDC IB,528
10/24/2018 10:32,DCL Outbound-WS Inbound,UDC IB,528
10/24/2018 10:32,DCL Outbound-WS Inbound,UDC IB,528
10/24/2018 10:33,DCL Outbound-WS Inbound,UDC IB,528
10/24/2018 10:33,DCL Outbound-WS Inbound,UDC IB,528
10/24/2018 10:37,DCL Outbound-WS Inbound,Hawley IB,528
10/24/2018 10:38,DCL Outbound-WS Inbound,Hawley IB,528
10/24/2018 10:38,DCL Outbound-WS Inbound,Main and Front OB,528
10/24/2018 10:38,DCL Outbound-WS Inbound,Main and Front OB,528
10/24/2018 10:38,DCL Outbound-WS Inbound,Main and Front OB,528
10/24/2018 10:40,DCL Outbound-WS Inbound,Main and Murray IB,528
10/24/2018 10:40,DCL Outbound-WS Inbound,Main and Murray IB,528
10/24/2018 10:40,DCL Outbound-WS Inbound,Main and Mather,528
10/24/2018 10:40,DCL Outbound-WS Inbound,Main and Mather,528
10/24/2018 10:41,DCL Outbound-WS Inbound,Main and Mather,528
10/24/2018 10:41,DCL Outbound-WS Inbound,Main and Cedar IB,528
10/24/2018 10:42,DCL Outbound-WS Inbound,Main and Clarke IB,528
10/24/2018 10:43,DCL Outbound-WS Inbound,Main and Schiller IB,528
10/24/2018 10:43,DCL Outbound-WS Inbound,Main and Schiller IB,528
10/24/2018 10:43,DCL Outbound-WS Inbound,Main and Schiller IB,528
10/24/2018 10:43,DCL Outbound-WS Inbound,Main and Schiller IB,528
10/24/2018 10:43,DCL Outbound-WS Inbound,Main and Schiller IB,528
10/24/2018 10:43,DCL Outbound-WS Inbound,Main and Schiller IB,528
10/24/2018 10:43,DCL Outbound-WS Inbound,Main and Schiller IB,528
10/24/2018 10:43,DCL Outbound-WS Inbound,Main and Schiller IB,528
10/24/2018 10:43,DCL Outbound-WS Inbound,Main and Schiller IB,528
10/24/2018 10:43,DCL Outbound-WS Inbound,Main and Schiller IB,528
10/24/2018 10:43,DCL Outbound-WS Inbound,Main and Schiller IB,528
10/24/2018 10:43,DCL Outbound-WS Inbound,Main and Schiller IB,528
10/24/2018 10:44,DCL Outbound-WS Inbound,Union,41
10/24/2018 10:44,DCL Outbound-WS Inbound,Union,41
10/24/2018 10:44,DCL Outbound-WS Inbound,Union,41
10/24/2018 10:44,DCL Outbound-WS Inbound,Union,41
10/24/2018 10:44,DCL Outbound-WS Inbound,Union,41
10/24/2018 10:44,DCL Outbound-WS Inbound,Union,41
10/24/2018 10:44,DCL Outbound-WS Inbound,Union,41
10/24/2018 10:44,DCL Outbound-WS Inbound,Union,41
10/24/2018 10:44,DCL Outbound-WS Inbound,Union,41
10/24/2018 10:44,DCL Outbound-WS Inbound,Union,41
10/24/2018 10:44,DCL Outbound-WS Inbound,Union,41
10/24/2018 10:44,DCL Outbound-WS Inbound,Main and Helen IB,528
10/24/2018 10:44,DCL Outbound-WS Inbound,Union,41
10/24/2018 10:44,DCL Outbound-WS Inbound,Union,41
10/24/2018 10:44,DCL Outbound-WS Inbound,Main and Helen IB,528
10/24/2018 10:44,DCL Outbound-WS Inbound,Union,41
10/24/2018 10:44,DCL Outbound-WS Inbound,Union,41
10/24/2018 10:45,DCL Outbound-WS Inbound,Union,41
10/24/2018 10:45,DCL Outbound-WS Inbound,Union,41
10/24/2018 10:45,DCL Outbound-WS Inbound,Main and Crary,528
10/24/2018 10:45,DCL Outbound-WS Inbound,Union,41
10/24/2018 10:45,DCL Outbound-WS Inbound,Union,41
10/24/2018 10:46,DCL Outbound-WS Inbound,Union,41
10/24/2018 10:46,DCL Outbound-WS Inbound,Floral and Main IB,528
10/24/2018 10:46,DCL Outbound-WS Inbound,Floral and Main IB,528
10/24/2018 10:46,DCL Outbound-WS Inbound,Floral and Main IB,528
10/24/2018 10:47,DCL Outbound-WS Inbound,Floral and Cleveland IB,528
10/24/2018 10:47,DCL Outbound-WS Inbound,Floral and Cleveland IB,528
10/24/2018 10:47,DCL Outbound-WS Inbound,Floral and Burbank IB,528
10/24/2018 10:48,DCL Outbound-WS Inbound,Floral and Willow IB,528
10/24/2018 10:49,DCL Outbound-WS Inbound,Physical Facilities,41
10/24/2018 10:49,DCL Outbound-WS Inbound,Floral and Harrison IB,528
10/24/2018 10:49,DCL Outbound-WS Inbound,Floral and St. Charles,528
10/24/2018 10:51,DCL Outbound-WS Inbound,UDC IB,891
10/24/2018 10:53,DCL Outbound-WS Inbound,Hawley IB,891
10/24/2018 10:53,DCL Outbound-WS Inbound,Hawley IB,891
10/24/2018 10:53,DCL Outbound-WS Inbound,Hawley IB,891
10/24/2018 10:53,DCL Outbound-WS Inbound,Hawley IB,891
10/24/2018 10:54,DCL Outbound-WS Inbound,Main and Front OB,891
10/24/2018 10:56,DCL Outbound-WS Inbound,Main and Murray IB,891
10/24/2018 10:56,DCL Outbound-WS Inbound,Main and Murray IB,891
10/24/2018 10:57,DCL Outbound-WS Inbound,Main and Mather,891
10/24/2018 10:58,DCL Outbound-WS Inbound,Main and Cedar IB,891
10/24/2018 10:58,DCL Outbound-WS Inbound,Main and Clarke IB,891
10/24/2018 10:59,DCL Outbound-WS Inbound,Union,55
10/24/2018 10:59,DCL Outbound-WS Inbound,Union,55
10/24/2018 10:59,DCL Outbound-WS Inbound,Union,55
10/24/2018 10:59,DCL Outbound-WS Inbound,Union,55
10/24/2018 10:59,DCL Outbound-WS Inbound,Union,55
10/24/2018 10:59,DCL Outbound-WS Inbound,Union,55
10/24/2018 10:59,DCL Outbound-WS Inbound,Union,55
10/24/2018 10:59,DCL Outbound-WS Inbound,Union,55
10/24/2018 11:00,DCL Outbound-WS Inbound,Union,55
10/24/2018 11:01,DCL Outbound-WS Inbound,Main and Schiller IB,891
10/24/2018 11:01,DCL Outbound-WS Inbound,Main and Schiller IB,891
10/24/2018 11:01,DCL Outbound-WS Inbound,Main and Schiller IB,891
10/24/2018 11:01,DCL Outbound-WS Inbound,Main and Schiller IB,891
10/24/2018 11:02,DCL Outbound-WS Inbound,Main and Helen IB,891
10/24/2018 11:04,DCL Outbound-WS Inbound,UDC IB,41
10/24/2018 11:04,DCL Outbound-WS Inbound,Floral and Main IB,891
10/24/2018 11:04,DCL Outbound-WS Inbound,UDC IB,41
10/24/2018 11:05,DCL Outbound-WS Inbound,Floral and Cleveland IB,891
10/24/2018 11:05,DCL Outbound-WS Inbound,Floral and Burbank IB,891
10/24/2018 11:06,DCL Outbound-WS Inbound,Hawley IB,41
10/24/2018 11:06,DCL Outbound-WS Inbound,Hawley IB,41
10/24/2018 11:07,DCL Outbound-WS Inbound,Floral and Roberts OB,891
10/24/2018 11:07,DCL Outbound-WS Inbound,Floral and Roberts OB,891
10/24/2018 11:08,DCL Outbound-WS Inbound,Main and Murray IB,41
10/24/2018 11:08,DCL Outbound-WS Inbound,Main and Murray IB,41
10/24/2018 11:08,DCL Outbound-WS Inbound,Main and Murray IB,41
10/24/2018 11:08,DCL Outbound-WS Inbound,Main and Murray IB,41
10/24/2018 11:08,DCL Outbound-WS Inbound,Main and Murray IB,41
10/24/2018 11:09,DCL Outbound-WS Inbound,Main and Murray IB,41
10/24/2018 11:10,DCL Outbound-WS Inbound,Main and Mather,41
10/24/2018 11:10,DCL Outbound-WS Inbound,Main and Mather,41
10/24/2018 11:10,DCL Outbound-WS Inbound,Main and Mather,41
10/24/2018 11:11,DCL Outbound-WS Inbound,Main and Cedar IB,41
10/24/2018 11:12,DCL Outbound-WS Inbound,Main and Clarke OB,41
10/24/2018 11:12,DCL Outbound-WS Inbound,Main and Clarke OB,41
10/24/2018 11:12,DCL Outbound-WS Inbound,Main and Clarke OB,41
10/24/2018 11:12,DCL Outbound-WS Inbound,Main and Clarke OB,41
10/24/2018 11:13,DCL Outbound-WS Inbound,Main and Schiller IB,41
10/24/2018 11:13,DCL Outbound-WS Inbound,Main and Schiller IB,41
10/24/2018 11:13,DCL Outbound-WS Inbound,Main and Schiller IB,41
10/24/2018 11:13,DCL Outbound-WS Inbound,Main and Schiller IB,41
10/24/2018 11:14,DCL Outbound-WS Inbound,Leroy St and Chestnut OB,55
10/24/2018 11:14,DCL Outbound-WS Inbound,Union,526
10/24/2018 11:14,DCL Outbound-WS Inbound,Union,526
10/24/2018 11:14,DCL Outbound-WS Inbound,Union,526
10/24/2018 11:14,DCL Outbound-WS Inbound,Union,526
10/24/2018 11:15,DCL Outbound-WS Inbound,Union,526
10/24/2018 11:15,DCL Outbound-WS Inbound,Union,526
10/24/2018 11:15,DCL Outbound-WS Inbound,Leroy St and Murray OB,55
10/24/2018 11:15,DCL Outbound-WS Inbound,Leroy St and Murray OB,55
10/24/2018 11:15,DCL Outbound-WS Inbound,Main and Helen IB,41
10/24/2018 11:17,DCL Outbound-WS Inbound,Riverside and Front,55
10/24/2018 11:18,DCL Outbound-WS Inbound,Floral and Cleveland OB,41
10/24/2018 11:19,DCL Outbound-WS Inbound,UDC IB,55
10/24/2018 11:19,DCL Outbound-WS Inbound,UDC IB,55
10/24/2018 11:19,DCL Outbound-WS Inbound,UDC IB,55
10/24/2018 11:20,DCL Outbound-WS Inbound,UDC IB,55
10/24/2018 11:20,DCL Outbound-WS Inbound,UDC IB,55
10/24/2018 11:23,DCL Outbound-WS Inbound,Hawley IB,55
10/24/2018 11:23,DCL Outbound-WS Inbound,Hawley IB,55
10/24/2018 11:25,DCL Outbound-WS Inbound,Main and Murray IB,55
10/24/2018 11:25,DCL Outbound-WS Inbound,Main and Murray IB,55
10/24/2018 11:25,DCL Outbound-WS Inbound,Main and Murray IB,55
10/24/2018 11:25,DCL Outbound-WS Inbound,Main and Murray IB,55
10/24/2018 11:27,DCL Outbound-WS Inbound,Main and Mather,55
10/24/2018 11:27,DCL Outbound-WS Inbound,Main and Mather,55
10/24/2018 11:27,DCL Outbound-WS Inbound,Main and Mather,55
10/24/2018 11:28,DCL Outbound-WS Inbound,UDC,21
10/24/2018 11:28,DCL Outbound-WS Inbound,UDC,21
10/24/2018 11:28,DCL Outbound-WS Inbound,Main and Cedar IB,55
10/24/2018 11:28,DCL Outbound-WS Inbound,Main and Cedar IB,55
10/24/2018 11:29,DCL Outbound-WS Inbound,Main and Clarke OB,55
10/24/2018 11:29,DCL Outbound-WS Inbound,Main and Clarke OB,55
10/24/2018 11:29,DCL Outbound-WS Inbound,Main and Clarke OB,55
10/24/2018 11:29,DCL Outbound-WS Inbound,Main and Clarke OB,55
10/24/2018 11:29,DCL Outbound-WS Inbound,Main and Clarke OB,55
10/24/2018 11:30,DCL Outbound-WS Inbound,Main and Schiller IB,55
10/24/2018 11:30,DCL Outbound-WS Inbound,Main and Schiller IB,55
10/24/2018 11:30,DCL Outbound-WS Inbound,Main and Schiller IB,55
10/24/2018 11:30,DCL Outbound-WS Inbound,Main and Schiller IB,55
10/24/2018 11:33,DCL Outbound-WS Inbound,Main and Front OB,21
10/24/2018 11:34,DCL Outbound-WS Inbound,Main and Murray IB,21
10/24/2018 11:34,DCL Outbound-WS Inbound,UDC,526
10/24/2018 11:34,DCL Outbound-WS Inbound,Main and Murray IB,21
10/24/2018 11:34,DCL Outbound-WS Inbound,Main and Murray IB,21
10/24/2018 11:34,DCL Outbound-WS Inbound,Main and Murray IB,21
10/24/2018 11:34,DCL Outbound-WS Inbound,Floral and Main IB,55
10/24/2018 11:34,DCL Outbound-WS Inbound,Floral and Main IB,55
10/24/2018 11:34,DCL Outbound-WS Inbound,Floral and Main IB,55
10/24/2018 11:35,DCL Outbound-WS Inbound,UDC,526
10/24/2018 11:35,DCL Outbound-WS Inbound,Main and Mather,21
10/24/2018 11:35,DCL Outbound-WS Inbound,Main and Mather,21
10/24/2018 11:35,DCL Outbound-WS Inbound,Main and Mather,21
10/24/2018 11:35,DCL Outbound-WS Inbound,Floral and Cleveland OB,55
10/24/2018 11:36,DCL Outbound-WS Inbound,Main and Cedar IB,21
10/24/2018 11:36,DCL Outbound-WS Inbound,Main and Cedar IB,21
10/24/2018 11:36,DCL Outbound-WS Inbound,Main and Cedar IB,21
10/24/2018 11:36,DCL Outbound-WS Inbound,Main and Cedar IB,21
10/24/2018 11:36,DCL Outbound-WS Inbound,Main and Cedar IB,21
10/24/2018 11:36,DCL Outbound-WS Inbound,Floral and Willow IB,55
10/24/2018 11:36,DCL Outbound-WS Inbound,Floral and Willow IB,55
10/24/2018 11:37,DCL Outbound-WS Inbound,Floral and Roberts OB,55
10/24/2018 11:38,DCL Outbound-WS Inbound,Hawley IB,526
10/24/2018 11:38,DCL Outbound-WS Inbound,Hawley IB,526
10/24/2018 11:38,DCL Outbound-WS Inbound,Hawley IB,526
10/24/2018 11:38,DCL Outbound-WS Inbound,Main and Schiller IB,21
10/24/2018 11:38,DCL Outbound-WS Inbound,Main and Schiller IB,21
10/24/2018 11:38,DCL Outbound-WS Inbound,Main and Schiller IB,21
10/24/2018 11:38,DCL Outbound-WS Inbound,Main and Schiller IB,21
10/24/2018 11:38,DCL Outbound-WS Inbound,Main and Schiller IB,21
10/24/2018 11:39,DCL Outbound-WS Inbound,Main and Front OB,526
10/24/2018 11:40,DCL Outbound-WS Inbound,Main and Murray IB,526
10/24/2018 11:40,DCL Outbound-WS Inbound,Main and Murray IB,526
10/24/2018 11:40,DCL Outbound-WS Inbound,Main and Murray IB,526
10/24/2018 11:40,DCL Outbound-WS Inbound,Main and Murray IB,526
10/24/2018 11:40,DCL Outbound-WS Inbound,Main and Murray IB,526
10/24/2018 11:40,DCL Outbound-WS Inbound,Main and Murray IB,526
10/24/2018 11:41,DCL Outbound-WS Inbound,Main and Mather,526
10/24/2018 11:41,DCL Outbound-WS Inbound,Main and Mather,526
10/24/2018 11:41,DCL Outbound-WS Inbound,Main and Mather,526
10/24/2018 11:41,DCL Outbound-WS Inbound,Main and Mather,526
10/24/2018 11:41,DCL Outbound-WS Inbound,Floral and Cleveland OB,21
10/24/2018 11:43,DCL Outbound-WS Inbound,Main and Cedar IB,526
10/24/2018 11:43,DCL Outbound-WS Inbound,Main and Cedar IB,526
10/24/2018 11:43,DCL Outbound-WS Inbound,Union,41
10/24/2018 11:43,DCL Outbound-WS Inbound,Union,41
10/24/2018 11:43,DCL Outbound-WS Inbound,Union,41
10/24/2018 11:43,DCL Outbound-WS Inbound,Union,41
10/24/2018 11:43,DCL Outbound-WS Inbound,Union,41
10/24/2018 11:43,DCL Outbound-WS Inbound,Union,41
10/24/2018 11:43,DCL Outbound-WS Inbound,Academic A,55
10/24/2018 11:43,DCL Outbound-WS Inbound,Union,41
10/24/2018 11:43,DCL Outbound-WS Inbound,Union,41
10/24/2018 11:43,DCL Outbound-WS Inbound,Union,41
10/24/2018 11:43,DCL Outbound-WS Inbound,Union,41
10/24/2018 11:43,DCL Outbound-WS Inbound,Main and Clarke OB,526
10/24/2018 11:43,DCL Outbound-WS Inbound,Main and Clarke OB,526
10/24/2018 11:43,DCL Outbound-WS Inbound,Main and Clarke OB,526
10/24/2018 11:43,DCL Outbound-WS Inbound,Main and Clarke OB,526
10/24/2018 11:43,DCL Outbound-WS Inbound,Union,41
10/24/2018 11:44,DCL Outbound-WS Inbound,Union,41
10/24/2018 11:44,DCL Outbound-WS Inbound,Main and Schiller IB,526
10/24/2018 11:46,DCL Outbound-WS Inbound,Union,55
10/24/2018 11:46,DCL Outbound-WS Inbound,Union,55
10/24/2018 11:46,DCL Outbound-WS Inbound,Union,55
10/24/2018 11:46,DCL Outbound-WS Inbound,Union,55
10/24/2018 11:46,DCL Outbound-WS Inbound,Union,55
10/24/2018 11:46,DCL Outbound-WS Inbound,Union,55
10/24/2018 11:46,DCL Outbound-WS Inbound,Main and Helen IB,526
10/24/2018 11:46,DCL Outbound-WS Inbound,Union,55
10/24/2018 11:46,DCL Outbound-WS Inbound,Union,55
10/24/2018 11:46,DCL Outbound-WS Inbound,Union,55
10/24/2018 11:47,DCL Outbound-WS Inbound,Union,55
10/24/2018 11:47,DCL Outbound-WS Inbound,Union,55
10/24/2018 11:47,DCL Outbound-WS Inbound,UDC IB,528
10/24/2018 11:47,DCL Outbound-WS Inbound,UDC IB,528
10/24/2018 11:48,DCL Outbound-WS Inbound,Main and Crary,526
10/24/2018 11:49,DCL Outbound-WS Inbound,Floral and Cleveland IB,526
10/24/2018 11:49,DCL Outbound-WS Inbound,Floral and Cleveland IB,526
10/24/2018 11:49,DCL Outbound-WS Inbound,Floral and Cleveland IB,526
10/24/2018 11:50,DCL Outbound-WS Inbound,Floral and Burbank IB,526
10/24/2018 11:50,DCL Outbound-WS Inbound,Floral and Burbank IB,526
10/24/2018 11:51,DCL Outbound-WS Inbound,Floral and Cook,526
10/24/2018 11:52,DCL Outbound-WS Inbound,Hawley IB,528
10/24/2018 11:52,DCL Outbound-WS Inbound,Hawley IB,528
10/24/2018 11:52,DCL Outbound-WS Inbound,Main and Front OB,528
10/24/2018 11:54,DCL Outbound-WS Inbound,Main and Murray IB,528
10/24/2018 11:54,DCL Outbound-WS Inbound,Main and Murray IB,528
10/24/2018 11:54,DCL Outbound-WS Inbound,Main and Murray IB,528
10/24/2018 11:54,DCL Outbound-WS Inbound,Main and Murray IB,528
10/24/2018 11:54,DCL Outbound-WS Inbound,Main and Murray IB,528
10/24/2018 11:54,DCL Outbound-WS Inbound,Main and Murray IB,528
10/24/2018 11:54,DCL Outbound-WS Inbound,Main and Murray IB,528
10/24/2018 11:55,DCL Outbound-WS Inbound,Main and Clarke OB,528
10/24/2018 11:56,DCL Outbound-WS Inbound,Main and Schiller IB,528
10/24/2018 11:59,DCL Outbound-WS Inbound,Leroy St and Chestnut OB,41
10/24/2018 12:00,DCL Outbound-WS Inbound,Leroy St and Murray OB,41
10/24/2018 12:07,DCL Outbound-WS Inbound,Hawley IB,41
10/24/2018 12:10,DCL Outbound-WS Inbound,Main and Murray IB,41
10/24/2018 12:10,DCL Outbound-WS Inbound,Main and Murray IB,41
10/24/2018 12:10,DCL Outbound-WS Inbound,Main and Murray IB,41
10/24/2018 12:10,DCL Outbound-WS Inbound,Main and Murray IB,41
10/24/2018 12:10,DCL Outbound-WS Inbound,Main and Murray IB,41
10/24/2018 12:12,DCL Outbound-WS Inbound,Main and Mather,41
10/24/2018 12:12,DCL Outbound-WS Inbound,Main and Mather,41
10/24/2018 12:12,DCL Outbound-WS Inbound,Main and Mather,41
10/24/2018 12:13,DCL Outbound-WS Inbound,Main and Cedar IB,41
10/24/2018 12:13,DCL Outbound-WS Inbound,Main and Cedar IB,41
10/24/2018 12:14,DCL Outbound-WS Inbound,Main and Clarke IB,41
10/24/2018 12:14,DCL Outbound-WS Inbound,Main and Clarke IB,41
10/24/2018 12:14,DCL Outbound-WS Inbound,Union,526
10/24/2018 12:14,DCL Outbound-WS Inbound,Union,526
10/24/2018 12:14,DCL Outbound-WS Inbound,Union,526
10/24/2018 12:14,DCL Outbound-WS Inbound,Union,526
10/24/2018 12:15,DCL Outbound-WS Inbound,Main and Schiller IB,41
10/24/2018 12:15,DCL Outbound-WS Inbound,Main and Schiller IB,41
10/24/2018 12:15,DCL Outbound-WS Inbound,Main and Schiller IB,41
10/24/2018 12:15,DCL Outbound-WS Inbound,Main and Schiller IB,41
10/24/2018 12:15,DCL Outbound-WS Inbound,Main and Schiller IB,41
10/24/2018 12:15,DCL Outbound-WS Inbound,Main and Schiller IB,41
10/24/2018 12:16,DCL Outbound-WS Inbound,Main and Schiller IB,41
10/24/2018 12:16,DCL Outbound-WS Inbound,Main and Schiller IB,41
10/24/2018 12:16,DCL Outbound-WS Inbound,Main and Schiller IB,41
10/24/2018 12:16,DCL Outbound-WS Inbound,Union,526
10/24/2018 12:18,DCL Outbound-WS Inbound,Main and Helen IB,41
10/24/2018 12:20,DCL Outbound-WS Inbound,Floral and Cleveland IB,41
10/24/2018 12:21,DCL Outbound-WS Inbound,Floral and Cleveland IB,41
10/24/2018 12:29,DCL Outbound-WS Inbound,Union,55
10/24/2018 12:29,DCL Outbound-WS Inbound,Union,55
10/24/2018 12:30,DCL Outbound-WS Inbound,Union,55
10/24/2018 12:30,DCL Outbound-WS Inbound,Leroy St and Chestnut OB,526
10/24/2018 12:33,DCL Outbound-WS Inbound,Physical Facilities,55
10/24/2018 12:33,DCL Outbound-WS Inbound,Physical Facilities,55
10/24/2018 12:35,DCL Outbound-WS Inbound,UDC IB,526
10/24/2018 12:35,DCL Outbound-WS Inbound,UDC IB,526
10/24/2018 12:35,DCL Outbound-WS Inbound,UDC IB,526
10/24/2018 12:35,DCL Outbound-WS Inbound,UDC IB,526
10/24/2018 12:35,DCL Outbound-WS Inbound,UDC IB,526
10/24/2018 12:35,DCL Outbound-WS Inbound,UDC IB,526
10/24/2018 12:35,DCL Outbound-WS Inbound,UDC IB,526
10/24/2018 12:35,DCL Outbound-WS Inbound,UDC IB,526
10/24/2018 12:35,DCL Outbound-WS Inbound,UDC IB,526
10/24/2018 12:36,DCL Outbound-WS Inbound,UDC IB,526
10/24/2018 12:36,DCL Outbound-WS Inbound,UDC IB,526
10/24/2018 12:37,DCL Outbound-WS Inbound,Hawley IB,526
10/24/2018 12:37,DCL Outbound-WS Inbound,Hawley IB,526
10/24/2018 12:37,DCL Outbound-WS Inbound,Hawley IB,526
10/24/2018 12:38,DCL Outbound-WS Inbound,Main and Front OB,526
10/24/2018 12:39,DCL Outbound-WS Inbound,Main and Murray IB,526
10/24/2018 12:39,DCL Outbound-WS Inbound,Main and Murray IB,526
10/24/2018 12:39,DCL Outbound-WS Inbound,Main and Murray IB,526
10/24/2018 12:39,DCL Outbound-WS Inbound,Main and Murray IB,526
10/24/2018 12:39,DCL Outbound-WS Inbound,Main and Murray IB,526
10/24/2018 12:39,DCL Outbound-WS Inbound,Main and Murray IB,526
10/24/2018 12:39,DCL Outbound-WS Inbound,Main and Murray IB,526
10/24/2018 12:40,DCL Outbound-WS Inbound,Main and Mather,526
10/24/2018 12:40,DCL Outbound-WS Inbound,Main and Mather,526
10/24/2018 12:40,DCL Outbound-WS Inbound,Main and Mather,526
10/24/2018 12:40,DCL Outbound-WS Inbound,Main and Mather,526
10/24/2018 12:40,DCL Outbound-WS Inbound,Main and Mather,526
10/24/2018 12:41,DCL Outbound-WS Inbound,Main and Cedar IB,526
10/24/2018 12:41,DCL Outbound-WS Inbound,Main and Cedar IB,526
10/24/2018 12:41,DCL Outbound-WS Inbound,Main and Cedar IB,526
10/24/2018 12:41,DCL Outbound-WS Inbound,Main and Cedar IB,526
10/24/2018 12:41,DCL Outbound-WS Inbound,Main and Cedar IB,526
10/24/2018 12:41,DCL Outbound-WS Inbound,Main and Cedar IB,526
10/24/2018 12:41,DCL Outbound-WS Inbound,Main and Cedar IB,526
10/24/2018 12:42,DCL Outbound-WS Inbound,Main and Clarke IB,526
10/24/2018 12:42,DCL Outbound-WS Inbound,Main and Clarke IB,526
10/24/2018 12:42,DCL Outbound-WS Inbound,Main and Clarke IB,526
10/24/2018 12:42,DCL Outbound-WS Inbound,Main and Clarke IB,526
10/24/2018 12:42,DCL Outbound-WS Inbound,Main and Clarke IB,526
10/24/2018 12:42,DCL Outbound-WS Inbound,Main and Clarke IB,526
10/24/2018 12:42,DCL Outbound-WS Inbound,Main and Clarke IB,526
10/24/2018 12:43,DCL Outbound-WS Inbound,Union,21
10/24/2018 12:43,DCL Outbound-WS Inbound,Union,21
10/24/2018 12:43,DCL Outbound-WS Inbound,Union,21
10/24/2018 12:43,DCL Outbound-WS Inbound,Union,21
10/24/2018 12:43,DCL Outbound-WS Inbound,Union,21
10/24/2018 12:43,DCL Outbound-WS Inbound,Union,21
10/24/2018 12:43,DCL Outbound-WS Inbound,Leroy St and Murray OB,55
10/24/2018 12:43,DCL Outbound-WS Inbound,Main and Schiller IB,526
10/24/2018 12:43,DCL Outbound-WS Inbound,Main and Schiller IB,526
10/24/2018 12:43,DCL Outbound-WS Inbound,Main and Schiller IB,526
10/24/2018 12:43,DCL Outbound-WS Inbound,Main and Schiller IB,526
10/24/2018 12:43,DCL Outbound-WS Inbound,Main and Schiller IB,526
10/24/2018 12:43,DCL Outbound-WS Inbound,Main and Schiller IB,526
10/24/2018 12:44,DCL Outbound-WS Inbound,Main and Schiller IB,526
10/24/2018 12:44,DCL Outbound-WS Inbound,Main and Schiller IB,526
10/24/2018 12:44,DCL Outbound-WS Inbound,Main and Schiller IB,526
10/24/2018 12:44,DCL Outbound-WS Inbound,Main and Schiller IB,526
10/24/2018 12:44,DCL Outbound-WS Inbound,Union,21
10/24/2018 12:44,DCL Outbound-WS Inbound,Main and Schiller IB,526
10/24/2018 12:44,DCL Outbound-WS Inbound,Union,21
10/24/2018 12:45,DCL Outbound-WS Inbound,Union,21
10/24/2018 12:45,DCL Outbound-WS Inbound,Union,21
10/24/2018 12:47,DCL Outbound-WS Inbound,Main and Helen IB,526
10/24/2018 12:47,DCL Outbound-WS Inbound,UDC IB,55
10/24/2018 12:47,DCL Outbound-WS Inbound,UDC IB,55
10/24/2018 12:47,DCL Outbound-WS Inbound,Physical Facilities,21
10/24/2018 12:47,DCL Outbound-WS Inbound,UDC IB,55
10/24/2018 12:47,DCL Outbound-WS Inbound,UDC IB,55
10/24/2018 12:48,DCL Outbound-WS Inbound,UDC IB,55
10/24/2018 12:49,DCL Outbound-WS Inbound,Floral and Cleveland IB,526
10/24/2018 12:49,DCL Outbound-WS Inbound,Floral and Cleveland IB,526
10/24/2018 12:49,DCL Outbound-WS Inbound,Floral and Cleveland IB,526
10/24/2018 12:50,DCL Outbound-WS Inbound,UDC IB,55
10/24/2018 12:53,DCL Outbound-WS Inbound,Hawley IB,55
10/24/2018 12:54,DCL Outbound-WS Inbound,Main and Front OB,55
10/24/2018 12:54,DCL Outbound-WS Inbound,Main and Front OB,55
10/24/2018 12:54,DCL Outbound-WS Inbound,Main and Front OB,55
10/24/2018 12:54,DCL Outbound-WS Inbound,Main and Front OB,55
10/24/2018 12:56,DCL Outbound-WS Inbound,Main and Mather,55
10/24/2018 12:56,DCL Outbound-WS Inbound,Main and Mather,55
10/24/2018 12:58,DCL Outbound-WS Inbound,Main and Cedar IB,55
10/24/2018 12:58,DCL Outbound-WS Inbound,Leroy St and Chestnut OB,21
10/24/2018 12:58,DCL Outbound-WS Inbound,Main and Cedar IB,55
10/24/2018 12:58,DCL Outbound-WS Inbound,Main and Cedar IB,55
10/24/2018 12:58,DCL Outbound-WS Inbound,Main and Cedar IB,55
10/24/2018 12:58,DCL Outbound-WS Inbound,Main and Clarke IB,55
10/24/2018 12:58,DCL Outbound-WS Inbound,Main and Clarke IB,55
10/24/2018 13:00,DCL Outbound-WS Inbound,Main and Schiller IB,55
10/24/2018 13:00,DCL Outbound-WS Inbound,Main and Schiller IB,55
10/24/2018 13:00,DCL Outbound-WS Inbound,Main and Schiller IB,55
10/24/2018 13:01,DCL Outbound-WS Inbound,UDC IB,21
10/24/2018 13:09,DCL Outbound-WS Inbound,Main and Front OB,21
10/24/2018 13:10,DCL Outbound-WS Inbound,Main and Murray IB,21
10/24/2018 13:10,DCL Outbound-WS Inbound,Main and Murray IB,21
10/24/2018 13:10,DCL Outbound-WS Inbound,Main and Murray IB,21
10/24/2018 13:12,DCL Outbound-WS Inbound,Main and Mather,21
10/24/2018 13:12,DCL Outbound-WS Inbound,Main and Mather,21
10/24/2018 13:12,DCL Outbound-WS Inbound,Union,55
10/24/2018 13:12,DCL Outbound-WS Inbound,Union,55
10/24/2018 13:12,DCL Outbound-WS Inbound,Union,55
10/24/2018 13:12,DCL Outbound-WS Inbound,Union,55
10/24/2018 13:12,DCL Outbound-WS Inbound,Union,55
10/24/2018 13:13,DCL Outbound-WS Inbound,Union,55
10/24/2018 13:13,DCL Outbound-WS Inbound,Main and Cedar IB,21
10/24/2018 13:13,DCL Outbound-WS Inbound,Union,55
10/24/2018 13:13,DCL Outbound-WS Inbound,Union,55
10/24/2018 13:13,DCL Outbound-WS Inbound,Union,55
10/24/2018 13:13,DCL Outbound-WS Inbound,Union,55
10/24/2018 13:13,DCL Outbound-WS Inbound,Union,55
10/24/2018 13:13,DCL Outbound-WS Inbound,Union,55
10/24/2018 13:13,DCL Outbound-WS Inbound,Union,55
10/24/2018 13:13,DCL Outbound-WS Inbound,Main and Clarke IB,21
10/24/2018 13:13,DCL Outbound-WS Inbound,Main and Clarke IB,21
10/24/2018 13:14,DCL Outbound-WS Inbound,Main and Clarke IB,21
10/24/2018 13:14,DCL Outbound-WS Inbound,Main and Schiller IB,21
10/24/2018 13:14,DCL Outbound-WS Inbound,Main and Schiller IB,21
10/24/2018 13:16,DCL Outbound-WS Inbound,Main and Helen IB,21
10/24/2018 13:16,DCL Outbound-WS Inbound,Main and Helen IB,21
10/24/2018 13:19,DCL Outbound-WS Inbound,Union,41
10/24/2018 13:19,DCL Outbound-WS Inbound,Union,41
10/24/2018 13:19,DCL Outbound-WS Inbound,Union,41
10/24/2018 13:19,DCL Outbound-WS Inbound,Union,41
10/24/2018 13:19,DCL Outbound-WS Inbound,Union,41
10/24/2018 13:19,DCL Outbound-WS Inbound,Union,41
10/24/2018 13:19,DCL Outbound-WS Inbound,Union,41
10/24/2018 13:19,DCL Outbound-WS Inbound,Union,41
10/24/2018 13:19,DCL Outbound-WS Inbound,Union,41
10/24/2018 13:19,DCL Outbound-WS Inbound,Union,41
10/24/2018 13:19,DCL Outbound-WS Inbound,Union,41
10/24/2018 13:19,DCL Outbound-WS Inbound,Union,41
10/24/2018 13:19,DCL Outbound-WS Inbound,Union,41
10/24/2018 13:19,DCL Outbound-WS Inbound,Union,41
10/24/2018 13:19,DCL Outbound-WS Inbound,Union,41
10/24/2018 13:19,DCL Outbound-WS Inbound,Union,41
10/24/2018 13:22,DCL Outbound-WS Inbound,Denny''s,41
10/24/2018 13:27,DCL Outbound-WS Inbound,Union,21
10/24/2018 13:27,DCL Outbound-WS Inbound,Union,21
10/24/2018 13:27,DCL Outbound-WS Inbound,Union,21
10/24/2018 13:27,DCL Outbound-WS Inbound,Union,21
10/24/2018 13:27,DCL Outbound-WS Inbound,Union,21
10/24/2018 13:27,DCL Outbound-WS Inbound,Union,21
10/24/2018 13:27,DCL Outbound-WS Inbound,Union,21
10/24/2018 13:27,DCL Outbound-WS Inbound,Union,21
10/24/2018 13:27,DCL Outbound-WS Inbound,Union,21
10/24/2018 13:27,DCL Outbound-WS Inbound,Union,21
10/24/2018 13:27,DCL Outbound-WS Inbound,Union,21
10/24/2018 13:27,DCL Outbound-WS Inbound,Union,21
10/24/2018 13:27,DCL Outbound-WS Inbound,Union,21
10/24/2018 13:34,DCL Outbound-WS Inbound,Leroy St and Murray OB,41
10/24/2018 13:36,DCL Outbound-WS Inbound,Riverside and Front,41
10/24/2018 13:37,DCL Outbound-WS Inbound,UDC IB,41
10/24/2018 13:40,DCL Outbound-WS Inbound,Hawley IB,41
10/24/2018 13:41,DCL Outbound-WS Inbound,Main and Murray IB,41
10/24/2018 13:41,DCL Outbound-WS Inbound,Main and Murray IB,41
10/24/2018 13:41,DCL Outbound-WS Inbound,Main and Murray IB,41
10/24/2018 13:41,DCL Outbound-WS Inbound,Main and Murray IB,41
10/24/2018 13:42,DCL Outbound-WS Inbound,Main and Mather,41
10/24/2018 13:42,DCL Outbound-WS Inbound,Main and Mather,41
10/24/2018 13:42,DCL Outbound-WS Inbound,Main and Mather,41
10/24/2018 13:42,DCL Outbound-WS Inbound,Main and Mather,41
10/24/2018 13:42,DCL Outbound-WS Inbound,Main and Mather,41
10/24/2018 13:43,DCL Outbound-WS Inbound,Main and Cedar IB,41
10/24/2018 13:43,DCL Outbound-WS Inbound,Main and Cedar IB,41
10/24/2018 13:43,DCL Outbound-WS Inbound,Main and Cedar IB,41
10/24/2018 13:43,DCL Outbound-WS Inbound,Main and Cedar IB,41
10/24/2018 13:43,DCL Outbound-WS Inbound,Main and Cedar IB,41
10/24/2018 13:43,DCL Outbound-WS Inbound,Main and Cedar IB,41
10/24/2018 13:43,DCL Outbound-WS Inbound,Main and Cedar IB,41
10/24/2018 13:43,DCL Outbound-WS Inbound,Main and Cedar IB,41
10/24/2018 13:44,DCL Outbound-WS Inbound,Main and Clarke IB,41
10/24/2018 13:44,DCL Outbound-WS Inbound,Main and Clarke IB,41
10/24/2018 13:44,DCL Outbound-WS Inbound,Main and Clarke IB,41
10/24/2018 13:44,DCL Outbound-WS Inbound,Main and Clarke IB,41
10/24/2018 13:45,DCL Outbound-WS Inbound,Main and Schiller IB,41
10/24/2018 13:45,DCL Outbound-WS Inbound,Main and Schiller IB,41
10/24/2018 13:45,DCL Outbound-WS Inbound,Main and Schiller IB,41
10/24/2018 13:45,DCL Outbound-WS Inbound,Main and Schiller IB,41
10/24/2018 13:45,DCL Outbound-WS Inbound,Main and Schiller IB,41
10/24/2018 13:45,DCL Outbound-WS Inbound,Main and Schiller IB,41
10/24/2018 13:45,DCL Outbound-WS Inbound,Main and Schiller IB,41
10/24/2018 13:45,DCL Outbound-WS Inbound,Main and Schiller IB,41
10/24/2018 13:45,DCL Outbound-WS Inbound,Main and Schiller IB,41
10/24/2018 13:45,DCL Outbound-WS Inbound,Main and Schiller IB,41
10/24/2018 13:45,DCL Outbound-WS Inbound,Main and Schiller IB,41
10/24/2018 13:45,DCL Outbound-WS Inbound,Main and Schiller IB,41
10/24/2018 13:46,DCL Outbound-WS Inbound,Union,526
10/24/2018 13:46,DCL Outbound-WS Inbound,Union,526
10/24/2018 13:46,DCL Outbound-WS Inbound,Union,526
10/24/2018 13:46,DCL Outbound-WS Inbound,Union,526
10/24/2018 13:46,DCL Outbound-WS Inbound,Union,526
10/24/2018 13:46,DCL Outbound-WS Inbound,Union,526
10/24/2018 13:46,DCL Outbound-WS Inbound,Union,526
10/24/2018 13:46,DCL Outbound-WS Inbound,Union,526
10/24/2018 13:46,DCL Outbound-WS Inbound,Union,526
10/24/2018 13:46,DCL Outbound-WS Inbound,Union,526
10/24/2018 13:46,DCL Outbound-WS Inbound,Union,526
10/24/2018 13:46,DCL Outbound-WS Inbound,Union,526
10/24/2018 13:46,DCL Outbound-WS Inbound,Union,526
10/24/2018 13:46,DCL Outbound-WS Inbound,Union,526
10/24/2018 13:47,DCL Outbound-WS Inbound,Union,526
10/24/2018 13:47,DCL Outbound-WS Inbound,Union,526
10/24/2018 13:47,DCL Outbound-WS Inbound,Union,526
10/24/2018 13:47,DCL Outbound-WS Inbound,Union,526
10/24/2018 13:47,DCL Outbound-WS Inbound,Union,526
10/24/2018 13:48,DCL Outbound-WS Inbound,Main and Crary,41
10/24/2018 13:49,DCL Outbound-WS Inbound,Floral and Main IB,41
10/24/2018 13:49,DCL Outbound-WS Inbound,Floral and Main IB,41
10/24/2018 13:49,DCL Outbound-WS Inbound,Floral and Main IB,41
10/24/2018 13:50,DCL Outbound-WS Inbound,Floral and Cleveland IB,41
10/24/2018 13:50,DCL Outbound-WS Inbound,Floral and Cleveland IB,41
10/24/2018 13:50,DCL Outbound-WS Inbound,Floral and Cleveland IB,41
10/24/2018 13:50,DCL Outbound-WS Inbound,Floral and Cleveland IB,41
10/24/2018 13:51,DCL Outbound-WS Inbound,Floral and Roberts OB,41
10/24/2018 13:53,DCL Outbound-WS Inbound,Floral and Harrison IB,41
10/24/2018 13:54,DCL Outbound-WS Inbound,Floral and Cook,41
10/24/2018 14:00,DCL Outbound-WS Inbound,Leroy St and Murray OB,526
10/24/2018 14:05,DCL Outbound-WS Inbound,UDC IB,526
10/24/2018 14:05,DCL Outbound-WS Inbound,UDC IB,526
10/24/2018 14:05,DCL Outbound-WS Inbound,UDC IB,526
10/24/2018 14:06,DCL Outbound-WS Inbound,UDC IB,526
10/24/2018 14:08,DCL Outbound-WS Inbound,Main and Front OB,526
10/24/2018 14:09,DCL Outbound-WS Inbound,Main and Murray IB,526
10/24/2018 14:09,DCL Outbound-WS Inbound,Main and Murray IB,526
10/24/2018 14:09,DCL Outbound-WS Inbound,Main and Murray IB,526
10/24/2018 14:09,DCL Outbound-WS Inbound,Main and Murray IB,526
10/24/2018 14:09,DCL Outbound-WS Inbound,Main and Murray IB,526
10/24/2018 14:09,DCL Outbound-WS Inbound,Main and Mather,526
10/24/2018 14:09,DCL Outbound-WS Inbound,Main and Mather,526
10/24/2018 14:11,DCL Outbound-WS Inbound,Main and Cedar IB,526
10/24/2018 14:11,DCL Outbound-WS Inbound,Main and Cedar IB,526
10/24/2018 14:11,DCL Outbound-WS Inbound,Main and Cedar IB,526
10/24/2018 14:11,DCL Outbound-WS Inbound,Main and Cedar IB,526
10/24/2018 14:11,DCL Outbound-WS Inbound,Main and Cedar IB,526
10/24/2018 14:13,DCL Outbound-WS Inbound,Main and Schiller IB,526
10/24/2018 14:13,DCL Outbound-WS Inbound,Main and Schiller IB,526
10/24/2018 14:13,DCL Outbound-WS Inbound,Main and Schiller IB,526
10/24/2018 14:14,DCL Outbound-WS Inbound,Union,891
10/24/2018 14:14,DCL Outbound-WS Inbound,Union,891
10/24/2018 14:14,DCL Outbound-WS Inbound,Union,891
10/24/2018 14:14,DCL Outbound-WS Inbound,Union,891
10/24/2018 14:14,DCL Outbound-WS Inbound,Union,891
10/24/2018 14:14,DCL Outbound-WS Inbound,Union,891
10/24/2018 14:14,DCL Outbound-WS Inbound,Union,891
10/24/2018 14:14,DCL Outbound-WS Inbound,Union,891
10/24/2018 14:14,DCL Outbound-WS Inbound,Union,891
10/24/2018 14:14,DCL Outbound-WS Inbound,Union,891
10/24/2018 14:14,DCL Outbound-WS Inbound,Union,891
10/24/2018 14:14,DCL Outbound-WS Inbound,Union,891
10/24/2018 14:14,DCL Outbound-WS Inbound,Union,891
10/24/2018 14:14,DCL Outbound-WS Inbound,Union,891
10/24/2018 14:14,DCL Outbound-WS Inbound,Union,891
10/24/2018 14:14,DCL Outbound-WS Inbound,Union,891
10/24/2018 14:14,DCL Outbound-WS Inbound,Union,891
10/24/2018 14:14,DCL Outbound-WS Inbound,Main and Helen IB,526
10/24/2018 14:14,DCL Outbound-WS Inbound,Main and Helen IB,526
10/24/2018 14:14,DCL Outbound-WS Inbound,Union,891
10/24/2018 14:14,DCL Outbound-WS Inbound,Union,891
10/24/2018 14:14,DCL Outbound-WS Inbound,Union,891
10/24/2018 14:15,DCL Outbound-WS Inbound,Union,891
10/24/2018 14:15,DCL Outbound-WS Inbound,Union,891
10/24/2018 14:15,DCL Outbound-WS Inbound,Union,891
10/24/2018 14:15,DCL Outbound-WS Inbound,Union,891
10/24/2018 14:15,DCL Outbound-WS Inbound,Union,891
10/24/2018 14:15,DCL Outbound-WS Inbound,Union,891
10/24/2018 14:15,DCL Outbound-WS Inbound,Union,891
10/24/2018 14:15,DCL Outbound-WS Inbound,Union,891
10/24/2018 14:15,DCL Outbound-WS Inbound,Union,891
10/24/2018 14:15,DCL Outbound-WS Inbound,Union,891
10/24/2018 14:16,DCL Outbound-WS Inbound,Union,891
10/24/2018 14:17,DCL Outbound-WS Inbound,Engineering Bldg,891
10/24/2018 14:19,DCL Outbound-WS Inbound,Floral and Cook,526
10/24/2018 14:20,DCL Outbound-WS Inbound,Physical Facilities,891
10/24/2018 14:36,DCL Outbound-WS Inbound,UDC IB,891
10/24/2018 14:37,DCL Outbound-WS Inbound,UDC IB,891
10/24/2018 14:37,DCL Outbound-WS Inbound,UDC IB,891
10/24/2018 14:37,DCL Outbound-WS Inbound,UDC IB,891
10/24/2018 14:37,DCL Outbound-WS Inbound,UDC IB,891
10/24/2018 14:40,DCL Outbound-WS Inbound,Hawley IB,891
10/24/2018 14:40,DCL Outbound-WS Inbound,Main and Front OB,891
10/24/2018 14:42,DCL Outbound-WS Inbound,Union,41
10/24/2018 14:42,DCL Outbound-WS Inbound,Union,41
10/24/2018 14:42,DCL Outbound-WS Inbound,Union,41
10/24/2018 14:42,DCL Outbound-WS Inbound,Union,41
10/24/2018 14:42,DCL Outbound-WS Inbound,Main and Murray IB,891
10/24/2018 14:42,DCL Outbound-WS Inbound,Main and Murray IB,891
10/24/2018 14:42,DCL Outbound-WS Inbound,Union,41
10/24/2018 14:42,DCL Outbound-WS Inbound,Union,41
10/24/2018 14:42,DCL Outbound-WS Inbound,Main and Murray IB,891
10/24/2018 14:42,DCL Outbound-WS Inbound,Main and Murray IB,891
10/24/2018 14:42,DCL Outbound-WS Inbound,Union,41
10/24/2018 14:42,DCL Outbound-WS Inbound,Main and Murray IB,891
10/24/2018 14:42,DCL Outbound-WS Inbound,Main and Murray IB,891
10/24/2018 14:42,DCL Outbound-WS Inbound,Main and Murray IB,891
10/24/2018 14:42,DCL Outbound-WS Inbound,Union,41
10/24/2018 14:42,DCL Outbound-WS Inbound,Union,41
10/24/2018 14:43,DCL Outbound-WS Inbound,Union,41
10/24/2018 14:43,DCL Outbound-WS Inbound,Main and Mather,891
10/24/2018 14:43,DCL Outbound-WS Inbound,Main and Mather,891
10/24/2018 14:44,DCL Outbound-WS Inbound,Main and Mather,891
10/24/2018 14:44,DCL Outbound-WS Inbound,Main and Mather,891
10/24/2018 14:44,DCL Outbound-WS Inbound,Main and Mather,891
10/24/2018 14:45,DCL Outbound-WS Inbound,Main and Cedar IB,891
10/24/2018 14:45,DCL Outbound-WS Inbound,Union,41
10/24/2018 14:45,DCL Outbound-WS Inbound,Main and Clarke IB,891
10/24/2018 14:45,DCL Outbound-WS Inbound,Main and Clarke IB,891
10/24/2018 14:45,DCL Outbound-WS Inbound,Union,41
10/24/2018 14:46,DCL Outbound-WS Inbound,Union,41
10/24/2018 14:47,DCL Outbound-WS Inbound,Main and Schiller IB,891
10/24/2018 14:47,DCL Outbound-WS Inbound,Main and Schiller IB,891
10/24/2018 14:47,DCL Outbound-WS Inbound,Main and Schiller IB,891
10/24/2018 14:48,DCL Outbound-WS Inbound,Main and Helen IB,891
10/24/2018 14:49,DCL Outbound-WS Inbound,Physical Facilities,41
10/24/2018 14:49,DCL Outbound-WS Inbound,Physical Facilities,41
10/24/2018 14:50,DCL Outbound-WS Inbound,Floral and Main IB,891
10/24/2018 14:51,DCL Outbound-WS Inbound,Floral and Cleveland IB,891
10/24/2018 14:54,DCL Outbound-WS Inbound,Floral and Cook,891
10/24/2018 14:54,DCL Outbound-WS Inbound,Floral and Cook,891
10/24/2018 15:00,DCL Outbound-WS Inbound,Union,891
10/24/2018 15:00,DCL Outbound-WS Inbound,Union,891
10/24/2018 15:01,DCL Outbound-WS Inbound,Union,891
10/24/2018 15:01,DCL Outbound-WS Inbound,Union,891
10/24/2018 15:01,DCL Outbound-WS Inbound,Union,891
10/24/2018 15:01,DCL Outbound-WS Inbound,Union,891
10/24/2018 15:01,DCL Outbound-WS Inbound,Union,891
10/24/2018 15:01,DCL Outbound-WS Inbound,Union,891
10/24/2018 15:01,DCL Outbound-WS Inbound,Union,891
10/24/2018 15:01,DCL Outbound-WS Inbound,Union,891
10/24/2018 15:01,DCL Outbound-WS Inbound,Union,891
10/24/2018 15:08,DCL Outbound-WS Inbound,Hawley IB,41
10/24/2018 15:08,DCL Outbound-WS Inbound,Hawley IB,41
10/24/2018 15:09,DCL Outbound-WS Inbound,Main and Front OB,41
10/24/2018 15:09,DCL Outbound-WS Inbound,Main and Front OB,41
10/24/2018 15:11,DCL Outbound-WS Inbound,Main and Murray IB,41
10/24/2018 15:11,DCL Outbound-WS Inbound,Main and Murray IB,41
10/24/2018 15:11,DCL Outbound-WS Inbound,Main and Murray IB,41
10/24/2018 15:11,DCL Outbound-WS Inbound,Main and Murray IB,41
10/24/2018 15:11,DCL Outbound-WS Inbound,Main and Murray IB,41
10/24/2018 15:11,DCL Outbound-WS Inbound,Main and Murray IB,41
10/24/2018 15:12,DCL Outbound-WS Inbound,Main and Murray IB,41
10/24/2018 15:12,DCL Outbound-WS Inbound,Main and Murray IB,41
10/24/2018 15:12,DCL Outbound-WS Inbound,Main and Murray IB,41
10/24/2018 15:12,DCL Outbound-WS Inbound,Main and Murray IB,41
10/24/2018 15:12,DCL Outbound-WS Inbound,Main and Murray IB,41
10/24/2018 15:12,DCL Outbound-WS Inbound,Main and Murray IB,41
10/24/2018 15:12,DCL Outbound-WS Inbound,Main and Murray IB,41
10/24/2018 15:13,DCL Outbound-WS Inbound,Main and Mather,41
10/24/2018 15:13,DCL Outbound-WS Inbound,Main and Mather,41
10/24/2018 15:13,DCL Outbound-WS Inbound,Main and Mather,41
10/24/2018 15:13,DCL Outbound-WS Inbound,Main and Mather,41
10/24/2018 15:14,DCL Outbound-WS Inbound,Main and Cedar IB,41
10/24/2018 15:14,DCL Outbound-WS Inbound,Main and Cedar IB,41
10/24/2018 15:14,DCL Outbound-WS Inbound,Main and Cedar IB,41
10/24/2018 15:14,DCL Outbound-WS Inbound,Main and Cedar IB,41
10/24/2018 15:15,DCL Outbound-WS Inbound,Main and Clarke IB,41
10/24/2018 15:15,DCL Outbound-WS Inbound,Main and Clarke IB,41
10/24/2018 15:15,DCL Outbound-WS Inbound,Main and Clarke IB,41
10/24/2018 15:15,DCL Outbound-WS Inbound,Main and Clarke IB,41
10/24/2018 15:15,DCL Outbound-WS Inbound,Union,21
10/24/2018 15:16,DCL Outbound-WS Inbound,Union,21
10/24/2018 15:16,DCL Outbound-WS Inbound,Union,21
10/24/2018 15:16,DCL Outbound-WS Inbound,Union,21
10/24/2018 15:16,DCL Outbound-WS Inbound,Union,21
10/24/2018 15:16,DCL Outbound-WS Inbound,Union,21
10/24/2018 15:16,DCL Outbound-WS Inbound,Union,21
10/24/2018 15:16,DCL Outbound-WS Inbound,Union,21
10/24/2018 15:16,DCL Outbound-WS Inbound,Main and Schiller IB,41
10/24/2018 15:16,DCL Outbound-WS Inbound,Main and Schiller IB,41
10/24/2018 15:16,DCL Outbound-WS Inbound,Main and Schiller IB,41
10/24/2018 15:16,DCL Outbound-WS Inbound,Main and Schiller IB,41
10/24/2018 15:17,DCL Outbound-WS Inbound,Main and Schiller IB,41
10/24/2018 15:17,DCL Outbound-WS Inbound,Main and Schiller IB,41
10/24/2018 15:17,DCL Outbound-WS Inbound,Main and Schiller IB,41
10/24/2018 15:17,DCL Outbound-WS Inbound,Main and Schiller IB,41
10/24/2018 15:18,DCL Outbound-WS Inbound,Main and Helen IB,41
10/24/2018 15:21,DCL Outbound-WS Inbound,Floral and Main IB,41
10/24/2018 15:22,DCL Outbound-WS Inbound,Floral and Cleveland IB,41
10/24/2018 15:22,DCL Outbound-WS Inbound,Floral and Cleveland IB,41
10/24/2018 15:22,DCL Outbound-WS Inbound,Floral and Cleveland IB,41
10/24/2018 15:22,DCL Outbound-WS Inbound,Floral and Cleveland IB,41
10/24/2018 15:22,DCL Outbound-WS Inbound,Floral and Cleveland IB,41
10/24/2018 15:22,DCL Outbound-WS Inbound,Floral and Cleveland IB,41
10/24/2018 15:23,DCL Outbound-WS Inbound,Floral and Willow IB,41
10/24/2018 15:24,DCL Outbound-WS Inbound,Floral and Harrison IB,41
10/24/2018 15:36,DCL Outbound-WS Inbound,UDC IB,21
10/24/2018 15:36,DCL Outbound-WS Inbound,UDC IB,21
10/24/2018 15:36,DCL Outbound-WS Inbound,UDC IB,21
10/24/2018 15:37,DCL Outbound-WS Inbound,UDC IB,21
10/24/2018 15:37,DCL Outbound-WS Inbound,UDC IB,21
10/24/2018 15:39,DCL Outbound-WS Inbound,Hawley IB,21
10/24/2018 15:39,DCL Outbound-WS Inbound,Hawley IB,21
10/24/2018 15:41,DCL Outbound-WS Inbound,Main and Murray IB,21
10/24/2018 15:41,DCL Outbound-WS Inbound,Main and Murray IB,21
10/24/2018 15:41,DCL Outbound-WS Inbound,Main and Murray IB,21
10/24/2018 15:41,DCL Outbound-WS Inbound,Main and Murray IB,21
10/24/2018 15:41,DCL Outbound-WS Inbound,Main and Murray IB,21
10/24/2018 15:42,DCL Outbound-WS Inbound,Main and Mather,21
10/24/2018 15:43,DCL Outbound-WS Inbound,Main and Cedar IB,21
10/24/2018 15:43,DCL Outbound-WS Inbound,Main and Cedar IB,21
10/24/2018 15:44,DCL Outbound-WS Inbound,Main and Clarke IB,21
10/24/2018 15:44,DCL Outbound-WS Inbound,Main and Clarke IB,21
10/24/2018 15:45,DCL Outbound-WS Inbound,Main and Schiller IB,21
10/24/2018 15:45,DCL Outbound-WS Inbound,Main and Schiller IB,21
10/24/2018 15:45,DCL Outbound-WS Inbound,Main and Schiller IB,21
10/24/2018 15:45,DCL Outbound-WS Inbound,Main and Schiller IB,21
10/24/2018 15:47,DCL Outbound-WS Inbound,Main and Helen IB,21
10/24/2018 15:47,DCL Outbound-WS Inbound,Main and Helen IB,21
10/24/2018 15:47,DCL Outbound-WS Inbound,Main and Helen IB,21
10/24/2018 15:47,DCL Outbound-WS Inbound,Main and Helen IB,21
10/24/2018 15:47,DCL Outbound-WS Inbound,Main and Helen IB,21
10/24/2018 15:50,DCL Outbound-WS Inbound,Floral and Cleveland IB,21
10/24/2018 15:51,DCL Outbound-WS Inbound,Floral and Roberts OB,21
10/24/2018 16:01,DCL Outbound-WS Inbound,Riverside and Beethoven OB,891
10/24/2018 16:05,DCL Outbound-WS Inbound,Leroy St and Murray OB,891
10/24/2018 16:09,DCL Outbound-WS Inbound,UDC IB,891
10/24/2018 16:09,DCL Outbound-WS Inbound,UDC IB,891
10/24/2018 16:09,DCL Outbound-WS Inbound,UDC IB,891
10/24/2018 16:09,DCL Outbound-WS Inbound,UDC IB,891
10/24/2018 16:09,DCL Outbound-WS Inbound,UDC IB,891
10/24/2018 16:09,DCL Outbound-WS Inbound,UDC IB,891
10/24/2018 16:09,DCL Outbound-WS Inbound,UDC IB,891
10/24/2018 16:13,DCL Outbound-WS Inbound,Union,55
10/24/2018 16:13,DCL Outbound-WS Inbound,Union,55
10/24/2018 16:14,DCL Outbound-WS Inbound,Union,55
10/24/2018 16:14,DCL Outbound-WS Inbound,Union,55
10/24/2018 16:14,DCL Outbound-WS Inbound,Union,55
10/24/2018 16:14,DCL Outbound-WS Inbound,Union,55
10/24/2018 16:14,DCL Outbound-WS Inbound,Union,55
10/24/2018 16:14,DCL Outbound-WS Inbound,Union,55
10/24/2018 16:14,DCL Outbound-WS Inbound,Union,55
10/24/2018 16:14,DCL Outbound-WS Inbound,Union,55
10/24/2018 16:14,DCL Outbound-WS Inbound,Union,55
10/24/2018 16:14,DCL Outbound-WS Inbound,Union,55
10/24/2018 16:14,DCL Outbound-WS Inbound,Union,55
10/24/2018 16:14,DCL Outbound-WS Inbound,Union,55
10/24/2018 16:14,DCL Outbound-WS Inbound,Union,55
10/24/2018 16:14,DCL Outbound-WS Inbound,Union,55
10/24/2018 16:14,DCL Outbound-WS Inbound,Union,55
10/24/2018 16:14,DCL Outbound-WS Inbound,Union,55
10/24/2018 16:14,DCL Outbound-WS Inbound,Union,55
10/24/2018 16:14,DCL Outbound-WS Inbound,Union,55
10/24/2018 16:14,DCL Outbound-WS Inbound,Union,55
10/24/2018 16:14,DCL Outbound-WS Inbound,Union,55
10/24/2018 16:14,DCL Outbound-WS Inbound,Union,55
10/24/2018 16:14,DCL Outbound-WS Inbound,Union,55
10/24/2018 16:14,DCL Outbound-WS Inbound,Union,55
10/24/2018 16:14,DCL Outbound-WS Inbound,Union,55
10/24/2018 16:14,DCL Outbound-WS Inbound,Union,55
10/24/2018 16:14,DCL Outbound-WS Inbound,Union,55
10/24/2018 16:14,DCL Outbound-WS Inbound,Union,55
10/24/2018 16:14,DCL Outbound-WS Inbound,Union,55
10/24/2018 16:14,DCL Outbound-WS Inbound,Union,55
10/24/2018 16:14,DCL Outbound-WS Inbound,Union,55
10/24/2018 16:14,DCL Outbound-WS Inbound,Union,55
10/24/2018 16:15,DCL Outbound-WS Inbound,Union,55
10/24/2018 16:15,DCL Outbound-WS Inbound,Main and Mather,891
10/24/2018 16:15,DCL Outbound-WS Inbound,Main and Mather,891
10/24/2018 16:15,DCL Outbound-WS Inbound,Main and Mather,891
10/24/2018 16:15,DCL Outbound-WS Inbound,Main and Mather,891
10/24/2018 16:15,DCL Outbound-WS Inbound,Main and Mather,891
10/24/2018 16:15,DCL Outbound-WS Inbound,Main and Mather,891
10/24/2018 16:15,DCL Outbound-WS Inbound,Main and Mather,891
10/24/2018 16:16,DCL Outbound-WS Inbound,Union,55
10/24/2018 16:16,DCL Outbound-WS Inbound,Union,55
10/24/2018 16:16,DCL Outbound-WS Inbound,Main and Cedar IB,891
10/24/2018 16:16,DCL Outbound-WS Inbound,Main and Cedar IB,891
10/24/2018 16:16,DCL Outbound-WS Inbound,Main and Cedar IB,891
10/24/2018 16:16,DCL Outbound-WS Inbound,Main and Cedar IB,891
10/24/2018 16:17,DCL Outbound-WS Inbound,Main and Clarke IB,891
10/24/2018 16:17,DCL Outbound-WS Inbound,Main and Clarke IB,891
10/24/2018 16:17,DCL Outbound-WS Inbound,Main and Clarke IB,891
10/24/2018 16:18,DCL Outbound-WS Inbound,Union,55
10/24/2018 16:18,DCL Outbound-WS Inbound,Union,55
10/24/2018 16:18,DCL Outbound-WS Inbound,Main and Schiller IB,891
10/24/2018 16:18,DCL Outbound-WS Inbound,Main and Schiller IB,891
10/24/2018 16:18,DCL Outbound-WS Inbound,Main and Schiller IB,891
10/24/2018 16:19,DCL Outbound-WS Inbound,Main and Schiller IB,891
10/24/2018 16:19,DCL Outbound-WS Inbound,Main and Schiller IB,891
10/24/2018 16:19,DCL Outbound-WS Inbound,Main and Schiller IB,891
10/24/2018 16:19,DCL Outbound-WS Inbound,Main and Schiller IB,891
10/24/2018 16:19,DCL Outbound-WS Inbound,Main and Schiller IB,891
10/24/2018 16:19,DCL Outbound-WS Inbound,Main and Schiller IB,891
10/24/2018 16:19,DCL Outbound-WS Inbound,Main and Schiller IB,891
10/24/2018 16:19,DCL Outbound-WS Inbound,Main and Schiller IB,891
10/24/2018 16:20,DCL Outbound-WS Inbound,Union,55
10/24/2018 16:20,DCL Outbound-WS Inbound,Union,55
10/24/2018 16:20,DCL Outbound-WS Inbound,Union,55
10/24/2018 16:20,DCL Outbound-WS Inbound,Union,55
10/24/2018 16:20,DCL Outbound-WS Inbound,Main and Helen IB,891
10/24/2018 16:20,DCL Outbound-WS Inbound,Main and Helen IB,891
10/24/2018 16:21,DCL Outbound-WS Inbound,Main and Helen IB,891
10/24/2018 16:21,DCL Outbound-WS Inbound,Union,55
10/24/2018 16:25,DCL Outbound-WS Inbound,Floral and Willow IB,891
10/24/2018 16:39,DCL Outbound-WS Inbound,UDC IB,55
10/24/2018 16:39,DCL Outbound-WS Inbound,UDC IB,55
10/24/2018 16:39,DCL Outbound-WS Inbound,UDC IB,55
10/24/2018 16:39,DCL Outbound-WS Inbound,UDC IB,55
10/24/2018 16:42,DCL Outbound-WS Inbound,Hawley IB,55
10/24/2018 16:44,DCL Outbound-WS Inbound,Main and Front OB,55
10/24/2018 16:46,DCL Outbound-WS Inbound,Main and Mather,55
10/24/2018 16:46,DCL Outbound-WS Inbound,Main and Mather,55
10/24/2018 16:46,DCL Outbound-WS Inbound,Main and Mather,55
10/24/2018 16:46,DCL Outbound-WS Inbound,Main and Mather,55
10/24/2018 16:47,DCL Outbound-WS Inbound,Main and Cedar IB,55
10/24/2018 16:48,DCL Outbound-WS Inbound,Main and Cedar IB,55
10/24/2018 16:48,DCL Outbound-WS Inbound,Main and Cedar IB,55
10/24/2018 16:48,DCL Outbound-WS Inbound,Main and Cedar IB,55
10/24/2018 16:48,DCL Outbound-WS Inbound,Main and Cedar IB,55
10/24/2018 16:48,DCL Outbound-WS Inbound,Main and Cedar IB,55
10/24/2018 16:48,DCL Outbound-WS Inbound,Main and Cedar IB,55
10/24/2018 16:48,DCL Outbound-WS Inbound,Union,526
10/24/2018 16:48,DCL Outbound-WS Inbound,Union,526
10/24/2018 16:48,DCL Outbound-WS Inbound,Union,526
10/24/2018 16:48,DCL Outbound-WS Inbound,Union,526
10/24/2018 16:48,DCL Outbound-WS Inbound,Union,526
10/24/2018 16:48,DCL Outbound-WS Inbound,Main and Clarke IB,55
10/24/2018 16:48,DCL Outbound-WS Inbound,Main and Clarke IB,55
10/24/2018 16:49,DCL Outbound-WS Inbound,Union,526
10/24/2018 16:49,DCL Outbound-WS Inbound,Union,526
10/24/2018 16:49,DCL Outbound-WS Inbound,Union,526
10/24/2018 16:49,DCL Outbound-WS Inbound,Union,526
10/24/2018 16:49,DCL Outbound-WS Inbound,Union,526
10/24/2018 16:49,DCL Outbound-WS Inbound,Union,526
10/24/2018 16:49,DCL Outbound-WS Inbound,Union,526
10/24/2018 16:49,DCL Outbound-WS Inbound,Union,526
10/24/2018 16:49,DCL Outbound-WS Inbound,Union,526
10/24/2018 16:49,DCL Outbound-WS Inbound,Union,526
10/24/2018 16:50,DCL Outbound-WS Inbound,Main and Schiller IB,55
10/24/2018 16:50,DCL Outbound-WS Inbound,Main and Schiller IB,55
10/24/2018 16:50,DCL Outbound-WS Inbound,Union,526
10/24/2018 16:52,DCL Outbound-WS Inbound,Physical Facilities,526
10/24/2018 16:52,DCL Outbound-WS Inbound,Physical Facilities,526
10/24/2018 16:54,DCL Outbound-WS Inbound,Floral and Cleveland IB,55
10/24/2018 16:54,DCL Outbound-WS Inbound,Floral and Cleveland IB,55
10/24/2018 16:55,DCL Outbound-WS Inbound,Floral and Burbank IB,55
10/24/2018 17:10,DCL Outbound-WS Inbound,Leroy St and Murray OB,526
10/24/2018 17:16,DCL Outbound-WS Inbound,Hawley IB,526
10/24/2018 17:16,DCL Outbound-WS Inbound,Hawley IB,526
10/24/2018 17:17,DCL Outbound-WS Inbound,Main and Front OB,526
10/24/2018 17:17,DCL Outbound-WS Inbound,Main and Front OB,526
10/24/2018 17:18,DCL Outbound-WS Inbound,Main and Murray IB,526
10/24/2018 17:18,DCL Outbound-WS Inbound,Main and Murray IB,526
10/24/2018 17:18,DCL Outbound-WS Inbound,Main and Murray IB,526
10/24/2018 17:18,DCL Outbound-WS Inbound,Main and Murray IB,526
10/24/2018 17:19,DCL Outbound-WS Inbound,Union,528
10/24/2018 17:19,DCL Outbound-WS Inbound,Union,528
10/24/2018 17:19,DCL Outbound-WS Inbound,Union,528
10/24/2018 17:19,DCL Outbound-WS Inbound,Union,528
10/24/2018 17:19,DCL Outbound-WS Inbound,Union,528
10/24/2018 17:19,DCL Outbound-WS Inbound,Union,528
10/24/2018 17:19,DCL Outbound-WS Inbound,Union,528
10/24/2018 17:19,DCL Outbound-WS Inbound,Main and Mather,526
10/24/2018 17:19,DCL Outbound-WS Inbound,Union,528
10/24/2018 17:19,DCL Outbound-WS Inbound,Main and Mather,526
10/24/2018 17:19,DCL Outbound-WS Inbound,Main and Mather,526
10/24/2018 17:19,DCL Outbound-WS Inbound,Union,528
10/24/2018 17:19,DCL Outbound-WS Inbound,Union,528
10/24/2018 17:19,DCL Outbound-WS Inbound,Union,528
10/24/2018 17:19,DCL Outbound-WS Inbound,Union,528
10/24/2018 17:19,DCL Outbound-WS Inbound,Union,528
10/24/2018 17:21,DCL Outbound-WS Inbound,Union,528
10/24/2018 17:22,DCL Outbound-WS Inbound,Main and Schiller IB,526
10/24/2018 17:22,DCL Outbound-WS Inbound,Main and Schiller IB,526
10/24/2018 17:22,DCL Outbound-WS Inbound,Main and Schiller IB,526
10/24/2018 17:22,DCL Outbound-WS Inbound,Main and Schiller IB,526
10/24/2018 17:23,DCL Outbound-WS Inbound,Physical Facilities,528
10/24/2018 17:23,DCL Outbound-WS Inbound,Main and Helen IB,526
10/24/2018 17:24,DCL Outbound-WS Inbound,Main and Crary,526
10/24/2018 17:26,DCL Outbound-WS Inbound,Floral and Cleveland IB,526
10/24/2018 17:27,DCL Outbound-WS Inbound,Floral and Burbank IB,526
10/24/2018 17:27,DCL Outbound-WS Inbound,Floral and Roberts IB,526
10/24/2018 17:27,DCL Outbound-WS Inbound,Floral and Roberts IB,526
10/24/2018 17:34,DCL Outbound-WS Inbound,Riverside and Beethoven OB,528
10/24/2018 17:42,DCL Outbound-WS Inbound,UDC IB,528
10/24/2018 17:42,DCL Outbound-WS Inbound,UDC IB,528
10/24/2018 17:42,DCL Outbound-WS Inbound,UDC IB,528
10/24/2018 17:42,DCL Outbound-WS Inbound,UDC IB,528
10/24/2018 17:45,DCL Outbound-WS Inbound,Hawley IB,528
10/24/2018 17:45,DCL Outbound-WS Inbound,Hawley IB,528
10/24/2018 17:46,DCL Outbound-WS Inbound,Main and Front OB,528
10/24/2018 17:46,DCL Outbound-WS Inbound,Main and Front OB,528
10/24/2018 17:47,DCL Outbound-WS Inbound,Main and Murray IB,528
10/24/2018 17:47,DCL Outbound-WS Inbound,Main and Murray IB,528
10/24/2018 17:47,DCL Outbound-WS Inbound,Main and Murray IB,528
10/24/2018 17:48,DCL Outbound-WS Inbound,Union,21
10/24/2018 17:48,DCL Outbound-WS Inbound,Union,21
10/24/2018 17:48,DCL Outbound-WS Inbound,Union,21
10/24/2018 17:48,DCL Outbound-WS Inbound,Union,21
10/24/2018 17:48,DCL Outbound-WS Inbound,Union,21
10/24/2018 17:48,DCL Outbound-WS Inbound,Union,21
10/24/2018 17:48,DCL Outbound-WS Inbound,Union,21
10/24/2018 17:48,DCL Outbound-WS Inbound,Union,21
10/24/2018 17:48,DCL Outbound-WS Inbound,Union,21
10/24/2018 17:48,DCL Outbound-WS Inbound,Union,21
10/24/2018 17:48,DCL Outbound-WS Inbound,Union,21
10/24/2018 17:48,DCL Outbound-WS Inbound,Union,21
10/24/2018 17:49,DCL Outbound-WS Inbound,Union,21
10/24/2018 17:49,DCL Outbound-WS Inbound,Union,21
10/24/2018 17:49,DCL Outbound-WS Inbound,Union,21
10/24/2018 17:49,DCL Outbound-WS Inbound,Union,21
10/24/2018 17:49,DCL Outbound-WS Inbound,Union,21
10/24/2018 17:49,DCL Outbound-WS Inbound,Union,21
10/24/2018 17:49,DCL Outbound-WS Inbound,Union,21
10/24/2018 17:49,DCL Outbound-WS Inbound,Union,21
10/24/2018 17:49,DCL Outbound-WS Inbound,Union,21
10/24/2018 17:49,DCL Outbound-WS Inbound,Union,21
10/24/2018 17:49,DCL Outbound-WS Inbound,Union,21
10/24/2018 17:49,DCL Outbound-WS Inbound,Main and Cedar IB,528
10/24/2018 17:49,DCL Outbound-WS Inbound,Main and Cedar IB,528
10/24/2018 17:49,DCL Outbound-WS Inbound,Union,21
10/24/2018 17:49,DCL Outbound-WS Inbound,Union,21
10/24/2018 17:50,DCL Outbound-WS Inbound,Main and Clarke IB,528
10/24/2018 17:50,DCL Outbound-WS Inbound,Main and Clarke IB,528
10/24/2018 17:51,DCL Outbound-WS Inbound,Main and Schiller IB,528
10/24/2018 17:51,DCL Outbound-WS Inbound,Main and Schiller IB,528
10/24/2018 17:51,DCL Outbound-WS Inbound,Main and Schiller IB,528
10/24/2018 17:51,DCL Outbound-WS Inbound,Main and Schiller IB,528
10/24/2018 17:52,DCL Outbound-WS Inbound,Main and Schiller IB,528
10/24/2018 18:12,DCL Outbound-WS Inbound,Hawley IB,21
10/24/2018 18:12,DCL Outbound-WS Inbound,Hawley IB,21
10/24/2018 18:14,DCL Outbound-WS Inbound,Main and Murray IB,21
10/24/2018 18:14,DCL Outbound-WS Inbound,Main and Murray IB,21
10/24/2018 18:14,DCL Outbound-WS Inbound,Main and Murray IB,21
10/24/2018 18:14,DCL Outbound-WS Inbound,Main and Murray IB,21
10/24/2018 18:14,DCL Outbound-WS Inbound,Main and Murray IB,21
10/24/2018 18:15,DCL Outbound-WS Inbound,Main and Mather,21
10/24/2018 18:15,DCL Outbound-WS Inbound,Main and Mather,21
10/24/2018 18:15,DCL Outbound-WS Inbound,Main and Mather,21
10/24/2018 18:15,DCL Outbound-WS Inbound,Main and Mather,21
10/24/2018 18:16,DCL Outbound-WS Inbound,Main and Cedar IB,21
10/24/2018 18:17,DCL Outbound-WS Inbound,Main and Schiller IB,21
10/24/2018 18:19,DCL Outbound-WS Inbound,Main and Helen IB,21
10/24/2018 18:22,DCL Outbound-WS Inbound,Floral and Cleveland IB,21
10/24/2018 18:22,DCL Outbound-WS Inbound,Floral and Cleveland IB,21
10/24/2018 18:23,DCL Outbound-WS Inbound,Floral and St. Charles,21
10/24/2018 19:14,DCL Outbound-WS Inbound,Union,891
10/24/2018 19:14,DCL Outbound-WS Inbound,Union,891
10/24/2018 19:14,DCL Outbound-WS Inbound,Union,891
10/24/2018 19:14,DCL Outbound-WS Inbound,Union,891
10/24/2018 19:14,DCL Outbound-WS Inbound,Union,891
10/24/2018 19:14,DCL Outbound-WS Inbound,Union,891
10/24/2018 19:14,DCL Outbound-WS Inbound,Union,891
10/24/2018 19:14,DCL Outbound-WS Inbound,Union,891
10/24/2018 19:14,DCL Outbound-WS Inbound,Union,891
10/24/2018 19:14,DCL Outbound-WS Inbound,Union,891
10/24/2018 19:14,DCL Outbound-WS Inbound,Union,891
10/24/2018 19:14,DCL Outbound-WS Inbound,Union,891
10/24/2018 19:14,DCL Outbound-WS Inbound,Union,891
10/24/2018 19:15,DCL Outbound-WS Inbound,Union,891
10/24/2018 19:15,DCL Outbound-WS Inbound,Union,891
10/24/2018 19:28,DCL Outbound-WS Inbound,Leroy St and Murray OB,891
10/24/2018 19:28,DCL Outbound-WS Inbound,Leroy St and Murray OB,891
10/24/2018 19:28,DCL Outbound-WS Inbound,Leroy St and Murray OB,891
10/24/2018 19:35,DCL Outbound-WS Inbound,Union,526
10/24/2018 19:35,DCL Outbound-WS Inbound,Union,526
10/24/2018 19:35,DCL Outbound-WS Inbound,Union,526
10/24/2018 19:35,DCL Outbound-WS Inbound,Union,526
10/24/2018 19:36,DCL Outbound-WS Inbound,Union,526
10/24/2018 19:36,DCL Outbound-WS Inbound,Union,526
10/24/2018 19:36,DCL Outbound-WS Inbound,Union,526
10/24/2018 19:37,DCL Outbound-WS Inbound,Union,526
10/24/2018 19:37,DCL Outbound-WS Inbound,Hawley IB,891
10/24/2018 19:38,DCL Outbound-WS Inbound,Union,526
10/24/2018 19:39,DCL Outbound-WS Inbound,Union,526
10/24/2018 19:39,DCL Outbound-WS Inbound,Union,526
10/24/2018 19:40,DCL Outbound-WS Inbound,Union,526
10/24/2018 19:40,DCL Outbound-WS Inbound,Main and Murray IB,891
10/24/2018 19:40,DCL Outbound-WS Inbound,Main and Murray IB,891
10/24/2018 19:40,DCL Outbound-WS Inbound,Main and Murray IB,891
10/24/2018 19:40,DCL Outbound-WS Inbound,Main and Murray IB,891
10/24/2018 19:40,DCL Outbound-WS Inbound,Main and Murray IB,891
10/24/2018 19:40,DCL Outbound-WS Inbound,Union,526
10/24/2018 19:40,DCL Outbound-WS Inbound,Union,526
10/24/2018 19:41,DCL Outbound-WS Inbound,Union,526
10/24/2018 19:41,DCL Outbound-WS Inbound,Union,526
10/24/2018 19:41,DCL Outbound-WS Inbound,Main and Mather,891
10/24/2018 19:42,DCL Outbound-WS Inbound,Union,526
10/24/2018 19:42,DCL Outbound-WS Inbound,Union,526
10/24/2018 19:42,DCL Outbound-WS Inbound,Union,526
10/24/2018 19:42,DCL Outbound-WS Inbound,Main and Clarke IB,891
10/24/2018 19:42,DCL Outbound-WS Inbound,Main and Clarke IB,891
10/24/2018 19:43,DCL Outbound-WS Inbound,Union,526
10/24/2018 19:43,DCL Outbound-WS Inbound,Union,526
10/24/2018 19:43,DCL Outbound-WS Inbound,Union,526
10/24/2018 19:44,DCL Outbound-WS Inbound,Union,526
10/24/2018 19:44,DCL Outbound-WS Inbound,Union,526
10/24/2018 19:46,DCL Outbound-WS Inbound,Floral and Harrison IB,891
