Start Date:10/22/2018 7:00 AM End Date:10/22/2018 8:00 PM,,,
DateTime,CorridorName,StopName,VehicleID
10/22/2018 7:19,DCL Outbound-WS Inbound,Union,21
10/22/2018 7:27,DCL Outbound-WS Inbound,UDC IB,55
10/22/2018 7:30,DCL Outbound-WS Inbound,UDC IB,55
10/22/2018 7:32,DCL Outbound-WS Inbound,Hawley IB,55
10/22/2018 7:32,DCL Outbound-WS Inbound,Hawley IB,55
10/22/2018 7:34,DCL Outbound-WS Inbound,Main and Murray IB,55
10/22/2018 7:34,DCL Outbound-WS Inbound,Main and Murray IB,55
10/22/2018 7:34,DCL Outbound-WS Inbound,Main and Murray IB,55
10/22/2018 7:35,DCL Outbound-WS Inbound,Main and Mather,55
10/22/2018 7:35,DCL Outbound-WS Inbound,Main and Mather,55
10/22/2018 7:35,DCL Outbound-WS Inbound,Main and Mather,55
10/22/2018 7:35,DCL Outbound-WS Inbound,Main and Mather,55
10/22/2018 7:35,DCL Outbound-WS Inbound,Main and Mather,55
10/22/2018 7:35,DCL Outbound-WS Inbound,Main and Mather,55
10/22/2018 7:36,DCL Outbound-WS Inbound,Main and Cedar IB,55
10/22/2018 7:36,DCL Outbound-WS Inbound,Main and Cedar IB,55
10/22/2018 7:37,DCL Outbound-WS Inbound,Main and Clarke IB,55
10/22/2018 7:38,DCL Outbound-WS Inbound,Main and Schiller IB,55
10/22/2018 7:38,DCL Outbound-WS Inbound,Main and Schiller IB,55
10/22/2018 7:38,DCL Outbound-WS Inbound,Main and Schiller IB,55
10/22/2018 7:38,DCL Outbound-WS Inbound,Main and Schiller IB,55
10/22/2018 7:38,DCL Outbound-WS Inbound,Main and Schiller IB,55
10/22/2018 7:40,DCL Outbound-WS Inbound,Main and Murray IB,21
10/22/2018 7:40,DCL Outbound-WS Inbound,Floral and Main IB,55
10/22/2018 7:41,DCL Outbound-WS Inbound,Main and Mather,21
10/22/2018 7:41,DCL Outbound-WS Inbound,Main and Mather,21
10/22/2018 7:41,DCL Outbound-WS Inbound,Main and Mather,21
10/22/2018 7:41,DCL Outbound-WS Inbound,Main and Mather,21
10/22/2018 7:42,DCL Outbound-WS Inbound,Main and Cedar IB,21
10/22/2018 7:42,DCL Outbound-WS Inbound,Floral and Cleveland IB,55
10/22/2018 7:42,DCL Outbound-WS Inbound,Floral and Cleveland IB,55
10/22/2018 7:42,DCL Outbound-WS Inbound,Floral and Cleveland IB,55
10/22/2018 7:42,DCL Outbound-WS Inbound,Floral and Cleveland IB,55
10/22/2018 7:42,DCL Outbound-WS Inbound,Main and Clarke IB,21
10/22/2018 7:42,DCL Outbound-WS Inbound,Main and Clarke IB,21
10/22/2018 7:43,DCL Outbound-WS Inbound,Main and Schiller IB,21
10/22/2018 7:43,DCL Outbound-WS Inbound,Main and Schiller IB,21
10/22/2018 7:43,DCL Outbound-WS Inbound,Main and Schiller IB,21
10/22/2018 7:46,DCL Outbound-WS Inbound,Union,891
10/22/2018 7:46,DCL Outbound-WS Inbound,Union,891
10/22/2018 7:47,DCL Outbound-WS Inbound,Floral and Willow IB,21
10/22/2018 7:47,DCL Outbound-WS Inbound,Hawley IB,526
10/22/2018 7:47,DCL Outbound-WS Inbound,Hawley IB,526
10/22/2018 7:48,DCL Outbound-WS Inbound,Main and Front OB,526
10/22/2018 7:48,DCL Outbound-WS Inbound,Main and Front OB,526
10/22/2018 7:49,DCL Outbound-WS Inbound,Main and Murray IB,526
10/22/2018 7:49,DCL Outbound-WS Inbound,Main and Murray IB,526
10/22/2018 7:49,DCL Outbound-WS Inbound,Main and Murray IB,526
10/22/2018 7:50,DCL Outbound-WS Inbound,Main and Mather,526
10/22/2018 7:50,DCL Outbound-WS Inbound,Main and Mather,526
10/22/2018 7:51,DCL Outbound-WS Inbound,Main and Cedar IB,526
10/22/2018 7:51,DCL Outbound-WS Inbound,Main and Cedar IB,526
10/22/2018 7:51,DCL Outbound-WS Inbound,Main and Cedar IB,526
10/22/2018 7:52,DCL Outbound-WS Inbound,Main and Clarke IB,526
10/22/2018 7:52,DCL Outbound-WS Inbound,Main and Clarke IB,526
10/22/2018 7:52,DCL Outbound-WS Inbound,Main and Clarke IB,526
10/22/2018 7:52,DCL Outbound-WS Inbound,Main and Clarke IB,526
10/22/2018 7:53,DCL Outbound-WS Inbound,Main and Schiller IB,526
10/22/2018 7:53,DCL Outbound-WS Inbound,Main and Schiller IB,526
10/22/2018 7:53,DCL Outbound-WS Inbound,Main and Schiller IB,526
10/22/2018 7:53,DCL Outbound-WS Inbound,Main and Schiller IB,526
10/22/2018 7:53,DCL Outbound-WS Inbound,Main and Schiller IB,526
10/22/2018 7:53,DCL Outbound-WS Inbound,Main and Schiller IB,526
10/22/2018 7:53,DCL Outbound-WS Inbound,Main and Schiller IB,526
10/22/2018 7:53,DCL Outbound-WS Inbound,Main and Schiller IB,526
10/22/2018 7:53,DCL Outbound-WS Inbound,Main and Schiller IB,526
10/22/2018 7:55,DCL Outbound-WS Inbound,Main and Helen IB,526
10/22/2018 7:57,DCL Outbound-WS Inbound,Floral and Main IB,526
10/22/2018 7:57,DCL Outbound-WS Inbound,Floral and Main IB,526
10/22/2018 7:58,DCL Outbound-WS Inbound,Floral and Cleveland IB,526
10/22/2018 7:58,DCL Outbound-WS Inbound,Floral and Cleveland IB,526
10/22/2018 7:58,DCL Outbound-WS Inbound,Floral and Cleveland IB,526
10/22/2018 8:00,DCL Outbound-WS Inbound,Floral and Willow IB,526
10/22/2018 8:01,DCL Outbound-WS Inbound,Floral and Roberts OB,526
10/22/2018 8:01,DCL Outbound-WS Inbound,Floral and Roberts OB,526
10/22/2018 8:02,DCL Outbound-WS Inbound,Floral and Harrison IB,526
10/22/2018 8:03,DCL Outbound-WS Inbound,Floral and Cook,526
10/22/2018 8:05,DCL Outbound-WS Inbound,UDC IB,891
10/22/2018 8:09,DCL Outbound-WS Inbound,Hawley IB,891
10/22/2018 8:09,DCL Outbound-WS Inbound,Hawley IB,891
10/22/2018 8:09,DCL Outbound-WS Inbound,Hawley IB,891
10/22/2018 8:09,DCL Outbound-WS Inbound,Hawley IB,891
10/22/2018 8:09,DCL Outbound-WS Inbound,Hawley IB,891
10/22/2018 8:10,DCL Outbound-WS Inbound,Main and Front OB,891
10/22/2018 8:10,DCL Outbound-WS Inbound,Main and Cedar IB,55
10/22/2018 8:10,DCL Outbound-WS Inbound,Main and Cedar IB,55
10/22/2018 8:11,DCL Outbound-WS Inbound,UDC IB,528
10/22/2018 8:11,DCL Outbound-WS Inbound,UDC IB,528
10/22/2018 8:11,DCL Outbound-WS Inbound,UDC IB,528
10/22/2018 8:11,DCL Outbound-WS Inbound,Main and Clarke IB,55
10/22/2018 8:11,DCL Outbound-WS Inbound,Main and Clarke IB,55
10/22/2018 8:11,DCL Outbound-WS Inbound,Main and Murray IB,891
10/22/2018 8:11,DCL Outbound-WS Inbound,Main and Murray IB,891
10/22/2018 8:12,DCL Outbound-WS Inbound,Main and Murray IB,891
10/22/2018 8:12,DCL Outbound-WS Inbound,Main and Murray IB,891
10/22/2018 8:12,DCL Outbound-WS Inbound,Main and Murray IB,891
10/22/2018 8:12,DCL Outbound-WS Inbound,Main and Murray IB,891
10/22/2018 8:12,DCL Outbound-WS Inbound,Main and Murray IB,891
10/22/2018 8:12,DCL Outbound-WS Inbound,Main and Murray IB,891
10/22/2018 8:12,DCL Outbound-WS Inbound,Main and Murray IB,891
10/22/2018 8:12,DCL Outbound-WS Inbound,Main and Murray IB,891
10/22/2018 8:12,DCL Outbound-WS Inbound,Main and Schiller IB,55
10/22/2018 8:12,DCL Outbound-WS Inbound,Main and Schiller IB,55
10/22/2018 8:12,DCL Outbound-WS Inbound,Main and Schiller IB,55
10/22/2018 8:12,DCL Outbound-WS Inbound,Main and Schiller IB,55
10/22/2018 8:12,DCL Outbound-WS Inbound,UDC,21
10/22/2018 8:12,DCL Outbound-WS Inbound,Main and Schiller IB,55
10/22/2018 8:12,DCL Outbound-WS Inbound,UDC,21
10/22/2018 8:12,DCL Outbound-WS Inbound,Main and Schiller IB,55
10/22/2018 8:12,DCL Outbound-WS Inbound,Main and Schiller IB,55
10/22/2018 8:12,DCL Outbound-WS Inbound,Main and Schiller IB,55
10/22/2018 8:13,DCL Outbound-WS Inbound,Main and Mather,891
10/22/2018 8:13,DCL Outbound-WS Inbound,Main and Mather,891
10/22/2018 8:13,DCL Outbound-WS Inbound,Main and Mather,891
10/22/2018 8:13,DCL Outbound-WS Inbound,Main and Schiller IB,55
10/22/2018 8:13,DCL Outbound-WS Inbound,Main and Schiller IB,55
10/22/2018 8:13,DCL Outbound-WS Inbound,Main and Mather,891
10/22/2018 8:13,DCL Outbound-WS Inbound,Main and Mather,891
10/22/2018 8:14,DCL Outbound-WS Inbound,Main and Cedar IB,891
10/22/2018 8:15,DCL Outbound-WS Inbound,Main and Clarke IB,891
10/22/2018 8:15,DCL Outbound-WS Inbound,Main and Clarke IB,891
10/22/2018 8:15,DCL Outbound-WS Inbound,Main and Helen IB,55
10/22/2018 8:16,DCL Outbound-WS Inbound,Main and Schiller IB,891
10/22/2018 8:17,DCL Outbound-WS Inbound,Floral and Main IB,55
10/22/2018 8:17,DCL Outbound-WS Inbound,Main and Murray IB,528
10/22/2018 8:18,DCL Outbound-WS Inbound,Floral and Cleveland IB,55
10/22/2018 8:18,DCL Outbound-WS Inbound,Floral and Cleveland IB,55
10/22/2018 8:19,DCL Outbound-WS Inbound,Floral and Willow IB,55
10/22/2018 8:20,DCL Outbound-WS Inbound,Floral and Roberts OB,891
10/22/2018 8:20,DCL Outbound-WS Inbound,Main and Schiller IB,528
10/22/2018 8:32,DCL Outbound-WS Inbound,Leroy St and Murray OB,43
10/22/2018 8:37,DCL Outbound-WS Inbound,UDC IB,43
10/22/2018 8:37,DCL Outbound-WS Inbound,UDC IB,43
10/22/2018 8:37,DCL Outbound-WS Inbound,UDC IB,43
10/22/2018 8:40,DCL Outbound-WS Inbound,Hawley IB,43
10/22/2018 8:40,DCL Outbound-WS Inbound,Hawley IB,43
10/22/2018 8:41,DCL Outbound-WS Inbound,Main and Front OB,43
10/22/2018 8:42,DCL Outbound-WS Inbound,Main and Murray IB,43
10/22/2018 8:42,DCL Outbound-WS Inbound,Main and Murray IB,43
10/22/2018 8:42,DCL Outbound-WS Inbound,Main and Murray IB,43
10/22/2018 8:43,DCL Outbound-WS Inbound,Main and Mather,43
10/22/2018 8:43,DCL Outbound-WS Inbound,Main and Mather,43
10/22/2018 8:43,DCL Outbound-WS Inbound,Main and Mather,43
10/22/2018 8:43,DCL Outbound-WS Inbound,Main and Mather,43
10/22/2018 8:44,DCL Outbound-WS Inbound,Main and Cedar IB,43
10/22/2018 8:45,DCL Outbound-WS Inbound,Main and Clarke OB,43
10/22/2018 8:45,DCL Outbound-WS Inbound,Main and Clarke OB,43
10/22/2018 8:46,DCL Outbound-WS Inbound,Main and Schiller IB,43
10/22/2018 8:46,DCL Outbound-WS Inbound,Main and Schiller IB,43
10/22/2018 8:46,DCL Outbound-WS Inbound,Main and Schiller IB,43
10/22/2018 8:46,DCL Outbound-WS Inbound,Main and Schiller IB,43
10/22/2018 8:46,DCL Outbound-WS Inbound,Main and Schiller IB,43
10/22/2018 8:46,DCL Outbound-WS Inbound,Main and Schiller IB,43
10/22/2018 8:46,DCL Outbound-WS Inbound,Main and Schiller IB,43
10/22/2018 8:49,DCL Outbound-WS Inbound,Main and Crary,43
10/22/2018 8:51,DCL Outbound-WS Inbound,Floral and Harrison IB,43
10/22/2018 8:59,DCL Outbound-WS Inbound,Leroy St and Chestnut OB,891
10/22/2018 8:59,DCL Outbound-WS Inbound,Leroy St and Chestnut OB,891
10/22/2018 8:59,DCL Outbound-WS Inbound,Union,43
10/22/2018 8:59,DCL Outbound-WS Inbound,Union,43
10/22/2018 8:59,DCL Outbound-WS Inbound,Union,43
10/22/2018 8:59,DCL Outbound-WS Inbound,Union,43
10/22/2018 8:59,DCL Outbound-WS Inbound,Union,43
10/22/2018 8:59,DCL Outbound-WS Inbound,Union,43
10/22/2018 8:59,DCL Outbound-WS Inbound,Union,43
10/22/2018 8:59,DCL Outbound-WS Inbound,Union,43
10/22/2018 8:59,DCL Outbound-WS Inbound,Union,43
10/22/2018 8:59,DCL Outbound-WS Inbound,Leroy St and Murray OB,891
10/22/2018 8:59,DCL Outbound-WS Inbound,Union,43
10/22/2018 9:02,DCL Outbound-WS Inbound,Hawley IB,526
10/22/2018 9:02,DCL Outbound-WS Inbound,Hawley IB,526
10/22/2018 9:02,DCL Outbound-WS Inbound,Hawley IB,526
10/22/2018 9:02,DCL Outbound-WS Inbound,UDC IB,891
10/22/2018 9:04,DCL Outbound-WS Inbound,Main and Murray IB,526
10/22/2018 9:04,DCL Outbound-WS Inbound,Main and Murray IB,526
10/22/2018 9:04,DCL Outbound-WS Inbound,Main and Murray IB,526
10/22/2018 9:04,DCL Outbound-WS Inbound,Main and Murray IB,526
10/22/2018 9:04,DCL Outbound-WS Inbound,Main and Murray IB,526
10/22/2018 9:04,DCL Outbound-WS Inbound,UDC IB,891
10/22/2018 9:05,DCL Outbound-WS Inbound,Main and Mather,526
10/22/2018 9:05,DCL Outbound-WS Inbound,Main and Mather,526
10/22/2018 9:05,DCL Outbound-WS Inbound,Main and Mather,526
10/22/2018 9:05,DCL Outbound-WS Inbound,Main and Mather,526
10/22/2018 9:06,DCL Outbound-WS Inbound,Main and Cedar IB,526
10/22/2018 9:06,DCL Outbound-WS Inbound,Main and Cedar IB,526
10/22/2018 9:07,DCL Outbound-WS Inbound,Main and Cedar IB,526
10/22/2018 9:07,DCL Outbound-WS Inbound,Hawley IB,891
10/22/2018 9:07,DCL Outbound-WS Inbound,Hawley IB,891
10/22/2018 9:07,DCL Outbound-WS Inbound,Hawley IB,891
10/22/2018 9:08,DCL Outbound-WS Inbound,Main and Front OB,891
10/22/2018 9:08,DCL Outbound-WS Inbound,Main and Front OB,891
10/22/2018 9:08,DCL Outbound-WS Inbound,Main and Front OB,891
10/22/2018 9:08,DCL Outbound-WS Inbound,Main and Schiller IB,526
10/22/2018 9:08,DCL Outbound-WS Inbound,Main and Schiller IB,526
10/22/2018 9:08,DCL Outbound-WS Inbound,Main and Schiller IB,526
10/22/2018 9:09,DCL Outbound-WS Inbound,Main and Helen IB,526
10/22/2018 9:09,DCL Outbound-WS Inbound,Main and Murray IB,891
10/22/2018 9:09,DCL Outbound-WS Inbound,Main and Murray IB,891
10/22/2018 9:09,DCL Outbound-WS Inbound,Main and Murray IB,891
10/22/2018 9:09,DCL Outbound-WS Inbound,Main and Murray IB,891
10/22/2018 9:09,DCL Outbound-WS Inbound,Main and Murray IB,891
10/22/2018 9:09,DCL Outbound-WS Inbound,Main and Murray IB,891
10/22/2018 9:09,DCL Outbound-WS Inbound,Main and Murray IB,891
10/22/2018 9:09,DCL Outbound-WS Inbound,Main and Murray IB,891
10/22/2018 9:09,DCL Outbound-WS Inbound,Main and Murray IB,891
10/22/2018 9:09,DCL Outbound-WS Inbound,Main and Murray IB,891
10/22/2018 9:09,DCL Outbound-WS Inbound,Main and Murray IB,891
10/22/2018 9:10,DCL Outbound-WS Inbound,Main and Crary,526
10/22/2018 9:10,DCL Outbound-WS Inbound,Main and Mather,891
10/22/2018 9:11,DCL Outbound-WS Inbound,Main and Cedar IB,891
10/22/2018 9:11,DCL Outbound-WS Inbound,Main and Cedar IB,891
10/22/2018 9:12,DCL Outbound-WS Inbound,Main and Clarke IB,891
10/22/2018 9:12,DCL Outbound-WS Inbound,Main and Clarke IB,891
10/22/2018 9:12,DCL Outbound-WS Inbound,Main and Clarke IB,891
10/22/2018 9:13,DCL Outbound-WS Inbound,Floral and St. Charles,526
10/22/2018 9:13,DCL Outbound-WS Inbound,Main and Schiller IB,891
10/22/2018 9:13,DCL Outbound-WS Inbound,Main and Schiller IB,891
10/22/2018 9:13,DCL Outbound-WS Inbound,Main and Schiller IB,891
10/22/2018 9:13,DCL Outbound-WS Inbound,Main and Schiller IB,891
10/22/2018 9:13,DCL Outbound-WS Inbound,Main and Schiller IB,891
10/22/2018 9:13,DCL Outbound-WS Inbound,Main and Schiller IB,891
10/22/2018 9:13,DCL Outbound-WS Inbound,Main and Schiller IB,891
10/22/2018 9:16,DCL Outbound-WS Inbound,Floral and Cleveland IB,891
10/22/2018 9:16,DCL Outbound-WS Inbound,Floral and Cleveland IB,891
10/22/2018 9:16,DCL Outbound-WS Inbound,Floral and Cleveland IB,891
10/22/2018 9:16,DCL Outbound-WS Inbound,Union,528
10/22/2018 9:16,DCL Outbound-WS Inbound,Floral and Burbank IB,891
10/22/2018 9:17,DCL Outbound-WS Inbound,Hawley IB,43
10/22/2018 9:17,DCL Outbound-WS Inbound,Hawley IB,43
10/22/2018 9:17,DCL Outbound-WS Inbound,Hawley IB,43
10/22/2018 9:17,DCL Outbound-WS Inbound,Hawley IB,43
10/22/2018 9:17,DCL Outbound-WS Inbound,Floral and Roberts IB,891
10/22/2018 9:17,DCL Outbound-WS Inbound,Hawley IB,43
10/22/2018 9:19,DCL Outbound-WS Inbound,Main and Front OB,43
10/22/2018 9:20,DCL Outbound-WS Inbound,Main and Murray IB,43
10/22/2018 9:20,DCL Outbound-WS Inbound,Main and Murray IB,43
10/22/2018 9:20,DCL Outbound-WS Inbound,Main and Murray IB,43
10/22/2018 9:20,DCL Outbound-WS Inbound,Main and Murray IB,43
10/22/2018 9:20,DCL Outbound-WS Inbound,Main and Murray IB,43
10/22/2018 9:20,DCL Outbound-WS Inbound,Main and Murray IB,43
10/22/2018 9:20,DCL Outbound-WS Inbound,Main and Murray IB,43
10/22/2018 9:20,DCL Outbound-WS Inbound,Main and Murray IB,43
10/22/2018 9:21,DCL Outbound-WS Inbound,Main and Murray IB,43
10/22/2018 9:21,DCL Outbound-WS Inbound,Main and Murray IB,43
10/22/2018 9:21,DCL Outbound-WS Inbound,Main and Murray IB,43
10/22/2018 9:21,DCL Outbound-WS Inbound,Main and Murray IB,43
10/22/2018 9:22,DCL Outbound-WS Inbound,Main and Mather,43
10/22/2018 9:22,DCL Outbound-WS Inbound,Main and Mather,43
10/22/2018 9:22,DCL Outbound-WS Inbound,Main and Mather,43
10/22/2018 9:22,DCL Outbound-WS Inbound,Main and Mather,43
10/22/2018 9:22,DCL Outbound-WS Inbound,Main and Mather,43
10/22/2018 9:23,DCL Outbound-WS Inbound,Main and Cedar IB,43
10/22/2018 9:23,DCL Outbound-WS Inbound,Main and Cedar IB,43
10/22/2018 9:23,DCL Outbound-WS Inbound,Main and Clarke IB,43
10/22/2018 9:23,DCL Outbound-WS Inbound,Main and Clarke IB,43
10/22/2018 9:23,DCL Outbound-WS Inbound,Main and Clarke IB,43
10/22/2018 9:24,DCL Outbound-WS Inbound,Main and Schiller IB,43
10/22/2018 9:24,DCL Outbound-WS Inbound,Main and Schiller IB,43
10/22/2018 9:24,DCL Outbound-WS Inbound,Main and Schiller IB,43
10/22/2018 9:24,DCL Outbound-WS Inbound,Main and Schiller IB,43
10/22/2018 9:24,DCL Outbound-WS Inbound,Main and Schiller IB,43
10/22/2018 9:25,DCL Outbound-WS Inbound,Main and Schiller IB,43
10/22/2018 9:26,DCL Outbound-WS Inbound,Main and Helen IB,43
10/22/2018 9:27,DCL Outbound-WS Inbound,Main and Helen IB,43
10/22/2018 9:29,DCL Outbound-WS Inbound,Floral and Cleveland IB,43
10/22/2018 9:29,DCL Outbound-WS Inbound,Floral and Cleveland IB,43
10/22/2018 9:29,DCL Outbound-WS Inbound,Floral and Cleveland IB,43
10/22/2018 9:29,DCL Outbound-WS Inbound,Floral and Cleveland IB,43
10/22/2018 9:29,DCL Outbound-WS Inbound,Floral and Burbank IB,43
10/22/2018 9:42,DCL Outbound-WS Inbound,Hawley IB,528
10/22/2018 9:42,DCL Outbound-WS Inbound,Hawley IB,528
10/22/2018 9:43,DCL Outbound-WS Inbound,Main and Murray IB,528
10/22/2018 9:43,DCL Outbound-WS Inbound,Main and Murray IB,528
10/22/2018 9:43,DCL Outbound-WS Inbound,Main and Murray IB,528
10/22/2018 9:43,DCL Outbound-WS Inbound,Main and Murray IB,528
10/22/2018 9:43,DCL Outbound-WS Inbound,Main and Murray IB,528
10/22/2018 9:43,DCL Outbound-WS Inbound,Main and Murray IB,528
10/22/2018 9:44,DCL Outbound-WS Inbound,Main and Mather,528
10/22/2018 9:44,DCL Outbound-WS Inbound,Main and Mather,528
10/22/2018 9:44,DCL Outbound-WS Inbound,Main and Mather,528
10/22/2018 9:45,DCL Outbound-WS Inbound,Main and Cedar IB,528
10/22/2018 9:45,DCL Outbound-WS Inbound,Main and Cedar IB,528
10/22/2018 9:45,DCL Outbound-WS Inbound,Main and Cedar IB,528
10/22/2018 9:45,DCL Outbound-WS Inbound,Main and Clarke IB,528
10/22/2018 9:45,DCL Outbound-WS Inbound,Main and Clarke IB,528
10/22/2018 9:45,DCL Outbound-WS Inbound,Union,21
10/22/2018 9:45,DCL Outbound-WS Inbound,Union,21
10/22/2018 9:45,DCL Outbound-WS Inbound,Main and Clarke IB,528
10/22/2018 9:45,DCL Outbound-WS Inbound,Main and Clarke IB,528
10/22/2018 9:45,DCL Outbound-WS Inbound,Union,21
10/22/2018 9:45,DCL Outbound-WS Inbound,Union,21
10/22/2018 9:45,DCL Outbound-WS Inbound,Main and Clarke IB,528
10/22/2018 9:45,DCL Outbound-WS Inbound,Union,21
10/22/2018 9:45,DCL Outbound-WS Inbound,Union,21
10/22/2018 9:45,DCL Outbound-WS Inbound,Union,21
10/22/2018 9:45,DCL Outbound-WS Inbound,Union,21
10/22/2018 9:46,DCL Outbound-WS Inbound,Union,21
10/22/2018 9:46,DCL Outbound-WS Inbound,Union,21
10/22/2018 9:46,DCL Outbound-WS Inbound,Union,21
10/22/2018 9:46,DCL Outbound-WS Inbound,Union,21
10/22/2018 9:46,DCL Outbound-WS Inbound,Union,21
10/22/2018 9:46,DCL Outbound-WS Inbound,Union,21
10/22/2018 9:46,DCL Outbound-WS Inbound,Union,21
10/22/2018 9:47,DCL Outbound-WS Inbound,Main and Schiller IB,528
10/22/2018 9:47,DCL Outbound-WS Inbound,Main and Schiller IB,528
10/22/2018 9:47,DCL Outbound-WS Inbound,Main and Schiller IB,528
10/22/2018 9:47,DCL Outbound-WS Inbound,Main and Schiller IB,528
10/22/2018 9:47,DCL Outbound-WS Inbound,Main and Schiller IB,528
10/22/2018 9:47,DCL Outbound-WS Inbound,Main and Schiller IB,528
10/22/2018 9:47,DCL Outbound-WS Inbound,Main and Schiller IB,528
10/22/2018 9:47,DCL Outbound-WS Inbound,Main and Schiller IB,528
10/22/2018 9:47,DCL Outbound-WS Inbound,Main and Schiller IB,528
10/22/2018 9:47,DCL Outbound-WS Inbound,Main and Schiller IB,528
10/22/2018 9:47,DCL Outbound-WS Inbound,Main and Schiller IB,528
10/22/2018 9:48,DCL Outbound-WS Inbound,Physical Facilities,21
10/22/2018 9:48,DCL Outbound-WS Inbound,Main and Helen IB,528
10/22/2018 9:48,DCL Outbound-WS Inbound,Main and Helen IB,528
10/22/2018 9:50,DCL Outbound-WS Inbound,Floral and Main IB,528
10/22/2018 9:51,DCL Outbound-WS Inbound,Floral and Burbank IB,528
10/22/2018 10:04,DCL Outbound-WS Inbound,UDC IB,21
10/22/2018 10:08,DCL Outbound-WS Inbound,Hawley IB,21
10/22/2018 10:08,DCL Outbound-WS Inbound,Hawley IB,21
10/22/2018 10:08,DCL Outbound-WS Inbound,Hawley IB,21
10/22/2018 10:11,DCL Outbound-WS Inbound,Main and Murray IB,21
10/22/2018 10:11,DCL Outbound-WS Inbound,Main and Murray IB,21
10/22/2018 10:12,DCL Outbound-WS Inbound,Main and Mather,21
10/22/2018 10:12,DCL Outbound-WS Inbound,Main and Mather,21
10/22/2018 10:12,DCL Outbound-WS Inbound,Main and Mather,21
10/22/2018 10:12,DCL Outbound-WS Inbound,Main and Mather,21
10/22/2018 10:13,DCL Outbound-WS Inbound,Union,43
10/22/2018 10:13,DCL Outbound-WS Inbound,Union,43
10/22/2018 10:13,DCL Outbound-WS Inbound,Union,43
10/22/2018 10:13,DCL Outbound-WS Inbound,Main and Clarke IB,21
10/22/2018 10:13,DCL Outbound-WS Inbound,Union,43
10/22/2018 10:14,DCL Outbound-WS Inbound,Union,43
10/22/2018 10:14,DCL Outbound-WS Inbound,UDC IB,526
10/22/2018 10:14,DCL Outbound-WS Inbound,Main and Schiller IB,21
10/22/2018 10:14,DCL Outbound-WS Inbound,Main and Schiller IB,21
10/22/2018 10:14,DCL Outbound-WS Inbound,Main and Schiller IB,21
10/22/2018 10:14,DCL Outbound-WS Inbound,Main and Schiller IB,21
10/22/2018 10:14,DCL Outbound-WS Inbound,Main and Schiller IB,21
10/22/2018 10:14,DCL Outbound-WS Inbound,Main and Schiller IB,21
10/22/2018 10:15,DCL Outbound-WS Inbound,Main and Schiller IB,21
10/22/2018 10:16,DCL Outbound-WS Inbound,Main and Helen IB,21
10/22/2018 10:16,DCL Outbound-WS Inbound,Main and Helen IB,21
10/22/2018 10:17,DCL Outbound-WS Inbound,Main and Crary,21
10/22/2018 10:17,DCL Outbound-WS Inbound,Main and Crary,21
10/22/2018 10:17,DCL Outbound-WS Inbound,Hawley IB,526
10/22/2018 10:17,DCL Outbound-WS Inbound,Hawley IB,526
10/22/2018 10:18,DCL Outbound-WS Inbound,Main and Front OB,526
10/22/2018 10:18,DCL Outbound-WS Inbound,Main and Front OB,526
10/22/2018 10:19,DCL Outbound-WS Inbound,Floral and Cleveland IB,21
10/22/2018 10:19,DCL Outbound-WS Inbound,Main and Murray IB,526
10/22/2018 10:19,DCL Outbound-WS Inbound,Main and Murray IB,526
10/22/2018 10:19,DCL Outbound-WS Inbound,Main and Murray IB,526
10/22/2018 10:20,DCL Outbound-WS Inbound,Main and Mather,526
10/22/2018 10:20,DCL Outbound-WS Inbound,Main and Mather,526
10/22/2018 10:20,DCL Outbound-WS Inbound,Main and Mather,526
10/22/2018 10:20,DCL Outbound-WS Inbound,Main and Mather,526
10/22/2018 10:20,DCL Outbound-WS Inbound,Floral and Roberts OB,21
10/22/2018 10:21,DCL Outbound-WS Inbound,Main and Cedar IB,526
10/22/2018 10:21,DCL Outbound-WS Inbound,Main and Cedar IB,526
10/22/2018 10:22,DCL Outbound-WS Inbound,Floral and Cook,21
10/22/2018 10:22,DCL Outbound-WS Inbound,Main and Schiller IB,526
10/22/2018 10:22,DCL Outbound-WS Inbound,Main and Schiller IB,526
10/22/2018 10:22,DCL Outbound-WS Inbound,Main and Schiller IB,526
10/22/2018 10:22,DCL Outbound-WS Inbound,Main and Schiller IB,526
10/22/2018 10:23,DCL Outbound-WS Inbound,Main and Schiller IB,526
10/22/2018 10:23,DCL Outbound-WS Inbound,Main and Schiller IB,526
10/22/2018 10:23,DCL Outbound-WS Inbound,Main and Schiller IB,526
10/22/2018 10:23,DCL Outbound-WS Inbound,Main and Helen IB,526
10/22/2018 10:25,DCL Outbound-WS Inbound,Floral and Main IB,526
10/22/2018 10:26,DCL Outbound-WS Inbound,Floral and Cleveland IB,526
10/22/2018 10:26,DCL Outbound-WS Inbound,Floral and Cleveland IB,526
10/22/2018 10:26,DCL Outbound-WS Inbound,Floral and Cleveland IB,526
10/22/2018 10:26,DCL Outbound-WS Inbound,Floral and Cleveland IB,526
10/22/2018 10:26,DCL Outbound-WS Inbound,Floral and Burbank IB,526
10/22/2018 10:28,DCL Outbound-WS Inbound,Floral and Roberts IB,526
10/22/2018 10:29,DCL Outbound-WS Inbound,Floral and Cook,526
10/22/2018 10:40,DCL Outbound-WS Inbound,Main and Murray IB,43
10/22/2018 10:40,DCL Outbound-WS Inbound,Main and Murray IB,43
10/22/2018 10:40,DCL Outbound-WS Inbound,Main and Murray IB,43
10/22/2018 10:40,DCL Outbound-WS Inbound,Main and Murray IB,43
10/22/2018 10:40,DCL Outbound-WS Inbound,Main and Murray IB,43
10/22/2018 10:40,DCL Outbound-WS Inbound,Main and Murray IB,43
10/22/2018 10:41,DCL Outbound-WS Inbound,Main and Mather,43
10/22/2018 10:41,DCL Outbound-WS Inbound,Main and Mather,43
10/22/2018 10:42,DCL Outbound-WS Inbound,Main and Cedar IB,43
10/22/2018 10:43,DCL Outbound-WS Inbound,Main and Clarke IB,43
10/22/2018 10:43,DCL Outbound-WS Inbound,Main and Clarke IB,43
10/22/2018 10:43,DCL Outbound-WS Inbound,Main and Clarke IB,43
10/22/2018 10:44,DCL Outbound-WS Inbound,Main and Schiller IB,43
10/22/2018 10:45,DCL Outbound-WS Inbound,Union,528
10/22/2018 10:45,DCL Outbound-WS Inbound,Union,528
10/22/2018 10:45,DCL Outbound-WS Inbound,Union,528
10/22/2018 10:45,DCL Outbound-WS Inbound,Union,528
10/22/2018 10:45,DCL Outbound-WS Inbound,Union,528
10/22/2018 10:45,DCL Outbound-WS Inbound,Union,528
10/22/2018 10:45,DCL Outbound-WS Inbound,Union,528
10/22/2018 10:45,DCL Outbound-WS Inbound,Union,528
10/22/2018 10:45,DCL Outbound-WS Inbound,Union,528
10/22/2018 10:45,DCL Outbound-WS Inbound,Union,528
10/22/2018 10:45,DCL Outbound-WS Inbound,Union,528
10/22/2018 10:45,DCL Outbound-WS Inbound,Main and Helen IB,43
10/22/2018 10:45,DCL Outbound-WS Inbound,Union,528
10/22/2018 10:45,DCL Outbound-WS Inbound,Union,528
10/22/2018 10:45,DCL Outbound-WS Inbound,Union,528
10/22/2018 10:45,DCL Outbound-WS Inbound,Union,528
10/22/2018 10:45,DCL Outbound-WS Inbound,Union,528
10/22/2018 10:46,DCL Outbound-WS Inbound,Union,528
10/22/2018 10:46,DCL Outbound-WS Inbound,Union,528
10/22/2018 10:46,DCL Outbound-WS Inbound,Union,528
10/22/2018 10:47,DCL Outbound-WS Inbound,Floral and Main IB,43
10/22/2018 10:48,DCL Outbound-WS Inbound,Floral and Cleveland IB,43
10/22/2018 10:48,DCL Outbound-WS Inbound,Floral and Cleveland IB,43
10/22/2018 10:49,DCL Outbound-WS Inbound,Physical Facilities,528
10/22/2018 10:49,DCL Outbound-WS Inbound,Floral and Harrison IB,43
10/22/2018 10:51,DCL Outbound-WS Inbound,Floral and Cook,43
10/22/2018 10:51,DCL Outbound-WS Inbound,Floral and Cook,43
10/22/2018 10:58,DCL Outbound-WS Inbound,Union,55
10/22/2018 10:58,DCL Outbound-WS Inbound,Union,55
10/22/2018 10:58,DCL Outbound-WS Inbound,Union,55
10/22/2018 10:59,DCL Outbound-WS Inbound,Union,55
10/22/2018 10:59,DCL Outbound-WS Inbound,Union,55
10/22/2018 10:59,DCL Outbound-WS Inbound,Union,55
10/22/2018 11:00,DCL Outbound-WS Inbound,Union,55
10/22/2018 11:00,DCL Outbound-WS Inbound,Leroy St and Murray OB,528
10/22/2018 11:00,DCL Outbound-WS Inbound,Union,55
10/22/2018 11:03,DCL Outbound-WS Inbound,Physical Facilities,55
10/22/2018 11:04,DCL Outbound-WS Inbound,UDC IB,528
10/22/2018 11:08,DCL Outbound-WS Inbound,Hawley IB,528
10/22/2018 11:08,DCL Outbound-WS Inbound,Hawley IB,528
10/22/2018 11:08,DCL Outbound-WS Inbound,Hawley IB,528
10/22/2018 11:08,DCL Outbound-WS Inbound,Hawley IB,528
10/22/2018 11:10,DCL Outbound-WS Inbound,Main and Murray IB,528
10/22/2018 11:10,DCL Outbound-WS Inbound,Main and Murray IB,528
10/22/2018 11:10,DCL Outbound-WS Inbound,Main and Murray IB,528
10/22/2018 11:10,DCL Outbound-WS Inbound,Main and Murray IB,528
10/22/2018 11:10,DCL Outbound-WS Inbound,Main and Murray IB,528
10/22/2018 11:10,DCL Outbound-WS Inbound,Main and Murray IB,528
10/22/2018 11:10,DCL Outbound-WS Inbound,Main and Murray IB,528
10/22/2018 11:10,DCL Outbound-WS Inbound,Main and Murray IB,528
10/22/2018 11:12,DCL Outbound-WS Inbound,Main and Mather,528
10/22/2018 11:12,DCL Outbound-WS Inbound,Main and Mather,528
10/22/2018 11:12,DCL Outbound-WS Inbound,Main and Mather,528
10/22/2018 11:12,DCL Outbound-WS Inbound,Main and Mather,528
10/22/2018 11:12,DCL Outbound-WS Inbound,Main and Mather,528
10/22/2018 11:12,DCL Outbound-WS Inbound,Main and Mather,528
10/22/2018 11:12,DCL Outbound-WS Inbound,Main and Mather,528
10/22/2018 11:12,DCL Outbound-WS Inbound,Main and Mather,528
10/22/2018 11:14,DCL Outbound-WS Inbound,Union,526
10/22/2018 11:14,DCL Outbound-WS Inbound,Main and Schiller IB,528
10/22/2018 11:14,DCL Outbound-WS Inbound,Main and Schiller IB,528
10/22/2018 11:14,DCL Outbound-WS Inbound,Main and Schiller IB,528
10/22/2018 11:14,DCL Outbound-WS Inbound,Main and Schiller IB,528
10/22/2018 11:14,DCL Outbound-WS Inbound,Main and Schiller IB,528
10/22/2018 11:14,DCL Outbound-WS Inbound,Union,526
10/22/2018 11:15,DCL Outbound-WS Inbound,Union,526
10/22/2018 11:15,DCL Outbound-WS Inbound,Union,526
10/22/2018 11:16,DCL Outbound-WS Inbound,Main and Helen IB,528
10/22/2018 11:17,DCL Outbound-WS Inbound,Main and Crary,528
10/22/2018 11:17,DCL Outbound-WS Inbound,UDC IB,55
10/22/2018 11:17,DCL Outbound-WS Inbound,UDC IB,55
10/22/2018 11:19,DCL Outbound-WS Inbound,UDC IB,55
10/22/2018 11:20,DCL Outbound-WS Inbound,Floral and Cleveland OB,528
10/22/2018 11:20,DCL Outbound-WS Inbound,Floral and Cleveland OB,528
10/22/2018 11:21,DCL Outbound-WS Inbound,Floral and Roberts OB,528
10/22/2018 11:22,DCL Outbound-WS Inbound,UDC IB,55
10/22/2018 11:22,DCL Outbound-WS Inbound,UDC IB,55
10/22/2018 11:25,DCL Outbound-WS Inbound,Hawley IB,55
10/22/2018 11:25,DCL Outbound-WS Inbound,Hawley IB,55
10/22/2018 11:25,DCL Outbound-WS Inbound,Hawley IB,55
10/22/2018 11:25,DCL Outbound-WS Inbound,Hawley IB,55
10/22/2018 11:25,DCL Outbound-WS Inbound,Hawley IB,55
10/22/2018 11:25,DCL Outbound-WS Inbound,Hawley IB,55
10/22/2018 11:27,DCL Outbound-WS Inbound,Union,43
10/22/2018 11:27,DCL Outbound-WS Inbound,Union,43
10/22/2018 11:27,DCL Outbound-WS Inbound,Main and Murray IB,55
10/22/2018 11:27,DCL Outbound-WS Inbound,Union,43
10/22/2018 11:27,DCL Outbound-WS Inbound,Main and Murray IB,55
10/22/2018 11:27,DCL Outbound-WS Inbound,Union,43
10/22/2018 11:27,DCL Outbound-WS Inbound,Main and Murray IB,55
10/22/2018 11:27,DCL Outbound-WS Inbound,Main and Murray IB,55
10/22/2018 11:27,DCL Outbound-WS Inbound,Union,43
10/22/2018 11:27,DCL Outbound-WS Inbound,Union,43
10/22/2018 11:27,DCL Outbound-WS Inbound,Union,43
10/22/2018 11:27,DCL Outbound-WS Inbound,Union,43
10/22/2018 11:28,DCL Outbound-WS Inbound,UDC,21
10/22/2018 11:28,DCL Outbound-WS Inbound,UDC,21
10/22/2018 11:28,DCL Outbound-WS Inbound,Main and Mather,55
10/22/2018 11:28,DCL Outbound-WS Inbound,Main and Mather,55
10/22/2018 11:28,DCL Outbound-WS Inbound,UDC,21
10/22/2018 11:28,DCL Outbound-WS Inbound,UDC,21
10/22/2018 11:28,DCL Outbound-WS Inbound,Mohawk,528
10/22/2018 11:28,DCL Outbound-WS Inbound,Mohawk,528
10/22/2018 11:29,DCL Outbound-WS Inbound,Union,43
10/22/2018 11:29,DCL Outbound-WS Inbound,UDC,21
10/22/2018 11:29,DCL Outbound-WS Inbound,UDC,21
10/22/2018 11:29,DCL Outbound-WS Inbound,Main and Cedar IB,55
10/22/2018 11:30,DCL Outbound-WS Inbound,Union,43
10/22/2018 11:30,DCL Outbound-WS Inbound,Main and Clarke IB,55
10/22/2018 11:30,DCL Outbound-WS Inbound,Main and Clarke IB,55
10/22/2018 11:30,DCL Outbound-WS Inbound,Union,43
10/22/2018 11:30,DCL Outbound-WS Inbound,Mohawk,528
10/22/2018 11:31,DCL Outbound-WS Inbound,Main and Schiller IB,55
10/22/2018 11:31,DCL Outbound-WS Inbound,Main and Schiller IB,55
10/22/2018 11:31,DCL Outbound-WS Inbound,Main and Schiller IB,55
10/22/2018 11:31,DCL Outbound-WS Inbound,Newing,528
10/22/2018 11:32,DCL Outbound-WS Inbound,UDC IB,526
10/22/2018 11:32,DCL Outbound-WS Inbound,Main and Helen IB,55
10/22/2018 11:34,DCL Outbound-WS Inbound,Floral and Main IB,55
10/22/2018 11:34,DCL Outbound-WS Inbound,Floral and Main IB,55
10/22/2018 11:34,DCL Outbound-WS Inbound,Floral and Main IB,55
10/22/2018 11:35,DCL Outbound-WS Inbound,Floral and Burbank IB,55
10/22/2018 11:35,DCL Outbound-WS Inbound,Main and Schiller IB,21
10/22/2018 11:36,DCL Outbound-WS Inbound,Main and Schiller IB,21
10/22/2018 11:36,DCL Outbound-WS Inbound,UP,528
10/22/2018 11:36,DCL Outbound-WS Inbound,UP,528
10/22/2018 11:36,DCL Outbound-WS Inbound,UP,528
10/22/2018 11:36,DCL Outbound-WS Inbound,UP,528
10/22/2018 11:36,DCL Outbound-WS Inbound,UP,528
10/22/2018 11:36,DCL Outbound-WS Inbound,UP,528
10/22/2018 11:37,DCL Outbound-WS Inbound,UP,528
10/22/2018 11:37,DCL Outbound-WS Inbound,UP,528
10/22/2018 11:37,DCL Outbound-WS Inbound,UP,528
10/22/2018 11:37,DCL Outbound-WS Inbound,UP,528
10/22/2018 11:37,DCL Outbound-WS Inbound,UP,528
10/22/2018 11:37,DCL Outbound-WS Inbound,UP,528
10/22/2018 11:37,DCL Outbound-WS Inbound,Hawley IB,526
10/22/2018 11:37,DCL Outbound-WS Inbound,Hawley IB,526
10/22/2018 11:38,DCL Outbound-WS Inbound,Main and Helen IB,21
10/22/2018 11:38,DCL Outbound-WS Inbound,Main and Murray IB,526
10/22/2018 11:38,DCL Outbound-WS Inbound,Main and Murray IB,526
10/22/2018 11:38,DCL Outbound-WS Inbound,Main and Murray IB,526
10/22/2018 11:38,DCL Outbound-WS Inbound,Main and Murray IB,526
10/22/2018 11:38,DCL Outbound-WS Inbound,Main and Murray IB,526
10/22/2018 11:38,DCL Outbound-WS Inbound,Meadows OB,528
10/22/2018 11:39,DCL Outbound-WS Inbound,Main and Murray IB,526
10/22/2018 11:39,DCL Outbound-WS Inbound,Meadows OB,528
10/22/2018 11:39,DCL Outbound-WS Inbound,Main and Mather,526
10/22/2018 11:40,DCL Outbound-WS Inbound,Floral and Cleveland OB,21
10/22/2018 11:41,DCL Outbound-WS Inbound,Main and Cedar IB,526
10/22/2018 11:41,DCL Outbound-WS Inbound,Main and Cedar IB,526
10/22/2018 11:41,DCL Outbound-WS Inbound,Main and Cedar IB,526
10/22/2018 11:41,DCL Outbound-WS Inbound,Main and Cedar IB,526
10/22/2018 11:41,DCL Outbound-WS Inbound,Riverside and Beethoven OB,43
10/22/2018 11:41,DCL Outbound-WS Inbound,Main and Clarke OB,526
10/22/2018 11:42,DCL Outbound-WS Inbound,Main and Schiller IB,526
10/22/2018 11:42,DCL Outbound-WS Inbound,Main and Schiller IB,526
10/22/2018 11:43,DCL Outbound-WS Inbound,Union,528
10/22/2018 11:43,DCL Outbound-WS Inbound,Union,528
10/22/2018 11:44,DCL Outbound-WS Inbound,Union,528
10/22/2018 11:44,DCL Outbound-WS Inbound,Union,528
10/22/2018 11:44,DCL Outbound-WS Inbound,Union,528
10/22/2018 11:44,DCL Outbound-WS Inbound,Union,528
10/22/2018 11:44,DCL Outbound-WS Inbound,Union,528
10/22/2018 11:44,DCL Outbound-WS Inbound,Union,528
10/22/2018 11:44,DCL Outbound-WS Inbound,Union,528
10/22/2018 11:45,DCL Outbound-WS Inbound,Main and Crary,526
10/22/2018 11:45,DCL Outbound-WS Inbound,Floral and Main IB,526
10/22/2018 11:47,DCL Outbound-WS Inbound,Floral and Roberts OB,526
10/22/2018 11:48,DCL Outbound-WS Inbound,Physical Facilities,528
10/22/2018 11:49,DCL Outbound-WS Inbound,UDC,43
10/22/2018 11:49,DCL Outbound-WS Inbound,UDC,43
10/22/2018 11:50,DCL Outbound-WS Inbound,UDC,43
10/22/2018 11:52,DCL Outbound-WS Inbound,Hawley IB,43
10/22/2018 11:52,DCL Outbound-WS Inbound,Hawley IB,43
10/22/2018 11:54,DCL Outbound-WS Inbound,Main and Mather,43
10/22/2018 11:55,DCL Outbound-WS Inbound,Main and Mather,43
10/22/2018 11:55,DCL Outbound-WS Inbound,Main and Mather,43
10/22/2018 11:55,DCL Outbound-WS Inbound,Main and Mather,43
10/22/2018 11:57,DCL Outbound-WS Inbound,Main and Cedar OB,43
10/22/2018 11:58,DCL Outbound-WS Inbound,Main and Clarke OB,43
10/22/2018 11:58,DCL Outbound-WS Inbound,Main and Clarke OB,43
10/22/2018 11:58,DCL Outbound-WS Inbound,Union,891
10/22/2018 11:58,DCL Outbound-WS Inbound,Union,891
10/22/2018 11:58,DCL Outbound-WS Inbound,Union,891
10/22/2018 11:58,DCL Outbound-WS Inbound,Union,891
10/22/2018 11:58,DCL Outbound-WS Inbound,Union,891
10/22/2018 11:58,DCL Outbound-WS Inbound,Union,891
10/22/2018 11:59,DCL Outbound-WS Inbound,Union,891
10/22/2018 11:59,DCL Outbound-WS Inbound,Union,891
10/22/2018 11:59,DCL Outbound-WS Inbound,Union,891
10/22/2018 11:59,DCL Outbound-WS Inbound,Union,891
10/22/2018 11:59,DCL Outbound-WS Inbound,Union,891
10/22/2018 11:59,DCL Outbound-WS Inbound,Main and Schiller IB,43
10/22/2018 11:59,DCL Outbound-WS Inbound,Main and Schiller IB,43
10/22/2018 11:59,DCL Outbound-WS Inbound,Main and Schiller IB,43
10/22/2018 11:59,DCL Outbound-WS Inbound,Union,891
10/22/2018 11:59,DCL Outbound-WS Inbound,Union,891
10/22/2018 11:59,DCL Outbound-WS Inbound,Union,891
10/22/2018 12:01,DCL Outbound-WS Inbound,Union,21
10/22/2018 12:01,DCL Outbound-WS Inbound,Union,21
10/22/2018 12:01,DCL Outbound-WS Inbound,Union,21
10/22/2018 12:01,DCL Outbound-WS Inbound,Union,21
10/22/2018 12:01,DCL Outbound-WS Inbound,Union,21
10/22/2018 12:01,DCL Outbound-WS Inbound,Union,21
10/22/2018 12:01,DCL Outbound-WS Inbound,Union,21
10/22/2018 12:01,DCL Outbound-WS Inbound,Union,21
10/22/2018 12:01,DCL Outbound-WS Inbound,Union,21
10/22/2018 12:01,DCL Outbound-WS Inbound,Union,21
10/22/2018 12:01,DCL Outbound-WS Inbound,Union,21
10/22/2018 12:01,DCL Outbound-WS Inbound,Union,21
10/22/2018 12:01,DCL Outbound-WS Inbound,Union,21
10/22/2018 12:01,DCL Outbound-WS Inbound,Union,21
10/22/2018 12:01,DCL Outbound-WS Inbound,Union,21
10/22/2018 12:01,DCL Outbound-WS Inbound,Main and Helen IB,43
10/22/2018 12:01,DCL Outbound-WS Inbound,Union,21
10/22/2018 12:02,DCL Outbound-WS Inbound,Main and Helen IB,43
10/22/2018 12:02,DCL Outbound-WS Inbound,Union,21
10/22/2018 12:02,DCL Outbound-WS Inbound,Union,21
10/22/2018 12:02,DCL Outbound-WS Inbound,Union,21
10/22/2018 12:02,DCL Outbound-WS Inbound,Physical Facilities,891
10/22/2018 12:02,DCL Outbound-WS Inbound,Physical Facilities,891
10/22/2018 12:03,DCL Outbound-WS Inbound,Floral and Main IB,43
10/22/2018 12:03,DCL Outbound-WS Inbound,Floral and Main IB,43
10/22/2018 12:03,DCL Outbound-WS Inbound,Floral and Main IB,43
10/22/2018 12:05,DCL Outbound-WS Inbound,Floral and Willow IB,43
10/22/2018 12:06,DCL Outbound-WS Inbound,Floral and Harrison OB,43
10/22/2018 12:09,DCL Outbound-WS Inbound,Riverside and Beethoven OB,891
10/22/2018 12:09,DCL Outbound-WS Inbound,Hawley IB,528
10/22/2018 12:10,DCL Outbound-WS Inbound,Main and Front OB,528
10/22/2018 12:10,DCL Outbound-WS Inbound,Main and Front OB,528
10/22/2018 12:12,DCL Outbound-WS Inbound,Main and Murray IB,528
10/22/2018 12:12,DCL Outbound-WS Inbound,Main and Murray IB,528
10/22/2018 12:13,DCL Outbound-WS Inbound,Main and Mather,528
10/22/2018 12:13,DCL Outbound-WS Inbound,Union,43
10/22/2018 12:13,DCL Outbound-WS Inbound,Union,43
10/22/2018 12:13,DCL Outbound-WS Inbound,Union,43
10/22/2018 12:13,DCL Outbound-WS Inbound,Union,43
10/22/2018 12:14,DCL Outbound-WS Inbound,Union,43
10/22/2018 12:14,DCL Outbound-WS Inbound,Union,43
10/22/2018 12:14,DCL Outbound-WS Inbound,Union,526
10/22/2018 12:14,DCL Outbound-WS Inbound,Union,526
10/22/2018 12:14,DCL Outbound-WS Inbound,Union,526
10/22/2018 12:14,DCL Outbound-WS Inbound,Main and Cedar IB,528
10/22/2018 12:14,DCL Outbound-WS Inbound,Main and Cedar IB,528
10/22/2018 12:14,DCL Outbound-WS Inbound,Union,526
10/22/2018 12:15,DCL Outbound-WS Inbound,Union,43
10/22/2018 12:15,DCL Outbound-WS Inbound,Union,43
10/22/2018 12:16,DCL Outbound-WS Inbound,Main and Schiller IB,528
10/22/2018 12:16,DCL Outbound-WS Inbound,Main and Schiller IB,528
10/22/2018 12:16,DCL Outbound-WS Inbound,Main and Schiller IB,528
10/22/2018 12:16,DCL Outbound-WS Inbound,Main and Schiller IB,528
10/22/2018 12:17,DCL Outbound-WS Inbound,UDC IB,891
10/22/2018 12:20,DCL Outbound-WS Inbound,Floral and Cleveland IB,528
10/22/2018 12:21,DCL Outbound-WS Inbound,Floral and Roberts OB,528
10/22/2018 12:22,DCL Outbound-WS Inbound,Main and Front OB,891
10/22/2018 12:22,DCL Outbound-WS Inbound,Main and Front OB,891
10/22/2018 12:23,DCL Outbound-WS Inbound,Main and Murray IB,891
10/22/2018 12:23,DCL Outbound-WS Inbound,Main and Murray IB,891
10/22/2018 12:23,DCL Outbound-WS Inbound,Main and Murray IB,891
10/22/2018 12:23,DCL Outbound-WS Inbound,Main and Murray IB,891
10/22/2018 12:24,DCL Outbound-WS Inbound,Main and Mather,891
10/22/2018 12:24,DCL Outbound-WS Inbound,Main and Mather,891
10/22/2018 12:26,DCL Outbound-WS Inbound,Main and Cedar IB,891
10/22/2018 12:26,DCL Outbound-WS Inbound,Leroy St and Chestnut OB,526
10/22/2018 12:27,DCL Outbound-WS Inbound,Main and Schiller IB,891
10/22/2018 12:27,DCL Outbound-WS Inbound,Main and Schiller IB,891
10/22/2018 12:27,DCL Outbound-WS Inbound,Main and Schiller IB,891
10/22/2018 12:27,DCL Outbound-WS Inbound,Main and Schiller IB,891
10/22/2018 12:27,DCL Outbound-WS Inbound,Main and Schiller IB,891
10/22/2018 12:28,DCL Outbound-WS Inbound,Union,55
10/22/2018 12:29,DCL Outbound-WS Inbound,Union,55
10/22/2018 12:29,DCL Outbound-WS Inbound,Union,55
10/22/2018 12:29,DCL Outbound-WS Inbound,Union,528
10/22/2018 12:29,DCL Outbound-WS Inbound,Union,528
10/22/2018 12:29,DCL Outbound-WS Inbound,Union,55
10/22/2018 12:29,DCL Outbound-WS Inbound,Union,55
10/22/2018 12:29,DCL Outbound-WS Inbound,Union,55
10/22/2018 12:29,DCL Outbound-WS Inbound,Union,55
10/22/2018 12:31,DCL Outbound-WS Inbound,UDC IB,526
10/22/2018 12:31,DCL Outbound-WS Inbound,Floral and Cleveland IB,891
10/22/2018 12:31,DCL Outbound-WS Inbound,UDC IB,526
10/22/2018 12:31,DCL Outbound-WS Inbound,Floral and Cleveland IB,891
10/22/2018 12:31,DCL Outbound-WS Inbound,UDC IB,526
10/22/2018 12:31,DCL Outbound-WS Inbound,UDC IB,526
10/22/2018 12:31,DCL Outbound-WS Inbound,UDC IB,526
10/22/2018 12:31,DCL Outbound-WS Inbound,UDC IB,526
10/22/2018 12:31,DCL Outbound-WS Inbound,UDC IB,526
10/22/2018 12:31,DCL Outbound-WS Inbound,UDC IB,526
10/22/2018 12:31,DCL Outbound-WS Inbound,UDC IB,526
10/22/2018 12:31,DCL Outbound-WS Inbound,UDC IB,526
10/22/2018 12:31,DCL Outbound-WS Inbound,UDC IB,526
10/22/2018 12:32,DCL Outbound-WS Inbound,UDC IB,526
10/22/2018 12:33,DCL Outbound-WS Inbound,UDC IB,526
10/22/2018 12:33,DCL Outbound-WS Inbound,UDC IB,526
10/22/2018 12:33,DCL Outbound-WS Inbound,UDC IB,526
10/22/2018 12:33,DCL Outbound-WS Inbound,Physical Facilities,55
10/22/2018 12:34,DCL Outbound-WS Inbound,UDC IB,526
10/22/2018 12:39,DCL Outbound-WS Inbound,Hawley IB,526
10/22/2018 12:39,DCL Outbound-WS Inbound,Hawley IB,526
10/22/2018 12:39,DCL Outbound-WS Inbound,Hawley IB,526
10/22/2018 12:39,DCL Outbound-WS Inbound,Hawley IB,526
10/22/2018 12:40,DCL Outbound-WS Inbound,Main and Murray IB,526
10/22/2018 12:40,DCL Outbound-WS Inbound,Main and Murray IB,526
10/22/2018 12:40,DCL Outbound-WS Inbound,Main and Murray IB,526
10/22/2018 12:40,DCL Outbound-WS Inbound,Main and Murray IB,526
10/22/2018 12:40,DCL Outbound-WS Inbound,Main and Murray IB,526
10/22/2018 12:40,DCL Outbound-WS Inbound,Main and Murray IB,526
10/22/2018 12:40,DCL Outbound-WS Inbound,Main and Murray IB,526
10/22/2018 12:40,DCL Outbound-WS Inbound,Main and Murray IB,526
10/22/2018 12:40,DCL Outbound-WS Inbound,Main and Murray IB,526
10/22/2018 12:40,DCL Outbound-WS Inbound,Main and Murray IB,526
10/22/2018 12:42,DCL Outbound-WS Inbound,Main and Mather,526
10/22/2018 12:42,DCL Outbound-WS Inbound,Main and Mather,526
10/22/2018 12:42,DCL Outbound-WS Inbound,Main and Cedar IB,526
10/22/2018 12:42,DCL Outbound-WS Inbound,Main and Cedar IB,526
10/22/2018 12:43,DCL Outbound-WS Inbound,Main and Cedar IB,526
10/22/2018 12:43,DCL Outbound-WS Inbound,Main and Cedar IB,526
10/22/2018 12:43,DCL Outbound-WS Inbound,Main and Cedar IB,526
10/22/2018 12:43,DCL Outbound-WS Inbound,Main and Cedar IB,526
10/22/2018 12:43,DCL Outbound-WS Inbound,Main and Cedar IB,526
10/22/2018 12:43,DCL Outbound-WS Inbound,Main and Clarke IB,526
10/22/2018 12:43,DCL Outbound-WS Inbound,Main and Clarke IB,526
10/22/2018 12:43,DCL Outbound-WS Inbound,Main and Clarke IB,526
10/22/2018 12:43,DCL Outbound-WS Inbound,Main and Clarke IB,526
10/22/2018 12:43,DCL Outbound-WS Inbound,Main and Clarke IB,526
10/22/2018 12:44,DCL Outbound-WS Inbound,Main and Clarke IB,526
10/22/2018 12:44,DCL Outbound-WS Inbound,Union,21
10/22/2018 12:44,DCL Outbound-WS Inbound,Union,21
10/22/2018 12:44,DCL Outbound-WS Inbound,Union,21
10/22/2018 12:44,DCL Outbound-WS Inbound,Union,21
10/22/2018 12:44,DCL Outbound-WS Inbound,Union,21
10/22/2018 12:45,DCL Outbound-WS Inbound,Main and Schiller IB,526
10/22/2018 12:45,DCL Outbound-WS Inbound,Main and Schiller IB,526
10/22/2018 12:45,DCL Outbound-WS Inbound,Main and Schiller IB,526
10/22/2018 12:45,DCL Outbound-WS Inbound,Main and Schiller IB,526
10/22/2018 12:45,DCL Outbound-WS Inbound,Main and Schiller IB,526
10/22/2018 12:45,DCL Outbound-WS Inbound,Main and Schiller IB,526
10/22/2018 12:45,DCL Outbound-WS Inbound,Main and Schiller IB,526
10/22/2018 12:45,DCL Outbound-WS Inbound,Main and Schiller IB,526
10/22/2018 12:45,DCL Outbound-WS Inbound,Main and Schiller IB,526
10/22/2018 12:54,DCL Outbound-WS Inbound,UDC IB,55
10/22/2018 12:54,DCL Outbound-WS Inbound,UDC IB,55
10/22/2018 12:56,DCL Outbound-WS Inbound,Hawley IB,55
10/22/2018 12:56,DCL Outbound-WS Inbound,Hawley IB,55
10/22/2018 12:56,DCL Outbound-WS Inbound,Hawley IB,55
10/22/2018 12:58,DCL Outbound-WS Inbound,Main and Front OB,55
10/22/2018 12:58,DCL Outbound-WS Inbound,Main and Front OB,55
10/22/2018 12:59,DCL Outbound-WS Inbound,Main and Murray IB,55
10/22/2018 12:59,DCL Outbound-WS Inbound,Main and Murray IB,55
10/22/2018 12:59,DCL Outbound-WS Inbound,Main and Murray IB,55
10/22/2018 13:00,DCL Outbound-WS Inbound,Main and Mather,55
10/22/2018 13:00,DCL Outbound-WS Inbound,Main and Mather,55
10/22/2018 13:00,DCL Outbound-WS Inbound,Main and Mather,55
10/22/2018 13:01,DCL Outbound-WS Inbound,Main and Cedar IB,55
10/22/2018 13:02,DCL Outbound-WS Inbound,Main and Clarke IB,55
10/22/2018 13:02,DCL Outbound-WS Inbound,Main and Clarke IB,55
10/22/2018 13:03,DCL Outbound-WS Inbound,Main and Schiller IB,55
10/22/2018 13:03,DCL Outbound-WS Inbound,Main and Schiller IB,55
10/22/2018 13:03,DCL Outbound-WS Inbound,Main and Schiller IB,55
10/22/2018 13:03,DCL Outbound-WS Inbound,Main and Schiller IB,55
10/22/2018 13:05,DCL Outbound-WS Inbound,UDC IB,21
10/22/2018 13:05,DCL Outbound-WS Inbound,UDC IB,21
10/22/2018 13:05,DCL Outbound-WS Inbound,UDC IB,21
10/22/2018 13:05,DCL Outbound-WS Inbound,Main and Helen IB,55
10/22/2018 13:07,DCL Outbound-WS Inbound,Hawley IB,21
10/22/2018 13:08,DCL Outbound-WS Inbound,Main and Murray IB,21
10/22/2018 13:09,DCL Outbound-WS Inbound,Floral and Cleveland IB,55
10/22/2018 13:09,DCL Outbound-WS Inbound,Main and Murray IB,21
10/22/2018 13:09,DCL Outbound-WS Inbound,Main and Murray IB,21
10/22/2018 13:10,DCL Outbound-WS Inbound,Main and Mather,21
10/22/2018 13:11,DCL Outbound-WS Inbound,Main and Cedar IB,21
10/22/2018 13:17,DCL Outbound-WS Inbound,McGuire Building,528
10/22/2018 13:18,DCL Outbound-WS Inbound,Floral and St. Charles,21
10/22/2018 13:18,DCL Outbound-WS Inbound,Floral and St. Charles,21
10/22/2018 13:32,DCL Outbound-WS Inbound,UDC IB,528
10/22/2018 13:35,DCL Outbound-WS Inbound,UDC IB,528
10/22/2018 13:37,DCL Outbound-WS Inbound,Hawley IB,528
10/22/2018 13:37,DCL Outbound-WS Inbound,Hawley IB,528
10/22/2018 13:37,DCL Outbound-WS Inbound,Hawley IB,528
10/22/2018 13:37,DCL Outbound-WS Inbound,Hawley IB,528
10/22/2018 13:37,DCL Outbound-WS Inbound,Hawley IB,528
10/22/2018 13:37,DCL Outbound-WS Inbound,Hawley IB,528
10/22/2018 13:37,DCL Outbound-WS Inbound,Hawley IB,528
10/22/2018 13:38,DCL Outbound-WS Inbound,Main and Front OB,528
10/22/2018 13:39,DCL Outbound-WS Inbound,Main and Front OB,528
10/22/2018 13:40,DCL Outbound-WS Inbound,Main and Murray IB,528
10/22/2018 13:40,DCL Outbound-WS Inbound,Main and Murray IB,528
10/22/2018 13:40,DCL Outbound-WS Inbound,Main and Murray IB,528
10/22/2018 13:40,DCL Outbound-WS Inbound,Main and Murray IB,528
10/22/2018 13:41,DCL Outbound-WS Inbound,Main and Mather,528
10/22/2018 13:41,DCL Outbound-WS Inbound,Main and Mather,528
10/22/2018 13:41,DCL Outbound-WS Inbound,Main and Mather,528
10/22/2018 13:42,DCL Outbound-WS Inbound,Main and Cedar IB,528
10/22/2018 13:42,DCL Outbound-WS Inbound,Main and Cedar IB,528
10/22/2018 13:42,DCL Outbound-WS Inbound,Main and Cedar IB,528
10/22/2018 13:42,DCL Outbound-WS Inbound,Main and Cedar IB,528
10/22/2018 13:43,DCL Outbound-WS Inbound,Main and Clarke IB,528
10/22/2018 13:43,DCL Outbound-WS Inbound,Main and Clarke IB,528
10/22/2018 13:43,DCL Outbound-WS Inbound,Main and Clarke IB,528
10/22/2018 13:43,DCL Outbound-WS Inbound,Main and Clarke IB,528
10/22/2018 13:43,DCL Outbound-WS Inbound,Main and Clarke IB,528
10/22/2018 13:43,DCL Outbound-WS Inbound,Main and Clarke IB,528
10/22/2018 13:44,DCL Outbound-WS Inbound,Union,526
10/22/2018 13:44,DCL Outbound-WS Inbound,Union,526
10/22/2018 13:44,DCL Outbound-WS Inbound,Union,526
10/22/2018 13:44,DCL Outbound-WS Inbound,Main and Schiller IB,528
10/22/2018 13:44,DCL Outbound-WS Inbound,Union,526
10/22/2018 13:44,DCL Outbound-WS Inbound,Main and Schiller IB,528
10/22/2018 13:44,DCL Outbound-WS Inbound,Main and Schiller IB,528
10/22/2018 13:44,DCL Outbound-WS Inbound,Union,526
10/22/2018 13:44,DCL Outbound-WS Inbound,Main and Schiller IB,528
10/22/2018 13:44,DCL Outbound-WS Inbound,Main and Schiller IB,528
10/22/2018 13:44,DCL Outbound-WS Inbound,Main and Schiller IB,528
10/22/2018 13:44,DCL Outbound-WS Inbound,Main and Schiller IB,528
10/22/2018 13:44,DCL Outbound-WS Inbound,Union,526
10/22/2018 13:44,DCL Outbound-WS Inbound,Union,526
10/22/2018 13:45,DCL Outbound-WS Inbound,Union,526
10/22/2018 13:45,DCL Outbound-WS Inbound,Union,526
10/22/2018 13:45,DCL Outbound-WS Inbound,Union,526
10/22/2018 13:45,DCL Outbound-WS Inbound,Union,526
10/22/2018 13:45,DCL Outbound-WS Inbound,Union,526
10/22/2018 13:45,DCL Outbound-WS Inbound,Main and Schiller IB,528
10/22/2018 13:45,DCL Outbound-WS Inbound,Main and Schiller IB,528
10/22/2018 13:45,DCL Outbound-WS Inbound,Main and Schiller IB,528
10/22/2018 13:45,DCL Outbound-WS Inbound,Main and Schiller IB,528
10/22/2018 13:45,DCL Outbound-WS Inbound,Union,526
10/22/2018 13:47,DCL Outbound-WS Inbound,Physical Facilities,526
10/22/2018 13:47,DCL Outbound-WS Inbound,Main and Crary,528
10/22/2018 13:49,DCL Outbound-WS Inbound,Floral and Cleveland IB,528
10/22/2018 13:51,DCL Outbound-WS Inbound,Floral and Cook,528
10/22/2018 13:51,DCL Outbound-WS Inbound,Riverside and Ethel OB,526
10/22/2018 13:52,DCL Outbound-WS Inbound,Riverside and Columbus,526
10/22/2018 13:58,DCL Outbound-WS Inbound,Leroy St and Chestnut OB,526
10/22/2018 14:00,DCL Outbound-WS Inbound,Riverside and Front,526
10/22/2018 14:01,DCL Outbound-WS Inbound,UDC IB,526
10/22/2018 14:01,DCL Outbound-WS Inbound,UDC IB,526
10/22/2018 14:01,DCL Outbound-WS Inbound,UDC IB,526
10/22/2018 14:05,DCL Outbound-WS Inbound,UDC IB,526
10/22/2018 14:05,DCL Outbound-WS Inbound,UDC IB,526
10/22/2018 14:05,DCL Outbound-WS Inbound,UDC IB,526
10/22/2018 14:06,DCL Outbound-WS Inbound,Hawley IB,526
10/22/2018 14:06,DCL Outbound-WS Inbound,Hawley IB,526
10/22/2018 14:06,DCL Outbound-WS Inbound,Hawley IB,526
10/22/2018 14:06,DCL Outbound-WS Inbound,Hawley IB,526
10/22/2018 14:06,DCL Outbound-WS Inbound,Hawley IB,526
10/22/2018 14:06,DCL Outbound-WS Inbound,Hawley IB,526
10/22/2018 14:07,DCL Outbound-WS Inbound,Hawley IB,526
10/22/2018 14:07,DCL Outbound-WS Inbound,Hawley IB,526
10/22/2018 14:07,DCL Outbound-WS Inbound,Hawley IB,526
10/22/2018 14:07,DCL Outbound-WS Inbound,Hawley IB,526
10/22/2018 14:07,DCL Outbound-WS Inbound,Hawley IB,526
10/22/2018 14:07,DCL Outbound-WS Inbound,Hawley IB,526
10/22/2018 14:07,DCL Outbound-WS Inbound,Hawley IB,526
10/22/2018 14:08,DCL Outbound-WS Inbound,Main and Front OB,526
10/22/2018 14:09,DCL Outbound-WS Inbound,Main and Murray IB,526
10/22/2018 14:09,DCL Outbound-WS Inbound,Main and Murray IB,526
10/22/2018 14:09,DCL Outbound-WS Inbound,Main and Murray IB,526
10/22/2018 14:09,DCL Outbound-WS Inbound,Main and Murray IB,526
10/22/2018 14:10,DCL Outbound-WS Inbound,Main and Mather,526
10/22/2018 14:10,DCL Outbound-WS Inbound,Main and Mather,526
10/22/2018 14:10,DCL Outbound-WS Inbound,Main and Mather,526
10/22/2018 14:10,DCL Outbound-WS Inbound,Main and Mather,526
10/22/2018 14:10,DCL Outbound-WS Inbound,Main and Mather,526
10/22/2018 14:10,DCL Outbound-WS Inbound,Main and Mather,526
10/22/2018 14:10,DCL Outbound-WS Inbound,Main and Mather,526
10/22/2018 14:10,DCL Outbound-WS Inbound,Main and Mather,526
10/22/2018 14:11,DCL Outbound-WS Inbound,Main and Cedar IB,526
10/22/2018 14:11,DCL Outbound-WS Inbound,Main and Cedar IB,526
10/22/2018 14:11,DCL Outbound-WS Inbound,Main and Cedar IB,526
10/22/2018 14:11,DCL Outbound-WS Inbound,Main and Cedar IB,526
10/22/2018 14:11,DCL Outbound-WS Inbound,Main and Cedar IB,526
10/22/2018 14:11,DCL Outbound-WS Inbound,Main and Cedar IB,526
10/22/2018 14:13,DCL Outbound-WS Inbound,Main and Schiller IB,526
10/22/2018 14:13,DCL Outbound-WS Inbound,Main and Schiller IB,526
10/22/2018 14:13,DCL Outbound-WS Inbound,Main and Schiller IB,526
10/22/2018 14:13,DCL Outbound-WS Inbound,Main and Schiller IB,526
10/22/2018 14:13,DCL Outbound-WS Inbound,Main and Schiller IB,526
10/22/2018 14:13,DCL Outbound-WS Inbound,Main and Schiller IB,526
10/22/2018 14:13,DCL Outbound-WS Inbound,Main and Schiller IB,526
10/22/2018 14:13,DCL Outbound-WS Inbound,Main and Schiller IB,526
10/22/2018 14:15,DCL Outbound-WS Inbound,Main and Helen IB,526
10/22/2018 14:17,DCL Outbound-WS Inbound,Floral and Cleveland IB,526
10/22/2018 14:17,DCL Outbound-WS Inbound,Floral and Burbank IB,526
10/22/2018 14:41,DCL Outbound-WS Inbound,Union,528
10/22/2018 14:41,DCL Outbound-WS Inbound,Union,528
10/22/2018 14:41,DCL Outbound-WS Inbound,Union,528
10/22/2018 14:41,DCL Outbound-WS Inbound,Union,528
10/22/2018 14:41,DCL Outbound-WS Inbound,Union,528
10/22/2018 14:41,DCL Outbound-WS Inbound,Union,528
10/22/2018 14:41,DCL Outbound-WS Inbound,Union,528
10/22/2018 14:41,DCL Outbound-WS Inbound,Union,528
10/22/2018 14:41,DCL Outbound-WS Inbound,Union,528
10/22/2018 14:41,DCL Outbound-WS Inbound,Union,528
10/22/2018 14:41,DCL Outbound-WS Inbound,Union,528
10/22/2018 14:41,DCL Outbound-WS Inbound,Union,528
10/22/2018 14:41,DCL Outbound-WS Inbound,Union,528
10/22/2018 14:42,DCL Outbound-WS Inbound,Union,528
10/22/2018 14:42,DCL Outbound-WS Inbound,Union,528
10/22/2018 14:42,DCL Outbound-WS Inbound,Union,528
10/22/2018 14:42,DCL Outbound-WS Inbound,Union,528
10/22/2018 14:42,DCL Outbound-WS Inbound,Union,528
10/22/2018 14:43,DCL Outbound-WS Inbound,Union,528
10/22/2018 14:44,DCL Outbound-WS Inbound,Union,528
10/22/2018 14:44,DCL Outbound-WS Inbound,Union,528
10/22/2018 14:44,DCL Outbound-WS Inbound,Union,528
10/22/2018 14:45,DCL Outbound-WS Inbound,Union,528
10/22/2018 14:48,DCL Outbound-WS Inbound,Physical Facilities,528
10/22/2018 15:01,DCL Outbound-WS Inbound,Leroy St and Laurel OB,528
10/22/2018 15:07,DCL Outbound-WS Inbound,UDC IB,528
10/22/2018 15:07,DCL Outbound-WS Inbound,UDC IB,528
10/22/2018 15:08,DCL Outbound-WS Inbound,UDC IB,528
10/22/2018 15:12,DCL Outbound-WS Inbound,Hawley IB,528
10/22/2018 15:12,DCL Outbound-WS Inbound,Hawley IB,528
10/22/2018 15:12,DCL Outbound-WS Inbound,Hawley IB,528
10/22/2018 15:12,DCL Outbound-WS Inbound,Hawley IB,528
10/22/2018 15:13,DCL Outbound-WS Inbound,Main and Front OB,528
10/22/2018 15:14,DCL Outbound-WS Inbound,Main and Murray IB,528
10/22/2018 15:14,DCL Outbound-WS Inbound,Main and Murray IB,528
10/22/2018 15:14,DCL Outbound-WS Inbound,Main and Murray IB,528
10/22/2018 15:14,DCL Outbound-WS Inbound,Main and Murray IB,528
10/22/2018 15:14,DCL Outbound-WS Inbound,Main and Murray IB,528
10/22/2018 15:14,DCL Outbound-WS Inbound,Main and Murray IB,528
10/22/2018 15:14,DCL Outbound-WS Inbound,Main and Murray IB,528
10/22/2018 15:15,DCL Outbound-WS Inbound,Union,21
10/22/2018 15:15,DCL Outbound-WS Inbound,Union,21
10/22/2018 15:15,DCL Outbound-WS Inbound,Union,21
10/22/2018 15:15,DCL Outbound-WS Inbound,Union,21
10/22/2018 15:15,DCL Outbound-WS Inbound,Union,21
10/22/2018 15:15,DCL Outbound-WS Inbound,Union,21
10/22/2018 15:15,DCL Outbound-WS Inbound,Union,21
10/22/2018 15:15,DCL Outbound-WS Inbound,Union,21
10/22/2018 15:15,DCL Outbound-WS Inbound,Union,21
10/22/2018 15:15,DCL Outbound-WS Inbound,Main and Mather,528
10/22/2018 15:15,DCL Outbound-WS Inbound,Union,21
10/22/2018 15:15,DCL Outbound-WS Inbound,Union,21
10/22/2018 15:15,DCL Outbound-WS Inbound,Main and Mather,528
10/22/2018 15:15,DCL Outbound-WS Inbound,Main and Mather,528
10/22/2018 15:15,DCL Outbound-WS Inbound,Main and Mather,528
10/22/2018 15:15,DCL Outbound-WS Inbound,Union,21
10/22/2018 15:15,DCL Outbound-WS Inbound,Union,21
10/22/2018 15:15,DCL Outbound-WS Inbound,Main and Mather,528
10/22/2018 15:15,DCL Outbound-WS Inbound,Union,21
10/22/2018 15:15,DCL Outbound-WS Inbound,Union,21
10/22/2018 15:15,DCL Outbound-WS Inbound,Union,21
10/22/2018 15:15,DCL Outbound-WS Inbound,Union,21
10/22/2018 15:16,DCL Outbound-WS Inbound,Union,21
10/22/2018 15:16,DCL Outbound-WS Inbound,Main and Cedar IB,528
10/22/2018 15:16,DCL Outbound-WS Inbound,Main and Cedar IB,528
10/22/2018 15:16,DCL Outbound-WS Inbound,Main and Cedar IB,528
10/22/2018 15:16,DCL Outbound-WS Inbound,Main and Cedar IB,528
10/22/2018 15:16,DCL Outbound-WS Inbound,Union,21
10/22/2018 15:16,DCL Outbound-WS Inbound,Union,21
10/22/2018 15:17,DCL Outbound-WS Inbound,Main and Clarke IB,528
10/22/2018 15:17,DCL Outbound-WS Inbound,Main and Clarke IB,528
10/22/2018 15:17,DCL Outbound-WS Inbound,Main and Clarke IB,528
10/22/2018 15:17,DCL Outbound-WS Inbound,Main and Clarke IB,528
10/22/2018 15:17,DCL Outbound-WS Inbound,Union,21
10/22/2018 15:18,DCL Outbound-WS Inbound,Union,21
10/22/2018 15:18,DCL Outbound-WS Inbound,Union,21
10/22/2018 15:18,DCL Outbound-WS Inbound,Main and Schiller IB,528
10/22/2018 15:18,DCL Outbound-WS Inbound,Main and Schiller IB,528
10/22/2018 15:18,DCL Outbound-WS Inbound,Main and Schiller IB,528
10/22/2018 15:18,DCL Outbound-WS Inbound,Main and Schiller IB,528
10/22/2018 15:21,DCL Outbound-WS Inbound,Main and Crary,528
10/22/2018 15:22,DCL Outbound-WS Inbound,Floral and Main IB,528
10/22/2018 15:23,DCL Outbound-WS Inbound,Floral and Cleveland IB,528
10/22/2018 15:23,DCL Outbound-WS Inbound,Floral and Cleveland IB,528
10/22/2018 15:23,DCL Outbound-WS Inbound,Floral and Cleveland IB,528
10/22/2018 15:23,DCL Outbound-WS Inbound,Floral and Cleveland IB,528
10/22/2018 15:24,DCL Outbound-WS Inbound,Floral and Willow IB,528
10/22/2018 15:24,DCL Outbound-WS Inbound,Floral and Willow IB,528
10/22/2018 15:25,DCL Outbound-WS Inbound,Floral and Roberts IB,528
10/22/2018 15:26,DCL Outbound-WS Inbound,Floral and Harrison IB,528
10/22/2018 15:27,DCL Outbound-WS Inbound,Floral and Cook,528
10/22/2018 15:31,DCL Outbound-WS Inbound,Academic A,528
10/22/2018 15:42,DCL Outbound-WS Inbound,Main and Front OB,21
10/22/2018 15:42,DCL Outbound-WS Inbound,Main and Front OB,21
10/22/2018 15:43,DCL Outbound-WS Inbound,Main and Murray IB,21
10/22/2018 15:43,DCL Outbound-WS Inbound,Main and Murray IB,21
10/22/2018 15:43,DCL Outbound-WS Inbound,Main and Murray IB,21
10/22/2018 15:44,DCL Outbound-WS Inbound,Main and Mather,21
10/22/2018 15:44,DCL Outbound-WS Inbound,Main and Mather,21
10/22/2018 15:45,DCL Outbound-WS Inbound,Main and Cedar IB,21
10/22/2018 15:45,DCL Outbound-WS Inbound,Main and Cedar IB,21
10/22/2018 15:46,DCL Outbound-WS Inbound,Main and Clarke IB,21
10/22/2018 15:46,DCL Outbound-WS Inbound,Main and Clarke IB,21
10/22/2018 15:46,DCL Outbound-WS Inbound,Main and Clarke IB,21
10/22/2018 15:47,DCL Outbound-WS Inbound,Main and Schiller IB,21
10/22/2018 15:47,DCL Outbound-WS Inbound,Main and Schiller IB,21
10/22/2018 15:47,DCL Outbound-WS Inbound,Main and Schiller IB,21
10/22/2018 15:47,DCL Outbound-WS Inbound,Main and Schiller IB,21
10/22/2018 15:49,DCL Outbound-WS Inbound,Main and Helen IB,21
10/22/2018 15:51,DCL Outbound-WS Inbound,Floral and Main IB,21
10/22/2018 15:52,DCL Outbound-WS Inbound,Floral and Willow IB,21
10/22/2018 16:19,DCL Outbound-WS Inbound,Union,55
10/22/2018 16:19,DCL Outbound-WS Inbound,Union,55
10/22/2018 16:20,DCL Outbound-WS Inbound,Union,55
10/22/2018 16:20,DCL Outbound-WS Inbound,Union,55
10/22/2018 16:20,DCL Outbound-WS Inbound,Union,55
10/22/2018 16:20,DCL Outbound-WS Inbound,Union,55
10/22/2018 16:20,DCL Outbound-WS Inbound,Union,55
10/22/2018 16:20,DCL Outbound-WS Inbound,Union,55
10/22/2018 16:20,DCL Outbound-WS Inbound,Union,55
10/22/2018 16:20,DCL Outbound-WS Inbound,Union,55
10/22/2018 16:20,DCL Outbound-WS Inbound,Union,55
10/22/2018 16:20,DCL Outbound-WS Inbound,Union,55
10/22/2018 16:20,DCL Outbound-WS Inbound,Union,55
10/22/2018 16:20,DCL Outbound-WS Inbound,Union,55
10/22/2018 16:20,DCL Outbound-WS Inbound,Union,55
10/22/2018 16:23,DCL Outbound-WS Inbound,Physical Facilities,55
10/22/2018 16:23,DCL Outbound-WS Inbound,Physical Facilities,55
10/22/2018 16:23,DCL Outbound-WS Inbound,Physical Facilities,55
10/22/2018 16:31,DCL Outbound-WS Inbound,Riverside and Beethoven OB,55
10/22/2018 16:43,DCL Outbound-WS Inbound,Hawley IB,55
10/22/2018 16:43,DCL Outbound-WS Inbound,Hawley IB,55
10/22/2018 16:44,DCL Outbound-WS Inbound,Main and Front OB,55
10/22/2018 16:45,DCL Outbound-WS Inbound,Main and Murray IB,55
10/22/2018 16:45,DCL Outbound-WS Inbound,Main and Murray IB,55
10/22/2018 16:45,DCL Outbound-WS Inbound,Main and Murray IB,55
10/22/2018 16:45,DCL Outbound-WS Inbound,Main and Murray IB,55
10/22/2018 16:46,DCL Outbound-WS Inbound,Main and Mather,55
10/22/2018 16:46,DCL Outbound-WS Inbound,Main and Mather,55
10/22/2018 16:46,DCL Outbound-WS Inbound,Main and Mather,55
10/22/2018 16:48,DCL Outbound-WS Inbound,Main and Clarke IB,55
10/22/2018 16:48,DCL Outbound-WS Inbound,Main and Clarke IB,55
10/22/2018 16:49,DCL Outbound-WS Inbound,Main and Schiller IB,55
10/22/2018 16:49,DCL Outbound-WS Inbound,Main and Schiller IB,55
10/22/2018 16:50,DCL Outbound-WS Inbound,Union,526
10/22/2018 16:50,DCL Outbound-WS Inbound,Union,526
10/22/2018 16:50,DCL Outbound-WS Inbound,Union,526
10/22/2018 16:50,DCL Outbound-WS Inbound,Union,526
10/22/2018 16:50,DCL Outbound-WS Inbound,Union,526
10/22/2018 16:50,DCL Outbound-WS Inbound,Union,526
10/22/2018 16:50,DCL Outbound-WS Inbound,Main and Schiller IB,55
10/22/2018 16:50,DCL Outbound-WS Inbound,Union,526
10/22/2018 16:50,DCL Outbound-WS Inbound,Union,526
10/22/2018 16:50,DCL Outbound-WS Inbound,Union,526
10/22/2018 16:50,DCL Outbound-WS Inbound,Union,526
10/22/2018 16:50,DCL Outbound-WS Inbound,Union,526
10/22/2018 16:50,DCL Outbound-WS Inbound,Union,526
10/22/2018 16:50,DCL Outbound-WS Inbound,Union,526
10/22/2018 16:50,DCL Outbound-WS Inbound,Union,526
10/22/2018 16:50,DCL Outbound-WS Inbound,Union,526
10/22/2018 16:50,DCL Outbound-WS Inbound,Union,526
10/22/2018 16:50,DCL Outbound-WS Inbound,Union,526
10/22/2018 16:50,DCL Outbound-WS Inbound,Union,526
10/22/2018 16:50,DCL Outbound-WS Inbound,Union,526
10/22/2018 16:50,DCL Outbound-WS Inbound,Union,526
10/22/2018 16:50,DCL Outbound-WS Inbound,Union,526
10/22/2018 16:50,DCL Outbound-WS Inbound,Union,526
10/22/2018 16:50,DCL Outbound-WS Inbound,Union,526
10/22/2018 16:50,DCL Outbound-WS Inbound,Union,526
10/22/2018 16:51,DCL Outbound-WS Inbound,Union,526
10/22/2018 16:51,DCL Outbound-WS Inbound,Union,526
10/22/2018 16:51,DCL Outbound-WS Inbound,Union,526
10/22/2018 16:51,DCL Outbound-WS Inbound,Union,526
10/22/2018 16:51,DCL Outbound-WS Inbound,Union,526
10/22/2018 16:51,DCL Outbound-WS Inbound,Union,526
10/22/2018 16:51,DCL Outbound-WS Inbound,Main and Helen IB,55
10/22/2018 16:51,DCL Outbound-WS Inbound,Main and Helen IB,55
10/22/2018 16:51,DCL Outbound-WS Inbound,Union,526
10/22/2018 16:51,DCL Outbound-WS Inbound,Union,526
10/22/2018 16:51,DCL Outbound-WS Inbound,Union,526
10/22/2018 16:53,DCL Outbound-WS Inbound,Floral and Cleveland IB,55
10/22/2018 16:53,DCL Outbound-WS Inbound,Floral and Cleveland IB,55
10/22/2018 16:53,DCL Outbound-WS Inbound,Physical Facilities,526
10/22/2018 17:10,DCL Outbound-WS Inbound,UDC IB,526
10/22/2018 17:12,DCL Outbound-WS Inbound,Hawley IB,526
10/22/2018 17:12,DCL Outbound-WS Inbound,Hawley IB,526
10/22/2018 17:13,DCL Outbound-WS Inbound,Main and Front OB,526
10/22/2018 17:13,DCL Outbound-WS Inbound,Main and Front OB,526
10/22/2018 17:13,DCL Outbound-WS Inbound,Main and Front OB,526
10/22/2018 17:14,DCL Outbound-WS Inbound,Main and Murray IB,526
10/22/2018 17:14,DCL Outbound-WS Inbound,Main and Murray IB,526
10/22/2018 17:14,DCL Outbound-WS Inbound,Main and Murray IB,526
10/22/2018 17:15,DCL Outbound-WS Inbound,Main and Mather,526
10/22/2018 17:15,DCL Outbound-WS Inbound,Main and Mather,526
10/22/2018 17:15,DCL Outbound-WS Inbound,Main and Mather,526
10/22/2018 17:15,DCL Outbound-WS Inbound,Main and Mather,526
10/22/2018 17:15,DCL Outbound-WS Inbound,Main and Mather,526
10/22/2018 17:16,DCL Outbound-WS Inbound,Main and Mather,526
10/22/2018 17:16,DCL Outbound-WS Inbound,Main and Mather,526
10/22/2018 17:16,DCL Outbound-WS Inbound,Main and Mather,526
10/22/2018 17:16,DCL Outbound-WS Inbound,Main and Mather,526
10/22/2018 17:16,DCL Outbound-WS Inbound,Main and Cedar IB,526
10/22/2018 17:16,DCL Outbound-WS Inbound,Main and Cedar IB,526
10/22/2018 17:17,DCL Outbound-WS Inbound,Main and Clarke IB,526
10/22/2018 17:18,DCL Outbound-WS Inbound,Main and Schiller IB,526
10/22/2018 17:18,DCL Outbound-WS Inbound,Main and Schiller IB,526
10/22/2018 17:18,DCL Outbound-WS Inbound,Main and Schiller IB,526
10/22/2018 17:18,DCL Outbound-WS Inbound,Main and Schiller IB,526
10/22/2018 17:18,DCL Outbound-WS Inbound,Main and Schiller IB,526
10/22/2018 17:18,DCL Outbound-WS Inbound,Main and Schiller IB,526
10/22/2018 17:18,DCL Outbound-WS Inbound,Main and Schiller IB,526
10/22/2018 17:18,DCL Outbound-WS Inbound,Main and Schiller IB,526
10/22/2018 17:18,DCL Outbound-WS Inbound,Main and Schiller IB,526
10/22/2018 17:19,DCL Outbound-WS Inbound,Main and Schiller IB,526
10/22/2018 17:19,DCL Outbound-WS Inbound,Main and Schiller IB,526
10/22/2018 17:19,DCL Outbound-WS Inbound,Main and Schiller IB,526
10/22/2018 17:19,DCL Outbound-WS Inbound,Main and Schiller IB,526
10/22/2018 17:19,DCL Outbound-WS Inbound,Main and Schiller IB,526
10/22/2018 17:19,DCL Outbound-WS Inbound,Main and Schiller IB,526
10/22/2018 17:19,DCL Outbound-WS Inbound,Main and Schiller IB,526
10/22/2018 17:20,DCL Outbound-WS Inbound,Union,43
10/22/2018 17:21,DCL Outbound-WS Inbound,Union,43
10/22/2018 17:21,DCL Outbound-WS Inbound,Union,43
10/22/2018 17:21,DCL Outbound-WS Inbound,Union,43
10/22/2018 17:21,DCL Outbound-WS Inbound,Union,43
10/22/2018 17:21,DCL Outbound-WS Inbound,Union,43
10/22/2018 17:21,DCL Outbound-WS Inbound,Union,43
10/22/2018 17:21,DCL Outbound-WS Inbound,Union,43
10/22/2018 17:21,DCL Outbound-WS Inbound,Union,43
10/22/2018 17:21,DCL Outbound-WS Inbound,Union,43
10/22/2018 17:22,DCL Outbound-WS Inbound,Floral and Cleveland IB,526
10/22/2018 17:24,DCL Outbound-WS Inbound,Floral and Roberts IB,526
10/22/2018 17:24,DCL Outbound-WS Inbound,Physical Facilities,43
10/22/2018 17:44,DCL Outbound-WS Inbound,Hawley IB,43
10/22/2018 17:44,DCL Outbound-WS Inbound,Hawley IB,43
10/22/2018 17:45,DCL Outbound-WS Inbound,Main and Murray IB,43
10/22/2018 17:45,DCL Outbound-WS Inbound,Main and Murray IB,43
10/22/2018 17:45,DCL Outbound-WS Inbound,Main and Murray IB,43
10/22/2018 17:46,DCL Outbound-WS Inbound,Main and Mather,43
10/22/2018 17:46,DCL Outbound-WS Inbound,Main and Mather,43
10/22/2018 17:46,DCL Outbound-WS Inbound,Main and Mather,43
10/22/2018 17:46,DCL Outbound-WS Inbound,Main and Mather,43
10/22/2018 17:47,DCL Outbound-WS Inbound,Main and Cedar IB,43
10/22/2018 17:47,DCL Outbound-WS Inbound,Main and Cedar IB,43
10/22/2018 17:48,DCL Outbound-WS Inbound,Main and Cedar IB,43
10/22/2018 17:48,DCL Outbound-WS Inbound,Main and Clarke IB,43
10/22/2018 17:48,DCL Outbound-WS Inbound,Main and Clarke IB,43
10/22/2018 17:48,DCL Outbound-WS Inbound,Main and Clarke IB,43
10/22/2018 17:48,DCL Outbound-WS Inbound,Union,21
10/22/2018 17:48,DCL Outbound-WS Inbound,Union,21
10/22/2018 17:48,DCL Outbound-WS Inbound,Union,21
10/22/2018 17:48,DCL Outbound-WS Inbound,Union,21
10/22/2018 17:48,DCL Outbound-WS Inbound,Union,21
10/22/2018 17:48,DCL Outbound-WS Inbound,Union,21
10/22/2018 17:48,DCL Outbound-WS Inbound,Union,21
10/22/2018 17:48,DCL Outbound-WS Inbound,Union,21
10/22/2018 17:49,DCL Outbound-WS Inbound,Union,21
10/22/2018 17:49,DCL Outbound-WS Inbound,Union,21
10/22/2018 17:49,DCL Outbound-WS Inbound,Union,21
10/22/2018 17:49,DCL Outbound-WS Inbound,Union,21
10/22/2018 17:49,DCL Outbound-WS Inbound,Union,21
10/22/2018 17:49,DCL Outbound-WS Inbound,Union,21
10/22/2018 17:49,DCL Outbound-WS Inbound,Union,21
10/22/2018 17:49,DCL Outbound-WS Inbound,Union,21
10/22/2018 17:49,DCL Outbound-WS Inbound,Union,21
10/22/2018 17:49,DCL Outbound-WS Inbound,Union,21
10/22/2018 17:49,DCL Outbound-WS Inbound,Union,21
10/22/2018 17:49,DCL Outbound-WS Inbound,Union,21
10/22/2018 17:49,DCL Outbound-WS Inbound,Union,21
10/22/2018 17:49,DCL Outbound-WS Inbound,Union,21
10/22/2018 17:49,DCL Outbound-WS Inbound,Union,21
10/22/2018 17:49,DCL Outbound-WS Inbound,Union,21
10/22/2018 17:49,DCL Outbound-WS Inbound,Union,21
10/22/2018 17:49,DCL Outbound-WS Inbound,Union,21
10/22/2018 17:50,DCL Outbound-WS Inbound,Main and Schiller IB,43
10/22/2018 17:50,DCL Outbound-WS Inbound,Main and Schiller IB,43
10/22/2018 17:51,DCL Outbound-WS Inbound,Main and Helen IB,43
10/22/2018 17:51,DCL Outbound-WS Inbound,Main and Helen IB,43
10/22/2018 17:52,DCL Outbound-WS Inbound,Main and Crestmont IB,43
10/22/2018 17:53,DCL Outbound-WS Inbound,Floral and Cleveland IB,43
10/22/2018 17:55,DCL Outbound-WS Inbound,Floral and Harrison IB,43
10/22/2018 17:56,DCL Outbound-WS Inbound,Floral and Cook,43
10/22/2018 18:09,DCL Outbound-WS Inbound,UDC IB,21
10/22/2018 18:11,DCL Outbound-WS Inbound,Hawley IB,21
10/22/2018 18:11,DCL Outbound-WS Inbound,Hawley IB,21
10/22/2018 18:11,DCL Outbound-WS Inbound,Hawley IB,21
10/22/2018 18:11,DCL Outbound-WS Inbound,Hawley IB,21
10/22/2018 18:12,DCL Outbound-WS Inbound,Main and Front OB,21
10/22/2018 18:12,DCL Outbound-WS Inbound,Main and Front OB,21
10/22/2018 18:14,DCL Outbound-WS Inbound,Main and Mather,21
10/22/2018 18:14,DCL Outbound-WS Inbound,Main and Mather,21
10/22/2018 18:14,DCL Outbound-WS Inbound,Main and Mather,21
10/22/2018 18:16,DCL Outbound-WS Inbound,Main and Schiller IB,21
10/22/2018 18:16,DCL Outbound-WS Inbound,Main and Schiller IB,21
10/22/2018 18:16,DCL Outbound-WS Inbound,Main and Schiller IB,21
10/22/2018 18:16,DCL Outbound-WS Inbound,Main and Schiller IB,21
10/22/2018 18:16,DCL Outbound-WS Inbound,Main and Schiller IB,21
10/22/2018 18:17,DCL Outbound-WS Inbound,Main and Schiller IB,21
10/22/2018 18:18,DCL Outbound-WS Inbound,Main and Helen IB,21
10/22/2018 18:19,DCL Outbound-WS Inbound,Union,528
10/22/2018 18:20,DCL Outbound-WS Inbound,Union,528
10/22/2018 18:20,DCL Outbound-WS Inbound,Union,528
10/22/2018 18:20,DCL Outbound-WS Inbound,Union,528
10/22/2018 18:20,DCL Outbound-WS Inbound,Union,528
10/22/2018 18:21,DCL Outbound-WS Inbound,Floral and Cleveland IB,21
10/22/2018 18:21,DCL Outbound-WS Inbound,Floral and Cleveland IB,21
10/22/2018 18:21,DCL Outbound-WS Inbound,Floral and Burbank IB,21
10/22/2018 18:35,DCL Outbound-WS Inbound,Leroy St and Murray OB,528
10/22/2018 18:35,DCL Outbound-WS Inbound,Leroy St and Murray OB,528
10/22/2018 18:35,DCL Outbound-WS Inbound,Leroy St and Murray OB,528
10/22/2018 18:35,DCL Outbound-WS Inbound,Leroy St and Murray OB,528
10/22/2018 18:35,DCL Outbound-WS Inbound,Leroy St and Murray OB,528
10/22/2018 18:44,DCL Outbound-WS Inbound,Hawley IB,528
10/22/2018 18:45,DCL Outbound-WS Inbound,Main and Murray IB,528
10/22/2018 18:45,DCL Outbound-WS Inbound,Main and Murray IB,528
10/22/2018 18:45,DCL Outbound-WS Inbound,Main and Murray IB,528
10/22/2018 18:45,DCL Outbound-WS Inbound,Main and Murray IB,528
10/22/2018 18:45,DCL Outbound-WS Inbound,Main and Murray IB,528
10/22/2018 18:47,DCL Outbound-WS Inbound,Main and Mather,528
10/22/2018 18:47,DCL Outbound-WS Inbound,Main and Mather,528
10/22/2018 18:48,DCL Outbound-WS Inbound,Main and Clarke IB,528
10/22/2018 18:48,DCL Outbound-WS Inbound,Main and Clarke IB,528
10/22/2018 18:49,DCL Outbound-WS Inbound,Main and Schiller IB,528
10/22/2018 18:49,DCL Outbound-WS Inbound,Main and Schiller IB,528
10/22/2018 18:49,DCL Outbound-WS Inbound,Main and Schiller IB,528
10/22/2018 18:51,DCL Outbound-WS Inbound,Main and Helen IB,528
10/22/2018 18:54,DCL Outbound-WS Inbound,Floral and Cleveland IB,528
10/22/2018 19:03,DCL Outbound-WS Inbound,Union,528
10/22/2018 19:03,DCL Outbound-WS Inbound,Union,528
10/22/2018 19:03,DCL Outbound-WS Inbound,Union,528
10/22/2018 19:03,DCL Outbound-WS Inbound,Union,528
10/22/2018 19:03,DCL Outbound-WS Inbound,Union,528
10/22/2018 19:03,DCL Outbound-WS Inbound,Union,528
10/22/2018 19:03,DCL Outbound-WS Inbound,Union,528
10/22/2018 19:03,DCL Outbound-WS Inbound,Union,528
10/22/2018 19:03,DCL Outbound-WS Inbound,Union,528
10/22/2018 19:03,DCL Outbound-WS Inbound,Union,528
10/22/2018 19:03,DCL Outbound-WS Inbound,Union,528
10/22/2018 19:03,DCL Outbound-WS Inbound,Union,528
10/22/2018 19:03,DCL Outbound-WS Inbound,Union,528
10/22/2018 19:03,DCL Outbound-WS Inbound,Union,528
10/22/2018 19:03,DCL Outbound-WS Inbound,Union,528
10/22/2018 19:03,DCL Outbound-WS Inbound,Union,528
10/22/2018 19:05,DCL Outbound-WS Inbound,Leroy St and Murray OB,891
10/22/2018 19:08,DCL Outbound-WS Inbound,UDC IB,891
10/22/2018 19:09,DCL Outbound-WS Inbound,UDC IB,891
10/22/2018 19:09,DCL Outbound-WS Inbound,UDC IB,891
10/22/2018 19:13,DCL Outbound-WS Inbound,Hawley IB,891
10/22/2018 19:15,DCL Outbound-WS Inbound,Main and Murray IB,891
10/22/2018 19:15,DCL Outbound-WS Inbound,Main and Murray IB,891
10/22/2018 19:16,DCL Outbound-WS Inbound,Main and Mather,891
10/22/2018 19:16,DCL Outbound-WS Inbound,Main and Mather,891
10/22/2018 19:16,DCL Outbound-WS Inbound,Main and Mather,891
10/22/2018 19:16,DCL Outbound-WS Inbound,Main and Mather,891
10/22/2018 19:16,DCL Outbound-WS Inbound,Main and Mather,891
10/22/2018 19:17,DCL Outbound-WS Inbound,Main and Clarke IB,891
10/22/2018 19:18,DCL Outbound-WS Inbound,Main and Schiller IB,891
10/22/2018 19:18,DCL Outbound-WS Inbound,Main and Schiller IB,891
10/22/2018 19:18,DCL Outbound-WS Inbound,Main and Schiller IB,891
10/22/2018 19:19,DCL Outbound-WS Inbound,Main and Schiller IB,891
10/22/2018 19:31,DCL Outbound-WS Inbound,Union,526
10/22/2018 19:31,DCL Outbound-WS Inbound,Union,526
10/22/2018 19:31,DCL Outbound-WS Inbound,Union,526
10/22/2018 19:31,DCL Outbound-WS Inbound,Union,526
10/22/2018 19:31,DCL Outbound-WS Inbound,Union,526
10/22/2018 19:31,DCL Outbound-WS Inbound,Union,526
10/22/2018 19:31,DCL Outbound-WS Inbound,Union,526
10/22/2018 19:32,DCL Outbound-WS Inbound,Union,526
10/22/2018 19:32,DCL Outbound-WS Inbound,Union,526
10/22/2018 19:32,DCL Outbound-WS Inbound,Union,891
10/22/2018 19:32,DCL Outbound-WS Inbound,Union,891
10/22/2018 19:32,DCL Outbound-WS Inbound,Union,891
10/22/2018 19:32,DCL Outbound-WS Inbound,Union,891
10/22/2018 19:32,DCL Outbound-WS Inbound,Union,891
10/22/2018 19:32,DCL Outbound-WS Inbound,Union,526
10/22/2018 19:32,DCL Outbound-WS Inbound,Union,891
10/22/2018 19:32,DCL Outbound-WS Inbound,Union,891
10/22/2018 19:32,DCL Outbound-WS Inbound,Union,891
10/22/2018 19:32,DCL Outbound-WS Inbound,Union,891
10/22/2018 19:32,DCL Outbound-WS Inbound,Union,891
10/22/2018 19:32,DCL Outbound-WS Inbound,Union,526
10/22/2018 19:32,DCL Outbound-WS Inbound,Union,526
10/22/2018 19:32,DCL Outbound-WS Inbound,Union,526
10/22/2018 19:32,DCL Outbound-WS Inbound,Union,526
10/22/2018 19:33,DCL Outbound-WS Inbound,Union,526
10/22/2018 19:33,DCL Outbound-WS Inbound,Union,526
10/22/2018 19:34,DCL Outbound-WS Inbound,Union,526
10/22/2018 19:34,DCL Outbound-WS Inbound,Union,526
10/22/2018 19:34,DCL Outbound-WS Inbound,Union,526
10/22/2018 19:35,DCL Outbound-WS Inbound,Union,526
10/22/2018 19:37,DCL Outbound-WS Inbound,Union,526
10/22/2018 19:37,DCL Outbound-WS Inbound,Union,526
10/22/2018 19:39,DCL Outbound-WS Inbound,Union,526
10/22/2018 19:41,DCL Outbound-WS Inbound,Union,526
10/22/2018 19:41,DCL Outbound-WS Inbound,Union,526
10/22/2018 19:43,DCL Outbound-WS Inbound,Union,526
10/22/2018 19:43,DCL Outbound-WS Inbound,Union,526
10/22/2018 19:43,DCL Outbound-WS Inbound,Union,526
10/22/2018 19:43,DCL Outbound-WS Inbound,Union,526
10/22/2018 19:43,DCL Outbound-WS Inbound,Union,526
10/22/2018 19:43,DCL Outbound-WS Inbound,Union,526
10/22/2018 19:43,DCL Outbound-WS Inbound,Union,526
10/22/2018 19:43,DCL Outbound-WS Inbound,Union,526
10/22/2018 19:43,DCL Outbound-WS Inbound,Union,526
10/22/2018 19:44,DCL Outbound-WS Inbound,Union,526
10/22/2018 19:44,DCL Outbound-WS Inbound,Union,526
10/22/2018 19:44,DCL Outbound-WS Inbound,Union,526
10/22/2018 19:44,DCL Outbound-WS Inbound,Union,526
10/22/2018 19:47,DCL Outbound-WS Inbound,Physical Facilities,526
10/22/2018 19:48,DCL Outbound-WS Inbound,Physical Facilities,526
