Start Date:10/15/2018 7:00 AM End Date:10/15/2018 8:00 PM,,,
DateTime,CorridorName,StopName,VehicleID
10/15/2018 7:26,DCL Outbound-WS Inbound,Riverside and Beethoven OB,526
10/15/2018 7:29,DCL Outbound-WS Inbound,Leroy St and Chestnut OB,526
10/15/2018 7:40,DCL Outbound-WS Inbound,Main and Murray IB,526
10/15/2018 7:41,DCL Outbound-WS Inbound,Main and Mather,526
10/15/2018 7:41,DCL Outbound-WS Inbound,Main and Mather,526
10/15/2018 7:41,DCL Outbound-WS Inbound,Main and Mather,526
10/15/2018 7:43,DCL Outbound-WS Inbound,Main and Cedar IB,526
10/15/2018 7:43,DCL Outbound-WS Inbound,Main and Clarke IB,526
10/15/2018 7:43,DCL Outbound-WS Inbound,Main and Clarke IB,526
10/15/2018 7:44,DCL Outbound-WS Inbound,Main and Schiller IB,526
10/15/2018 7:44,DCL Outbound-WS Inbound,Main and Schiller IB,526
10/15/2018 7:45,DCL Outbound-WS Inbound,Main and Schiller IB,526
10/15/2018 7:45,DCL Outbound-WS Inbound,Main and Schiller IB,526
10/15/2018 7:46,DCL Outbound-WS Inbound,UDC,42
10/15/2018 7:48,DCL Outbound-WS Inbound,Hawley IB,42
10/15/2018 7:48,DCL Outbound-WS Inbound,Hawley IB,42
10/15/2018 7:48,DCL Outbound-WS Inbound,Hawley IB,42
10/15/2018 7:48,DCL Outbound-WS Inbound,Floral and Main IB,526
10/15/2018 7:48,DCL Outbound-WS Inbound,Hawley IB,42
10/15/2018 7:49,DCL Outbound-WS Inbound,Floral and Cleveland IB,526
10/15/2018 7:49,DCL Outbound-WS Inbound,Floral and Cleveland IB,526
10/15/2018 7:49,DCL Outbound-WS Inbound,Main and Front OB,42
10/15/2018 7:49,DCL Outbound-WS Inbound,Main and Front OB,42
10/15/2018 7:49,DCL Outbound-WS Inbound,Main and Front OB,42
10/15/2018 7:49,DCL Outbound-WS Inbound,Main and Front OB,42
10/15/2018 7:50,DCL Outbound-WS Inbound,Floral and Willow IB,526
10/15/2018 7:50,DCL Outbound-WS Inbound,Main and Murray IB,42
10/15/2018 7:50,DCL Outbound-WS Inbound,Main and Murray IB,42
10/15/2018 7:50,DCL Outbound-WS Inbound,Main and Murray IB,42
10/15/2018 7:50,DCL Outbound-WS Inbound,Main and Murray IB,42
10/15/2018 7:50,DCL Outbound-WS Inbound,Floral and Roberts IB,526
10/15/2018 7:51,DCL Outbound-WS Inbound,Union,889
10/15/2018 7:52,DCL Outbound-WS Inbound,Main and Mather,42
10/15/2018 7:52,DCL Outbound-WS Inbound,Main and Mather,42
10/15/2018 7:52,DCL Outbound-WS Inbound,Main and Mather,42
10/15/2018 7:52,DCL Outbound-WS Inbound,Main and Mather,42
10/15/2018 7:53,DCL Outbound-WS Inbound,Main and Cedar IB,42
10/15/2018 7:53,DCL Outbound-WS Inbound,Main and Cedar IB,42
10/15/2018 7:53,DCL Outbound-WS Inbound,Main and Clarke IB,42
10/15/2018 7:53,DCL Outbound-WS Inbound,Main and Clarke IB,42
10/15/2018 7:53,DCL Outbound-WS Inbound,Main and Clarke IB,42
10/15/2018 7:54,DCL Outbound-WS Inbound,Main and Schiller IB,42
10/15/2018 7:54,DCL Outbound-WS Inbound,Main and Schiller IB,42
10/15/2018 7:54,DCL Outbound-WS Inbound,Main and Schiller IB,42
10/15/2018 7:54,DCL Outbound-WS Inbound,Main and Schiller IB,42
10/15/2018 7:54,DCL Outbound-WS Inbound,Main and Schiller IB,42
10/15/2018 7:54,DCL Outbound-WS Inbound,Main and Schiller IB,42
10/15/2018 7:54,DCL Outbound-WS Inbound,Main and Schiller IB,42
10/15/2018 7:54,DCL Outbound-WS Inbound,Main and Schiller IB,42
10/15/2018 7:56,DCL Outbound-WS Inbound,Main and Helen IB,42
10/15/2018 7:58,DCL Outbound-WS Inbound,Floral and Cleveland IB,42
10/15/2018 7:58,DCL Outbound-WS Inbound,Floral and Cleveland IB,42
10/15/2018 7:59,DCL Outbound-WS Inbound,Floral and Willow IB,42
10/15/2018 7:59,DCL Outbound-WS Inbound,Floral and Roberts OB,42
10/15/2018 8:04,DCL Outbound-WS Inbound,Leroy St and Murray OB,889
10/15/2018 8:10,DCL Outbound-WS Inbound,Hawley IB,889
10/15/2018 8:10,DCL Outbound-WS Inbound,Hawley IB,889
10/15/2018 8:10,DCL Outbound-WS Inbound,Hawley IB,889
10/15/2018 8:10,DCL Outbound-WS Inbound,Hawley IB,889
10/15/2018 8:11,DCL Outbound-WS Inbound,Main and Front OB,889
10/15/2018 8:11,DCL Outbound-WS Inbound,Main and Front OB,889
10/15/2018 8:11,DCL Outbound-WS Inbound,Main and Front OB,889
10/15/2018 8:11,DCL Outbound-WS Inbound,Main and Front OB,889
10/15/2018 8:12,DCL Outbound-WS Inbound,Main and Murray IB,889
10/15/2018 8:12,DCL Outbound-WS Inbound,Main and Murray IB,889
10/15/2018 8:12,DCL Outbound-WS Inbound,UDC,37
10/15/2018 8:12,DCL Outbound-WS Inbound,UDC,37
10/15/2018 8:12,DCL Outbound-WS Inbound,UDC,37
10/15/2018 8:12,DCL Outbound-WS Inbound,UDC,37
10/15/2018 8:13,DCL Outbound-WS Inbound,Main and Mather,889
10/15/2018 8:14,DCL Outbound-WS Inbound,Main and Cedar IB,43
10/15/2018 8:15,DCL Outbound-WS Inbound,Main and Clarke IB,43
10/15/2018 8:15,DCL Outbound-WS Inbound,Main and Clarke IB,889
10/15/2018 8:16,DCL Outbound-WS Inbound,Main and Schiller IB,889
10/15/2018 8:17,DCL Outbound-WS Inbound,Main and Schiller IB,889
10/15/2018 8:17,DCL Outbound-WS Inbound,Main and Schiller IB,889
10/15/2018 8:18,DCL Outbound-WS Inbound,Main and Helen IB,889
10/15/2018 8:20,DCL Outbound-WS Inbound,Main and Mather,37
10/15/2018 8:21,DCL Outbound-WS Inbound,Main and Cedar IB,37
10/15/2018 8:21,DCL Outbound-WS Inbound,Main and Cedar IB,37
10/15/2018 8:21,DCL Outbound-WS Inbound,Floral and Harrison IB,889
10/15/2018 8:22,DCL Outbound-WS Inbound,Main and Schiller IB,37
10/15/2018 8:22,DCL Outbound-WS Inbound,Main and Schiller IB,37
10/15/2018 8:25,DCL Outbound-WS Inbound,Floral and Cleveland IB,37
10/15/2018 8:25,DCL Outbound-WS Inbound,Floral and Cleveland IB,37
10/15/2018 8:29,DCL Outbound-WS Inbound,Leroy St and Murray OB,527
10/15/2018 8:30,DCL Outbound-WS Inbound,Union,43
10/15/2018 8:32,DCL Outbound-WS Inbound,UDC IB,527
10/15/2018 8:36,DCL Outbound-WS Inbound,UDC IB,527
10/15/2018 8:38,DCL Outbound-WS Inbound,UDC IB,527
10/15/2018 8:38,DCL Outbound-WS Inbound,UDC IB,527
10/15/2018 8:40,DCL Outbound-WS Inbound,UDC,43
10/15/2018 8:40,DCL Outbound-WS Inbound,UDC,43
10/15/2018 8:40,DCL Outbound-WS Inbound,UDC,43
10/15/2018 8:40,DCL Outbound-WS Inbound,UDC,43
10/15/2018 8:40,DCL Outbound-WS Inbound,Main and Front OB,527
10/15/2018 8:41,DCL Outbound-WS Inbound,UDC,43
10/15/2018 8:41,DCL Outbound-WS Inbound,UDC,43
10/15/2018 8:42,DCL Outbound-WS Inbound,Main and Murray IB,527
10/15/2018 8:42,DCL Outbound-WS Inbound,Main and Mather,527
10/15/2018 8:42,DCL Outbound-WS Inbound,Main and Mather,527
10/15/2018 8:42,DCL Outbound-WS Inbound,Main and Mather,527
10/15/2018 8:42,DCL Outbound-WS Inbound,Main and Mather,527
10/15/2018 8:43,DCL Outbound-WS Inbound,UDC,43
10/15/2018 8:43,DCL Outbound-WS Inbound,UDC,43
10/15/2018 8:44,DCL Outbound-WS Inbound,UDC,43
10/15/2018 8:44,DCL Outbound-WS Inbound,UDC,43
10/15/2018 8:44,DCL Outbound-WS Inbound,UDC,43
10/15/2018 8:46,DCL Outbound-WS Inbound,UDC,43
10/15/2018 8:47,DCL Outbound-WS Inbound,Hawley IB,526
10/15/2018 8:49,DCL Outbound-WS Inbound,Main and Murray IB,526
10/15/2018 8:50,DCL Outbound-WS Inbound,Floral and Willow IB,527
10/15/2018 8:50,DCL Outbound-WS Inbound,Floral and Willow IB,527
10/15/2018 8:50,DCL Outbound-WS Inbound,Floral and Willow IB,527
10/15/2018 8:51,DCL Outbound-WS Inbound,Floral and Harrison IB,527
10/15/2018 8:52,DCL Outbound-WS Inbound,Main and Schiller IB,526
10/15/2018 8:52,DCL Outbound-WS Inbound,Main and Schiller IB,526
10/15/2018 8:55,DCL Outbound-WS Inbound,Main and Crary,526
10/15/2018 8:56,DCL Outbound-WS Inbound,Floral and Main IB,526
10/15/2018 8:57,DCL Outbound-WS Inbound,Floral and Cleveland IB,526
10/15/2018 8:58,DCL Outbound-WS Inbound,Union,527
10/15/2018 8:58,DCL Outbound-WS Inbound,Union,527
10/15/2018 8:58,DCL Outbound-WS Inbound,Union,527
10/15/2018 8:58,DCL Outbound-WS Inbound,Union,527
10/15/2018 8:58,DCL Outbound-WS Inbound,Union,527
10/15/2018 8:59,DCL Outbound-WS Inbound,Union,527
10/15/2018 8:59,DCL Outbound-WS Inbound,UDC IB,42
10/15/2018 8:59,DCL Outbound-WS Inbound,UDC IB,42
10/15/2018 9:00,DCL Outbound-WS Inbound,UDC IB,42
10/15/2018 9:02,DCL Outbound-WS Inbound,Hawley IB,42
10/15/2018 9:02,DCL Outbound-WS Inbound,Hawley IB,42
10/15/2018 9:03,DCL Outbound-WS Inbound,Main and Front OB,42
10/15/2018 9:03,DCL Outbound-WS Inbound,Main and Front OB,42
10/15/2018 9:04,DCL Outbound-WS Inbound,Leroy St and Chestnut OB,889
10/15/2018 9:04,DCL Outbound-WS Inbound,Leroy St and Chestnut OB,889
10/15/2018 9:04,DCL Outbound-WS Inbound,Main and Murray IB,42
10/15/2018 9:04,DCL Outbound-WS Inbound,Main and Murray IB,42
10/15/2018 9:04,DCL Outbound-WS Inbound,Main and Murray IB,42
10/15/2018 9:04,DCL Outbound-WS Inbound,Main and Murray IB,42
10/15/2018 9:04,DCL Outbound-WS Inbound,Leroy St and Murray OB,889
10/15/2018 9:05,DCL Outbound-WS Inbound,Leroy St and Murray OB,889
10/15/2018 9:05,DCL Outbound-WS Inbound,Main and Mather,42
10/15/2018 9:05,DCL Outbound-WS Inbound,Main and Mather,42
10/15/2018 9:05,DCL Outbound-WS Inbound,Main and Mather,42
10/15/2018 9:05,DCL Outbound-WS Inbound,Main and Mather,42
10/15/2018 9:05,DCL Outbound-WS Inbound,Main and Mather,42
10/15/2018 9:06,DCL Outbound-WS Inbound,Union,526
10/15/2018 9:06,DCL Outbound-WS Inbound,Union,526
10/15/2018 9:06,DCL Outbound-WS Inbound,Main and Cedar IB,42
10/15/2018 9:06,DCL Outbound-WS Inbound,Main and Cedar IB,42
10/15/2018 9:06,DCL Outbound-WS Inbound,Main and Cedar IB,42
10/15/2018 9:06,DCL Outbound-WS Inbound,Main and Cedar IB,42
10/15/2018 9:07,DCL Outbound-WS Inbound,Main and Cedar IB,42
10/15/2018 9:07,DCL Outbound-WS Inbound,Main and Clarke IB,42
10/15/2018 9:07,DCL Outbound-WS Inbound,Main and Clarke IB,42
10/15/2018 9:07,DCL Outbound-WS Inbound,Main and Clarke IB,42
10/15/2018 9:07,DCL Outbound-WS Inbound,Main and Clarke IB,42
10/15/2018 9:08,DCL Outbound-WS Inbound,Main and Clarke IB,42
10/15/2018 9:08,DCL Outbound-WS Inbound,UDC IB,889
10/15/2018 9:08,DCL Outbound-WS Inbound,Union,526
10/15/2018 9:09,DCL Outbound-WS Inbound,Main and Schiller IB,42
10/15/2018 9:09,DCL Outbound-WS Inbound,Main and Schiller IB,42
10/15/2018 9:09,DCL Outbound-WS Inbound,Main and Schiller IB,42
10/15/2018 9:09,DCL Outbound-WS Inbound,Main and Schiller IB,42
10/15/2018 9:09,DCL Outbound-WS Inbound,Main and Schiller IB,42
10/15/2018 9:09,DCL Outbound-WS Inbound,Main and Schiller IB,42
10/15/2018 9:09,DCL Outbound-WS Inbound,Main and Schiller IB,42
10/15/2018 9:09,DCL Outbound-WS Inbound,Union,526
10/15/2018 9:11,DCL Outbound-WS Inbound,Hawley IB,889
10/15/2018 9:11,DCL Outbound-WS Inbound,Hawley IB,889
10/15/2018 9:11,DCL Outbound-WS Inbound,Hawley IB,889
10/15/2018 9:11,DCL Outbound-WS Inbound,Hawley IB,889
10/15/2018 9:11,DCL Outbound-WS Inbound,Hawley IB,889
10/15/2018 9:11,DCL Outbound-WS Inbound,Main and Crary,42
10/15/2018 9:13,DCL Outbound-WS Inbound,Floral and Main IB,42
10/15/2018 9:13,DCL Outbound-WS Inbound,Floral and Main IB,42
10/15/2018 9:13,DCL Outbound-WS Inbound,Main and Murray IB,889
10/15/2018 9:13,DCL Outbound-WS Inbound,Main and Murray IB,889
10/15/2018 9:13,DCL Outbound-WS Inbound,Main and Murray IB,889
10/15/2018 9:13,DCL Outbound-WS Inbound,Main and Murray IB,889
10/15/2018 9:13,DCL Outbound-WS Inbound,Main and Murray IB,889
10/15/2018 9:13,DCL Outbound-WS Inbound,Main and Murray IB,889
10/15/2018 9:13,DCL Outbound-WS Inbound,Main and Murray IB,889
10/15/2018 9:13,DCL Outbound-WS Inbound,Main and Murray IB,889
10/15/2018 9:14,DCL Outbound-WS Inbound,Main and Murray IB,889
10/15/2018 9:14,DCL Outbound-WS Inbound,Main and Murray IB,889
10/15/2018 9:14,DCL Outbound-WS Inbound,Main and Murray IB,889
10/15/2018 9:14,DCL Outbound-WS Inbound,Floral and Cleveland IB,42
10/15/2018 9:14,DCL Outbound-WS Inbound,Main and Murray IB,889
10/15/2018 9:14,DCL Outbound-WS Inbound,Main and Murray IB,889
10/15/2018 9:14,DCL Outbound-WS Inbound,Main and Murray IB,889
10/15/2018 9:14,DCL Outbound-WS Inbound,Floral and Burbank IB,42
10/15/2018 9:14,DCL Outbound-WS Inbound,Main and Murray IB,889
10/15/2018 9:14,DCL Outbound-WS Inbound,Floral and Burbank IB,42
10/15/2018 9:15,DCL Outbound-WS Inbound,Main and Mather,889
10/15/2018 9:15,DCL Outbound-WS Inbound,Main and Mather,889
10/15/2018 9:15,DCL Outbound-WS Inbound,Main and Mather,889
10/15/2018 9:15,DCL Outbound-WS Inbound,Main and Mather,889
10/15/2018 9:15,DCL Outbound-WS Inbound,Main and Mather,889
10/15/2018 9:15,DCL Outbound-WS Inbound,Main and Mather,889
10/15/2018 9:15,DCL Outbound-WS Inbound,Floral and Roberts IB,42
10/15/2018 9:16,DCL Outbound-WS Inbound,Union,37
10/15/2018 9:16,DCL Outbound-WS Inbound,Floral and Harrison IB,42
10/15/2018 9:16,DCL Outbound-WS Inbound,Union,37
10/15/2018 9:16,DCL Outbound-WS Inbound,Main and Cedar IB,889
10/15/2018 9:16,DCL Outbound-WS Inbound,Main and Cedar IB,889
10/15/2018 9:17,DCL Outbound-WS Inbound,Main and Clarke IB,889
10/15/2018 9:17,DCL Outbound-WS Inbound,Hawley IB,527
10/15/2018 9:17,DCL Outbound-WS Inbound,Main and Schiller IB,889
10/15/2018 9:17,DCL Outbound-WS Inbound,Main and Schiller IB,889
10/15/2018 9:17,DCL Outbound-WS Inbound,Main and Schiller IB,889
10/15/2018 9:18,DCL Outbound-WS Inbound,Main and Schiller IB,889
10/15/2018 9:18,DCL Outbound-WS Inbound,Main and Schiller IB,889
10/15/2018 9:18,DCL Outbound-WS Inbound,Main and Front OB,527
10/15/2018 9:18,DCL Outbound-WS Inbound,Main and Helen IB,889
10/15/2018 9:18,DCL Outbound-WS Inbound,Main and Helen IB,889
10/15/2018 9:19,DCL Outbound-WS Inbound,Main and Murray IB,527
10/15/2018 9:19,DCL Outbound-WS Inbound,Main and Murray IB,527
10/15/2018 9:19,DCL Outbound-WS Inbound,Main and Murray IB,527
10/15/2018 9:19,DCL Outbound-WS Inbound,Main and Murray IB,527
10/15/2018 9:19,DCL Outbound-WS Inbound,Main and Murray IB,527
10/15/2018 9:19,DCL Outbound-WS Inbound,Main and Murray IB,527
10/15/2018 9:19,DCL Outbound-WS Inbound,Main and Murray IB,527
10/15/2018 9:19,DCL Outbound-WS Inbound,Main and Murray IB,527
10/15/2018 9:19,DCL Outbound-WS Inbound,Main and Murray IB,527
10/15/2018 9:19,DCL Outbound-WS Inbound,Main and Murray IB,527
10/15/2018 9:20,DCL Outbound-WS Inbound,Main and Mather,527
10/15/2018 9:21,DCL Outbound-WS Inbound,Floral and Cleveland IB,889
10/15/2018 9:21,DCL Outbound-WS Inbound,Floral and Cleveland IB,889
10/15/2018 9:21,DCL Outbound-WS Inbound,Floral and Cleveland IB,889
10/15/2018 9:21,DCL Outbound-WS Inbound,Main and Cedar IB,527
10/15/2018 9:21,DCL Outbound-WS Inbound,Main and Cedar IB,527
10/15/2018 9:22,DCL Outbound-WS Inbound,Main and Clarke IB,527
10/15/2018 9:22,DCL Outbound-WS Inbound,Main and Schiller IB,527
10/15/2018 9:22,DCL Outbound-WS Inbound,Main and Schiller IB,527
10/15/2018 9:22,DCL Outbound-WS Inbound,Main and Schiller IB,527
10/15/2018 9:24,DCL Outbound-WS Inbound,Riverside and Margaret IB,37
10/15/2018 9:26,DCL Outbound-WS Inbound,Floral and Harrison IB,527
10/15/2018 9:26,DCL Outbound-WS Inbound,Floral and Harrison IB,527
10/15/2018 9:26,DCL Outbound-WS Inbound,Floral and Harrison IB,527
10/15/2018 9:28,DCL Outbound-WS Inbound,Leroy St and Laurel OB,37
10/15/2018 9:32,DCL Outbound-WS Inbound,UDC IB,37
10/15/2018 9:32,DCL Outbound-WS Inbound,UDC IB,37
10/15/2018 9:32,DCL Outbound-WS Inbound,UDC IB,37
10/15/2018 9:32,DCL Outbound-WS Inbound,UDC IB,37
10/15/2018 9:33,DCL Outbound-WS Inbound,UDC IB,37
10/15/2018 9:33,DCL Outbound-WS Inbound,UDC IB,37
10/15/2018 9:33,DCL Outbound-WS Inbound,Union,889
10/15/2018 9:33,DCL Outbound-WS Inbound,Union,889
10/15/2018 9:34,DCL Outbound-WS Inbound,UDC IB,37
10/15/2018 9:37,DCL Outbound-WS Inbound,Hawley IB,37
10/15/2018 9:38,DCL Outbound-WS Inbound,Main and Murray IB,37
10/15/2018 9:38,DCL Outbound-WS Inbound,Main and Murray IB,37
10/15/2018 9:39,DCL Outbound-WS Inbound,Main and Murray IB,37
10/15/2018 9:39,DCL Outbound-WS Inbound,Main and Murray IB,37
10/15/2018 9:39,DCL Outbound-WS Inbound,Main and Mather,37
10/15/2018 9:40,DCL Outbound-WS Inbound,Union,527
10/15/2018 9:40,DCL Outbound-WS Inbound,Union,527
10/15/2018 9:40,DCL Outbound-WS Inbound,Union,527
10/15/2018 9:40,DCL Outbound-WS Inbound,Main and Cedar IB,37
10/15/2018 9:40,DCL Outbound-WS Inbound,Main and Cedar IB,37
10/15/2018 9:40,DCL Outbound-WS Inbound,Main and Cedar IB,37
10/15/2018 9:40,DCL Outbound-WS Inbound,Main and Clarke IB,37
10/15/2018 9:40,DCL Outbound-WS Inbound,Union,527
10/15/2018 9:40,DCL Outbound-WS Inbound,Main and Clarke IB,37
10/15/2018 9:40,DCL Outbound-WS Inbound,Main and Clarke IB,37
10/15/2018 9:41,DCL Outbound-WS Inbound,Main and Clarke IB,37
10/15/2018 9:42,DCL Outbound-WS Inbound,Main and Schiller IB,37
10/15/2018 9:42,DCL Outbound-WS Inbound,Main and Schiller IB,37
10/15/2018 9:42,DCL Outbound-WS Inbound,Main and Schiller IB,37
10/15/2018 9:42,DCL Outbound-WS Inbound,Main and Schiller IB,37
10/15/2018 9:42,DCL Outbound-WS Inbound,Main and Schiller IB,37
10/15/2018 9:42,DCL Outbound-WS Inbound,Main and Schiller IB,37
10/15/2018 9:42,DCL Outbound-WS Inbound,Main and Schiller IB,37
10/15/2018 9:43,DCL Outbound-WS Inbound,Main and Helen IB,37
10/15/2018 9:44,DCL Outbound-WS Inbound,Union,526
10/15/2018 9:44,DCL Outbound-WS Inbound,Union,526
10/15/2018 9:44,DCL Outbound-WS Inbound,Union,526
10/15/2018 9:44,DCL Outbound-WS Inbound,Union,526
10/15/2018 9:44,DCL Outbound-WS Inbound,Main and Crary,37
10/15/2018 9:44,DCL Outbound-WS Inbound,Main and Crary,37
10/15/2018 9:45,DCL Outbound-WS Inbound,Union,526
10/15/2018 9:46,DCL Outbound-WS Inbound,Floral and Burbank IB,37
10/15/2018 9:46,DCL Outbound-WS Inbound,Union,526
10/15/2018 9:47,DCL Outbound-WS Inbound,Floral and St. Charles,37
10/15/2018 9:49,DCL Outbound-WS Inbound,Hawley IB,889
10/15/2018 9:50,DCL Outbound-WS Inbound,Main and Murray IB,889
10/15/2018 9:50,DCL Outbound-WS Inbound,Main and Murray IB,889
10/15/2018 9:51,DCL Outbound-WS Inbound,Main and Murray IB,889
10/15/2018 9:51,DCL Outbound-WS Inbound,Main and Murray IB,889
10/15/2018 9:51,DCL Outbound-WS Inbound,Physical Facilities,526
10/15/2018 9:51,DCL Outbound-WS Inbound,Main and Murray IB,889
10/15/2018 9:51,DCL Outbound-WS Inbound,Main and Murray IB,889
10/15/2018 9:52,DCL Outbound-WS Inbound,Main and Mather,889
10/15/2018 9:53,DCL Outbound-WS Inbound,Main and Cedar IB,889
10/15/2018 9:53,DCL Outbound-WS Inbound,Main and Cedar IB,889
10/15/2018 9:53,DCL Outbound-WS Inbound,Union,37
10/15/2018 9:54,DCL Outbound-WS Inbound,Main and Schiller IB,889
10/15/2018 9:56,DCL Outbound-WS Inbound,Main and Helen IB,889
10/15/2018 9:57,DCL Outbound-WS Inbound,Main and Crestmont IB,889
10/15/2018 9:57,DCL Outbound-WS Inbound,Main and Crestmont IB,889
10/15/2018 9:59,DCL Outbound-WS Inbound,Union,37
10/15/2018 10:00,DCL Outbound-WS Inbound,Floral and Harrison IB,889
10/15/2018 10:11,DCL Outbound-WS Inbound,Hawley IB,526
10/15/2018 10:11,DCL Outbound-WS Inbound,Hawley IB,526
10/15/2018 10:11,DCL Outbound-WS Inbound,Hawley IB,526
10/15/2018 10:11,DCL Outbound-WS Inbound,Hawley IB,526
10/15/2018 10:11,DCL Outbound-WS Inbound,Hawley IB,526
10/15/2018 10:12,DCL Outbound-WS Inbound,Main and Front IB,526
10/15/2018 10:12,DCL Outbound-WS Inbound,Main and Front IB,526
10/15/2018 10:13,DCL Outbound-WS Inbound,Main and Murray IB,526
10/15/2018 10:13,DCL Outbound-WS Inbound,Main and Murray IB,526
10/15/2018 10:14,DCL Outbound-WS Inbound,Main and Mather,526
10/15/2018 10:14,DCL Outbound-WS Inbound,Main and Mather,526
10/15/2018 10:14,DCL Outbound-WS Inbound,Main and Mather,526
10/15/2018 10:14,DCL Outbound-WS Inbound,Main and Mather,526
10/15/2018 10:14,DCL Outbound-WS Inbound,Main and Mather,526
10/15/2018 10:14,DCL Outbound-WS Inbound,Main and Mather,526
10/15/2018 10:16,DCL Outbound-WS Inbound,Main and Cedar IB,526
10/15/2018 10:17,DCL Outbound-WS Inbound,Main and Clarke IB,526
10/15/2018 10:17,DCL Outbound-WS Inbound,Hawley IB,42
10/15/2018 10:17,DCL Outbound-WS Inbound,Hawley IB,42
10/15/2018 10:17,DCL Outbound-WS Inbound,Main and Clarke IB,526
10/15/2018 10:17,DCL Outbound-WS Inbound,Hawley IB,42
10/15/2018 10:17,DCL Outbound-WS Inbound,Main and Clarke IB,526
10/15/2018 10:17,DCL Outbound-WS Inbound,Hawley IB,42
10/15/2018 10:17,DCL Outbound-WS Inbound,Hawley IB,42
10/15/2018 10:18,DCL Outbound-WS Inbound,Main and Front OB,42
10/15/2018 10:18,DCL Outbound-WS Inbound,Union,528
10/15/2018 10:18,DCL Outbound-WS Inbound,Main and Schiller IB,526
10/15/2018 10:18,DCL Outbound-WS Inbound,Main and Schiller IB,526
10/15/2018 10:18,DCL Outbound-WS Inbound,Union,528
10/15/2018 10:18,DCL Outbound-WS Inbound,Main and Schiller IB,526
10/15/2018 10:18,DCL Outbound-WS Inbound,Main and Schiller IB,526
10/15/2018 10:18,DCL Outbound-WS Inbound,Main and Schiller IB,526
10/15/2018 10:18,DCL Outbound-WS Inbound,Main and Schiller IB,526
10/15/2018 10:19,DCL Outbound-WS Inbound,Main and Murray IB,42
10/15/2018 10:19,DCL Outbound-WS Inbound,Main and Murray IB,42
10/15/2018 10:19,DCL Outbound-WS Inbound,Main and Murray IB,42
10/15/2018 10:19,DCL Outbound-WS Inbound,Main and Schiller IB,526
10/15/2018 10:19,DCL Outbound-WS Inbound,Main and Murray IB,42
10/15/2018 10:19,DCL Outbound-WS Inbound,Main and Murray IB,42
10/15/2018 10:19,DCL Outbound-WS Inbound,Main and Schiller IB,526
10/15/2018 10:19,DCL Outbound-WS Inbound,Union,528
10/15/2018 10:19,DCL Outbound-WS Inbound,Union,528
10/15/2018 10:19,DCL Outbound-WS Inbound,Main and Mather,42
10/15/2018 10:20,DCL Outbound-WS Inbound,Main and Mather,42
10/15/2018 10:21,DCL Outbound-WS Inbound,Main and Cedar OB,42
10/15/2018 10:21,DCL Outbound-WS Inbound,Main and Crary,526
10/15/2018 10:22,DCL Outbound-WS Inbound,Main and Clarke IB,42
10/15/2018 10:22,DCL Outbound-WS Inbound,Main and Clarke IB,42
10/15/2018 10:22,DCL Outbound-WS Inbound,Main and Clarke IB,42
10/15/2018 10:22,DCL Outbound-WS Inbound,Main and Clarke IB,42
10/15/2018 10:22,DCL Outbound-WS Inbound,Main and Clarke IB,42
10/15/2018 10:22,DCL Outbound-WS Inbound,Floral and Main IB,526
10/15/2018 10:23,DCL Outbound-WS Inbound,Main and Schiller IB,42
10/15/2018 10:23,DCL Outbound-WS Inbound,Main and Schiller IB,42
10/15/2018 10:23,DCL Outbound-WS Inbound,Main and Schiller IB,42
10/15/2018 10:23,DCL Outbound-WS Inbound,Main and Schiller IB,42
10/15/2018 10:23,DCL Outbound-WS Inbound,Main and Schiller IB,42
10/15/2018 10:23,DCL Outbound-WS Inbound,Main and Schiller IB,42
10/15/2018 10:23,DCL Outbound-WS Inbound,Main and Schiller IB,42
10/15/2018 10:23,DCL Outbound-WS Inbound,Main and Schiller IB,42
10/15/2018 10:23,DCL Outbound-WS Inbound,Main and Schiller IB,42
10/15/2018 10:23,DCL Outbound-WS Inbound,Main and Schiller IB,42
10/15/2018 10:23,DCL Outbound-WS Inbound,Main and Schiller IB,42
10/15/2018 10:23,DCL Outbound-WS Inbound,Floral and Cleveland IB,526
10/15/2018 10:24,DCL Outbound-WS Inbound,Floral and Burbank IB,526
10/15/2018 10:25,DCL Outbound-WS Inbound,Floral and St. Charles,526
10/15/2018 10:25,DCL Outbound-WS Inbound,Floral and Main IB,42
10/15/2018 10:26,DCL Outbound-WS Inbound,Floral and Cleveland IB,42
10/15/2018 10:27,DCL Outbound-WS Inbound,Floral and Cleveland IB,42
10/15/2018 10:27,DCL Outbound-WS Inbound,Floral and Cleveland IB,42
10/15/2018 10:27,DCL Outbound-WS Inbound,Floral and Burbank IB,42
10/15/2018 10:32,DCL Outbound-WS Inbound,Leroy St and Murray OB,528
10/15/2018 10:33,DCL Outbound-WS Inbound,Riverside and Front,528
10/15/2018 10:34,DCL Outbound-WS Inbound,Union,526
10/15/2018 10:34,DCL Outbound-WS Inbound,Union,526
10/15/2018 10:34,DCL Outbound-WS Inbound,Union,526
10/15/2018 10:34,DCL Outbound-WS Inbound,Union,526
10/15/2018 10:34,DCL Outbound-WS Inbound,Union,526
10/15/2018 10:34,DCL Outbound-WS Inbound,Union,526
10/15/2018 10:34,DCL Outbound-WS Inbound,Union,526
10/15/2018 10:35,DCL Outbound-WS Inbound,UDC IB,528
10/15/2018 10:39,DCL Outbound-WS Inbound,Main and Front OB,528
10/15/2018 10:40,DCL Outbound-WS Inbound,Main and Murray IB,528
10/15/2018 10:40,DCL Outbound-WS Inbound,Main and Murray IB,528
10/15/2018 10:40,DCL Outbound-WS Inbound,Main and Murray IB,528
10/15/2018 10:40,DCL Outbound-WS Inbound,Main and Murray IB,528
10/15/2018 10:41,DCL Outbound-WS Inbound,Main and Mather,528
10/15/2018 10:41,DCL Outbound-WS Inbound,Main and Mather,528
10/15/2018 10:41,DCL Outbound-WS Inbound,Main and Mather,528
10/15/2018 10:41,DCL Outbound-WS Inbound,Main and Mather,528
10/15/2018 10:41,DCL Outbound-WS Inbound,Main and Mather,528
10/15/2018 10:42,DCL Outbound-WS Inbound,Main and Cedar IB,528
10/15/2018 10:42,DCL Outbound-WS Inbound,Main and Cedar IB,528
10/15/2018 10:42,DCL Outbound-WS Inbound,Main and Clarke IB,528
10/15/2018 10:43,DCL Outbound-WS Inbound,Union,37
10/15/2018 10:43,DCL Outbound-WS Inbound,Union,37
10/15/2018 10:43,DCL Outbound-WS Inbound,Main and Schiller IB,528
10/15/2018 10:43,DCL Outbound-WS Inbound,Main and Schiller IB,528
10/15/2018 10:43,DCL Outbound-WS Inbound,Main and Schiller IB,528
10/15/2018 10:43,DCL Outbound-WS Inbound,Main and Schiller IB,528
10/15/2018 10:43,DCL Outbound-WS Inbound,Union,37
10/15/2018 10:43,DCL Outbound-WS Inbound,Main and Schiller IB,528
10/15/2018 10:43,DCL Outbound-WS Inbound,Main and Schiller IB,528
10/15/2018 10:43,DCL Outbound-WS Inbound,Union,37
10/15/2018 10:44,DCL Outbound-WS Inbound,Union,37
10/15/2018 10:44,DCL Outbound-WS Inbound,Union,37
10/15/2018 10:44,DCL Outbound-WS Inbound,Union,37
10/15/2018 10:44,DCL Outbound-WS Inbound,Union,37
10/15/2018 10:44,DCL Outbound-WS Inbound,Union,37
10/15/2018 10:44,DCL Outbound-WS Inbound,Main and Helen IB,528
10/15/2018 10:44,DCL Outbound-WS Inbound,Main and Helen IB,528
10/15/2018 10:44,DCL Outbound-WS Inbound,Union,37
10/15/2018 10:45,DCL Outbound-WS Inbound,Main and Crary,528
10/15/2018 10:45,DCL Outbound-WS Inbound,Main and Crary,528
10/15/2018 10:46,DCL Outbound-WS Inbound,Floral and Main IB,528
10/15/2018 10:47,DCL Outbound-WS Inbound,Floral and Cleveland IB,528
10/15/2018 10:48,DCL Outbound-WS Inbound,Floral and Roberts OB,528
10/15/2018 10:49,DCL Outbound-WS Inbound,Floral and Cook,528
10/15/2018 10:56,DCL Outbound-WS Inbound,Union,528
10/15/2018 10:56,DCL Outbound-WS Inbound,Union,528
10/15/2018 10:56,DCL Outbound-WS Inbound,Union,528
10/15/2018 10:56,DCL Outbound-WS Inbound,Union,528
10/15/2018 10:56,DCL Outbound-WS Inbound,Union,528
10/15/2018 10:56,DCL Outbound-WS Inbound,Union,528
10/15/2018 10:56,DCL Outbound-WS Inbound,Union,528
10/15/2018 11:00,DCL Outbound-WS Inbound,Leroy St and Murray OB,37
10/15/2018 11:04,DCL Outbound-WS Inbound,UDC IB,37
10/15/2018 11:05,DCL Outbound-WS Inbound,UDC IB,37
10/15/2018 11:08,DCL Outbound-WS Inbound,Hawley IB,37
10/15/2018 11:08,DCL Outbound-WS Inbound,Hawley IB,37
10/15/2018 11:08,DCL Outbound-WS Inbound,Hawley IB,37
10/15/2018 11:08,DCL Outbound-WS Inbound,Hawley IB,37
10/15/2018 11:08,DCL Outbound-WS Inbound,Hawley IB,37
10/15/2018 11:08,DCL Outbound-WS Inbound,Hawley IB,37
10/15/2018 11:08,DCL Outbound-WS Inbound,Hawley IB,37
10/15/2018 11:08,DCL Outbound-WS Inbound,Hawley IB,37
10/15/2018 11:08,DCL Outbound-WS Inbound,Hawley IB,37
10/15/2018 11:08,DCL Outbound-WS Inbound,Main and Front OB,37
10/15/2018 11:10,DCL Outbound-WS Inbound,Main and Murray IB,37
10/15/2018 11:10,DCL Outbound-WS Inbound,Main and Murray IB,37
10/15/2018 11:10,DCL Outbound-WS Inbound,Main and Murray IB,37
10/15/2018 11:11,DCL Outbound-WS Inbound,Main and Mather,37
10/15/2018 11:11,DCL Outbound-WS Inbound,Main and Mather,37
10/15/2018 11:11,DCL Outbound-WS Inbound,Main and Mather,37
10/15/2018 11:11,DCL Outbound-WS Inbound,Main and Mather,37
10/15/2018 11:11,DCL Outbound-WS Inbound,Main and Mather,37
10/15/2018 11:11,DCL Outbound-WS Inbound,Main and Cedar IB,37
10/15/2018 11:12,DCL Outbound-WS Inbound,Main and Clarke IB,37
10/15/2018 11:13,DCL Outbound-WS Inbound,Main and Schiller IB,37
10/15/2018 11:13,DCL Outbound-WS Inbound,Main and Schiller IB,37
10/15/2018 11:13,DCL Outbound-WS Inbound,Main and Schiller IB,37
10/15/2018 11:13,DCL Outbound-WS Inbound,Main and Schiller IB,37
10/15/2018 11:14,DCL Outbound-WS Inbound,Union,42
10/15/2018 11:14,DCL Outbound-WS Inbound,Union,42
10/15/2018 11:14,DCL Outbound-WS Inbound,Union,42
10/15/2018 11:14,DCL Outbound-WS Inbound,Union,42
10/15/2018 11:14,DCL Outbound-WS Inbound,Union,42
10/15/2018 11:15,DCL Outbound-WS Inbound,Main and Helen IB,37
10/15/2018 11:15,DCL Outbound-WS Inbound,Union,42
10/15/2018 11:15,DCL Outbound-WS Inbound,Union,42
10/15/2018 11:15,DCL Outbound-WS Inbound,Main and Crestmont IB,37
10/15/2018 11:17,DCL Outbound-WS Inbound,Floral and Cleveland OB,37
10/15/2018 11:17,DCL Outbound-WS Inbound,Floral and Cleveland OB,37
10/15/2018 11:18,DCL Outbound-WS Inbound,UDC IB,43
10/15/2018 11:23,DCL Outbound-WS Inbound,Hawley IB,43
10/15/2018 11:25,DCL Outbound-WS Inbound,Main and Murray IB,43
10/15/2018 11:25,DCL Outbound-WS Inbound,Main and Murray IB,43
10/15/2018 11:25,DCL Outbound-WS Inbound,Main and Murray IB,43
10/15/2018 11:25,DCL Outbound-WS Inbound,Main and Murray IB,43
10/15/2018 11:26,DCL Outbound-WS Inbound,UDC IB,526
10/15/2018 11:26,DCL Outbound-WS Inbound,UDC IB,526
10/15/2018 11:26,DCL Outbound-WS Inbound,Union,528
10/15/2018 11:26,DCL Outbound-WS Inbound,UDC IB,526
10/15/2018 11:27,DCL Outbound-WS Inbound,Union,528
10/15/2018 11:27,DCL Outbound-WS Inbound,Union,528
10/15/2018 11:27,DCL Outbound-WS Inbound,Union,528
10/15/2018 11:27,DCL Outbound-WS Inbound,Union,528
10/15/2018 11:28,DCL Outbound-WS Inbound,Main and Cedar IB,43
10/15/2018 11:28,DCL Outbound-WS Inbound,UDC IB,526
10/15/2018 11:28,DCL Outbound-WS Inbound,Union,528
10/15/2018 11:28,DCL Outbound-WS Inbound,Union,528
10/15/2018 11:28,DCL Outbound-WS Inbound,Union,528
10/15/2018 11:29,DCL Outbound-WS Inbound,UDC IB,526
10/15/2018 11:29,DCL Outbound-WS Inbound,Main and Schiller IB,43
10/15/2018 11:29,DCL Outbound-WS Inbound,Main and Schiller IB,43
10/15/2018 11:29,DCL Outbound-WS Inbound,Main and Schiller IB,43
10/15/2018 11:29,DCL Outbound-WS Inbound,Main and Schiller IB,43
10/15/2018 11:29,DCL Outbound-WS Inbound,Main and Schiller IB,43
10/15/2018 11:29,DCL Outbound-WS Inbound,Main and Schiller IB,43
10/15/2018 11:32,DCL Outbound-WS Inbound,Hawley IB,526
10/15/2018 11:32,DCL Outbound-WS Inbound,Union,528
10/15/2018 11:32,DCL Outbound-WS Inbound,Union,528
10/15/2018 11:33,DCL Outbound-WS Inbound,Main and Front OB,526
10/15/2018 11:33,DCL Outbound-WS Inbound,Main and Front OB,526
10/15/2018 11:33,DCL Outbound-WS Inbound,Floral and Cleveland IB,43
10/15/2018 11:33,DCL Outbound-WS Inbound,UDC IB,42
10/15/2018 11:34,DCL Outbound-WS Inbound,Main and Murray IB,526
10/15/2018 11:34,DCL Outbound-WS Inbound,Main and Murray IB,526
10/15/2018 11:34,DCL Outbound-WS Inbound,Main and Murray IB,526
10/15/2018 11:34,DCL Outbound-WS Inbound,Main and Murray IB,526
10/15/2018 11:34,DCL Outbound-WS Inbound,UDC IB,42
10/15/2018 11:35,DCL Outbound-WS Inbound,Main and Mather,526
10/15/2018 11:36,DCL Outbound-WS Inbound,Main and Cedar IB,526
10/15/2018 11:36,DCL Outbound-WS Inbound,Main and Cedar IB,526
10/15/2018 11:37,DCL Outbound-WS Inbound,Main and Clarke IB,526
10/15/2018 11:37,DCL Outbound-WS Inbound,Hawley IB,42
10/15/2018 11:37,DCL Outbound-WS Inbound,Hawley IB,42
10/15/2018 11:38,DCL Outbound-WS Inbound,Main and Schiller IB,526
10/15/2018 11:38,DCL Outbound-WS Inbound,Main and Schiller IB,526
10/15/2018 11:39,DCL Outbound-WS Inbound,Main and Murray IB,42
10/15/2018 11:39,DCL Outbound-WS Inbound,Main and Murray IB,42
10/15/2018 11:39,DCL Outbound-WS Inbound,Main and Murray IB,42
10/15/2018 11:39,DCL Outbound-WS Inbound,Main and Murray IB,42
10/15/2018 11:39,DCL Outbound-WS Inbound,Main and Murray IB,42
10/15/2018 11:39,DCL Outbound-WS Inbound,Main and Murray IB,42
10/15/2018 11:40,DCL Outbound-WS Inbound,Main and Mather,42
10/15/2018 11:40,DCL Outbound-WS Inbound,Main and Mather,42
10/15/2018 11:41,DCL Outbound-WS Inbound,Union,37
10/15/2018 11:41,DCL Outbound-WS Inbound,Union,37
10/15/2018 11:41,DCL Outbound-WS Inbound,Union,37
10/15/2018 11:41,DCL Outbound-WS Inbound,Union,37
10/15/2018 11:42,DCL Outbound-WS Inbound,Union,37
10/15/2018 11:42,DCL Outbound-WS Inbound,Main and Clarke OB,42
10/15/2018 11:42,DCL Outbound-WS Inbound,Union,37
10/15/2018 11:42,DCL Outbound-WS Inbound,Floral and Main IB,526
10/15/2018 11:42,DCL Outbound-WS Inbound,Union,37
10/15/2018 11:42,DCL Outbound-WS Inbound,Main and Schiller IB,42
10/15/2018 11:43,DCL Outbound-WS Inbound,Floral and Burbank IB,526
10/15/2018 11:44,DCL Outbound-WS Inbound,Floral and Roberts OB,526
10/15/2018 11:44,DCL Outbound-WS Inbound,Union,37
10/15/2018 11:45,DCL Outbound-WS Inbound,Main and Crary,42
10/15/2018 11:46,DCL Outbound-WS Inbound,Floral and Cleveland IB,42
10/15/2018 11:46,DCL Outbound-WS Inbound,Union,37
10/15/2018 11:47,DCL Outbound-WS Inbound,Floral and Burbank IB,42
10/15/2018 11:47,DCL Outbound-WS Inbound,Union,37
10/15/2018 11:53,DCL Outbound-WS Inbound,Main and Front OB,528
10/15/2018 11:53,DCL Outbound-WS Inbound,Main and Front OB,528
10/15/2018 11:53,DCL Outbound-WS Inbound,Main and Front OB,528
10/15/2018 11:53,DCL Outbound-WS Inbound,Main and Front OB,528
10/15/2018 11:53,DCL Outbound-WS Inbound,Main and Front OB,528
10/15/2018 11:54,DCL Outbound-WS Inbound,Main and Murray IB,528
10/15/2018 11:54,DCL Outbound-WS Inbound,Main and Murray IB,528
10/15/2018 11:54,DCL Outbound-WS Inbound,Main and Murray IB,528
10/15/2018 11:54,DCL Outbound-WS Inbound,Main and Murray IB,528
10/15/2018 11:54,DCL Outbound-WS Inbound,Main and Murray IB,528
10/15/2018 11:55,DCL Outbound-WS Inbound,Main and Mather,528
10/15/2018 11:55,DCL Outbound-WS Inbound,Main and Mather,528
10/15/2018 11:55,DCL Outbound-WS Inbound,Main and Mather,528
10/15/2018 11:56,DCL Outbound-WS Inbound,Main and Clarke OB,528
10/15/2018 11:57,DCL Outbound-WS Inbound,Union,526
10/15/2018 11:57,DCL Outbound-WS Inbound,Union,526
10/15/2018 11:57,DCL Outbound-WS Inbound,Union,526
10/15/2018 11:57,DCL Outbound-WS Inbound,Union,526
10/15/2018 11:57,DCL Outbound-WS Inbound,Union,526
10/15/2018 11:57,DCL Outbound-WS Inbound,Union,526
10/15/2018 11:57,DCL Outbound-WS Inbound,Union,526
10/15/2018 11:57,DCL Outbound-WS Inbound,Union,526
10/15/2018 11:57,DCL Outbound-WS Inbound,Union,526
10/15/2018 11:57,DCL Outbound-WS Inbound,Union,526
10/15/2018 11:57,DCL Outbound-WS Inbound,Union,889
10/15/2018 11:57,DCL Outbound-WS Inbound,Union,526
10/15/2018 11:57,DCL Outbound-WS Inbound,Union,526
10/15/2018 11:57,DCL Outbound-WS Inbound,Union,889
10/15/2018 11:57,DCL Outbound-WS Inbound,Union,889
10/15/2018 11:58,DCL Outbound-WS Inbound,Union,889
10/15/2018 11:58,DCL Outbound-WS Inbound,Main and Schiller IB,528
10/15/2018 11:58,DCL Outbound-WS Inbound,Union,526
10/15/2018 11:58,DCL Outbound-WS Inbound,Main and Schiller IB,528
10/15/2018 11:58,DCL Outbound-WS Inbound,Union,526
10/15/2018 11:58,DCL Outbound-WS Inbound,Union,526
10/15/2018 11:58,DCL Outbound-WS Inbound,Union,889
10/15/2018 11:58,DCL Outbound-WS Inbound,Main and Schiller IB,528
10/15/2018 11:58,DCL Outbound-WS Inbound,Union,889
10/15/2018 11:58,DCL Outbound-WS Inbound,Union,526
10/15/2018 11:58,DCL Outbound-WS Inbound,Union,526
10/15/2018 11:58,DCL Outbound-WS Inbound,Union,526
10/15/2018 11:58,DCL Outbound-WS Inbound,Union,889
10/15/2018 11:58,DCL Outbound-WS Inbound,Union,889
10/15/2018 11:59,DCL Outbound-WS Inbound,Union,526
10/15/2018 11:59,DCL Outbound-WS Inbound,Union,526
10/15/2018 12:00,DCL Outbound-WS Inbound,Union,889
10/15/2018 12:00,DCL Outbound-WS Inbound,Union,889
10/15/2018 12:01,DCL Outbound-WS Inbound,Main and Crary,528
10/15/2018 12:03,DCL Outbound-WS Inbound,Physical Facilities,889
10/15/2018 12:03,DCL Outbound-WS Inbound,Floral and Cleveland IB,528
10/15/2018 12:03,DCL Outbound-WS Inbound,Physical Facilities,889
10/15/2018 12:04,DCL Outbound-WS Inbound,Floral and Willow IB,528
10/15/2018 12:05,DCL Outbound-WS Inbound,Floral and Cook,528
10/15/2018 12:07,DCL Outbound-WS Inbound,Hawley IB,37
10/15/2018 12:07,DCL Outbound-WS Inbound,Hawley IB,37
10/15/2018 12:09,DCL Outbound-WS Inbound,Main and Murray IB,37
10/15/2018 12:09,DCL Outbound-WS Inbound,Main and Murray IB,37
10/15/2018 12:09,DCL Outbound-WS Inbound,Main and Mather,37
10/15/2018 12:09,DCL Outbound-WS Inbound,Main and Mather,37
10/15/2018 12:11,DCL Outbound-WS Inbound,Main and Cedar OB,37
10/15/2018 12:11,DCL Outbound-WS Inbound,Main and Cedar OB,37
10/15/2018 12:11,DCL Outbound-WS Inbound,Main and Clarke OB,37
10/15/2018 12:11,DCL Outbound-WS Inbound,Main and Clarke OB,37
10/15/2018 12:13,DCL Outbound-WS Inbound,Main and Schiller IB,37
10/15/2018 12:13,DCL Outbound-WS Inbound,Main and Schiller IB,37
10/15/2018 12:13,DCL Outbound-WS Inbound,Main and Schiller IB,37
10/15/2018 12:13,DCL Outbound-WS Inbound,Main and Schiller IB,37
10/15/2018 12:13,DCL Outbound-WS Inbound,Main and Schiller IB,37
10/15/2018 12:13,DCL Outbound-WS Inbound,Main and Schiller IB,37
10/15/2018 12:18,DCL Outbound-WS Inbound,Floral and Willow OB,37
10/15/2018 12:20,DCL Outbound-WS Inbound,UDC IB,889
10/15/2018 12:24,DCL Outbound-WS Inbound,Main and Murray IB,889
10/15/2018 12:24,DCL Outbound-WS Inbound,Main and Murray IB,889
10/15/2018 12:25,DCL Outbound-WS Inbound,Main and Mather,889
10/15/2018 12:25,DCL Outbound-WS Inbound,Main and Mather,889
10/15/2018 12:26,DCL Outbound-WS Inbound,Main and Cedar IB,889
10/15/2018 12:27,DCL Outbound-WS Inbound,Main and Clarke OB,889
10/15/2018 12:28,DCL Outbound-WS Inbound,Main and Schiller IB,889
10/15/2018 12:28,DCL Outbound-WS Inbound,Main and Schiller IB,889
10/15/2018 12:28,DCL Outbound-WS Inbound,Main and Schiller IB,889
10/15/2018 12:30,DCL Outbound-WS Inbound,Main and Helen IB,889
10/15/2018 12:30,DCL Outbound-WS Inbound,Main and Helen IB,889
10/15/2018 12:30,DCL Outbound-WS Inbound,Main and Helen IB,889
10/15/2018 12:31,DCL Outbound-WS Inbound,Main and Crestmont IB,889
10/15/2018 12:33,DCL Outbound-WS Inbound,Floral and Cleveland OB,889
10/15/2018 12:33,DCL Outbound-WS Inbound,Floral and Cleveland OB,889
10/15/2018 12:33,DCL Outbound-WS Inbound,Floral and Cleveland OB,889
10/15/2018 12:33,DCL Outbound-WS Inbound,Floral and Cleveland OB,889
10/15/2018 12:34,DCL Outbound-WS Inbound,UDC,42
10/15/2018 12:34,DCL Outbound-WS Inbound,UDC,42
10/15/2018 12:34,DCL Outbound-WS Inbound,UDC,42
10/15/2018 12:35,DCL Outbound-WS Inbound,UDC IB,42
10/15/2018 12:35,DCL Outbound-WS Inbound,Floral and Harrison OB,889
10/15/2018 12:35,DCL Outbound-WS Inbound,UDC,42
10/15/2018 12:38,DCL Outbound-WS Inbound,Hawley IB,42
10/15/2018 12:38,DCL Outbound-WS Inbound,Hawley IB,42
10/15/2018 12:38,DCL Outbound-WS Inbound,Hawley IB,42
10/15/2018 12:40,DCL Outbound-WS Inbound,Main and Front OB,42
10/15/2018 12:40,DCL Outbound-WS Inbound,Main and Front OB,42
10/15/2018 12:40,DCL Outbound-WS Inbound,Main and Front OB,42
10/15/2018 12:40,DCL Outbound-WS Inbound,Main and Front OB,42
10/15/2018 12:41,DCL Outbound-WS Inbound,Main and Murray IB,42
10/15/2018 12:41,DCL Outbound-WS Inbound,Main and Murray IB,42
10/15/2018 12:41,DCL Outbound-WS Inbound,Main and Murray IB,42
10/15/2018 12:41,DCL Outbound-WS Inbound,Main and Murray IB,42
10/15/2018 12:41,DCL Outbound-WS Inbound,Main and Murray IB,42
10/15/2018 12:41,DCL Outbound-WS Inbound,Main and Murray IB,42
10/15/2018 12:41,DCL Outbound-WS Inbound,Main and Murray IB,42
10/15/2018 12:41,DCL Outbound-WS Inbound,Main and Murray IB,42
10/15/2018 12:41,DCL Outbound-WS Inbound,Main and Murray IB,42
10/15/2018 12:41,DCL Outbound-WS Inbound,Union,526
10/15/2018 12:41,DCL Outbound-WS Inbound,Union,526
10/15/2018 12:41,DCL Outbound-WS Inbound,Union,526
10/15/2018 12:41,DCL Outbound-WS Inbound,Union,526
10/15/2018 12:41,DCL Outbound-WS Inbound,Union,526
10/15/2018 12:41,DCL Outbound-WS Inbound,Union,526
10/15/2018 12:41,DCL Outbound-WS Inbound,Union,526
10/15/2018 12:42,DCL Outbound-WS Inbound,Main and Mather,42
10/15/2018 12:42,DCL Outbound-WS Inbound,Main and Mather,42
10/15/2018 12:42,DCL Outbound-WS Inbound,Main and Mather,42
10/15/2018 12:42,DCL Outbound-WS Inbound,Main and Mather,42
10/15/2018 12:42,DCL Outbound-WS Inbound,Main and Mather,42
10/15/2018 12:43,DCL Outbound-WS Inbound,Main and Cedar IB,42
10/15/2018 12:43,DCL Outbound-WS Inbound,Main and Cedar IB,42
10/15/2018 12:43,DCL Outbound-WS Inbound,Main and Cedar IB,42
10/15/2018 12:43,DCL Outbound-WS Inbound,Main and Cedar IB,42
10/15/2018 12:43,DCL Outbound-WS Inbound,Main and Cedar IB,42
10/15/2018 12:43,DCL Outbound-WS Inbound,Main and Cedar IB,42
10/15/2018 12:43,DCL Outbound-WS Inbound,Main and Cedar IB,42
10/15/2018 12:44,DCL Outbound-WS Inbound,Main and Clarke OB,42
10/15/2018 12:44,DCL Outbound-WS Inbound,Main and Clarke OB,42
10/15/2018 12:44,DCL Outbound-WS Inbound,Main and Clarke OB,42
10/15/2018 12:44,DCL Outbound-WS Inbound,Union,526
10/15/2018 12:44,DCL Outbound-WS Inbound,Union,526
10/15/2018 12:45,DCL Outbound-WS Inbound,Main and Schiller IB,42
10/15/2018 12:45,DCL Outbound-WS Inbound,Main and Schiller IB,42
10/15/2018 12:45,DCL Outbound-WS Inbound,Main and Schiller IB,42
10/15/2018 12:45,DCL Outbound-WS Inbound,Main and Schiller IB,42
10/15/2018 12:45,DCL Outbound-WS Inbound,Main and Schiller IB,42
10/15/2018 12:45,DCL Outbound-WS Inbound,Main and Schiller IB,42
10/15/2018 12:45,DCL Outbound-WS Inbound,Main and Schiller IB,42
10/15/2018 12:45,DCL Outbound-WS Inbound,Main and Schiller IB,42
10/15/2018 12:45,DCL Outbound-WS Inbound,Main and Schiller IB,42
10/15/2018 12:45,DCL Outbound-WS Inbound,Main and Schiller IB,42
10/15/2018 12:45,DCL Outbound-WS Inbound,Main and Schiller IB,42
10/15/2018 12:45,DCL Outbound-WS Inbound,Main and Schiller IB,42
10/15/2018 12:45,DCL Outbound-WS Inbound,Main and Schiller IB,42
10/15/2018 12:47,DCL Outbound-WS Inbound,Physical Facilities,526
10/15/2018 12:48,DCL Outbound-WS Inbound,Floral and Main IB,42
10/15/2018 12:49,DCL Outbound-WS Inbound,Floral and Cleveland IB,42
10/15/2018 12:49,DCL Outbound-WS Inbound,Floral and Cleveland IB,42
10/15/2018 12:49,DCL Outbound-WS Inbound,Floral and Cleveland IB,42
10/15/2018 12:49,DCL Outbound-WS Inbound,Floral and Cleveland IB,42
10/15/2018 12:49,DCL Outbound-WS Inbound,Floral and Cleveland IB,42
10/15/2018 12:52,DCL Outbound-WS Inbound,UDC IB,43
10/15/2018 12:53,DCL Outbound-WS Inbound,UDC IB,43
10/15/2018 12:53,DCL Outbound-WS Inbound,UDC,43
10/15/2018 12:55,DCL Outbound-WS Inbound,Hawley IB,43
10/15/2018 12:57,DCL Outbound-WS Inbound,Main and Murray IB,43
10/15/2018 12:57,DCL Outbound-WS Inbound,Main and Murray IB,43
10/15/2018 12:58,DCL Outbound-WS Inbound,Main and Mather,43
10/15/2018 12:58,DCL Outbound-WS Inbound,Main and Mather,43
10/15/2018 12:58,DCL Outbound-WS Inbound,Main and Mather,43
10/15/2018 12:59,DCL Outbound-WS Inbound,Main and Cedar IB,43
10/15/2018 12:59,DCL Outbound-WS Inbound,Main and Cedar IB,43
10/15/2018 12:59,DCL Outbound-WS Inbound,Main and Cedar IB,43
10/15/2018 13:00,DCL Outbound-WS Inbound,Main and Clarke IB,43
10/15/2018 13:00,DCL Outbound-WS Inbound,Main and Clarke IB,43
10/15/2018 13:01,DCL Outbound-WS Inbound,Main and Schiller IB,43
10/15/2018 13:03,DCL Outbound-WS Inbound,Main and Helen IB,43
10/15/2018 13:05,DCL Outbound-WS Inbound,Floral and Main IB,43
10/15/2018 13:05,DCL Outbound-WS Inbound,Floral and Cleveland IB,43
10/15/2018 13:06,DCL Outbound-WS Inbound,Floral and Cleveland IB,43
10/15/2018 13:06,DCL Outbound-WS Inbound,Floral and Burbank IB,43
10/15/2018 13:10,DCL Outbound-WS Inbound,Main and Murray IB,526
10/15/2018 13:10,DCL Outbound-WS Inbound,Main and Murray IB,526
10/15/2018 13:10,DCL Outbound-WS Inbound,Main and Murray IB,526
10/15/2018 13:10,DCL Outbound-WS Inbound,Main and Murray IB,526
10/15/2018 13:11,DCL Outbound-WS Inbound,Main and Cedar IB,526
10/15/2018 13:12,DCL Outbound-WS Inbound,Main and Cedar IB,526
10/15/2018 13:12,DCL Outbound-WS Inbound,Main and Cedar IB,526
10/15/2018 13:12,DCL Outbound-WS Inbound,Main and Clarke IB,526
10/15/2018 13:13,DCL Outbound-WS Inbound,Union,37
10/15/2018 13:13,DCL Outbound-WS Inbound,Union,37
10/15/2018 13:13,DCL Outbound-WS Inbound,Union,37
10/15/2018 13:13,DCL Outbound-WS Inbound,Union,37
10/15/2018 13:13,DCL Outbound-WS Inbound,Union,37
10/15/2018 13:13,DCL Outbound-WS Inbound,Union,37
10/15/2018 13:13,DCL Outbound-WS Inbound,Union,37
10/15/2018 13:13,DCL Outbound-WS Inbound,Union,37
10/15/2018 13:13,DCL Outbound-WS Inbound,Union,37
10/15/2018 13:13,DCL Outbound-WS Inbound,Union,37
10/15/2018 13:13,DCL Outbound-WS Inbound,Union,37
10/15/2018 13:13,DCL Outbound-WS Inbound,Union,37
10/15/2018 13:13,DCL Outbound-WS Inbound,Union,37
10/15/2018 13:13,DCL Outbound-WS Inbound,Main and Schiller IB,526
10/15/2018 13:13,DCL Outbound-WS Inbound,Union,37
10/15/2018 13:13,DCL Outbound-WS Inbound,Main and Schiller IB,526
10/15/2018 13:13,DCL Outbound-WS Inbound,Union,37
10/15/2018 13:13,DCL Outbound-WS Inbound,Union,37
10/15/2018 13:13,DCL Outbound-WS Inbound,Union,37
10/15/2018 13:13,DCL Outbound-WS Inbound,Union,37
10/15/2018 13:13,DCL Outbound-WS Inbound,Union,37
10/15/2018 13:14,DCL Outbound-WS Inbound,Union,37
10/15/2018 13:14,DCL Outbound-WS Inbound,Union,37
10/15/2018 13:15,DCL Outbound-WS Inbound,Union,37
10/15/2018 13:15,DCL Outbound-WS Inbound,Union,37
10/15/2018 13:15,DCL Outbound-WS Inbound,Union,37
10/15/2018 13:15,DCL Outbound-WS Inbound,Main and Helen IB,526
10/15/2018 13:17,DCL Outbound-WS Inbound,Physical Facilities,37
10/15/2018 13:17,DCL Outbound-WS Inbound,Floral and Cleveland IB,526
10/15/2018 13:19,DCL Outbound-WS Inbound,Floral and Harrison IB,526
10/15/2018 13:23,DCL Outbound-WS Inbound,Riverside and Columbus,37
10/15/2018 13:27,DCL Outbound-WS Inbound,Leroy St and Chestnut OB,37
10/15/2018 13:31,DCL Outbound-WS Inbound,UDC IB,37
10/15/2018 13:36,DCL Outbound-WS Inbound,Hawley IB,37
10/15/2018 13:37,DCL Outbound-WS Inbound,Hawley IB,37
10/15/2018 13:38,DCL Outbound-WS Inbound,Main and Murray IB,37
10/15/2018 13:38,DCL Outbound-WS Inbound,Main and Murray IB,37
10/15/2018 13:38,DCL Outbound-WS Inbound,Main and Murray IB,37
10/15/2018 13:38,DCL Outbound-WS Inbound,Main and Murray IB,37
10/15/2018 13:39,DCL Outbound-WS Inbound,Main and Murray IB,37
10/15/2018 13:39,DCL Outbound-WS Inbound,Main and Mather,37
10/15/2018 13:39,DCL Outbound-WS Inbound,Main and Mather,37
10/15/2018 13:39,DCL Outbound-WS Inbound,Main and Mather,37
10/15/2018 13:39,DCL Outbound-WS Inbound,Main and Mather,37
10/15/2018 13:40,DCL Outbound-WS Inbound,Main and Mather,37
10/15/2018 13:40,DCL Outbound-WS Inbound,Main and Mather,37
10/15/2018 13:41,DCL Outbound-WS Inbound,Main and Cedar IB,37
10/15/2018 13:41,DCL Outbound-WS Inbound,Main and Cedar IB,37
10/15/2018 13:42,DCL Outbound-WS Inbound,Main and Clarke IB,37
10/15/2018 13:42,DCL Outbound-WS Inbound,Main and Clarke IB,37
10/15/2018 13:42,DCL Outbound-WS Inbound,Main and Clarke IB,37
10/15/2018 13:43,DCL Outbound-WS Inbound,Main and Schiller IB,37
10/15/2018 13:43,DCL Outbound-WS Inbound,Main and Schiller IB,37
10/15/2018 13:43,DCL Outbound-WS Inbound,Main and Schiller IB,37
10/15/2018 13:43,DCL Outbound-WS Inbound,Main and Schiller IB,37
10/15/2018 13:43,DCL Outbound-WS Inbound,Union,42
10/15/2018 13:43,DCL Outbound-WS Inbound,Union,42
10/15/2018 13:43,DCL Outbound-WS Inbound,Main and Schiller IB,37
10/15/2018 13:43,DCL Outbound-WS Inbound,Main and Schiller IB,37
10/15/2018 13:43,DCL Outbound-WS Inbound,Main and Schiller IB,37
10/15/2018 13:43,DCL Outbound-WS Inbound,Main and Schiller IB,37
10/15/2018 13:43,DCL Outbound-WS Inbound,Union,42
10/15/2018 13:43,DCL Outbound-WS Inbound,Union,42
10/15/2018 13:43,DCL Outbound-WS Inbound,Main and Schiller IB,37
10/15/2018 13:43,DCL Outbound-WS Inbound,Union,42
10/15/2018 13:43,DCL Outbound-WS Inbound,Main and Schiller IB,37
10/15/2018 13:43,DCL Outbound-WS Inbound,Union,42
10/15/2018 13:43,DCL Outbound-WS Inbound,Union,42
10/15/2018 13:43,DCL Outbound-WS Inbound,Main and Schiller IB,37
10/15/2018 13:43,DCL Outbound-WS Inbound,Main and Schiller IB,37
10/15/2018 13:43,DCL Outbound-WS Inbound,Union,42
10/15/2018 13:43,DCL Outbound-WS Inbound,Union,42
10/15/2018 13:43,DCL Outbound-WS Inbound,Union,42
10/15/2018 13:43,DCL Outbound-WS Inbound,Union,42
10/15/2018 13:44,DCL Outbound-WS Inbound,Union,42
10/15/2018 13:46,DCL Outbound-WS Inbound,Union,42
10/15/2018 13:46,DCL Outbound-WS Inbound,Union,42
10/15/2018 13:46,DCL Outbound-WS Inbound,Floral and Cleveland IB,37
10/15/2018 13:46,DCL Outbound-WS Inbound,Floral and Cleveland IB,37
10/15/2018 13:46,DCL Outbound-WS Inbound,Floral and Cleveland IB,37
10/15/2018 13:46,DCL Outbound-WS Inbound,Floral and Cleveland IB,37
10/15/2018 13:46,DCL Outbound-WS Inbound,Floral and Cleveland IB,37
10/15/2018 13:47,DCL Outbound-WS Inbound,Union,42
10/15/2018 13:47,DCL Outbound-WS Inbound,Union,42
10/15/2018 13:48,DCL Outbound-WS Inbound,Floral and Roberts OB,37
10/15/2018 13:49,DCL Outbound-WS Inbound,Floral and St. Charles,37
10/15/2018 13:50,DCL Outbound-WS Inbound,Floral and Cook,37
10/15/2018 14:04,DCL Outbound-WS Inbound,UDC IB,42
10/15/2018 14:04,DCL Outbound-WS Inbound,UDC IB,42
10/15/2018 14:04,DCL Outbound-WS Inbound,UDC IB,42
10/15/2018 14:04,DCL Outbound-WS Inbound,UDC IB,42
10/15/2018 14:06,DCL Outbound-WS Inbound,Hawley IB,42
10/15/2018 14:07,DCL Outbound-WS Inbound,Hawley IB,42
10/15/2018 14:07,DCL Outbound-WS Inbound,Hawley IB,42
10/15/2018 14:07,DCL Outbound-WS Inbound,Hawley IB,42
10/15/2018 14:07,DCL Outbound-WS Inbound,Hawley IB,42
10/15/2018 14:08,DCL Outbound-WS Inbound,Main and Front OB,42
10/15/2018 14:08,DCL Outbound-WS Inbound,Main and Front OB,42
10/15/2018 14:08,DCL Outbound-WS Inbound,Main and Front OB,42
10/15/2018 14:08,DCL Outbound-WS Inbound,Main and Front OB,42
10/15/2018 14:08,DCL Outbound-WS Inbound,Main and Front OB,42
10/15/2018 14:09,DCL Outbound-WS Inbound,Main and Murray IB,42
10/15/2018 14:09,DCL Outbound-WS Inbound,Main and Murray IB,42
10/15/2018 14:09,DCL Outbound-WS Inbound,Main and Murray IB,42
10/15/2018 14:09,DCL Outbound-WS Inbound,Main and Murray IB,42
10/15/2018 14:10,DCL Outbound-WS Inbound,Main and Mather,42
10/15/2018 14:10,DCL Outbound-WS Inbound,Main and Mather,42
10/15/2018 14:10,DCL Outbound-WS Inbound,Main and Mather,42
10/15/2018 14:11,DCL Outbound-WS Inbound,Main and Cedar IB,42
10/15/2018 14:11,DCL Outbound-WS Inbound,Main and Cedar IB,42
10/15/2018 14:11,DCL Outbound-WS Inbound,Main and Cedar IB,42
10/15/2018 14:11,DCL Outbound-WS Inbound,Main and Cedar IB,42
10/15/2018 14:11,DCL Outbound-WS Inbound,Main and Cedar IB,42
10/15/2018 14:11,DCL Outbound-WS Inbound,Main and Cedar IB,42
10/15/2018 14:12,DCL Outbound-WS Inbound,Main and Clarke IB,42
10/15/2018 14:12,DCL Outbound-WS Inbound,Main and Clarke IB,42
10/15/2018 14:12,DCL Outbound-WS Inbound,Main and Clarke IB,42
10/15/2018 14:13,DCL Outbound-WS Inbound,Main and Schiller IB,42
10/15/2018 14:13,DCL Outbound-WS Inbound,Main and Schiller IB,42
10/15/2018 14:13,DCL Outbound-WS Inbound,Main and Schiller IB,42
10/15/2018 14:13,DCL Outbound-WS Inbound,Main and Schiller IB,42
10/15/2018 14:17,DCL Outbound-WS Inbound,Floral and Main IB,42
10/15/2018 14:17,DCL Outbound-WS Inbound,Floral and Main IB,42
10/15/2018 14:18,DCL Outbound-WS Inbound,Floral and Burbank IB,42
10/15/2018 14:19,DCL Outbound-WS Inbound,Floral and Harrison IB,42
10/15/2018 14:40,DCL Outbound-WS Inbound,UDC IB,890
10/15/2018 14:40,DCL Outbound-WS Inbound,UDC IB,890
10/15/2018 14:40,DCL Outbound-WS Inbound,UDC IB,890
10/15/2018 14:40,DCL Outbound-WS Inbound,UDC IB,890
10/15/2018 14:41,DCL Outbound-WS Inbound,Hawley IB,890
10/15/2018 14:42,DCL Outbound-WS Inbound,Union,37
10/15/2018 14:42,DCL Outbound-WS Inbound,Union,37
10/15/2018 14:42,DCL Outbound-WS Inbound,Union,37
10/15/2018 14:42,DCL Outbound-WS Inbound,Union,37
10/15/2018 14:42,DCL Outbound-WS Inbound,Union,37
10/15/2018 14:42,DCL Outbound-WS Inbound,Union,37
10/15/2018 14:42,DCL Outbound-WS Inbound,Union,37
10/15/2018 14:42,DCL Outbound-WS Inbound,Union,37
10/15/2018 14:42,DCL Outbound-WS Inbound,Union,37
10/15/2018 14:42,DCL Outbound-WS Inbound,Union,37
10/15/2018 14:42,DCL Outbound-WS Inbound,Union,37
10/15/2018 14:42,DCL Outbound-WS Inbound,Union,37
10/15/2018 14:43,DCL Outbound-WS Inbound,Union,37
10/15/2018 14:43,DCL Outbound-WS Inbound,Union,37
10/15/2018 14:43,DCL Outbound-WS Inbound,Union,37
10/15/2018 14:43,DCL Outbound-WS Inbound,Union,37
10/15/2018 14:43,DCL Outbound-WS Inbound,Union,37
10/15/2018 14:43,DCL Outbound-WS Inbound,Union,37
10/15/2018 14:43,DCL Outbound-WS Inbound,Union,37
10/15/2018 14:43,DCL Outbound-WS Inbound,Union,37
10/15/2018 14:43,DCL Outbound-WS Inbound,Union,37
10/15/2018 14:43,DCL Outbound-WS Inbound,Union,37
10/15/2018 14:43,DCL Outbound-WS Inbound,Main and Murray IB,890
10/15/2018 14:43,DCL Outbound-WS Inbound,Main and Murray IB,890
10/15/2018 14:43,DCL Outbound-WS Inbound,Main and Murray IB,890
10/15/2018 14:44,DCL Outbound-WS Inbound,Union,37
10/15/2018 14:44,DCL Outbound-WS Inbound,Main and Mather,890
10/15/2018 14:45,DCL Outbound-WS Inbound,Main and Cedar IB,890
10/15/2018 14:45,DCL Outbound-WS Inbound,Main and Cedar IB,890
10/15/2018 14:45,DCL Outbound-WS Inbound,Main and Cedar IB,890
10/15/2018 14:46,DCL Outbound-WS Inbound,Main and Schiller IB,890
10/15/2018 14:46,DCL Outbound-WS Inbound,Main and Schiller IB,890
10/15/2018 14:48,DCL Outbound-WS Inbound,Main and Helen IB,890
10/15/2018 14:51,DCL Outbound-WS Inbound,Floral and Cleveland IB,890
10/15/2018 14:51,DCL Outbound-WS Inbound,Floral and Cleveland IB,890
10/15/2018 14:51,DCL Outbound-WS Inbound,Floral and Cleveland IB,890
10/15/2018 14:53,DCL Outbound-WS Inbound,Floral and Willow IB,890
10/15/2018 15:00,DCL Outbound-WS Inbound,Union,890
10/15/2018 15:00,DCL Outbound-WS Inbound,Union,890
10/15/2018 15:00,DCL Outbound-WS Inbound,Union,890
10/15/2018 15:00,DCL Outbound-WS Inbound,Union,890
10/15/2018 15:00,DCL Outbound-WS Inbound,Union,890
10/15/2018 15:00,DCL Outbound-WS Inbound,Union,890
10/15/2018 15:00,DCL Outbound-WS Inbound,Union,890
10/15/2018 15:01,DCL Outbound-WS Inbound,Union,890
10/15/2018 15:01,DCL Outbound-WS Inbound,Union,890
10/15/2018 15:01,DCL Outbound-WS Inbound,Union,890
10/15/2018 15:01,DCL Outbound-WS Inbound,Union,890
10/15/2018 15:01,DCL Outbound-WS Inbound,Union,890
10/15/2018 15:01,DCL Outbound-WS Inbound,Union,890
10/15/2018 15:04,DCL Outbound-WS Inbound,UDC IB,37
10/15/2018 15:05,DCL Outbound-WS Inbound,UDC IB,37
10/15/2018 15:05,DCL Outbound-WS Inbound,UDC IB,37
10/15/2018 15:05,DCL Outbound-WS Inbound,UDC IB,37
10/15/2018 15:05,DCL Outbound-WS Inbound,UDC IB,37
10/15/2018 15:05,DCL Outbound-WS Inbound,UDC IB,37
10/15/2018 15:08,DCL Outbound-WS Inbound,Hawley IB,37
10/15/2018 15:09,DCL Outbound-WS Inbound,Main and Front OB,37
10/15/2018 15:09,DCL Outbound-WS Inbound,Main and Front OB,37
10/15/2018 15:09,DCL Outbound-WS Inbound,Main and Front OB,37
10/15/2018 15:09,DCL Outbound-WS Inbound,Main and Front OB,37
10/15/2018 15:09,DCL Outbound-WS Inbound,Main and Front OB,37
10/15/2018 15:10,DCL Outbound-WS Inbound,Main and Murray IB,37
10/15/2018 15:10,DCL Outbound-WS Inbound,Main and Murray IB,37
10/15/2018 15:10,DCL Outbound-WS Inbound,Main and Murray IB,37
10/15/2018 15:10,DCL Outbound-WS Inbound,Main and Murray IB,37
10/15/2018 15:11,DCL Outbound-WS Inbound,Main and Mather,37
10/15/2018 15:11,DCL Outbound-WS Inbound,Main and Mather,37
10/15/2018 15:11,DCL Outbound-WS Inbound,Main and Mather,37
10/15/2018 15:12,DCL Outbound-WS Inbound,Main and Cedar IB,37
10/15/2018 15:13,DCL Outbound-WS Inbound,Main and Cedar IB,37
10/15/2018 15:13,DCL Outbound-WS Inbound,Main and Cedar IB,37
10/15/2018 15:13,DCL Outbound-WS Inbound,UDC,890
10/15/2018 15:13,DCL Outbound-WS Inbound,UDC,890
10/15/2018 15:13,DCL Outbound-WS Inbound,UDC,890
10/15/2018 15:13,DCL Outbound-WS Inbound,UDC,890
10/15/2018 15:13,DCL Outbound-WS Inbound,UDC,890
10/15/2018 15:13,DCL Outbound-WS Inbound,UDC,890
10/15/2018 15:14,DCL Outbound-WS Inbound,UDC,890
10/15/2018 15:14,DCL Outbound-WS Inbound,UDC,890
10/15/2018 15:14,DCL Outbound-WS Inbound,Main and Schiller IB,37
10/15/2018 15:15,DCL Outbound-WS Inbound,Main and Schiller IB,37
10/15/2018 15:15,DCL Outbound-WS Inbound,Main and Schiller IB,37
10/15/2018 15:15,DCL Outbound-WS Inbound,UDC,890
10/15/2018 15:15,DCL Outbound-WS Inbound,UDC,890
10/15/2018 15:15,DCL Outbound-WS Inbound,UDC,890
10/15/2018 15:15,DCL Outbound-WS Inbound,Union,526
10/15/2018 15:15,DCL Outbound-WS Inbound,Union,526
10/15/2018 15:15,DCL Outbound-WS Inbound,Union,526
10/15/2018 15:15,DCL Outbound-WS Inbound,Union,526
10/15/2018 15:15,DCL Outbound-WS Inbound,Union,526
10/15/2018 15:15,DCL Outbound-WS Inbound,Union,526
10/15/2018 15:17,DCL Outbound-WS Inbound,Main and Helen IB,37
10/15/2018 15:17,DCL Outbound-WS Inbound,Main and Helen IB,37
10/15/2018 15:17,DCL Outbound-WS Inbound,Main and Helen IB,37
10/15/2018 15:19,DCL Outbound-WS Inbound,Main and Crary,37
10/15/2018 15:20,DCL Outbound-WS Inbound,Floral and Main IB,37
10/15/2018 15:20,DCL Outbound-WS Inbound,Floral and Cleveland IB,37
10/15/2018 15:20,DCL Outbound-WS Inbound,Floral and Cleveland IB,37
10/15/2018 15:20,DCL Outbound-WS Inbound,Floral and Cleveland IB,37
10/15/2018 15:21,DCL Outbound-WS Inbound,Floral and Willow IB,37
10/15/2018 15:30,DCL Outbound-WS Inbound,Leroy St and Chestnut OB,526
10/15/2018 15:33,DCL Outbound-WS Inbound,UDC IB,526
10/15/2018 15:37,DCL Outbound-WS Inbound,Hawley IB,526
10/15/2018 15:37,DCL Outbound-WS Inbound,Hawley IB,526
10/15/2018 15:38,DCL Outbound-WS Inbound,Hawley IB,526
10/15/2018 15:39,DCL Outbound-WS Inbound,Main and Front OB,526
10/15/2018 15:40,DCL Outbound-WS Inbound,Main and Front OB,526
10/15/2018 15:40,DCL Outbound-WS Inbound,Main and Front OB,526
10/15/2018 15:40,DCL Outbound-WS Inbound,Main and Murray IB,526
10/15/2018 15:41,DCL Outbound-WS Inbound,Main and Murray IB,526
10/15/2018 15:41,DCL Outbound-WS Inbound,Main and Murray IB,526
10/15/2018 15:41,DCL Outbound-WS Inbound,Main and Murray IB,526
10/15/2018 15:42,DCL Outbound-WS Inbound,Main and Mather,526
10/15/2018 15:42,DCL Outbound-WS Inbound,Main and Mather,526
10/15/2018 15:43,DCL Outbound-WS Inbound,Main and Cedar IB,526
10/15/2018 15:43,DCL Outbound-WS Inbound,Main and Cedar IB,526
10/15/2018 15:44,DCL Outbound-WS Inbound,Main and Clarke IB,526
10/15/2018 15:44,DCL Outbound-WS Inbound,Main and Clarke IB,526
10/15/2018 15:45,DCL Outbound-WS Inbound,Main and Schiller IB,526
10/15/2018 15:45,DCL Outbound-WS Inbound,Main and Schiller IB,526
10/15/2018 15:47,DCL Outbound-WS Inbound,Main and Helen IB,526
10/15/2018 15:47,DCL Outbound-WS Inbound,Main and Helen IB,526
10/15/2018 15:47,DCL Outbound-WS Inbound,Main and Helen IB,526
10/15/2018 15:50,DCL Outbound-WS Inbound,Floral and Cleveland IB,526
10/15/2018 15:50,DCL Outbound-WS Inbound,Floral and Cleveland IB,526
10/15/2018 15:51,DCL Outbound-WS Inbound,Floral and Burbank IB,526
10/15/2018 16:19,DCL Outbound-WS Inbound,Union,43
10/15/2018 16:19,DCL Outbound-WS Inbound,Union,43
10/15/2018 16:19,DCL Outbound-WS Inbound,Union,43
10/15/2018 16:19,DCL Outbound-WS Inbound,Union,43
10/15/2018 16:19,DCL Outbound-WS Inbound,Union,43
10/15/2018 16:19,DCL Outbound-WS Inbound,Union,43
10/15/2018 16:19,DCL Outbound-WS Inbound,Union,43
10/15/2018 16:19,DCL Outbound-WS Inbound,Union,43
10/15/2018 16:19,DCL Outbound-WS Inbound,Union,43
10/15/2018 16:19,DCL Outbound-WS Inbound,Union,43
10/15/2018 16:19,DCL Outbound-WS Inbound,Union,43
10/15/2018 16:19,DCL Outbound-WS Inbound,Union,43
10/15/2018 16:19,DCL Outbound-WS Inbound,Union,43
10/15/2018 16:19,DCL Outbound-WS Inbound,Union,43
10/15/2018 16:19,DCL Outbound-WS Inbound,Union,43
10/15/2018 16:19,DCL Outbound-WS Inbound,Union,43
10/15/2018 16:19,DCL Outbound-WS Inbound,Union,43
10/15/2018 16:19,DCL Outbound-WS Inbound,Union,43
10/15/2018 16:19,DCL Outbound-WS Inbound,Union,43
10/15/2018 16:20,DCL Outbound-WS Inbound,Union,43
10/15/2018 16:20,DCL Outbound-WS Inbound,Union,43
10/15/2018 16:20,DCL Outbound-WS Inbound,Union,43
10/15/2018 16:20,DCL Outbound-WS Inbound,Union,43
10/15/2018 16:21,DCL Outbound-WS Inbound,Union,43
10/15/2018 16:21,DCL Outbound-WS Inbound,Union,43
10/15/2018 16:42,DCL Outbound-WS Inbound,UDC IB,43
10/15/2018 16:42,DCL Outbound-WS Inbound,UDC IB,43
10/15/2018 16:42,DCL Outbound-WS Inbound,Hawley OB,43
10/15/2018 16:44,DCL Outbound-WS Inbound,Hawley IB,43
10/15/2018 16:44,DCL Outbound-WS Inbound,Hawley IB,43
10/15/2018 16:46,DCL Outbound-WS Inbound,Main and Murray IB,43
10/15/2018 16:46,DCL Outbound-WS Inbound,Main and Murray IB,43
10/15/2018 16:46,DCL Outbound-WS Inbound,Main and Murray IB,43
10/15/2018 16:46,DCL Outbound-WS Inbound,Main and Murray IB,43
10/15/2018 16:46,DCL Outbound-WS Inbound,Main and Murray IB,43
10/15/2018 16:46,DCL Outbound-WS Inbound,Main and Murray IB,43
10/15/2018 16:47,DCL Outbound-WS Inbound,Main and Mather,43
10/15/2018 16:47,DCL Outbound-WS Inbound,Main and Mather,43
10/15/2018 16:47,DCL Outbound-WS Inbound,Main and Mather,43
10/15/2018 16:47,DCL Outbound-WS Inbound,Main and Mather,43
10/15/2018 16:48,DCL Outbound-WS Inbound,Main and Cedar IB,43
10/15/2018 16:48,DCL Outbound-WS Inbound,Main and Cedar IB,43
10/15/2018 16:48,DCL Outbound-WS Inbound,Main and Cedar IB,43
10/15/2018 16:48,DCL Outbound-WS Inbound,Main and Cedar IB,43
10/15/2018 16:48,DCL Outbound-WS Inbound,Main and Cedar IB,43
10/15/2018 16:48,DCL Outbound-WS Inbound,Union,42
10/15/2018 16:48,DCL Outbound-WS Inbound,Union,42
10/15/2018 16:48,DCL Outbound-WS Inbound,Main and Cedar IB,43
10/15/2018 16:48,DCL Outbound-WS Inbound,Union,42
10/15/2018 16:48,DCL Outbound-WS Inbound,Union,42
10/15/2018 16:48,DCL Outbound-WS Inbound,Union,42
10/15/2018 16:48,DCL Outbound-WS Inbound,Union,42
10/15/2018 16:48,DCL Outbound-WS Inbound,Union,42
10/15/2018 16:48,DCL Outbound-WS Inbound,Union,42
10/15/2018 16:48,DCL Outbound-WS Inbound,Union,42
10/15/2018 16:48,DCL Outbound-WS Inbound,Union,42
10/15/2018 16:48,DCL Outbound-WS Inbound,Union,42
10/15/2018 16:48,DCL Outbound-WS Inbound,Union,42
10/15/2018 16:48,DCL Outbound-WS Inbound,Union,42
10/15/2018 16:48,DCL Outbound-WS Inbound,Union,42
10/15/2018 16:49,DCL Outbound-WS Inbound,Union,42
10/15/2018 16:49,DCL Outbound-WS Inbound,Union,42
10/15/2018 16:49,DCL Outbound-WS Inbound,Union,42
10/15/2018 16:49,DCL Outbound-WS Inbound,Union,42
10/15/2018 16:49,DCL Outbound-WS Inbound,Union,42
10/15/2018 16:50,DCL Outbound-WS Inbound,Union,42
10/15/2018 16:50,DCL Outbound-WS Inbound,Union,42
10/15/2018 16:50,DCL Outbound-WS Inbound,Union,42
10/15/2018 16:50,DCL Outbound-WS Inbound,Union,42
10/15/2018 16:50,DCL Outbound-WS Inbound,Union,42
10/15/2018 16:50,DCL Outbound-WS Inbound,Main and Schiller IB,43
10/15/2018 16:50,DCL Outbound-WS Inbound,Main and Schiller IB,43
10/15/2018 16:50,DCL Outbound-WS Inbound,Main and Schiller IB,43
10/15/2018 16:51,DCL Outbound-WS Inbound,Main and Schiller IB,43
10/15/2018 16:51,DCL Outbound-WS Inbound,Main and Schiller IB,43
10/15/2018 16:51,DCL Outbound-WS Inbound,Main and Schiller IB,43
10/15/2018 16:51,DCL Outbound-WS Inbound,Main and Schiller IB,43
10/15/2018 16:51,DCL Outbound-WS Inbound,Main and Schiller IB,43
10/15/2018 16:51,DCL Outbound-WS Inbound,Main and Schiller IB,43
10/15/2018 16:51,DCL Outbound-WS Inbound,Main and Schiller IB,43
10/15/2018 16:53,DCL Outbound-WS Inbound,Main and Helen IB,43
10/15/2018 16:54,DCL Outbound-WS Inbound,Floral and Main IB,43
10/15/2018 17:07,DCL Outbound-WS Inbound,Leroy St and Chestnut OB,42
10/15/2018 17:07,DCL Outbound-WS Inbound,Leroy St and Chestnut OB,42
10/15/2018 17:07,DCL Outbound-WS Inbound,Leroy St and Chestnut OB,42
10/15/2018 17:07,DCL Outbound-WS Inbound,Leroy St and Chestnut OB,42
10/15/2018 17:09,DCL Outbound-WS Inbound,Union,528
10/15/2018 17:10,DCL Outbound-WS Inbound,Union,528
10/15/2018 17:10,DCL Outbound-WS Inbound,Union,528
10/15/2018 17:10,DCL Outbound-WS Inbound,Union,528
10/15/2018 17:11,DCL Outbound-WS Inbound,Union,528
10/15/2018 17:11,DCL Outbound-WS Inbound,Union,528
10/15/2018 17:11,DCL Outbound-WS Inbound,Union,528
10/15/2018 17:11,DCL Outbound-WS Inbound,Union,528
10/15/2018 17:11,DCL Outbound-WS Inbound,Union,528
10/15/2018 17:11,DCL Outbound-WS Inbound,Union,528
10/15/2018 17:13,DCL Outbound-WS Inbound,UDC,42
10/15/2018 17:14,DCL Outbound-WS Inbound,Union,528
10/15/2018 17:14,DCL Outbound-WS Inbound,Union,528
10/15/2018 17:14,DCL Outbound-WS Inbound,Union,528
10/15/2018 17:15,DCL Outbound-WS Inbound,Union,528
10/15/2018 17:15,DCL Outbound-WS Inbound,Union,528
10/15/2018 17:15,DCL Outbound-WS Inbound,Union,528
10/15/2018 17:15,DCL Outbound-WS Inbound,Hawley IB,42
10/15/2018 17:15,DCL Outbound-WS Inbound,Hawley IB,42
10/15/2018 17:15,DCL Outbound-WS Inbound,Hawley IB,42
10/15/2018 17:15,DCL Outbound-WS Inbound,Hawley IB,42
10/15/2018 17:15,DCL Outbound-WS Inbound,Hawley IB,42
10/15/2018 17:16,DCL Outbound-WS Inbound,Union,528
10/15/2018 17:16,DCL Outbound-WS Inbound,Union,528
10/15/2018 17:16,DCL Outbound-WS Inbound,Main and Front OB,42
10/15/2018 17:16,DCL Outbound-WS Inbound,Main and Front OB,42
10/15/2018 17:16,DCL Outbound-WS Inbound,Union,528
10/15/2018 17:16,DCL Outbound-WS Inbound,Union,528
10/15/2018 17:17,DCL Outbound-WS Inbound,Union,528
10/15/2018 17:17,DCL Outbound-WS Inbound,Main and Murray IB,42
10/15/2018 17:18,DCL Outbound-WS Inbound,Union,528
10/15/2018 17:18,DCL Outbound-WS Inbound,Union,528
10/15/2018 17:19,DCL Outbound-WS Inbound,Main and Cedar IB,42
10/15/2018 17:19,DCL Outbound-WS Inbound,Main and Cedar IB,42
10/15/2018 17:20,DCL Outbound-WS Inbound,Main and Clarke IB,42
10/15/2018 17:20,DCL Outbound-WS Inbound,Main and Clarke IB,42
10/15/2018 17:21,DCL Outbound-WS Inbound,Main and Schiller IB,42
10/15/2018 17:21,DCL Outbound-WS Inbound,Main and Schiller IB,42
10/15/2018 17:21,DCL Outbound-WS Inbound,Main and Schiller IB,42
10/15/2018 17:21,DCL Outbound-WS Inbound,Main and Schiller IB,42
10/15/2018 17:21,DCL Outbound-WS Inbound,Main and Schiller IB,42
10/15/2018 17:21,DCL Outbound-WS Inbound,Main and Schiller IB,42
10/15/2018 17:21,DCL Outbound-WS Inbound,Main and Schiller IB,42
10/15/2018 17:21,DCL Outbound-WS Inbound,Main and Schiller IB,42
10/15/2018 17:21,DCL Outbound-WS Inbound,Main and Schiller IB,42
10/15/2018 17:22,DCL Outbound-WS Inbound,Main and Schiller IB,42
10/15/2018 17:22,DCL Outbound-WS Inbound,Main and Schiller IB,42
10/15/2018 17:37,DCL Outbound-WS Inbound,Leroy St and Chestnut OB,528
10/15/2018 17:43,DCL Outbound-WS Inbound,UDC IB,528
10/15/2018 17:43,DCL Outbound-WS Inbound,UDC IB,528
10/15/2018 17:46,DCL Outbound-WS Inbound,Hawley IB,528
10/15/2018 17:47,DCL Outbound-WS Inbound,Main and Murray IB,528
10/15/2018 17:47,DCL Outbound-WS Inbound,Main and Murray IB,528
10/15/2018 17:47,DCL Outbound-WS Inbound,Main and Murray IB,528
10/15/2018 17:47,DCL Outbound-WS Inbound,Main and Murray IB,528
10/15/2018 17:47,DCL Outbound-WS Inbound,Main and Murray IB,528
10/15/2018 17:47,DCL Outbound-WS Inbound,Main and Murray IB,528
10/15/2018 17:48,DCL Outbound-WS Inbound,Main and Mather,528
10/15/2018 17:48,DCL Outbound-WS Inbound,Union,526
10/15/2018 17:48,DCL Outbound-WS Inbound,Union,526
10/15/2018 17:48,DCL Outbound-WS Inbound,Main and Mather,528
10/15/2018 17:48,DCL Outbound-WS Inbound,Main and Mather,528
10/15/2018 17:48,DCL Outbound-WS Inbound,Union,526
10/15/2018 17:49,DCL Outbound-WS Inbound,Union,526
10/15/2018 17:49,DCL Outbound-WS Inbound,Union,526
10/15/2018 17:49,DCL Outbound-WS Inbound,Union,526
10/15/2018 17:49,DCL Outbound-WS Inbound,Union,526
10/15/2018 17:49,DCL Outbound-WS Inbound,Union,526
10/15/2018 17:49,DCL Outbound-WS Inbound,Union,526
10/15/2018 17:49,DCL Outbound-WS Inbound,Union,526
10/15/2018 17:49,DCL Outbound-WS Inbound,Union,526
10/15/2018 17:49,DCL Outbound-WS Inbound,Union,526
10/15/2018 17:49,DCL Outbound-WS Inbound,Union,526
10/15/2018 17:49,DCL Outbound-WS Inbound,Union,526
10/15/2018 17:49,DCL Outbound-WS Inbound,Union,526
10/15/2018 17:49,DCL Outbound-WS Inbound,Union,526
10/15/2018 17:49,DCL Outbound-WS Inbound,Union,526
10/15/2018 17:49,DCL Outbound-WS Inbound,Union,526
10/15/2018 17:49,DCL Outbound-WS Inbound,Union,526
10/15/2018 17:49,DCL Outbound-WS Inbound,Union,526
10/15/2018 17:49,DCL Outbound-WS Inbound,Union,526
10/15/2018 17:49,DCL Outbound-WS Inbound,Union,526
10/15/2018 17:50,DCL Outbound-WS Inbound,Union,526
10/15/2018 17:50,DCL Outbound-WS Inbound,Main and Clarke IB,528
10/15/2018 17:51,DCL Outbound-WS Inbound,Main and Schiller IB,528
10/15/2018 17:51,DCL Outbound-WS Inbound,Main and Schiller IB,528
10/15/2018 17:51,DCL Outbound-WS Inbound,Main and Schiller IB,528
10/15/2018 17:53,DCL Outbound-WS Inbound,Physical Facilities,526
10/15/2018 17:53,DCL Outbound-WS Inbound,Main and Crestmont IB,528
10/15/2018 17:57,DCL Outbound-WS Inbound,Floral and Cook,528
10/15/2018 18:01,DCL Outbound-WS Inbound,Riverside and Beethoven OB,526
10/15/2018 18:05,DCL Outbound-WS Inbound,Union,528
10/15/2018 18:05,DCL Outbound-WS Inbound,Union,528
10/15/2018 18:06,DCL Outbound-WS Inbound,Leroy St and Murray OB,526
10/15/2018 18:06,DCL Outbound-WS Inbound,Leroy St and Murray OB,526
10/15/2018 18:06,DCL Outbound-WS Inbound,Leroy St and Murray OB,526
10/15/2018 18:06,DCL Outbound-WS Inbound,Leroy St and Murray OB,526
10/15/2018 18:10,DCL Outbound-WS Inbound,UDC IB,526
10/15/2018 18:10,DCL Outbound-WS Inbound,UDC IB,526
10/15/2018 18:12,DCL Outbound-WS Inbound,Hawley IB,526
10/15/2018 18:12,DCL Outbound-WS Inbound,Hawley IB,526
10/15/2018 18:13,DCL Outbound-WS Inbound,Main and Murray IB,526
10/15/2018 18:13,DCL Outbound-WS Inbound,Main and Murray IB,526
10/15/2018 18:13,DCL Outbound-WS Inbound,Main and Murray IB,526
10/15/2018 18:14,DCL Outbound-WS Inbound,Main and Murray IB,526
10/15/2018 18:14,DCL Outbound-WS Inbound,Main and Mather,526
10/15/2018 18:14,DCL Outbound-WS Inbound,Main and Mather,526
10/15/2018 18:14,DCL Outbound-WS Inbound,Main and Mather,526
10/15/2018 18:17,DCL Outbound-WS Inbound,Union,37
10/15/2018 18:17,DCL Outbound-WS Inbound,Main and Clarke IB,526
10/15/2018 18:17,DCL Outbound-WS Inbound,Main and Clarke IB,526
10/15/2018 18:17,DCL Outbound-WS Inbound,Main and Clarke IB,526
10/15/2018 18:17,DCL Outbound-WS Inbound,Main and Clarke IB,526
10/15/2018 18:17,DCL Outbound-WS Inbound,Union,37
10/15/2018 18:17,DCL Outbound-WS Inbound,Main and Clarke IB,526
10/15/2018 18:17,DCL Outbound-WS Inbound,Union,37
10/15/2018 18:18,DCL Outbound-WS Inbound,Union,37
10/15/2018 18:18,DCL Outbound-WS Inbound,Main and Schiller IB,526
10/15/2018 18:18,DCL Outbound-WS Inbound,Union,37
10/15/2018 18:18,DCL Outbound-WS Inbound,Main and Schiller IB,526
10/15/2018 18:20,DCL Outbound-WS Inbound,Main and Helen IB,526
10/15/2018 18:20,DCL Outbound-WS Inbound,Main and Helen IB,526
10/15/2018 18:20,DCL Outbound-WS Inbound,Main and Helen IB,526
10/15/2018 18:22,DCL Outbound-WS Inbound,Floral and Cleveland IB,526
10/15/2018 18:24,DCL Outbound-WS Inbound,Floral and Cook,526
10/15/2018 18:42,DCL Outbound-WS Inbound,Hawley IB,37
10/15/2018 18:42,DCL Outbound-WS Inbound,Hawley IB,37
10/15/2018 18:44,DCL Outbound-WS Inbound,Main and Murray IB,37
10/15/2018 18:44,DCL Outbound-WS Inbound,Main and Murray IB,37
10/15/2018 18:45,DCL Outbound-WS Inbound,Main and Mather,37
10/15/2018 18:45,DCL Outbound-WS Inbound,Main and Mather,37
10/15/2018 18:45,DCL Outbound-WS Inbound,Main and Mather,37
10/15/2018 18:47,DCL Outbound-WS Inbound,Main and Clarke IB,37
10/15/2018 18:48,DCL Outbound-WS Inbound,Union,891
10/15/2018 18:48,DCL Outbound-WS Inbound,Union,891
10/15/2018 18:48,DCL Outbound-WS Inbound,Union,891
10/15/2018 18:48,DCL Outbound-WS Inbound,Main and Schiller IB,37
10/15/2018 18:48,DCL Outbound-WS Inbound,Union,891
10/15/2018 18:48,DCL Outbound-WS Inbound,Main and Schiller IB,37
10/15/2018 18:48,DCL Outbound-WS Inbound,Union,891
10/15/2018 18:48,DCL Outbound-WS Inbound,Union,891
10/15/2018 18:48,DCL Outbound-WS Inbound,Main and Schiller IB,37
10/15/2018 18:48,DCL Outbound-WS Inbound,Union,891
10/15/2018 18:48,DCL Outbound-WS Inbound,Union,891
10/15/2018 18:48,DCL Outbound-WS Inbound,Union,891
10/15/2018 18:48,DCL Outbound-WS Inbound,Union,891
10/15/2018 18:48,DCL Outbound-WS Inbound,Union,891
10/15/2018 18:48,DCL Outbound-WS Inbound,Union,891
10/15/2018 18:48,DCL Outbound-WS Inbound,Union,891
10/15/2018 18:48,DCL Outbound-WS Inbound,Union,891
10/15/2018 18:48,DCL Outbound-WS Inbound,Union,891
10/15/2018 18:48,DCL Outbound-WS Inbound,Union,891
10/15/2018 18:48,DCL Outbound-WS Inbound,Union,891
10/15/2018 18:49,DCL Outbound-WS Inbound,Union,891
10/15/2018 18:49,DCL Outbound-WS Inbound,Main and Helen IB,37
10/15/2018 18:52,DCL Outbound-WS Inbound,Floral and Burbank IB,37
10/15/2018 19:00,DCL Outbound-WS Inbound,Union,37
10/15/2018 19:00,DCL Outbound-WS Inbound,Union,37
10/15/2018 19:00,DCL Outbound-WS Inbound,Union,37
10/15/2018 19:00,DCL Outbound-WS Inbound,Union,37
10/15/2018 19:00,DCL Outbound-WS Inbound,Union,37
10/15/2018 19:00,DCL Outbound-WS Inbound,Union,37
10/15/2018 19:00,DCL Outbound-WS Inbound,Union,37
10/15/2018 19:00,DCL Outbound-WS Inbound,Union,37
10/15/2018 19:00,DCL Outbound-WS Inbound,Union,37
10/15/2018 19:00,DCL Outbound-WS Inbound,Union,37
10/15/2018 19:00,DCL Outbound-WS Inbound,Union,37
10/15/2018 19:00,DCL Outbound-WS Inbound,Union,37
10/15/2018 19:00,DCL Outbound-WS Inbound,Union,37
10/15/2018 19:00,DCL Outbound-WS Inbound,Union,37
10/15/2018 19:01,DCL Outbound-WS Inbound,Union,37
10/15/2018 19:01,DCL Outbound-WS Inbound,Union,37
10/15/2018 19:01,DCL Outbound-WS Inbound,Leroy St and Murray OB,891
10/15/2018 19:01,DCL Outbound-WS Inbound,Leroy St and Murray OB,891
10/15/2018 19:02,DCL Outbound-WS Inbound,Union,37
10/15/2018 19:02,DCL Outbound-WS Inbound,Union,37
10/15/2018 19:03,DCL Outbound-WS Inbound,Union,37
10/15/2018 19:04,DCL Outbound-WS Inbound,Union,37
10/15/2018 19:04,DCL Outbound-WS Inbound,Union,37
10/15/2018 19:04,DCL Outbound-WS Inbound,Union,37
10/15/2018 19:04,DCL Outbound-WS Inbound,Union,37
10/15/2018 19:05,DCL Outbound-WS Inbound,Union,37
10/15/2018 19:05,DCL Outbound-WS Inbound,Union,37
10/15/2018 19:12,DCL Outbound-WS Inbound,Hawley IB,891
10/15/2018 19:14,DCL Outbound-WS Inbound,Main and Murray IB,891
10/15/2018 19:16,DCL Outbound-WS Inbound,Main and Cedar IB,891
10/15/2018 19:17,DCL Outbound-WS Inbound,Main and Clarke OB,891
10/15/2018 19:21,DCL Outbound-WS Inbound,Floral and Cleveland IB,891
10/15/2018 19:21,DCL Outbound-WS Inbound,Floral and Cleveland IB,891
10/15/2018 19:21,DCL Outbound-WS Inbound,Floral and Cleveland IB,891
10/15/2018 19:34,DCL Outbound-WS Inbound,Union,42
10/15/2018 19:34,DCL Outbound-WS Inbound,Union,42
10/15/2018 19:34,DCL Outbound-WS Inbound,Union,42
10/15/2018 19:34,DCL Outbound-WS Inbound,Union,42
10/15/2018 19:34,DCL Outbound-WS Inbound,Union,42
10/15/2018 19:34,DCL Outbound-WS Inbound,Union,42
10/15/2018 19:34,DCL Outbound-WS Inbound,Union,42
10/15/2018 19:34,DCL Outbound-WS Inbound,Union,42
10/15/2018 19:35,DCL Outbound-WS Inbound,Union,42
10/15/2018 19:35,DCL Outbound-WS Inbound,Union,42
10/15/2018 19:38,DCL Outbound-WS Inbound,Union,42
10/15/2018 19:38,DCL Outbound-WS Inbound,Union,42
10/15/2018 19:39,DCL Outbound-WS Inbound,Union,42
10/15/2018 19:39,DCL Outbound-WS Inbound,Union,42
10/15/2018 19:39,DCL Outbound-WS Inbound,Union,42
10/15/2018 19:39,DCL Outbound-WS Inbound,Union,42
10/15/2018 19:40,DCL Outbound-WS Inbound,Union,42
10/15/2018 19:40,DCL Outbound-WS Inbound,Union,42
10/15/2018 19:41,DCL Outbound-WS Inbound,Union,42
10/15/2018 19:42,DCL Outbound-WS Inbound,Union,42
10/15/2018 19:42,DCL Outbound-WS Inbound,Union,42
10/15/2018 19:43,DCL Outbound-WS Inbound,Union,42
10/15/2018 19:43,DCL Outbound-WS Inbound,Union,42
10/15/2018 19:44,DCL Outbound-WS Inbound,Union,42
10/15/2018 19:47,DCL Outbound-WS Inbound,Union,526
