Start Date:10/19/2018 7:00 AM End Date:10/19/2018 8:00 PM,,,
DateTime,CorridorName,StopName,VehicleID
10/19/2018 7:30,DCL Outbound-WS Inbound,UDC IB,21
10/19/2018 7:30,DCL Outbound-WS Inbound,UDC IB,21
10/19/2018 7:30,DCL Outbound-WS Inbound,UDC IB,21
10/19/2018 7:33,DCL Outbound-WS Inbound,Hawley IB,21
10/19/2018 7:36,DCL Outbound-WS Inbound,Main and Schiller IB,21
10/19/2018 7:40,DCL Outbound-WS Inbound,Main and Murray IB,55
10/19/2018 7:40,DCL Outbound-WS Inbound,Main and Murray IB,55
10/19/2018 7:40,DCL Outbound-WS Inbound,Main and Murray IB,55
10/19/2018 7:41,DCL Outbound-WS Inbound,Main and Cedar IB,55
10/19/2018 7:41,DCL Outbound-WS Inbound,Main and Cedar IB,55
10/19/2018 7:42,DCL Outbound-WS Inbound,Main and Clarke IB,55
10/19/2018 7:42,DCL Outbound-WS Inbound,Union,37
10/19/2018 7:43,DCL Outbound-WS Inbound,Main and Schiller IB,55
10/19/2018 7:45,DCL Outbound-WS Inbound,Floral and Cleveland IB,55
10/19/2018 7:47,DCL Outbound-WS Inbound,Floral and Harrison IB,55
10/19/2018 7:47,DCL Outbound-WS Inbound,Hawley IB,528
10/19/2018 7:47,DCL Outbound-WS Inbound,Hawley IB,528
10/19/2018 7:48,DCL Outbound-WS Inbound,Hawley IB,528
10/19/2018 7:49,DCL Outbound-WS Inbound,Main and Murray IB,528
10/19/2018 7:49,DCL Outbound-WS Inbound,Main and Murray IB,528
10/19/2018 7:49,DCL Outbound-WS Inbound,Main and Murray IB,528
10/19/2018 7:49,DCL Outbound-WS Inbound,Main and Murray IB,528
10/19/2018 7:49,DCL Outbound-WS Inbound,Main and Murray IB,528
10/19/2018 7:49,DCL Outbound-WS Inbound,Main and Murray IB,528
10/19/2018 7:49,DCL Outbound-WS Inbound,Main and Murray IB,528
10/19/2018 7:49,DCL Outbound-WS Inbound,Main and Murray IB,528
10/19/2018 7:49,DCL Outbound-WS Inbound,Main and Murray IB,528
10/19/2018 7:50,DCL Outbound-WS Inbound,Main and Mather,528
10/19/2018 7:51,DCL Outbound-WS Inbound,Main and Cedar IB,528
10/19/2018 7:51,DCL Outbound-WS Inbound,Main and Cedar IB,528
10/19/2018 7:51,DCL Outbound-WS Inbound,Main and Cedar IB,528
10/19/2018 7:51,DCL Outbound-WS Inbound,Main and Cedar IB,528
10/19/2018 7:52,DCL Outbound-WS Inbound,Main and Clarke IB,528
10/19/2018 7:52,DCL Outbound-WS Inbound,Main and Clarke IB,528
10/19/2018 7:52,DCL Outbound-WS Inbound,Main and Clarke IB,528
10/19/2018 7:53,DCL Outbound-WS Inbound,Main and Schiller IB,528
10/19/2018 7:53,DCL Outbound-WS Inbound,Main and Schiller IB,528
10/19/2018 7:53,DCL Outbound-WS Inbound,Main and Schiller IB,528
10/19/2018 7:53,DCL Outbound-WS Inbound,Main and Schiller IB,528
10/19/2018 7:53,DCL Outbound-WS Inbound,Main and Schiller IB,528
10/19/2018 7:53,DCL Outbound-WS Inbound,Main and Schiller IB,528
10/19/2018 7:54,DCL Outbound-WS Inbound,Union,55
10/19/2018 7:55,DCL Outbound-WS Inbound,Main and Crary,528
10/19/2018 7:55,DCL Outbound-WS Inbound,Main and Crary,528
10/19/2018 7:57,DCL Outbound-WS Inbound,Floral and Cleveland IB,528
10/19/2018 7:57,DCL Outbound-WS Inbound,Floral and Burbank IB,528
10/19/2018 8:00,DCL Outbound-WS Inbound,Leroy St and Chestnut OB,37
10/19/2018 8:05,DCL Outbound-WS Inbound,UDC IB,37
10/19/2018 8:08,DCL Outbound-WS Inbound,Main and Front OB,37
10/19/2018 8:08,DCL Outbound-WS Inbound,Main and Murray IB,37
10/19/2018 8:09,DCL Outbound-WS Inbound,Main and Murray IB,37
10/19/2018 8:09,DCL Outbound-WS Inbound,Main and Murray IB,37
10/19/2018 8:09,DCL Outbound-WS Inbound,Main and Murray IB,37
10/19/2018 8:09,DCL Outbound-WS Inbound,Main and Murray IB,37
10/19/2018 8:09,DCL Outbound-WS Inbound,Main and Murray IB,37
10/19/2018 8:09,DCL Outbound-WS Inbound,Main and Murray IB,37
10/19/2018 8:09,DCL Outbound-WS Inbound,Main and Murray IB,37
10/19/2018 8:09,DCL Outbound-WS Inbound,Main and Murray IB,37
10/19/2018 8:09,DCL Outbound-WS Inbound,Main and Murray IB,37
10/19/2018 8:10,DCL Outbound-WS Inbound,Main and Mather,37
10/19/2018 8:10,DCL Outbound-WS Inbound,Main and Mather,37
10/19/2018 8:10,DCL Outbound-WS Inbound,Main and Mather,37
10/19/2018 8:10,DCL Outbound-WS Inbound,Main and Mather,37
10/19/2018 8:11,DCL Outbound-WS Inbound,Main and Cedar IB,37
10/19/2018 8:12,DCL Outbound-WS Inbound,Main and Clarke IB,37
10/19/2018 8:12,DCL Outbound-WS Inbound,Main and Clarke IB,37
10/19/2018 8:12,DCL Outbound-WS Inbound,Main and Clarke IB,37
10/19/2018 8:12,DCL Outbound-WS Inbound,Main and Clarke IB,37
10/19/2018 8:12,DCL Outbound-WS Inbound,Main and Clarke IB,37
10/19/2018 8:12,DCL Outbound-WS Inbound,Main and Clarke IB,37
10/19/2018 8:13,DCL Outbound-WS Inbound,Main and Schiller IB,37
10/19/2018 8:13,DCL Outbound-WS Inbound,Main and Schiller IB,37
10/19/2018 8:13,DCL Outbound-WS Inbound,Main and Schiller IB,37
10/19/2018 8:13,DCL Outbound-WS Inbound,Main and Schiller IB,37
10/19/2018 8:13,DCL Outbound-WS Inbound,Main and Schiller IB,37
10/19/2018 8:13,DCL Outbound-WS Inbound,Main and Schiller IB,21
10/19/2018 8:13,DCL Outbound-WS Inbound,Main and Schiller IB,21
10/19/2018 8:13,DCL Outbound-WS Inbound,Main and Schiller IB,21
10/19/2018 8:15,DCL Outbound-WS Inbound,Main and Helen IB,37
10/19/2018 8:15,DCL Outbound-WS Inbound,Main and Helen IB,37
10/19/2018 8:15,DCL Outbound-WS Inbound,Main and Helen IB,37
10/19/2018 8:15,DCL Outbound-WS Inbound,Union,43
10/19/2018 8:17,DCL Outbound-WS Inbound,Floral and Main IB,21
10/19/2018 8:17,DCL Outbound-WS Inbound,Hawley IB,526
10/19/2018 8:17,DCL Outbound-WS Inbound,Floral and Cleveland IB,21
10/19/2018 8:18,DCL Outbound-WS Inbound,Main and Front OB,526
10/19/2018 8:18,DCL Outbound-WS Inbound,Floral and Burbank IB,37
10/19/2018 8:18,DCL Outbound-WS Inbound,Floral and Willow IB,37
10/19/2018 8:18,DCL Outbound-WS Inbound,Floral and Willow IB,37
10/19/2018 8:19,DCL Outbound-WS Inbound,Main and Murray IB,526
10/19/2018 8:19,DCL Outbound-WS Inbound,Main and Murray IB,526
10/19/2018 8:19,DCL Outbound-WS Inbound,Main and Murray IB,526
10/19/2018 8:19,DCL Outbound-WS Inbound,Floral and Harrison IB,21
10/19/2018 8:19,DCL Outbound-WS Inbound,Main and Mather,526
10/19/2018 8:19,DCL Outbound-WS Inbound,Main and Mather,526
10/19/2018 8:19,DCL Outbound-WS Inbound,Main and Mather,526
10/19/2018 8:20,DCL Outbound-WS Inbound,Main and Cedar IB,526
10/19/2018 8:20,DCL Outbound-WS Inbound,Main and Cedar IB,526
10/19/2018 8:21,DCL Outbound-WS Inbound,Main and Clarke IB,526
10/19/2018 8:21,DCL Outbound-WS Inbound,Main and Clarke IB,526
10/19/2018 8:22,DCL Outbound-WS Inbound,Main and Schiller IB,526
10/19/2018 8:22,DCL Outbound-WS Inbound,Main and Schiller IB,526
10/19/2018 8:22,DCL Outbound-WS Inbound,Main and Schiller IB,526
10/19/2018 8:22,DCL Outbound-WS Inbound,Main and Schiller IB,526
10/19/2018 8:24,DCL Outbound-WS Inbound,Main and Helen IB,526
10/19/2018 8:27,DCL Outbound-WS Inbound,Leroy St and Murray OB,43
10/19/2018 8:27,DCL Outbound-WS Inbound,Leroy St and Murray OB,43
10/19/2018 8:27,DCL Outbound-WS Inbound,Floral and Cook,526
10/19/2018 8:37,DCL Outbound-WS Inbound,Hawley IB,43
10/19/2018 8:37,DCL Outbound-WS Inbound,Hawley IB,43
10/19/2018 8:38,DCL Outbound-WS Inbound,Main and Murray IB,43
10/19/2018 8:38,DCL Outbound-WS Inbound,Main and Murray IB,43
10/19/2018 8:38,DCL Outbound-WS Inbound,Main and Murray IB,43
10/19/2018 8:39,DCL Outbound-WS Inbound,Main and Mather,43
10/19/2018 8:40,DCL Outbound-WS Inbound,Main and Clarke OB,43
10/19/2018 8:40,DCL Outbound-WS Inbound,Main and Clarke OB,43
10/19/2018 8:41,DCL Outbound-WS Inbound,Main and Schiller IB,43
10/19/2018 8:41,DCL Outbound-WS Inbound,Main and Schiller IB,43
10/19/2018 8:41,DCL Outbound-WS Inbound,Main and Schiller IB,43
10/19/2018 8:45,DCL Outbound-WS Inbound,Floral and Burbank IB,43
10/19/2018 8:46,DCL Outbound-WS Inbound,Floral and Roberts IB,43
10/19/2018 8:47,DCL Outbound-WS Inbound,Hawley IB,55
10/19/2018 8:48,DCL Outbound-WS Inbound,Main and Front OB,55
10/19/2018 8:49,DCL Outbound-WS Inbound,Main and Mather,55
10/19/2018 8:49,DCL Outbound-WS Inbound,Main and Mather,55
10/19/2018 8:49,DCL Outbound-WS Inbound,Main and Mather,55
10/19/2018 8:51,DCL Outbound-WS Inbound,Main and Schiller IB,55
10/19/2018 8:51,DCL Outbound-WS Inbound,Main and Schiller IB,55
10/19/2018 8:54,DCL Outbound-WS Inbound,Main and Crary,55
10/19/2018 8:55,DCL Outbound-WS Inbound,Floral and Cleveland IB,55
10/19/2018 8:55,DCL Outbound-WS Inbound,Floral and Cleveland IB,55
10/19/2018 8:56,DCL Outbound-WS Inbound,UDC IB,528
10/19/2018 8:57,DCL Outbound-WS Inbound,Floral and St. Charles,55
10/19/2018 8:58,DCL Outbound-WS Inbound,UDC IB,528
10/19/2018 8:59,DCL Outbound-WS Inbound,UDC IB,528
10/19/2018 8:59,DCL Outbound-WS Inbound,UDC IB,528
10/19/2018 9:00,DCL Outbound-WS Inbound,UDC IB,528
10/19/2018 9:02,DCL Outbound-WS Inbound,UDC IB,37
10/19/2018 9:02,DCL Outbound-WS Inbound,Main and Front OB,528
10/19/2018 9:02,DCL Outbound-WS Inbound,Main and Front OB,528
10/19/2018 9:03,DCL Outbound-WS Inbound,Main and Murray IB,528
10/19/2018 9:04,DCL Outbound-WS Inbound,UDC IB,37
10/19/2018 9:04,DCL Outbound-WS Inbound,Main and Murray IB,528
10/19/2018 9:04,DCL Outbound-WS Inbound,Main and Murray IB,528
10/19/2018 9:04,DCL Outbound-WS Inbound,UDC IB,37
10/19/2018 9:05,DCL Outbound-WS Inbound,UDC IB,37
10/19/2018 9:05,DCL Outbound-WS Inbound,Main and Mather,528
10/19/2018 9:05,DCL Outbound-WS Inbound,Main and Mather,528
10/19/2018 9:07,DCL Outbound-WS Inbound,Main and Schiller IB,528
10/19/2018 9:07,DCL Outbound-WS Inbound,Main and Schiller IB,528
10/19/2018 9:07,DCL Outbound-WS Inbound,Hawley IB,37
10/19/2018 9:07,DCL Outbound-WS Inbound,Hawley IB,37
10/19/2018 9:07,DCL Outbound-WS Inbound,Hawley IB,37
10/19/2018 9:07,DCL Outbound-WS Inbound,Hawley IB,37
10/19/2018 9:07,DCL Outbound-WS Inbound,Main and Schiller IB,528
10/19/2018 9:07,DCL Outbound-WS Inbound,Hawley IB,37
10/19/2018 9:10,DCL Outbound-WS Inbound,Main and Murray IB,37
10/19/2018 9:10,DCL Outbound-WS Inbound,Main and Murray IB,37
10/19/2018 9:10,DCL Outbound-WS Inbound,Main and Murray IB,37
10/19/2018 9:10,DCL Outbound-WS Inbound,Main and Murray IB,37
10/19/2018 9:10,DCL Outbound-WS Inbound,Main and Murray IB,37
10/19/2018 9:10,DCL Outbound-WS Inbound,Main and Murray IB,37
10/19/2018 9:10,DCL Outbound-WS Inbound,Main and Murray IB,37
10/19/2018 9:10,DCL Outbound-WS Inbound,Main and Murray IB,37
10/19/2018 9:10,DCL Outbound-WS Inbound,Main and Murray IB,37
10/19/2018 9:10,DCL Outbound-WS Inbound,Main and Murray IB,37
10/19/2018 9:11,DCL Outbound-WS Inbound,Main and Mather,37
10/19/2018 9:11,DCL Outbound-WS Inbound,Floral and Cleveland IB,528
10/19/2018 9:11,DCL Outbound-WS Inbound,Main and Mather,37
10/19/2018 9:11,DCL Outbound-WS Inbound,Floral and Cleveland IB,528
10/19/2018 9:11,DCL Outbound-WS Inbound,Main and Mather,37
10/19/2018 9:11,DCL Outbound-WS Inbound,Floral and Cleveland IB,528
10/19/2018 9:11,DCL Outbound-WS Inbound,Main and Mather,37
10/19/2018 9:11,DCL Outbound-WS Inbound,Floral and Cleveland IB,528
10/19/2018 9:12,DCL Outbound-WS Inbound,Main and Cedar IB,37
10/19/2018 9:13,DCL Outbound-WS Inbound,Main and Schiller IB,37
10/19/2018 9:13,DCL Outbound-WS Inbound,Main and Schiller IB,37
10/19/2018 9:13,DCL Outbound-WS Inbound,Main and Schiller IB,37
10/19/2018 9:13,DCL Outbound-WS Inbound,Main and Schiller IB,37
10/19/2018 9:13,DCL Outbound-WS Inbound,Main and Schiller IB,37
10/19/2018 9:13,DCL Outbound-WS Inbound,Main and Schiller IB,37
10/19/2018 9:13,DCL Outbound-WS Inbound,Main and Schiller IB,37
10/19/2018 9:13,DCL Outbound-WS Inbound,Main and Schiller IB,37
10/19/2018 9:13,DCL Outbound-WS Inbound,Main and Schiller IB,37
10/19/2018 9:13,DCL Outbound-WS Inbound,Main and Schiller IB,37
10/19/2018 9:13,DCL Outbound-WS Inbound,Main and Schiller IB,37
10/19/2018 9:13,DCL Outbound-WS Inbound,Main and Schiller IB,37
10/19/2018 9:13,DCL Outbound-WS Inbound,Union,526
10/19/2018 9:13,DCL Outbound-WS Inbound,Union,526
10/19/2018 9:13,DCL Outbound-WS Inbound,Union,526
10/19/2018 9:13,DCL Outbound-WS Inbound,Union,526
10/19/2018 9:16,DCL Outbound-WS Inbound,Floral and Cleveland IB,37
10/19/2018 9:16,DCL Outbound-WS Inbound,Floral and Cleveland IB,37
10/19/2018 9:17,DCL Outbound-WS Inbound,Floral and Burbank IB,37
10/19/2018 9:17,DCL Outbound-WS Inbound,Hawley IB,43
10/19/2018 9:17,DCL Outbound-WS Inbound,Hawley IB,43
10/19/2018 9:17,DCL Outbound-WS Inbound,Hawley IB,43
10/19/2018 9:18,DCL Outbound-WS Inbound,Floral and Willow IB,37
10/19/2018 9:18,DCL Outbound-WS Inbound,Floral and Willow IB,37
10/19/2018 9:18,DCL Outbound-WS Inbound,Main and Front OB,43
10/19/2018 9:18,DCL Outbound-WS Inbound,Main and Front OB,43
10/19/2018 9:19,DCL Outbound-WS Inbound,Floral and Roberts IB,37
10/19/2018 9:19,DCL Outbound-WS Inbound,Floral and Harrison IB,37
10/19/2018 9:19,DCL Outbound-WS Inbound,Main and Murray IB,43
10/19/2018 9:19,DCL Outbound-WS Inbound,Main and Murray IB,43
10/19/2018 9:19,DCL Outbound-WS Inbound,Main and Murray IB,43
10/19/2018 9:19,DCL Outbound-WS Inbound,Main and Murray IB,43
10/19/2018 9:19,DCL Outbound-WS Inbound,Main and Murray IB,43
10/19/2018 9:19,DCL Outbound-WS Inbound,Main and Murray IB,43
10/19/2018 9:19,DCL Outbound-WS Inbound,Main and Murray IB,43
10/19/2018 9:19,DCL Outbound-WS Inbound,Main and Murray IB,43
10/19/2018 9:19,DCL Outbound-WS Inbound,Main and Murray IB,43
10/19/2018 9:19,DCL Outbound-WS Inbound,Main and Murray IB,43
10/19/2018 9:20,DCL Outbound-WS Inbound,Floral and Cook,37
10/19/2018 9:20,DCL Outbound-WS Inbound,Main and Mather,43
10/19/2018 9:20,DCL Outbound-WS Inbound,Main and Mather,43
10/19/2018 9:20,DCL Outbound-WS Inbound,Main and Mather,43
10/19/2018 9:21,DCL Outbound-WS Inbound,Main and Cedar IB,43
10/19/2018 9:21,DCL Outbound-WS Inbound,Main and Cedar IB,43
10/19/2018 9:21,DCL Outbound-WS Inbound,Main and Cedar IB,43
10/19/2018 9:22,DCL Outbound-WS Inbound,Main and Clarke IB,43
10/19/2018 9:22,DCL Outbound-WS Inbound,Main and Clarke IB,43
10/19/2018 9:23,DCL Outbound-WS Inbound,Main and Schiller IB,43
10/19/2018 9:23,DCL Outbound-WS Inbound,Main and Schiller IB,43
10/19/2018 9:23,DCL Outbound-WS Inbound,Main and Schiller IB,43
10/19/2018 9:23,DCL Outbound-WS Inbound,Main and Schiller IB,43
10/19/2018 9:23,DCL Outbound-WS Inbound,Main and Schiller IB,43
10/19/2018 9:23,DCL Outbound-WS Inbound,Main and Schiller IB,43
10/19/2018 9:23,DCL Outbound-WS Inbound,Main and Schiller IB,43
10/19/2018 9:23,DCL Outbound-WS Inbound,Main and Schiller IB,43
10/19/2018 9:23,DCL Outbound-WS Inbound,Main and Schiller IB,43
10/19/2018 9:24,DCL Outbound-WS Inbound,Riverside and Beethoven OB,526
10/19/2018 9:25,DCL Outbound-WS Inbound,Main and Crary,43
10/19/2018 9:26,DCL Outbound-WS Inbound,Leroy St and Chestnut OB,526
10/19/2018 9:26,DCL Outbound-WS Inbound,Leroy St and Chestnut OB,526
10/19/2018 9:26,DCL Outbound-WS Inbound,Leroy St and Chestnut OB,526
10/19/2018 9:26,DCL Outbound-WS Inbound,Floral and Cleveland IB,43
10/19/2018 9:26,DCL Outbound-WS Inbound,Floral and Cleveland IB,43
10/19/2018 9:26,DCL Outbound-WS Inbound,Floral and Cleveland IB,43
10/19/2018 9:27,DCL Outbound-WS Inbound,Floral and Cleveland IB,43
10/19/2018 9:27,DCL Outbound-WS Inbound,Floral and Cleveland IB,43
10/19/2018 9:27,DCL Outbound-WS Inbound,Floral and Cleveland IB,43
10/19/2018 9:27,DCL Outbound-WS Inbound,Floral and Burbank IB,43
10/19/2018 9:27,DCL Outbound-WS Inbound,Floral and Burbank IB,43
10/19/2018 9:28,DCL Outbound-WS Inbound,Floral and Roberts IB,43
10/19/2018 9:29,DCL Outbound-WS Inbound,Floral and Harrison IB,43
10/19/2018 9:29,DCL Outbound-WS Inbound,Floral and Harrison IB,43
10/19/2018 9:32,DCL Outbound-WS Inbound,UDC IB,526
10/19/2018 9:38,DCL Outbound-WS Inbound,Hawley IB,526
10/19/2018 9:38,DCL Outbound-WS Inbound,Hawley IB,526
10/19/2018 9:40,DCL Outbound-WS Inbound,Main and Murray IB,526
10/19/2018 9:40,DCL Outbound-WS Inbound,Main and Murray IB,526
10/19/2018 9:40,DCL Outbound-WS Inbound,Main and Murray IB,526
10/19/2018 9:40,DCL Outbound-WS Inbound,Main and Murray IB,526
10/19/2018 9:40,DCL Outbound-WS Inbound,Main and Murray IB,526
10/19/2018 9:40,DCL Outbound-WS Inbound,Main and Murray IB,526
10/19/2018 9:41,DCL Outbound-WS Inbound,Main and Mather,526
10/19/2018 9:42,DCL Outbound-WS Inbound,Main and Cedar IB,526
10/19/2018 9:42,DCL Outbound-WS Inbound,Main and Clarke IB,526
10/19/2018 9:42,DCL Outbound-WS Inbound,Main and Clarke IB,526
10/19/2018 9:43,DCL Outbound-WS Inbound,Main and Schiller IB,526
10/19/2018 9:43,DCL Outbound-WS Inbound,Main and Schiller IB,526
10/19/2018 9:44,DCL Outbound-WS Inbound,Union,55
10/19/2018 9:44,DCL Outbound-WS Inbound,Union,55
10/19/2018 9:44,DCL Outbound-WS Inbound,Union,55
10/19/2018 9:44,DCL Outbound-WS Inbound,Union,55
10/19/2018 9:44,DCL Outbound-WS Inbound,Union,55
10/19/2018 9:44,DCL Outbound-WS Inbound,Union,55
10/19/2018 9:44,DCL Outbound-WS Inbound,Union,55
10/19/2018 9:44,DCL Outbound-WS Inbound,Union,55
10/19/2018 9:44,DCL Outbound-WS Inbound,Union,55
10/19/2018 9:44,DCL Outbound-WS Inbound,Union,55
10/19/2018 9:44,DCL Outbound-WS Inbound,Main and Helen IB,526
10/19/2018 9:44,DCL Outbound-WS Inbound,Main and Helen IB,526
10/19/2018 9:46,DCL Outbound-WS Inbound,Union,55
10/19/2018 9:46,DCL Outbound-WS Inbound,Floral and Main IB,526
10/19/2018 9:46,DCL Outbound-WS Inbound,Union,55
10/19/2018 9:47,DCL Outbound-WS Inbound,Hawley IB,37
10/19/2018 9:47,DCL Outbound-WS Inbound,Floral and Burbank IB,526
10/19/2018 9:48,DCL Outbound-WS Inbound,Main and Murray IB,37
10/19/2018 9:48,DCL Outbound-WS Inbound,Main and Murray IB,37
10/19/2018 9:48,DCL Outbound-WS Inbound,Floral and Harrison OB,526
10/19/2018 9:49,DCL Outbound-WS Inbound,Floral and Cook,526
10/19/2018 9:50,DCL Outbound-WS Inbound,Main and Clarke IB,37
10/19/2018 9:52,DCL Outbound-WS Inbound,Floral and Main IB,37
10/19/2018 10:00,DCL Outbound-WS Inbound,Leroy St and Murray OB,55
10/19/2018 10:00,DCL Outbound-WS Inbound,Leroy St and Murray OB,55
10/19/2018 10:03,DCL Outbound-WS Inbound,UDC IB,55
10/19/2018 10:03,DCL Outbound-WS Inbound,UDC IB,55
10/19/2018 10:03,DCL Outbound-WS Inbound,UDC IB,55
10/19/2018 10:08,DCL Outbound-WS Inbound,Hawley IB,55
10/19/2018 10:08,DCL Outbound-WS Inbound,Hawley IB,55
10/19/2018 10:08,DCL Outbound-WS Inbound,Hawley IB,55
10/19/2018 10:08,DCL Outbound-WS Inbound,Hawley IB,55
10/19/2018 10:08,DCL Outbound-WS Inbound,Union,37
10/19/2018 10:09,DCL Outbound-WS Inbound,Main and Front OB,55
10/19/2018 10:09,DCL Outbound-WS Inbound,Main and Front OB,55
10/19/2018 10:09,DCL Outbound-WS Inbound,Main and Front OB,55
10/19/2018 10:10,DCL Outbound-WS Inbound,Union,37
10/19/2018 10:10,DCL Outbound-WS Inbound,Main and Murray IB,55
10/19/2018 10:10,DCL Outbound-WS Inbound,Main and Murray IB,55
10/19/2018 10:10,DCL Outbound-WS Inbound,Main and Murray IB,55
10/19/2018 10:10,DCL Outbound-WS Inbound,Main and Murray IB,55
10/19/2018 10:10,DCL Outbound-WS Inbound,Union,43
10/19/2018 10:10,DCL Outbound-WS Inbound,Union,43
10/19/2018 10:10,DCL Outbound-WS Inbound,Main and Murray IB,55
10/19/2018 10:10,DCL Outbound-WS Inbound,Union,43
10/19/2018 10:11,DCL Outbound-WS Inbound,Main and Mather,55
10/19/2018 10:11,DCL Outbound-WS Inbound,Main and Mather,55
10/19/2018 10:11,DCL Outbound-WS Inbound,Main and Mather,55
10/19/2018 10:11,DCL Outbound-WS Inbound,Main and Mather,55
10/19/2018 10:11,DCL Outbound-WS Inbound,Main and Mather,55
10/19/2018 10:11,DCL Outbound-WS Inbound,Main and Mather,55
10/19/2018 10:11,DCL Outbound-WS Inbound,Main and Mather,55
10/19/2018 10:13,DCL Outbound-WS Inbound,Main and Cedar IB,55
10/19/2018 10:13,DCL Outbound-WS Inbound,Main and Cedar IB,55
10/19/2018 10:14,DCL Outbound-WS Inbound,Main and Clarke IB,55
10/19/2018 10:14,DCL Outbound-WS Inbound,Main and Clarke IB,55
10/19/2018 10:14,DCL Outbound-WS Inbound,Main and Clarke IB,55
10/19/2018 10:15,DCL Outbound-WS Inbound,Main and Schiller IB,55
10/19/2018 10:15,DCL Outbound-WS Inbound,Main and Schiller IB,55
10/19/2018 10:15,DCL Outbound-WS Inbound,UDC,528
10/19/2018 10:17,DCL Outbound-WS Inbound,Hawley IB,528
10/19/2018 10:17,DCL Outbound-WS Inbound,Hawley IB,528
10/19/2018 10:17,DCL Outbound-WS Inbound,Hawley IB,528
10/19/2018 10:17,DCL Outbound-WS Inbound,Main and Helen IB,55
10/19/2018 10:17,DCL Outbound-WS Inbound,Main and Helen IB,55
10/19/2018 10:17,DCL Outbound-WS Inbound,Main and Front OB,528
10/19/2018 10:17,DCL Outbound-WS Inbound,Main and Front OB,528
10/19/2018 10:18,DCL Outbound-WS Inbound,Main and Crary,55
10/19/2018 10:18,DCL Outbound-WS Inbound,Main and Murray IB,528
10/19/2018 10:18,DCL Outbound-WS Inbound,Main and Murray IB,528
10/19/2018 10:18,DCL Outbound-WS Inbound,Main and Murray IB,528
10/19/2018 10:19,DCL Outbound-WS Inbound,Main and Mather,528
10/19/2018 10:19,DCL Outbound-WS Inbound,Main and Mather,528
10/19/2018 10:19,DCL Outbound-WS Inbound,Main and Mather,528
10/19/2018 10:19,DCL Outbound-WS Inbound,Main and Mather,528
10/19/2018 10:20,DCL Outbound-WS Inbound,Main and Mather,528
10/19/2018 10:20,DCL Outbound-WS Inbound,Floral and Cleveland IB,55
10/19/2018 10:21,DCL Outbound-WS Inbound,Floral and Cleveland IB,55
10/19/2018 10:21,DCL Outbound-WS Inbound,Floral and Cleveland IB,55
10/19/2018 10:21,DCL Outbound-WS Inbound,Main and Cedar IB,528
10/19/2018 10:21,DCL Outbound-WS Inbound,Main and Cedar IB,528
10/19/2018 10:21,DCL Outbound-WS Inbound,Main and Cedar IB,528
10/19/2018 10:21,DCL Outbound-WS Inbound,Main and Cedar IB,528
10/19/2018 10:22,DCL Outbound-WS Inbound,Floral and Roberts IB,55
10/19/2018 10:22,DCL Outbound-WS Inbound,Main and Clarke IB,528
10/19/2018 10:23,DCL Outbound-WS Inbound,Main and Schiller IB,528
10/19/2018 10:23,DCL Outbound-WS Inbound,Main and Schiller IB,528
10/19/2018 10:23,DCL Outbound-WS Inbound,Main and Schiller IB,528
10/19/2018 10:23,DCL Outbound-WS Inbound,Main and Schiller IB,528
10/19/2018 10:23,DCL Outbound-WS Inbound,Main and Schiller IB,528
10/19/2018 10:27,DCL Outbound-WS Inbound,Floral and Cleveland IB,528
10/19/2018 10:27,DCL Outbound-WS Inbound,Floral and Cleveland IB,528
10/19/2018 10:27,DCL Outbound-WS Inbound,Floral and Cleveland IB,528
10/19/2018 10:27,DCL Outbound-WS Inbound,Floral and Cleveland IB,528
10/19/2018 10:27,DCL Outbound-WS Inbound,Union,889
10/19/2018 10:28,DCL Outbound-WS Inbound,Union,889
10/19/2018 10:28,DCL Outbound-WS Inbound,Floral and Burbank IB,528
10/19/2018 10:28,DCL Outbound-WS Inbound,Floral and Burbank IB,528
10/19/2018 10:29,DCL Outbound-WS Inbound,Union,889
10/19/2018 10:29,DCL Outbound-WS Inbound,UDC IB,43
10/19/2018 10:30,DCL Outbound-WS Inbound,UDC IB,43
10/19/2018 10:30,DCL Outbound-WS Inbound,UDC IB,43
10/19/2018 10:32,DCL Outbound-WS Inbound,UDC IB,43
10/19/2018 10:32,DCL Outbound-WS Inbound,UDC IB,43
10/19/2018 10:37,DCL Outbound-WS Inbound,Hawley IB,43
10/19/2018 10:37,DCL Outbound-WS Inbound,Hawley IB,43
10/19/2018 10:37,DCL Outbound-WS Inbound,Hawley IB,43
10/19/2018 10:38,DCL Outbound-WS Inbound,Main and Front OB,43
10/19/2018 10:38,DCL Outbound-WS Inbound,Union,528
10/19/2018 10:39,DCL Outbound-WS Inbound,Main and Murray IB,43
10/19/2018 10:39,DCL Outbound-WS Inbound,Main and Murray IB,43
10/19/2018 10:39,DCL Outbound-WS Inbound,Main and Murray IB,43
10/19/2018 10:39,DCL Outbound-WS Inbound,Main and Murray IB,43
10/19/2018 10:39,DCL Outbound-WS Inbound,Main and Murray IB,43
10/19/2018 10:39,DCL Outbound-WS Inbound,Main and Murray IB,43
10/19/2018 10:40,DCL Outbound-WS Inbound,Main and Mather,43
10/19/2018 10:40,DCL Outbound-WS Inbound,Main and Mather,43
10/19/2018 10:41,DCL Outbound-WS Inbound,Main and Mather,43
10/19/2018 10:41,DCL Outbound-WS Inbound,Main and Cedar IB,43
10/19/2018 10:42,DCL Outbound-WS Inbound,Main and Clarke IB,43
10/19/2018 10:42,DCL Outbound-WS Inbound,Main and Clarke IB,43
10/19/2018 10:42,DCL Outbound-WS Inbound,Main and Clarke IB,43
10/19/2018 10:42,DCL Outbound-WS Inbound,Main and Clarke IB,43
10/19/2018 10:42,DCL Outbound-WS Inbound,Main and Clarke IB,43
10/19/2018 10:43,DCL Outbound-WS Inbound,Main and Schiller IB,43
10/19/2018 10:43,DCL Outbound-WS Inbound,Main and Schiller IB,43
10/19/2018 10:43,DCL Outbound-WS Inbound,Main and Schiller IB,43
10/19/2018 10:43,DCL Outbound-WS Inbound,Main and Schiller IB,43
10/19/2018 10:43,DCL Outbound-WS Inbound,Main and Schiller IB,43
10/19/2018 10:43,DCL Outbound-WS Inbound,Main and Schiller IB,43
10/19/2018 10:43,DCL Outbound-WS Inbound,Main and Schiller IB,43
10/19/2018 10:45,DCL Outbound-WS Inbound,Main and Helen IB,43
10/19/2018 10:45,DCL Outbound-WS Inbound,Leroy St and Murray OB,889
10/19/2018 10:45,DCL Outbound-WS Inbound,Main and Helen IB,43
10/19/2018 10:47,DCL Outbound-WS Inbound,Union,526
10/19/2018 10:47,DCL Outbound-WS Inbound,Union,526
10/19/2018 10:47,DCL Outbound-WS Inbound,Union,526
10/19/2018 10:47,DCL Outbound-WS Inbound,Union,526
10/19/2018 10:47,DCL Outbound-WS Inbound,Union,526
10/19/2018 10:47,DCL Outbound-WS Inbound,Union,526
10/19/2018 10:47,DCL Outbound-WS Inbound,Union,526
10/19/2018 10:47,DCL Outbound-WS Inbound,Union,526
10/19/2018 10:47,DCL Outbound-WS Inbound,Union,526
10/19/2018 10:47,DCL Outbound-WS Inbound,Union,526
10/19/2018 10:47,DCL Outbound-WS Inbound,Union,526
10/19/2018 10:47,DCL Outbound-WS Inbound,Union,526
10/19/2018 10:47,DCL Outbound-WS Inbound,Union,526
10/19/2018 10:47,DCL Outbound-WS Inbound,Union,526
10/19/2018 10:47,DCL Outbound-WS Inbound,Union,526
10/19/2018 10:48,DCL Outbound-WS Inbound,Union,526
10/19/2018 10:48,DCL Outbound-WS Inbound,Union,526
10/19/2018 10:48,DCL Outbound-WS Inbound,Floral and Cleveland IB,43
10/19/2018 10:48,DCL Outbound-WS Inbound,UDC IB,889
10/19/2018 10:48,DCL Outbound-WS Inbound,UDC IB,889
10/19/2018 10:48,DCL Outbound-WS Inbound,Union,526
10/19/2018 10:48,DCL Outbound-WS Inbound,Union,526
10/19/2018 10:49,DCL Outbound-WS Inbound,Engineering Bldg,526
10/19/2018 10:49,DCL Outbound-WS Inbound,Engineering Bldg,526
10/19/2018 10:52,DCL Outbound-WS Inbound,Hawley IB,889
10/19/2018 10:52,DCL Outbound-WS Inbound,Hawley IB,889
10/19/2018 10:54,DCL Outbound-WS Inbound,Physical Facilities,526
10/19/2018 10:54,DCL Outbound-WS Inbound,Physical Facilities,526
10/19/2018 10:54,DCL Outbound-WS Inbound,Physical Facilities,526
10/19/2018 10:54,DCL Outbound-WS Inbound,Main and Mather,889
10/19/2018 10:54,DCL Outbound-WS Inbound,Main and Mather,889
10/19/2018 10:54,DCL Outbound-WS Inbound,Main and Mather,889
10/19/2018 10:56,DCL Outbound-WS Inbound,Main and Schiller IB,889
10/19/2018 10:56,DCL Outbound-WS Inbound,Main and Schiller IB,889
10/19/2018 10:56,DCL Outbound-WS Inbound,Main and Schiller IB,889
10/19/2018 10:56,DCL Outbound-WS Inbound,Main and Schiller IB,889
10/19/2018 10:58,DCL Outbound-WS Inbound,Main and Helen IB,889
10/19/2018 11:00,DCL Outbound-WS Inbound,Floral and Cleveland IB,889
10/19/2018 11:01,DCL Outbound-WS Inbound,Floral and Harrison IB,889
10/19/2018 11:02,DCL Outbound-WS Inbound,Floral and Cook,889
10/19/2018 11:09,DCL Outbound-WS Inbound,UDC IB,526
10/19/2018 11:09,DCL Outbound-WS Inbound,UDC IB,526
10/19/2018 11:10,DCL Outbound-WS Inbound,Union,889
10/19/2018 11:10,DCL Outbound-WS Inbound,Union,889
10/19/2018 11:10,DCL Outbound-WS Inbound,Union,889
10/19/2018 11:11,DCL Outbound-WS Inbound,Union,889
10/19/2018 11:11,DCL Outbound-WS Inbound,Union,889
10/19/2018 11:12,DCL Outbound-WS Inbound,Hawley IB,526
10/19/2018 11:12,DCL Outbound-WS Inbound,Hawley IB,526
10/19/2018 11:12,DCL Outbound-WS Inbound,Union,528
10/19/2018 11:12,DCL Outbound-WS Inbound,Hawley IB,526
10/19/2018 11:12,DCL Outbound-WS Inbound,Union,528
10/19/2018 11:13,DCL Outbound-WS Inbound,Union,528
10/19/2018 11:13,DCL Outbound-WS Inbound,Union,889
10/19/2018 11:13,DCL Outbound-WS Inbound,Union,889
10/19/2018 11:14,DCL Outbound-WS Inbound,Union,528
10/19/2018 11:14,DCL Outbound-WS Inbound,Main and Murray IB,526
10/19/2018 11:14,DCL Outbound-WS Inbound,Union,889
10/19/2018 11:14,DCL Outbound-WS Inbound,Main and Murray IB,526
10/19/2018 11:14,DCL Outbound-WS Inbound,Main and Murray IB,526
10/19/2018 11:14,DCL Outbound-WS Inbound,Main and Murray IB,526
10/19/2018 11:15,DCL Outbound-WS Inbound,Main and Mather,526
10/19/2018 11:15,DCL Outbound-WS Inbound,Union,528
10/19/2018 11:16,DCL Outbound-WS Inbound,Main and Cedar IB,526
10/19/2018 11:17,DCL Outbound-WS Inbound,Main and Clarke IB,526
10/19/2018 11:18,DCL Outbound-WS Inbound,Main and Schiller IB,526
10/19/2018 11:18,DCL Outbound-WS Inbound,Main and Schiller IB,526
10/19/2018 11:18,DCL Outbound-WS Inbound,Main and Schiller IB,526
10/19/2018 11:18,DCL Outbound-WS Inbound,Main and Schiller IB,526
10/19/2018 11:18,DCL Outbound-WS Inbound,Main and Schiller IB,526
10/19/2018 11:18,DCL Outbound-WS Inbound,Main and Schiller IB,526
10/19/2018 11:18,DCL Outbound-WS Inbound,Main and Schiller IB,526
10/19/2018 11:22,DCL Outbound-WS Inbound,Floral and Cleveland IB,526
10/19/2018 11:22,DCL Outbound-WS Inbound,Floral and Burbank IB,526
10/19/2018 11:23,DCL Outbound-WS Inbound,UDC IB,21
10/19/2018 11:23,DCL Outbound-WS Inbound,Floral and Harrison IB,526
10/19/2018 11:23,DCL Outbound-WS Inbound,UDC IB,21
10/19/2018 11:24,DCL Outbound-WS Inbound,UDC IB,21
10/19/2018 11:26,DCL Outbound-WS Inbound,Hawley IB,21
10/19/2018 11:26,DCL Outbound-WS Inbound,Hawley IB,21
10/19/2018 11:26,DCL Outbound-WS Inbound,Hawley IB,21
10/19/2018 11:26,DCL Outbound-WS Inbound,Hawley IB,21
10/19/2018 11:28,DCL Outbound-WS Inbound,Leroy St and Chestnut OB,528
10/19/2018 11:28,DCL Outbound-WS Inbound,Main and Murray IB,21
10/19/2018 11:28,DCL Outbound-WS Inbound,Main and Murray IB,21
10/19/2018 11:28,DCL Outbound-WS Inbound,Main and Murray IB,21
10/19/2018 11:28,DCL Outbound-WS Inbound,Main and Murray IB,21
10/19/2018 11:28,DCL Outbound-WS Inbound,Main and Murray IB,21
10/19/2018 11:29,DCL Outbound-WS Inbound,UDC IB,55
10/19/2018 11:29,DCL Outbound-WS Inbound,Main and Mather,21
10/19/2018 11:29,DCL Outbound-WS Inbound,Main and Mather,21
10/19/2018 11:29,DCL Outbound-WS Inbound,Main and Mather,21
10/19/2018 11:29,DCL Outbound-WS Inbound,UDC IB,55
10/19/2018 11:29,DCL Outbound-WS Inbound,Main and Mather,21
10/19/2018 11:29,DCL Outbound-WS Inbound,Main and Mather,21
10/19/2018 11:29,DCL Outbound-WS Inbound,Main and Mather,21
10/19/2018 11:29,DCL Outbound-WS Inbound,Main and Mather,21
10/19/2018 11:30,DCL Outbound-WS Inbound,UDC IB,55
10/19/2018 11:30,DCL Outbound-WS Inbound,Main and Cedar IB,21
10/19/2018 11:30,DCL Outbound-WS Inbound,UDC IB,55
10/19/2018 11:30,DCL Outbound-WS Inbound,Main and Cedar IB,21
10/19/2018 11:30,DCL Outbound-WS Inbound,UDC IB,55
10/19/2018 11:31,DCL Outbound-WS Inbound,UDC IB,55
10/19/2018 11:31,DCL Outbound-WS Inbound,Main and Clarke IB,21
10/19/2018 11:31,DCL Outbound-WS Inbound,Main and Clarke IB,21
10/19/2018 11:31,DCL Outbound-WS Inbound,UDC IB,55
10/19/2018 11:31,DCL Outbound-WS Inbound,Main and Schiller IB,21
10/19/2018 11:32,DCL Outbound-WS Inbound,Main and Schiller IB,21
10/19/2018 11:32,DCL Outbound-WS Inbound,Main and Schiller IB,21
10/19/2018 11:32,DCL Outbound-WS Inbound,Main and Schiller IB,21
10/19/2018 11:32,DCL Outbound-WS Inbound,Main and Schiller IB,21
10/19/2018 11:32,DCL Outbound-WS Inbound,Main and Schiller IB,21
10/19/2018 11:32,DCL Outbound-WS Inbound,Hawley IB,55
10/19/2018 11:34,DCL Outbound-WS Inbound,Union,43
10/19/2018 11:34,DCL Outbound-WS Inbound,Union,43
10/19/2018 11:35,DCL Outbound-WS Inbound,Main and Mather,55
10/19/2018 11:35,DCL Outbound-WS Inbound,Main and Mather,55
10/19/2018 11:35,DCL Outbound-WS Inbound,Main and Mather,55
10/19/2018 11:35,DCL Outbound-WS Inbound,UDC IB,528
10/19/2018 11:35,DCL Outbound-WS Inbound,Main and Mather,55
10/19/2018 11:36,DCL Outbound-WS Inbound,Floral and Cleveland IB,21
10/19/2018 11:36,DCL Outbound-WS Inbound,Floral and Cleveland IB,21
10/19/2018 11:37,DCL Outbound-WS Inbound,Floral and Burbank IB,21
10/19/2018 11:37,DCL Outbound-WS Inbound,Main and Clarke IB,55
10/19/2018 11:38,DCL Outbound-WS Inbound,Main and Schiller IB,55
10/19/2018 11:38,DCL Outbound-WS Inbound,Main and Schiller IB,55
10/19/2018 11:38,DCL Outbound-WS Inbound,Main and Schiller IB,55
10/19/2018 11:38,DCL Outbound-WS Inbound,Main and Schiller IB,55
10/19/2018 11:38,DCL Outbound-WS Inbound,Main and Schiller IB,55
10/19/2018 11:39,DCL Outbound-WS Inbound,Main and Murray IB,528
10/19/2018 11:39,DCL Outbound-WS Inbound,Main and Murray IB,528
10/19/2018 11:39,DCL Outbound-WS Inbound,Main and Murray IB,528
10/19/2018 11:39,DCL Outbound-WS Inbound,Main and Murray IB,528
10/19/2018 11:39,DCL Outbound-WS Inbound,Main and Murray IB,528
10/19/2018 11:39,DCL Outbound-WS Inbound,Main and Murray IB,528
10/19/2018 11:40,DCL Outbound-WS Inbound,Main and Helen IB,55
10/19/2018 11:40,DCL Outbound-WS Inbound,Main and Mather,528
10/19/2018 11:40,DCL Outbound-WS Inbound,Main and Mather,528
10/19/2018 11:40,DCL Outbound-WS Inbound,Main and Mather,528
10/19/2018 11:40,DCL Outbound-WS Inbound,Main and Mather,528
10/19/2018 11:40,DCL Outbound-WS Inbound,Main and Mather,528
10/19/2018 11:40,DCL Outbound-WS Inbound,Main and Mather,528
10/19/2018 11:41,DCL Outbound-WS Inbound,Main and Cedar IB,528
10/19/2018 11:41,DCL Outbound-WS Inbound,Floral and Main IB,55
10/19/2018 11:42,DCL Outbound-WS Inbound,Main and Cedar IB,528
10/19/2018 11:42,DCL Outbound-WS Inbound,Main and Cedar IB,528
10/19/2018 11:42,DCL Outbound-WS Inbound,Main and Clarke OB,528
10/19/2018 11:42,DCL Outbound-WS Inbound,Main and Clarke OB,528
10/19/2018 11:42,DCL Outbound-WS Inbound,Floral and Cleveland IB,55
10/19/2018 11:42,DCL Outbound-WS Inbound,Floral and Cleveland IB,55
10/19/2018 11:42,DCL Outbound-WS Inbound,Floral and Cleveland IB,55
10/19/2018 11:43,DCL Outbound-WS Inbound,Main and Schiller IB,528
10/19/2018 11:43,DCL Outbound-WS Inbound,Main and Schiller IB,528
10/19/2018 11:43,DCL Outbound-WS Inbound,Floral and Willow IB,55
10/19/2018 11:43,DCL Outbound-WS Inbound,Union,526
10/19/2018 11:43,DCL Outbound-WS Inbound,Floral and Willow IB,55
10/19/2018 11:43,DCL Outbound-WS Inbound,Union,526
10/19/2018 11:44,DCL Outbound-WS Inbound,Union,526
10/19/2018 11:44,DCL Outbound-WS Inbound,Union,526
10/19/2018 11:44,DCL Outbound-WS Inbound,Union,526
10/19/2018 11:44,DCL Outbound-WS Inbound,Union,526
10/19/2018 11:45,DCL Outbound-WS Inbound,Union,526
10/19/2018 11:45,DCL Outbound-WS Inbound,Union,21
10/19/2018 11:45,DCL Outbound-WS Inbound,Union,21
10/19/2018 11:45,DCL Outbound-WS Inbound,Union,21
10/19/2018 11:45,DCL Outbound-WS Inbound,Union,21
10/19/2018 11:45,DCL Outbound-WS Inbound,Union,21
10/19/2018 11:45,DCL Outbound-WS Inbound,Union,21
10/19/2018 11:45,DCL Outbound-WS Inbound,Union,21
10/19/2018 11:45,DCL Outbound-WS Inbound,Main and Crary,528
10/19/2018 11:46,DCL Outbound-WS Inbound,Leroy St and Chestnut OB,43
10/19/2018 11:47,DCL Outbound-WS Inbound,Floral and Cleveland OB,528
10/19/2018 11:47,DCL Outbound-WS Inbound,Floral and Cleveland OB,528
10/19/2018 11:53,DCL Outbound-WS Inbound,Hawley IB,43
10/19/2018 11:54,DCL Outbound-WS Inbound,Main and Front OB,43
10/19/2018 11:54,DCL Outbound-WS Inbound,Main and Front OB,43
10/19/2018 11:55,DCL Outbound-WS Inbound,Union,55
10/19/2018 11:55,DCL Outbound-WS Inbound,Union,55
10/19/2018 11:55,DCL Outbound-WS Inbound,Union,55
10/19/2018 11:55,DCL Outbound-WS Inbound,Union,55
10/19/2018 11:55,DCL Outbound-WS Inbound,Main and Murray IB,43
10/19/2018 11:55,DCL Outbound-WS Inbound,Union,55
10/19/2018 11:55,DCL Outbound-WS Inbound,Union,55
10/19/2018 11:55,DCL Outbound-WS Inbound,Union,55
10/19/2018 11:55,DCL Outbound-WS Inbound,Union,55
10/19/2018 11:55,DCL Outbound-WS Inbound,Union,55
10/19/2018 11:55,DCL Outbound-WS Inbound,Union,55
10/19/2018 11:56,DCL Outbound-WS Inbound,Union,55
10/19/2018 11:56,DCL Outbound-WS Inbound,Union,55
10/19/2018 11:56,DCL Outbound-WS Inbound,Union,55
10/19/2018 11:56,DCL Outbound-WS Inbound,Union,55
10/19/2018 11:57,DCL Outbound-WS Inbound,Main and Cedar OB,43
10/19/2018 11:57,DCL Outbound-WS Inbound,Main and Cedar OB,43
10/19/2018 11:58,DCL Outbound-WS Inbound,Leroy St and Chestnut OB,526
10/19/2018 11:59,DCL Outbound-WS Inbound,Main and Schiller IB,43
10/19/2018 12:02,DCL Outbound-WS Inbound,Union,37
10/19/2018 12:02,DCL Outbound-WS Inbound,Union,37
10/19/2018 12:02,DCL Outbound-WS Inbound,Union,37
10/19/2018 12:02,DCL Outbound-WS Inbound,Union,37
10/19/2018 12:02,DCL Outbound-WS Inbound,Union,37
10/19/2018 12:02,DCL Outbound-WS Inbound,Union,37
10/19/2018 12:02,DCL Outbound-WS Inbound,Union,37
10/19/2018 12:02,DCL Outbound-WS Inbound,Union,37
10/19/2018 12:03,DCL Outbound-WS Inbound,Union,37
10/19/2018 12:03,DCL Outbound-WS Inbound,Union,37
10/19/2018 12:03,DCL Outbound-WS Inbound,Union,37
10/19/2018 12:03,DCL Outbound-WS Inbound,UDC IB,526
10/19/2018 12:03,DCL Outbound-WS Inbound,Union,37
10/19/2018 12:05,DCL Outbound-WS Inbound,Physical Facilities OB,37
10/19/2018 12:06,DCL Outbound-WS Inbound,Physical Facilities OB,37
10/19/2018 12:06,DCL Outbound-WS Inbound,Physical Facilities OB,37
10/19/2018 12:06,DCL Outbound-WS Inbound,Physical Facilities OB,37
10/19/2018 12:06,DCL Outbound-WS Inbound,Physical Facilities OB,37
10/19/2018 12:06,DCL Outbound-WS Inbound,Physical Facilities OB,37
10/19/2018 12:06,DCL Outbound-WS Inbound,Physical Facilities OB,37
10/19/2018 12:06,DCL Outbound-WS Inbound,Physical Facilities OB,37
10/19/2018 12:06,DCL Outbound-WS Inbound,Physical Facilities OB,37
10/19/2018 12:06,DCL Outbound-WS Inbound,Physical Facilities OB,37
10/19/2018 12:06,DCL Outbound-WS Inbound,Physical Facilities OB,37
10/19/2018 12:06,DCL Outbound-WS Inbound,Physical Facilities OB,37
10/19/2018 12:06,DCL Outbound-WS Inbound,Physical Facilities OB,37
10/19/2018 12:06,DCL Outbound-WS Inbound,Physical Facilities OB,37
10/19/2018 12:06,DCL Outbound-WS Inbound,Physical Facilities OB,37
10/19/2018 12:06,DCL Outbound-WS Inbound,Physical Facilities OB,37
10/19/2018 12:06,DCL Outbound-WS Inbound,Physical Facilities OB,37
10/19/2018 12:06,DCL Outbound-WS Inbound,Physical Facilities OB,37
10/19/2018 12:06,DCL Outbound-WS Inbound,Physical Facilities OB,37
10/19/2018 12:06,DCL Outbound-WS Inbound,Physical Facilities OB,37
10/19/2018 12:06,DCL Outbound-WS Inbound,Physical Facilities OB,37
10/19/2018 12:06,DCL Outbound-WS Inbound,Physical Facilities OB,37
10/19/2018 12:06,DCL Outbound-WS Inbound,Physical Facilities OB,37
10/19/2018 12:06,DCL Outbound-WS Inbound,Physical Facilities OB,37
10/19/2018 12:06,DCL Outbound-WS Inbound,Physical Facilities OB,37
10/19/2018 12:06,DCL Outbound-WS Inbound,Physical Facilities OB,37
10/19/2018 12:06,DCL Outbound-WS Inbound,Physical Facilities OB,37
10/19/2018 12:06,DCL Outbound-WS Inbound,Physical Facilities OB,37
10/19/2018 12:07,DCL Outbound-WS Inbound,Physical Facilities OB,37
10/19/2018 12:07,DCL Outbound-WS Inbound,Physical Facilities OB,37
10/19/2018 12:07,DCL Outbound-WS Inbound,Physical Facilities OB,37
10/19/2018 12:07,DCL Outbound-WS Inbound,Physical Facilities OB,37
10/19/2018 12:07,DCL Outbound-WS Inbound,Physical Facilities OB,37
10/19/2018 12:09,DCL Outbound-WS Inbound,Hawley IB,526
10/19/2018 12:09,DCL Outbound-WS Inbound,Hawley IB,526
10/19/2018 12:11,DCL Outbound-WS Inbound,Main and Front OB,526
10/19/2018 12:13,DCL Outbound-WS Inbound,Main and Mather,526
10/19/2018 12:13,DCL Outbound-WS Inbound,Main and Cedar IB,526
10/19/2018 12:14,DCL Outbound-WS Inbound,Main and Schiller IB,526
10/19/2018 12:15,DCL Outbound-WS Inbound,Main and Schiller IB,526
10/19/2018 12:15,DCL Outbound-WS Inbound,Union,528
10/19/2018 12:19,DCL Outbound-WS Inbound,Floral and Cleveland IB,526
10/19/2018 12:21,DCL Outbound-WS Inbound,Floral and St. Charles,526
10/19/2018 12:27,DCL Outbound-WS Inbound,UDC IB,37
10/19/2018 12:28,DCL Outbound-WS Inbound,Union,21
10/19/2018 12:28,DCL Outbound-WS Inbound,Union,21
10/19/2018 12:28,DCL Outbound-WS Inbound,Union,21
10/19/2018 12:29,DCL Outbound-WS Inbound,Union,21
10/19/2018 12:29,DCL Outbound-WS Inbound,Riverside and Margaret OB,528
10/19/2018 12:29,DCL Outbound-WS Inbound,Union,21
10/19/2018 12:31,DCL Outbound-WS Inbound,Hawley IB,37
10/19/2018 12:31,DCL Outbound-WS Inbound,Hawley IB,37
10/19/2018 12:32,DCL Outbound-WS Inbound,Main and Front OB,37
10/19/2018 12:32,DCL Outbound-WS Inbound,Main and Front OB,37
10/19/2018 12:32,DCL Outbound-WS Inbound,Physical Facilities,21
10/19/2018 12:34,DCL Outbound-WS Inbound,Main and Murray IB,37
10/19/2018 12:34,DCL Outbound-WS Inbound,Main and Murray IB,37
10/19/2018 12:34,DCL Outbound-WS Inbound,Main and Murray IB,37
10/19/2018 12:34,DCL Outbound-WS Inbound,Main and Murray IB,37
10/19/2018 12:34,DCL Outbound-WS Inbound,Main and Murray IB,37
10/19/2018 12:34,DCL Outbound-WS Inbound,Main and Murray IB,37
10/19/2018 12:35,DCL Outbound-WS Inbound,Main and Mather,37
10/19/2018 12:35,DCL Outbound-WS Inbound,Main and Mather,37
10/19/2018 12:35,DCL Outbound-WS Inbound,Main and Mather,37
10/19/2018 12:35,DCL Outbound-WS Inbound,Main and Mather,37
10/19/2018 12:35,DCL Outbound-WS Inbound,Main and Mather,37
10/19/2018 12:35,DCL Outbound-WS Inbound,Main and Mather,37
10/19/2018 12:36,DCL Outbound-WS Inbound,UDC IB,528
10/19/2018 12:36,DCL Outbound-WS Inbound,Main and Cedar IB,37
10/19/2018 12:36,DCL Outbound-WS Inbound,Main and Cedar IB,37
10/19/2018 12:36,DCL Outbound-WS Inbound,Main and Cedar IB,37
10/19/2018 12:37,DCL Outbound-WS Inbound,Main and Clarke OB,37
10/19/2018 12:37,DCL Outbound-WS Inbound,Main and Clarke OB,37
10/19/2018 12:38,DCL Outbound-WS Inbound,Main and Schiller IB,37
10/19/2018 12:38,DCL Outbound-WS Inbound,Main and Schiller IB,37
10/19/2018 12:38,DCL Outbound-WS Inbound,Main and Schiller IB,37
10/19/2018 12:38,DCL Outbound-WS Inbound,Main and Schiller IB,37
10/19/2018 12:38,DCL Outbound-WS Inbound,Main and Schiller IB,37
10/19/2018 12:38,DCL Outbound-WS Inbound,Main and Schiller IB,37
10/19/2018 12:38,DCL Outbound-WS Inbound,Main and Schiller IB,37
10/19/2018 12:38,DCL Outbound-WS Inbound,Main and Schiller IB,37
10/19/2018 12:38,DCL Outbound-WS Inbound,Main and Schiller IB,37
10/19/2018 12:38,DCL Outbound-WS Inbound,Main and Schiller IB,37
10/19/2018 12:39,DCL Outbound-WS Inbound,Hawley IB,528
10/19/2018 12:39,DCL Outbound-WS Inbound,Hawley IB,528
10/19/2018 12:41,DCL Outbound-WS Inbound,Main and Front OB,528
10/19/2018 12:41,DCL Outbound-WS Inbound,Main and Helen IB,37
10/19/2018 12:42,DCL Outbound-WS Inbound,Main and Murray IB,528
10/19/2018 12:42,DCL Outbound-WS Inbound,Main and Murray IB,528
10/19/2018 12:42,DCL Outbound-WS Inbound,Main and Murray IB,528
10/19/2018 12:42,DCL Outbound-WS Inbound,Main and Murray IB,528
10/19/2018 12:42,DCL Outbound-WS Inbound,Main and Murray IB,528
10/19/2018 12:43,DCL Outbound-WS Inbound,Main and Mather,528
10/19/2018 12:43,DCL Outbound-WS Inbound,Main and Mather,528
10/19/2018 12:43,DCL Outbound-WS Inbound,Main and Mather,528
10/19/2018 12:44,DCL Outbound-WS Inbound,Floral and Main IB,37
10/19/2018 12:44,DCL Outbound-WS Inbound,Main and Cedar IB,528
10/19/2018 12:44,DCL Outbound-WS Inbound,Main and Cedar IB,528
10/19/2018 12:44,DCL Outbound-WS Inbound,Main and Cedar IB,528
10/19/2018 12:44,DCL Outbound-WS Inbound,Main and Cedar IB,528
10/19/2018 12:44,DCL Outbound-WS Inbound,Main and Cedar IB,528
10/19/2018 12:44,DCL Outbound-WS Inbound,Floral and Cleveland IB,37
10/19/2018 12:45,DCL Outbound-WS Inbound,Main and Clarke IB,528
10/19/2018 12:45,DCL Outbound-WS Inbound,Main and Clarke IB,528
10/19/2018 12:45,DCL Outbound-WS Inbound,Main and Clarke IB,528
10/19/2018 12:45,DCL Outbound-WS Inbound,Main and Clarke IB,528
10/19/2018 12:46,DCL Outbound-WS Inbound,Main and Schiller IB,528
10/19/2018 12:46,DCL Outbound-WS Inbound,Main and Schiller IB,528
10/19/2018 12:46,DCL Outbound-WS Inbound,Main and Schiller IB,528
10/19/2018 12:46,DCL Outbound-WS Inbound,Main and Schiller IB,528
10/19/2018 12:46,DCL Outbound-WS Inbound,Main and Schiller IB,528
10/19/2018 12:46,DCL Outbound-WS Inbound,Main and Schiller IB,528
10/19/2018 12:46,DCL Outbound-WS Inbound,Main and Schiller IB,528
10/19/2018 12:46,DCL Outbound-WS Inbound,Main and Schiller IB,528
10/19/2018 12:47,DCL Outbound-WS Inbound,Main and Helen IB,528
10/19/2018 12:48,DCL Outbound-WS Inbound,Main and Crary,528
10/19/2018 12:48,DCL Outbound-WS Inbound,UDC IB,21
10/19/2018 12:50,DCL Outbound-WS Inbound,Union,891
10/19/2018 12:50,DCL Outbound-WS Inbound,Union,891
10/19/2018 12:50,DCL Outbound-WS Inbound,Union,891
10/19/2018 12:50,DCL Outbound-WS Inbound,Union,891
10/19/2018 12:50,DCL Outbound-WS Inbound,Union,891
10/19/2018 12:50,DCL Outbound-WS Inbound,Union,891
10/19/2018 12:50,DCL Outbound-WS Inbound,Union,891
10/19/2018 12:50,DCL Outbound-WS Inbound,Union,891
10/19/2018 12:50,DCL Outbound-WS Inbound,Union,891
10/19/2018 12:50,DCL Outbound-WS Inbound,Union,891
10/19/2018 12:50,DCL Outbound-WS Inbound,Union,891
10/19/2018 12:50,DCL Outbound-WS Inbound,Floral and Cleveland IB,528
10/19/2018 12:50,DCL Outbound-WS Inbound,Union,891
10/19/2018 12:54,DCL Outbound-WS Inbound,Main and Front OB,21
10/19/2018 12:55,DCL Outbound-WS Inbound,Main and Murray IB,21
10/19/2018 12:55,DCL Outbound-WS Inbound,Main and Murray IB,21
10/19/2018 12:55,DCL Outbound-WS Inbound,Main and Murray IB,21
10/19/2018 12:56,DCL Outbound-WS Inbound,Main and Mather,21
10/19/2018 12:56,DCL Outbound-WS Inbound,Main and Mather,21
10/19/2018 12:56,DCL Outbound-WS Inbound,Main and Mather,21
10/19/2018 12:57,DCL Outbound-WS Inbound,Main and Cedar IB,21
10/19/2018 12:57,DCL Outbound-WS Inbound,Main and Clarke IB,21
10/19/2018 12:57,DCL Outbound-WS Inbound,Main and Clarke IB,21
10/19/2018 12:57,DCL Outbound-WS Inbound,Main and Clarke IB,21
10/19/2018 12:57,DCL Outbound-WS Inbound,Main and Clarke IB,21
10/19/2018 12:57,DCL Outbound-WS Inbound,Main and Clarke IB,21
10/19/2018 12:58,DCL Outbound-WS Inbound,Main and Schiller IB,21
10/19/2018 12:58,DCL Outbound-WS Inbound,Main and Schiller IB,21
10/19/2018 12:58,DCL Outbound-WS Inbound,Main and Schiller IB,21
10/19/2018 12:58,DCL Outbound-WS Inbound,Main and Schiller IB,21
10/19/2018 12:58,DCL Outbound-WS Inbound,Main and Schiller IB,21
10/19/2018 12:58,DCL Outbound-WS Inbound,Main and Schiller IB,21
10/19/2018 12:58,DCL Outbound-WS Inbound,Main and Schiller IB,21
10/19/2018 12:58,DCL Outbound-WS Inbound,Main and Schiller IB,21
10/19/2018 13:00,DCL Outbound-WS Inbound,Main and Helen IB,21
10/19/2018 13:02,DCL Outbound-WS Inbound,Floral and Burbank IB,21
10/19/2018 13:07,DCL Outbound-WS Inbound,Leroy St and Chestnut OB,891
10/19/2018 13:12,DCL Outbound-WS Inbound,UDC IB,891
10/19/2018 13:13,DCL Outbound-WS Inbound,Union,526
10/19/2018 13:13,DCL Outbound-WS Inbound,Union,526
10/19/2018 13:13,DCL Outbound-WS Inbound,Union,526
10/19/2018 13:13,DCL Outbound-WS Inbound,Union,526
10/19/2018 13:13,DCL Outbound-WS Inbound,Union,526
10/19/2018 13:14,DCL Outbound-WS Inbound,Union,526
10/19/2018 13:14,DCL Outbound-WS Inbound,Union,526
10/19/2018 13:14,DCL Outbound-WS Inbound,Union,526
10/19/2018 13:14,DCL Outbound-WS Inbound,Union,526
10/19/2018 13:14,DCL Outbound-WS Inbound,Union,526
10/19/2018 13:14,DCL Outbound-WS Inbound,Union,526
10/19/2018 13:14,DCL Outbound-WS Inbound,Union,526
10/19/2018 13:14,DCL Outbound-WS Inbound,Union,526
10/19/2018 13:14,DCL Outbound-WS Inbound,Union,526
10/19/2018 13:14,DCL Outbound-WS Inbound,Union,526
10/19/2018 13:14,DCL Outbound-WS Inbound,Hawley IB,891
10/19/2018 13:14,DCL Outbound-WS Inbound,Union,526
10/19/2018 13:14,DCL Outbound-WS Inbound,Union,526
10/19/2018 13:14,DCL Outbound-WS Inbound,Union,526
10/19/2018 13:15,DCL Outbound-WS Inbound,Union,526
10/19/2018 13:15,DCL Outbound-WS Inbound,Union,526
10/19/2018 13:15,DCL Outbound-WS Inbound,Union,526
10/19/2018 13:16,DCL Outbound-WS Inbound,Main and Murray IB,891
10/19/2018 13:16,DCL Outbound-WS Inbound,Main and Murray IB,891
10/19/2018 13:16,DCL Outbound-WS Inbound,Main and Murray IB,891
10/19/2018 13:16,DCL Outbound-WS Inbound,Main and Murray IB,891
10/19/2018 13:16,DCL Outbound-WS Inbound,Main and Murray IB,891
10/19/2018 13:16,DCL Outbound-WS Inbound,Main and Murray IB,891
10/19/2018 13:17,DCL Outbound-WS Inbound,Main and Mather,891
10/19/2018 13:17,DCL Outbound-WS Inbound,Main and Mather,891
10/19/2018 13:18,DCL Outbound-WS Inbound,Physical Facilities,526
10/19/2018 13:18,DCL Outbound-WS Inbound,Physical Facilities,526
10/19/2018 13:18,DCL Outbound-WS Inbound,Physical Facilities,526
10/19/2018 13:18,DCL Outbound-WS Inbound,Main and Cedar IB,891
10/19/2018 13:18,DCL Outbound-WS Inbound,Main and Cedar IB,891
10/19/2018 13:18,DCL Outbound-WS Inbound,Main and Cedar IB,891
10/19/2018 13:18,DCL Outbound-WS Inbound,Main and Cedar IB,891
10/19/2018 13:18,DCL Outbound-WS Inbound,Main and Cedar IB,891
10/19/2018 13:19,DCL Outbound-WS Inbound,Main and Clarke IB,891
10/19/2018 13:19,DCL Outbound-WS Inbound,Main and Clarke IB,891
10/19/2018 13:19,DCL Outbound-WS Inbound,Main and Clarke IB,891
10/19/2018 13:19,DCL Outbound-WS Inbound,Main and Clarke IB,891
10/19/2018 13:20,DCL Outbound-WS Inbound,Denny''s,526
10/19/2018 13:20,DCL Outbound-WS Inbound,Main and Schiller IB,891
10/19/2018 13:22,DCL Outbound-WS Inbound,Main and Helen IB,891
10/19/2018 13:25,DCL Outbound-WS Inbound,Floral and St. Charles,891
10/19/2018 13:33,DCL Outbound-WS Inbound,Leroy St and Chestnut OB,526
10/19/2018 13:38,DCL Outbound-WS Inbound,UDC IB,526
10/19/2018 13:40,DCL Outbound-WS Inbound,Hawley IB,526
10/19/2018 13:40,DCL Outbound-WS Inbound,Hawley IB,526
10/19/2018 13:40,DCL Outbound-WS Inbound,Hawley IB,526
10/19/2018 13:41,DCL Outbound-WS Inbound,Union,528
10/19/2018 13:41,DCL Outbound-WS Inbound,Union,528
10/19/2018 13:41,DCL Outbound-WS Inbound,Union,528
10/19/2018 13:41,DCL Outbound-WS Inbound,Union,528
10/19/2018 13:41,DCL Outbound-WS Inbound,Union,528
10/19/2018 13:41,DCL Outbound-WS Inbound,Union,528
10/19/2018 13:41,DCL Outbound-WS Inbound,Main and Front OB,526
10/19/2018 13:41,DCL Outbound-WS Inbound,Main and Front OB,526
10/19/2018 13:42,DCL Outbound-WS Inbound,Main and Murray IB,526
10/19/2018 13:42,DCL Outbound-WS Inbound,Main and Murray IB,526
10/19/2018 13:42,DCL Outbound-WS Inbound,Main and Murray IB,526
10/19/2018 13:42,DCL Outbound-WS Inbound,Main and Murray IB,526
10/19/2018 13:43,DCL Outbound-WS Inbound,Union,528
10/19/2018 13:43,DCL Outbound-WS Inbound,Main and Murray IB,526
10/19/2018 13:43,DCL Outbound-WS Inbound,Union,528
10/19/2018 13:43,DCL Outbound-WS Inbound,Union,528
10/19/2018 13:43,DCL Outbound-WS Inbound,Union,528
10/19/2018 13:43,DCL Outbound-WS Inbound,Union,528
10/19/2018 13:43,DCL Outbound-WS Inbound,Main and Mather,526
10/19/2018 13:43,DCL Outbound-WS Inbound,Main and Mather,526
10/19/2018 13:44,DCL Outbound-WS Inbound,Union,528
10/19/2018 13:44,DCL Outbound-WS Inbound,Union,528
10/19/2018 13:44,DCL Outbound-WS Inbound,Union,528
10/19/2018 13:44,DCL Outbound-WS Inbound,Main and Cedar IB,526
10/19/2018 13:44,DCL Outbound-WS Inbound,Main and Cedar IB,526
10/19/2018 13:45,DCL Outbound-WS Inbound,Main and Cedar IB,526
10/19/2018 13:45,DCL Outbound-WS Inbound,Main and Cedar IB,526
10/19/2018 13:45,DCL Outbound-WS Inbound,Main and Cedar IB,526
10/19/2018 13:45,DCL Outbound-WS Inbound,Main and Cedar IB,526
10/19/2018 13:45,DCL Outbound-WS Inbound,Main and Cedar IB,526
10/19/2018 13:45,DCL Outbound-WS Inbound,Main and Clarke IB,526
10/19/2018 13:45,DCL Outbound-WS Inbound,Main and Clarke IB,526
10/19/2018 13:45,DCL Outbound-WS Inbound,Main and Clarke IB,526
10/19/2018 13:45,DCL Outbound-WS Inbound,Main and Clarke IB,526
10/19/2018 13:47,DCL Outbound-WS Inbound,Main and Schiller IB,526
10/19/2018 13:47,DCL Outbound-WS Inbound,Main and Schiller IB,526
10/19/2018 13:47,DCL Outbound-WS Inbound,Main and Schiller IB,526
10/19/2018 13:47,DCL Outbound-WS Inbound,Main and Schiller IB,526
10/19/2018 13:47,DCL Outbound-WS Inbound,Main and Schiller IB,526
10/19/2018 13:47,DCL Outbound-WS Inbound,Main and Schiller IB,526
10/19/2018 13:47,DCL Outbound-WS Inbound,Main and Schiller IB,526
10/19/2018 13:47,DCL Outbound-WS Inbound,Main and Schiller IB,526
10/19/2018 13:47,DCL Outbound-WS Inbound,Main and Schiller IB,526
10/19/2018 13:47,DCL Outbound-WS Inbound,Main and Schiller IB,526
10/19/2018 13:47,DCL Outbound-WS Inbound,Main and Schiller IB,526
10/19/2018 13:47,DCL Outbound-WS Inbound,Main and Schiller IB,526
10/19/2018 13:49,DCL Outbound-WS Inbound,Main and Helen IB,526
10/19/2018 13:49,DCL Outbound-WS Inbound,Main and Helen IB,526
10/19/2018 13:49,DCL Outbound-WS Inbound,Main and Helen IB,526
10/19/2018 13:49,DCL Outbound-WS Inbound,Main and Helen IB,526
10/19/2018 13:49,DCL Outbound-WS Inbound,Main and Helen IB,526
10/19/2018 13:49,DCL Outbound-WS Inbound,Main and Helen IB,526
10/19/2018 13:50,DCL Outbound-WS Inbound,Main and Crary,526
10/19/2018 13:51,DCL Outbound-WS Inbound,Floral and Main IB,526
10/19/2018 13:51,DCL Outbound-WS Inbound,Floral and Main IB,526
10/19/2018 13:52,DCL Outbound-WS Inbound,Floral and Cleveland IB,526
10/19/2018 13:52,DCL Outbound-WS Inbound,Floral and Cleveland IB,526
10/19/2018 13:53,DCL Outbound-WS Inbound,Floral and Cleveland IB,526
10/19/2018 13:53,DCL Outbound-WS Inbound,Floral and Burbank IB,526
10/19/2018 13:55,DCL Outbound-WS Inbound,Riverside and Beethoven OB,528
10/19/2018 13:59,DCL Outbound-WS Inbound,Leroy St and Murray OB,528
10/19/2018 14:02,DCL Outbound-WS Inbound,UDC IB,528
10/19/2018 14:02,DCL Outbound-WS Inbound,UDC IB,528
10/19/2018 14:02,DCL Outbound-WS Inbound,UDC IB,528
10/19/2018 14:03,DCL Outbound-WS Inbound,UDC IB,528
10/19/2018 14:07,DCL Outbound-WS Inbound,Hawley IB,528
10/19/2018 14:07,DCL Outbound-WS Inbound,Hawley IB,528
10/19/2018 14:09,DCL Outbound-WS Inbound,Main and Murray IB,528
10/19/2018 14:09,DCL Outbound-WS Inbound,Main and Murray IB,528
10/19/2018 14:09,DCL Outbound-WS Inbound,Main and Murray IB,528
10/19/2018 14:09,DCL Outbound-WS Inbound,Main and Murray IB,528
10/19/2018 14:10,DCL Outbound-WS Inbound,Main and Mather,528
10/19/2018 14:10,DCL Outbound-WS Inbound,Main and Mather,528
10/19/2018 14:10,DCL Outbound-WS Inbound,Main and Mather,528
10/19/2018 14:12,DCL Outbound-WS Inbound,Main and Clarke IB,528
10/19/2018 14:12,DCL Outbound-WS Inbound,Main and Clarke IB,528
10/19/2018 14:12,DCL Outbound-WS Inbound,Main and Clarke IB,528
10/19/2018 14:12,DCL Outbound-WS Inbound,Main and Clarke IB,528
10/19/2018 14:13,DCL Outbound-WS Inbound,Main and Schiller IB,528
10/19/2018 14:13,DCL Outbound-WS Inbound,Main and Schiller IB,528
10/19/2018 14:13,DCL Outbound-WS Inbound,Main and Schiller IB,528
10/19/2018 14:13,DCL Outbound-WS Inbound,Main and Schiller IB,528
10/19/2018 14:13,DCL Outbound-WS Inbound,Main and Schiller IB,528
10/19/2018 14:15,DCL Outbound-WS Inbound,Main and Helen IB,528
10/19/2018 14:16,DCL Outbound-WS Inbound,Union,889
10/19/2018 14:16,DCL Outbound-WS Inbound,Union,889
10/19/2018 14:16,DCL Outbound-WS Inbound,Union,889
10/19/2018 14:16,DCL Outbound-WS Inbound,Union,889
10/19/2018 14:16,DCL Outbound-WS Inbound,Union,889
10/19/2018 14:16,DCL Outbound-WS Inbound,Union,889
10/19/2018 14:16,DCL Outbound-WS Inbound,Union,889
10/19/2018 14:16,DCL Outbound-WS Inbound,Union,889
10/19/2018 14:16,DCL Outbound-WS Inbound,Union,889
10/19/2018 14:16,DCL Outbound-WS Inbound,Union,889
10/19/2018 14:16,DCL Outbound-WS Inbound,Union,889
10/19/2018 14:16,DCL Outbound-WS Inbound,Union,889
10/19/2018 14:16,DCL Outbound-WS Inbound,Floral and Main IB,528
10/19/2018 14:16,DCL Outbound-WS Inbound,Union,889
10/19/2018 14:17,DCL Outbound-WS Inbound,Union,889
10/19/2018 14:17,DCL Outbound-WS Inbound,Union,889
10/19/2018 14:17,DCL Outbound-WS Inbound,Union,889
10/19/2018 14:17,DCL Outbound-WS Inbound,Union,889
10/19/2018 14:17,DCL Outbound-WS Inbound,Union,889
10/19/2018 14:17,DCL Outbound-WS Inbound,Floral and Cleveland IB,528
10/19/2018 14:17,DCL Outbound-WS Inbound,Floral and Cleveland IB,528
10/19/2018 14:17,DCL Outbound-WS Inbound,Union,889
10/19/2018 14:17,DCL Outbound-WS Inbound,Union,889
10/19/2018 14:17,DCL Outbound-WS Inbound,Union,889
10/19/2018 14:17,DCL Outbound-WS Inbound,Union,889
10/19/2018 14:18,DCL Outbound-WS Inbound,Floral and Burbank IB,528
10/19/2018 14:18,DCL Outbound-WS Inbound,Floral and Willow IB,528
10/19/2018 14:19,DCL Outbound-WS Inbound,Union,889
10/19/2018 14:19,DCL Outbound-WS Inbound,Union,889
10/19/2018 14:19,DCL Outbound-WS Inbound,Union,889
10/19/2018 14:20,DCL Outbound-WS Inbound,Union,889
10/19/2018 14:20,DCL Outbound-WS Inbound,Union,889
10/19/2018 14:22,DCL Outbound-WS Inbound,Physical Facilities,889
10/19/2018 14:40,DCL Outbound-WS Inbound,UDC IB,889
10/19/2018 14:40,DCL Outbound-WS Inbound,UDC IB,889
10/19/2018 14:42,DCL Outbound-WS Inbound,Union,526
10/19/2018 14:42,DCL Outbound-WS Inbound,Union,526
10/19/2018 14:42,DCL Outbound-WS Inbound,Hawley IB,889
10/19/2018 14:42,DCL Outbound-WS Inbound,Hawley IB,889
10/19/2018 14:42,DCL Outbound-WS Inbound,Hawley IB,889
10/19/2018 14:43,DCL Outbound-WS Inbound,Union,526
10/19/2018 14:43,DCL Outbound-WS Inbound,Main and Front OB,889
10/19/2018 14:44,DCL Outbound-WS Inbound,Union,526
10/19/2018 14:45,DCL Outbound-WS Inbound,Main and Murray IB,889
10/19/2018 14:45,DCL Outbound-WS Inbound,Main and Murray IB,889
10/19/2018 14:45,DCL Outbound-WS Inbound,Main and Murray IB,889
10/19/2018 14:45,DCL Outbound-WS Inbound,Main and Murray IB,889
10/19/2018 14:45,DCL Outbound-WS Inbound,Main and Murray IB,889
10/19/2018 14:45,DCL Outbound-WS Inbound,Main and Murray IB,889
10/19/2018 14:45,DCL Outbound-WS Inbound,Main and Murray IB,889
10/19/2018 14:45,DCL Outbound-WS Inbound,Main and Murray IB,889
10/19/2018 14:46,DCL Outbound-WS Inbound,Main and Mather,889
10/19/2018 14:46,DCL Outbound-WS Inbound,Main and Mather,889
10/19/2018 14:46,DCL Outbound-WS Inbound,Main and Mather,889
10/19/2018 14:46,DCL Outbound-WS Inbound,Main and Mather,889
10/19/2018 14:46,DCL Outbound-WS Inbound,Main and Mather,889
10/19/2018 14:47,DCL Outbound-WS Inbound,Main and Cedar IB,889
10/19/2018 14:47,DCL Outbound-WS Inbound,Physical Facilities OB,526
10/19/2018 14:48,DCL Outbound-WS Inbound,Main and Clarke IB,889
10/19/2018 14:48,DCL Outbound-WS Inbound,Main and Clarke IB,889
10/19/2018 14:49,DCL Outbound-WS Inbound,Main and Schiller IB,889
10/19/2018 14:50,DCL Outbound-WS Inbound,Main and Schiller IB,889
10/19/2018 14:51,DCL Outbound-WS Inbound,Main and Helen IB,889
10/19/2018 14:53,DCL Outbound-WS Inbound,Floral and Main IB,889
10/19/2018 14:54,DCL Outbound-WS Inbound,Floral and Cleveland IB,889
10/19/2018 14:54,DCL Outbound-WS Inbound,Floral and Cleveland IB,889
10/19/2018 14:54,DCL Outbound-WS Inbound,Floral and Cleveland IB,889
10/19/2018 15:08,DCL Outbound-WS Inbound,Hawley IB,526
10/19/2018 15:09,DCL Outbound-WS Inbound,Main and Front OB,526
10/19/2018 15:11,DCL Outbound-WS Inbound,Main and Mather,526
10/19/2018 15:11,DCL Outbound-WS Inbound,Main and Mather,526
10/19/2018 15:11,DCL Outbound-WS Inbound,Main and Mather,526
10/19/2018 15:14,DCL Outbound-WS Inbound,Main and Schiller IB,526
10/19/2018 15:15,DCL Outbound-WS Inbound,Main and Helen IB,526
10/19/2018 15:17,DCL Outbound-WS Inbound,Floral and Cleveland IB,526
10/19/2018 15:17,DCL Outbound-WS Inbound,Floral and Cleveland IB,526
10/19/2018 15:19,DCL Outbound-WS Inbound,Union,891
10/19/2018 15:19,DCL Outbound-WS Inbound,Union,891
10/19/2018 15:19,DCL Outbound-WS Inbound,Union,891
10/19/2018 15:19,DCL Outbound-WS Inbound,Union,891
10/19/2018 15:19,DCL Outbound-WS Inbound,Union,891
10/19/2018 15:19,DCL Outbound-WS Inbound,Union,891
10/19/2018 15:19,DCL Outbound-WS Inbound,Union,891
10/19/2018 15:19,DCL Outbound-WS Inbound,Union,891
10/19/2018 15:19,DCL Outbound-WS Inbound,Union,891
10/19/2018 15:19,DCL Outbound-WS Inbound,Union,891
10/19/2018 15:19,DCL Outbound-WS Inbound,Union,891
10/19/2018 15:19,DCL Outbound-WS Inbound,Union,891
10/19/2018 15:19,DCL Outbound-WS Inbound,Union,891
10/19/2018 15:19,DCL Outbound-WS Inbound,Union,891
10/19/2018 15:20,DCL Outbound-WS Inbound,Union,891
10/19/2018 15:20,DCL Outbound-WS Inbound,Union,891
10/19/2018 15:20,DCL Outbound-WS Inbound,Union,891
10/19/2018 15:29,DCL Outbound-WS Inbound,Union,526
10/19/2018 15:29,DCL Outbound-WS Inbound,Union,526
10/19/2018 15:29,DCL Outbound-WS Inbound,Union,526
10/19/2018 15:29,DCL Outbound-WS Inbound,Union,526
10/19/2018 15:29,DCL Outbound-WS Inbound,Union,526
10/19/2018 15:29,DCL Outbound-WS Inbound,Union,526
10/19/2018 15:29,DCL Outbound-WS Inbound,Union,526
10/19/2018 15:29,DCL Outbound-WS Inbound,Union,526
10/19/2018 15:29,DCL Outbound-WS Inbound,Union,526
10/19/2018 15:29,DCL Outbound-WS Inbound,Union,526
10/19/2018 15:29,DCL Outbound-WS Inbound,Union,526
10/19/2018 15:29,DCL Outbound-WS Inbound,Union,526
10/19/2018 15:46,DCL Outbound-WS Inbound,UDC IB,891
10/19/2018 15:47,DCL Outbound-WS Inbound,Union,889
10/19/2018 15:47,DCL Outbound-WS Inbound,Union,889
10/19/2018 15:47,DCL Outbound-WS Inbound,Union,889
10/19/2018 15:47,DCL Outbound-WS Inbound,Union,889
10/19/2018 15:47,DCL Outbound-WS Inbound,Union,889
10/19/2018 15:47,DCL Outbound-WS Inbound,Union,889
10/19/2018 15:47,DCL Outbound-WS Inbound,Union,889
10/19/2018 15:47,DCL Outbound-WS Inbound,Union,889
10/19/2018 15:47,DCL Outbound-WS Inbound,Union,889
10/19/2018 15:47,DCL Outbound-WS Inbound,Union,889
10/19/2018 15:47,DCL Outbound-WS Inbound,Union,889
10/19/2018 15:47,DCL Outbound-WS Inbound,Union,889
10/19/2018 15:47,DCL Outbound-WS Inbound,Union,889
10/19/2018 15:47,DCL Outbound-WS Inbound,Union,889
10/19/2018 15:47,DCL Outbound-WS Inbound,Union,889
10/19/2018 15:47,DCL Outbound-WS Inbound,Union,889
10/19/2018 15:48,DCL Outbound-WS Inbound,Union,889
10/19/2018 15:48,DCL Outbound-WS Inbound,Union,889
10/19/2018 15:48,DCL Outbound-WS Inbound,Union,889
10/19/2018 15:48,DCL Outbound-WS Inbound,Union,889
10/19/2018 15:48,DCL Outbound-WS Inbound,Union,889
10/19/2018 15:48,DCL Outbound-WS Inbound,Union,889
10/19/2018 15:48,DCL Outbound-WS Inbound,Union,889
10/19/2018 15:48,DCL Outbound-WS Inbound,Union,889
10/19/2018 15:48,DCL Outbound-WS Inbound,Union,889
10/19/2018 15:48,DCL Outbound-WS Inbound,Union,889
10/19/2018 15:48,DCL Outbound-WS Inbound,Union,889
10/19/2018 15:48,DCL Outbound-WS Inbound,Union,889
10/19/2018 15:48,DCL Outbound-WS Inbound,Hawley IB,891
10/19/2018 15:50,DCL Outbound-WS Inbound,Physical Facilities,889
10/19/2018 15:50,DCL Outbound-WS Inbound,Main and Murray IB,891
10/19/2018 15:50,DCL Outbound-WS Inbound,Main and Murray IB,891
10/19/2018 15:51,DCL Outbound-WS Inbound,Main and Mather,891
10/19/2018 15:51,DCL Outbound-WS Inbound,Main and Mather,891
10/19/2018 15:53,DCL Outbound-WS Inbound,Main and Cedar IB,891
10/19/2018 15:54,DCL Outbound-WS Inbound,Main and Schiller IB,891
10/19/2018 15:55,DCL Outbound-WS Inbound,Main and Schiller IB,891
10/19/2018 15:55,DCL Outbound-WS Inbound,Main and Schiller IB,891
10/19/2018 15:55,DCL Outbound-WS Inbound,Main and Schiller IB,891
10/19/2018 15:55,DCL Outbound-WS Inbound,Main and Schiller IB,891
10/19/2018 16:00,DCL Outbound-WS Inbound,Floral and Cleveland IB,891
10/19/2018 16:03,DCL Outbound-WS Inbound,Floral and Cook,891
10/19/2018 16:05,DCL Outbound-WS Inbound,UDC IB,889
10/19/2018 16:05,DCL Outbound-WS Inbound,UDC IB,889
10/19/2018 16:05,DCL Outbound-WS Inbound,UDC IB,889
10/19/2018 16:07,DCL Outbound-WS Inbound,Hawley IB,889
10/19/2018 16:08,DCL Outbound-WS Inbound,Hawley IB,889
10/19/2018 16:08,DCL Outbound-WS Inbound,Hawley IB,889
10/19/2018 16:10,DCL Outbound-WS Inbound,Main and Murray IB,889
10/19/2018 16:10,DCL Outbound-WS Inbound,Main and Murray IB,889
10/19/2018 16:11,DCL Outbound-WS Inbound,Main and Mather,889
10/19/2018 16:11,DCL Outbound-WS Inbound,Main and Mather,889
10/19/2018 16:11,DCL Outbound-WS Inbound,Main and Mather,889
10/19/2018 16:12,DCL Outbound-WS Inbound,Main and Cedar IB,889
10/19/2018 16:12,DCL Outbound-WS Inbound,Main and Cedar IB,889
10/19/2018 16:12,DCL Outbound-WS Inbound,Main and Cedar IB,889
10/19/2018 16:12,DCL Outbound-WS Inbound,Main and Cedar IB,889
10/19/2018 16:12,DCL Outbound-WS Inbound,Main and Cedar IB,889
10/19/2018 16:14,DCL Outbound-WS Inbound,Main and Schiller IB,889
10/19/2018 16:15,DCL Outbound-WS Inbound,Main and Helen IB,889
10/19/2018 16:18,DCL Outbound-WS Inbound,Union,21
10/19/2018 16:18,DCL Outbound-WS Inbound,Union,21
10/19/2018 16:18,DCL Outbound-WS Inbound,Union,21
10/19/2018 16:18,DCL Outbound-WS Inbound,Union,21
10/19/2018 16:18,DCL Outbound-WS Inbound,Union,21
10/19/2018 16:18,DCL Outbound-WS Inbound,Union,21
10/19/2018 16:18,DCL Outbound-WS Inbound,Union,21
10/19/2018 16:18,DCL Outbound-WS Inbound,Union,21
10/19/2018 16:18,DCL Outbound-WS Inbound,Union,21
10/19/2018 16:19,DCL Outbound-WS Inbound,Union,21
10/19/2018 16:19,DCL Outbound-WS Inbound,Union,21
10/19/2018 16:19,DCL Outbound-WS Inbound,Union,21
10/19/2018 16:19,DCL Outbound-WS Inbound,Union,21
10/19/2018 16:20,DCL Outbound-WS Inbound,Union,21
10/19/2018 16:20,DCL Outbound-WS Inbound,Union,21
10/19/2018 16:20,DCL Outbound-WS Inbound,Union,21
10/19/2018 16:20,DCL Outbound-WS Inbound,Union,21
10/19/2018 16:20,DCL Outbound-WS Inbound,Union,21
10/19/2018 16:20,DCL Outbound-WS Inbound,Union,21
10/19/2018 16:21,DCL Outbound-WS Inbound,Union,21
10/19/2018 16:23,DCL Outbound-WS Inbound,Physical Facilities,21
10/19/2018 16:23,DCL Outbound-WS Inbound,Physical Facilities,21
10/19/2018 16:23,DCL Outbound-WS Inbound,Physical Facilities,21
10/19/2018 16:41,DCL Outbound-WS Inbound,UDC IB,21
10/19/2018 16:43,DCL Outbound-WS Inbound,Hawley IB,21
10/19/2018 16:43,DCL Outbound-WS Inbound,Hawley IB,21
10/19/2018 16:43,DCL Outbound-WS Inbound,Hawley IB,21
10/19/2018 16:45,DCL Outbound-WS Inbound,Main and Murray IB,21
10/19/2018 16:45,DCL Outbound-WS Inbound,Main and Murray IB,21
10/19/2018 16:45,DCL Outbound-WS Inbound,Main and Murray IB,21
10/19/2018 16:46,DCL Outbound-WS Inbound,Main and Mather,21
10/19/2018 16:46,DCL Outbound-WS Inbound,Main and Mather,21
10/19/2018 16:46,DCL Outbound-WS Inbound,Main and Mather,21
10/19/2018 16:46,DCL Outbound-WS Inbound,Main and Mather,21
10/19/2018 16:46,DCL Outbound-WS Inbound,Main and Mather,21
10/19/2018 16:46,DCL Outbound-WS Inbound,Main and Mather,21
10/19/2018 16:47,DCL Outbound-WS Inbound,Main and Clarke IB,21
10/19/2018 16:47,DCL Outbound-WS Inbound,Main and Clarke IB,21
10/19/2018 16:48,DCL Outbound-WS Inbound,Main and Schiller IB,21
10/19/2018 16:48,DCL Outbound-WS Inbound,Main and Schiller IB,21
10/19/2018 16:48,DCL Outbound-WS Inbound,Main and Schiller IB,21
10/19/2018 16:48,DCL Outbound-WS Inbound,Main and Schiller IB,21
10/19/2018 16:48,DCL Outbound-WS Inbound,Main and Schiller IB,21
10/19/2018 16:48,DCL Outbound-WS Inbound,Main and Schiller IB,21
10/19/2018 16:49,DCL Outbound-WS Inbound,Union,528
10/19/2018 16:49,DCL Outbound-WS Inbound,Union,528
10/19/2018 16:49,DCL Outbound-WS Inbound,Union,528
10/19/2018 16:49,DCL Outbound-WS Inbound,Union,528
10/19/2018 16:49,DCL Outbound-WS Inbound,Union,528
10/19/2018 16:49,DCL Outbound-WS Inbound,Union,528
10/19/2018 16:49,DCL Outbound-WS Inbound,Union,528
10/19/2018 16:49,DCL Outbound-WS Inbound,Union,528
10/19/2018 16:49,DCL Outbound-WS Inbound,Union,528
10/19/2018 16:49,DCL Outbound-WS Inbound,Union,528
10/19/2018 16:49,DCL Outbound-WS Inbound,Union,528
10/19/2018 16:49,DCL Outbound-WS Inbound,Union,528
10/19/2018 16:49,DCL Outbound-WS Inbound,Union,528
10/19/2018 16:50,DCL Outbound-WS Inbound,Union,528
10/19/2018 16:50,DCL Outbound-WS Inbound,Union,528
10/19/2018 16:50,DCL Outbound-WS Inbound,Union,528
10/19/2018 16:50,DCL Outbound-WS Inbound,Union,528
10/19/2018 16:50,DCL Outbound-WS Inbound,Union,528
10/19/2018 16:50,DCL Outbound-WS Inbound,Union,528
10/19/2018 16:50,DCL Outbound-WS Inbound,Union,528
10/19/2018 16:50,DCL Outbound-WS Inbound,Union,528
10/19/2018 16:50,DCL Outbound-WS Inbound,Union,528
10/19/2018 16:50,DCL Outbound-WS Inbound,Union,528
10/19/2018 16:50,DCL Outbound-WS Inbound,Union,528
10/19/2018 16:50,DCL Outbound-WS Inbound,Union,528
10/19/2018 16:50,DCL Outbound-WS Inbound,Union,528
10/19/2018 16:50,DCL Outbound-WS Inbound,Union,528
10/19/2018 16:50,DCL Outbound-WS Inbound,Union,528
10/19/2018 16:50,DCL Outbound-WS Inbound,Union,528
10/19/2018 16:50,DCL Outbound-WS Inbound,Union,528
10/19/2018 16:52,DCL Outbound-WS Inbound,Floral and Cleveland IB,21
10/19/2018 16:52,DCL Outbound-WS Inbound,Union,528
10/19/2018 16:52,DCL Outbound-WS Inbound,Union,528
10/19/2018 16:58,DCL Outbound-WS Inbound,Academic A,21
10/19/2018 17:08,DCL Outbound-WS Inbound,Leroy St and Murray OB,528
10/19/2018 17:11,DCL Outbound-WS Inbound,UDC IB,528
10/19/2018 17:11,DCL Outbound-WS Inbound,UDC IB,528
10/19/2018 17:11,DCL Outbound-WS Inbound,UDC IB,528
10/19/2018 17:11,DCL Outbound-WS Inbound,UDC IB,528
10/19/2018 17:11,DCL Outbound-WS Inbound,UDC IB,528
10/19/2018 17:11,DCL Outbound-WS Inbound,UDC IB,528
10/19/2018 17:14,DCL Outbound-WS Inbound,Hawley IB,528
10/19/2018 17:14,DCL Outbound-WS Inbound,Hawley IB,528
10/19/2018 17:15,DCL Outbound-WS Inbound,Main and Front OB,528
10/19/2018 17:16,DCL Outbound-WS Inbound,Main and Murray IB,528
10/19/2018 17:16,DCL Outbound-WS Inbound,Main and Murray IB,528
10/19/2018 17:17,DCL Outbound-WS Inbound,Main and Mather,528
10/19/2018 17:17,DCL Outbound-WS Inbound,Main and Mather,528
10/19/2018 17:18,DCL Outbound-WS Inbound,Main and Clarke IB,528
10/19/2018 17:19,DCL Outbound-WS Inbound,Union,43
10/19/2018 17:20,DCL Outbound-WS Inbound,Union,43
10/19/2018 17:20,DCL Outbound-WS Inbound,Main and Schiller IB,528
10/19/2018 17:21,DCL Outbound-WS Inbound,Main and Helen IB,528
10/19/2018 17:22,DCL Outbound-WS Inbound,Physical Facilities,43
10/19/2018 17:22,DCL Outbound-WS Inbound,Physical Facilities,43
10/19/2018 17:23,DCL Outbound-WS Inbound,Floral and Cleveland IB,528
10/19/2018 17:23,DCL Outbound-WS Inbound,Floral and Cleveland IB,528
10/19/2018 17:25,DCL Outbound-WS Inbound,Floral and Roberts IB,528
10/19/2018 17:33,DCL Outbound-WS Inbound,Union,528
10/19/2018 17:33,DCL Outbound-WS Inbound,Union,528
10/19/2018 17:33,DCL Outbound-WS Inbound,Union,528
10/19/2018 17:33,DCL Outbound-WS Inbound,Union,528
10/19/2018 17:33,DCL Outbound-WS Inbound,Union,528
10/19/2018 17:33,DCL Outbound-WS Inbound,Union,528
10/19/2018 17:33,DCL Outbound-WS Inbound,Union,528
10/19/2018 17:33,DCL Outbound-WS Inbound,Union,528
10/19/2018 17:33,DCL Outbound-WS Inbound,Union,528
10/19/2018 17:33,DCL Outbound-WS Inbound,Union,528
10/19/2018 17:33,DCL Outbound-WS Inbound,Union,528
10/19/2018 17:33,DCL Outbound-WS Inbound,Union,528
10/19/2018 17:33,DCL Outbound-WS Inbound,Union,528
10/19/2018 17:33,DCL Outbound-WS Inbound,Union,528
10/19/2018 17:33,DCL Outbound-WS Inbound,Union,528
10/19/2018 17:33,DCL Outbound-WS Inbound,Union,528
10/19/2018 17:33,DCL Outbound-WS Inbound,Union,528
10/19/2018 17:33,DCL Outbound-WS Inbound,Union,528
10/19/2018 17:34,DCL Outbound-WS Inbound,Union,528
10/19/2018 17:34,DCL Outbound-WS Inbound,Union,528
10/19/2018 17:34,DCL Outbound-WS Inbound,Union,528
10/19/2018 17:34,DCL Outbound-WS Inbound,Union,528
10/19/2018 17:34,DCL Outbound-WS Inbound,Union,528
10/19/2018 17:34,DCL Outbound-WS Inbound,Union,528
10/19/2018 17:34,DCL Outbound-WS Inbound,Union,528
10/19/2018 17:34,DCL Outbound-WS Inbound,Union,528
10/19/2018 17:34,DCL Outbound-WS Inbound,Union,528
10/19/2018 17:34,DCL Outbound-WS Inbound,Union,528
10/19/2018 17:34,DCL Outbound-WS Inbound,Union,528
10/19/2018 17:34,DCL Outbound-WS Inbound,Union,528
10/19/2018 17:34,DCL Outbound-WS Inbound,Union,528
10/19/2018 17:34,DCL Outbound-WS Inbound,Union,528
10/19/2018 17:34,DCL Outbound-WS Inbound,Union,528
10/19/2018 17:34,DCL Outbound-WS Inbound,Union,528
10/19/2018 17:34,DCL Outbound-WS Inbound,Union,528
10/19/2018 17:34,DCL Outbound-WS Inbound,Union,528
10/19/2018 17:34,DCL Outbound-WS Inbound,Union,528
10/19/2018 17:34,DCL Outbound-WS Inbound,Union,528
10/19/2018 17:34,DCL Outbound-WS Inbound,Union,528
10/19/2018 17:43,DCL Outbound-WS Inbound,Main and Murray IB,43
10/19/2018 17:44,DCL Outbound-WS Inbound,Main and Mather,43
10/19/2018 17:47,DCL Outbound-WS Inbound,Main and Clarke IB,43
10/19/2018 17:47,DCL Outbound-WS Inbound,Main and Clarke IB,43
10/19/2018 17:48,DCL Outbound-WS Inbound,Main and Schiller IB,43
10/19/2018 17:51,DCL Outbound-WS Inbound,Union,891
10/19/2018 17:51,DCL Outbound-WS Inbound,Union,891
10/19/2018 17:51,DCL Outbound-WS Inbound,Union,891
10/19/2018 17:51,DCL Outbound-WS Inbound,Union,891
10/19/2018 17:51,DCL Outbound-WS Inbound,Union,891
10/19/2018 17:51,DCL Outbound-WS Inbound,Union,891
10/19/2018 17:51,DCL Outbound-WS Inbound,Union,891
10/19/2018 17:51,DCL Outbound-WS Inbound,Union,891
10/19/2018 17:51,DCL Outbound-WS Inbound,Union,891
10/19/2018 17:51,DCL Outbound-WS Inbound,Union,891
10/19/2018 17:52,DCL Outbound-WS Inbound,Union,891
10/19/2018 17:52,DCL Outbound-WS Inbound,Union,891
10/19/2018 17:52,DCL Outbound-WS Inbound,Union,891
10/19/2018 17:52,DCL Outbound-WS Inbound,Union,891
10/19/2018 17:52,DCL Outbound-WS Inbound,Union,891
10/19/2018 17:52,DCL Outbound-WS Inbound,Floral and Cleveland IB,43
10/19/2018 17:52,DCL Outbound-WS Inbound,Floral and Cleveland IB,43
10/19/2018 17:53,DCL Outbound-WS Inbound,Union,891
10/19/2018 17:54,DCL Outbound-WS Inbound,Floral and Harrison IB,43
10/19/2018 17:54,DCL Outbound-WS Inbound,Floral and Harrison IB,43
10/19/2018 17:54,DCL Outbound-WS Inbound,Floral and Harrison IB,43
10/19/2018 17:55,DCL Outbound-WS Inbound,Physical Facilities,891
10/19/2018 18:13,DCL Outbound-WS Inbound,Union,526
10/19/2018 18:14,DCL Outbound-WS Inbound,Union,526
10/19/2018 18:14,DCL Outbound-WS Inbound,Union,526
10/19/2018 18:14,DCL Outbound-WS Inbound,Union,526
10/19/2018 18:14,DCL Outbound-WS Inbound,Union,526
10/19/2018 18:14,DCL Outbound-WS Inbound,Union,526
10/19/2018 18:15,DCL Outbound-WS Inbound,Union,526
10/19/2018 18:15,DCL Outbound-WS Inbound,Main and Murray IB,891
10/19/2018 18:15,DCL Outbound-WS Inbound,Union,526
10/19/2018 18:16,DCL Outbound-WS Inbound,Main and Mather,891
10/19/2018 18:18,DCL Outbound-WS Inbound,Main and Clarke IB,891
10/19/2018 18:19,DCL Outbound-WS Inbound,Union,526
10/19/2018 18:19,DCL Outbound-WS Inbound,Union,526
10/19/2018 18:20,DCL Outbound-WS Inbound,Union,526
10/19/2018 18:20,DCL Outbound-WS Inbound,Union,526
10/19/2018 18:20,DCL Outbound-WS Inbound,Union,526
10/19/2018 18:20,DCL Outbound-WS Inbound,Union,526
10/19/2018 18:20,DCL Outbound-WS Inbound,Union,526
10/19/2018 18:20,DCL Outbound-WS Inbound,Union,526
10/19/2018 18:21,DCL Outbound-WS Inbound,Main and Helen IB,891
10/19/2018 18:21,DCL Outbound-WS Inbound,Main and Helen IB,891
10/19/2018 18:24,DCL Outbound-WS Inbound,Floral and Burbank IB,891
10/19/2018 18:34,DCL Outbound-WS Inbound,Leroy St and Chestnut OB,526
10/19/2018 18:34,DCL Outbound-WS Inbound,Leroy St and Chestnut OB,526
10/19/2018 18:35,DCL Outbound-WS Inbound,Leroy St and Murray OB,526
10/19/2018 18:43,DCL Outbound-WS Inbound,Main and Front OB,526
10/19/2018 18:43,DCL Outbound-WS Inbound,Main and Front OB,526
10/19/2018 18:43,DCL Outbound-WS Inbound,Main and Front OB,526
10/19/2018 18:43,DCL Outbound-WS Inbound,Main and Front OB,526
10/19/2018 18:44,DCL Outbound-WS Inbound,Main and Murray IB,526
10/19/2018 18:44,DCL Outbound-WS Inbound,Main and Murray IB,526
10/19/2018 18:44,DCL Outbound-WS Inbound,Main and Murray IB,526
10/19/2018 18:44,DCL Outbound-WS Inbound,Main and Murray IB,526
10/19/2018 18:44,DCL Outbound-WS Inbound,Main and Murray IB,526
10/19/2018 18:44,DCL Outbound-WS Inbound,Main and Murray IB,526
10/19/2018 18:48,DCL Outbound-WS Inbound,Main and Helen IB,526
10/19/2018 18:50,DCL Outbound-WS Inbound,Union,42
10/19/2018 18:50,DCL Outbound-WS Inbound,Union,42
10/19/2018 18:50,DCL Outbound-WS Inbound,Union,42
10/19/2018 18:50,DCL Outbound-WS Inbound,Union,42
10/19/2018 18:50,DCL Outbound-WS Inbound,Union,42
10/19/2018 18:50,DCL Outbound-WS Inbound,Union,42
10/19/2018 18:50,DCL Outbound-WS Inbound,Union,42
10/19/2018 18:50,DCL Outbound-WS Inbound,Union,42
10/19/2018 18:50,DCL Outbound-WS Inbound,Union,42
10/19/2018 18:50,DCL Outbound-WS Inbound,Union,42
10/19/2018 18:50,DCL Outbound-WS Inbound,Union,42
10/19/2018 18:51,DCL Outbound-WS Inbound,Union,42
10/19/2018 18:51,DCL Outbound-WS Inbound,Floral and Roberts IB,526
10/19/2018 18:51,DCL Outbound-WS Inbound,Floral and Roberts IB,526
10/19/2018 19:04,DCL Outbound-WS Inbound,Leroy St and Laurel OB,42
10/19/2018 19:04,DCL Outbound-WS Inbound,Leroy St and Laurel OB,42
10/19/2018 19:04,DCL Outbound-WS Inbound,Leroy St and Laurel OB,42
10/19/2018 19:06,DCL Outbound-WS Inbound,Leroy St and Chestnut OB,42
10/19/2018 19:07,DCL Outbound-WS Inbound,Leroy St and Murray OB,42
10/19/2018 19:12,DCL Outbound-WS Inbound,UDC IB,42
10/19/2018 19:16,DCL Outbound-WS Inbound,Main and Murray IB,42
10/19/2018 19:16,DCL Outbound-WS Inbound,Union,889
10/19/2018 19:16,DCL Outbound-WS Inbound,Union,889
10/19/2018 19:16,DCL Outbound-WS Inbound,Union,889
10/19/2018 19:17,DCL Outbound-WS Inbound,Union,889
10/19/2018 19:17,DCL Outbound-WS Inbound,Union,889
10/19/2018 19:17,DCL Outbound-WS Inbound,Union,889
10/19/2018 19:17,DCL Outbound-WS Inbound,Union,889
10/19/2018 19:17,DCL Outbound-WS Inbound,Union,889
10/19/2018 19:17,DCL Outbound-WS Inbound,Union,889
10/19/2018 19:17,DCL Outbound-WS Inbound,Main and Mather,42
10/19/2018 19:17,DCL Outbound-WS Inbound,Union,889
10/19/2018 19:17,DCL Outbound-WS Inbound,Union,889
10/19/2018 19:17,DCL Outbound-WS Inbound,Union,889
10/19/2018 19:17,DCL Outbound-WS Inbound,Union,889
10/19/2018 19:18,DCL Outbound-WS Inbound,Engineering Bldg,889
10/19/2018 19:18,DCL Outbound-WS Inbound,Main and Clarke IB,42
10/19/2018 19:18,DCL Outbound-WS Inbound,Main and Clarke IB,42
10/19/2018 19:32,DCL Outbound-WS Inbound,Union,528
10/19/2018 19:32,DCL Outbound-WS Inbound,Union,42
10/19/2018 19:32,DCL Outbound-WS Inbound,Union,42
10/19/2018 19:32,DCL Outbound-WS Inbound,Union,42
10/19/2018 19:32,DCL Outbound-WS Inbound,Union,42
10/19/2018 19:32,DCL Outbound-WS Inbound,Union,42
10/19/2018 19:32,DCL Outbound-WS Inbound,Union,42
10/19/2018 19:32,DCL Outbound-WS Inbound,Union,42
10/19/2018 19:32,DCL Outbound-WS Inbound,Union,42
10/19/2018 19:32,DCL Outbound-WS Inbound,Union,528
10/19/2018 19:32,DCL Outbound-WS Inbound,Union,42
10/19/2018 19:32,DCL Outbound-WS Inbound,Union,42
10/19/2018 19:32,DCL Outbound-WS Inbound,Union,42
10/19/2018 19:32,DCL Outbound-WS Inbound,Union,42
10/19/2018 19:32,DCL Outbound-WS Inbound,Union,42
10/19/2018 19:33,DCL Outbound-WS Inbound,Union,42
10/19/2018 19:33,DCL Outbound-WS Inbound,Union,42
10/19/2018 19:33,DCL Outbound-WS Inbound,Union,42
10/19/2018 19:33,DCL Outbound-WS Inbound,Union,42
10/19/2018 19:33,DCL Outbound-WS Inbound,Union,528
10/19/2018 19:33,DCL Outbound-WS Inbound,Union,42
10/19/2018 19:33,DCL Outbound-WS Inbound,Union,42
10/19/2018 19:33,DCL Outbound-WS Inbound,Union,42
10/19/2018 19:33,DCL Outbound-WS Inbound,Union,42
10/19/2018 19:33,DCL Outbound-WS Inbound,Union,42
10/19/2018 19:33,DCL Outbound-WS Inbound,Union,42
10/19/2018 19:33,DCL Outbound-WS Inbound,Union,42
10/19/2018 19:33,DCL Outbound-WS Inbound,Union,42
10/19/2018 19:33,DCL Outbound-WS Inbound,Union,42
10/19/2018 19:33,DCL Outbound-WS Inbound,Union,42
10/19/2018 19:34,DCL Outbound-WS Inbound,Union,528
10/19/2018 19:34,DCL Outbound-WS Inbound,Union,528
10/19/2018 19:34,DCL Outbound-WS Inbound,Union,528
10/19/2018 19:34,DCL Outbound-WS Inbound,Union,528
10/19/2018 19:34,DCL Outbound-WS Inbound,Union,528
10/19/2018 19:34,DCL Outbound-WS Inbound,Union,528
10/19/2018 19:35,DCL Outbound-WS Inbound,Union,528
10/19/2018 19:35,DCL Outbound-WS Inbound,UDC IB,889
10/19/2018 19:35,DCL Outbound-WS Inbound,Union,528
10/19/2018 19:35,DCL Outbound-WS Inbound,Union,528
10/19/2018 19:36,DCL Outbound-WS Inbound,Union,528
10/19/2018 19:36,DCL Outbound-WS Inbound,Union,528
10/19/2018 19:36,DCL Outbound-WS Inbound,Union,528
10/19/2018 19:38,DCL Outbound-WS Inbound,Hawley IB,889
10/19/2018 19:38,DCL Outbound-WS Inbound,Hawley IB,889
10/19/2018 19:38,DCL Outbound-WS Inbound,Hawley IB,889
10/19/2018 19:38,DCL Outbound-WS Inbound,Hawley IB,889
10/19/2018 19:38,DCL Outbound-WS Inbound,Hawley IB,889
10/19/2018 19:38,DCL Outbound-WS Inbound,Hawley IB,889
10/19/2018 19:38,DCL Outbound-WS Inbound,Union,528
10/19/2018 19:39,DCL Outbound-WS Inbound,Main and Murray IB,889
10/19/2018 19:39,DCL Outbound-WS Inbound,Union,528
10/19/2018 19:40,DCL Outbound-WS Inbound,Main and Mather,889
10/19/2018 19:40,DCL Outbound-WS Inbound,Main and Mather,889
10/19/2018 19:40,DCL Outbound-WS Inbound,Main and Mather,889
10/19/2018 19:41,DCL Outbound-WS Inbound,Main and Cedar IB,889
10/19/2018 19:41,DCL Outbound-WS Inbound,Union,528
10/19/2018 19:41,DCL Outbound-WS Inbound,Union,528
10/19/2018 19:44,DCL Outbound-WS Inbound,Union,528
10/19/2018 19:45,DCL Outbound-WS Inbound,Union,528
10/19/2018 19:55,DCL Outbound-WS Inbound,Union,889
10/19/2018 19:55,DCL Outbound-WS Inbound,Union,889
10/19/2018 19:55,DCL Outbound-WS Inbound,Union,889
10/19/2018 19:55,DCL Outbound-WS Inbound,Union,889
10/19/2018 19:57,DCL Outbound-WS Inbound,Union,889
10/19/2018 19:59,DCL Outbound-WS Inbound,Union,889
10/19/2018 19:59,DCL Outbound-WS Inbound,Union,889
