Start Date:10/05/2018 7:00 AM End Date:10/05/2018 8:00 PM,,,
DateTime,CorridorName,StopName,VehicleID
10/5/2018 7:18,DCL Outbound-WS Inbound,Main and Murray IB,891
10/5/2018 7:18,DCL Outbound-WS Inbound,Main and Murray IB,891
10/5/2018 7:18,DCL Outbound-WS Inbound,Main and Murray IB,891
10/5/2018 7:18,DCL Outbound-WS Inbound,Main and Murray IB,891
10/5/2018 7:20,DCL Outbound-WS Inbound,Main and Clarke IB,891
10/5/2018 7:21,DCL Outbound-WS Inbound,Main and Schiller IB,891
10/5/2018 7:21,DCL Outbound-WS Inbound,Main and Schiller IB,891
10/5/2018 7:21,DCL Outbound-WS Inbound,Main and Schiller IB,891
10/5/2018 7:24,DCL Outbound-WS Inbound,Floral and Main IB,891
10/5/2018 7:25,DCL Outbound-WS Inbound,Floral and Cleveland IB,891
10/5/2018 7:25,DCL Outbound-WS Inbound,Floral and Cleveland IB,891
10/5/2018 7:27,DCL Outbound-WS Inbound,UDC IB,55
10/5/2018 7:30,DCL Outbound-WS Inbound,UDC IB,55
10/5/2018 7:33,DCL Outbound-WS Inbound,Hawley IB,55
10/5/2018 7:35,DCL Outbound-WS Inbound,Main and Murray IB,55
10/5/2018 7:36,DCL Outbound-WS Inbound,Main and Mather,55
10/5/2018 7:37,DCL Outbound-WS Inbound,Main and Cedar IB,55
10/5/2018 7:39,DCL Outbound-WS Inbound,Main and Murray IB,21
10/5/2018 7:39,DCL Outbound-WS Inbound,Main and Murray IB,21
10/5/2018 7:39,DCL Outbound-WS Inbound,Main and Murray IB,21
10/5/2018 7:39,DCL Outbound-WS Inbound,Main and Murray IB,21
10/5/2018 7:39,DCL Outbound-WS Inbound,Main and Schiller IB,55
10/5/2018 7:39,DCL Outbound-WS Inbound,Main and Schiller IB,55
10/5/2018 7:39,DCL Outbound-WS Inbound,Main and Murray IB,21
10/5/2018 7:39,DCL Outbound-WS Inbound,Union,891
10/5/2018 7:40,DCL Outbound-WS Inbound,Main and Mather,21
10/5/2018 7:41,DCL Outbound-WS Inbound,Main and Cedar IB,21
10/5/2018 7:42,DCL Outbound-WS Inbound,Main and Clarke IB,21
10/5/2018 7:42,DCL Outbound-WS Inbound,Main and Schiller IB,21
10/5/2018 7:43,DCL Outbound-WS Inbound,Floral and Cleveland IB,55
10/5/2018 7:43,DCL Outbound-WS Inbound,Floral and Cleveland IB,55
10/5/2018 7:47,DCL Outbound-WS Inbound,Hawley IB,527
10/5/2018 7:48,DCL Outbound-WS Inbound,Main and Front OB,527
10/5/2018 7:50,DCL Outbound-WS Inbound,Main and Murray IB,527
10/5/2018 7:50,DCL Outbound-WS Inbound,Main and Murray IB,527
10/5/2018 7:50,DCL Outbound-WS Inbound,Main and Murray IB,527
10/5/2018 7:50,DCL Outbound-WS Inbound,Main and Murray IB,527
10/5/2018 7:50,DCL Outbound-WS Inbound,Main and Murray IB,527
10/5/2018 7:50,DCL Outbound-WS Inbound,Main and Murray IB,527
10/5/2018 7:51,DCL Outbound-WS Inbound,Main and Mather,527
10/5/2018 7:51,DCL Outbound-WS Inbound,Main and Mather,527
10/5/2018 7:51,DCL Outbound-WS Inbound,Main and Cedar IB,527
10/5/2018 7:52,DCL Outbound-WS Inbound,Main and Clarke IB,527
10/5/2018 7:52,DCL Outbound-WS Inbound,Main and Clarke IB,527
10/5/2018 7:53,DCL Outbound-WS Inbound,Main and Schiller IB,527
10/5/2018 7:53,DCL Outbound-WS Inbound,Main and Schiller IB,527
10/5/2018 7:53,DCL Outbound-WS Inbound,Main and Schiller IB,527
10/5/2018 7:53,DCL Outbound-WS Inbound,Main and Schiller IB,527
10/5/2018 7:53,DCL Outbound-WS Inbound,Main and Schiller IB,527
10/5/2018 7:53,DCL Outbound-WS Inbound,Main and Schiller IB,527
10/5/2018 7:53,DCL Outbound-WS Inbound,Main and Schiller IB,527
10/5/2018 7:55,DCL Outbound-WS Inbound,Main and Helen IB,527
10/5/2018 7:56,DCL Outbound-WS Inbound,Floral and Main IB,527
10/5/2018 7:57,DCL Outbound-WS Inbound,Floral and Cleveland IB,527
10/5/2018 7:58,DCL Outbound-WS Inbound,Floral and Willow IB,527
10/5/2018 7:58,DCL Outbound-WS Inbound,Floral and Willow IB,527
10/5/2018 8:02,DCL Outbound-WS Inbound,UDC IB,890
10/5/2018 8:02,DCL Outbound-WS Inbound,UDC IB,890
10/5/2018 8:02,DCL Outbound-WS Inbound,UDC IB,890
10/5/2018 8:02,DCL Outbound-WS Inbound,UDC IB,890
10/5/2018 8:04,DCL Outbound-WS Inbound,UDC IB,890
10/5/2018 8:04,DCL Outbound-WS Inbound,UDC IB,890
10/5/2018 8:08,DCL Outbound-WS Inbound,Main and Front OB,890
10/5/2018 8:08,DCL Outbound-WS Inbound,Main and Front OB,890
10/5/2018 8:09,DCL Outbound-WS Inbound,Main and Murray IB,890
10/5/2018 8:09,DCL Outbound-WS Inbound,Main and Murray IB,890
10/5/2018 8:10,DCL Outbound-WS Inbound,Main and Mather,890
10/5/2018 8:10,DCL Outbound-WS Inbound,Main and Mather,890
10/5/2018 8:10,DCL Outbound-WS Inbound,Main and Mather,890
10/5/2018 8:10,DCL Outbound-WS Inbound,Main and Cedar IB,55
10/5/2018 8:10,DCL Outbound-WS Inbound,Main and Cedar IB,55
10/5/2018 8:11,DCL Outbound-WS Inbound,Main and Cedar IB,55
10/5/2018 8:11,DCL Outbound-WS Inbound,Main and Clarke IB,890
10/5/2018 8:11,DCL Outbound-WS Inbound,Main and Clarke IB,890
10/5/2018 8:11,DCL Outbound-WS Inbound,Main and Clarke IB,890
10/5/2018 8:12,DCL Outbound-WS Inbound,Main and Schiller IB,55
10/5/2018 8:12,DCL Outbound-WS Inbound,Main and Schiller IB,55
10/5/2018 8:12,DCL Outbound-WS Inbound,Main and Schiller IB,55
10/5/2018 8:13,DCL Outbound-WS Inbound,Main and Helen IB,890
10/5/2018 8:16,DCL Outbound-WS Inbound,Floral and Roberts IB,890
10/5/2018 8:17,DCL Outbound-WS Inbound,Floral and Harrison IB,55
10/5/2018 8:18,DCL Outbound-WS Inbound,Hawley IB,526
10/5/2018 8:20,DCL Outbound-WS Inbound,Main and Murray IB,526
10/5/2018 8:20,DCL Outbound-WS Inbound,Main and Murray IB,526
10/5/2018 8:20,DCL Outbound-WS Inbound,Main and Murray IB,526
10/5/2018 8:20,DCL Outbound-WS Inbound,Main and Murray IB,526
10/5/2018 8:20,DCL Outbound-WS Inbound,Main and Murray IB,526
10/5/2018 8:20,DCL Outbound-WS Inbound,Main and Murray IB,526
10/5/2018 8:21,DCL Outbound-WS Inbound,Main and Mather,526
10/5/2018 8:21,DCL Outbound-WS Inbound,Main and Cedar IB,526
10/5/2018 8:23,DCL Outbound-WS Inbound,Main and Schiller IB,526
10/5/2018 8:23,DCL Outbound-WS Inbound,Main and Schiller IB,526
10/5/2018 8:27,DCL Outbound-WS Inbound,Floral and Harrison IB,526
10/5/2018 8:27,DCL Outbound-WS Inbound,Floral and Harrison IB,526
10/5/2018 8:38,DCL Outbound-WS Inbound,Hawley IB,37
10/5/2018 8:40,DCL Outbound-WS Inbound,Main and Murray IB,37
10/5/2018 8:40,DCL Outbound-WS Inbound,Main and Murray IB,37
10/5/2018 8:41,DCL Outbound-WS Inbound,Main and Mather,37
10/5/2018 8:41,DCL Outbound-WS Inbound,Main and Mather,37
10/5/2018 8:42,DCL Outbound-WS Inbound,Main and Clarke IB,37
10/5/2018 8:42,DCL Outbound-WS Inbound,Main and Clarke IB,37
10/5/2018 8:42,DCL Outbound-WS Inbound,Main and Clarke IB,37
10/5/2018 8:43,DCL Outbound-WS Inbound,Main and Schiller IB,37
10/5/2018 8:43,DCL Outbound-WS Inbound,Main and Schiller IB,37
10/5/2018 8:43,DCL Outbound-WS Inbound,Main and Schiller IB,37
10/5/2018 8:44,DCL Outbound-WS Inbound,Main and Helen IB,37
10/5/2018 8:47,DCL Outbound-WS Inbound,Hawley IB,21
10/5/2018 8:47,DCL Outbound-WS Inbound,Hawley IB,21
10/5/2018 8:49,DCL Outbound-WS Inbound,Main and Murray IB,21
10/5/2018 8:49,DCL Outbound-WS Inbound,Main and Murray IB,21
10/5/2018 8:49,DCL Outbound-WS Inbound,Main and Murray IB,21
10/5/2018 8:50,DCL Outbound-WS Inbound,Main and Mather,21
10/5/2018 8:51,DCL Outbound-WS Inbound,Main and Cedar IB,21
10/5/2018 8:52,DCL Outbound-WS Inbound,Main and Schiller IB,21
10/5/2018 8:52,DCL Outbound-WS Inbound,Main and Schiller IB,21
10/5/2018 8:54,DCL Outbound-WS Inbound,Main and Crary,21
10/5/2018 8:55,DCL Outbound-WS Inbound,Floral and Main IB,21
10/5/2018 8:56,DCL Outbound-WS Inbound,Floral and Cleveland IB,21
10/5/2018 8:56,DCL Outbound-WS Inbound,Floral and Cleveland IB,21
10/5/2018 8:56,DCL Outbound-WS Inbound,Floral and Burbank IB,21
10/5/2018 8:57,DCL Outbound-WS Inbound,UDC IB,527
10/5/2018 8:58,DCL Outbound-WS Inbound,Floral and Cook,21
10/5/2018 9:01,DCL Outbound-WS Inbound,UDC IB,527
10/5/2018 9:03,DCL Outbound-WS Inbound,Hawley IB,527
10/5/2018 9:03,DCL Outbound-WS Inbound,Hawley IB,527
10/5/2018 9:03,DCL Outbound-WS Inbound,Hawley IB,527
10/5/2018 9:03,DCL Outbound-WS Inbound,Hawley IB,527
10/5/2018 9:05,DCL Outbound-WS Inbound,Main and Front OB,527
10/5/2018 9:05,DCL Outbound-WS Inbound,Main and Front OB,527
10/5/2018 9:06,DCL Outbound-WS Inbound,Main and Murray IB,527
10/5/2018 9:06,DCL Outbound-WS Inbound,Main and Murray IB,527
10/5/2018 9:07,DCL Outbound-WS Inbound,Main and Murray IB,527
10/5/2018 9:07,DCL Outbound-WS Inbound,Main and Murray IB,527
10/5/2018 9:07,DCL Outbound-WS Inbound,Main and Murray IB,527
10/5/2018 9:07,DCL Outbound-WS Inbound,Main and Murray IB,527
10/5/2018 9:07,DCL Outbound-WS Inbound,Main and Murray IB,527
10/5/2018 9:07,DCL Outbound-WS Inbound,Main and Murray IB,527
10/5/2018 9:07,DCL Outbound-WS Inbound,Main and Murray IB,527
10/5/2018 9:07,DCL Outbound-WS Inbound,Main and Murray IB,527
10/5/2018 9:07,DCL Outbound-WS Inbound,Main and Murray IB,527
10/5/2018 9:07,DCL Outbound-WS Inbound,Main and Murray IB,527
10/5/2018 9:07,DCL Outbound-WS Inbound,Main and Murray IB,527
10/5/2018 9:07,DCL Outbound-WS Inbound,Main and Murray IB,527
10/5/2018 9:07,DCL Outbound-WS Inbound,Main and Murray IB,527
10/5/2018 9:07,DCL Outbound-WS Inbound,Main and Murray IB,527
10/5/2018 9:07,DCL Outbound-WS Inbound,Main and Murray IB,527
10/5/2018 9:07,DCL Outbound-WS Inbound,Main and Murray IB,527
10/5/2018 9:08,DCL Outbound-WS Inbound,Main and Mather,527
10/5/2018 9:08,DCL Outbound-WS Inbound,Main and Mather,527
10/5/2018 9:08,DCL Outbound-WS Inbound,Main and Mather,527
10/5/2018 9:08,DCL Outbound-WS Inbound,Main and Mather,527
10/5/2018 9:08,DCL Outbound-WS Inbound,Main and Mather,527
10/5/2018 9:08,DCL Outbound-WS Inbound,Main and Mather,527
10/5/2018 9:08,DCL Outbound-WS Inbound,Main and Mather,527
10/5/2018 9:09,DCL Outbound-WS Inbound,Main and Mather,527
10/5/2018 9:09,DCL Outbound-WS Inbound,Main and Mather,527
10/5/2018 9:09,DCL Outbound-WS Inbound,Main and Cedar IB,527
10/5/2018 9:09,DCL Outbound-WS Inbound,Main and Cedar IB,527
10/5/2018 9:09,DCL Outbound-WS Inbound,Main and Cedar IB,527
10/5/2018 9:10,DCL Outbound-WS Inbound,Main and Cedar IB,527
10/5/2018 9:10,DCL Outbound-WS Inbound,Main and Clarke OB,527
10/5/2018 9:10,DCL Outbound-WS Inbound,Main and Clarke OB,527
10/5/2018 9:10,DCL Outbound-WS Inbound,Main and Clarke OB,527
10/5/2018 9:11,DCL Outbound-WS Inbound,Union,526
10/5/2018 9:13,DCL Outbound-WS Inbound,UDC,37
10/5/2018 9:14,DCL Outbound-WS Inbound,Floral and Cleveland IB,527
10/5/2018 9:14,DCL Outbound-WS Inbound,Floral and Cleveland IB,527
10/5/2018 9:15,DCL Outbound-WS Inbound,Floral and Roberts OB,527
10/5/2018 9:18,DCL Outbound-WS Inbound,Hawley IB,37
10/5/2018 9:18,DCL Outbound-WS Inbound,Hawley IB,37
10/5/2018 9:18,DCL Outbound-WS Inbound,Hawley IB,37
10/5/2018 9:18,DCL Outbound-WS Inbound,Hawley IB,37
10/5/2018 9:18,DCL Outbound-WS Inbound,Hawley IB,37
10/5/2018 9:18,DCL Outbound-WS Inbound,Hawley IB,37
10/5/2018 9:19,DCL Outbound-WS Inbound,Main and Front OB,37
10/5/2018 9:19,DCL Outbound-WS Inbound,Main and Front OB,37
10/5/2018 9:19,DCL Outbound-WS Inbound,Main and Front OB,37
10/5/2018 9:20,DCL Outbound-WS Inbound,Main and Murray IB,37
10/5/2018 9:20,DCL Outbound-WS Inbound,Main and Murray IB,37
10/5/2018 9:20,DCL Outbound-WS Inbound,Main and Murray IB,37
10/5/2018 9:20,DCL Outbound-WS Inbound,Main and Murray IB,37
10/5/2018 9:20,DCL Outbound-WS Inbound,Main and Murray IB,37
10/5/2018 9:21,DCL Outbound-WS Inbound,Main and Mather,37
10/5/2018 9:21,DCL Outbound-WS Inbound,Main and Mather,37
10/5/2018 9:21,DCL Outbound-WS Inbound,Main and Cedar IB,37
10/5/2018 9:22,DCL Outbound-WS Inbound,Main and Cedar IB,37
10/5/2018 9:23,DCL Outbound-WS Inbound,Main and Schiller IB,37
10/5/2018 9:23,DCL Outbound-WS Inbound,Main and Schiller IB,37
10/5/2018 9:23,DCL Outbound-WS Inbound,Main and Schiller IB,37
10/5/2018 9:23,DCL Outbound-WS Inbound,Main and Schiller IB,37
10/5/2018 9:23,DCL Outbound-WS Inbound,Main and Schiller IB,37
10/5/2018 9:24,DCL Outbound-WS Inbound,Main and Crestmont IB,37
10/5/2018 9:26,DCL Outbound-WS Inbound,Floral and Cleveland IB,37
10/5/2018 9:26,DCL Outbound-WS Inbound,Floral and Cleveland IB,37
10/5/2018 9:26,DCL Outbound-WS Inbound,Floral and Cleveland IB,37
10/5/2018 9:26,DCL Outbound-WS Inbound,Floral and Cleveland IB,37
10/5/2018 9:26,DCL Outbound-WS Inbound,Floral and Cleveland IB,37
10/5/2018 9:26,DCL Outbound-WS Inbound,Leroy St and Murray OB,526
10/5/2018 9:26,DCL Outbound-WS Inbound,Leroy St and Murray OB,526
10/5/2018 9:27,DCL Outbound-WS Inbound,Floral and Roberts IB,37
10/5/2018 9:27,DCL Outbound-WS Inbound,Floral and Roberts IB,37
10/5/2018 9:40,DCL Outbound-WS Inbound,Main and Murray IB,526
10/5/2018 9:40,DCL Outbound-WS Inbound,Main and Murray IB,526
10/5/2018 9:40,DCL Outbound-WS Inbound,Main and Murray IB,526
10/5/2018 9:40,DCL Outbound-WS Inbound,Main and Murray IB,526
10/5/2018 9:41,DCL Outbound-WS Inbound,Main and Mather,526
10/5/2018 9:42,DCL Outbound-WS Inbound,Main and Mather,526
10/5/2018 9:42,DCL Outbound-WS Inbound,Main and Mather,526
10/5/2018 9:42,DCL Outbound-WS Inbound,Union,21
10/5/2018 9:42,DCL Outbound-WS Inbound,Union,21
10/5/2018 9:42,DCL Outbound-WS Inbound,Union,21
10/5/2018 9:42,DCL Outbound-WS Inbound,Union,21
10/5/2018 9:42,DCL Outbound-WS Inbound,Union,21
10/5/2018 9:42,DCL Outbound-WS Inbound,Union,21
10/5/2018 9:42,DCL Outbound-WS Inbound,Union,21
10/5/2018 9:42,DCL Outbound-WS Inbound,Union,21
10/5/2018 9:43,DCL Outbound-WS Inbound,Union,21
10/5/2018 9:43,DCL Outbound-WS Inbound,Main and Cedar IB,526
10/5/2018 9:43,DCL Outbound-WS Inbound,Main and Cedar IB,526
10/5/2018 9:43,DCL Outbound-WS Inbound,Main and Cedar IB,526
10/5/2018 9:43,DCL Outbound-WS Inbound,Main and Cedar IB,526
10/5/2018 9:43,DCL Outbound-WS Inbound,Main and Cedar IB,526
10/5/2018 9:44,DCL Outbound-WS Inbound,Main and Clarke OB,526
10/5/2018 9:44,DCL Outbound-WS Inbound,Main and Clarke OB,526
10/5/2018 9:44,DCL Outbound-WS Inbound,Main and Clarke OB,526
10/5/2018 9:44,DCL Outbound-WS Inbound,Main and Clarke OB,526
10/5/2018 9:44,DCL Outbound-WS Inbound,Main and Clarke OB,526
10/5/2018 9:44,DCL Outbound-WS Inbound,Main and Clarke OB,526
10/5/2018 9:44,DCL Outbound-WS Inbound,Main and Clarke OB,526
10/5/2018 9:45,DCL Outbound-WS Inbound,Main and Schiller IB,526
10/5/2018 9:45,DCL Outbound-WS Inbound,Main and Schiller IB,526
10/5/2018 9:45,DCL Outbound-WS Inbound,Main and Schiller IB,526
10/5/2018 9:45,DCL Outbound-WS Inbound,Main and Schiller IB,526
10/5/2018 9:46,DCL Outbound-WS Inbound,Main and Helen IB,526
10/5/2018 9:48,DCL Outbound-WS Inbound,Floral and Main IB,526
10/5/2018 9:49,DCL Outbound-WS Inbound,Floral and Cleveland IB,526
10/5/2018 9:49,DCL Outbound-WS Inbound,Floral and Cleveland IB,526
10/5/2018 9:50,DCL Outbound-WS Inbound,Floral and Burbank IB,526
10/5/2018 10:00,DCL Outbound-WS Inbound,Leroy St and Murray OB,21
10/5/2018 10:08,DCL Outbound-WS Inbound,Hawley IB,21
10/5/2018 10:08,DCL Outbound-WS Inbound,Hawley IB,21
10/5/2018 10:08,DCL Outbound-WS Inbound,Hawley IB,21
10/5/2018 10:08,DCL Outbound-WS Inbound,Hawley IB,21
10/5/2018 10:09,DCL Outbound-WS Inbound,Main and Front OB,21
10/5/2018 10:09,DCL Outbound-WS Inbound,Main and Front OB,21
10/5/2018 10:09,DCL Outbound-WS Inbound,Main and Front OB,21
10/5/2018 10:10,DCL Outbound-WS Inbound,Main and Murray IB,21
10/5/2018 10:10,DCL Outbound-WS Inbound,Main and Murray IB,21
10/5/2018 10:10,DCL Outbound-WS Inbound,Main and Murray IB,21
10/5/2018 10:11,DCL Outbound-WS Inbound,Main and Mather,21
10/5/2018 10:11,DCL Outbound-WS Inbound,Main and Mather,21
10/5/2018 10:11,DCL Outbound-WS Inbound,Main and Mather,21
10/5/2018 10:11,DCL Outbound-WS Inbound,Main and Mather,21
10/5/2018 10:11,DCL Outbound-WS Inbound,Main and Mather,21
10/5/2018 10:11,DCL Outbound-WS Inbound,Main and Mather,21
10/5/2018 10:11,DCL Outbound-WS Inbound,Main and Mather,21
10/5/2018 10:11,DCL Outbound-WS Inbound,Main and Mather,21
10/5/2018 10:11,DCL Outbound-WS Inbound,Main and Mather,21
10/5/2018 10:12,DCL Outbound-WS Inbound,Union,37
10/5/2018 10:12,DCL Outbound-WS Inbound,Union,37
10/5/2018 10:12,DCL Outbound-WS Inbound,Main and Cedar IB,21
10/5/2018 10:13,DCL Outbound-WS Inbound,Union,37
10/5/2018 10:13,DCL Outbound-WS Inbound,Main and Clarke IB,21
10/5/2018 10:13,DCL Outbound-WS Inbound,Main and Clarke IB,21
10/5/2018 10:13,DCL Outbound-WS Inbound,Main and Clarke IB,21
10/5/2018 10:15,DCL Outbound-WS Inbound,Main and Schiller IB,21
10/5/2018 10:15,DCL Outbound-WS Inbound,Main and Schiller IB,21
10/5/2018 10:15,DCL Outbound-WS Inbound,Main and Schiller IB,21
10/5/2018 10:17,DCL Outbound-WS Inbound,Hawley IB,527
10/5/2018 10:17,DCL Outbound-WS Inbound,Hawley IB,527
10/5/2018 10:17,DCL Outbound-WS Inbound,Hawley IB,527
10/5/2018 10:17,DCL Outbound-WS Inbound,Hawley IB,527
10/5/2018 10:17,DCL Outbound-WS Inbound,Hawley IB,527
10/5/2018 10:17,DCL Outbound-WS Inbound,Main and Helen IB,21
10/5/2018 10:20,DCL Outbound-WS Inbound,Main and Murray IB,527
10/5/2018 10:20,DCL Outbound-WS Inbound,Main and Murray IB,527
10/5/2018 10:21,DCL Outbound-WS Inbound,Main and Mather,527
10/5/2018 10:21,DCL Outbound-WS Inbound,Main and Mather,527
10/5/2018 10:21,DCL Outbound-WS Inbound,Main and Cedar IB,527
10/5/2018 10:21,DCL Outbound-WS Inbound,Main and Cedar IB,527
10/5/2018 10:22,DCL Outbound-WS Inbound,Main and Cedar IB,527
10/5/2018 10:22,DCL Outbound-WS Inbound,Main and Cedar IB,527
10/5/2018 10:22,DCL Outbound-WS Inbound,Main and Clarke IB,527
10/5/2018 10:23,DCL Outbound-WS Inbound,Main and Schiller IB,527
10/5/2018 10:23,DCL Outbound-WS Inbound,Main and Schiller IB,527
10/5/2018 10:23,DCL Outbound-WS Inbound,Main and Schiller IB,527
10/5/2018 10:23,DCL Outbound-WS Inbound,Main and Schiller IB,527
10/5/2018 10:23,DCL Outbound-WS Inbound,Main and Schiller IB,527
10/5/2018 10:23,DCL Outbound-WS Inbound,Main and Schiller IB,527
10/5/2018 10:23,DCL Outbound-WS Inbound,Main and Schiller IB,527
10/5/2018 10:24,DCL Outbound-WS Inbound,Main and Helen IB,527
10/5/2018 10:26,DCL Outbound-WS Inbound,Floral and Cleveland IB,527
10/5/2018 10:26,DCL Outbound-WS Inbound,Floral and Cleveland IB,527
10/5/2018 10:27,DCL Outbound-WS Inbound,Floral and Cleveland IB,527
10/5/2018 10:27,DCL Outbound-WS Inbound,Leroy St and Murray OB,37
10/5/2018 10:31,DCL Outbound-WS Inbound,Union,891
10/5/2018 10:37,DCL Outbound-WS Inbound,Hawley IB,37
10/5/2018 10:37,DCL Outbound-WS Inbound,Hawley IB,37
10/5/2018 10:37,DCL Outbound-WS Inbound,Hawley IB,37
10/5/2018 10:37,DCL Outbound-WS Inbound,Hawley IB,37
10/5/2018 10:38,DCL Outbound-WS Inbound,Main and Front IB,37
10/5/2018 10:38,DCL Outbound-WS Inbound,Main and Front IB,37
10/5/2018 10:38,DCL Outbound-WS Inbound,Main and Front IB,37
10/5/2018 10:40,DCL Outbound-WS Inbound,Main and Murray IB,37
10/5/2018 10:40,DCL Outbound-WS Inbound,Main and Murray IB,37
10/5/2018 10:40,DCL Outbound-WS Inbound,Main and Murray IB,37
10/5/2018 10:40,DCL Outbound-WS Inbound,Main and Murray IB,37
10/5/2018 10:40,DCL Outbound-WS Inbound,Main and Murray IB,37
10/5/2018 10:40,DCL Outbound-WS Inbound,Main and Murray IB,37
10/5/2018 10:40,DCL Outbound-WS Inbound,Main and Murray IB,37
10/5/2018 10:41,DCL Outbound-WS Inbound,Main and Mather,37
10/5/2018 10:41,DCL Outbound-WS Inbound,Main and Mather,37
10/5/2018 10:41,DCL Outbound-WS Inbound,Main and Mather,37
10/5/2018 10:41,DCL Outbound-WS Inbound,Main and Mather,37
10/5/2018 10:41,DCL Outbound-WS Inbound,Main and Mather,37
10/5/2018 10:41,DCL Outbound-WS Inbound,Main and Mather,37
10/5/2018 10:41,DCL Outbound-WS Inbound,Main and Mather,37
10/5/2018 10:42,DCL Outbound-WS Inbound,Main and Cedar IB,37
10/5/2018 10:42,DCL Outbound-WS Inbound,Main and Cedar IB,37
10/5/2018 10:43,DCL Outbound-WS Inbound,Main and Cedar IB,37
10/5/2018 10:43,DCL Outbound-WS Inbound,Main and Cedar IB,37
10/5/2018 10:43,DCL Outbound-WS Inbound,Main and Clarke IB,37
10/5/2018 10:44,DCL Outbound-WS Inbound,Union,526
10/5/2018 10:44,DCL Outbound-WS Inbound,Union,526
10/5/2018 10:44,DCL Outbound-WS Inbound,Union,526
10/5/2018 10:44,DCL Outbound-WS Inbound,Union,526
10/5/2018 10:44,DCL Outbound-WS Inbound,Union,526
10/5/2018 10:44,DCL Outbound-WS Inbound,Union,526
10/5/2018 10:44,DCL Outbound-WS Inbound,Leroy St and Chestnut OB,891
10/5/2018 10:44,DCL Outbound-WS Inbound,Union,526
10/5/2018 10:44,DCL Outbound-WS Inbound,Union,526
10/5/2018 10:44,DCL Outbound-WS Inbound,Union,526
10/5/2018 10:44,DCL Outbound-WS Inbound,Union,526
10/5/2018 10:44,DCL Outbound-WS Inbound,Main and Schiller IB,37
10/5/2018 10:44,DCL Outbound-WS Inbound,Main and Schiller IB,37
10/5/2018 10:44,DCL Outbound-WS Inbound,Main and Schiller IB,37
10/5/2018 10:44,DCL Outbound-WS Inbound,Main and Schiller IB,37
10/5/2018 10:44,DCL Outbound-WS Inbound,Main and Schiller IB,37
10/5/2018 10:44,DCL Outbound-WS Inbound,Main and Schiller IB,37
10/5/2018 10:44,DCL Outbound-WS Inbound,Main and Schiller IB,37
10/5/2018 10:44,DCL Outbound-WS Inbound,Main and Schiller IB,37
10/5/2018 10:44,DCL Outbound-WS Inbound,Main and Schiller IB,37
10/5/2018 10:44,DCL Outbound-WS Inbound,Union,526
10/5/2018 10:44,DCL Outbound-WS Inbound,Main and Schiller IB,37
10/5/2018 10:46,DCL Outbound-WS Inbound,Union,526
10/5/2018 10:46,DCL Outbound-WS Inbound,Main and Helen IB,37
10/5/2018 10:49,DCL Outbound-WS Inbound,Floral and Cleveland IB,37
10/5/2018 10:49,DCL Outbound-WS Inbound,Physical Facilities,526
10/5/2018 10:49,DCL Outbound-WS Inbound,UDC IB,891
10/5/2018 10:50,DCL Outbound-WS Inbound,Floral and Burbank IB,37
10/5/2018 10:50,DCL Outbound-WS Inbound,Floral and Burbank IB,37
10/5/2018 10:52,DCL Outbound-WS Inbound,Hawley IB,891
10/5/2018 10:52,DCL Outbound-WS Inbound,Hawley IB,891
10/5/2018 10:54,DCL Outbound-WS Inbound,Main and Murray IB,891
10/5/2018 10:55,DCL Outbound-WS Inbound,Main and Clarke IB,891
10/5/2018 10:56,DCL Outbound-WS Inbound,Main and Schiller IB,891
10/5/2018 10:56,DCL Outbound-WS Inbound,Main and Schiller IB,891
10/5/2018 10:57,DCL Outbound-WS Inbound,Main and Helen IB,891
10/5/2018 10:58,DCL Outbound-WS Inbound,Union,55
10/5/2018 10:58,DCL Outbound-WS Inbound,Union,55
10/5/2018 10:58,DCL Outbound-WS Inbound,Union,55
10/5/2018 10:58,DCL Outbound-WS Inbound,Union,55
10/5/2018 10:58,DCL Outbound-WS Inbound,Union,55
10/5/2018 10:58,DCL Outbound-WS Inbound,Union,55
10/5/2018 10:59,DCL Outbound-WS Inbound,Union,55
10/5/2018 10:59,DCL Outbound-WS Inbound,Union,55
10/5/2018 11:07,DCL Outbound-WS Inbound,Union,891
10/5/2018 11:07,DCL Outbound-WS Inbound,Union,891
10/5/2018 11:07,DCL Outbound-WS Inbound,Union,891
10/5/2018 11:07,DCL Outbound-WS Inbound,Union,891
10/5/2018 11:08,DCL Outbound-WS Inbound,Hawley IB,526
10/5/2018 11:08,DCL Outbound-WS Inbound,Union,891
10/5/2018 11:09,DCL Outbound-WS Inbound,Main and Front OB,526
10/5/2018 11:09,DCL Outbound-WS Inbound,Main and Front OB,526
10/5/2018 11:09,DCL Outbound-WS Inbound,Main and Front OB,526
10/5/2018 11:10,DCL Outbound-WS Inbound,Union,527
10/5/2018 11:10,DCL Outbound-WS Inbound,Union,891
10/5/2018 11:10,DCL Outbound-WS Inbound,Main and Murray IB,526
10/5/2018 11:10,DCL Outbound-WS Inbound,Main and Murray IB,526
10/5/2018 11:10,DCL Outbound-WS Inbound,Main and Murray IB,526
10/5/2018 11:11,DCL Outbound-WS Inbound,Union,891
10/5/2018 11:11,DCL Outbound-WS Inbound,Union,891
10/5/2018 11:11,DCL Outbound-WS Inbound,Union,891
10/5/2018 11:11,DCL Outbound-WS Inbound,Union,527
10/5/2018 11:11,DCL Outbound-WS Inbound,Union,527
10/5/2018 11:12,DCL Outbound-WS Inbound,Main and Mather,526
10/5/2018 11:14,DCL Outbound-WS Inbound,Union,527
10/5/2018 11:14,DCL Outbound-WS Inbound,Main and Schiller IB,526
10/5/2018 11:15,DCL Outbound-WS Inbound,Union,891
10/5/2018 11:15,DCL Outbound-WS Inbound,Union,891
10/5/2018 11:16,DCL Outbound-WS Inbound,Main and Helen IB,526
10/5/2018 11:16,DCL Outbound-WS Inbound,Main and Helen IB,526
10/5/2018 11:17,DCL Outbound-WS Inbound,UDC IB,55
10/5/2018 11:17,DCL Outbound-WS Inbound,UDC IB,55
10/5/2018 11:17,DCL Outbound-WS Inbound,Main and Crary,526
10/5/2018 11:17,DCL Outbound-WS Inbound,Main and Crary,526
10/5/2018 11:19,DCL Outbound-WS Inbound,Floral and Main IB,526
10/5/2018 11:20,DCL Outbound-WS Inbound,UDC IB,55
10/5/2018 11:20,DCL Outbound-WS Inbound,UDC IB,55
10/5/2018 11:20,DCL Outbound-WS Inbound,Floral and Cleveland IB,526
10/5/2018 11:20,DCL Outbound-WS Inbound,Floral and Cleveland IB,526
10/5/2018 11:21,DCL Outbound-WS Inbound,Floral and Burbank IB,526
10/5/2018 11:22,DCL Outbound-WS Inbound,Hawley IB,55
10/5/2018 11:22,DCL Outbound-WS Inbound,Hawley IB,55
10/5/2018 11:22,DCL Outbound-WS Inbound,Floral and Roberts IB,526
10/5/2018 11:23,DCL Outbound-WS Inbound,Main and Front OB,55
10/5/2018 11:24,DCL Outbound-WS Inbound,Main and Murray IB,55
10/5/2018 11:24,DCL Outbound-WS Inbound,Main and Murray IB,55
10/5/2018 11:24,DCL Outbound-WS Inbound,Main and Murray IB,55
10/5/2018 11:26,DCL Outbound-WS Inbound,Main and Cedar IB,55
10/5/2018 11:27,DCL Outbound-WS Inbound,Main and Clarke IB,55
10/5/2018 11:27,DCL Outbound-WS Inbound,Main and Clarke IB,55
10/5/2018 11:27,DCL Outbound-WS Inbound,Main and Clarke IB,55
10/5/2018 11:28,DCL Outbound-WS Inbound,Main and Schiller IB,55
10/5/2018 11:28,DCL Outbound-WS Inbound,Main and Schiller IB,55
10/5/2018 11:28,DCL Outbound-WS Inbound,Main and Schiller IB,55
10/5/2018 11:28,DCL Outbound-WS Inbound,Main and Schiller IB,55
10/5/2018 11:28,DCL Outbound-WS Inbound,Main and Schiller IB,55
10/5/2018 11:28,DCL Outbound-WS Inbound,Main and Schiller IB,55
10/5/2018 11:28,DCL Outbound-WS Inbound,Main and Schiller IB,55
10/5/2018 11:28,DCL Outbound-WS Inbound,Main and Schiller IB,55
10/5/2018 11:28,DCL Outbound-WS Inbound,Main and Schiller IB,55
10/5/2018 11:28,DCL Outbound-WS Inbound,Main and Schiller IB,55
10/5/2018 11:29,DCL Outbound-WS Inbound,UDC IB,21
10/5/2018 11:29,DCL Outbound-WS Inbound,Mohawk,526
10/5/2018 11:29,DCL Outbound-WS Inbound,Mohawk,526
10/5/2018 11:29,DCL Outbound-WS Inbound,Mohawk,526
10/5/2018 11:29,DCL Outbound-WS Inbound,Union,37
10/5/2018 11:29,DCL Outbound-WS Inbound,Mohawk,526
10/5/2018 11:29,DCL Outbound-WS Inbound,Union,37
10/5/2018 11:29,DCL Outbound-WS Inbound,Mohawk,526
10/5/2018 11:29,DCL Outbound-WS Inbound,Mohawk,526
10/5/2018 11:29,DCL Outbound-WS Inbound,Union,37
10/5/2018 11:29,DCL Outbound-WS Inbound,Union,37
10/5/2018 11:29,DCL Outbound-WS Inbound,Union,37
10/5/2018 11:29,DCL Outbound-WS Inbound,Union,37
10/5/2018 11:30,DCL Outbound-WS Inbound,Union,37
10/5/2018 11:30,DCL Outbound-WS Inbound,Union,37
10/5/2018 11:30,DCL Outbound-WS Inbound,Union,37
10/5/2018 11:30,DCL Outbound-WS Inbound,Union,37
10/5/2018 11:30,DCL Outbound-WS Inbound,Union,37
10/5/2018 11:30,DCL Outbound-WS Inbound,Union,37
10/5/2018 11:30,DCL Outbound-WS Inbound,UDC IB,21
10/5/2018 11:31,DCL Outbound-WS Inbound,UDC IB,527
10/5/2018 11:32,DCL Outbound-WS Inbound,Hawley IB,21
10/5/2018 11:32,DCL Outbound-WS Inbound,UDC IB,527
10/5/2018 11:33,DCL Outbound-WS Inbound,UDC IB,527
10/5/2018 11:33,DCL Outbound-WS Inbound,UDC IB,527
10/5/2018 11:33,DCL Outbound-WS Inbound,UDC IB,527
10/5/2018 11:34,DCL Outbound-WS Inbound,Main and Front OB,21
10/5/2018 11:34,DCL Outbound-WS Inbound,Floral and Harrison IB,55
10/5/2018 11:34,DCL Outbound-WS Inbound,UDC IB,527
10/5/2018 11:35,DCL Outbound-WS Inbound,Floral and Cook,55
10/5/2018 11:35,DCL Outbound-WS Inbound,Main and Murray IB,21
10/5/2018 11:35,DCL Outbound-WS Inbound,Main and Murray IB,21
10/5/2018 11:35,DCL Outbound-WS Inbound,Main and Murray IB,21
10/5/2018 11:35,DCL Outbound-WS Inbound,Main and Murray IB,21
10/5/2018 11:36,DCL Outbound-WS Inbound,Main and Mather,21
10/5/2018 11:36,DCL Outbound-WS Inbound,Main and Mather,21
10/5/2018 11:36,DCL Outbound-WS Inbound,Main and Mather,21
10/5/2018 11:36,DCL Outbound-WS Inbound,Main and Mather,21
10/5/2018 11:36,DCL Outbound-WS Inbound,Main and Mather,21
10/5/2018 11:36,DCL Outbound-WS Inbound,Main and Mather,21
10/5/2018 11:36,DCL Outbound-WS Inbound,Main and Mather,21
10/5/2018 11:38,DCL Outbound-WS Inbound,Main and Cedar IB,21
10/5/2018 11:38,DCL Outbound-WS Inbound,Main and Cedar IB,21
10/5/2018 11:38,DCL Outbound-WS Inbound,Hawley IB,527
10/5/2018 11:38,DCL Outbound-WS Inbound,Main and Cedar IB,21
10/5/2018 11:38,DCL Outbound-WS Inbound,Main and Cedar IB,21
10/5/2018 11:40,DCL Outbound-WS Inbound,Main and Murray IB,527
10/5/2018 11:40,DCL Outbound-WS Inbound,Main and Murray IB,527
10/5/2018 11:40,DCL Outbound-WS Inbound,Main and Murray IB,527
10/5/2018 11:40,DCL Outbound-WS Inbound,Main and Schiller IB,21
10/5/2018 11:40,DCL Outbound-WS Inbound,Main and Murray IB,527
10/5/2018 11:40,DCL Outbound-WS Inbound,Main and Schiller IB,21
10/5/2018 11:40,DCL Outbound-WS Inbound,Main and Schiller IB,21
10/5/2018 11:40,DCL Outbound-WS Inbound,Main and Schiller IB,21
10/5/2018 11:40,DCL Outbound-WS Inbound,Main and Schiller IB,21
10/5/2018 11:40,DCL Outbound-WS Inbound,Main and Schiller IB,21
10/5/2018 11:40,DCL Outbound-WS Inbound,Main and Schiller IB,21
10/5/2018 11:40,DCL Outbound-WS Inbound,Main and Schiller IB,21
10/5/2018 11:40,DCL Outbound-WS Inbound,Main and Schiller IB,21
10/5/2018 11:40,DCL Outbound-WS Inbound,Main and Schiller IB,21
10/5/2018 11:41,DCL Outbound-WS Inbound,Main and Mather,527
10/5/2018 11:41,DCL Outbound-WS Inbound,Main and Mather,527
10/5/2018 11:42,DCL Outbound-WS Inbound,Main and Cedar IB,527
10/5/2018 11:42,DCL Outbound-WS Inbound,Main and Cedar IB,527
10/5/2018 11:42,DCL Outbound-WS Inbound,Main and Cedar IB,527
10/5/2018 11:42,DCL Outbound-WS Inbound,Main and Crary,21
10/5/2018 11:43,DCL Outbound-WS Inbound,Union,55
10/5/2018 11:43,DCL Outbound-WS Inbound,Union,55
10/5/2018 11:43,DCL Outbound-WS Inbound,Union,55
10/5/2018 11:43,DCL Outbound-WS Inbound,Union,526
10/5/2018 11:43,DCL Outbound-WS Inbound,Union,55
10/5/2018 11:43,DCL Outbound-WS Inbound,Main and Clarke IB,527
10/5/2018 11:43,DCL Outbound-WS Inbound,Union,526
10/5/2018 11:43,DCL Outbound-WS Inbound,Union,55
10/5/2018 11:44,DCL Outbound-WS Inbound,Floral and Cleveland IB,21
10/5/2018 11:44,DCL Outbound-WS Inbound,Floral and Cleveland IB,21
10/5/2018 11:44,DCL Outbound-WS Inbound,Main and Schiller IB,527
10/5/2018 11:44,DCL Outbound-WS Inbound,Main and Schiller IB,527
10/5/2018 11:44,DCL Outbound-WS Inbound,Main and Schiller IB,527
10/5/2018 11:44,DCL Outbound-WS Inbound,Main and Schiller IB,527
10/5/2018 11:44,DCL Outbound-WS Inbound,Main and Schiller IB,527
10/5/2018 11:44,DCL Outbound-WS Inbound,Union,526
10/5/2018 11:44,DCL Outbound-WS Inbound,Union,526
10/5/2018 11:45,DCL Outbound-WS Inbound,Union,526
10/5/2018 11:45,DCL Outbound-WS Inbound,Main and Helen IB,527
10/5/2018 11:47,DCL Outbound-WS Inbound,Floral and Cleveland IB,527
10/5/2018 11:47,DCL Outbound-WS Inbound,Floral and Cleveland IB,527
10/5/2018 11:48,DCL Outbound-WS Inbound,Floral and Burbank IB,527
10/5/2018 11:48,DCL Outbound-WS Inbound,Floral and Burbank IB,527
10/5/2018 11:48,DCL Outbound-WS Inbound,UDC IB,37
10/5/2018 11:48,DCL Outbound-WS Inbound,UDC IB,37
10/5/2018 11:48,DCL Outbound-WS Inbound,UDC IB,37
10/5/2018 11:52,DCL Outbound-WS Inbound,Hawley IB,37
10/5/2018 11:53,DCL Outbound-WS Inbound,Hawley IB,37
10/5/2018 11:54,DCL Outbound-WS Inbound,Main and Front OB,37
10/5/2018 11:55,DCL Outbound-WS Inbound,Main and Murray IB,37
10/5/2018 11:55,DCL Outbound-WS Inbound,Main and Murray IB,37
10/5/2018 11:56,DCL Outbound-WS Inbound,Main and Mather,37
10/5/2018 11:56,DCL Outbound-WS Inbound,Main and Mather,37
10/5/2018 11:56,DCL Outbound-WS Inbound,Main and Mather,37
10/5/2018 12:00,DCL Outbound-WS Inbound,Leroy St and Chestnut OB,526
10/5/2018 12:00,DCL Outbound-WS Inbound,Main and Schiller IB,37
10/5/2018 12:01,DCL Outbound-WS Inbound,Main and Helen IB,37
10/5/2018 12:02,DCL Outbound-WS Inbound,Main and Crary,37
10/5/2018 12:04,DCL Outbound-WS Inbound,Floral and Cleveland IB,37
10/5/2018 12:04,DCL Outbound-WS Inbound,Floral and Cleveland IB,37
10/5/2018 12:04,DCL Outbound-WS Inbound,UDC IB,526
10/5/2018 12:04,DCL Outbound-WS Inbound,UDC IB,526
10/5/2018 12:06,DCL Outbound-WS Inbound,Union,21
10/5/2018 12:06,DCL Outbound-WS Inbound,Union,21
10/5/2018 12:06,DCL Outbound-WS Inbound,Union,21
10/5/2018 12:06,DCL Outbound-WS Inbound,Union,21
10/5/2018 12:06,DCL Outbound-WS Inbound,Union,21
10/5/2018 12:06,DCL Outbound-WS Inbound,Union,21
10/5/2018 12:06,DCL Outbound-WS Inbound,Union,21
10/5/2018 12:06,DCL Outbound-WS Inbound,Union,21
10/5/2018 12:06,DCL Outbound-WS Inbound,Union,21
10/5/2018 12:06,DCL Outbound-WS Inbound,Union,21
10/5/2018 12:09,DCL Outbound-WS Inbound,Main and Murray IB,526
10/5/2018 12:09,DCL Outbound-WS Inbound,Main and Murray IB,526
10/5/2018 12:10,DCL Outbound-WS Inbound,Main and Mather,526
10/5/2018 12:10,DCL Outbound-WS Inbound,Main and Mather,526
10/5/2018 12:11,DCL Outbound-WS Inbound,Main and Cedar IB,526
10/5/2018 12:11,DCL Outbound-WS Inbound,Main and Cedar IB,526
10/5/2018 12:11,DCL Outbound-WS Inbound,Main and Cedar IB,526
10/5/2018 12:13,DCL Outbound-WS Inbound,Main and Schiller IB,526
10/5/2018 12:13,DCL Outbound-WS Inbound,Main and Schiller IB,526
10/5/2018 12:14,DCL Outbound-WS Inbound,Union,527
10/5/2018 12:14,DCL Outbound-WS Inbound,Union,527
10/5/2018 12:14,DCL Outbound-WS Inbound,Union,527
10/5/2018 12:14,DCL Outbound-WS Inbound,Union,527
10/5/2018 12:14,DCL Outbound-WS Inbound,Union,527
10/5/2018 12:15,DCL Outbound-WS Inbound,Union,527
10/5/2018 12:15,DCL Outbound-WS Inbound,Union,527
10/5/2018 12:28,DCL Outbound-WS Inbound,Union,55
10/5/2018 12:28,DCL Outbound-WS Inbound,Union,55
10/5/2018 12:28,DCL Outbound-WS Inbound,Union,55
10/5/2018 12:28,DCL Outbound-WS Inbound,Union,55
10/5/2018 12:28,DCL Outbound-WS Inbound,Union,55
10/5/2018 12:29,DCL Outbound-WS Inbound,Union,55
10/5/2018 12:30,DCL Outbound-WS Inbound,Union,55
10/5/2018 12:30,DCL Outbound-WS Inbound,Union,55
10/5/2018 12:31,DCL Outbound-WS Inbound,Leroy St and Chestnut OB,527
10/5/2018 12:37,DCL Outbound-WS Inbound,UDC IB,527
10/5/2018 12:37,DCL Outbound-WS Inbound,UDC IB,527
10/5/2018 12:38,DCL Outbound-WS Inbound,Hawley IB,527
10/5/2018 12:38,DCL Outbound-WS Inbound,Hawley IB,527
10/5/2018 12:38,DCL Outbound-WS Inbound,Hawley IB,527
10/5/2018 12:38,DCL Outbound-WS Inbound,Hawley IB,527
10/5/2018 12:39,DCL Outbound-WS Inbound,Hawley IB,527
10/5/2018 12:39,DCL Outbound-WS Inbound,Hawley IB,527
10/5/2018 12:39,DCL Outbound-WS Inbound,Main and Front OB,527
10/5/2018 12:40,DCL Outbound-WS Inbound,Main and Murray IB,527
10/5/2018 12:40,DCL Outbound-WS Inbound,Main and Murray IB,527
10/5/2018 12:40,DCL Outbound-WS Inbound,Main and Murray IB,527
10/5/2018 12:40,DCL Outbound-WS Inbound,Main and Murray IB,527
10/5/2018 12:41,DCL Outbound-WS Inbound,Main and Murray IB,527
10/5/2018 12:42,DCL Outbound-WS Inbound,Main and Mather,527
10/5/2018 12:42,DCL Outbound-WS Inbound,Main and Mather,527
10/5/2018 12:42,DCL Outbound-WS Inbound,Main and Mather,527
10/5/2018 12:42,DCL Outbound-WS Inbound,Main and Mather,527
10/5/2018 12:43,DCL Outbound-WS Inbound,Main and Cedar IB,527
10/5/2018 12:43,DCL Outbound-WS Inbound,Main and Cedar IB,527
10/5/2018 12:43,DCL Outbound-WS Inbound,Main and Cedar IB,527
10/5/2018 12:43,DCL Outbound-WS Inbound,Main and Cedar IB,527
10/5/2018 12:43,DCL Outbound-WS Inbound,Main and Cedar IB,527
10/5/2018 12:43,DCL Outbound-WS Inbound,Main and Cedar IB,527
10/5/2018 12:43,DCL Outbound-WS Inbound,Main and Clarke OB,527
10/5/2018 12:44,DCL Outbound-WS Inbound,Main and Clarke OB,527
10/5/2018 12:44,DCL Outbound-WS Inbound,Main and Clarke OB,527
10/5/2018 12:44,DCL Outbound-WS Inbound,Main and Clarke OB,527
10/5/2018 12:44,DCL Outbound-WS Inbound,Main and Clarke OB,527
10/5/2018 12:45,DCL Outbound-WS Inbound,Main and Schiller IB,527
10/5/2018 12:45,DCL Outbound-WS Inbound,Main and Schiller IB,527
10/5/2018 12:45,DCL Outbound-WS Inbound,Main and Schiller IB,527
10/5/2018 12:45,DCL Outbound-WS Inbound,Main and Schiller IB,527
10/5/2018 12:45,DCL Outbound-WS Inbound,Main and Schiller IB,527
10/5/2018 12:45,DCL Outbound-WS Inbound,Main and Schiller IB,527
10/5/2018 12:45,DCL Outbound-WS Inbound,Main and Schiller IB,527
10/5/2018 12:45,DCL Outbound-WS Inbound,Main and Schiller IB,527
10/5/2018 12:46,DCL Outbound-WS Inbound,Union,21
10/5/2018 12:46,DCL Outbound-WS Inbound,Union,21
10/5/2018 12:46,DCL Outbound-WS Inbound,Union,21
10/5/2018 12:46,DCL Outbound-WS Inbound,Union,21
10/5/2018 12:46,DCL Outbound-WS Inbound,Union,21
10/5/2018 12:46,DCL Outbound-WS Inbound,Union,21
10/5/2018 12:46,DCL Outbound-WS Inbound,Union,21
10/5/2018 12:47,DCL Outbound-WS Inbound,Main and Helen IB,527
10/5/2018 12:48,DCL Outbound-WS Inbound,Main and Crary,527
10/5/2018 12:49,DCL Outbound-WS Inbound,Floral and Cleveland OB,527
10/5/2018 12:49,DCL Outbound-WS Inbound,Floral and Cleveland OB,527
10/5/2018 12:50,DCL Outbound-WS Inbound,UDC,55
10/5/2018 12:53,DCL Outbound-WS Inbound,Hawley IB,55
10/5/2018 12:53,DCL Outbound-WS Inbound,Hawley IB,55
10/5/2018 12:53,DCL Outbound-WS Inbound,Hawley IB,55
10/5/2018 12:54,DCL Outbound-WS Inbound,Main and Front OB,55
10/5/2018 12:54,DCL Outbound-WS Inbound,Main and Front OB,55
10/5/2018 12:54,DCL Outbound-WS Inbound,Main and Front OB,55
10/5/2018 12:54,DCL Outbound-WS Inbound,Main and Front OB,55
10/5/2018 12:55,DCL Outbound-WS Inbound,Main and Murray IB,55
10/5/2018 12:55,DCL Outbound-WS Inbound,Main and Murray IB,55
10/5/2018 12:55,DCL Outbound-WS Inbound,Main and Murray IB,55
10/5/2018 12:55,DCL Outbound-WS Inbound,West Gym,527
10/5/2018 12:55,DCL Outbound-WS Inbound,Main and Murray IB,55
10/5/2018 12:57,DCL Outbound-WS Inbound,Main and Mather,55
10/5/2018 12:57,DCL Outbound-WS Inbound,Main and Mather,55
10/5/2018 12:58,DCL Outbound-WS Inbound,Main and Clarke OB,55
10/5/2018 12:58,DCL Outbound-WS Inbound,Main and Clarke OB,55
10/5/2018 12:58,DCL Outbound-WS Inbound,Main and Clarke OB,55
10/5/2018 13:00,DCL Outbound-WS Inbound,Main and Schiller IB,55
10/5/2018 13:00,DCL Outbound-WS Inbound,Main and Schiller IB,55
10/5/2018 13:00,DCL Outbound-WS Inbound,Main and Schiller IB,55
10/5/2018 13:00,DCL Outbound-WS Inbound,Main and Schiller IB,55
10/5/2018 13:00,DCL Outbound-WS Inbound,Main and Schiller IB,55
10/5/2018 13:00,DCL Outbound-WS Inbound,Main and Schiller IB,55
10/5/2018 13:00,DCL Outbound-WS Inbound,Leroy St and Murray OB,21
10/5/2018 13:01,DCL Outbound-WS Inbound,Main and Helen IB,55
10/5/2018 13:01,DCL Outbound-WS Inbound,Main and Helen IB,55
10/5/2018 13:04,DCL Outbound-WS Inbound,Floral and Main IB,55
10/5/2018 13:04,DCL Outbound-WS Inbound,Floral and Main IB,55
10/5/2018 13:04,DCL Outbound-WS Inbound,UDC IB,21
10/5/2018 13:04,DCL Outbound-WS Inbound,Floral and Main IB,55
10/5/2018 13:04,DCL Outbound-WS Inbound,Floral and Main IB,55
10/5/2018 13:05,DCL Outbound-WS Inbound,Floral and Cleveland IB,55
10/5/2018 13:07,DCL Outbound-WS Inbound,Floral and St. Charles,55
10/5/2018 13:07,DCL Outbound-WS Inbound,Hawley IB,21
10/5/2018 13:09,DCL Outbound-WS Inbound,Main and Murray IB,21
10/5/2018 13:09,DCL Outbound-WS Inbound,Main and Murray IB,21
10/5/2018 13:09,DCL Outbound-WS Inbound,Main and Murray IB,21
10/5/2018 13:10,DCL Outbound-WS Inbound,Main and Mather,21
10/5/2018 13:10,DCL Outbound-WS Inbound,Main and Mather,21
10/5/2018 13:10,DCL Outbound-WS Inbound,Main and Mather,21
10/5/2018 13:11,DCL Outbound-WS Inbound,Main and Cedar IB,21
10/5/2018 13:11,DCL Outbound-WS Inbound,Main and Cedar IB,21
10/5/2018 13:11,DCL Outbound-WS Inbound,Main and Cedar IB,21
10/5/2018 13:12,DCL Outbound-WS Inbound,Main and Clarke OB,21
10/5/2018 13:12,DCL Outbound-WS Inbound,Main and Clarke OB,21
10/5/2018 13:12,DCL Outbound-WS Inbound,Main and Clarke OB,21
10/5/2018 13:13,DCL Outbound-WS Inbound,Main and Schiller IB,21
10/5/2018 13:13,DCL Outbound-WS Inbound,Main and Schiller IB,21
10/5/2018 13:13,DCL Outbound-WS Inbound,Main and Schiller IB,21
10/5/2018 13:13,DCL Outbound-WS Inbound,Main and Schiller IB,21
10/5/2018 13:14,DCL Outbound-WS Inbound,Main and Helen IB,21
10/5/2018 13:14,DCL Outbound-WS Inbound,Main and Helen IB,21
10/5/2018 13:15,DCL Outbound-WS Inbound,Main and Helen IB,21
10/5/2018 13:17,DCL Outbound-WS Inbound,Floral and Cleveland IB,21
10/5/2018 13:17,DCL Outbound-WS Inbound,Floral and Cleveland IB,21
10/5/2018 13:17,DCL Outbound-WS Inbound,Floral and Cleveland IB,21
10/5/2018 13:25,DCL Outbound-WS Inbound,Union,21
10/5/2018 13:25,DCL Outbound-WS Inbound,Union,21
10/5/2018 13:25,DCL Outbound-WS Inbound,Union,21
10/5/2018 13:25,DCL Outbound-WS Inbound,Union,21
10/5/2018 13:25,DCL Outbound-WS Inbound,Union,21
10/5/2018 13:26,DCL Outbound-WS Inbound,Union,21
10/5/2018 13:26,DCL Outbound-WS Inbound,Union,21
10/5/2018 13:26,DCL Outbound-WS Inbound,Union,21
10/5/2018 13:26,DCL Outbound-WS Inbound,Union,21
10/5/2018 13:29,DCL Outbound-WS Inbound,Riverside and Elfred,526
10/5/2018 13:39,DCL Outbound-WS Inbound,UDC IB,526
10/5/2018 13:41,DCL Outbound-WS Inbound,Hawley IB,526
10/5/2018 13:41,DCL Outbound-WS Inbound,Hawley IB,526
10/5/2018 13:42,DCL Outbound-WS Inbound,Hawley IB,526
10/5/2018 13:42,DCL Outbound-WS Inbound,Union,527
10/5/2018 13:42,DCL Outbound-WS Inbound,Union,527
10/5/2018 13:42,DCL Outbound-WS Inbound,Union,527
10/5/2018 13:42,DCL Outbound-WS Inbound,Union,527
10/5/2018 13:42,DCL Outbound-WS Inbound,Union,527
10/5/2018 13:42,DCL Outbound-WS Inbound,Union,527
10/5/2018 13:42,DCL Outbound-WS Inbound,Union,527
10/5/2018 13:42,DCL Outbound-WS Inbound,Union,527
10/5/2018 13:42,DCL Outbound-WS Inbound,Union,527
10/5/2018 13:42,DCL Outbound-WS Inbound,Union,527
10/5/2018 13:42,DCL Outbound-WS Inbound,Union,527
10/5/2018 13:43,DCL Outbound-WS Inbound,Union,527
10/5/2018 13:43,DCL Outbound-WS Inbound,Main and Front OB,526
10/5/2018 13:43,DCL Outbound-WS Inbound,Main and Front OB,526
10/5/2018 13:43,DCL Outbound-WS Inbound,Union,527
10/5/2018 13:43,DCL Outbound-WS Inbound,Union,527
10/5/2018 13:43,DCL Outbound-WS Inbound,Union,527
10/5/2018 13:43,DCL Outbound-WS Inbound,Union,527
10/5/2018 13:43,DCL Outbound-WS Inbound,Union,527
10/5/2018 13:44,DCL Outbound-WS Inbound,Main and Murray IB,526
10/5/2018 13:44,DCL Outbound-WS Inbound,Main and Murray IB,526
10/5/2018 13:44,DCL Outbound-WS Inbound,Main and Murray IB,526
10/5/2018 13:44,DCL Outbound-WS Inbound,Main and Murray IB,526
10/5/2018 13:44,DCL Outbound-WS Inbound,Main and Murray IB,526
10/5/2018 13:44,DCL Outbound-WS Inbound,Main and Murray IB,526
10/5/2018 13:44,DCL Outbound-WS Inbound,Union,527
10/5/2018 13:44,DCL Outbound-WS Inbound,Main and Murray IB,526
10/5/2018 13:44,DCL Outbound-WS Inbound,Main and Murray IB,526
10/5/2018 13:44,DCL Outbound-WS Inbound,Main and Murray IB,526
10/5/2018 13:44,DCL Outbound-WS Inbound,Main and Murray IB,526
10/5/2018 13:45,DCL Outbound-WS Inbound,Union,527
10/5/2018 13:45,DCL Outbound-WS Inbound,Union,527
10/5/2018 13:45,DCL Outbound-WS Inbound,Union,527
10/5/2018 13:45,DCL Outbound-WS Inbound,Main and Mather,526
10/5/2018 13:45,DCL Outbound-WS Inbound,Main and Mather,526
10/5/2018 13:45,DCL Outbound-WS Inbound,Main and Mather,526
10/5/2018 13:45,DCL Outbound-WS Inbound,Main and Mather,526
10/5/2018 13:45,DCL Outbound-WS Inbound,Main and Mather,526
10/5/2018 13:45,DCL Outbound-WS Inbound,Main and Mather,526
10/5/2018 13:45,DCL Outbound-WS Inbound,Main and Mather,526
10/5/2018 13:45,DCL Outbound-WS Inbound,Union,527
10/5/2018 13:45,DCL Outbound-WS Inbound,Main and Mather,526
10/5/2018 13:45,DCL Outbound-WS Inbound,Union,527
10/5/2018 13:46,DCL Outbound-WS Inbound,Main and Cedar IB,526
10/5/2018 13:46,DCL Outbound-WS Inbound,Main and Cedar IB,526
10/5/2018 13:46,DCL Outbound-WS Inbound,Main and Cedar IB,526
10/5/2018 13:46,DCL Outbound-WS Inbound,Main and Cedar IB,526
10/5/2018 13:46,DCL Outbound-WS Inbound,Main and Cedar IB,526
10/5/2018 13:46,DCL Outbound-WS Inbound,Main and Cedar IB,526
10/5/2018 13:47,DCL Outbound-WS Inbound,Main and Clarke IB,526
10/5/2018 13:47,DCL Outbound-WS Inbound,Main and Clarke IB,526
10/5/2018 13:47,DCL Outbound-WS Inbound,Main and Clarke IB,526
10/5/2018 13:48,DCL Outbound-WS Inbound,Main and Schiller IB,526
10/5/2018 13:48,DCL Outbound-WS Inbound,Main and Schiller IB,526
10/5/2018 13:48,DCL Outbound-WS Inbound,Main and Schiller IB,526
10/5/2018 13:48,DCL Outbound-WS Inbound,Main and Schiller IB,526
10/5/2018 13:49,DCL Outbound-WS Inbound,Main and Helen IB,526
10/5/2018 13:49,DCL Outbound-WS Inbound,Main and Helen IB,526
10/5/2018 13:49,DCL Outbound-WS Inbound,Main and Helen IB,526
10/5/2018 13:50,DCL Outbound-WS Inbound,Main and Crary,526
10/5/2018 13:52,DCL Outbound-WS Inbound,Floral and Cleveland IB,526
10/5/2018 13:53,DCL Outbound-WS Inbound,Floral and Willow IB,526
10/5/2018 13:54,DCL Outbound-WS Inbound,Floral and Cook,526
10/5/2018 14:03,DCL Outbound-WS Inbound,UDC IB,527
10/5/2018 14:03,DCL Outbound-WS Inbound,UDC IB,527
10/5/2018 14:03,DCL Outbound-WS Inbound,UDC IB,527
10/5/2018 14:03,DCL Outbound-WS Inbound,UDC IB,527
10/5/2018 14:03,DCL Outbound-WS Inbound,UDC IB,527
10/5/2018 14:03,DCL Outbound-WS Inbound,UDC IB,527
10/5/2018 14:03,DCL Outbound-WS Inbound,UDC IB,527
10/5/2018 14:04,DCL Outbound-WS Inbound,UDC IB,527
10/5/2018 14:04,DCL Outbound-WS Inbound,UDC IB,527
10/5/2018 14:04,DCL Outbound-WS Inbound,UDC IB,527
10/5/2018 14:05,DCL Outbound-WS Inbound,UDC IB,527
10/5/2018 14:07,DCL Outbound-WS Inbound,Hawley IB,527
10/5/2018 14:07,DCL Outbound-WS Inbound,Hawley IB,527
10/5/2018 14:07,DCL Outbound-WS Inbound,Hawley IB,527
10/5/2018 14:07,DCL Outbound-WS Inbound,Hawley IB,527
10/5/2018 14:07,DCL Outbound-WS Inbound,Hawley IB,527
10/5/2018 14:07,DCL Outbound-WS Inbound,Hawley IB,527
10/5/2018 14:09,DCL Outbound-WS Inbound,Main and Front OB,527
10/5/2018 14:10,DCL Outbound-WS Inbound,Main and Murray IB,527
10/5/2018 14:11,DCL Outbound-WS Inbound,Main and Mather,527
10/5/2018 14:11,DCL Outbound-WS Inbound,Main and Mather,527
10/5/2018 14:11,DCL Outbound-WS Inbound,Main and Mather,527
10/5/2018 14:11,DCL Outbound-WS Inbound,Main and Mather,527
10/5/2018 14:13,DCL Outbound-WS Inbound,Main and Cedar IB,527
10/5/2018 14:13,DCL Outbound-WS Inbound,Main and Cedar IB,527
10/5/2018 14:13,DCL Outbound-WS Inbound,Main and Cedar IB,527
10/5/2018 14:13,DCL Outbound-WS Inbound,Main and Clarke IB,527
10/5/2018 14:13,DCL Outbound-WS Inbound,Main and Clarke IB,527
10/5/2018 14:14,DCL Outbound-WS Inbound,Union,891
10/5/2018 14:14,DCL Outbound-WS Inbound,Union,891
10/5/2018 14:14,DCL Outbound-WS Inbound,Union,891
10/5/2018 14:14,DCL Outbound-WS Inbound,Union,891
10/5/2018 14:14,DCL Outbound-WS Inbound,Union,891
10/5/2018 14:14,DCL Outbound-WS Inbound,Union,891
10/5/2018 14:14,DCL Outbound-WS Inbound,Union,891
10/5/2018 14:14,DCL Outbound-WS Inbound,Union,891
10/5/2018 14:14,DCL Outbound-WS Inbound,Union,891
10/5/2018 14:14,DCL Outbound-WS Inbound,Union,891
10/5/2018 14:14,DCL Outbound-WS Inbound,Union,891
10/5/2018 14:14,DCL Outbound-WS Inbound,Union,891
10/5/2018 14:14,DCL Outbound-WS Inbound,Union,891
10/5/2018 14:14,DCL Outbound-WS Inbound,Main and Schiller IB,527
10/5/2018 14:14,DCL Outbound-WS Inbound,Union,891
10/5/2018 14:14,DCL Outbound-WS Inbound,Union,891
10/5/2018 14:14,DCL Outbound-WS Inbound,Main and Schiller IB,527
10/5/2018 14:14,DCL Outbound-WS Inbound,Main and Schiller IB,527
10/5/2018 14:14,DCL Outbound-WS Inbound,Union,891
10/5/2018 14:14,DCL Outbound-WS Inbound,Main and Schiller IB,527
10/5/2018 14:14,DCL Outbound-WS Inbound,Main and Schiller IB,527
10/5/2018 14:14,DCL Outbound-WS Inbound,Union,891
10/5/2018 14:14,DCL Outbound-WS Inbound,Union,891
10/5/2018 14:15,DCL Outbound-WS Inbound,Main and Schiller IB,527
10/5/2018 14:15,DCL Outbound-WS Inbound,Union,891
10/5/2018 14:15,DCL Outbound-WS Inbound,Union,891
10/5/2018 14:15,DCL Outbound-WS Inbound,Main and Schiller IB,527
10/5/2018 14:15,DCL Outbound-WS Inbound,Union,891
10/5/2018 14:15,DCL Outbound-WS Inbound,Main and Schiller IB,527
10/5/2018 14:15,DCL Outbound-WS Inbound,Main and Schiller IB,527
10/5/2018 14:15,DCL Outbound-WS Inbound,Union,891
10/5/2018 14:15,DCL Outbound-WS Inbound,Union,891
10/5/2018 14:15,DCL Outbound-WS Inbound,Main and Schiller IB,527
10/5/2018 14:15,DCL Outbound-WS Inbound,Union,891
10/5/2018 14:15,DCL Outbound-WS Inbound,Union,891
10/5/2018 14:15,DCL Outbound-WS Inbound,Union,891
10/5/2018 14:15,DCL Outbound-WS Inbound,Union,891
10/5/2018 14:15,DCL Outbound-WS Inbound,Union,891
10/5/2018 14:15,DCL Outbound-WS Inbound,Union,891
10/5/2018 14:15,DCL Outbound-WS Inbound,Union,891
10/5/2018 14:15,DCL Outbound-WS Inbound,Union,891
10/5/2018 14:15,DCL Outbound-WS Inbound,Union,891
10/5/2018 14:15,DCL Outbound-WS Inbound,Union,891
10/5/2018 14:15,DCL Outbound-WS Inbound,Union,891
10/5/2018 14:15,DCL Outbound-WS Inbound,Union,891
10/5/2018 14:15,DCL Outbound-WS Inbound,Union,891
10/5/2018 14:15,DCL Outbound-WS Inbound,Union,891
10/5/2018 14:15,DCL Outbound-WS Inbound,Union,891
10/5/2018 14:15,DCL Outbound-WS Inbound,Union,891
10/5/2018 14:15,DCL Outbound-WS Inbound,Union,891
10/5/2018 14:15,DCL Outbound-WS Inbound,Union,891
10/5/2018 14:15,DCL Outbound-WS Inbound,Union,891
10/5/2018 14:15,DCL Outbound-WS Inbound,Union,891
10/5/2018 14:16,DCL Outbound-WS Inbound,Union,891
10/5/2018 14:16,DCL Outbound-WS Inbound,Union,891
10/5/2018 14:18,DCL Outbound-WS Inbound,Floral and Main IB,527
10/5/2018 14:19,DCL Outbound-WS Inbound,Floral and Cleveland IB,527
10/5/2018 14:20,DCL Outbound-WS Inbound,Floral and Roberts OB,527
10/5/2018 14:20,DCL Outbound-WS Inbound,Floral and Roberts OB,527
10/5/2018 14:21,DCL Outbound-WS Inbound,Floral and New York,527
10/5/2018 14:23,DCL Outbound-WS Inbound,Denny''s,891
10/5/2018 14:23,DCL Outbound-WS Inbound,Denny''s,891
10/5/2018 14:41,DCL Outbound-WS Inbound,UDC IB,891
10/5/2018 14:41,DCL Outbound-WS Inbound,UDC IB,891
10/5/2018 14:41,DCL Outbound-WS Inbound,UDC IB,891
10/5/2018 14:47,DCL Outbound-WS Inbound,Main and Mather,891
10/5/2018 14:47,DCL Outbound-WS Inbound,Main and Mather,891
10/5/2018 14:47,DCL Outbound-WS Inbound,Main and Mather,891
10/5/2018 14:47,DCL Outbound-WS Inbound,Main and Mather,891
10/5/2018 14:47,DCL Outbound-WS Inbound,Union,526
10/5/2018 14:47,DCL Outbound-WS Inbound,Union,526
10/5/2018 14:47,DCL Outbound-WS Inbound,Union,526
10/5/2018 14:47,DCL Outbound-WS Inbound,Union,526
10/5/2018 14:47,DCL Outbound-WS Inbound,Union,526
10/5/2018 14:47,DCL Outbound-WS Inbound,Union,526
10/5/2018 14:47,DCL Outbound-WS Inbound,Union,526
10/5/2018 14:47,DCL Outbound-WS Inbound,Union,526
10/5/2018 14:47,DCL Outbound-WS Inbound,Union,526
10/5/2018 14:47,DCL Outbound-WS Inbound,Union,526
10/5/2018 14:48,DCL Outbound-WS Inbound,Main and Cedar IB,891
10/5/2018 14:48,DCL Outbound-WS Inbound,Union,526
10/5/2018 14:48,DCL Outbound-WS Inbound,Main and Clarke IB,891
10/5/2018 14:49,DCL Outbound-WS Inbound,Main and Clarke IB,891
10/5/2018 14:49,DCL Outbound-WS Inbound,Union,526
10/5/2018 14:49,DCL Outbound-WS Inbound,Main and Schiller IB,891
10/5/2018 14:49,DCL Outbound-WS Inbound,Main and Schiller IB,891
10/5/2018 14:49,DCL Outbound-WS Inbound,Main and Schiller IB,891
10/5/2018 14:49,DCL Outbound-WS Inbound,Main and Schiller IB,891
10/5/2018 14:50,DCL Outbound-WS Inbound,Main and Schiller IB,891
10/5/2018 14:50,DCL Outbound-WS Inbound,Main and Schiller IB,891
10/5/2018 14:50,DCL Outbound-WS Inbound,Main and Schiller IB,891
10/5/2018 14:50,DCL Outbound-WS Inbound,Main and Schiller IB,891
10/5/2018 14:50,DCL Outbound-WS Inbound,Main and Schiller IB,891
10/5/2018 14:51,DCL Outbound-WS Inbound,Physical Facilities,526
10/5/2018 14:52,DCL Outbound-WS Inbound,Physical Facilities,526
10/5/2018 14:52,DCL Outbound-WS Inbound,Physical Facilities,526
10/5/2018 14:52,DCL Outbound-WS Inbound,Physical Facilities,526
10/5/2018 14:53,DCL Outbound-WS Inbound,Floral and Main IB,891
10/5/2018 14:54,DCL Outbound-WS Inbound,Floral and Cleveland IB,891
10/5/2018 14:54,DCL Outbound-WS Inbound,Floral and Cleveland IB,891
10/5/2018 14:54,DCL Outbound-WS Inbound,Floral and Cleveland IB,891
10/5/2018 14:56,DCL Outbound-WS Inbound,Floral and Harrison IB,891
10/5/2018 15:15,DCL Outbound-WS Inbound,Hawley IB,526
10/5/2018 15:16,DCL Outbound-WS Inbound,Union,21
10/5/2018 15:16,DCL Outbound-WS Inbound,Union,21
10/5/2018 15:16,DCL Outbound-WS Inbound,Union,21
10/5/2018 15:16,DCL Outbound-WS Inbound,Union,21
10/5/2018 15:16,DCL Outbound-WS Inbound,Union,21
10/5/2018 15:16,DCL Outbound-WS Inbound,Union,21
10/5/2018 15:17,DCL Outbound-WS Inbound,Main and Front OB,526
10/5/2018 15:17,DCL Outbound-WS Inbound,Union,21
10/5/2018 15:17,DCL Outbound-WS Inbound,Union,21
10/5/2018 15:17,DCL Outbound-WS Inbound,Union,21
10/5/2018 15:17,DCL Outbound-WS Inbound,Union,21
10/5/2018 15:17,DCL Outbound-WS Inbound,Union,21
10/5/2018 15:17,DCL Outbound-WS Inbound,Union,21
10/5/2018 15:17,DCL Outbound-WS Inbound,Union,21
10/5/2018 15:17,DCL Outbound-WS Inbound,Union,21
10/5/2018 15:17,DCL Outbound-WS Inbound,Union,21
10/5/2018 15:17,DCL Outbound-WS Inbound,Union,21
10/5/2018 15:17,DCL Outbound-WS Inbound,Union,21
10/5/2018 15:17,DCL Outbound-WS Inbound,Union,21
10/5/2018 15:17,DCL Outbound-WS Inbound,Main and Murray IB,526
10/5/2018 15:17,DCL Outbound-WS Inbound,Union,21
10/5/2018 15:18,DCL Outbound-WS Inbound,Main and Mather,526
10/5/2018 15:18,DCL Outbound-WS Inbound,Main and Mather,526
10/5/2018 15:18,DCL Outbound-WS Inbound,Main and Mather,526
10/5/2018 15:18,DCL Outbound-WS Inbound,Main and Mather,526
10/5/2018 15:19,DCL Outbound-WS Inbound,Main and Mather,526
10/5/2018 15:19,DCL Outbound-WS Inbound,Main and Mather,526
10/5/2018 15:19,DCL Outbound-WS Inbound,Main and Cedar IB,526
10/5/2018 15:19,DCL Outbound-WS Inbound,Main and Cedar IB,526
10/5/2018 15:20,DCL Outbound-WS Inbound,Main and Clarke IB,526
10/5/2018 15:20,DCL Outbound-WS Inbound,Main and Clarke IB,526
10/5/2018 15:21,DCL Outbound-WS Inbound,Main and Schiller IB,526
10/5/2018 15:21,DCL Outbound-WS Inbound,Main and Schiller IB,526
10/5/2018 15:26,DCL Outbound-WS Inbound,Floral and Cleveland IB,526
10/5/2018 15:28,DCL Outbound-WS Inbound,Floral and Harrison OB,526
10/5/2018 15:34,DCL Outbound-WS Inbound,UDC IB,21
10/5/2018 15:34,DCL Outbound-WS Inbound,UDC IB,21
10/5/2018 15:34,DCL Outbound-WS Inbound,UDC IB,21
10/5/2018 15:35,DCL Outbound-WS Inbound,UDC IB,21
10/5/2018 15:38,DCL Outbound-WS Inbound,Hawley IB,21
10/5/2018 15:38,DCL Outbound-WS Inbound,Hawley IB,21
10/5/2018 15:40,DCL Outbound-WS Inbound,Main and Murray IB,21
10/5/2018 15:40,DCL Outbound-WS Inbound,Main and Murray IB,21
10/5/2018 15:40,DCL Outbound-WS Inbound,Main and Murray IB,21
10/5/2018 15:41,DCL Outbound-WS Inbound,Main and Mather,21
10/5/2018 15:41,DCL Outbound-WS Inbound,Main and Mather,21
10/5/2018 15:43,DCL Outbound-WS Inbound,Main and Cedar IB,21
10/5/2018 15:43,DCL Outbound-WS Inbound,Main and Cedar IB,21
10/5/2018 15:43,DCL Outbound-WS Inbound,Main and Cedar IB,21
10/5/2018 15:43,DCL Outbound-WS Inbound,Main and Cedar IB,21
10/5/2018 15:43,DCL Outbound-WS Inbound,Main and Clarke IB,21
10/5/2018 15:44,DCL Outbound-WS Inbound,Main and Clarke IB,21
10/5/2018 15:44,DCL Outbound-WS Inbound,Main and Clarke IB,21
10/5/2018 15:44,DCL Outbound-WS Inbound,Main and Clarke IB,21
10/5/2018 15:45,DCL Outbound-WS Inbound,Main and Schiller IB,21
10/5/2018 15:45,DCL Outbound-WS Inbound,Main and Schiller IB,21
10/5/2018 15:45,DCL Outbound-WS Inbound,Main and Schiller IB,21
10/5/2018 15:45,DCL Outbound-WS Inbound,Main and Schiller IB,21
10/5/2018 15:47,DCL Outbound-WS Inbound,Union,891
10/5/2018 15:47,DCL Outbound-WS Inbound,Union,891
10/5/2018 15:48,DCL Outbound-WS Inbound,Union,891
10/5/2018 15:48,DCL Outbound-WS Inbound,Union,891
10/5/2018 15:48,DCL Outbound-WS Inbound,Floral and Main IB,21
10/5/2018 15:48,DCL Outbound-WS Inbound,Union,891
10/5/2018 15:48,DCL Outbound-WS Inbound,Union,891
10/5/2018 15:48,DCL Outbound-WS Inbound,Union,891
10/5/2018 15:48,DCL Outbound-WS Inbound,Union,891
10/5/2018 15:48,DCL Outbound-WS Inbound,Union,891
10/5/2018 15:48,DCL Outbound-WS Inbound,Union,891
10/5/2018 15:48,DCL Outbound-WS Inbound,Union,891
10/5/2018 15:48,DCL Outbound-WS Inbound,Union,891
10/5/2018 15:48,DCL Outbound-WS Inbound,Union,891
10/5/2018 15:48,DCL Outbound-WS Inbound,Union,891
10/5/2018 15:48,DCL Outbound-WS Inbound,Union,891
10/5/2018 15:48,DCL Outbound-WS Inbound,Union,891
10/5/2018 15:48,DCL Outbound-WS Inbound,Union,891
10/5/2018 15:48,DCL Outbound-WS Inbound,Union,891
10/5/2018 15:48,DCL Outbound-WS Inbound,Union,891
10/5/2018 15:48,DCL Outbound-WS Inbound,Union,891
10/5/2018 15:48,DCL Outbound-WS Inbound,Floral and Cleveland IB,21
10/5/2018 15:48,DCL Outbound-WS Inbound,Union,891
10/5/2018 15:49,DCL Outbound-WS Inbound,Floral and Cleveland IB,21
10/5/2018 15:49,DCL Outbound-WS Inbound,Floral and Cleveland IB,21
10/5/2018 15:49,DCL Outbound-WS Inbound,Union,891
10/5/2018 15:49,DCL Outbound-WS Inbound,Union,891
10/5/2018 15:49,DCL Outbound-WS Inbound,Union,891
10/5/2018 15:52,DCL Outbound-WS Inbound,Physical Facilities OB,891
10/5/2018 15:52,DCL Outbound-WS Inbound,Physical Facilities OB,891
10/5/2018 15:52,DCL Outbound-WS Inbound,Physical Facilities OB,891
10/5/2018 16:12,DCL Outbound-WS Inbound,Hawley IB,891
10/5/2018 16:13,DCL Outbound-WS Inbound,Main and Front OB,891
10/5/2018 16:14,DCL Outbound-WS Inbound,Main and Murray IB,891
10/5/2018 16:14,DCL Outbound-WS Inbound,Main and Murray IB,891
10/5/2018 16:14,DCL Outbound-WS Inbound,Main and Murray IB,891
10/5/2018 16:16,DCL Outbound-WS Inbound,Main and Cedar IB,891
10/5/2018 16:16,DCL Outbound-WS Inbound,Main and Cedar IB,891
10/5/2018 16:16,DCL Outbound-WS Inbound,Main and Cedar IB,891
10/5/2018 16:17,DCL Outbound-WS Inbound,Main and Schiller IB,891
10/5/2018 16:17,DCL Outbound-WS Inbound,Main and Schiller IB,891
10/5/2018 16:18,DCL Outbound-WS Inbound,Union,55
10/5/2018 16:18,DCL Outbound-WS Inbound,Union,55
10/5/2018 16:18,DCL Outbound-WS Inbound,Union,55
10/5/2018 16:18,DCL Outbound-WS Inbound,Union,55
10/5/2018 16:18,DCL Outbound-WS Inbound,Union,55
10/5/2018 16:18,DCL Outbound-WS Inbound,Union,55
10/5/2018 16:18,DCL Outbound-WS Inbound,Union,55
10/5/2018 16:19,DCL Outbound-WS Inbound,Union,55
10/5/2018 16:19,DCL Outbound-WS Inbound,Union,55
10/5/2018 16:19,DCL Outbound-WS Inbound,Union,55
10/5/2018 16:19,DCL Outbound-WS Inbound,Union,55
10/5/2018 16:19,DCL Outbound-WS Inbound,Union,55
10/5/2018 16:19,DCL Outbound-WS Inbound,Union,55
10/5/2018 16:19,DCL Outbound-WS Inbound,Union,55
10/5/2018 16:19,DCL Outbound-WS Inbound,Union,55
10/5/2018 16:19,DCL Outbound-WS Inbound,Union,55
10/5/2018 16:19,DCL Outbound-WS Inbound,Union,55
10/5/2018 16:19,DCL Outbound-WS Inbound,Union,55
10/5/2018 16:19,DCL Outbound-WS Inbound,Union,55
10/5/2018 16:19,DCL Outbound-WS Inbound,Union,55
10/5/2018 16:19,DCL Outbound-WS Inbound,Union,55
10/5/2018 16:19,DCL Outbound-WS Inbound,Union,55
10/5/2018 16:19,DCL Outbound-WS Inbound,Union,55
10/5/2018 16:19,DCL Outbound-WS Inbound,Union,55
10/5/2018 16:19,DCL Outbound-WS Inbound,Union,55
10/5/2018 16:19,DCL Outbound-WS Inbound,Union,55
10/5/2018 16:19,DCL Outbound-WS Inbound,Union,55
10/5/2018 16:20,DCL Outbound-WS Inbound,Union,55
10/5/2018 16:20,DCL Outbound-WS Inbound,Union,55
10/5/2018 16:20,DCL Outbound-WS Inbound,Main and Helen IB,891
10/5/2018 16:22,DCL Outbound-WS Inbound,Physical Facilities,55
10/5/2018 16:23,DCL Outbound-WS Inbound,Floral and Burbank IB,891
10/5/2018 16:23,DCL Outbound-WS Inbound,Floral and Burbank IB,891
10/5/2018 16:24,DCL Outbound-WS Inbound,Floral and Harrison IB,891
10/5/2018 16:35,DCL Outbound-WS Inbound,Leroy St and Murray OB,55
10/5/2018 16:39,DCL Outbound-WS Inbound,UDC IB,55
10/5/2018 16:39,DCL Outbound-WS Inbound,UDC IB,55
10/5/2018 16:39,DCL Outbound-WS Inbound,UDC IB,55
10/5/2018 16:39,DCL Outbound-WS Inbound,UDC IB,55
10/5/2018 16:39,DCL Outbound-WS Inbound,UDC IB,55
10/5/2018 16:40,DCL Outbound-WS Inbound,UDC IB,55
10/5/2018 16:43,DCL Outbound-WS Inbound,Main and Front OB,55
10/5/2018 16:44,DCL Outbound-WS Inbound,Main and Murray IB,55
10/5/2018 16:44,DCL Outbound-WS Inbound,Main and Murray IB,55
10/5/2018 16:44,DCL Outbound-WS Inbound,Main and Murray IB,55
10/5/2018 16:45,DCL Outbound-WS Inbound,Main and Mather,55
10/5/2018 16:47,DCL Outbound-WS Inbound,Main and Clarke IB,55
10/5/2018 16:48,DCL Outbound-WS Inbound,Main and Schiller IB,55
10/5/2018 16:48,DCL Outbound-WS Inbound,Main and Schiller IB,55
10/5/2018 16:49,DCL Outbound-WS Inbound,Union,527
10/5/2018 16:49,DCL Outbound-WS Inbound,Union,527
10/5/2018 16:49,DCL Outbound-WS Inbound,Union,527
10/5/2018 16:49,DCL Outbound-WS Inbound,Union,527
10/5/2018 16:49,DCL Outbound-WS Inbound,Union,527
10/5/2018 16:49,DCL Outbound-WS Inbound,Union,527
10/5/2018 16:49,DCL Outbound-WS Inbound,Union,527
10/5/2018 16:49,DCL Outbound-WS Inbound,Union,527
10/5/2018 16:49,DCL Outbound-WS Inbound,Union,527
10/5/2018 16:49,DCL Outbound-WS Inbound,Union,527
10/5/2018 16:49,DCL Outbound-WS Inbound,Union,527
10/5/2018 16:49,DCL Outbound-WS Inbound,Union,527
10/5/2018 16:49,DCL Outbound-WS Inbound,Union,527
10/5/2018 16:50,DCL Outbound-WS Inbound,Main and Helen IB,55
10/5/2018 16:50,DCL Outbound-WS Inbound,Union,527
10/5/2018 16:52,DCL Outbound-WS Inbound,Floral and Cleveland IB,55
10/5/2018 17:08,DCL Outbound-WS Inbound,UDC IB,527
10/5/2018 17:09,DCL Outbound-WS Inbound,UDC IB,527
10/5/2018 17:09,DCL Outbound-WS Inbound,UDC IB,527
10/5/2018 17:09,DCL Outbound-WS Inbound,UDC IB,527
10/5/2018 17:12,DCL Outbound-WS Inbound,Hawley IB,527
10/5/2018 17:14,DCL Outbound-WS Inbound,Main and Murray IB,527
10/5/2018 17:14,DCL Outbound-WS Inbound,Main and Murray IB,527
10/5/2018 17:18,DCL Outbound-WS Inbound,Main and Schiller IB,527
10/5/2018 17:18,DCL Outbound-WS Inbound,Main and Schiller IB,527
10/5/2018 17:18,DCL Outbound-WS Inbound,Main and Schiller IB,527
10/5/2018 17:18,DCL Outbound-WS Inbound,Main and Schiller IB,527
10/5/2018 17:18,DCL Outbound-WS Inbound,Main and Schiller IB,527
10/5/2018 17:18,DCL Outbound-WS Inbound,Main and Schiller IB,527
10/5/2018 17:19,DCL Outbound-WS Inbound,Union,37
10/5/2018 17:19,DCL Outbound-WS Inbound,Union,37
10/5/2018 17:19,DCL Outbound-WS Inbound,Union,37
10/5/2018 17:19,DCL Outbound-WS Inbound,Union,37
10/5/2018 17:19,DCL Outbound-WS Inbound,Union,37
10/5/2018 17:19,DCL Outbound-WS Inbound,Union,37
10/5/2018 17:19,DCL Outbound-WS Inbound,Union,37
10/5/2018 17:19,DCL Outbound-WS Inbound,Union,37
10/5/2018 17:19,DCL Outbound-WS Inbound,Union,37
10/5/2018 17:19,DCL Outbound-WS Inbound,Union,37
10/5/2018 17:19,DCL Outbound-WS Inbound,Union,37
10/5/2018 17:20,DCL Outbound-WS Inbound,Union,37
10/5/2018 17:20,DCL Outbound-WS Inbound,Union,37
10/5/2018 17:20,DCL Outbound-WS Inbound,Union,37
10/5/2018 17:20,DCL Outbound-WS Inbound,Union,37
10/5/2018 17:20,DCL Outbound-WS Inbound,Union,37
10/5/2018 17:20,DCL Outbound-WS Inbound,Union,37
10/5/2018 17:20,DCL Outbound-WS Inbound,Union,37
10/5/2018 17:20,DCL Outbound-WS Inbound,Union,37
10/5/2018 17:20,DCL Outbound-WS Inbound,Union,37
10/5/2018 17:20,DCL Outbound-WS Inbound,Union,37
10/5/2018 17:20,DCL Outbound-WS Inbound,Union,37
10/5/2018 17:20,DCL Outbound-WS Inbound,Union,37
10/5/2018 17:20,DCL Outbound-WS Inbound,Union,37
10/5/2018 17:21,DCL Outbound-WS Inbound,Main and Crestmont IB,527
10/5/2018 17:21,DCL Outbound-WS Inbound,Union,37
10/5/2018 17:21,DCL Outbound-WS Inbound,Union,37
10/5/2018 17:21,DCL Outbound-WS Inbound,Union,37
10/5/2018 17:21,DCL Outbound-WS Inbound,Union,37
10/5/2018 17:24,DCL Outbound-WS Inbound,Physical Facilities OB,37
10/5/2018 17:41,DCL Outbound-WS Inbound,UDC IB,37
10/5/2018 17:47,DCL Outbound-WS Inbound,Main and Murray IB,37
10/5/2018 17:47,DCL Outbound-WS Inbound,Main and Murray IB,37
10/5/2018 17:49,DCL Outbound-WS Inbound,Main and Cedar OB,37
10/5/2018 17:49,DCL Outbound-WS Inbound,Union,21
10/5/2018 17:49,DCL Outbound-WS Inbound,Union,21
10/5/2018 17:49,DCL Outbound-WS Inbound,Union,21
10/5/2018 17:50,DCL Outbound-WS Inbound,Union,21
10/5/2018 17:50,DCL Outbound-WS Inbound,Union,21
10/5/2018 17:50,DCL Outbound-WS Inbound,Union,21
10/5/2018 17:50,DCL Outbound-WS Inbound,Union,21
10/5/2018 17:50,DCL Outbound-WS Inbound,Union,21
10/5/2018 17:50,DCL Outbound-WS Inbound,Union,21
10/5/2018 17:50,DCL Outbound-WS Inbound,Union,21
10/5/2018 17:50,DCL Outbound-WS Inbound,Union,21
10/5/2018 17:50,DCL Outbound-WS Inbound,Union,21
10/5/2018 17:50,DCL Outbound-WS Inbound,Union,21
10/5/2018 17:50,DCL Outbound-WS Inbound,Union,21
10/5/2018 17:50,DCL Outbound-WS Inbound,Union,21
10/5/2018 17:50,DCL Outbound-WS Inbound,Union,21
10/5/2018 17:50,DCL Outbound-WS Inbound,Union,21
10/5/2018 17:50,DCL Outbound-WS Inbound,Union,21
10/5/2018 17:50,DCL Outbound-WS Inbound,Union,21
10/5/2018 17:50,DCL Outbound-WS Inbound,Main and Clarke IB,37
10/5/2018 17:50,DCL Outbound-WS Inbound,Main and Clarke IB,37
10/5/2018 17:50,DCL Outbound-WS Inbound,Main and Clarke IB,37
10/5/2018 17:50,DCL Outbound-WS Inbound,Union,21
10/5/2018 17:50,DCL Outbound-WS Inbound,Union,21
10/5/2018 17:50,DCL Outbound-WS Inbound,Union,21
10/5/2018 17:50,DCL Outbound-WS Inbound,Union,21
10/5/2018 17:50,DCL Outbound-WS Inbound,Union,21
10/5/2018 17:50,DCL Outbound-WS Inbound,Union,21
10/5/2018 17:50,DCL Outbound-WS Inbound,Union,21
10/5/2018 17:50,DCL Outbound-WS Inbound,Union,21
10/5/2018 17:51,DCL Outbound-WS Inbound,Union,21
10/5/2018 17:51,DCL Outbound-WS Inbound,Union,21
10/5/2018 17:51,DCL Outbound-WS Inbound,Union,21
10/5/2018 17:52,DCL Outbound-WS Inbound,Union,21
10/5/2018 17:52,DCL Outbound-WS Inbound,Union,21
10/5/2018 17:53,DCL Outbound-WS Inbound,Main and Helen IB,37
10/5/2018 18:09,DCL Outbound-WS Inbound,UDC IB,21
10/5/2018 18:09,DCL Outbound-WS Inbound,UDC IB,21
10/5/2018 18:09,DCL Outbound-WS Inbound,UDC IB,21
10/5/2018 18:10,DCL Outbound-WS Inbound,UDC,21
10/5/2018 18:12,DCL Outbound-WS Inbound,Hawley IB,21
10/5/2018 18:15,DCL Outbound-WS Inbound,Main and Murray IB,21
10/5/2018 18:15,DCL Outbound-WS Inbound,Main and Murray IB,21
10/5/2018 18:15,DCL Outbound-WS Inbound,Main and Murray IB,21
10/5/2018 18:15,DCL Outbound-WS Inbound,Union,526
10/5/2018 18:15,DCL Outbound-WS Inbound,Union,526
10/5/2018 18:15,DCL Outbound-WS Inbound,Union,526
10/5/2018 18:15,DCL Outbound-WS Inbound,Union,526
10/5/2018 18:15,DCL Outbound-WS Inbound,Union,526
10/5/2018 18:15,DCL Outbound-WS Inbound,Union,526
10/5/2018 18:15,DCL Outbound-WS Inbound,Union,526
10/5/2018 18:16,DCL Outbound-WS Inbound,Union,526
10/5/2018 18:16,DCL Outbound-WS Inbound,Union,526
10/5/2018 18:16,DCL Outbound-WS Inbound,Union,526
10/5/2018 18:16,DCL Outbound-WS Inbound,Union,526
10/5/2018 18:16,DCL Outbound-WS Inbound,Union,526
10/5/2018 18:17,DCL Outbound-WS Inbound,Union,526
10/5/2018 18:17,DCL Outbound-WS Inbound,Union,526
10/5/2018 18:17,DCL Outbound-WS Inbound,Union,526
10/5/2018 18:18,DCL Outbound-WS Inbound,Union,526
10/5/2018 18:18,DCL Outbound-WS Inbound,Main and Clarke IB,21
10/5/2018 18:18,DCL Outbound-WS Inbound,Union,526
10/5/2018 18:18,DCL Outbound-WS Inbound,Union,526
10/5/2018 18:19,DCL Outbound-WS Inbound,Union,526
10/5/2018 18:19,DCL Outbound-WS Inbound,Main and Schiller IB,21
10/5/2018 18:20,DCL Outbound-WS Inbound,Union,526
10/5/2018 18:21,DCL Outbound-WS Inbound,Main and Helen IB,21
10/5/2018 18:21,DCL Outbound-WS Inbound,Main and Helen IB,21
10/5/2018 18:33,DCL Outbound-WS Inbound,Union,21
10/5/2018 18:33,DCL Outbound-WS Inbound,Union,21
10/5/2018 18:33,DCL Outbound-WS Inbound,Union,21
10/5/2018 18:33,DCL Outbound-WS Inbound,Union,21
10/5/2018 18:33,DCL Outbound-WS Inbound,Union,21
10/5/2018 18:33,DCL Outbound-WS Inbound,Union,21
10/5/2018 18:33,DCL Outbound-WS Inbound,Union,21
10/5/2018 18:33,DCL Outbound-WS Inbound,Union,21
10/5/2018 18:33,DCL Outbound-WS Inbound,Union,21
10/5/2018 18:33,DCL Outbound-WS Inbound,Union,21
10/5/2018 18:33,DCL Outbound-WS Inbound,Union,21
10/5/2018 18:33,DCL Outbound-WS Inbound,Union,21
10/5/2018 18:33,DCL Outbound-WS Inbound,Union,21
10/5/2018 18:33,DCL Outbound-WS Inbound,Union,21
10/5/2018 18:33,DCL Outbound-WS Inbound,Leroy St and Chestnut OB,526
10/5/2018 18:33,DCL Outbound-WS Inbound,Leroy St and Chestnut OB,526
10/5/2018 18:34,DCL Outbound-WS Inbound,Leroy St and Chestnut OB,526
10/5/2018 18:38,DCL Outbound-WS Inbound,UDC IB,526
10/5/2018 18:38,DCL Outbound-WS Inbound,UDC IB,526
10/5/2018 18:44,DCL Outbound-WS Inbound,Main and Murray IB,526
10/5/2018 18:44,DCL Outbound-WS Inbound,Main and Murray IB,526
10/5/2018 18:44,DCL Outbound-WS Inbound,Main and Murray IB,526
10/5/2018 18:45,DCL Outbound-WS Inbound,Main and Mather,526
10/5/2018 18:46,DCL Outbound-WS Inbound,Main and Clarke IB,526
10/5/2018 18:47,DCL Outbound-WS Inbound,Main and Schiller IB,526
10/5/2018 18:48,DCL Outbound-WS Inbound,Main and Helen IB,526
10/5/2018 18:48,DCL Outbound-WS Inbound,Union,889
10/5/2018 18:48,DCL Outbound-WS Inbound,Union,889
10/5/2018 18:48,DCL Outbound-WS Inbound,Union,889
10/5/2018 18:48,DCL Outbound-WS Inbound,Union,889
10/5/2018 18:49,DCL Outbound-WS Inbound,Union,889
10/5/2018 18:49,DCL Outbound-WS Inbound,Union,889
10/5/2018 18:49,DCL Outbound-WS Inbound,Union,889
10/5/2018 18:59,DCL Outbound-WS Inbound,Union,526
10/5/2018 18:59,DCL Outbound-WS Inbound,Union,526
10/5/2018 18:59,DCL Outbound-WS Inbound,Union,526
10/5/2018 19:00,DCL Outbound-WS Inbound,Union,526
10/5/2018 19:00,DCL Outbound-WS Inbound,Union,526
10/5/2018 19:00,DCL Outbound-WS Inbound,Union,526
10/5/2018 19:00,DCL Outbound-WS Inbound,Union,526
10/5/2018 19:00,DCL Outbound-WS Inbound,Union,526
10/5/2018 19:00,DCL Outbound-WS Inbound,Union,526
10/5/2018 19:00,DCL Outbound-WS Inbound,Union,526
10/5/2018 19:00,DCL Outbound-WS Inbound,Union,526
10/5/2018 19:00,DCL Outbound-WS Inbound,Union,526
10/5/2018 19:00,DCL Outbound-WS Inbound,Union,526
10/5/2018 19:00,DCL Outbound-WS Inbound,Union,526
10/5/2018 19:00,DCL Outbound-WS Inbound,Union,526
10/5/2018 19:00,DCL Outbound-WS Inbound,Union,526
10/5/2018 19:00,DCL Outbound-WS Inbound,Union,526
10/5/2018 19:00,DCL Outbound-WS Inbound,Union,526
10/5/2018 19:01,DCL Outbound-WS Inbound,Leroy St and Chestnut OB,889
10/5/2018 19:01,DCL Outbound-WS Inbound,Leroy St and Chestnut OB,889
10/5/2018 19:01,DCL Outbound-WS Inbound,Leroy St and Chestnut OB,889
10/5/2018 19:01,DCL Outbound-WS Inbound,Leroy St and Chestnut OB,889
10/5/2018 19:02,DCL Outbound-WS Inbound,Union,526
10/5/2018 19:02,DCL Outbound-WS Inbound,Union,526
10/5/2018 19:02,DCL Outbound-WS Inbound,Leroy St and Murray OB,889
10/5/2018 19:03,DCL Outbound-WS Inbound,Union,526
10/5/2018 19:05,DCL Outbound-WS Inbound,UDC IB,889
10/5/2018 19:12,DCL Outbound-WS Inbound,Hawley IB,889
10/5/2018 19:13,DCL Outbound-WS Inbound,Main and Murray IB,889
10/5/2018 19:13,DCL Outbound-WS Inbound,Main and Murray IB,889
10/5/2018 19:14,DCL Outbound-WS Inbound,Main and Mather,889
10/5/2018 19:17,DCL Outbound-WS Inbound,Union,891
10/5/2018 19:17,DCL Outbound-WS Inbound,Union,891
10/5/2018 19:17,DCL Outbound-WS Inbound,Union,891
10/5/2018 19:17,DCL Outbound-WS Inbound,Union,891
10/5/2018 19:17,DCL Outbound-WS Inbound,Union,891
10/5/2018 19:17,DCL Outbound-WS Inbound,Union,891
10/5/2018 19:17,DCL Outbound-WS Inbound,Union,891
10/5/2018 19:17,DCL Outbound-WS Inbound,Union,891
10/5/2018 19:17,DCL Outbound-WS Inbound,Union,891
10/5/2018 19:17,DCL Outbound-WS Inbound,Union,891
10/5/2018 19:17,DCL Outbound-WS Inbound,Union,891
10/5/2018 19:17,DCL Outbound-WS Inbound,Union,891
10/5/2018 19:17,DCL Outbound-WS Inbound,Union,891
10/5/2018 19:17,DCL Outbound-WS Inbound,Union,891
10/5/2018 19:17,DCL Outbound-WS Inbound,Union,891
10/5/2018 19:17,DCL Outbound-WS Inbound,Main and Helen IB,889
10/5/2018 19:17,DCL Outbound-WS Inbound,Union,891
10/5/2018 19:17,DCL Outbound-WS Inbound,Main and Helen IB,889
10/5/2018 19:17,DCL Outbound-WS Inbound,Union,891
10/5/2018 19:18,DCL Outbound-WS Inbound,Main and Helen IB,889
10/5/2018 19:18,DCL Outbound-WS Inbound,Main and Helen IB,889
10/5/2018 19:18,DCL Outbound-WS Inbound,Union,891
10/5/2018 19:18,DCL Outbound-WS Inbound,Union,891
10/5/2018 19:18,DCL Outbound-WS Inbound,Union,891
10/5/2018 19:18,DCL Outbound-WS Inbound,Union,891
10/5/2018 19:18,DCL Outbound-WS Inbound,Union,891
10/5/2018 19:18,DCL Outbound-WS Inbound,Union,891
10/5/2018 19:18,DCL Outbound-WS Inbound,Union,891
10/5/2018 19:19,DCL Outbound-WS Inbound,Floral and Cleveland IB,889
10/5/2018 19:20,DCL Outbound-WS Inbound,Floral and Cleveland IB,889
10/5/2018 19:20,DCL Outbound-WS Inbound,Floral and Cleveland IB,889
10/5/2018 19:20,DCL Outbound-WS Inbound,Floral and Cleveland IB,889
10/5/2018 19:20,DCL Outbound-WS Inbound,Floral and Burbank IB,889
10/5/2018 19:31,DCL Outbound-WS Inbound,Leroy St and Chestnut OB,891
10/5/2018 19:33,DCL Outbound-WS Inbound,Leroy St and Murray OB,891
10/5/2018 19:33,DCL Outbound-WS Inbound,Leroy St and Murray OB,891
10/5/2018 19:33,DCL Outbound-WS Inbound,Leroy St and Murray OB,891
10/5/2018 19:34,DCL Outbound-WS Inbound,Union,527
10/5/2018 19:35,DCL Outbound-WS Inbound,Union,527
10/5/2018 19:36,DCL Outbound-WS Inbound,Union,527
10/5/2018 19:36,DCL Outbound-WS Inbound,Union,527
10/5/2018 19:36,DCL Outbound-WS Inbound,Union,527
10/5/2018 19:37,DCL Outbound-WS Inbound,Union,527
10/5/2018 19:37,DCL Outbound-WS Inbound,UDC IB,891
10/5/2018 19:37,DCL Outbound-WS Inbound,UDC IB,891
10/5/2018 19:37,DCL Outbound-WS Inbound,Union,527
10/5/2018 19:37,DCL Outbound-WS Inbound,Union,527
10/5/2018 19:38,DCL Outbound-WS Inbound,Union,527
10/5/2018 19:38,DCL Outbound-WS Inbound,UDC IB,891
10/5/2018 19:38,DCL Outbound-WS Inbound,Union,527
10/5/2018 19:38,DCL Outbound-WS Inbound,Union,527
10/5/2018 19:39,DCL Outbound-WS Inbound,Union,527
10/5/2018 19:39,DCL Outbound-WS Inbound,Union,527
10/5/2018 19:39,DCL Outbound-WS Inbound,Union,527
10/5/2018 19:40,DCL Outbound-WS Inbound,Union,527
10/5/2018 19:40,DCL Outbound-WS Inbound,Union,527
10/5/2018 19:40,DCL Outbound-WS Inbound,Union,527
10/5/2018 19:40,DCL Outbound-WS Inbound,Hawley IB,891
10/5/2018 19:40,DCL Outbound-WS Inbound,Union,527
10/5/2018 19:40,DCL Outbound-WS Inbound,Union,527
10/5/2018 19:41,DCL Outbound-WS Inbound,Union,527
10/5/2018 19:41,DCL Outbound-WS Inbound,Main and Murray IB,891
10/5/2018 19:41,DCL Outbound-WS Inbound,Union,527
10/5/2018 19:42,DCL Outbound-WS Inbound,Main and Murray IB,891
10/5/2018 19:42,DCL Outbound-WS Inbound,Main and Murray IB,891
10/5/2018 19:42,DCL Outbound-WS Inbound,Main and Murray IB,891
10/5/2018 19:43,DCL Outbound-WS Inbound,Union,527
10/5/2018 19:43,DCL Outbound-WS Inbound,Union,527
10/5/2018 19:43,DCL Outbound-WS Inbound,Union,527
10/5/2018 19:43,DCL Outbound-WS Inbound,Union,527
10/5/2018 19:43,DCL Outbound-WS Inbound,Union,527
10/5/2018 19:43,DCL Outbound-WS Inbound,Union,527
10/5/2018 19:43,DCL Outbound-WS Inbound,Main and Clarke IB,891
10/5/2018 19:44,DCL Outbound-WS Inbound,Union,527
10/5/2018 19:44,DCL Outbound-WS Inbound,Union,527
10/5/2018 19:44,DCL Outbound-WS Inbound,Union,527
10/5/2018 19:44,DCL Outbound-WS Inbound,Union,527
10/5/2018 19:44,DCL Outbound-WS Inbound,Union,527
10/5/2018 19:44,DCL Outbound-WS Inbound,Union,527
10/5/2018 19:45,DCL Outbound-WS Inbound,Union,527
10/5/2018 19:45,DCL Outbound-WS Inbound,Union,527
10/5/2018 19:45,DCL Outbound-WS Inbound,Union,527
10/5/2018 19:47,DCL Outbound-WS Inbound,Main and Helen IB,891
10/5/2018 19:58,DCL Outbound-WS Inbound,Union,891
10/5/2018 19:58,DCL Outbound-WS Inbound,Union,891
10/5/2018 19:58,DCL Outbound-WS Inbound,Union,891
10/5/2018 19:58,DCL Outbound-WS Inbound,Union,891
