Start Date:10/17/2018 7:00 AM End Date:10/17/2018 8:00 PM,,,
DateTime,CorridorName,StopName,VehicleID
10/17/2018 7:16,DCL Outbound-WS Inbound,Hawley IB,891
10/17/2018 7:16,DCL Outbound-WS Inbound,Hawley IB,891
10/17/2018 7:16,DCL Outbound-WS Inbound,Hawley IB,891
10/17/2018 7:17,DCL Outbound-WS Inbound,Main and Front OB,891
10/17/2018 7:18,DCL Outbound-WS Inbound,Main and Murray IB,891
10/17/2018 7:18,DCL Outbound-WS Inbound,Main and Murray IB,891
10/17/2018 7:18,DCL Outbound-WS Inbound,Main and Murray IB,891
10/17/2018 7:18,DCL Outbound-WS Inbound,Main and Murray IB,891
10/17/2018 7:20,DCL Outbound-WS Inbound,Main and Cedar IB,891
10/17/2018 7:21,DCL Outbound-WS Inbound,Main and Schiller IB,891
10/17/2018 7:21,DCL Outbound-WS Inbound,Main and Schiller IB,891
10/17/2018 7:21,DCL Outbound-WS Inbound,Main and Schiller IB,891
10/17/2018 7:21,DCL Outbound-WS Inbound,Main and Schiller IB,891
10/17/2018 7:21,DCL Outbound-WS Inbound,Main and Schiller IB,891
10/17/2018 7:25,DCL Outbound-WS Inbound,Floral and Cleveland IB,891
10/17/2018 7:25,DCL Outbound-WS Inbound,Floral and Cleveland IB,891
10/17/2018 7:25,DCL Outbound-WS Inbound,Floral and Cleveland IB,891
10/17/2018 7:25,DCL Outbound-WS Inbound,Floral and Cleveland IB,891
10/17/2018 7:29,DCL Outbound-WS Inbound,UDC IB,42
10/17/2018 7:29,DCL Outbound-WS Inbound,Riverside and Beethoven OB,21
10/17/2018 7:29,DCL Outbound-WS Inbound,UDC IB,42
10/17/2018 7:30,DCL Outbound-WS Inbound,UDC IB,42
10/17/2018 7:32,DCL Outbound-WS Inbound,Hawley IB,42
10/17/2018 7:34,DCL Outbound-WS Inbound,Main and Murray IB,42
10/17/2018 7:34,DCL Outbound-WS Inbound,Main and Murray IB,42
10/17/2018 7:34,DCL Outbound-WS Inbound,Main and Murray IB,42
10/17/2018 7:34,DCL Outbound-WS Inbound,Main and Murray IB,42
10/17/2018 7:34,DCL Outbound-WS Inbound,Main and Murray IB,42
10/17/2018 7:35,DCL Outbound-WS Inbound,Main and Mather,42
10/17/2018 7:35,DCL Outbound-WS Inbound,Main and Mather,42
10/17/2018 7:35,DCL Outbound-WS Inbound,Main and Mather,42
10/17/2018 7:35,DCL Outbound-WS Inbound,Main and Mather,42
10/17/2018 7:35,DCL Outbound-WS Inbound,Main and Mather,42
10/17/2018 7:35,DCL Outbound-WS Inbound,Main and Mather,42
10/17/2018 7:37,DCL Outbound-WS Inbound,Main and Schiller IB,42
10/17/2018 7:37,DCL Outbound-WS Inbound,Main and Schiller IB,42
10/17/2018 7:37,DCL Outbound-WS Inbound,Main and Schiller IB,42
10/17/2018 7:37,DCL Outbound-WS Inbound,Main and Schiller IB,42
10/17/2018 7:37,DCL Outbound-WS Inbound,Main and Schiller IB,42
10/17/2018 7:37,DCL Outbound-WS Inbound,Main and Schiller IB,42
10/17/2018 7:37,DCL Outbound-WS Inbound,Main and Schiller IB,42
10/17/2018 7:37,DCL Outbound-WS Inbound,Main and Schiller IB,42
10/17/2018 7:37,DCL Outbound-WS Inbound,Main and Schiller IB,42
10/17/2018 7:39,DCL Outbound-WS Inbound,Main and Mather,21
10/17/2018 7:39,DCL Outbound-WS Inbound,Main and Mather,21
10/17/2018 7:39,DCL Outbound-WS Inbound,Main and Mather,21
10/17/2018 7:40,DCL Outbound-WS Inbound,Main and Crary,42
10/17/2018 7:40,DCL Outbound-WS Inbound,Main and Crary,42
10/17/2018 7:40,DCL Outbound-WS Inbound,Main and Cedar IB,21
10/17/2018 7:40,DCL Outbound-WS Inbound,Main and Clarke IB,21
10/17/2018 7:40,DCL Outbound-WS Inbound,Main and Clarke IB,21
10/17/2018 7:41,DCL Outbound-WS Inbound,Main and Clarke IB,21
10/17/2018 7:42,DCL Outbound-WS Inbound,Main and Schiller IB,21
10/17/2018 7:42,DCL Outbound-WS Inbound,Main and Schiller IB,21
10/17/2018 7:42,DCL Outbound-WS Inbound,Main and Schiller IB,21
10/17/2018 7:42,DCL Outbound-WS Inbound,Main and Schiller IB,21
10/17/2018 7:42,DCL Outbound-WS Inbound,Main and Schiller IB,21
10/17/2018 7:42,DCL Outbound-WS Inbound,Main and Schiller IB,21
10/17/2018 7:43,DCL Outbound-WS Inbound,Main and Helen IB,21
10/17/2018 7:45,DCL Outbound-WS Inbound,Floral and Cleveland IB,21
10/17/2018 7:45,DCL Outbound-WS Inbound,Floral and Cleveland IB,21
10/17/2018 7:45,DCL Outbound-WS Inbound,Floral and Cleveland IB,21
10/17/2018 7:46,DCL Outbound-WS Inbound,Hawley IB,43
10/17/2018 7:48,DCL Outbound-WS Inbound,Main and Murray IB,43
10/17/2018 7:48,DCL Outbound-WS Inbound,Main and Murray IB,43
10/17/2018 7:48,DCL Outbound-WS Inbound,Main and Murray IB,43
10/17/2018 7:48,DCL Outbound-WS Inbound,Main and Murray IB,43
10/17/2018 7:49,DCL Outbound-WS Inbound,Main and Murray IB,43
10/17/2018 7:49,DCL Outbound-WS Inbound,Main and Murray IB,43
10/17/2018 7:49,DCL Outbound-WS Inbound,Main and Murray IB,43
10/17/2018 7:49,DCL Outbound-WS Inbound,Main and Murray IB,43
10/17/2018 7:49,DCL Outbound-WS Inbound,Main and Murray IB,43
10/17/2018 7:49,DCL Outbound-WS Inbound,Main and Murray IB,43
10/17/2018 7:49,DCL Outbound-WS Inbound,Main and Murray IB,43
10/17/2018 7:50,DCL Outbound-WS Inbound,Main and Mather,43
10/17/2018 7:50,DCL Outbound-WS Inbound,Main and Mather,43
10/17/2018 7:50,DCL Outbound-WS Inbound,Main and Mather,43
10/17/2018 7:51,DCL Outbound-WS Inbound,Main and Cedar IB,43
10/17/2018 7:52,DCL Outbound-WS Inbound,Main and Clarke IB,43
10/17/2018 7:53,DCL Outbound-WS Inbound,Main and Schiller IB,43
10/17/2018 7:53,DCL Outbound-WS Inbound,Main and Schiller IB,43
10/17/2018 7:53,DCL Outbound-WS Inbound,Main and Schiller IB,43
10/17/2018 7:53,DCL Outbound-WS Inbound,Main and Schiller IB,43
10/17/2018 7:53,DCL Outbound-WS Inbound,Main and Schiller IB,43
10/17/2018 7:53,DCL Outbound-WS Inbound,Main and Schiller IB,43
10/17/2018 7:53,DCL Outbound-WS Inbound,Main and Schiller IB,43
10/17/2018 7:53,DCL Outbound-WS Inbound,Main and Schiller IB,43
10/17/2018 7:53,DCL Outbound-WS Inbound,Main and Schiller IB,43
10/17/2018 7:54,DCL Outbound-WS Inbound,Main and Helen IB,43
10/17/2018 7:54,DCL Outbound-WS Inbound,Main and Helen IB,43
10/17/2018 7:56,DCL Outbound-WS Inbound,Floral and Main IB,43
10/17/2018 7:56,DCL Outbound-WS Inbound,Floral and Main IB,43
10/17/2018 7:57,DCL Outbound-WS Inbound,Floral and Cleveland IB,43
10/17/2018 7:58,DCL Outbound-WS Inbound,Floral and Willow IB,43
10/17/2018 7:58,DCL Outbound-WS Inbound,Floral and Harrison IB,43
10/17/2018 8:10,DCL Outbound-WS Inbound,Hawley IB,889
10/17/2018 8:10,DCL Outbound-WS Inbound,Hawley IB,889
10/17/2018 8:10,DCL Outbound-WS Inbound,Hawley IB,889
10/17/2018 8:10,DCL Outbound-WS Inbound,Hawley IB,889
10/17/2018 8:10,DCL Outbound-WS Inbound,Hawley IB,889
10/17/2018 8:12,DCL Outbound-WS Inbound,Main and Murray IB,889
10/17/2018 8:12,DCL Outbound-WS Inbound,Main and Murray IB,889
10/17/2018 8:12,DCL Outbound-WS Inbound,Main and Murray IB,889
10/17/2018 8:12,DCL Outbound-WS Inbound,Main and Murray IB,889
10/17/2018 8:13,DCL Outbound-WS Inbound,Main and Mather,889
10/17/2018 8:13,DCL Outbound-WS Inbound,Main and Mather,889
10/17/2018 8:13,DCL Outbound-WS Inbound,Main and Mather,889
10/17/2018 8:14,DCL Outbound-WS Inbound,Main and Cedar IB,889
10/17/2018 8:15,DCL Outbound-WS Inbound,Main and Clarke IB,889
10/17/2018 8:15,DCL Outbound-WS Inbound,Main and Clarke IB,889
10/17/2018 8:16,DCL Outbound-WS Inbound,Main and Schiller IB,889
10/17/2018 8:16,DCL Outbound-WS Inbound,Main and Schiller IB,889
10/17/2018 8:16,DCL Outbound-WS Inbound,Main and Schiller IB,889
10/17/2018 8:16,DCL Outbound-WS Inbound,Main and Schiller IB,889
10/17/2018 8:16,DCL Outbound-WS Inbound,Main and Schiller IB,889
10/17/2018 8:16,DCL Outbound-WS Inbound,Main and Schiller IB,889
10/17/2018 8:17,DCL Outbound-WS Inbound,Leroy St and Chestnut IB,42
10/17/2018 8:17,DCL Outbound-WS Inbound,Leroy St and Chestnut IB,42
10/17/2018 8:17,DCL Outbound-WS Inbound,Hawley IB,37
10/17/2018 8:18,DCL Outbound-WS Inbound,Main and Helen IB,889
10/17/2018 8:18,DCL Outbound-WS Inbound,Main and Murray IB,37
10/17/2018 8:18,DCL Outbound-WS Inbound,Main and Murray IB,37
10/17/2018 8:18,DCL Outbound-WS Inbound,Main and Murray IB,37
10/17/2018 8:19,DCL Outbound-WS Inbound,Main and Murray IB,37
10/17/2018 8:19,DCL Outbound-WS Inbound,Main and Cedar IB,42
10/17/2018 8:19,DCL Outbound-WS Inbound,Main and Cedar IB,42
10/17/2018 8:19,DCL Outbound-WS Inbound,Main and Cedar IB,42
10/17/2018 8:19,DCL Outbound-WS Inbound,Main and Crary,889
10/17/2018 8:19,DCL Outbound-WS Inbound,Main and Mather,37
10/17/2018 8:20,DCL Outbound-WS Inbound,Main and Cedar IB,37
10/17/2018 8:20,DCL Outbound-WS Inbound,Main and Cedar IB,37
10/17/2018 8:21,DCL Outbound-WS Inbound,Floral and Cleveland IB,889
10/17/2018 8:21,DCL Outbound-WS Inbound,Floral and Cleveland IB,889
10/17/2018 8:21,DCL Outbound-WS Inbound,Main and Schiller IB,37
10/17/2018 8:21,DCL Outbound-WS Inbound,Floral and Burbank IB,889
10/17/2018 8:22,DCL Outbound-WS Inbound,Floral and Roberts OB,889
10/17/2018 8:23,DCL Outbound-WS Inbound,Floral and Harrison IB,889
10/17/2018 8:30,DCL Outbound-WS Inbound,Leroy St and Chestnut OB,526
10/17/2018 8:31,DCL Outbound-WS Inbound,Leroy St and Murray OB,526
10/17/2018 8:34,DCL Outbound-WS Inbound,Newing,889
10/17/2018 8:34,DCL Outbound-WS Inbound,Newing,889
10/17/2018 8:38,DCL Outbound-WS Inbound,Hawley IB,526
10/17/2018 8:39,DCL Outbound-WS Inbound,UP,889
10/17/2018 8:39,DCL Outbound-WS Inbound,UP,889
10/17/2018 8:39,DCL Outbound-WS Inbound,UP,889
10/17/2018 8:39,DCL Outbound-WS Inbound,UP,889
10/17/2018 8:39,DCL Outbound-WS Inbound,UP,889
10/17/2018 8:39,DCL Outbound-WS Inbound,UP,889
10/17/2018 8:39,DCL Outbound-WS Inbound,UP,889
10/17/2018 8:39,DCL Outbound-WS Inbound,UP,889
10/17/2018 8:39,DCL Outbound-WS Inbound,UP,889
10/17/2018 8:39,DCL Outbound-WS Inbound,UP,889
10/17/2018 8:39,DCL Outbound-WS Inbound,UP,889
10/17/2018 8:39,DCL Outbound-WS Inbound,UP,889
10/17/2018 8:40,DCL Outbound-WS Inbound,Main and Murray IB,526
10/17/2018 8:40,DCL Outbound-WS Inbound,Main and Murray IB,526
10/17/2018 8:40,DCL Outbound-WS Inbound,Main and Murray IB,526
10/17/2018 8:40,DCL Outbound-WS Inbound,Main and Murray IB,526
10/17/2018 8:40,DCL Outbound-WS Inbound,Main and Murray IB,526
10/17/2018 8:41,DCL Outbound-WS Inbound,Main and Mather,526
10/17/2018 8:41,DCL Outbound-WS Inbound,Meadows OB,889
10/17/2018 8:41,DCL Outbound-WS Inbound,Meadows OB,889
10/17/2018 8:41,DCL Outbound-WS Inbound,Meadows OB,889
10/17/2018 8:41,DCL Outbound-WS Inbound,Meadows OB,889
10/17/2018 8:43,DCL Outbound-WS Inbound,Main and Clarke IB,526
10/17/2018 8:44,DCL Outbound-WS Inbound,Main and Schiller IB,526
10/17/2018 8:44,DCL Outbound-WS Inbound,Main and Schiller IB,526
10/17/2018 8:44,DCL Outbound-WS Inbound,Main and Schiller IB,526
10/17/2018 8:44,DCL Outbound-WS Inbound,Main and Schiller IB,526
10/17/2018 8:44,DCL Outbound-WS Inbound,Main and Schiller IB,526
10/17/2018 8:44,DCL Outbound-WS Inbound,Main and Schiller IB,526
10/17/2018 8:46,DCL Outbound-WS Inbound,Union,889
10/17/2018 8:47,DCL Outbound-WS Inbound,Main and Crary,526
10/17/2018 8:49,DCL Outbound-WS Inbound,Main and Front OB,21
10/17/2018 8:49,DCL Outbound-WS Inbound,Main and Front OB,21
10/17/2018 8:50,DCL Outbound-WS Inbound,Floral and Harrison IB,526
10/17/2018 8:50,DCL Outbound-WS Inbound,Main and Murray IB,21
10/17/2018 8:50,DCL Outbound-WS Inbound,Main and Murray IB,21
10/17/2018 8:50,DCL Outbound-WS Inbound,Main and Murray IB,21
10/17/2018 8:50,DCL Outbound-WS Inbound,Main and Murray IB,21
10/17/2018 8:50,DCL Outbound-WS Inbound,Main and Murray IB,21
10/17/2018 8:50,DCL Outbound-WS Inbound,Main and Murray IB,21
10/17/2018 8:51,DCL Outbound-WS Inbound,Main and Mather,21
10/17/2018 8:52,DCL Outbound-WS Inbound,Main and Cedar IB,21
10/17/2018 8:53,DCL Outbound-WS Inbound,Main and Clarke IB,21
10/17/2018 8:56,DCL Outbound-WS Inbound,Main and Crary,21
10/17/2018 8:58,DCL Outbound-WS Inbound,Union,526
10/17/2018 8:59,DCL Outbound-WS Inbound,Floral and St. Charles,21
10/17/2018 8:59,DCL Outbound-WS Inbound,Leroy St and Chestnut OB,889
10/17/2018 8:59,DCL Outbound-WS Inbound,UDC IB,43
10/17/2018 9:00,DCL Outbound-WS Inbound,UDC IB,43
10/17/2018 9:00,DCL Outbound-WS Inbound,UDC IB,43
10/17/2018 9:00,DCL Outbound-WS Inbound,Leroy St and Murray OB,889
10/17/2018 9:01,DCL Outbound-WS Inbound,Leroy St and Murray OB,889
10/17/2018 9:02,DCL Outbound-WS Inbound,Hawley IB,43
10/17/2018 9:02,DCL Outbound-WS Inbound,Hawley IB,43
10/17/2018 9:02,DCL Outbound-WS Inbound,Hawley IB,43
10/17/2018 9:05,DCL Outbound-WS Inbound,Main and Murray IB,43
10/17/2018 9:05,DCL Outbound-WS Inbound,Main and Murray IB,43
10/17/2018 9:05,DCL Outbound-WS Inbound,Main and Murray IB,43
10/17/2018 9:05,DCL Outbound-WS Inbound,Main and Murray IB,43
10/17/2018 9:05,DCL Outbound-WS Inbound,Main and Murray IB,43
10/17/2018 9:05,DCL Outbound-WS Inbound,Main and Murray IB,43
10/17/2018 9:05,DCL Outbound-WS Inbound,Main and Murray IB,43
10/17/2018 9:05,DCL Outbound-WS Inbound,Main and Murray IB,43
10/17/2018 9:05,DCL Outbound-WS Inbound,Main and Murray IB,43
10/17/2018 9:06,DCL Outbound-WS Inbound,Main and Mather,43
10/17/2018 9:06,DCL Outbound-WS Inbound,Main and Mather,43
10/17/2018 9:06,DCL Outbound-WS Inbound,Main and Mather,43
10/17/2018 9:06,DCL Outbound-WS Inbound,Main and Mather,43
10/17/2018 9:06,DCL Outbound-WS Inbound,Main and Mather,43
10/17/2018 9:06,DCL Outbound-WS Inbound,Union,21
10/17/2018 9:06,DCL Outbound-WS Inbound,Union,21
10/17/2018 9:07,DCL Outbound-WS Inbound,Main and Cedar IB,43
10/17/2018 9:07,DCL Outbound-WS Inbound,Main and Cedar IB,43
10/17/2018 9:07,DCL Outbound-WS Inbound,Main and Cedar IB,43
10/17/2018 9:07,DCL Outbound-WS Inbound,Hawley IB,889
10/17/2018 9:07,DCL Outbound-WS Inbound,Main and Cedar IB,43
10/17/2018 9:07,DCL Outbound-WS Inbound,Hawley IB,889
10/17/2018 9:07,DCL Outbound-WS Inbound,Main and Cedar IB,43
10/17/2018 9:07,DCL Outbound-WS Inbound,Hawley IB,889
10/17/2018 9:08,DCL Outbound-WS Inbound,Main and Clarke OB,43
10/17/2018 9:08,DCL Outbound-WS Inbound,Main and Clarke OB,43
10/17/2018 9:09,DCL Outbound-WS Inbound,Union,21
10/17/2018 9:09,DCL Outbound-WS Inbound,Main and Murray IB,889
10/17/2018 9:09,DCL Outbound-WS Inbound,Main and Murray IB,889
10/17/2018 9:09,DCL Outbound-WS Inbound,Main and Schiller IB,43
10/17/2018 9:09,DCL Outbound-WS Inbound,Main and Murray IB,889
10/17/2018 9:09,DCL Outbound-WS Inbound,Main and Schiller IB,43
10/17/2018 9:09,DCL Outbound-WS Inbound,Main and Schiller IB,43
10/17/2018 9:09,DCL Outbound-WS Inbound,Main and Murray IB,889
10/17/2018 9:09,DCL Outbound-WS Inbound,Main and Schiller IB,43
10/17/2018 9:09,DCL Outbound-WS Inbound,Main and Murray IB,889
10/17/2018 9:09,DCL Outbound-WS Inbound,Main and Murray IB,889
10/17/2018 9:09,DCL Outbound-WS Inbound,Main and Murray IB,889
10/17/2018 9:09,DCL Outbound-WS Inbound,Main and Murray IB,889
10/17/2018 9:09,DCL Outbound-WS Inbound,Main and Murray IB,889
10/17/2018 9:10,DCL Outbound-WS Inbound,Union,21
10/17/2018 9:10,DCL Outbound-WS Inbound,Main and Mather,889
10/17/2018 9:10,DCL Outbound-WS Inbound,Main and Mather,889
10/17/2018 9:11,DCL Outbound-WS Inbound,Main and Cedar IB,889
10/17/2018 9:11,DCL Outbound-WS Inbound,UDC IB,526
10/17/2018 9:11,DCL Outbound-WS Inbound,Main and Crary,43
10/17/2018 9:11,DCL Outbound-WS Inbound,UDC IB,526
10/17/2018 9:12,DCL Outbound-WS Inbound,Main and Clarke IB,889
10/17/2018 9:12,DCL Outbound-WS Inbound,Main and Clarke IB,889
10/17/2018 9:12,DCL Outbound-WS Inbound,Main and Clarke IB,889
10/17/2018 9:13,DCL Outbound-WS Inbound,Floral and Cleveland IB,43
10/17/2018 9:13,DCL Outbound-WS Inbound,Floral and Cleveland IB,43
10/17/2018 9:13,DCL Outbound-WS Inbound,Main and Schiller IB,889
10/17/2018 9:13,DCL Outbound-WS Inbound,Main and Schiller IB,889
10/17/2018 9:13,DCL Outbound-WS Inbound,Main and Schiller IB,889
10/17/2018 9:13,DCL Outbound-WS Inbound,Union,37
10/17/2018 9:13,DCL Outbound-WS Inbound,Union,37
10/17/2018 9:13,DCL Outbound-WS Inbound,Main and Schiller IB,889
10/17/2018 9:13,DCL Outbound-WS Inbound,Main and Schiller IB,889
10/17/2018 9:14,DCL Outbound-WS Inbound,Union,37
10/17/2018 9:14,DCL Outbound-WS Inbound,Main and Helen IB,889
10/17/2018 9:14,DCL Outbound-WS Inbound,Union,37
10/17/2018 9:15,DCL Outbound-WS Inbound,Floral and Cook,43
10/17/2018 9:16,DCL Outbound-WS Inbound,Hawley IB,526
10/17/2018 9:16,DCL Outbound-WS Inbound,Hawley IB,526
10/17/2018 9:16,DCL Outbound-WS Inbound,Hawley IB,526
10/17/2018 9:17,DCL Outbound-WS Inbound,Main and Front OB,526
10/17/2018 9:17,DCL Outbound-WS Inbound,Floral and Cleveland IB,889
10/17/2018 9:17,DCL Outbound-WS Inbound,Floral and Cleveland IB,889
10/17/2018 9:17,DCL Outbound-WS Inbound,Floral and Cleveland IB,889
10/17/2018 9:17,DCL Outbound-WS Inbound,Floral and Cleveland IB,889
10/17/2018 9:17,DCL Outbound-WS Inbound,Floral and Cleveland IB,889
10/17/2018 9:17,DCL Outbound-WS Inbound,Main and Murray IB,526
10/17/2018 9:17,DCL Outbound-WS Inbound,Main and Murray IB,526
10/17/2018 9:17,DCL Outbound-WS Inbound,Main and Murray IB,526
10/17/2018 9:17,DCL Outbound-WS Inbound,Main and Murray IB,526
10/17/2018 9:18,DCL Outbound-WS Inbound,Floral and Burbank IB,889
10/17/2018 9:18,DCL Outbound-WS Inbound,Main and Murray IB,526
10/17/2018 9:18,DCL Outbound-WS Inbound,Main and Mather,526
10/17/2018 9:18,DCL Outbound-WS Inbound,Main and Mather,526
10/17/2018 9:18,DCL Outbound-WS Inbound,Floral and Willow IB,889
10/17/2018 9:19,DCL Outbound-WS Inbound,Main and Mather,526
10/17/2018 9:20,DCL Outbound-WS Inbound,Main and Cedar IB,526
10/17/2018 9:20,DCL Outbound-WS Inbound,Main and Cedar IB,526
10/17/2018 9:20,DCL Outbound-WS Inbound,Main and Cedar IB,526
10/17/2018 9:20,DCL Outbound-WS Inbound,Main and Cedar IB,526
10/17/2018 9:20,DCL Outbound-WS Inbound,Main and Clarke IB,526
10/17/2018 9:22,DCL Outbound-WS Inbound,Main and Schiller IB,526
10/17/2018 9:23,DCL Outbound-WS Inbound,Union,43
10/17/2018 9:24,DCL Outbound-WS Inbound,Main and Crary,526
10/17/2018 9:26,DCL Outbound-WS Inbound,Leroy St and Chestnut IB,37
10/17/2018 9:26,DCL Outbound-WS Inbound,Floral and Cleveland IB,526
10/17/2018 9:26,DCL Outbound-WS Inbound,Floral and Cleveland IB,526
10/17/2018 9:26,DCL Outbound-WS Inbound,Floral and Cleveland IB,526
10/17/2018 9:26,DCL Outbound-WS Inbound,Floral and Cleveland IB,526
10/17/2018 9:27,DCL Outbound-WS Inbound,Floral and Harrison IB,526
10/17/2018 9:27,DCL Outbound-WS Inbound,Floral and Harrison IB,526
10/17/2018 9:28,DCL Outbound-WS Inbound,Floral and Harrison IB,526
10/17/2018 9:28,DCL Outbound-WS Inbound,Floral and Harrison IB,526
10/17/2018 9:28,DCL Outbound-WS Inbound,Floral and St. Charles,526
10/17/2018 9:30,DCL Outbound-WS Inbound,UDC,37
10/17/2018 9:30,DCL Outbound-WS Inbound,UDC,37
10/17/2018 9:37,DCL Outbound-WS Inbound,Hawley IB,37
10/17/2018 9:40,DCL Outbound-WS Inbound,Main and Mather,37
10/17/2018 9:40,DCL Outbound-WS Inbound,Main and Mather,37
10/17/2018 9:40,DCL Outbound-WS Inbound,Main and Mather,37
10/17/2018 9:41,DCL Outbound-WS Inbound,Main and Cedar IB,37
10/17/2018 9:41,DCL Outbound-WS Inbound,Main and Cedar IB,37
10/17/2018 9:41,DCL Outbound-WS Inbound,Main and Clarke IB,37
10/17/2018 9:42,DCL Outbound-WS Inbound,Main and Clarke IB,37
10/17/2018 9:42,DCL Outbound-WS Inbound,Main and Clarke IB,37
10/17/2018 9:43,DCL Outbound-WS Inbound,Main and Schiller IB,37
10/17/2018 9:43,DCL Outbound-WS Inbound,Main and Schiller IB,37
10/17/2018 9:43,DCL Outbound-WS Inbound,Main and Schiller IB,37
10/17/2018 9:44,DCL Outbound-WS Inbound,Union,21
10/17/2018 9:45,DCL Outbound-WS Inbound,Union,21
10/17/2018 9:45,DCL Outbound-WS Inbound,Union,21
10/17/2018 9:45,DCL Outbound-WS Inbound,Union,21
10/17/2018 9:45,DCL Outbound-WS Inbound,Union,21
10/17/2018 9:45,DCL Outbound-WS Inbound,Union,21
10/17/2018 9:45,DCL Outbound-WS Inbound,Main and Helen IB,37
10/17/2018 9:45,DCL Outbound-WS Inbound,Main and Helen IB,37
10/17/2018 9:45,DCL Outbound-WS Inbound,Union,21
10/17/2018 9:45,DCL Outbound-WS Inbound,Union,21
10/17/2018 9:46,DCL Outbound-WS Inbound,Main and Crary,37
10/17/2018 9:46,DCL Outbound-WS Inbound,Main and Crary,37
10/17/2018 9:47,DCL Outbound-WS Inbound,Floral and Main IB,37
10/17/2018 9:48,DCL Outbound-WS Inbound,Floral and Burbank IB,37
10/17/2018 9:49,DCL Outbound-WS Inbound,Floral and Harrison IB,37
10/17/2018 9:49,DCL Outbound-WS Inbound,Main and Mather,889
10/17/2018 9:49,DCL Outbound-WS Inbound,Main and Mather,889
10/17/2018 9:49,DCL Outbound-WS Inbound,Main and Mather,889
10/17/2018 9:51,DCL Outbound-WS Inbound,Main and Cedar IB,889
10/17/2018 9:52,DCL Outbound-WS Inbound,Main and Clarke IB,889
10/17/2018 9:53,DCL Outbound-WS Inbound,Main and Schiller IB,889
10/17/2018 9:53,DCL Outbound-WS Inbound,Main and Schiller IB,889
10/17/2018 9:53,DCL Outbound-WS Inbound,Main and Schiller IB,889
10/17/2018 9:57,DCL Outbound-WS Inbound,Floral and Cleveland IB,889
10/17/2018 9:59,DCL Outbound-WS Inbound,Floral and St. Charles,889
10/17/2018 9:59,DCL Outbound-WS Inbound,Floral and Cook,889
10/17/2018 10:06,DCL Outbound-WS Inbound,Union,889
10/17/2018 10:06,DCL Outbound-WS Inbound,Union,889
10/17/2018 10:06,DCL Outbound-WS Inbound,Union,889
10/17/2018 10:07,DCL Outbound-WS Inbound,Hawley IB,21
10/17/2018 10:08,DCL Outbound-WS Inbound,Union,889
10/17/2018 10:08,DCL Outbound-WS Inbound,Main and Murray IB,21
10/17/2018 10:09,DCL Outbound-WS Inbound,Main and Mather,21
10/17/2018 10:09,DCL Outbound-WS Inbound,Main and Mather,21
10/17/2018 10:09,DCL Outbound-WS Inbound,Main and Mather,21
10/17/2018 10:09,DCL Outbound-WS Inbound,Main and Mather,21
10/17/2018 10:09,DCL Outbound-WS Inbound,Main and Mather,21
10/17/2018 10:09,DCL Outbound-WS Inbound,Main and Mather,21
10/17/2018 10:11,DCL Outbound-WS Inbound,Main and Cedar IB,21
10/17/2018 10:12,DCL Outbound-WS Inbound,Main and Clarke IB,21
10/17/2018 10:12,DCL Outbound-WS Inbound,Main and Clarke IB,21
10/17/2018 10:12,DCL Outbound-WS Inbound,Main and Clarke IB,21
10/17/2018 10:12,DCL Outbound-WS Inbound,Main and Clarke IB,21
10/17/2018 10:12,DCL Outbound-WS Inbound,Main and Clarke IB,21
10/17/2018 10:13,DCL Outbound-WS Inbound,Main and Schiller IB,21
10/17/2018 10:13,DCL Outbound-WS Inbound,Main and Schiller IB,21
10/17/2018 10:13,DCL Outbound-WS Inbound,Main and Schiller IB,21
10/17/2018 10:13,DCL Outbound-WS Inbound,Main and Schiller IB,21
10/17/2018 10:13,DCL Outbound-WS Inbound,Main and Schiller IB,21
10/17/2018 10:13,DCL Outbound-WS Inbound,Main and Schiller IB,21
10/17/2018 10:13,DCL Outbound-WS Inbound,Main and Schiller IB,21
10/17/2018 10:13,DCL Outbound-WS Inbound,Main and Schiller IB,21
10/17/2018 10:14,DCL Outbound-WS Inbound,Union,526
10/17/2018 10:14,DCL Outbound-WS Inbound,Union,526
10/17/2018 10:14,DCL Outbound-WS Inbound,Union,526
10/17/2018 10:14,DCL Outbound-WS Inbound,Union,526
10/17/2018 10:14,DCL Outbound-WS Inbound,Union,526
10/17/2018 10:14,DCL Outbound-WS Inbound,Union,526
10/17/2018 10:14,DCL Outbound-WS Inbound,Union,526
10/17/2018 10:14,DCL Outbound-WS Inbound,Main and Helen IB,21
10/17/2018 10:14,DCL Outbound-WS Inbound,Main and Helen IB,21
10/17/2018 10:14,DCL Outbound-WS Inbound,Main and Helen IB,21
10/17/2018 10:14,DCL Outbound-WS Inbound,Union,526
10/17/2018 10:15,DCL Outbound-WS Inbound,Main and Helen IB,21
10/17/2018 10:15,DCL Outbound-WS Inbound,Union,526
10/17/2018 10:16,DCL Outbound-WS Inbound,UDC,43
10/17/2018 10:18,DCL Outbound-WS Inbound,Physical Facilities,526
10/17/2018 10:18,DCL Outbound-WS Inbound,Hawley IB,43
10/17/2018 10:18,DCL Outbound-WS Inbound,Hawley IB,43
10/17/2018 10:19,DCL Outbound-WS Inbound,Hawley IB,43
10/17/2018 10:19,DCL Outbound-WS Inbound,Hawley IB,43
10/17/2018 10:19,DCL Outbound-WS Inbound,Hawley IB,43
10/17/2018 10:19,DCL Outbound-WS Inbound,Hawley IB,43
10/17/2018 10:19,DCL Outbound-WS Inbound,Hawley IB,43
10/17/2018 10:20,DCL Outbound-WS Inbound,Main and Front IB,43
10/17/2018 10:20,DCL Outbound-WS Inbound,Main and Front OB,43
10/17/2018 10:20,DCL Outbound-WS Inbound,Main and Front OB,43
10/17/2018 10:22,DCL Outbound-WS Inbound,Main and Murray IB,43
10/17/2018 10:22,DCL Outbound-WS Inbound,Main and Murray IB,43
10/17/2018 10:22,DCL Outbound-WS Inbound,Main and Murray IB,43
10/17/2018 10:23,DCL Outbound-WS Inbound,Main and Mather,43
10/17/2018 10:23,DCL Outbound-WS Inbound,Main and Mather,43
10/17/2018 10:23,DCL Outbound-WS Inbound,Main and Mather,43
10/17/2018 10:23,DCL Outbound-WS Inbound,Main and Mather,43
10/17/2018 10:23,DCL Outbound-WS Inbound,Main and Mather,43
10/17/2018 10:24,DCL Outbound-WS Inbound,Main and Cedar IB,43
10/17/2018 10:25,DCL Outbound-WS Inbound,Main and Clarke IB,43
10/17/2018 10:26,DCL Outbound-WS Inbound,Main and Schiller IB,43
10/17/2018 10:26,DCL Outbound-WS Inbound,Main and Schiller IB,43
10/17/2018 10:26,DCL Outbound-WS Inbound,Main and Schiller IB,43
10/17/2018 10:26,DCL Outbound-WS Inbound,Main and Schiller IB,43
10/17/2018 10:26,DCL Outbound-WS Inbound,Main and Schiller IB,43
10/17/2018 10:26,DCL Outbound-WS Inbound,Main and Schiller IB,43
10/17/2018 10:26,DCL Outbound-WS Inbound,Main and Schiller IB,43
10/17/2018 10:26,DCL Outbound-WS Inbound,Main and Schiller IB,43
10/17/2018 10:26,DCL Outbound-WS Inbound,Main and Schiller IB,43
10/17/2018 10:26,DCL Outbound-WS Inbound,Main and Schiller IB,43
10/17/2018 10:26,DCL Outbound-WS Inbound,Main and Schiller IB,43
10/17/2018 10:26,DCL Outbound-WS Inbound,Main and Schiller IB,43
10/17/2018 10:27,DCL Outbound-WS Inbound,Main and Helen IB,43
10/17/2018 10:29,DCL Outbound-WS Inbound,Union,891
10/17/2018 10:29,DCL Outbound-WS Inbound,Union,891
10/17/2018 10:29,DCL Outbound-WS Inbound,Union,891
10/17/2018 10:29,DCL Outbound-WS Inbound,Union,891
10/17/2018 10:30,DCL Outbound-WS Inbound,Floral and Main IB,43
10/17/2018 10:31,DCL Outbound-WS Inbound,Floral and Cleveland IB,43
10/17/2018 10:31,DCL Outbound-WS Inbound,Floral and Cleveland IB,43
10/17/2018 10:31,DCL Outbound-WS Inbound,Floral and Cleveland IB,43
10/17/2018 10:31,DCL Outbound-WS Inbound,Floral and Cleveland IB,43
10/17/2018 10:31,DCL Outbound-WS Inbound,Floral and Cleveland IB,43
10/17/2018 10:32,DCL Outbound-WS Inbound,Floral and St. Charles,43
10/17/2018 10:33,DCL Outbound-WS Inbound,Floral and Cook,43
10/17/2018 10:36,DCL Outbound-WS Inbound,UDC,526
10/17/2018 10:36,DCL Outbound-WS Inbound,UDC,526
10/17/2018 10:37,DCL Outbound-WS Inbound,UDC,526
10/17/2018 10:38,DCL Outbound-WS Inbound,Hawley IB,526
10/17/2018 10:38,DCL Outbound-WS Inbound,Hawley IB,526
10/17/2018 10:39,DCL Outbound-WS Inbound,Main and Front OB,526
10/17/2018 10:40,DCL Outbound-WS Inbound,Main and Murray IB,526
10/17/2018 10:40,DCL Outbound-WS Inbound,Main and Murray IB,526
10/17/2018 10:40,DCL Outbound-WS Inbound,Main and Murray IB,526
10/17/2018 10:40,DCL Outbound-WS Inbound,Main and Murray IB,526
10/17/2018 10:40,DCL Outbound-WS Inbound,Main and Murray IB,526
10/17/2018 10:41,DCL Outbound-WS Inbound,Main and Mather,526
10/17/2018 10:41,DCL Outbound-WS Inbound,Main and Mather,526
10/17/2018 10:42,DCL Outbound-WS Inbound,Main and Cedar IB,526
10/17/2018 10:42,DCL Outbound-WS Inbound,Main and Clarke IB,526
10/17/2018 10:42,DCL Outbound-WS Inbound,Main and Clarke IB,526
10/17/2018 10:43,DCL Outbound-WS Inbound,Union,37
10/17/2018 10:43,DCL Outbound-WS Inbound,Union,37
10/17/2018 10:43,DCL Outbound-WS Inbound,Union,37
10/17/2018 10:43,DCL Outbound-WS Inbound,Union,37
10/17/2018 10:43,DCL Outbound-WS Inbound,Union,37
10/17/2018 10:43,DCL Outbound-WS Inbound,Union,37
10/17/2018 10:43,DCL Outbound-WS Inbound,Union,37
10/17/2018 10:43,DCL Outbound-WS Inbound,Union,37
10/17/2018 10:43,DCL Outbound-WS Inbound,Union,37
10/17/2018 10:43,DCL Outbound-WS Inbound,Main and Schiller IB,526
10/17/2018 10:43,DCL Outbound-WS Inbound,Main and Schiller IB,526
10/17/2018 10:43,DCL Outbound-WS Inbound,Union,37
10/17/2018 10:43,DCL Outbound-WS Inbound,Main and Schiller IB,526
10/17/2018 10:43,DCL Outbound-WS Inbound,Main and Schiller IB,526
10/17/2018 10:43,DCL Outbound-WS Inbound,Main and Schiller IB,526
10/17/2018 10:43,DCL Outbound-WS Inbound,Main and Schiller IB,526
10/17/2018 10:43,DCL Outbound-WS Inbound,Main and Schiller IB,526
10/17/2018 10:43,DCL Outbound-WS Inbound,Main and Schiller IB,526
10/17/2018 10:44,DCL Outbound-WS Inbound,Union,43
10/17/2018 10:44,DCL Outbound-WS Inbound,Union,37
10/17/2018 10:44,DCL Outbound-WS Inbound,Union,43
10/17/2018 10:44,DCL Outbound-WS Inbound,Union,43
10/17/2018 10:44,DCL Outbound-WS Inbound,Union,43
10/17/2018 10:44,DCL Outbound-WS Inbound,Union,43
10/17/2018 10:44,DCL Outbound-WS Inbound,Leroy St and Chestnut OB,891
10/17/2018 10:44,DCL Outbound-WS Inbound,Union,43
10/17/2018 10:44,DCL Outbound-WS Inbound,Union,37
10/17/2018 10:44,DCL Outbound-WS Inbound,Union,43
10/17/2018 10:44,DCL Outbound-WS Inbound,Union,43
10/17/2018 10:44,DCL Outbound-WS Inbound,Union,43
10/17/2018 10:44,DCL Outbound-WS Inbound,Union,37
10/17/2018 10:44,DCL Outbound-WS Inbound,Union,43
10/17/2018 10:44,DCL Outbound-WS Inbound,Union,43
10/17/2018 10:44,DCL Outbound-WS Inbound,Union,43
10/17/2018 10:44,DCL Outbound-WS Inbound,Union,43
10/17/2018 10:44,DCL Outbound-WS Inbound,Union,43
10/17/2018 10:44,DCL Outbound-WS Inbound,Union,43
10/17/2018 10:44,DCL Outbound-WS Inbound,Union,43
10/17/2018 10:44,DCL Outbound-WS Inbound,Union,43
10/17/2018 10:44,DCL Outbound-WS Inbound,Union,43
10/17/2018 10:45,DCL Outbound-WS Inbound,Leroy St and Murray OB,891
10/17/2018 10:45,DCL Outbound-WS Inbound,Union,37
10/17/2018 10:45,DCL Outbound-WS Inbound,Main and Crary,526
10/17/2018 10:45,DCL Outbound-WS Inbound,Union,43
10/17/2018 10:45,DCL Outbound-WS Inbound,Floral and Main IB,526
10/17/2018 10:45,DCL Outbound-WS Inbound,Floral and Main IB,526
10/17/2018 10:46,DCL Outbound-WS Inbound,Floral and Cleveland IB,526
10/17/2018 10:48,DCL Outbound-WS Inbound,Floral and Harrison IB,526
10/17/2018 10:48,DCL Outbound-WS Inbound,Physical Facilities,37
10/17/2018 10:48,DCL Outbound-WS Inbound,Physical Facilities,37
10/17/2018 10:49,DCL Outbound-WS Inbound,Floral and Cook,526
10/17/2018 10:55,DCL Outbound-WS Inbound,Main and Mather,891
10/17/2018 10:55,DCL Outbound-WS Inbound,Main and Mather,891
10/17/2018 10:56,DCL Outbound-WS Inbound,Main and Cedar IB,891
10/17/2018 10:57,DCL Outbound-WS Inbound,Union,526
10/17/2018 10:57,DCL Outbound-WS Inbound,Union,526
10/17/2018 10:57,DCL Outbound-WS Inbound,Union,526
10/17/2018 10:57,DCL Outbound-WS Inbound,Union,526
10/17/2018 10:57,DCL Outbound-WS Inbound,Union,526
10/17/2018 10:57,DCL Outbound-WS Inbound,Union,42
10/17/2018 10:57,DCL Outbound-WS Inbound,Main and Clarke IB,891
10/17/2018 10:57,DCL Outbound-WS Inbound,Union,526
10/17/2018 10:57,DCL Outbound-WS Inbound,Main and Clarke IB,891
10/17/2018 10:57,DCL Outbound-WS Inbound,Main and Clarke IB,891
10/17/2018 10:57,DCL Outbound-WS Inbound,Union,42
10/17/2018 10:57,DCL Outbound-WS Inbound,Union,526
10/17/2018 10:57,DCL Outbound-WS Inbound,Union,42
10/17/2018 10:57,DCL Outbound-WS Inbound,Union,526
10/17/2018 10:57,DCL Outbound-WS Inbound,Union,42
10/17/2018 10:57,DCL Outbound-WS Inbound,Union,42
10/17/2018 10:57,DCL Outbound-WS Inbound,Union,42
10/17/2018 10:57,DCL Outbound-WS Inbound,Union,42
10/17/2018 10:57,DCL Outbound-WS Inbound,Main and Clarke IB,891
10/17/2018 10:57,DCL Outbound-WS Inbound,Union,42
10/17/2018 10:58,DCL Outbound-WS Inbound,Union,42
10/17/2018 10:58,DCL Outbound-WS Inbound,Union,42
10/17/2018 10:58,DCL Outbound-WS Inbound,Union,42
10/17/2018 10:58,DCL Outbound-WS Inbound,Union,42
10/17/2018 10:58,DCL Outbound-WS Inbound,Main and Schiller IB,891
10/17/2018 10:58,DCL Outbound-WS Inbound,Main and Schiller IB,891
10/17/2018 10:58,DCL Outbound-WS Inbound,Main and Schiller IB,891
10/17/2018 10:58,DCL Outbound-WS Inbound,Main and Schiller IB,891
10/17/2018 10:58,DCL Outbound-WS Inbound,UDC,43
10/17/2018 10:58,DCL Outbound-WS Inbound,UDC,43
10/17/2018 10:58,DCL Outbound-WS Inbound,Union,42
10/17/2018 10:58,DCL Outbound-WS Inbound,UDC,43
10/17/2018 10:58,DCL Outbound-WS Inbound,UDC,43
10/17/2018 10:58,DCL Outbound-WS Inbound,Union,42
10/17/2018 10:58,DCL Outbound-WS Inbound,UDC,43
10/17/2018 10:58,DCL Outbound-WS Inbound,Union,42
10/17/2018 10:58,DCL Outbound-WS Inbound,UDC,43
10/17/2018 10:58,DCL Outbound-WS Inbound,UDC,43
10/17/2018 10:58,DCL Outbound-WS Inbound,UDC,43
10/17/2018 10:58,DCL Outbound-WS Inbound,UDC,43
10/17/2018 10:58,DCL Outbound-WS Inbound,UDC,43
10/17/2018 10:58,DCL Outbound-WS Inbound,UDC,43
10/17/2018 10:58,DCL Outbound-WS Inbound,UDC,43
10/17/2018 10:58,DCL Outbound-WS Inbound,Union,42
10/17/2018 10:58,DCL Outbound-WS Inbound,UDC,43
10/17/2018 10:59,DCL Outbound-WS Inbound,UDC,43
10/17/2018 10:59,DCL Outbound-WS Inbound,UDC,43
10/17/2018 10:59,DCL Outbound-WS Inbound,UDC,43
10/17/2018 10:59,DCL Outbound-WS Inbound,UDC,43
10/17/2018 10:59,DCL Outbound-WS Inbound,UDC,43
10/17/2018 10:59,DCL Outbound-WS Inbound,UDC,43
10/17/2018 10:59,DCL Outbound-WS Inbound,Union,42
10/17/2018 11:01,DCL Outbound-WS Inbound,Floral and Main IB,891
10/17/2018 11:03,DCL Outbound-WS Inbound,Physical Facilities,42
10/17/2018 11:03,DCL Outbound-WS Inbound,Floral and Burbank IB,891
10/17/2018 11:04,DCL Outbound-WS Inbound,Floral and Ackley,891
10/17/2018 11:10,DCL Outbound-WS Inbound,Hawley IB,37
10/17/2018 11:10,DCL Outbound-WS Inbound,Hawley IB,37
10/17/2018 11:10,DCL Outbound-WS Inbound,Hawley IB,37
10/17/2018 11:12,DCL Outbound-WS Inbound,Main and Murray IB,37
10/17/2018 11:13,DCL Outbound-WS Inbound,Main and Mather,37
10/17/2018 11:13,DCL Outbound-WS Inbound,Main and Mather,37
10/17/2018 11:13,DCL Outbound-WS Inbound,Main and Mather,37
10/17/2018 11:13,DCL Outbound-WS Inbound,Main and Mather,37
10/17/2018 11:14,DCL Outbound-WS Inbound,Main and Cedar IB,37
10/17/2018 11:15,DCL Outbound-WS Inbound,Main and Clarke IB,37
10/17/2018 11:15,DCL Outbound-WS Inbound,Main and Clarke IB,37
10/17/2018 11:16,DCL Outbound-WS Inbound,Union,43
10/17/2018 11:16,DCL Outbound-WS Inbound,Union,43
10/17/2018 11:16,DCL Outbound-WS Inbound,Union,43
10/17/2018 11:16,DCL Outbound-WS Inbound,Union,43
10/17/2018 11:16,DCL Outbound-WS Inbound,Main and Schiller IB,37
10/17/2018 11:16,DCL Outbound-WS Inbound,Main and Schiller IB,37
10/17/2018 11:16,DCL Outbound-WS Inbound,Main and Schiller IB,37
10/17/2018 11:16,DCL Outbound-WS Inbound,Main and Schiller IB,37
10/17/2018 11:16,DCL Outbound-WS Inbound,Main and Schiller IB,37
10/17/2018 11:16,DCL Outbound-WS Inbound,Main and Schiller IB,37
10/17/2018 11:16,DCL Outbound-WS Inbound,Main and Schiller IB,37
10/17/2018 11:16,DCL Outbound-WS Inbound,Main and Schiller IB,37
10/17/2018 11:17,DCL Outbound-WS Inbound,Union,43
10/17/2018 11:17,DCL Outbound-WS Inbound,Union,43
10/17/2018 11:17,DCL Outbound-WS Inbound,Union,43
10/17/2018 11:18,DCL Outbound-WS Inbound,Main and Helen IB,37
10/17/2018 11:18,DCL Outbound-WS Inbound,Main and Helen IB,37
10/17/2018 11:20,DCL Outbound-WS Inbound,UDC IB,42
10/17/2018 11:20,DCL Outbound-WS Inbound,Floral and Cleveland IB,37
10/17/2018 11:20,DCL Outbound-WS Inbound,Floral and Cleveland IB,37
10/17/2018 11:20,DCL Outbound-WS Inbound,UDC IB,42
10/17/2018 11:21,DCL Outbound-WS Inbound,Floral and Burbank IB,37
10/17/2018 11:22,DCL Outbound-WS Inbound,Hawley IB,42
10/17/2018 11:22,DCL Outbound-WS Inbound,Hawley IB,42
10/17/2018 11:25,DCL Outbound-WS Inbound,Main and Murray IB,42
10/17/2018 11:25,DCL Outbound-WS Inbound,Main and Murray IB,42
10/17/2018 11:25,DCL Outbound-WS Inbound,Main and Murray IB,42
10/17/2018 11:25,DCL Outbound-WS Inbound,Main and Murray IB,42
10/17/2018 11:25,DCL Outbound-WS Inbound,Main and Murray IB,42
10/17/2018 11:25,DCL Outbound-WS Inbound,Main and Murray IB,42
10/17/2018 11:26,DCL Outbound-WS Inbound,UDC IB,21
10/17/2018 11:26,DCL Outbound-WS Inbound,UDC IB,21
10/17/2018 11:26,DCL Outbound-WS Inbound,UDC IB,21
10/17/2018 11:26,DCL Outbound-WS Inbound,UDC IB,21
10/17/2018 11:26,DCL Outbound-WS Inbound,UDC IB,21
10/17/2018 11:26,DCL Outbound-WS Inbound,UDC IB,21
10/17/2018 11:26,DCL Outbound-WS Inbound,UDC IB,21
10/17/2018 11:27,DCL Outbound-WS Inbound,Union,526
10/17/2018 11:27,DCL Outbound-WS Inbound,Main and Cedar IB,42
10/17/2018 11:27,DCL Outbound-WS Inbound,Union,526
10/17/2018 11:27,DCL Outbound-WS Inbound,Union,526
10/17/2018 11:27,DCL Outbound-WS Inbound,Union,526
10/17/2018 11:28,DCL Outbound-WS Inbound,Union,526
10/17/2018 11:28,DCL Outbound-WS Inbound,Union,526
10/17/2018 11:28,DCL Outbound-WS Inbound,Union,526
10/17/2018 11:28,DCL Outbound-WS Inbound,Union,526
10/17/2018 11:28,DCL Outbound-WS Inbound,Union,526
10/17/2018 11:28,DCL Outbound-WS Inbound,Union,526
10/17/2018 11:28,DCL Outbound-WS Inbound,Main and Clarke OB,42
10/17/2018 11:28,DCL Outbound-WS Inbound,Main and Clarke OB,42
10/17/2018 11:28,DCL Outbound-WS Inbound,UDC IB,21
10/17/2018 11:28,DCL Outbound-WS Inbound,UDC IB,21
10/17/2018 11:32,DCL Outbound-WS Inbound,Main and Crary,42
10/17/2018 11:33,DCL Outbound-WS Inbound,Floral and Main IB,42
10/17/2018 11:33,DCL Outbound-WS Inbound,Floral and Main IB,42
10/17/2018 11:33,DCL Outbound-WS Inbound,Main and Murray IB,21
10/17/2018 11:33,DCL Outbound-WS Inbound,UDC IB,43
10/17/2018 11:34,DCL Outbound-WS Inbound,Floral and Cleveland OB,42
10/17/2018 11:34,DCL Outbound-WS Inbound,Main and Cedar IB,21
10/17/2018 11:35,DCL Outbound-WS Inbound,Floral and Harrison OB,42
10/17/2018 11:35,DCL Outbound-WS Inbound,Main and Schiller IB,21
10/17/2018 11:36,DCL Outbound-WS Inbound,Riverside and Columbus,526
10/17/2018 11:39,DCL Outbound-WS Inbound,Floral and Burbank IB,21
10/17/2018 11:39,DCL Outbound-WS Inbound,Main and Murray IB,43
10/17/2018 11:39,DCL Outbound-WS Inbound,Main and Murray IB,43
10/17/2018 11:39,DCL Outbound-WS Inbound,Main and Murray IB,43
10/17/2018 11:39,DCL Outbound-WS Inbound,Main and Murray IB,43
10/17/2018 11:40,DCL Outbound-WS Inbound,Main and Mather,43
10/17/2018 11:41,DCL Outbound-WS Inbound,Main and Cedar IB,43
10/17/2018 11:41,DCL Outbound-WS Inbound,Main and Cedar IB,43
10/17/2018 11:42,DCL Outbound-WS Inbound,Union,37
10/17/2018 11:42,DCL Outbound-WS Inbound,Main and Clarke OB,43
10/17/2018 11:42,DCL Outbound-WS Inbound,Main and Clarke OB,43
10/17/2018 11:42,DCL Outbound-WS Inbound,Union,37
10/17/2018 11:42,DCL Outbound-WS Inbound,Union,37
10/17/2018 11:43,DCL Outbound-WS Inbound,Main and Schiller IB,43
10/17/2018 11:43,DCL Outbound-WS Inbound,Main and Schiller IB,43
10/17/2018 11:43,DCL Outbound-WS Inbound,Main and Schiller IB,43
10/17/2018 11:43,DCL Outbound-WS Inbound,Main and Schiller IB,43
10/17/2018 11:43,DCL Outbound-WS Inbound,Main and Schiller IB,43
10/17/2018 11:43,DCL Outbound-WS Inbound,Main and Schiller IB,43
10/17/2018 11:44,DCL Outbound-WS Inbound,Union,37
10/17/2018 11:45,DCL Outbound-WS Inbound,Union,37
10/17/2018 11:45,DCL Outbound-WS Inbound,Main and Crary,43
10/17/2018 11:47,DCL Outbound-WS Inbound,Floral and Cleveland OB,43
10/17/2018 11:53,DCL Outbound-WS Inbound,Hawley IB,526
10/17/2018 11:54,DCL Outbound-WS Inbound,Main and Front IB,526
10/17/2018 11:54,DCL Outbound-WS Inbound,Main and Front IB,526
10/17/2018 11:54,DCL Outbound-WS Inbound,Main and Front IB,526
10/17/2018 11:55,DCL Outbound-WS Inbound,Main and Murray IB,526
10/17/2018 11:55,DCL Outbound-WS Inbound,Main and Murray IB,526
10/17/2018 11:55,DCL Outbound-WS Inbound,Main and Murray IB,526
10/17/2018 11:55,DCL Outbound-WS Inbound,Main and Murray IB,526
10/17/2018 11:55,DCL Outbound-WS Inbound,Main and Murray IB,526
10/17/2018 11:55,DCL Outbound-WS Inbound,Main and Murray IB,526
10/17/2018 11:55,DCL Outbound-WS Inbound,Main and Murray IB,526
10/17/2018 11:57,DCL Outbound-WS Inbound,Main and Mather,526
10/17/2018 11:57,DCL Outbound-WS Inbound,Leroy St and Chestnut OB,37
10/17/2018 11:58,DCL Outbound-WS Inbound,Mohawk,43
10/17/2018 11:58,DCL Outbound-WS Inbound,Mohawk,43
10/17/2018 11:58,DCL Outbound-WS Inbound,Mohawk,43
10/17/2018 11:58,DCL Outbound-WS Inbound,Mohawk,43
10/17/2018 11:58,DCL Outbound-WS Inbound,Mohawk,43
10/17/2018 11:58,DCL Outbound-WS Inbound,Mohawk,43
10/17/2018 11:58,DCL Outbound-WS Inbound,Mohawk,43
10/17/2018 11:58,DCL Outbound-WS Inbound,Mohawk,43
10/17/2018 11:58,DCL Outbound-WS Inbound,Main and Cedar IB,526
10/17/2018 11:58,DCL Outbound-WS Inbound,Main and Cedar IB,526
10/17/2018 11:58,DCL Outbound-WS Inbound,Mohawk,43
10/17/2018 11:58,DCL Outbound-WS Inbound,Mohawk,43
10/17/2018 11:58,DCL Outbound-WS Inbound,Mohawk,43
10/17/2018 11:58,DCL Outbound-WS Inbound,Mohawk,43
10/17/2018 11:58,DCL Outbound-WS Inbound,Mohawk,43
10/17/2018 11:58,DCL Outbound-WS Inbound,Mohawk,43
10/17/2018 11:58,DCL Outbound-WS Inbound,Mohawk,43
10/17/2018 11:58,DCL Outbound-WS Inbound,Mohawk,43
10/17/2018 11:58,DCL Outbound-WS Inbound,Mohawk,43
10/17/2018 11:58,DCL Outbound-WS Inbound,Mohawk,43
10/17/2018 11:58,DCL Outbound-WS Inbound,Mohawk,43
10/17/2018 11:58,DCL Outbound-WS Inbound,Mohawk,43
10/17/2018 11:59,DCL Outbound-WS Inbound,Mohawk,43
10/17/2018 11:59,DCL Outbound-WS Inbound,Main and Clarke OB,526
10/17/2018 11:59,DCL Outbound-WS Inbound,Main and Clarke OB,526
10/17/2018 11:59,DCL Outbound-WS Inbound,Mohawk,43
10/17/2018 11:59,DCL Outbound-WS Inbound,Mohawk,43
10/17/2018 11:59,DCL Outbound-WS Inbound,Main and Clarke OB,526
10/17/2018 11:59,DCL Outbound-WS Inbound,Mohawk,43
10/17/2018 12:00,DCL Outbound-WS Inbound,Mohawk,43
10/17/2018 12:00,DCL Outbound-WS Inbound,Mohawk,43
10/17/2018 12:00,DCL Outbound-WS Inbound,Main and Schiller IB,526
10/17/2018 12:00,DCL Outbound-WS Inbound,Main and Schiller IB,526
10/17/2018 12:00,DCL Outbound-WS Inbound,Main and Schiller IB,526
10/17/2018 12:00,DCL Outbound-WS Inbound,Main and Schiller IB,526
10/17/2018 12:00,DCL Outbound-WS Inbound,Main and Schiller IB,526
10/17/2018 12:01,DCL Outbound-WS Inbound,Union,889
10/17/2018 12:01,DCL Outbound-WS Inbound,Union,889
10/17/2018 12:01,DCL Outbound-WS Inbound,Union,889
10/17/2018 12:01,DCL Outbound-WS Inbound,Union,889
10/17/2018 12:01,DCL Outbound-WS Inbound,Union,889
10/17/2018 12:01,DCL Outbound-WS Inbound,Union,889
10/17/2018 12:01,DCL Outbound-WS Inbound,Union,889
10/17/2018 12:01,DCL Outbound-WS Inbound,Union,889
10/17/2018 12:01,DCL Outbound-WS Inbound,Union,889
10/17/2018 12:01,DCL Outbound-WS Inbound,Union,889
10/17/2018 12:02,DCL Outbound-WS Inbound,East Gym,43
10/17/2018 12:03,DCL Outbound-WS Inbound,East Gym,43
10/17/2018 12:03,DCL Outbound-WS Inbound,East Gym,43
10/17/2018 12:04,DCL Outbound-WS Inbound,Floral and Cleveland IB,526
10/17/2018 12:05,DCL Outbound-WS Inbound,UDC,37
10/17/2018 12:06,DCL Outbound-WS Inbound,Floral and St. Charles,526
10/17/2018 12:08,DCL Outbound-WS Inbound,Main and Murray IB,37
10/17/2018 12:08,DCL Outbound-WS Inbound,Main and Murray IB,37
10/17/2018 12:08,DCL Outbound-WS Inbound,Main and Murray IB,37
10/17/2018 12:10,DCL Outbound-WS Inbound,Main and Mather,37
10/17/2018 12:10,DCL Outbound-WS Inbound,Main and Mather,37
10/17/2018 12:11,DCL Outbound-WS Inbound,Main and Cedar OB,37
10/17/2018 12:11,DCL Outbound-WS Inbound,Main and Cedar OB,37
10/17/2018 12:12,DCL Outbound-WS Inbound,Main and Schiller IB,37
10/17/2018 12:12,DCL Outbound-WS Inbound,Main and Schiller IB,37
10/17/2018 12:12,DCL Outbound-WS Inbound,Main and Schiller IB,37
10/17/2018 12:16,DCL Outbound-WS Inbound,Leroy St and Murray OB,889
10/17/2018 12:20,DCL Outbound-WS Inbound,UDC IB,889
10/17/2018 12:23,DCL Outbound-WS Inbound,Main and Murray IB,889
10/17/2018 12:24,DCL Outbound-WS Inbound,Main and Murray IB,889
10/17/2018 12:24,DCL Outbound-WS Inbound,Main and Murray IB,889
10/17/2018 12:24,DCL Outbound-WS Inbound,Main and Murray IB,889
10/17/2018 12:24,DCL Outbound-WS Inbound,Main and Murray IB,889
10/17/2018 12:24,DCL Outbound-WS Inbound,Union,43
10/17/2018 12:24,DCL Outbound-WS Inbound,Union,43
10/17/2018 12:24,DCL Outbound-WS Inbound,Union,43
10/17/2018 12:24,DCL Outbound-WS Inbound,Union,43
10/17/2018 12:24,DCL Outbound-WS Inbound,Union,43
10/17/2018 12:24,DCL Outbound-WS Inbound,Union,43
10/17/2018 12:24,DCL Outbound-WS Inbound,Main and Murray IB,889
10/17/2018 12:25,DCL Outbound-WS Inbound,Main and Mather,889
10/17/2018 12:27,DCL Outbound-WS Inbound,Main and Schiller IB,889
10/17/2018 12:27,DCL Outbound-WS Inbound,Main and Schiller IB,889
10/17/2018 12:27,DCL Outbound-WS Inbound,Main and Schiller IB,889
10/17/2018 12:27,DCL Outbound-WS Inbound,Main and Schiller IB,889
10/17/2018 12:27,DCL Outbound-WS Inbound,Main and Schiller IB,889
10/17/2018 12:29,DCL Outbound-WS Inbound,Union,42
10/17/2018 12:29,DCL Outbound-WS Inbound,Union,42
10/17/2018 12:29,DCL Outbound-WS Inbound,Main and Helen IB,889
10/17/2018 12:29,DCL Outbound-WS Inbound,Main and Helen IB,889
10/17/2018 12:30,DCL Outbound-WS Inbound,Union,42
10/17/2018 12:31,DCL Outbound-WS Inbound,Floral and Main IB,889
10/17/2018 12:31,DCL Outbound-WS Inbound,Floral and Main IB,889
10/17/2018 12:32,DCL Outbound-WS Inbound,Floral and Cleveland IB,889
10/17/2018 12:32,DCL Outbound-WS Inbound,Floral and Cleveland IB,889
10/17/2018 12:32,DCL Outbound-WS Inbound,Floral and Cleveland IB,889
10/17/2018 12:32,DCL Outbound-WS Inbound,Floral and Cleveland IB,889
10/17/2018 12:33,DCL Outbound-WS Inbound,Floral and Willow IB,889
10/17/2018 12:34,DCL Outbound-WS Inbound,Floral and Willow IB,889
10/17/2018 12:40,DCL Outbound-WS Inbound,UDC IB,43
10/17/2018 12:40,DCL Outbound-WS Inbound,UDC IB,43
10/17/2018 12:41,DCL Outbound-WS Inbound,UDC IB,43
10/17/2018 12:41,DCL Outbound-WS Inbound,UDC IB,43
10/17/2018 12:41,DCL Outbound-WS Inbound,UDC IB,43
10/17/2018 12:42,DCL Outbound-WS Inbound,Union,21
10/17/2018 12:42,DCL Outbound-WS Inbound,Union,21
10/17/2018 12:42,DCL Outbound-WS Inbound,Union,21
10/17/2018 12:42,DCL Outbound-WS Inbound,Union,21
10/17/2018 12:42,DCL Outbound-WS Inbound,Union,21
10/17/2018 12:42,DCL Outbound-WS Inbound,Union,21
10/17/2018 12:42,DCL Outbound-WS Inbound,Union,21
10/17/2018 12:42,DCL Outbound-WS Inbound,Union,21
10/17/2018 12:43,DCL Outbound-WS Inbound,Hawley IB,43
10/17/2018 12:43,DCL Outbound-WS Inbound,Hawley IB,43
10/17/2018 12:44,DCL Outbound-WS Inbound,Union,21
10/17/2018 12:44,DCL Outbound-WS Inbound,Main and Front OB,43
10/17/2018 12:44,DCL Outbound-WS Inbound,Main and Front OB,43
10/17/2018 12:45,DCL Outbound-WS Inbound,Main and Murray IB,43
10/17/2018 12:45,DCL Outbound-WS Inbound,Main and Murray IB,43
10/17/2018 12:45,DCL Outbound-WS Inbound,Main and Murray IB,43
10/17/2018 12:45,DCL Outbound-WS Inbound,Main and Murray IB,43
10/17/2018 12:45,DCL Outbound-WS Inbound,Main and Murray IB,43
10/17/2018 12:46,DCL Outbound-WS Inbound,Main and Murray IB,43
10/17/2018 12:46,DCL Outbound-WS Inbound,Main and Murray IB,43
10/17/2018 12:46,DCL Outbound-WS Inbound,Main and Murray IB,43
10/17/2018 12:46,DCL Outbound-WS Inbound,Main and Murray IB,43
10/17/2018 12:46,DCL Outbound-WS Inbound,Main and Murray IB,43
10/17/2018 12:46,DCL Outbound-WS Inbound,Leroy St and Murray OB,42
10/17/2018 12:47,DCL Outbound-WS Inbound,Main and Mather,43
10/17/2018 12:47,DCL Outbound-WS Inbound,Physical Facilities,21
10/17/2018 12:48,DCL Outbound-WS Inbound,Main and Cedar IB,43
10/17/2018 12:48,DCL Outbound-WS Inbound,Main and Cedar IB,43
10/17/2018 12:48,DCL Outbound-WS Inbound,Main and Cedar IB,43
10/17/2018 12:48,DCL Outbound-WS Inbound,Main and Cedar IB,43
10/17/2018 12:48,DCL Outbound-WS Inbound,Main and Cedar IB,43
10/17/2018 12:48,DCL Outbound-WS Inbound,Main and Clarke IB,43
10/17/2018 12:48,DCL Outbound-WS Inbound,Main and Clarke IB,43
10/17/2018 12:49,DCL Outbound-WS Inbound,Main and Clarke IB,43
10/17/2018 12:49,DCL Outbound-WS Inbound,Main and Clarke IB,43
10/17/2018 12:49,DCL Outbound-WS Inbound,Main and Clarke IB,43
10/17/2018 12:50,DCL Outbound-WS Inbound,Main and Schiller IB,43
10/17/2018 12:50,DCL Outbound-WS Inbound,Main and Schiller IB,43
10/17/2018 12:50,DCL Outbound-WS Inbound,Main and Schiller IB,43
10/17/2018 12:50,DCL Outbound-WS Inbound,Main and Schiller IB,43
10/17/2018 12:50,DCL Outbound-WS Inbound,Main and Schiller IB,43
10/17/2018 12:50,DCL Outbound-WS Inbound,Main and Schiller IB,43
10/17/2018 12:50,DCL Outbound-WS Inbound,Main and Schiller IB,43
10/17/2018 12:50,DCL Outbound-WS Inbound,Main and Schiller IB,43
10/17/2018 12:50,DCL Outbound-WS Inbound,Main and Schiller IB,43
10/17/2018 12:50,DCL Outbound-WS Inbound,Main and Schiller IB,43
10/17/2018 12:50,DCL Outbound-WS Inbound,Main and Schiller IB,43
10/17/2018 12:50,DCL Outbound-WS Inbound,Main and Schiller IB,43
10/17/2018 12:51,DCL Outbound-WS Inbound,UDC,42
10/17/2018 12:52,DCL Outbound-WS Inbound,Main and Crary,43
10/17/2018 12:53,DCL Outbound-WS Inbound,Hawley IB,42
10/17/2018 12:54,DCL Outbound-WS Inbound,Main and Front OB,42
10/17/2018 12:54,DCL Outbound-WS Inbound,Floral and Main IB,43
10/17/2018 12:55,DCL Outbound-WS Inbound,Floral and Cleveland IB,43
10/17/2018 12:55,DCL Outbound-WS Inbound,Floral and Cleveland IB,43
10/17/2018 12:55,DCL Outbound-WS Inbound,Floral and Cleveland IB,43
10/17/2018 12:55,DCL Outbound-WS Inbound,Floral and Cleveland IB,43
10/17/2018 12:55,DCL Outbound-WS Inbound,Main and Murray IB,42
10/17/2018 12:55,DCL Outbound-WS Inbound,Main and Murray IB,42
10/17/2018 12:55,DCL Outbound-WS Inbound,Main and Murray IB,42
10/17/2018 12:55,DCL Outbound-WS Inbound,Main and Murray IB,42
10/17/2018 12:55,DCL Outbound-WS Inbound,Main and Murray IB,42
10/17/2018 12:55,DCL Outbound-WS Inbound,Main and Murray IB,42
10/17/2018 12:57,DCL Outbound-WS Inbound,Main and Mather,42
10/17/2018 12:57,DCL Outbound-WS Inbound,Main and Mather,42
10/17/2018 12:57,DCL Outbound-WS Inbound,Main and Mather,42
10/17/2018 12:57,DCL Outbound-WS Inbound,Main and Mather,42
10/17/2018 12:57,DCL Outbound-WS Inbound,Main and Mather,42
10/17/2018 12:58,DCL Outbound-WS Inbound,Main and Cedar IB,42
10/17/2018 12:58,DCL Outbound-WS Inbound,Main and Cedar IB,42
10/17/2018 12:58,DCL Outbound-WS Inbound,Main and Cedar IB,42
10/17/2018 12:58,DCL Outbound-WS Inbound,Main and Clarke IB,42
10/17/2018 12:59,DCL Outbound-WS Inbound,Main and Clarke IB,42
10/17/2018 12:59,DCL Outbound-WS Inbound,Main and Clarke IB,42
10/17/2018 12:59,DCL Outbound-WS Inbound,Main and Clarke IB,42
10/17/2018 12:59,DCL Outbound-WS Inbound,Main and Schiller IB,42
10/17/2018 12:59,DCL Outbound-WS Inbound,Main and Schiller IB,42
10/17/2018 13:01,DCL Outbound-WS Inbound,UDC IB,21
10/17/2018 13:01,DCL Outbound-WS Inbound,UDC IB,21
10/17/2018 13:04,DCL Outbound-WS Inbound,Floral and Roberts IB,42
10/17/2018 13:08,DCL Outbound-WS Inbound,Hawley IB,21
10/17/2018 13:08,DCL Outbound-WS Inbound,Main and Front OB,21
10/17/2018 13:08,DCL Outbound-WS Inbound,Main and Front OB,21
10/17/2018 13:10,DCL Outbound-WS Inbound,Main and Murray IB,21
10/17/2018 13:11,DCL Outbound-WS Inbound,Main and Mather,21
10/17/2018 13:11,DCL Outbound-WS Inbound,Main and Mather,21
10/17/2018 13:12,DCL Outbound-WS Inbound,Main and Cedar IB,21
10/17/2018 13:12,DCL Outbound-WS Inbound,Main and Cedar IB,21
10/17/2018 13:12,DCL Outbound-WS Inbound,Main and Cedar IB,21
10/17/2018 13:12,DCL Outbound-WS Inbound,Main and Cedar IB,21
10/17/2018 13:13,DCL Outbound-WS Inbound,Main and Clarke IB,21
10/17/2018 13:14,DCL Outbound-WS Inbound,Main and Schiller IB,21
10/17/2018 13:16,DCL Outbound-WS Inbound,Union,37
10/17/2018 13:16,DCL Outbound-WS Inbound,Union,37
10/17/2018 13:19,DCL Outbound-WS Inbound,Physical Facilities OB,37
10/17/2018 13:20,DCL Outbound-WS Inbound,Floral and Willow IB,21
10/17/2018 13:20,DCL Outbound-WS Inbound,Floral and Roberts IB,21
10/17/2018 13:20,DCL Outbound-WS Inbound,Floral and Roberts IB,21
10/17/2018 13:30,DCL Outbound-WS Inbound,Leroy St and Chestnut OB,37
10/17/2018 13:34,DCL Outbound-WS Inbound,UDC IB,37
10/17/2018 13:35,DCL Outbound-WS Inbound,UDC IB,37
10/17/2018 13:40,DCL Outbound-WS Inbound,Hawley IB,37
10/17/2018 13:40,DCL Outbound-WS Inbound,Hawley IB,37
10/17/2018 13:40,DCL Outbound-WS Inbound,Hawley IB,37
10/17/2018 13:40,DCL Outbound-WS Inbound,Hawley IB,37
10/17/2018 13:40,DCL Outbound-WS Inbound,Hawley IB,37
10/17/2018 13:40,DCL Outbound-WS Inbound,Hawley IB,37
10/17/2018 13:42,DCL Outbound-WS Inbound,Main and Murray IB,37
10/17/2018 13:42,DCL Outbound-WS Inbound,Main and Murray IB,37
10/17/2018 13:42,DCL Outbound-WS Inbound,Main and Murray IB,37
10/17/2018 13:42,DCL Outbound-WS Inbound,Main and Murray IB,37
10/17/2018 13:42,DCL Outbound-WS Inbound,Main and Murray IB,37
10/17/2018 13:42,DCL Outbound-WS Inbound,Main and Murray IB,37
10/17/2018 13:42,DCL Outbound-WS Inbound,Main and Murray IB,37
10/17/2018 13:42,DCL Outbound-WS Inbound,Main and Murray IB,37
10/17/2018 13:43,DCL Outbound-WS Inbound,Main and Mather,37
10/17/2018 13:43,DCL Outbound-WS Inbound,Main and Mather,37
10/17/2018 13:43,DCL Outbound-WS Inbound,Main and Mather,37
10/17/2018 13:44,DCL Outbound-WS Inbound,Main and Cedar IB,37
10/17/2018 13:44,DCL Outbound-WS Inbound,Main and Cedar IB,37
10/17/2018 13:44,DCL Outbound-WS Inbound,Main and Cedar IB,37
10/17/2018 13:44,DCL Outbound-WS Inbound,Main and Cedar IB,37
10/17/2018 13:44,DCL Outbound-WS Inbound,Main and Cedar IB,37
10/17/2018 13:44,DCL Outbound-WS Inbound,Main and Cedar IB,37
10/17/2018 13:44,DCL Outbound-WS Inbound,Main and Cedar IB,37
10/17/2018 13:45,DCL Outbound-WS Inbound,Main and Clarke IB,37
10/17/2018 13:45,DCL Outbound-WS Inbound,Main and Clarke IB,37
10/17/2018 13:45,DCL Outbound-WS Inbound,Main and Clarke IB,37
10/17/2018 13:46,DCL Outbound-WS Inbound,Main and Schiller IB,37
10/17/2018 13:46,DCL Outbound-WS Inbound,Main and Schiller IB,37
10/17/2018 13:47,DCL Outbound-WS Inbound,Union,43
10/17/2018 13:47,DCL Outbound-WS Inbound,Union,43
10/17/2018 13:47,DCL Outbound-WS Inbound,Union,43
10/17/2018 13:50,DCL Outbound-WS Inbound,Floral and Cleveland IB,37
10/17/2018 13:51,DCL Outbound-WS Inbound,Floral and Cleveland IB,37
10/17/2018 13:51,DCL Outbound-WS Inbound,Floral and Cleveland IB,37
10/17/2018 13:52,DCL Outbound-WS Inbound,Floral and Roberts IB,37
10/17/2018 14:01,DCL Outbound-WS Inbound,Leroy St and Murray OB,43
10/17/2018 14:05,DCL Outbound-WS Inbound,UDC IB,43
10/17/2018 14:05,DCL Outbound-WS Inbound,UDC IB,43
10/17/2018 14:05,DCL Outbound-WS Inbound,UDC IB,43
10/17/2018 14:05,DCL Outbound-WS Inbound,UDC IB,43
10/17/2018 14:05,DCL Outbound-WS Inbound,UDC IB,43
10/17/2018 14:05,DCL Outbound-WS Inbound,UDC IB,43
10/17/2018 14:05,DCL Outbound-WS Inbound,UDC IB,43
10/17/2018 14:06,DCL Outbound-WS Inbound,UDC IB,43
10/17/2018 14:07,DCL Outbound-WS Inbound,Hawley IB,43
10/17/2018 14:07,DCL Outbound-WS Inbound,Hawley IB,43
10/17/2018 14:07,DCL Outbound-WS Inbound,Hawley IB,43
10/17/2018 14:07,DCL Outbound-WS Inbound,Hawley IB,43
10/17/2018 14:09,DCL Outbound-WS Inbound,Main and Front OB,43
10/17/2018 14:09,DCL Outbound-WS Inbound,Main and Front OB,43
10/17/2018 14:10,DCL Outbound-WS Inbound,Main and Murray IB,43
10/17/2018 14:10,DCL Outbound-WS Inbound,Main and Murray IB,43
10/17/2018 14:10,DCL Outbound-WS Inbound,Main and Murray IB,43
10/17/2018 14:10,DCL Outbound-WS Inbound,Main and Murray IB,43
10/17/2018 14:11,DCL Outbound-WS Inbound,Main and Mather,43
10/17/2018 14:12,DCL Outbound-WS Inbound,Main and Mather,43
10/17/2018 14:12,DCL Outbound-WS Inbound,Main and Mather,43
10/17/2018 14:12,DCL Outbound-WS Inbound,Main and Mather,43
10/17/2018 14:13,DCL Outbound-WS Inbound,Main and Cedar IB,43
10/17/2018 14:13,DCL Outbound-WS Inbound,Main and Cedar IB,43
10/17/2018 14:13,DCL Outbound-WS Inbound,Main and Cedar IB,43
10/17/2018 14:13,DCL Outbound-WS Inbound,Union,891
10/17/2018 14:13,DCL Outbound-WS Inbound,Union,891
10/17/2018 14:13,DCL Outbound-WS Inbound,Union,891
10/17/2018 14:13,DCL Outbound-WS Inbound,Union,891
10/17/2018 14:14,DCL Outbound-WS Inbound,Union,891
10/17/2018 14:14,DCL Outbound-WS Inbound,Union,891
10/17/2018 14:14,DCL Outbound-WS Inbound,Union,891
10/17/2018 14:14,DCL Outbound-WS Inbound,Union,891
10/17/2018 14:14,DCL Outbound-WS Inbound,Union,891
10/17/2018 14:14,DCL Outbound-WS Inbound,Union,891
10/17/2018 14:14,DCL Outbound-WS Inbound,Main and Clarke IB,43
10/17/2018 14:14,DCL Outbound-WS Inbound,Union,891
10/17/2018 14:14,DCL Outbound-WS Inbound,Main and Clarke IB,43
10/17/2018 14:14,DCL Outbound-WS Inbound,Union,891
10/17/2018 14:14,DCL Outbound-WS Inbound,Union,891
10/17/2018 14:14,DCL Outbound-WS Inbound,Union,891
10/17/2018 14:14,DCL Outbound-WS Inbound,Union,891
10/17/2018 14:14,DCL Outbound-WS Inbound,Union,891
10/17/2018 14:14,DCL Outbound-WS Inbound,Union,891
10/17/2018 14:14,DCL Outbound-WS Inbound,Union,891
10/17/2018 14:14,DCL Outbound-WS Inbound,Union,891
10/17/2018 14:14,DCL Outbound-WS Inbound,Union,891
10/17/2018 14:14,DCL Outbound-WS Inbound,Union,891
10/17/2018 14:14,DCL Outbound-WS Inbound,Union,891
10/17/2018 14:14,DCL Outbound-WS Inbound,Union,891
10/17/2018 14:14,DCL Outbound-WS Inbound,Union,891
10/17/2018 14:14,DCL Outbound-WS Inbound,Union,891
10/17/2018 14:14,DCL Outbound-WS Inbound,Union,891
10/17/2018 14:14,DCL Outbound-WS Inbound,Union,891
10/17/2018 14:14,DCL Outbound-WS Inbound,Union,891
10/17/2018 14:15,DCL Outbound-WS Inbound,Union,891
10/17/2018 14:15,DCL Outbound-WS Inbound,Main and Schiller IB,43
10/17/2018 14:15,DCL Outbound-WS Inbound,Union,891
10/17/2018 14:15,DCL Outbound-WS Inbound,Main and Schiller IB,43
10/17/2018 14:15,DCL Outbound-WS Inbound,Main and Schiller IB,43
10/17/2018 14:15,DCL Outbound-WS Inbound,Main and Schiller IB,43
10/17/2018 14:15,DCL Outbound-WS Inbound,Main and Schiller IB,43
10/17/2018 14:16,DCL Outbound-WS Inbound,Union,891
10/17/2018 14:16,DCL Outbound-WS Inbound,Union,891
10/17/2018 14:16,DCL Outbound-WS Inbound,Union,891
10/17/2018 14:16,DCL Outbound-WS Inbound,Union,891
10/17/2018 14:17,DCL Outbound-WS Inbound,Union,891
10/17/2018 14:19,DCL Outbound-WS Inbound,Floral and Main IB,43
10/17/2018 14:20,DCL Outbound-WS Inbound,Floral and Cleveland IB,43
10/17/2018 14:20,DCL Outbound-WS Inbound,Physical Facilities,891
10/17/2018 14:20,DCL Outbound-WS Inbound,Floral and Burbank IB,43
10/17/2018 14:21,DCL Outbound-WS Inbound,Floral and Willow IB,43
10/17/2018 14:38,DCL Outbound-WS Inbound,UDC IB,891
10/17/2018 14:38,DCL Outbound-WS Inbound,UDC IB,891
10/17/2018 14:38,DCL Outbound-WS Inbound,UDC IB,891
10/17/2018 14:38,DCL Outbound-WS Inbound,UDC IB,891
10/17/2018 14:38,DCL Outbound-WS Inbound,UDC IB,891
10/17/2018 14:38,DCL Outbound-WS Inbound,UDC IB,891
10/17/2018 14:40,DCL Outbound-WS Inbound,Hawley IB,891
10/17/2018 14:41,DCL Outbound-WS Inbound,Main and Front OB,891
10/17/2018 14:42,DCL Outbound-WS Inbound,Main and Murray IB,891
10/17/2018 14:42,DCL Outbound-WS Inbound,Main and Murray IB,891
10/17/2018 14:42,DCL Outbound-WS Inbound,Main and Murray IB,891
10/17/2018 14:42,DCL Outbound-WS Inbound,Main and Murray IB,891
10/17/2018 14:43,DCL Outbound-WS Inbound,Union,37
10/17/2018 14:43,DCL Outbound-WS Inbound,Union,37
10/17/2018 14:43,DCL Outbound-WS Inbound,Union,37
10/17/2018 14:43,DCL Outbound-WS Inbound,Union,37
10/17/2018 14:43,DCL Outbound-WS Inbound,Union,37
10/17/2018 14:43,DCL Outbound-WS Inbound,Union,37
10/17/2018 14:43,DCL Outbound-WS Inbound,Union,37
10/17/2018 14:43,DCL Outbound-WS Inbound,Union,37
10/17/2018 14:43,DCL Outbound-WS Inbound,Union,37
10/17/2018 14:43,DCL Outbound-WS Inbound,Main and Mather,891
10/17/2018 14:43,DCL Outbound-WS Inbound,Main and Mather,891
10/17/2018 14:43,DCL Outbound-WS Inbound,Union,37
10/17/2018 14:43,DCL Outbound-WS Inbound,Union,37
10/17/2018 14:43,DCL Outbound-WS Inbound,Main and Mather,891
10/17/2018 14:43,DCL Outbound-WS Inbound,Union,37
10/17/2018 14:44,DCL Outbound-WS Inbound,Main and Mather,891
10/17/2018 14:44,DCL Outbound-WS Inbound,Union,37
10/17/2018 14:44,DCL Outbound-WS Inbound,Main and Mather,891
10/17/2018 14:44,DCL Outbound-WS Inbound,Main and Cedar IB,891
10/17/2018 14:45,DCL Outbound-WS Inbound,Union,37
10/17/2018 14:45,DCL Outbound-WS Inbound,Main and Clarke IB,891
10/17/2018 14:45,DCL Outbound-WS Inbound,Union,37
10/17/2018 14:45,DCL Outbound-WS Inbound,Main and Clarke IB,891
10/17/2018 14:45,DCL Outbound-WS Inbound,Union,37
10/17/2018 14:45,DCL Outbound-WS Inbound,Union,37
10/17/2018 14:46,DCL Outbound-WS Inbound,Main and Schiller IB,891
10/17/2018 14:46,DCL Outbound-WS Inbound,Main and Schiller IB,891
10/17/2018 14:46,DCL Outbound-WS Inbound,Main and Schiller IB,891
10/17/2018 14:46,DCL Outbound-WS Inbound,Main and Schiller IB,891
10/17/2018 14:46,DCL Outbound-WS Inbound,Main and Schiller IB,891
10/17/2018 14:46,DCL Outbound-WS Inbound,Main and Schiller IB,891
10/17/2018 14:48,DCL Outbound-WS Inbound,Main and Helen IB,891
10/17/2018 14:48,DCL Outbound-WS Inbound,Main and Helen IB,891
10/17/2018 14:48,DCL Outbound-WS Inbound,Physical Facilities,37
10/17/2018 14:51,DCL Outbound-WS Inbound,Floral and Cleveland IB,891
10/17/2018 14:51,DCL Outbound-WS Inbound,Floral and Cleveland IB,891
10/17/2018 14:51,DCL Outbound-WS Inbound,Floral and Cleveland IB,891
10/17/2018 14:53,DCL Outbound-WS Inbound,Floral and Cook,891
10/17/2018 15:01,DCL Outbound-WS Inbound,Union,891
10/17/2018 15:01,DCL Outbound-WS Inbound,Union,891
10/17/2018 15:01,DCL Outbound-WS Inbound,Union,891
10/17/2018 15:01,DCL Outbound-WS Inbound,Union,891
10/17/2018 15:01,DCL Outbound-WS Inbound,Union,891
10/17/2018 15:01,DCL Outbound-WS Inbound,Union,891
10/17/2018 15:01,DCL Outbound-WS Inbound,Union,891
10/17/2018 15:01,DCL Outbound-WS Inbound,Union,891
10/17/2018 15:01,DCL Outbound-WS Inbound,Union,891
10/17/2018 15:01,DCL Outbound-WS Inbound,Union,891
10/17/2018 15:01,DCL Outbound-WS Inbound,Union,891
10/17/2018 15:01,DCL Outbound-WS Inbound,Union,891
10/17/2018 15:07,DCL Outbound-WS Inbound,Hawley IB,37
10/17/2018 15:07,DCL Outbound-WS Inbound,Hawley IB,37
10/17/2018 15:07,DCL Outbound-WS Inbound,Main and Front OB,37
10/17/2018 15:09,DCL Outbound-WS Inbound,Main and Murray IB,37
10/17/2018 15:09,DCL Outbound-WS Inbound,Main and Murray IB,37
10/17/2018 15:09,DCL Outbound-WS Inbound,Main and Murray IB,37
10/17/2018 15:11,DCL Outbound-WS Inbound,Main and Cedar IB,37
10/17/2018 15:12,DCL Outbound-WS Inbound,Main and Clarke IB,37
10/17/2018 15:12,DCL Outbound-WS Inbound,Main and Clarke IB,37
10/17/2018 15:12,DCL Outbound-WS Inbound,Main and Clarke IB,37
10/17/2018 15:14,DCL Outbound-WS Inbound,Main and Helen IB,37
10/17/2018 15:14,DCL Outbound-WS Inbound,Main and Helen IB,37
10/17/2018 15:18,DCL Outbound-WS Inbound,Union,21
10/17/2018 15:18,DCL Outbound-WS Inbound,Union,21
10/17/2018 15:18,DCL Outbound-WS Inbound,Union,21
10/17/2018 15:18,DCL Outbound-WS Inbound,Union,21
10/17/2018 15:18,DCL Outbound-WS Inbound,Union,21
10/17/2018 15:18,DCL Outbound-WS Inbound,Union,21
10/17/2018 15:18,DCL Outbound-WS Inbound,Union,21
10/17/2018 15:19,DCL Outbound-WS Inbound,Union,21
10/17/2018 15:37,DCL Outbound-WS Inbound,UDC IB,21
10/17/2018 15:37,DCL Outbound-WS Inbound,UDC IB,21
10/17/2018 15:39,DCL Outbound-WS Inbound,Hawley IB,21
10/17/2018 15:41,DCL Outbound-WS Inbound,Main and Murray IB,21
10/17/2018 15:41,DCL Outbound-WS Inbound,Main and Murray IB,21
10/17/2018 15:41,DCL Outbound-WS Inbound,Main and Murray IB,21
10/17/2018 15:41,DCL Outbound-WS Inbound,Main and Murray IB,21
10/17/2018 15:41,DCL Outbound-WS Inbound,Main and Murray IB,21
10/17/2018 15:42,DCL Outbound-WS Inbound,Main and Mather,21
10/17/2018 15:42,DCL Outbound-WS Inbound,Main and Mather,21
10/17/2018 15:43,DCL Outbound-WS Inbound,Main and Mather,21
10/17/2018 15:43,DCL Outbound-WS Inbound,Main and Mather,21
10/17/2018 15:43,DCL Outbound-WS Inbound,Main and Mather,21
10/17/2018 15:43,DCL Outbound-WS Inbound,Main and Mather,21
10/17/2018 15:44,DCL Outbound-WS Inbound,Main and Cedar IB,21
10/17/2018 15:45,DCL Outbound-WS Inbound,Main and Clarke IB,21
10/17/2018 15:46,DCL Outbound-WS Inbound,Main and Schiller IB,21
10/17/2018 15:46,DCL Outbound-WS Inbound,Main and Schiller IB,21
10/17/2018 15:46,DCL Outbound-WS Inbound,Main and Schiller IB,21
10/17/2018 15:48,DCL Outbound-WS Inbound,Main and Helen IB,21
10/17/2018 16:00,DCL Outbound-WS Inbound,Leroy St and Chestnut OB,891
10/17/2018 16:05,DCL Outbound-WS Inbound,UDC IB,891
10/17/2018 16:05,DCL Outbound-WS Inbound,UDC IB,891
10/17/2018 16:08,DCL Outbound-WS Inbound,Main and Front OB,891
10/17/2018 16:09,DCL Outbound-WS Inbound,Main and Murray IB,891
10/17/2018 16:09,DCL Outbound-WS Inbound,Main and Murray IB,891
10/17/2018 16:09,DCL Outbound-WS Inbound,Main and Murray IB,891
10/17/2018 16:09,DCL Outbound-WS Inbound,Main and Murray IB,891
10/17/2018 16:09,DCL Outbound-WS Inbound,Main and Murray IB,891
10/17/2018 16:10,DCL Outbound-WS Inbound,Main and Mather,891
10/17/2018 16:10,DCL Outbound-WS Inbound,Main and Mather,891
10/17/2018 16:10,DCL Outbound-WS Inbound,Main and Mather,891
10/17/2018 16:10,DCL Outbound-WS Inbound,Main and Mather,891
10/17/2018 16:10,DCL Outbound-WS Inbound,Main and Mather,891
10/17/2018 16:10,DCL Outbound-WS Inbound,Main and Mather,891
10/17/2018 16:10,DCL Outbound-WS Inbound,Main and Mather,891
10/17/2018 16:11,DCL Outbound-WS Inbound,Main and Cedar IB,891
10/17/2018 16:11,DCL Outbound-WS Inbound,Main and Cedar IB,891
10/17/2018 16:11,DCL Outbound-WS Inbound,Main and Cedar IB,891
10/17/2018 16:12,DCL Outbound-WS Inbound,Main and Clarke IB,891
10/17/2018 16:12,DCL Outbound-WS Inbound,Main and Clarke IB,891
10/17/2018 16:12,DCL Outbound-WS Inbound,Main and Clarke IB,891
10/17/2018 16:13,DCL Outbound-WS Inbound,Main and Schiller IB,891
10/17/2018 16:13,DCL Outbound-WS Inbound,Main and Schiller IB,891
10/17/2018 16:13,DCL Outbound-WS Inbound,Main and Schiller IB,891
10/17/2018 16:13,DCL Outbound-WS Inbound,Main and Schiller IB,891
10/17/2018 16:13,DCL Outbound-WS Inbound,Main and Schiller IB,891
10/17/2018 16:13,DCL Outbound-WS Inbound,Main and Schiller IB,891
10/17/2018 16:13,DCL Outbound-WS Inbound,Main and Schiller IB,891
10/17/2018 16:13,DCL Outbound-WS Inbound,Main and Schiller IB,891
10/17/2018 16:14,DCL Outbound-WS Inbound,Union,42
10/17/2018 16:15,DCL Outbound-WS Inbound,Union,42
10/17/2018 16:15,DCL Outbound-WS Inbound,Union,42
10/17/2018 16:15,DCL Outbound-WS Inbound,Union,42
10/17/2018 16:15,DCL Outbound-WS Inbound,Union,42
10/17/2018 16:15,DCL Outbound-WS Inbound,Union,42
10/17/2018 16:15,DCL Outbound-WS Inbound,Union,42
10/17/2018 16:15,DCL Outbound-WS Inbound,Union,42
10/17/2018 16:15,DCL Outbound-WS Inbound,Union,42
10/17/2018 16:15,DCL Outbound-WS Inbound,Union,42
10/17/2018 16:15,DCL Outbound-WS Inbound,Union,42
10/17/2018 16:15,DCL Outbound-WS Inbound,Union,42
10/17/2018 16:15,DCL Outbound-WS Inbound,Union,42
10/17/2018 16:15,DCL Outbound-WS Inbound,Union,42
10/17/2018 16:15,DCL Outbound-WS Inbound,Union,42
10/17/2018 16:15,DCL Outbound-WS Inbound,Union,42
10/17/2018 16:15,DCL Outbound-WS Inbound,Main and Crestmont IB,891
10/17/2018 16:15,DCL Outbound-WS Inbound,Union,42
10/17/2018 16:15,DCL Outbound-WS Inbound,Union,42
10/17/2018 16:15,DCL Outbound-WS Inbound,Union,42
10/17/2018 16:15,DCL Outbound-WS Inbound,Union,42
10/17/2018 16:15,DCL Outbound-WS Inbound,Union,42
10/17/2018 16:15,DCL Outbound-WS Inbound,Union,42
10/17/2018 16:15,DCL Outbound-WS Inbound,Union,42
10/17/2018 16:15,DCL Outbound-WS Inbound,Union,42
10/17/2018 16:15,DCL Outbound-WS Inbound,Union,42
10/17/2018 16:16,DCL Outbound-WS Inbound,Union,42
10/17/2018 16:16,DCL Outbound-WS Inbound,Union,42
10/17/2018 16:16,DCL Outbound-WS Inbound,Floral and Cleveland IB,891
10/17/2018 16:17,DCL Outbound-WS Inbound,Union,42
10/17/2018 16:17,DCL Outbound-WS Inbound,Floral and Willow IB,891
10/17/2018 16:17,DCL Outbound-WS Inbound,Floral and Willow IB,891
10/17/2018 16:18,DCL Outbound-WS Inbound,Union,42
10/17/2018 16:18,DCL Outbound-WS Inbound,Floral and Harrison IB,891
10/17/2018 16:18,DCL Outbound-WS Inbound,Union,42
10/17/2018 16:20,DCL Outbound-WS Inbound,Union,42
10/17/2018 16:20,DCL Outbound-WS Inbound,Union,42
10/17/2018 16:28,DCL Outbound-WS Inbound,Union,891
10/17/2018 16:28,DCL Outbound-WS Inbound,Union,891
10/17/2018 16:29,DCL Outbound-WS Inbound,Union,891
10/17/2018 16:29,DCL Outbound-WS Inbound,Union,891
10/17/2018 16:29,DCL Outbound-WS Inbound,Union,891
10/17/2018 16:29,DCL Outbound-WS Inbound,Union,891
10/17/2018 16:29,DCL Outbound-WS Inbound,Union,891
10/17/2018 16:29,DCL Outbound-WS Inbound,Union,891
10/17/2018 16:29,DCL Outbound-WS Inbound,Union,891
10/17/2018 16:29,DCL Outbound-WS Inbound,Union,891
10/17/2018 16:29,DCL Outbound-WS Inbound,Union,891
10/17/2018 16:42,DCL Outbound-WS Inbound,Main and Front OB,42
10/17/2018 16:43,DCL Outbound-WS Inbound,Main and Murray IB,42
10/17/2018 16:44,DCL Outbound-WS Inbound,Main and Mather,42
10/17/2018 16:45,DCL Outbound-WS Inbound,Union,43
10/17/2018 16:45,DCL Outbound-WS Inbound,Union,43
10/17/2018 16:45,DCL Outbound-WS Inbound,Union,43
10/17/2018 16:45,DCL Outbound-WS Inbound,Union,43
10/17/2018 16:45,DCL Outbound-WS Inbound,Union,43
10/17/2018 16:45,DCL Outbound-WS Inbound,Union,43
10/17/2018 16:45,DCL Outbound-WS Inbound,Union,43
10/17/2018 16:45,DCL Outbound-WS Inbound,Union,43
10/17/2018 16:45,DCL Outbound-WS Inbound,Union,43
10/17/2018 16:45,DCL Outbound-WS Inbound,Union,43
10/17/2018 16:45,DCL Outbound-WS Inbound,Union,43
10/17/2018 16:45,DCL Outbound-WS Inbound,Union,43
10/17/2018 16:45,DCL Outbound-WS Inbound,Union,43
10/17/2018 16:45,DCL Outbound-WS Inbound,Main and Cedar IB,42
10/17/2018 16:45,DCL Outbound-WS Inbound,Union,43
10/17/2018 16:45,DCL Outbound-WS Inbound,Union,43
10/17/2018 16:45,DCL Outbound-WS Inbound,Main and Cedar IB,42
10/17/2018 16:45,DCL Outbound-WS Inbound,Union,43
10/17/2018 16:45,DCL Outbound-WS Inbound,Union,43
10/17/2018 16:45,DCL Outbound-WS Inbound,Union,43
10/17/2018 16:45,DCL Outbound-WS Inbound,Union,43
10/17/2018 16:45,DCL Outbound-WS Inbound,Union,43
10/17/2018 16:45,DCL Outbound-WS Inbound,Union,43
10/17/2018 16:45,DCL Outbound-WS Inbound,Union,43
10/17/2018 16:45,DCL Outbound-WS Inbound,Union,43
10/17/2018 16:45,DCL Outbound-WS Inbound,Union,43
10/17/2018 16:45,DCL Outbound-WS Inbound,Union,43
10/17/2018 16:45,DCL Outbound-WS Inbound,Main and Clarke IB,42
10/17/2018 16:45,DCL Outbound-WS Inbound,Union,43
10/17/2018 16:46,DCL Outbound-WS Inbound,Main and Clarke IB,42
10/17/2018 16:46,DCL Outbound-WS Inbound,Main and Clarke IB,42
10/17/2018 16:46,DCL Outbound-WS Inbound,Union,43
10/17/2018 16:46,DCL Outbound-WS Inbound,Union,43
10/17/2018 16:46,DCL Outbound-WS Inbound,Union,43
10/17/2018 16:46,DCL Outbound-WS Inbound,Union,43
10/17/2018 16:46,DCL Outbound-WS Inbound,Union,43
10/17/2018 16:46,DCL Outbound-WS Inbound,Union,43
10/17/2018 16:46,DCL Outbound-WS Inbound,Union,43
10/17/2018 16:46,DCL Outbound-WS Inbound,Union,43
10/17/2018 16:46,DCL Outbound-WS Inbound,Union,43
10/17/2018 16:46,DCL Outbound-WS Inbound,Union,43
10/17/2018 16:46,DCL Outbound-WS Inbound,Union,43
10/17/2018 16:46,DCL Outbound-WS Inbound,Union,43
10/17/2018 16:47,DCL Outbound-WS Inbound,Main and Schiller IB,42
10/17/2018 16:47,DCL Outbound-WS Inbound,Main and Schiller IB,42
10/17/2018 16:47,DCL Outbound-WS Inbound,Main and Schiller IB,42
10/17/2018 16:47,DCL Outbound-WS Inbound,Main and Schiller IB,42
10/17/2018 16:47,DCL Outbound-WS Inbound,Union,43
10/17/2018 16:47,DCL Outbound-WS Inbound,Union,43
10/17/2018 16:48,DCL Outbound-WS Inbound,Main and Helen IB,42
10/17/2018 16:49,DCL Outbound-WS Inbound,Main and Helen IB,42
10/17/2018 16:49,DCL Outbound-WS Inbound,Union,43
10/17/2018 16:49,DCL Outbound-WS Inbound,Union,43
10/17/2018 16:49,DCL Outbound-WS Inbound,Union,43
10/17/2018 16:49,DCL Outbound-WS Inbound,Union,43
10/17/2018 16:49,DCL Outbound-WS Inbound,Union,43
10/17/2018 16:49,DCL Outbound-WS Inbound,Union,43
10/17/2018 16:50,DCL Outbound-WS Inbound,Union,43
10/17/2018 16:50,DCL Outbound-WS Inbound,Union,43
10/17/2018 16:50,DCL Outbound-WS Inbound,Union,43
10/17/2018 16:50,DCL Outbound-WS Inbound,Union,43
10/17/2018 16:51,DCL Outbound-WS Inbound,Floral and Cleveland IB,42
10/17/2018 16:52,DCL Outbound-WS Inbound,Physical Facilities,43
10/17/2018 17:11,DCL Outbound-WS Inbound,UDC IB,43
10/17/2018 17:11,DCL Outbound-WS Inbound,UDC IB,43
10/17/2018 17:11,DCL Outbound-WS Inbound,UDC IB,43
10/17/2018 17:11,DCL Outbound-WS Inbound,UDC IB,43
10/17/2018 17:11,DCL Outbound-WS Inbound,UDC IB,43
10/17/2018 17:11,DCL Outbound-WS Inbound,UDC IB,43
10/17/2018 17:12,DCL Outbound-WS Inbound,UDC IB,43
10/17/2018 17:12,DCL Outbound-WS Inbound,UDC IB,43
10/17/2018 17:14,DCL Outbound-WS Inbound,Hawley IB,43
10/17/2018 17:14,DCL Outbound-WS Inbound,Hawley IB,43
10/17/2018 17:14,DCL Outbound-WS Inbound,Hawley IB,43
10/17/2018 17:14,DCL Outbound-WS Inbound,Hawley IB,43
10/17/2018 17:15,DCL Outbound-WS Inbound,Main and Front OB,43
10/17/2018 17:15,DCL Outbound-WS Inbound,Main and Front OB,43
10/17/2018 17:15,DCL Outbound-WS Inbound,Main and Front OB,43
10/17/2018 17:15,DCL Outbound-WS Inbound,Main and Front OB,43
10/17/2018 17:15,DCL Outbound-WS Inbound,Main and Front OB,43
10/17/2018 17:17,DCL Outbound-WS Inbound,Main and Murray IB,43
10/17/2018 17:17,DCL Outbound-WS Inbound,Main and Murray IB,43
10/17/2018 17:17,DCL Outbound-WS Inbound,Main and Murray IB,43
10/17/2018 17:17,DCL Outbound-WS Inbound,Main and Murray IB,43
10/17/2018 17:17,DCL Outbound-WS Inbound,Union,526
10/17/2018 17:17,DCL Outbound-WS Inbound,Union,526
10/17/2018 17:17,DCL Outbound-WS Inbound,Union,526
10/17/2018 17:17,DCL Outbound-WS Inbound,Union,526
10/17/2018 17:17,DCL Outbound-WS Inbound,Union,526
10/17/2018 17:17,DCL Outbound-WS Inbound,Union,526
10/17/2018 17:17,DCL Outbound-WS Inbound,Union,526
10/17/2018 17:17,DCL Outbound-WS Inbound,Union,526
10/17/2018 17:17,DCL Outbound-WS Inbound,Union,526
10/17/2018 17:17,DCL Outbound-WS Inbound,Main and Mather,43
10/17/2018 17:17,DCL Outbound-WS Inbound,Main and Mather,43
10/17/2018 17:17,DCL Outbound-WS Inbound,Main and Mather,43
10/17/2018 17:17,DCL Outbound-WS Inbound,Main and Mather,43
10/17/2018 17:18,DCL Outbound-WS Inbound,Main and Mather,43
10/17/2018 17:18,DCL Outbound-WS Inbound,Main and Mather,43
10/17/2018 17:18,DCL Outbound-WS Inbound,Main and Mather,43
10/17/2018 17:18,DCL Outbound-WS Inbound,Union,526
10/17/2018 17:18,DCL Outbound-WS Inbound,Union,526
10/17/2018 17:19,DCL Outbound-WS Inbound,Union,526
10/17/2018 17:19,DCL Outbound-WS Inbound,Main and Cedar IB,43
10/17/2018 17:19,DCL Outbound-WS Inbound,Main and Cedar IB,43
10/17/2018 17:19,DCL Outbound-WS Inbound,Union,526
10/17/2018 17:19,DCL Outbound-WS Inbound,Union,526
10/17/2018 17:20,DCL Outbound-WS Inbound,Union,526
10/17/2018 17:20,DCL Outbound-WS Inbound,Union,526
10/17/2018 17:20,DCL Outbound-WS Inbound,Main and Clarke IB,43
10/17/2018 17:20,DCL Outbound-WS Inbound,Union,526
10/17/2018 17:21,DCL Outbound-WS Inbound,Main and Schiller IB,43
10/17/2018 17:21,DCL Outbound-WS Inbound,Main and Schiller IB,43
10/17/2018 17:21,DCL Outbound-WS Inbound,Main and Schiller IB,43
10/17/2018 17:21,DCL Outbound-WS Inbound,Main and Schiller IB,43
10/17/2018 17:21,DCL Outbound-WS Inbound,Main and Schiller IB,43
10/17/2018 17:21,DCL Outbound-WS Inbound,Main and Schiller IB,43
10/17/2018 17:21,DCL Outbound-WS Inbound,Main and Schiller IB,43
10/17/2018 17:21,DCL Outbound-WS Inbound,Main and Schiller IB,43
10/17/2018 17:21,DCL Outbound-WS Inbound,Main and Schiller IB,43
10/17/2018 17:23,DCL Outbound-WS Inbound,Main and Helen IB,43
10/17/2018 17:26,DCL Outbound-WS Inbound,Floral and Cleveland IB,43
10/17/2018 17:27,DCL Outbound-WS Inbound,Floral and Willow IB,43
10/17/2018 17:31,DCL Outbound-WS Inbound,Riverside and Beethoven OB,526
10/17/2018 17:35,DCL Outbound-WS Inbound,Leroy St and Murray OB,526
10/17/2018 17:39,DCL Outbound-WS Inbound,UDC IB,526
10/17/2018 17:42,DCL Outbound-WS Inbound,Hawley IB,526
10/17/2018 17:42,DCL Outbound-WS Inbound,Hawley IB,526
10/17/2018 17:43,DCL Outbound-WS Inbound,Main and Front OB,526
10/17/2018 17:43,DCL Outbound-WS Inbound,Main and Front OB,526
10/17/2018 17:43,DCL Outbound-WS Inbound,Main and Front OB,526
10/17/2018 17:44,DCL Outbound-WS Inbound,Main and Murray IB,526
10/17/2018 17:44,DCL Outbound-WS Inbound,Main and Murray IB,526
10/17/2018 17:44,DCL Outbound-WS Inbound,Main and Murray IB,526
10/17/2018 17:45,DCL Outbound-WS Inbound,Main and Mather,526
10/17/2018 17:45,DCL Outbound-WS Inbound,Main and Mather,526
10/17/2018 17:45,DCL Outbound-WS Inbound,Main and Mather,526
10/17/2018 17:46,DCL Outbound-WS Inbound,Main and Cedar IB,526
10/17/2018 17:46,DCL Outbound-WS Inbound,Main and Cedar IB,526
10/17/2018 17:46,DCL Outbound-WS Inbound,Main and Cedar IB,526
10/17/2018 17:48,DCL Outbound-WS Inbound,Union,21
10/17/2018 17:48,DCL Outbound-WS Inbound,Union,21
10/17/2018 17:48,DCL Outbound-WS Inbound,Union,21
10/17/2018 17:48,DCL Outbound-WS Inbound,Union,21
10/17/2018 17:48,DCL Outbound-WS Inbound,Union,21
10/17/2018 17:48,DCL Outbound-WS Inbound,Union,21
10/17/2018 17:48,DCL Outbound-WS Inbound,Union,21
10/17/2018 17:48,DCL Outbound-WS Inbound,Union,21
10/17/2018 17:48,DCL Outbound-WS Inbound,Union,21
10/17/2018 17:48,DCL Outbound-WS Inbound,Union,21
10/17/2018 17:48,DCL Outbound-WS Inbound,Union,21
10/17/2018 17:48,DCL Outbound-WS Inbound,Union,21
10/17/2018 17:48,DCL Outbound-WS Inbound,Union,21
10/17/2018 17:48,DCL Outbound-WS Inbound,Union,21
10/17/2018 17:48,DCL Outbound-WS Inbound,Union,21
10/17/2018 17:48,DCL Outbound-WS Inbound,Union,21
10/17/2018 17:48,DCL Outbound-WS Inbound,Union,21
10/17/2018 17:48,DCL Outbound-WS Inbound,Union,21
10/17/2018 17:49,DCL Outbound-WS Inbound,Union,21
10/17/2018 17:49,DCL Outbound-WS Inbound,Union,21
10/17/2018 17:49,DCL Outbound-WS Inbound,Union,21
10/17/2018 17:49,DCL Outbound-WS Inbound,Union,21
10/17/2018 17:49,DCL Outbound-WS Inbound,Union,21
10/17/2018 17:49,DCL Outbound-WS Inbound,Union,21
10/17/2018 17:49,DCL Outbound-WS Inbound,Union,21
10/17/2018 17:52,DCL Outbound-WS Inbound,Floral and Willow IB,526
10/17/2018 17:52,DCL Outbound-WS Inbound,Floral and Willow IB,526
10/17/2018 17:53,DCL Outbound-WS Inbound,Floral and Harrison IB,526
10/17/2018 18:05,DCL Outbound-WS Inbound,Leroy St and Murray OB,21
10/17/2018 18:13,DCL Outbound-WS Inbound,Hawley IB,21
10/17/2018 18:13,DCL Outbound-WS Inbound,Hawley IB,21
10/17/2018 18:13,DCL Outbound-WS Inbound,Hawley IB,21
10/17/2018 18:13,DCL Outbound-WS Inbound,Hawley IB,21
10/17/2018 18:13,DCL Outbound-WS Inbound,Hawley IB,21
10/17/2018 18:15,DCL Outbound-WS Inbound,Main and Murray IB,21
10/17/2018 18:15,DCL Outbound-WS Inbound,Main and Murray IB,21
10/17/2018 18:15,DCL Outbound-WS Inbound,Main and Murray IB,21
10/17/2018 18:16,DCL Outbound-WS Inbound,Main and Mather,21
10/17/2018 18:16,DCL Outbound-WS Inbound,Main and Mather,21
10/17/2018 18:17,DCL Outbound-WS Inbound,Main and Clarke IB,21
10/17/2018 18:18,DCL Outbound-WS Inbound,Main and Schiller IB,21
10/17/2018 18:18,DCL Outbound-WS Inbound,Main and Schiller IB,21
10/17/2018 18:21,DCL Outbound-WS Inbound,Union,37
10/17/2018 18:21,DCL Outbound-WS Inbound,Union,37
10/17/2018 18:21,DCL Outbound-WS Inbound,Union,37
10/17/2018 18:21,DCL Outbound-WS Inbound,Union,37
10/17/2018 18:21,DCL Outbound-WS Inbound,Union,37
10/17/2018 18:21,DCL Outbound-WS Inbound,Union,37
10/17/2018 18:21,DCL Outbound-WS Inbound,Union,37
10/17/2018 18:21,DCL Outbound-WS Inbound,Union,37
10/17/2018 18:21,DCL Outbound-WS Inbound,Union,37
10/17/2018 18:21,DCL Outbound-WS Inbound,Union,37
10/17/2018 18:21,DCL Outbound-WS Inbound,Union,37
10/17/2018 18:21,DCL Outbound-WS Inbound,Union,37
10/17/2018 18:21,DCL Outbound-WS Inbound,Union,37
10/17/2018 18:21,DCL Outbound-WS Inbound,Union,37
10/17/2018 18:21,DCL Outbound-WS Inbound,Union,37
10/17/2018 18:21,DCL Outbound-WS Inbound,Union,37
10/17/2018 18:21,DCL Outbound-WS Inbound,Union,37
10/17/2018 18:21,DCL Outbound-WS Inbound,Union,37
10/17/2018 18:21,DCL Outbound-WS Inbound,Union,37
10/17/2018 18:21,DCL Outbound-WS Inbound,Union,37
10/17/2018 18:21,DCL Outbound-WS Inbound,Union,37
10/17/2018 18:21,DCL Outbound-WS Inbound,Union,37
10/17/2018 18:21,DCL Outbound-WS Inbound,Union,37
10/17/2018 18:21,DCL Outbound-WS Inbound,Union,37
10/17/2018 18:21,DCL Outbound-WS Inbound,Union,37
10/17/2018 18:22,DCL Outbound-WS Inbound,Union,37
10/17/2018 18:22,DCL Outbound-WS Inbound,Union,37
10/17/2018 18:22,DCL Outbound-WS Inbound,Union,37
10/17/2018 18:22,DCL Outbound-WS Inbound,Union,37
10/17/2018 18:22,DCL Outbound-WS Inbound,Union,37
10/17/2018 18:22,DCL Outbound-WS Inbound,Union,37
10/17/2018 18:22,DCL Outbound-WS Inbound,Union,37
10/17/2018 18:22,DCL Outbound-WS Inbound,Union,37
10/17/2018 18:22,DCL Outbound-WS Inbound,Union,37
10/17/2018 18:22,DCL Outbound-WS Inbound,Floral and Cleveland IB,21
10/17/2018 18:22,DCL Outbound-WS Inbound,Floral and Cleveland IB,21
10/17/2018 18:22,DCL Outbound-WS Inbound,Union,37
10/17/2018 18:22,DCL Outbound-WS Inbound,Floral and Cleveland IB,21
10/17/2018 18:22,DCL Outbound-WS Inbound,Union,37
10/17/2018 18:22,DCL Outbound-WS Inbound,Union,37
10/17/2018 18:22,DCL Outbound-WS Inbound,Union,37
10/17/2018 18:22,DCL Outbound-WS Inbound,Union,37
10/17/2018 18:22,DCL Outbound-WS Inbound,Union,37
10/17/2018 18:22,DCL Outbound-WS Inbound,Union,37
10/17/2018 18:22,DCL Outbound-WS Inbound,Union,37
10/17/2018 18:22,DCL Outbound-WS Inbound,Union,37
10/17/2018 18:22,DCL Outbound-WS Inbound,Union,37
10/17/2018 18:22,DCL Outbound-WS Inbound,Union,37
10/17/2018 18:23,DCL Outbound-WS Inbound,Floral and Willow IB,21
10/17/2018 18:24,DCL Outbound-WS Inbound,Floral and St. Charles,21
10/17/2018 18:24,DCL Outbound-WS Inbound,Floral and St. Charles,21
10/17/2018 18:43,DCL Outbound-WS Inbound,UDC IB,37
10/17/2018 18:45,DCL Outbound-WS Inbound,Hawley IB,37
10/17/2018 18:45,DCL Outbound-WS Inbound,Hawley IB,37
10/17/2018 18:45,DCL Outbound-WS Inbound,Hawley IB,37
10/17/2018 18:45,DCL Outbound-WS Inbound,Hawley IB,37
10/17/2018 18:45,DCL Outbound-WS Inbound,Hawley IB,37
10/17/2018 18:46,DCL Outbound-WS Inbound,Main and Front OB,37
10/17/2018 18:46,DCL Outbound-WS Inbound,Main and Front OB,37
10/17/2018 18:47,DCL Outbound-WS Inbound,Main and Front OB,37
10/17/2018 18:48,DCL Outbound-WS Inbound,Main and Murray IB,37
10/17/2018 18:49,DCL Outbound-WS Inbound,Main and Mather,37
10/17/2018 18:49,DCL Outbound-WS Inbound,Main and Mather,37
10/17/2018 18:49,DCL Outbound-WS Inbound,Main and Mather,37
10/17/2018 18:50,DCL Outbound-WS Inbound,Main and Cedar IB,37
10/17/2018 18:50,DCL Outbound-WS Inbound,Main and Cedar IB,37
10/17/2018 18:50,DCL Outbound-WS Inbound,Main and Clarke IB,37
10/17/2018 18:53,DCL Outbound-WS Inbound,Main and Helen IB,37
10/17/2018 18:53,DCL Outbound-WS Inbound,Main and Helen IB,37
10/17/2018 19:09,DCL Outbound-WS Inbound,Union,37
10/17/2018 19:09,DCL Outbound-WS Inbound,Union,37
10/17/2018 19:09,DCL Outbound-WS Inbound,Union,37
10/17/2018 19:09,DCL Outbound-WS Inbound,Union,37
10/17/2018 19:09,DCL Outbound-WS Inbound,Union,37
10/17/2018 19:10,DCL Outbound-WS Inbound,Union,37
10/17/2018 19:10,DCL Outbound-WS Inbound,Union,37
10/17/2018 19:10,DCL Outbound-WS Inbound,Union,37
10/17/2018 19:10,DCL Outbound-WS Inbound,Union,37
10/17/2018 19:10,DCL Outbound-WS Inbound,Union,37
10/17/2018 19:10,DCL Outbound-WS Inbound,Union,37
10/17/2018 19:10,DCL Outbound-WS Inbound,Union,37
10/17/2018 19:10,DCL Outbound-WS Inbound,Union,37
10/17/2018 19:10,DCL Outbound-WS Inbound,Union,37
10/17/2018 19:10,DCL Outbound-WS Inbound,Union,37
10/17/2018 19:17,DCL Outbound-WS Inbound,Union,891
10/17/2018 19:17,DCL Outbound-WS Inbound,Union,891
10/17/2018 19:17,DCL Outbound-WS Inbound,Union,891
10/17/2018 19:17,DCL Outbound-WS Inbound,Union,891
10/17/2018 19:17,DCL Outbound-WS Inbound,Union,891
10/17/2018 19:17,DCL Outbound-WS Inbound,Union,891
10/17/2018 19:17,DCL Outbound-WS Inbound,Union,891
10/17/2018 19:17,DCL Outbound-WS Inbound,Union,891
10/17/2018 19:17,DCL Outbound-WS Inbound,Union,891
10/17/2018 19:18,DCL Outbound-WS Inbound,Union,891
10/17/2018 19:18,DCL Outbound-WS Inbound,Union,891
10/17/2018 19:18,DCL Outbound-WS Inbound,Union,891
10/17/2018 19:18,DCL Outbound-WS Inbound,Union,891
10/17/2018 19:18,DCL Outbound-WS Inbound,Union,891
10/17/2018 19:21,DCL Outbound-WS Inbound,Physical Facilities,891
10/17/2018 19:31,DCL Outbound-WS Inbound,Leroy St and Chestnut OB,891
10/17/2018 19:32,DCL Outbound-WS Inbound,Leroy St and Murray OB,891
10/17/2018 19:32,DCL Outbound-WS Inbound,Union,43
10/17/2018 19:32,DCL Outbound-WS Inbound,Union,43
10/17/2018 19:32,DCL Outbound-WS Inbound,Union,43
10/17/2018 19:32,DCL Outbound-WS Inbound,Union,43
10/17/2018 19:33,DCL Outbound-WS Inbound,Union,43
10/17/2018 19:34,DCL Outbound-WS Inbound,Union,43
10/17/2018 19:34,DCL Outbound-WS Inbound,Union,43
10/17/2018 19:35,DCL Outbound-WS Inbound,Union,43
10/17/2018 19:36,DCL Outbound-WS Inbound,Union,43
10/17/2018 19:36,DCL Outbound-WS Inbound,Union,43
10/17/2018 19:37,DCL Outbound-WS Inbound,Union,43
10/17/2018 19:37,DCL Outbound-WS Inbound,Union,43
10/17/2018 19:37,DCL Outbound-WS Inbound,Union,43
10/17/2018 19:37,DCL Outbound-WS Inbound,Hawley IB,891
10/17/2018 19:38,DCL Outbound-WS Inbound,Main and Front OB,891
10/17/2018 19:38,DCL Outbound-WS Inbound,Union,43
10/17/2018 19:38,DCL Outbound-WS Inbound,Union,43
10/17/2018 19:38,DCL Outbound-WS Inbound,Union,43
10/17/2018 19:39,DCL Outbound-WS Inbound,Union,43
10/17/2018 19:39,DCL Outbound-WS Inbound,Union,43
10/17/2018 19:39,DCL Outbound-WS Inbound,Union,43
10/17/2018 19:39,DCL Outbound-WS Inbound,Main and Murray IB,891
10/17/2018 19:39,DCL Outbound-WS Inbound,Main and Murray IB,891
10/17/2018 19:39,DCL Outbound-WS Inbound,Main and Murray IB,891
10/17/2018 19:39,DCL Outbound-WS Inbound,Main and Murray IB,891
10/17/2018 19:39,DCL Outbound-WS Inbound,Main and Murray IB,891
10/17/2018 19:39,DCL Outbound-WS Inbound,Union,43
10/17/2018 19:39,DCL Outbound-WS Inbound,Union,43
10/17/2018 19:40,DCL Outbound-WS Inbound,Main and Mather,891
10/17/2018 19:40,DCL Outbound-WS Inbound,Main and Mather,891
10/17/2018 19:40,DCL Outbound-WS Inbound,Main and Mather,891
10/17/2018 19:40,DCL Outbound-WS Inbound,Main and Mather,891
10/17/2018 19:41,DCL Outbound-WS Inbound,Main and Cedar IB,891
10/17/2018 19:41,DCL Outbound-WS Inbound,Union,43
10/17/2018 19:41,DCL Outbound-WS Inbound,Union,43
10/17/2018 19:42,DCL Outbound-WS Inbound,Union,43
10/17/2018 19:42,DCL Outbound-WS Inbound,Union,43
10/17/2018 19:42,DCL Outbound-WS Inbound,Main and Clarke IB,891
10/17/2018 19:42,DCL Outbound-WS Inbound,Union,43
10/17/2018 19:43,DCL Outbound-WS Inbound,Union,43
10/17/2018 19:43,DCL Outbound-WS Inbound,Union,43
10/17/2018 19:43,DCL Outbound-WS Inbound,Union,43
10/17/2018 19:43,DCL Outbound-WS Inbound,Union,43
10/17/2018 19:44,DCL Outbound-WS Inbound,Union,43
10/17/2018 19:44,DCL Outbound-WS Inbound,Union,43
10/17/2018 19:45,DCL Outbound-WS Inbound,Union,43
10/17/2018 19:45,DCL Outbound-WS Inbound,Union,43
10/17/2018 19:46,DCL Outbound-WS Inbound,Union,43
10/17/2018 19:46,DCL Outbound-WS Inbound,Union,43
10/17/2018 19:46,DCL Outbound-WS Inbound,Union,43
10/17/2018 19:46,DCL Outbound-WS Inbound,Union,43
10/17/2018 19:47,DCL Outbound-WS Inbound,Union,43
10/17/2018 19:49,DCL Outbound-WS Inbound,Floral and Cook,891
10/17/2018 19:50,DCL Outbound-WS Inbound,Denny's OB,43
10/17/2018 19:57,DCL Outbound-WS Inbound,Union,891
10/17/2018 19:59,DCL Outbound-WS Inbound,Leroy St and Chestnut OB,43
10/17/2018 19:59,DCL Outbound-WS Inbound,Leroy St and Chestnut OB,43
10/17/2018 19:59,DCL Outbound-WS Inbound,Leroy St and Chestnut OB,43
