Start Date:10/31/2018 7:00 AM End Date:10/31/2018 8:00 PM,,,
DateTime,CorridorName,StopName,VehicleID
10/31/2018 7:30,WS Outbound-DCL Inbound,Main and Murray OB,787
10/31/2018 7:42,WS Outbound-DCL Inbound,Leroy St and Murray OB,787
10/31/2018 7:43,WS Outbound-DCL Inbound,Leroy St and Murray IB,787
10/31/2018 7:43,WS Outbound-DCL Inbound,Leroy St and Murray IB,787
10/31/2018 7:43,WS Outbound-DCL Inbound,Leroy St and Murray IB,787
10/31/2018 7:43,WS Outbound-DCL Inbound,Leroy St and Murray IB,787
10/31/2018 7:44,WS Outbound-DCL Inbound,Leroy St and Chestnut IB,787
10/31/2018 7:44,WS Outbound-DCL Inbound,Leroy St and Chestnut IB,787
10/31/2018 7:44,WS Outbound-DCL Inbound,Leroy St and Chestnut IB,787
10/31/2018 7:44,WS Outbound-DCL Inbound,Leroy St and Chestnut IB,787
10/31/2018 7:44,WS Outbound-DCL Inbound,Leroy St and Chestnut IB,787
10/31/2018 7:44,WS Outbound-DCL Inbound,Leroy St and Chestnut IB,787
10/31/2018 7:45,WS Outbound-DCL Inbound,Leroy St and Chestnut IB,787
10/31/2018 7:45,WS Outbound-DCL Inbound,Leroy St and Chestnut IB,787
10/31/2018 7:58,WS Outbound-DCL Inbound,Leroy St and Front,890
10/31/2018 7:58,WS Outbound-DCL Inbound,Leroy St and Front,890
10/31/2018 7:59,WS Outbound-DCL Inbound,Leroy St and Murray IB,890
10/31/2018 7:59,WS Outbound-DCL Inbound,Leroy St and Murray IB,890
10/31/2018 7:59,WS Outbound-DCL Inbound,Leroy St and Murray IB,890
10/31/2018 7:59,WS Outbound-DCL Inbound,Leroy St and Murray IB,890
10/31/2018 7:59,WS Outbound-DCL Inbound,Leroy St and Murray IB,890
10/31/2018 7:59,WS Outbound-DCL Inbound,Leroy St and Murray IB,890
10/31/2018 7:59,WS Outbound-DCL Inbound,Leroy St and Murray IB,890
10/31/2018 7:59,WS Outbound-DCL Inbound,Leroy St and Murray IB,890
10/31/2018 7:59,WS Outbound-DCL Inbound,Leroy St and Murray IB,890
10/31/2018 7:59,WS Outbound-DCL Inbound,Leroy St and Murray IB,890
10/31/2018 7:59,WS Outbound-DCL Inbound,Leroy St and Murray IB,890
10/31/2018 7:59,WS Outbound-DCL Inbound,Leroy St and Murray IB,890
10/31/2018 7:59,WS Outbound-DCL Inbound,Leroy St and Murray IB,890
10/31/2018 7:59,WS Outbound-DCL Inbound,Leroy St and Murray IB,890
10/31/2018 7:59,WS Outbound-DCL Inbound,Leroy St and Murray IB,890
10/31/2018 8:00,WS Outbound-DCL Inbound,Leroy St and Murray IB,890
10/31/2018 8:00,WS Outbound-DCL Inbound,Leroy St and Murray IB,890
10/31/2018 8:00,WS Outbound-DCL Inbound,Leroy St and Murray IB,890
10/31/2018 8:00,WS Outbound-DCL Inbound,Leroy St and Murray IB,890
10/31/2018 8:00,WS Outbound-DCL Inbound,Leroy St and Murray IB,890
10/31/2018 8:01,WS Outbound-DCL Inbound,Leroy St and Chestnut IB,890
10/31/2018 8:01,WS Outbound-DCL Inbound,Leroy St and Chestnut IB,890
10/31/2018 8:01,WS Outbound-DCL Inbound,Leroy St and Chestnut IB,890
10/31/2018 8:01,WS Outbound-DCL Inbound,Leroy St and Chestnut IB,890
10/31/2018 8:01,WS Outbound-DCL Inbound,Leroy St and Chestnut IB,890
10/31/2018 8:01,WS Outbound-DCL Inbound,Leroy St and Chestnut IB,890
10/31/2018 8:02,WS Outbound-DCL Inbound,Leroy St and Laurel IB,890
10/31/2018 8:05,WS Outbound-DCL Inbound,Riverside and Beethoven OB,890
10/31/2018 8:07,WS Outbound-DCL Inbound,Riverside and Columbus IB,890
10/31/2018 8:16,WS Outbound-DCL Inbound,Union,890
10/31/2018 8:16,WS Outbound-DCL Inbound,Union,890
10/31/2018 8:26,WS Outbound-DCL Inbound,Floral and Harrison IB,890
10/31/2018 8:27,WS Outbound-DCL Inbound,UDC,37
10/31/2018 8:27,WS Outbound-DCL Inbound,UDC,37
10/31/2018 8:27,WS Outbound-DCL Inbound,UDC,37
10/31/2018 8:27,WS Outbound-DCL Inbound,UDC,37
10/31/2018 8:27,WS Outbound-DCL Inbound,UDC,37
10/31/2018 8:27,WS Outbound-DCL Inbound,UDC,37
10/31/2018 8:30,WS Outbound-DCL Inbound,Leroy St and Murray IB,37
10/31/2018 8:30,WS Outbound-DCL Inbound,Leroy St and Murray IB,37
10/31/2018 8:30,WS Outbound-DCL Inbound,Leroy St and Murray IB,37
10/31/2018 8:30,WS Outbound-DCL Inbound,Leroy St and Murray IB,37
10/31/2018 8:30,WS Outbound-DCL Inbound,Leroy St and Murray IB,37
10/31/2018 8:30,WS Outbound-DCL Inbound,Leroy St and Murray IB,37
10/31/2018 8:30,WS Outbound-DCL Inbound,Leroy St and Murray IB,37
10/31/2018 8:30,WS Outbound-DCL Inbound,Leroy St and Murray IB,37
10/31/2018 8:30,WS Outbound-DCL Inbound,Leroy St and Murray IB,37
10/31/2018 8:31,WS Outbound-DCL Inbound,Leroy St and Chestnut IB,37
10/31/2018 8:32,WS Outbound-DCL Inbound,Leroy St and Chestnut IB,37
10/31/2018 8:32,WS Outbound-DCL Inbound,Leroy St and Chestnut IB,37
10/31/2018 8:32,WS Outbound-DCL Inbound,Leroy St and Chestnut IB,37
10/31/2018 8:33,WS Outbound-DCL Inbound,Main and Murray OB,890
10/31/2018 8:36,WS Outbound-DCL Inbound,Riverside and Margaret OB,37
10/31/2018 8:37,WS Outbound-DCL Inbound,Riverside and Columbus IB,37
10/31/2018 8:39,WS Outbound-DCL Inbound,UDC,890
10/31/2018 8:39,WS Outbound-DCL Inbound,UDC,890
10/31/2018 8:43,WS Outbound-DCL Inbound,Leroy St and Front,890
10/31/2018 8:43,WS Outbound-DCL Inbound,Leroy St and Front,890
10/31/2018 8:44,WS Outbound-DCL Inbound,Leroy St and Murray IB,890
10/31/2018 8:44,WS Outbound-DCL Inbound,Leroy St and Murray IB,890
10/31/2018 8:44,WS Outbound-DCL Inbound,Leroy St and Murray IB,890
10/31/2018 8:44,WS Outbound-DCL Inbound,Leroy St and Murray IB,890
10/31/2018 8:44,WS Outbound-DCL Inbound,Leroy St and Murray IB,890
10/31/2018 8:44,WS Outbound-DCL Inbound,Leroy St and Murray IB,890
10/31/2018 8:44,WS Outbound-DCL Inbound,Leroy St and Murray IB,890
10/31/2018 8:45,WS Outbound-DCL Inbound,Leroy St and Chestnut IB,890
10/31/2018 8:45,WS Outbound-DCL Inbound,Leroy St and Chestnut IB,890
10/31/2018 8:45,WS Outbound-DCL Inbound,Leroy St and Chestnut IB,890
10/31/2018 8:45,WS Outbound-DCL Inbound,Leroy St and Chestnut IB,890
10/31/2018 8:45,WS Outbound-DCL Inbound,Leroy St and Chestnut IB,890
10/31/2018 8:46,WS Outbound-DCL Inbound,Leroy St and Laurel IB,890
10/31/2018 8:50,WS Outbound-DCL Inbound,UDC,787
10/31/2018 8:53,WS Outbound-DCL Inbound,UDC,787
10/31/2018 8:53,WS Outbound-DCL Inbound,UDC,787
10/31/2018 8:54,WS Outbound-DCL Inbound,UDC,787
10/31/2018 8:54,WS Outbound-DCL Inbound,UDC,787
10/31/2018 8:54,WS Outbound-DCL Inbound,UDC,787
10/31/2018 8:55,WS Outbound-DCL Inbound,UDC,787
10/31/2018 8:55,WS Outbound-DCL Inbound,UDC,787
10/31/2018 8:58,WS Outbound-DCL Inbound,Leroy St and Front,787
10/31/2018 8:58,WS Outbound-DCL Inbound,Leroy St and Front,787
10/31/2018 8:58,WS Outbound-DCL Inbound,Leroy St and Front,787
10/31/2018 8:58,WS Outbound-DCL Inbound,Leroy St and Front,787
10/31/2018 8:58,WS Outbound-DCL Inbound,Leroy St and Front,787
10/31/2018 8:58,WS Outbound-DCL Inbound,Leroy St and Front,787
10/31/2018 8:58,WS Outbound-DCL Inbound,Leroy St and Front,787
10/31/2018 8:59,WS Outbound-DCL Inbound,Leroy St and Murray IB,787
10/31/2018 8:59,WS Outbound-DCL Inbound,Leroy St and Murray IB,787
10/31/2018 8:59,WS Outbound-DCL Inbound,Leroy St and Murray IB,787
10/31/2018 8:59,WS Outbound-DCL Inbound,Leroy St and Murray IB,787
10/31/2018 8:59,WS Outbound-DCL Inbound,Leroy St and Murray IB,787
10/31/2018 8:59,WS Outbound-DCL Inbound,Leroy St and Murray IB,787
10/31/2018 8:59,WS Outbound-DCL Inbound,Leroy St and Murray IB,787
10/31/2018 8:59,WS Outbound-DCL Inbound,Leroy St and Murray IB,787
10/31/2018 8:59,WS Outbound-DCL Inbound,Leroy St and Murray IB,787
10/31/2018 8:59,WS Outbound-DCL Inbound,Leroy St and Murray IB,787
10/31/2018 8:59,WS Outbound-DCL Inbound,Leroy St and Murray IB,787
10/31/2018 8:59,WS Outbound-DCL Inbound,Union,890
10/31/2018 8:59,WS Outbound-DCL Inbound,Union,890
10/31/2018 8:59,WS Outbound-DCL Inbound,Leroy St and Murray IB,787
10/31/2018 8:59,WS Outbound-DCL Inbound,Union,890
10/31/2018 8:59,WS Outbound-DCL Inbound,Leroy St and Murray IB,787
10/31/2018 8:59,WS Outbound-DCL Inbound,Leroy St and Murray IB,787
10/31/2018 8:59,WS Outbound-DCL Inbound,Union,890
10/31/2018 8:59,WS Outbound-DCL Inbound,Union,890
10/31/2018 9:00,WS Outbound-DCL Inbound,Leroy St and Murray IB,787
10/31/2018 9:00,WS Outbound-DCL Inbound,Union,890
10/31/2018 9:00,WS Outbound-DCL Inbound,Union,890
10/31/2018 9:00,WS Outbound-DCL Inbound,Leroy St and Murray IB,787
10/31/2018 9:00,WS Outbound-DCL Inbound,Union,890
10/31/2018 9:00,WS Outbound-DCL Inbound,Leroy St and Murray IB,787
10/31/2018 9:00,WS Outbound-DCL Inbound,Leroy St and Murray IB,787
10/31/2018 9:00,WS Outbound-DCL Inbound,Union,890
10/31/2018 9:00,WS Outbound-DCL Inbound,Union,890
10/31/2018 9:00,WS Outbound-DCL Inbound,Leroy St and Murray IB,787
10/31/2018 9:00,WS Outbound-DCL Inbound,Leroy St and Murray IB,787
10/31/2018 9:00,WS Outbound-DCL Inbound,Union,890
10/31/2018 9:00,WS Outbound-DCL Inbound,Leroy St and Murray IB,787
10/31/2018 9:00,WS Outbound-DCL Inbound,Union,890
10/31/2018 9:00,WS Outbound-DCL Inbound,Leroy St and Murray IB,787
10/31/2018 9:01,WS Outbound-DCL Inbound,Leroy St and Chestnut IB,787
10/31/2018 9:01,WS Outbound-DCL Inbound,Leroy St and Chestnut IB,787
10/31/2018 9:01,WS Outbound-DCL Inbound,Leroy St and Chestnut IB,787
10/31/2018 9:01,WS Outbound-DCL Inbound,Leroy St and Chestnut IB,787
10/31/2018 9:01,WS Outbound-DCL Inbound,Leroy St and Chestnut IB,787
10/31/2018 9:01,WS Outbound-DCL Inbound,Leroy St and Chestnut IB,787
10/31/2018 9:01,WS Outbound-DCL Inbound,Leroy St and Chestnut IB,787
10/31/2018 9:01,WS Outbound-DCL Inbound,Leroy St and Chestnut IB,787
10/31/2018 9:01,WS Outbound-DCL Inbound,Leroy St and Chestnut IB,787
10/31/2018 9:01,WS Outbound-DCL Inbound,Leroy St and Chestnut IB,787
10/31/2018 9:01,WS Outbound-DCL Inbound,Leroy St and Chestnut IB,787
10/31/2018 9:01,WS Outbound-DCL Inbound,Leroy St and Chestnut IB,787
10/31/2018 9:02,WS Outbound-DCL Inbound,Leroy St and Chestnut IB,787
10/31/2018 9:02,WS Outbound-DCL Inbound,Leroy St and Chestnut IB,787
10/31/2018 9:02,WS Outbound-DCL Inbound,Leroy St and Chestnut IB,787
10/31/2018 9:02,WS Outbound-DCL Inbound,Leroy St and Chestnut IB,787
10/31/2018 9:06,WS Outbound-DCL Inbound,Riverside and Margaret OB,787
10/31/2018 9:19,WS Outbound-DCL Inbound,UDC,891
10/31/2018 9:21,WS Outbound-DCL Inbound,UDC,891
10/31/2018 9:22,WS Outbound-DCL Inbound,UDC,891
10/31/2018 9:22,WS Outbound-DCL Inbound,UDC,891
10/31/2018 9:23,WS Outbound-DCL Inbound,UDC,891
10/31/2018 9:23,WS Outbound-DCL Inbound,UDC,891
10/31/2018 9:24,WS Outbound-DCL Inbound,UDC,891
10/31/2018 9:24,WS Outbound-DCL Inbound,UDC,891
10/31/2018 9:24,WS Outbound-DCL Inbound,UDC,891
10/31/2018 9:24,WS Outbound-DCL Inbound,UDC,891
10/31/2018 9:27,WS Outbound-DCL Inbound,Leroy St and Front,891
10/31/2018 9:27,WS Outbound-DCL Inbound,Leroy St and Front,891
10/31/2018 9:28,WS Outbound-DCL Inbound,Leroy St and Murray IB,891
10/31/2018 9:28,WS Outbound-DCL Inbound,Leroy St and Murray IB,891
10/31/2018 9:28,WS Outbound-DCL Inbound,Leroy St and Murray IB,891
10/31/2018 9:28,WS Outbound-DCL Inbound,Leroy St and Murray IB,891
10/31/2018 9:28,WS Outbound-DCL Inbound,Leroy St and Murray IB,891
10/31/2018 9:28,WS Outbound-DCL Inbound,Leroy St and Murray IB,891
10/31/2018 9:28,WS Outbound-DCL Inbound,Leroy St and Murray IB,891
10/31/2018 9:28,WS Outbound-DCL Inbound,Leroy St and Murray IB,891
10/31/2018 9:28,WS Outbound-DCL Inbound,Leroy St and Murray IB,891
10/31/2018 9:28,WS Outbound-DCL Inbound,Leroy St and Murray IB,891
10/31/2018 9:28,WS Outbound-DCL Inbound,Leroy St and Murray IB,891
10/31/2018 9:29,WS Outbound-DCL Inbound,Leroy St and Chestnut IB,891
10/31/2018 9:29,WS Outbound-DCL Inbound,Leroy St and Chestnut IB,891
10/31/2018 9:29,WS Outbound-DCL Inbound,Leroy St and Chestnut IB,891
10/31/2018 9:29,WS Outbound-DCL Inbound,Leroy St and Chestnut IB,891
10/31/2018 9:29,WS Outbound-DCL Inbound,Leroy St and Chestnut IB,891
10/31/2018 9:29,WS Outbound-DCL Inbound,Leroy St and Chestnut IB,891
10/31/2018 9:29,WS Outbound-DCL Inbound,Leroy St and Chestnut IB,891
10/31/2018 9:29,WS Outbound-DCL Inbound,Leroy St and Chestnut IB,891
10/31/2018 9:29,WS Outbound-DCL Inbound,Leroy St and Chestnut IB,891
10/31/2018 9:31,WS Outbound-DCL Inbound,Beethoven and Leroy,891
10/31/2018 9:31,WS Outbound-DCL Inbound,Main and Arthur,42
10/31/2018 9:32,WS Outbound-DCL Inbound,Main and Murray OB,42
10/31/2018 9:34,WS Outbound-DCL Inbound,UDC,42
10/31/2018 9:40,WS Outbound-DCL Inbound,UDC,42
10/31/2018 9:42,WS Outbound-DCL Inbound,Leroy St and Front,42
10/31/2018 9:43,WS Outbound-DCL Inbound,Leroy St and Murray OB,42
10/31/2018 9:43,WS Outbound-DCL Inbound,Leroy St and Murray OB,42
10/31/2018 9:43,WS Outbound-DCL Inbound,Leroy St and Murray OB,42
10/31/2018 9:44,WS Outbound-DCL Inbound,Leroy St and Murray IB,42
10/31/2018 9:44,WS Outbound-DCL Inbound,Leroy St and Chestnut IB,42
10/31/2018 9:45,WS Outbound-DCL Inbound,Leroy St and Chestnut IB,42
10/31/2018 9:45,WS Outbound-DCL Inbound,Leroy St and Chestnut IB,42
10/31/2018 9:46,WS Outbound-DCL Inbound,Leroy St and Laurel IB,42
10/31/2018 9:48,WS Outbound-DCL Inbound,Physical Facilities OB,890
10/31/2018 9:48,WS Outbound-DCL Inbound,Physical Facilities OB,890
10/31/2018 9:48,WS Outbound-DCL Inbound,Physical Facilities OB,890
10/31/2018 9:57,WS Outbound-DCL Inbound,Main and Helen OB,890
10/31/2018 9:58,WS Outbound-DCL Inbound,Mohawk,42
10/31/2018 9:58,WS Outbound-DCL Inbound,Mohawk,42
10/31/2018 9:58,WS Outbound-DCL Inbound,Mohawk,42
10/31/2018 9:58,WS Outbound-DCL Inbound,Mohawk,42
10/31/2018 9:58,WS Outbound-DCL Inbound,Mohawk,42
10/31/2018 9:58,WS Outbound-DCL Inbound,Mohawk,42
10/31/2018 9:59,WS Outbound-DCL Inbound,Main and Schiller IB,890
10/31/2018 10:08,WS Outbound-DCL Inbound,UDC,890
10/31/2018 10:08,WS Outbound-DCL Inbound,UDC,890
10/31/2018 10:08,WS Outbound-DCL Inbound,UDC,890
10/31/2018 10:08,WS Outbound-DCL Inbound,UDC,890
10/31/2018 10:08,WS Outbound-DCL Inbound,UDC,890
10/31/2018 10:08,WS Outbound-DCL Inbound,UDC,890
10/31/2018 10:08,WS Outbound-DCL Inbound,UDC,890
10/31/2018 10:08,WS Outbound-DCL Inbound,UDC,890
10/31/2018 10:12,WS Outbound-DCL Inbound,Leroy St and Front,890
10/31/2018 10:12,WS Outbound-DCL Inbound,Leroy St and Front,890
10/31/2018 10:12,WS Outbound-DCL Inbound,Union,42
10/31/2018 10:12,WS Outbound-DCL Inbound,Union,42
10/31/2018 10:12,WS Outbound-DCL Inbound,Union,42
10/31/2018 10:13,WS Outbound-DCL Inbound,Union,42
10/31/2018 10:13,WS Outbound-DCL Inbound,Leroy St and Murray IB,890
10/31/2018 10:13,WS Outbound-DCL Inbound,Leroy St and Murray IB,890
10/31/2018 10:13,WS Outbound-DCL Inbound,Leroy St and Murray IB,890
10/31/2018 10:13,WS Outbound-DCL Inbound,Leroy St and Murray IB,890
10/31/2018 10:13,WS Outbound-DCL Inbound,Leroy St and Murray IB,890
10/31/2018 10:13,WS Outbound-DCL Inbound,Leroy St and Murray IB,890
10/31/2018 10:13,WS Outbound-DCL Inbound,Leroy St and Murray IB,890
10/31/2018 10:13,WS Outbound-DCL Inbound,Leroy St and Murray IB,890
10/31/2018 10:13,WS Outbound-DCL Inbound,Union,43
10/31/2018 10:13,WS Outbound-DCL Inbound,Union,43
10/31/2018 10:14,WS Outbound-DCL Inbound,Union,43
10/31/2018 10:14,WS Outbound-DCL Inbound,Union,43
10/31/2018 10:14,WS Outbound-DCL Inbound,Leroy St and Chestnut IB,890
10/31/2018 10:14,WS Outbound-DCL Inbound,Leroy St and Chestnut IB,890
10/31/2018 10:14,WS Outbound-DCL Inbound,Leroy St and Chestnut IB,890
10/31/2018 10:14,WS Outbound-DCL Inbound,Leroy St and Chestnut IB,890
10/31/2018 10:14,WS Outbound-DCL Inbound,Leroy St and Chestnut IB,890
10/31/2018 10:14,WS Outbound-DCL Inbound,Leroy St and Chestnut IB,890
10/31/2018 10:14,WS Outbound-DCL Inbound,Leroy St and Chestnut IB,890
10/31/2018 10:14,WS Outbound-DCL Inbound,Union,43
10/31/2018 10:14,WS Outbound-DCL Inbound,Leroy St and Chestnut IB,890
10/31/2018 10:15,WS Outbound-DCL Inbound,Union,42
10/31/2018 10:15,WS Outbound-DCL Inbound,Leroy St and Chestnut IB,890
10/31/2018 10:15,WS Outbound-DCL Inbound,Leroy St and Laurel IB,890
10/31/2018 10:16,WS Outbound-DCL Inbound,Union,42
10/31/2018 10:19,WS Outbound-DCL Inbound,UDC,889
10/31/2018 10:19,WS Outbound-DCL Inbound,Riverside and Columbus IB,890
10/31/2018 10:21,WS Outbound-DCL Inbound,UDC,889
10/31/2018 10:23,WS Outbound-DCL Inbound,UDC,889
10/31/2018 10:23,WS Outbound-DCL Inbound,UDC,889
10/31/2018 10:23,WS Outbound-DCL Inbound,UDC,889
10/31/2018 10:24,WS Outbound-DCL Inbound,UDC,889
10/31/2018 10:24,WS Outbound-DCL Inbound,UDC,889
10/31/2018 10:24,WS Outbound-DCL Inbound,UDC,889
10/31/2018 10:24,WS Outbound-DCL Inbound,UDC,889
10/31/2018 10:25,WS Outbound-DCL Inbound,UDC,889
10/31/2018 10:27,WS Outbound-DCL Inbound,Leroy St and Front,889
10/31/2018 10:27,WS Outbound-DCL Inbound,Leroy St and Front,889
10/31/2018 10:27,WS Outbound-DCL Inbound,Leroy St and Front,889
10/31/2018 10:28,WS Outbound-DCL Inbound,Union,890
10/31/2018 10:28,WS Outbound-DCL Inbound,Union,890
10/31/2018 10:28,WS Outbound-DCL Inbound,Union,890
10/31/2018 10:28,WS Outbound-DCL Inbound,Main and Schiller OB,42
10/31/2018 10:28,WS Outbound-DCL Inbound,Leroy St and Murray IB,889
10/31/2018 10:28,WS Outbound-DCL Inbound,Leroy St and Murray IB,889
10/31/2018 10:28,WS Outbound-DCL Inbound,Union,890
10/31/2018 10:28,WS Outbound-DCL Inbound,Main and Schiller OB,42
10/31/2018 10:28,WS Outbound-DCL Inbound,Leroy St and Murray IB,889
10/31/2018 10:28,WS Outbound-DCL Inbound,Leroy St and Murray IB,889
10/31/2018 10:28,WS Outbound-DCL Inbound,Leroy St and Murray IB,889
10/31/2018 10:28,WS Outbound-DCL Inbound,Union,890
10/31/2018 10:28,WS Outbound-DCL Inbound,Leroy St and Murray IB,889
10/31/2018 10:28,WS Outbound-DCL Inbound,Leroy St and Murray IB,889
10/31/2018 10:28,WS Outbound-DCL Inbound,Leroy St and Murray IB,889
10/31/2018 10:28,WS Outbound-DCL Inbound,Leroy St and Murray IB,889
10/31/2018 10:28,WS Outbound-DCL Inbound,Leroy St and Murray IB,889
10/31/2018 10:28,WS Outbound-DCL Inbound,Union,890
10/31/2018 10:29,WS Outbound-DCL Inbound,Leroy St and Murray IB,889
10/31/2018 10:29,WS Outbound-DCL Inbound,Leroy St and Murray IB,889
10/31/2018 10:29,WS Outbound-DCL Inbound,Leroy St and Murray IB,889
10/31/2018 10:29,WS Outbound-DCL Inbound,Leroy St and Murray IB,889
10/31/2018 10:29,WS Outbound-DCL Inbound,Leroy St and Murray IB,889
10/31/2018 10:29,WS Outbound-DCL Inbound,Leroy St and Murray IB,889
10/31/2018 10:29,WS Outbound-DCL Inbound,Union,890
10/31/2018 10:29,WS Outbound-DCL Inbound,Leroy St and Chestnut IB,889
10/31/2018 10:29,WS Outbound-DCL Inbound,Leroy St and Chestnut IB,889
10/31/2018 10:29,WS Outbound-DCL Inbound,Leroy St and Chestnut IB,889
10/31/2018 10:30,WS Outbound-DCL Inbound,Leroy St and Chestnut IB,889
10/31/2018 10:30,WS Outbound-DCL Inbound,Leroy St and Chestnut IB,889
10/31/2018 10:30,WS Outbound-DCL Inbound,Leroy St and Chestnut IB,889
10/31/2018 10:30,WS Outbound-DCL Inbound,Leroy St and Chestnut IB,889
10/31/2018 10:30,WS Outbound-DCL Inbound,Leroy St and Chestnut IB,889
10/31/2018 10:30,WS Outbound-DCL Inbound,Main and Cedar OB,42
10/31/2018 10:32,WS Outbound-DCL Inbound,Main and Murray OB,42
10/31/2018 10:34,WS Outbound-DCL Inbound,Hawley OB,42
10/31/2018 10:34,WS Outbound-DCL Inbound,Hawley OB,42
10/31/2018 10:34,WS Outbound-DCL Inbound,Riverside and Columbus IB,889
10/31/2018 10:35,WS Outbound-DCL Inbound,UDC,42
10/31/2018 10:35,WS Outbound-DCL Inbound,UDC,42
10/31/2018 10:35,WS Outbound-DCL Inbound,UDC,42
10/31/2018 10:42,WS Outbound-DCL Inbound,Leroy St and Front,42
10/31/2018 10:43,WS Outbound-DCL Inbound,Leroy St and Murray IB,42
10/31/2018 10:43,WS Outbound-DCL Inbound,Leroy St and Murray IB,42
10/31/2018 10:43,WS Outbound-DCL Inbound,Leroy St and Murray IB,42
10/31/2018 10:43,WS Outbound-DCL Inbound,Leroy St and Murray IB,42
10/31/2018 10:43,WS Outbound-DCL Inbound,Leroy St and Murray IB,42
10/31/2018 10:43,WS Outbound-DCL Inbound,Leroy St and Murray IB,42
10/31/2018 10:44,WS Outbound-DCL Inbound,Leroy St and Chestnut OB,890
10/31/2018 10:44,WS Outbound-DCL Inbound,Leroy St and Chestnut OB,42
10/31/2018 10:44,WS Outbound-DCL Inbound,Leroy St and Chestnut OB,42
10/31/2018 10:44,WS Outbound-DCL Inbound,Leroy St and Chestnut OB,42
10/31/2018 10:44,WS Outbound-DCL Inbound,Leroy St and Chestnut OB,42
10/31/2018 10:44,WS Outbound-DCL Inbound,Leroy St and Chestnut OB,42
10/31/2018 10:45,WS Outbound-DCL Inbound,Union,889
10/31/2018 10:45,WS Outbound-DCL Inbound,Union,889
10/31/2018 10:45,WS Outbound-DCL Inbound,Union,889
10/31/2018 10:45,WS Outbound-DCL Inbound,Union,889
10/31/2018 10:45,WS Outbound-DCL Inbound,Union,889
10/31/2018 10:45,WS Outbound-DCL Inbound,Union,889
10/31/2018 10:45,WS Outbound-DCL Inbound,Union,889
10/31/2018 10:45,WS Outbound-DCL Inbound,Union,889
10/31/2018 10:45,WS Outbound-DCL Inbound,Union,889
10/31/2018 10:45,WS Outbound-DCL Inbound,Union,889
10/31/2018 10:45,WS Outbound-DCL Inbound,Union,889
10/31/2018 10:45,WS Outbound-DCL Inbound,Union,889
10/31/2018 10:45,WS Outbound-DCL Inbound,Union,889
10/31/2018 10:45,WS Outbound-DCL Inbound,Union,889
10/31/2018 10:46,WS Outbound-DCL Inbound,Union,889
10/31/2018 10:46,WS Outbound-DCL Inbound,Union,889
10/31/2018 10:46,WS Outbound-DCL Inbound,Union,889
10/31/2018 10:46,WS Outbound-DCL Inbound,Union,889
10/31/2018 10:46,WS Outbound-DCL Inbound,Union,889
10/31/2018 10:46,WS Outbound-DCL Inbound,Union,889
10/31/2018 10:46,WS Outbound-DCL Inbound,Union,889
10/31/2018 10:46,WS Outbound-DCL Inbound,Union,889
10/31/2018 10:46,WS Outbound-DCL Inbound,Union,889
10/31/2018 10:46,WS Outbound-DCL Inbound,Union,889
10/31/2018 10:46,WS Outbound-DCL Inbound,Union,889
10/31/2018 10:46,WS Outbound-DCL Inbound,Union,889
10/31/2018 10:46,WS Outbound-DCL Inbound,Union,889
10/31/2018 10:50,WS Outbound-DCL Inbound,Physical Facilities,889
10/31/2018 10:50,WS Outbound-DCL Inbound,Physical Facilities,889
10/31/2018 10:50,WS Outbound-DCL Inbound,UDC,37
10/31/2018 10:50,WS Outbound-DCL Inbound,UDC,37
10/31/2018 10:50,WS Outbound-DCL Inbound,UDC,37
10/31/2018 10:51,WS Outbound-DCL Inbound,UDC,37
10/31/2018 10:51,WS Outbound-DCL Inbound,UDC,37
10/31/2018 10:51,WS Outbound-DCL Inbound,UDC,37
10/31/2018 10:51,WS Outbound-DCL Inbound,UDC,37
10/31/2018 10:51,WS Outbound-DCL Inbound,UDC,37
10/31/2018 10:51,WS Outbound-DCL Inbound,UDC,37
10/31/2018 10:51,WS Outbound-DCL Inbound,UDC,37
10/31/2018 10:51,WS Outbound-DCL Inbound,UDC,37
10/31/2018 10:51,WS Outbound-DCL Inbound,UDC,37
10/31/2018 10:51,WS Outbound-DCL Inbound,UDC,37
10/31/2018 10:54,WS Outbound-DCL Inbound,UDC,37
10/31/2018 10:54,WS Outbound-DCL Inbound,UDC,37
10/31/2018 10:54,WS Outbound-DCL Inbound,UDC,37
10/31/2018 10:54,WS Outbound-DCL Inbound,UDC,37
10/31/2018 10:54,WS Outbound-DCL Inbound,UDC,37
10/31/2018 10:54,WS Outbound-DCL Inbound,Main and Mather,890
10/31/2018 10:54,WS Outbound-DCL Inbound,Main and Mather,890
10/31/2018 10:56,WS Outbound-DCL Inbound,Main and Clarke OB,890
10/31/2018 10:56,WS Outbound-DCL Inbound,Main and Clarke OB,890
10/31/2018 10:57,WS Outbound-DCL Inbound,Leroy St and Front,37
10/31/2018 10:58,WS Outbound-DCL Inbound,Floral and Cleveland OB,889
10/31/2018 10:58,WS Outbound-DCL Inbound,Leroy St and Murray IB,37
10/31/2018 10:58,WS Outbound-DCL Inbound,Leroy St and Murray IB,37
10/31/2018 10:58,WS Outbound-DCL Inbound,Leroy St and Murray IB,37
10/31/2018 10:59,WS Outbound-DCL Inbound,Leroy St and Chestnut IB,37
10/31/2018 10:59,WS Outbound-DCL Inbound,Leroy St and Chestnut IB,37
10/31/2018 11:02,WS Outbound-DCL Inbound,Main and Schiller OB,889
10/31/2018 11:03,WS Outbound-DCL Inbound,Main and Clarke OB,889
10/31/2018 11:04,WS Outbound-DCL Inbound,Main and Cedar OB,889
10/31/2018 11:04,WS Outbound-DCL Inbound,Main and Cedar OB,889
10/31/2018 11:04,WS Outbound-DCL Inbound,Main and Cedar OB,889
10/31/2018 11:04,WS Outbound-DCL Inbound,Main and Cedar OB,889
10/31/2018 11:04,WS Outbound-DCL Inbound,Main and Cedar OB,889
10/31/2018 11:05,WS Outbound-DCL Inbound,Main and Arthur,889
10/31/2018 11:13,WS Outbound-DCL Inbound,Union,37
10/31/2018 11:13,WS Outbound-DCL Inbound,Union,37
10/31/2018 11:13,WS Outbound-DCL Inbound,Union,37
10/31/2018 11:14,WS Outbound-DCL Inbound,Leroy St and Front,889
10/31/2018 11:14,WS Outbound-DCL Inbound,Leroy St and Front,889
10/31/2018 11:14,WS Outbound-DCL Inbound,Leroy St and Front,889
10/31/2018 11:14,WS Outbound-DCL Inbound,Leroy St and Front,889
10/31/2018 11:15,WS Outbound-DCL Inbound,Leroy St and Chestnut OB,889
10/31/2018 11:15,WS Outbound-DCL Inbound,Leroy St and Chestnut OB,889
10/31/2018 11:15,WS Outbound-DCL Inbound,Leroy St and Chestnut OB,889
10/31/2018 11:31,WS Outbound-DCL Inbound,Main and Murray OB,890
10/31/2018 11:36,WS Outbound-DCL Inbound,UDC,890
10/31/2018 11:36,WS Outbound-DCL Inbound,UDC,890
10/31/2018 11:38,WS Outbound-DCL Inbound,UDC,890
10/31/2018 11:39,WS Outbound-DCL Inbound,Union,42
10/31/2018 11:39,WS Outbound-DCL Inbound,Union,42
10/31/2018 11:43,WS Outbound-DCL Inbound,Union,42
10/31/2018 11:43,WS Outbound-DCL Inbound,Leroy St and Front,890
10/31/2018 11:43,WS Outbound-DCL Inbound,Leroy St and Front,890
10/31/2018 11:43,WS Outbound-DCL Inbound,Union,42
10/31/2018 11:43,WS Outbound-DCL Inbound,Leroy St and Front,890
10/31/2018 11:44,WS Outbound-DCL Inbound,Leroy St and Murray IB,890
10/31/2018 11:44,WS Outbound-DCL Inbound,Leroy St and Murray IB,890
10/31/2018 11:44,WS Outbound-DCL Inbound,Leroy St and Murray IB,890
10/31/2018 11:44,WS Outbound-DCL Inbound,Leroy St and Murray IB,890
10/31/2018 11:44,WS Outbound-DCL Inbound,Leroy St and Murray IB,890
10/31/2018 11:44,WS Outbound-DCL Inbound,Leroy St and Murray IB,890
10/31/2018 11:44,WS Outbound-DCL Inbound,Leroy St and Murray IB,890
10/31/2018 11:44,WS Outbound-DCL Inbound,Leroy St and Murray IB,890
10/31/2018 11:44,WS Outbound-DCL Inbound,Union,42
10/31/2018 11:44,WS Outbound-DCL Inbound,Union,42
10/31/2018 11:45,WS Outbound-DCL Inbound,Union,42
10/31/2018 11:45,WS Outbound-DCL Inbound,Leroy St and Chestnut IB,890
10/31/2018 11:45,WS Outbound-DCL Inbound,Leroy St and Chestnut IB,890
10/31/2018 11:45,WS Outbound-DCL Inbound,Leroy St and Chestnut IB,890
10/31/2018 11:45,WS Outbound-DCL Inbound,Leroy St and Chestnut IB,890
10/31/2018 11:45,WS Outbound-DCL Inbound,Leroy St and Chestnut IB,890
10/31/2018 11:45,WS Outbound-DCL Inbound,Leroy St and Chestnut IB,890
10/31/2018 11:45,WS Outbound-DCL Inbound,Leroy St and Chestnut IB,890
10/31/2018 11:45,WS Outbound-DCL Inbound,Leroy St and Chestnut IB,890
10/31/2018 11:45,WS Outbound-DCL Inbound,Leroy St and Chestnut IB,890
10/31/2018 11:46,WS Outbound-DCL Inbound,Union,42
10/31/2018 11:49,WS Outbound-DCL Inbound,Physical Facilities,42
10/31/2018 11:58,WS Outbound-DCL Inbound,Union,891
10/31/2018 11:58,WS Outbound-DCL Inbound,Union,891
10/31/2018 11:58,WS Outbound-DCL Inbound,Union,891
10/31/2018 11:58,WS Outbound-DCL Inbound,Union,891
10/31/2018 11:58,WS Outbound-DCL Inbound,Union,891
10/31/2018 11:58,WS Outbound-DCL Inbound,Union,891
10/31/2018 11:58,WS Outbound-DCL Inbound,Union,891
10/31/2018 11:58,WS Outbound-DCL Inbound,Union,891
10/31/2018 11:58,WS Outbound-DCL Inbound,Union,891
10/31/2018 11:58,WS Outbound-DCL Inbound,Main and Schiller OB,42
10/31/2018 11:58,WS Outbound-DCL Inbound,Union,891
10/31/2018 11:58,WS Outbound-DCL Inbound,Union,891
10/31/2018 11:58,WS Outbound-DCL Inbound,Union,891
10/31/2018 11:58,WS Outbound-DCL Inbound,Union,891
10/31/2018 11:59,WS Outbound-DCL Inbound,Union,891
10/31/2018 11:59,WS Outbound-DCL Inbound,Union,891
10/31/2018 11:59,WS Outbound-DCL Inbound,Union,891
10/31/2018 11:59,WS Outbound-DCL Inbound,Union,891
10/31/2018 11:59,WS Outbound-DCL Inbound,Union,891
10/31/2018 11:59,WS Outbound-DCL Inbound,Union,891
10/31/2018 11:59,WS Outbound-DCL Inbound,Union,891
10/31/2018 11:59,WS Outbound-DCL Inbound,Union,891
10/31/2018 11:59,WS Outbound-DCL Inbound,Union,891
10/31/2018 11:59,WS Outbound-DCL Inbound,Union,891
10/31/2018 11:59,WS Outbound-DCL Inbound,Main and Clarke IB,42
10/31/2018 12:00,WS Outbound-DCL Inbound,Union,891
10/31/2018 12:00,WS Outbound-DCL Inbound,Union,891
10/31/2018 12:00,WS Outbound-DCL Inbound,Main and Cedar OB,42
10/31/2018 12:00,WS Outbound-DCL Inbound,Main and Cedar OB,42
10/31/2018 12:00,WS Outbound-DCL Inbound,Main and Cedar OB,42
10/31/2018 12:00,WS Outbound-DCL Inbound,Union,891
10/31/2018 12:00,WS Outbound-DCL Inbound,Union,891
10/31/2018 12:00,WS Outbound-DCL Inbound,Union,891
10/31/2018 12:01,WS Outbound-DCL Inbound,Union,890
10/31/2018 12:01,WS Outbound-DCL Inbound,Union,890
10/31/2018 12:01,WS Outbound-DCL Inbound,Union,890
10/31/2018 12:01,WS Outbound-DCL Inbound,Union,890
10/31/2018 12:01,WS Outbound-DCL Inbound,Union,890
10/31/2018 12:01,WS Outbound-DCL Inbound,Union,890
10/31/2018 12:01,WS Outbound-DCL Inbound,Union,890
10/31/2018 12:01,WS Outbound-DCL Inbound,Union,890
10/31/2018 12:01,WS Outbound-DCL Inbound,Union,890
10/31/2018 12:01,WS Outbound-DCL Inbound,Union,890
10/31/2018 12:01,WS Outbound-DCL Inbound,Union,890
10/31/2018 12:02,WS Outbound-DCL Inbound,Union,890
10/31/2018 12:02,WS Outbound-DCL Inbound,Union,890
10/31/2018 12:02,WS Outbound-DCL Inbound,Union,890
10/31/2018 12:02,WS Outbound-DCL Inbound,Union,890
10/31/2018 12:03,WS Outbound-DCL Inbound,Physical Facilities,891
10/31/2018 12:03,WS Outbound-DCL Inbound,Physical Facilities,891
10/31/2018 12:03,WS Outbound-DCL Inbound,Union,890
10/31/2018 12:06,WS Outbound-DCL Inbound,UDC,42
10/31/2018 12:06,WS Outbound-DCL Inbound,UDC,42
10/31/2018 12:06,WS Outbound-DCL Inbound,UDC,42
10/31/2018 12:06,WS Outbound-DCL Inbound,UDC,42
10/31/2018 12:06,WS Outbound-DCL Inbound,UDC,42
10/31/2018 12:06,WS Outbound-DCL Inbound,UDC,42
10/31/2018 12:06,WS Outbound-DCL Inbound,UDC,42
10/31/2018 12:06,WS Outbound-DCL Inbound,UDC,42
10/31/2018 12:06,WS Outbound-DCL Inbound,UDC,42
10/31/2018 12:11,WS Outbound-DCL Inbound,Union,526
10/31/2018 12:11,WS Outbound-DCL Inbound,Union,526
10/31/2018 12:11,WS Outbound-DCL Inbound,Union,526
10/31/2018 12:11,WS Outbound-DCL Inbound,Union,526
10/31/2018 12:11,WS Outbound-DCL Inbound,Union,526
10/31/2018 12:11,WS Outbound-DCL Inbound,Union,526
10/31/2018 12:11,WS Outbound-DCL Inbound,Union,526
10/31/2018 12:12,WS Outbound-DCL Inbound,Union,526
10/31/2018 12:12,WS Outbound-DCL Inbound,Leroy St and Front,42
10/31/2018 12:12,WS Outbound-DCL Inbound,Leroy St and Front,42
10/31/2018 12:12,WS Outbound-DCL Inbound,Union,526
10/31/2018 12:13,WS Outbound-DCL Inbound,Leroy St and Murray IB,42
10/31/2018 12:13,WS Outbound-DCL Inbound,Leroy St and Murray IB,42
10/31/2018 12:13,WS Outbound-DCL Inbound,Leroy St and Murray IB,42
10/31/2018 12:13,WS Outbound-DCL Inbound,Leroy St and Murray IB,42
10/31/2018 12:13,WS Outbound-DCL Inbound,Leroy St and Murray IB,42
10/31/2018 12:13,WS Outbound-DCL Inbound,Leroy St and Murray IB,42
10/31/2018 12:14,WS Outbound-DCL Inbound,UDC,890
10/31/2018 12:14,WS Outbound-DCL Inbound,UDC,890
10/31/2018 12:14,WS Outbound-DCL Inbound,UDC,890
10/31/2018 12:14,WS Outbound-DCL Inbound,UDC,890
10/31/2018 12:14,WS Outbound-DCL Inbound,UDC,890
10/31/2018 12:14,WS Outbound-DCL Inbound,UDC,890
10/31/2018 12:14,WS Outbound-DCL Inbound,UDC,890
10/31/2018 12:14,WS Outbound-DCL Inbound,UDC,890
10/31/2018 12:14,WS Outbound-DCL Inbound,Leroy St and Chestnut IB,42
10/31/2018 12:14,WS Outbound-DCL Inbound,Leroy St and Chestnut IB,42
10/31/2018 12:14,WS Outbound-DCL Inbound,Leroy St and Chestnut IB,42
10/31/2018 12:14,WS Outbound-DCL Inbound,UDC,890
10/31/2018 12:14,WS Outbound-DCL Inbound,Union,526
10/31/2018 12:14,WS Outbound-DCL Inbound,Union,526
10/31/2018 12:14,WS Outbound-DCL Inbound,UDC,890
10/31/2018 12:14,WS Outbound-DCL Inbound,UDC,890
10/31/2018 12:14,WS Outbound-DCL Inbound,UDC,890
10/31/2018 12:15,WS Outbound-DCL Inbound,UDC,890
10/31/2018 12:15,WS Outbound-DCL Inbound,UDC,890
10/31/2018 12:15,WS Outbound-DCL Inbound,UDC,890
10/31/2018 12:15,WS Outbound-DCL Inbound,UDC,890
10/31/2018 12:15,WS Outbound-DCL Inbound,UDC,890
10/31/2018 12:15,WS Outbound-DCL Inbound,Union,526
10/31/2018 12:15,WS Outbound-DCL Inbound,Union,526
10/31/2018 12:16,WS Outbound-DCL Inbound,UDC,890
10/31/2018 12:16,WS Outbound-DCL Inbound,Beethoven and Leroy,42
10/31/2018 12:16,WS Outbound-DCL Inbound,UDC,890
10/31/2018 12:16,WS Outbound-DCL Inbound,UDC,890
10/31/2018 12:17,WS Outbound-DCL Inbound,Main and Cedar OB,891
10/31/2018 12:22,WS Outbound-DCL Inbound,Floral and Willow OB,526
10/31/2018 12:23,WS Outbound-DCL Inbound,UDC,891
10/31/2018 12:23,WS Outbound-DCL Inbound,UDC,891
10/31/2018 12:23,WS Outbound-DCL Inbound,UDC,891
10/31/2018 12:23,WS Outbound-DCL Inbound,UDC,891
10/31/2018 12:23,WS Outbound-DCL Inbound,UDC,891
10/31/2018 12:23,WS Outbound-DCL Inbound,UDC,891
10/31/2018 12:23,WS Outbound-DCL Inbound,UDC,891
10/31/2018 12:23,WS Outbound-DCL Inbound,UDC,891
10/31/2018 12:24,WS Outbound-DCL Inbound,UDC,891
10/31/2018 12:25,WS Outbound-DCL Inbound,UDC,891
10/31/2018 12:25,WS Outbound-DCL Inbound,UDC,891
10/31/2018 12:25,WS Outbound-DCL Inbound,UDC,891
10/31/2018 12:25,WS Outbound-DCL Inbound,UDC,891
10/31/2018 12:25,WS Outbound-DCL Inbound,UDC,891
10/31/2018 12:25,WS Outbound-DCL Inbound,UDC,891
10/31/2018 12:25,WS Outbound-DCL Inbound,UDC,891
10/31/2018 12:26,WS Outbound-DCL Inbound,UDC,891
10/31/2018 12:26,WS Outbound-DCL Inbound,UDC,891
10/31/2018 12:26,WS Outbound-DCL Inbound,UDC,891
10/31/2018 12:26,WS Outbound-DCL Inbound,UDC,891
10/31/2018 12:29,WS Outbound-DCL Inbound,Leroy St and Murray IB,891
10/31/2018 12:30,WS Outbound-DCL Inbound,Leroy St and Murray IB,891
10/31/2018 12:30,WS Outbound-DCL Inbound,Leroy St and Murray IB,891
10/31/2018 12:30,WS Outbound-DCL Inbound,Leroy St and Murray IB,891
10/31/2018 12:30,WS Outbound-DCL Inbound,Leroy St and Murray IB,891
10/31/2018 12:30,WS Outbound-DCL Inbound,Leroy St and Murray IB,891
10/31/2018 12:30,WS Outbound-DCL Inbound,Leroy St and Murray IB,891
10/31/2018 12:30,WS Outbound-DCL Inbound,Leroy St and Murray IB,891
10/31/2018 12:30,WS Outbound-DCL Inbound,Leroy St and Murray IB,891
10/31/2018 12:30,WS Outbound-DCL Inbound,Leroy St and Murray IB,891
10/31/2018 12:30,WS Outbound-DCL Inbound,Main and Murray OB,526
10/31/2018 12:31,WS Outbound-DCL Inbound,Leroy St and Chestnut IB,891
10/31/2018 12:31,WS Outbound-DCL Inbound,Leroy St and Chestnut IB,891
10/31/2018 12:31,WS Outbound-DCL Inbound,Leroy St and Chestnut IB,891
10/31/2018 12:33,WS Outbound-DCL Inbound,Beethoven and Leroy,891
10/31/2018 12:44,WS Outbound-DCL Inbound,Leroy St and Murray IB,526
10/31/2018 12:44,WS Outbound-DCL Inbound,Leroy St and Murray IB,526
10/31/2018 12:44,WS Outbound-DCL Inbound,Leroy St and Murray IB,526
10/31/2018 12:44,WS Outbound-DCL Inbound,Leroy St and Murray IB,526
10/31/2018 12:44,WS Outbound-DCL Inbound,Leroy St and Murray IB,526
10/31/2018 12:44,WS Outbound-DCL Inbound,Leroy St and Murray IB,526
10/31/2018 12:44,WS Outbound-DCL Inbound,Leroy St and Murray IB,526
10/31/2018 12:44,WS Outbound-DCL Inbound,Leroy St and Murray IB,526
10/31/2018 12:44,WS Outbound-DCL Inbound,Leroy St and Murray IB,526
10/31/2018 12:44,WS Outbound-DCL Inbound,Leroy St and Murray IB,526
10/31/2018 12:44,WS Outbound-DCL Inbound,Leroy St and Murray IB,526
10/31/2018 12:44,WS Outbound-DCL Inbound,Leroy St and Murray IB,526
10/31/2018 12:44,WS Outbound-DCL Inbound,Leroy St and Murray IB,526
10/31/2018 12:44,WS Outbound-DCL Inbound,Leroy St and Murray IB,526
10/31/2018 12:44,WS Outbound-DCL Inbound,Leroy St and Murray IB,526
10/31/2018 12:45,WS Outbound-DCL Inbound,Leroy St and Murray IB,526
10/31/2018 12:45,WS Outbound-DCL Inbound,Leroy St and Chestnut IB,526
10/31/2018 12:45,WS Outbound-DCL Inbound,Leroy St and Chestnut IB,526
10/31/2018 12:45,WS Outbound-DCL Inbound,Leroy St and Chestnut IB,526
10/31/2018 12:45,WS Outbound-DCL Inbound,Leroy St and Chestnut IB,526
10/31/2018 12:45,WS Outbound-DCL Inbound,Leroy St and Chestnut IB,526
10/31/2018 12:45,WS Outbound-DCL Inbound,Leroy St and Chestnut IB,526
10/31/2018 12:46,WS Outbound-DCL Inbound,Leroy St and Chestnut IB,526
10/31/2018 12:46,WS Outbound-DCL Inbound,Leroy St and Chestnut IB,526
10/31/2018 12:46,WS Outbound-DCL Inbound,Leroy St and Chestnut IB,526
10/31/2018 12:47,WS Outbound-DCL Inbound,Beethoven and Leroy,526
10/31/2018 12:47,WS Outbound-DCL Inbound,Beethoven and Leroy,526
10/31/2018 12:50,WS Outbound-DCL Inbound,Riverside and Columbus IB,526
10/31/2018 13:00,WS Outbound-DCL Inbound,Union,37
10/31/2018 13:00,WS Outbound-DCL Inbound,Union,37
10/31/2018 13:00,WS Outbound-DCL Inbound,Union,37
10/31/2018 13:00,WS Outbound-DCL Inbound,Union,37
10/31/2018 13:00,WS Outbound-DCL Inbound,Union,37
10/31/2018 13:00,WS Outbound-DCL Inbound,Union,37
10/31/2018 13:00,WS Outbound-DCL Inbound,Union,37
10/31/2018 13:00,WS Outbound-DCL Inbound,Union,37
10/31/2018 13:01,WS Outbound-DCL Inbound,Union,37
10/31/2018 13:01,WS Outbound-DCL Inbound,Union,37
10/31/2018 13:06,WS Outbound-DCL Inbound,Physical Facilities,37
10/31/2018 13:06,WS Outbound-DCL Inbound,Physical Facilities,37
10/31/2018 13:15,WS Outbound-DCL Inbound,Floral and Main OB,37
10/31/2018 13:16,WS Outbound-DCL Inbound,Union,42
10/31/2018 13:25,WS Outbound-DCL Inbound,UDC,37
10/31/2018 13:25,WS Outbound-DCL Inbound,UDC,37
10/31/2018 13:26,WS Outbound-DCL Inbound,Floral and Main OB,42
10/31/2018 13:28,WS Outbound-DCL Inbound,Main and Schiller OB,42
10/31/2018 13:29,WS Outbound-DCL Inbound,Leroy St and Murray IB,37
10/31/2018 13:29,WS Outbound-DCL Inbound,Leroy St and Murray IB,37
10/31/2018 13:29,WS Outbound-DCL Inbound,Leroy St and Murray IB,37
10/31/2018 13:29,WS Outbound-DCL Inbound,Leroy St and Murray IB,37
10/31/2018 13:29,WS Outbound-DCL Inbound,Leroy St and Murray IB,37
10/31/2018 13:29,WS Outbound-DCL Inbound,Leroy St and Murray IB,37
10/31/2018 13:29,WS Outbound-DCL Inbound,Leroy St and Murray IB,37
10/31/2018 13:29,WS Outbound-DCL Inbound,Leroy St and Murray IB,37
10/31/2018 13:30,WS Outbound-DCL Inbound,Leroy St and Chestnut OB,37
10/31/2018 13:30,WS Outbound-DCL Inbound,Leroy St and Chestnut OB,37
10/31/2018 13:31,WS Outbound-DCL Inbound,Leroy St and Laurel OB,37
10/31/2018 13:31,WS Outbound-DCL Inbound,Main and Arthur,42
10/31/2018 13:31,WS Outbound-DCL Inbound,Main and Arthur,42
10/31/2018 13:32,WS Outbound-DCL Inbound,Riverside and Beethoven,37
10/31/2018 13:36,WS Outbound-DCL Inbound,UDC,42
10/31/2018 13:42,WS Outbound-DCL Inbound,Leroy St and Front,42
10/31/2018 13:43,WS Outbound-DCL Inbound,Union,526
10/31/2018 13:43,WS Outbound-DCL Inbound,Union,526
10/31/2018 13:43,WS Outbound-DCL Inbound,Union,526
10/31/2018 13:43,WS Outbound-DCL Inbound,Union,526
10/31/2018 13:43,WS Outbound-DCL Inbound,Union,526
10/31/2018 13:43,WS Outbound-DCL Inbound,Leroy St and Murray IB,42
10/31/2018 13:43,WS Outbound-DCL Inbound,Union,526
10/31/2018 13:43,WS Outbound-DCL Inbound,Leroy St and Murray IB,42
10/31/2018 13:43,WS Outbound-DCL Inbound,Leroy St and Murray IB,42
10/31/2018 13:43,WS Outbound-DCL Inbound,Union,526
10/31/2018 13:43,WS Outbound-DCL Inbound,Leroy St and Murray IB,42
10/31/2018 13:43,WS Outbound-DCL Inbound,Union,526
10/31/2018 13:43,WS Outbound-DCL Inbound,Leroy St and Murray IB,42
10/31/2018 13:43,WS Outbound-DCL Inbound,Leroy St and Murray IB,42
10/31/2018 13:43,WS Outbound-DCL Inbound,Leroy St and Murray IB,42
10/31/2018 13:43,WS Outbound-DCL Inbound,Leroy St and Murray IB,42
10/31/2018 13:43,WS Outbound-DCL Inbound,Leroy St and Murray IB,42
10/31/2018 13:43,WS Outbound-DCL Inbound,Leroy St and Murray IB,42
10/31/2018 13:43,WS Outbound-DCL Inbound,Leroy St and Murray IB,42
10/31/2018 13:43,WS Outbound-DCL Inbound,Leroy St and Murray IB,42
10/31/2018 13:44,WS Outbound-DCL Inbound,Leroy St and Chestnut IB,42
10/31/2018 13:44,WS Outbound-DCL Inbound,Union,526
10/31/2018 13:44,WS Outbound-DCL Inbound,Leroy St and Chestnut IB,42
10/31/2018 13:44,WS Outbound-DCL Inbound,Leroy St and Chestnut IB,42
10/31/2018 13:44,WS Outbound-DCL Inbound,Leroy St and Chestnut IB,42
10/31/2018 13:45,WS Outbound-DCL Inbound,Leroy St and Chestnut IB,42
10/31/2018 13:45,WS Outbound-DCL Inbound,Leroy St and Chestnut IB,42
10/31/2018 13:45,WS Outbound-DCL Inbound,Leroy St and Chestnut IB,42
10/31/2018 13:45,WS Outbound-DCL Inbound,Leroy St and Chestnut IB,42
10/31/2018 13:45,WS Outbound-DCL Inbound,Leroy St and Chestnut IB,42
10/31/2018 13:45,WS Outbound-DCL Inbound,Union,526
10/31/2018 13:46,WS Outbound-DCL Inbound,Beethoven and Leroy,42
10/31/2018 13:51,WS Outbound-DCL Inbound,Floral and New York,526
10/31/2018 13:57,WS Outbound-DCL Inbound,Main and Helen OB,526
10/31/2018 13:57,WS Outbound-DCL Inbound,Main and Schiller OB,526
10/31/2018 13:57,WS Outbound-DCL Inbound,Main and Schiller OB,526
10/31/2018 14:00,WS Outbound-DCL Inbound,Union,787
10/31/2018 14:00,WS Outbound-DCL Inbound,Union,787
10/31/2018 14:00,WS Outbound-DCL Inbound,Union,787
10/31/2018 14:00,WS Outbound-DCL Inbound,Union,787
10/31/2018 14:00,WS Outbound-DCL Inbound,Union,787
10/31/2018 14:00,WS Outbound-DCL Inbound,Union,787
10/31/2018 14:00,WS Outbound-DCL Inbound,Union,787
10/31/2018 14:01,WS Outbound-DCL Inbound,Union,787
10/31/2018 14:01,WS Outbound-DCL Inbound,Union,787
10/31/2018 14:01,WS Outbound-DCL Inbound,Union,787
10/31/2018 14:01,WS Outbound-DCL Inbound,Union,787
10/31/2018 14:01,WS Outbound-DCL Inbound,Union,787
10/31/2018 14:01,WS Outbound-DCL Inbound,Union,787
10/31/2018 14:03,WS Outbound-DCL Inbound,Physical Facilities,787
10/31/2018 14:04,WS Outbound-DCL Inbound,UDC,526
10/31/2018 14:04,WS Outbound-DCL Inbound,UDC,526
10/31/2018 14:04,WS Outbound-DCL Inbound,UDC,526
10/31/2018 14:04,WS Outbound-DCL Inbound,UDC,526
10/31/2018 14:05,WS Outbound-DCL Inbound,UDC,526
10/31/2018 14:07,WS Outbound-DCL Inbound,UDC,526
10/31/2018 14:12,WS Outbound-DCL Inbound,Leroy St and Front,526
10/31/2018 14:12,WS Outbound-DCL Inbound,Leroy St and Front,526
10/31/2018 14:12,WS Outbound-DCL Inbound,Leroy St and Front,526
10/31/2018 14:13,WS Outbound-DCL Inbound,Main and Helen OB,787
10/31/2018 14:13,WS Outbound-DCL Inbound,Leroy St and Murray IB,526
10/31/2018 14:13,WS Outbound-DCL Inbound,Main and Helen OB,787
10/31/2018 14:13,WS Outbound-DCL Inbound,Main and Helen OB,787
10/31/2018 14:13,WS Outbound-DCL Inbound,Leroy St and Murray IB,526
10/31/2018 14:14,WS Outbound-DCL Inbound,Leroy St and Chestnut IB,526
10/31/2018 14:14,WS Outbound-DCL Inbound,Leroy St and Chestnut IB,526
10/31/2018 14:14,WS Outbound-DCL Inbound,Leroy St and Chestnut IB,526
10/31/2018 14:14,WS Outbound-DCL Inbound,Leroy St and Chestnut IB,526
10/31/2018 14:14,WS Outbound-DCL Inbound,Leroy St and Chestnut IB,526
10/31/2018 14:15,WS Outbound-DCL Inbound,Main and Clarke OB,787
10/31/2018 14:16,WS Outbound-DCL Inbound,Beethoven and Leroy,526
10/31/2018 14:16,WS Outbound-DCL Inbound,Main and Arthur,787
10/31/2018 14:22,WS Outbound-DCL Inbound,UDC,787
10/31/2018 14:25,WS Outbound-DCL Inbound,UDC,787
10/31/2018 14:28,WS Outbound-DCL Inbound,Leroy St and Front,787
10/31/2018 14:29,WS Outbound-DCL Inbound,Leroy St and Murray IB,787
10/31/2018 14:30,WS Outbound-DCL Inbound,Leroy St and Chestnut IB,787
10/31/2018 14:30,WS Outbound-DCL Inbound,Leroy St and Chestnut IB,787
10/31/2018 14:31,WS Outbound-DCL Inbound,Union,891
10/31/2018 14:31,WS Outbound-DCL Inbound,Union,891
10/31/2018 14:31,WS Outbound-DCL Inbound,Union,891
10/31/2018 14:31,WS Outbound-DCL Inbound,Union,891
10/31/2018 14:31,WS Outbound-DCL Inbound,Union,891
10/31/2018 14:31,WS Outbound-DCL Inbound,Union,891
10/31/2018 14:31,WS Outbound-DCL Inbound,Union,891
10/31/2018 14:31,WS Outbound-DCL Inbound,Union,891
10/31/2018 14:31,WS Outbound-DCL Inbound,Union,891
10/31/2018 14:31,WS Outbound-DCL Inbound,Union,891
10/31/2018 14:31,WS Outbound-DCL Inbound,Union,891
10/31/2018 14:31,WS Outbound-DCL Inbound,Union,891
10/31/2018 14:31,WS Outbound-DCL Inbound,Union,891
10/31/2018 14:31,WS Outbound-DCL Inbound,Union,891
10/31/2018 14:31,WS Outbound-DCL Inbound,Union,891
10/31/2018 14:32,WS Outbound-DCL Inbound,Union,891
10/31/2018 14:32,WS Outbound-DCL Inbound,Union,891
10/31/2018 14:32,WS Outbound-DCL Inbound,Union,891
10/31/2018 14:32,WS Outbound-DCL Inbound,Union,891
10/31/2018 14:32,WS Outbound-DCL Inbound,Union,891
10/31/2018 14:32,WS Outbound-DCL Inbound,Union,891
10/31/2018 14:32,WS Outbound-DCL Inbound,Union,891
10/31/2018 14:32,WS Outbound-DCL Inbound,Union,891
10/31/2018 14:33,WS Outbound-DCL Inbound,Union,891
10/31/2018 14:36,WS Outbound-DCL Inbound,Physical Facilities,891
10/31/2018 14:43,WS Outbound-DCL Inbound,Union,37
10/31/2018 14:43,WS Outbound-DCL Inbound,Union,37
10/31/2018 14:43,WS Outbound-DCL Inbound,Union,37
10/31/2018 14:44,WS Outbound-DCL Inbound,Union,37
10/31/2018 14:44,WS Outbound-DCL Inbound,Union,37
10/31/2018 14:45,WS Outbound-DCL Inbound,Union,37
10/31/2018 14:47,WS Outbound-DCL Inbound,Physical Facilities,37
10/31/2018 14:49,WS Outbound-DCL Inbound,Main and Helen OB,891
10/31/2018 14:49,WS Outbound-DCL Inbound,Main and Helen OB,891
10/31/2018 14:52,WS Outbound-DCL Inbound,Main and Cedar OB,891
10/31/2018 14:53,WS Outbound-DCL Inbound,Main and Arthur,891
10/31/2018 14:54,WS Outbound-DCL Inbound,Main and Murray OB,891
10/31/2018 14:56,WS Outbound-DCL Inbound,Floral and Main OB,37
10/31/2018 14:56,WS Outbound-DCL Inbound,Floral and Main OB,37
10/31/2018 14:59,WS Outbound-DCL Inbound,UDC,891
10/31/2018 14:59,WS Outbound-DCL Inbound,UDC,891
10/31/2018 14:59,WS Outbound-DCL Inbound,UDC,891
10/31/2018 14:59,WS Outbound-DCL Inbound,UDC,891
10/31/2018 14:59,WS Outbound-DCL Inbound,UDC,891
10/31/2018 15:03,WS Outbound-DCL Inbound,Leroy St and Murray IB,891
10/31/2018 15:03,WS Outbound-DCL Inbound,Leroy St and Murray IB,891
10/31/2018 15:03,WS Outbound-DCL Inbound,Leroy St and Murray IB,891
10/31/2018 15:03,WS Outbound-DCL Inbound,Leroy St and Murray IB,891
10/31/2018 15:03,WS Outbound-DCL Inbound,Leroy St and Murray IB,891
10/31/2018 15:03,WS Outbound-DCL Inbound,Leroy St and Murray IB,891
10/31/2018 15:03,WS Outbound-DCL Inbound,Leroy St and Murray IB,891
10/31/2018 15:03,WS Outbound-DCL Inbound,Leroy St and Murray IB,891
10/31/2018 15:05,WS Outbound-DCL Inbound,Leroy St and Chestnut IB,891
10/31/2018 15:05,WS Outbound-DCL Inbound,Leroy St and Chestnut IB,891
10/31/2018 15:05,WS Outbound-DCL Inbound,Leroy St and Chestnut IB,891
10/31/2018 15:05,WS Outbound-DCL Inbound,Leroy St and Chestnut IB,891
10/31/2018 15:06,WS Outbound-DCL Inbound,Beethoven and Leroy,891
10/31/2018 15:07,WS Outbound-DCL Inbound,UDC,37
10/31/2018 15:08,WS Outbound-DCL Inbound,UDC,37
10/31/2018 15:10,WS Outbound-DCL Inbound,Riverside and Ethel IB,891
10/31/2018 15:13,WS Outbound-DCL Inbound,Leroy St and Front,37
10/31/2018 15:14,WS Outbound-DCL Inbound,Leroy St and Murray IB,37
10/31/2018 15:14,WS Outbound-DCL Inbound,Leroy St and Murray IB,37
10/31/2018 15:14,WS Outbound-DCL Inbound,Leroy St and Murray IB,37
10/31/2018 15:14,WS Outbound-DCL Inbound,Leroy St and Murray IB,37
10/31/2018 15:14,WS Outbound-DCL Inbound,Leroy St and Murray IB,37
10/31/2018 15:14,WS Outbound-DCL Inbound,Leroy St and Murray IB,37
10/31/2018 15:14,WS Outbound-DCL Inbound,Leroy St and Murray IB,37
10/31/2018 15:14,WS Outbound-DCL Inbound,Leroy St and Murray IB,37
10/31/2018 15:14,WS Outbound-DCL Inbound,Union,526
10/31/2018 15:14,WS Outbound-DCL Inbound,Union,526
10/31/2018 15:14,WS Outbound-DCL Inbound,Union,526
10/31/2018 15:15,WS Outbound-DCL Inbound,Union,526
10/31/2018 15:15,WS Outbound-DCL Inbound,Union,526
10/31/2018 15:15,WS Outbound-DCL Inbound,Union,526
10/31/2018 15:15,WS Outbound-DCL Inbound,Union,526
10/31/2018 15:15,WS Outbound-DCL Inbound,Union,526
10/31/2018 15:15,WS Outbound-DCL Inbound,Union,526
10/31/2018 15:15,WS Outbound-DCL Inbound,Union,526
10/31/2018 15:15,WS Outbound-DCL Inbound,Union,526
10/31/2018 15:15,WS Outbound-DCL Inbound,Union,526
10/31/2018 15:15,WS Outbound-DCL Inbound,Union,526
10/31/2018 15:15,WS Outbound-DCL Inbound,Union,526
10/31/2018 15:15,WS Outbound-DCL Inbound,Union,526
10/31/2018 15:15,WS Outbound-DCL Inbound,Union,526
10/31/2018 15:15,WS Outbound-DCL Inbound,Union,526
10/31/2018 15:15,WS Outbound-DCL Inbound,Union,526
10/31/2018 15:15,WS Outbound-DCL Inbound,Union,526
10/31/2018 15:15,WS Outbound-DCL Inbound,Leroy St and Chestnut IB,37
10/31/2018 15:15,WS Outbound-DCL Inbound,Union,526
10/31/2018 15:15,WS Outbound-DCL Inbound,Union,526
10/31/2018 15:15,WS Outbound-DCL Inbound,Union,526
10/31/2018 15:15,WS Outbound-DCL Inbound,Union,526
10/31/2018 15:15,WS Outbound-DCL Inbound,Union,526
10/31/2018 15:15,WS Outbound-DCL Inbound,Union,526
10/31/2018 15:15,WS Outbound-DCL Inbound,Union,526
10/31/2018 15:15,WS Outbound-DCL Inbound,Union,526
10/31/2018 15:15,WS Outbound-DCL Inbound,Union,526
10/31/2018 15:15,WS Outbound-DCL Inbound,Union,526
10/31/2018 15:16,WS Outbound-DCL Inbound,Union,526
10/31/2018 15:16,WS Outbound-DCL Inbound,Union,526
10/31/2018 15:16,WS Outbound-DCL Inbound,Union,526
10/31/2018 15:16,WS Outbound-DCL Inbound,Union,526
10/31/2018 15:27,WS Outbound-DCL Inbound,Hinman,42
10/31/2018 15:27,WS Outbound-DCL Inbound,Hinman,42
10/31/2018 15:27,WS Outbound-DCL Inbound,Hinman,42
10/31/2018 15:27,WS Outbound-DCL Inbound,Hinman,42
10/31/2018 15:27,WS Outbound-DCL Inbound,Hinman,42
10/31/2018 15:27,WS Outbound-DCL Inbound,Hinman,42
10/31/2018 15:28,WS Outbound-DCL Inbound,Hinman,42
10/31/2018 15:28,WS Outbound-DCL Inbound,Hinman,42
10/31/2018 15:28,WS Outbound-DCL Inbound,Hinman,42
10/31/2018 15:28,WS Outbound-DCL Inbound,Hinman,42
10/31/2018 15:28,WS Outbound-DCL Inbound,Hinman,42
10/31/2018 15:28,WS Outbound-DCL Inbound,Hinman,42
10/31/2018 15:28,WS Outbound-DCL Inbound,Hinman,42
10/31/2018 15:28,WS Outbound-DCL Inbound,Hinman,42
10/31/2018 15:28,WS Outbound-DCL Inbound,Hinman,42
10/31/2018 15:28,WS Outbound-DCL Inbound,Hinman,42
10/31/2018 15:28,WS Outbound-DCL Inbound,Hinman,42
10/31/2018 15:28,WS Outbound-DCL Inbound,Hinman,42
10/31/2018 15:28,WS Outbound-DCL Inbound,Hinman,42
10/31/2018 15:28,WS Outbound-DCL Inbound,Hinman,42
10/31/2018 15:28,WS Outbound-DCL Inbound,Hinman,42
10/31/2018 15:28,WS Outbound-DCL Inbound,Hinman,42
10/31/2018 15:28,WS Outbound-DCL Inbound,Hinman,42
10/31/2018 15:28,WS Outbound-DCL Inbound,Hinman,42
10/31/2018 15:28,WS Outbound-DCL Inbound,Hinman,42
10/31/2018 15:28,WS Outbound-DCL Inbound,Hinman,42
10/31/2018 15:28,WS Outbound-DCL Inbound,Hinman,42
10/31/2018 15:28,WS Outbound-DCL Inbound,Hinman,42
10/31/2018 15:28,WS Outbound-DCL Inbound,Hinman,42
10/31/2018 15:28,WS Outbound-DCL Inbound,Hinman,42
10/31/2018 15:28,WS Outbound-DCL Inbound,Hinman,42
10/31/2018 15:28,WS Outbound-DCL Inbound,Hinman,42
10/31/2018 15:29,WS Outbound-DCL Inbound,Hinman,42
10/31/2018 15:29,WS Outbound-DCL Inbound,Hinman,42
10/31/2018 15:29,WS Outbound-DCL Inbound,Hinman,42
10/31/2018 15:29,WS Outbound-DCL Inbound,Hinman,42
10/31/2018 15:29,WS Outbound-DCL Inbound,Hinman,42
10/31/2018 15:29,WS Outbound-DCL Inbound,Hinman,42
10/31/2018 15:29,WS Outbound-DCL Inbound,Hinman,42
10/31/2018 15:30,WS Outbound-DCL Inbound,Hinman,42
10/31/2018 15:32,WS Outbound-DCL Inbound,Hinman,42
10/31/2018 15:39,WS Outbound-DCL Inbound,Hawley OB,526
10/31/2018 15:41,WS Outbound-DCL Inbound,UDC,526
10/31/2018 15:41,WS Outbound-DCL Inbound,UDC,526
10/31/2018 15:41,WS Outbound-DCL Inbound,UDC,526
10/31/2018 15:41,WS Outbound-DCL Inbound,UDC,526
10/31/2018 15:41,WS Outbound-DCL Inbound,UDC,526
10/31/2018 15:41,WS Outbound-DCL Inbound,UDC,526
10/31/2018 15:41,WS Outbound-DCL Inbound,UDC,526
10/31/2018 15:41,WS Outbound-DCL Inbound,UDC,526
10/31/2018 15:41,WS Outbound-DCL Inbound,UDC,526
10/31/2018 15:41,WS Outbound-DCL Inbound,UDC,526
10/31/2018 15:41,WS Outbound-DCL Inbound,UDC,526
10/31/2018 15:41,WS Outbound-DCL Inbound,UDC,526
10/31/2018 15:41,WS Outbound-DCL Inbound,UDC,526
10/31/2018 15:41,WS Outbound-DCL Inbound,UDC,526
10/31/2018 15:45,WS Outbound-DCL Inbound,Leroy St and Front,526
10/31/2018 15:46,WS Outbound-DCL Inbound,Leroy St and Murray IB,526
10/31/2018 15:47,WS Outbound-DCL Inbound,Leroy St and Chestnut IB,526
10/31/2018 15:52,WS Outbound-DCL Inbound,Riverside and Margaret OB,526
10/31/2018 15:54,WS Outbound-DCL Inbound,UDC,42
10/31/2018 15:54,WS Outbound-DCL Inbound,UDC,42
10/31/2018 15:54,WS Outbound-DCL Inbound,UDC,42
10/31/2018 15:54,WS Outbound-DCL Inbound,UDC,42
10/31/2018 15:54,WS Outbound-DCL Inbound,UDC,42
10/31/2018 15:54,WS Outbound-DCL Inbound,UDC,42
10/31/2018 15:54,WS Outbound-DCL Inbound,UDC,42
10/31/2018 15:58,WS Outbound-DCL Inbound,Union,37
10/31/2018 15:58,WS Outbound-DCL Inbound,Union,37
10/31/2018 15:58,WS Outbound-DCL Inbound,Union,37
10/31/2018 15:58,WS Outbound-DCL Inbound,Union,37
10/31/2018 15:58,WS Outbound-DCL Inbound,Union,37
10/31/2018 15:58,WS Outbound-DCL Inbound,Union,37
10/31/2018 15:58,WS Outbound-DCL Inbound,Union,37
10/31/2018 15:58,WS Outbound-DCL Inbound,Union,37
10/31/2018 15:58,WS Outbound-DCL Inbound,Union,37
10/31/2018 15:58,WS Outbound-DCL Inbound,Union,37
10/31/2018 15:58,WS Outbound-DCL Inbound,Union,37
10/31/2018 15:58,WS Outbound-DCL Inbound,Union,37
10/31/2018 15:58,WS Outbound-DCL Inbound,Union,37
10/31/2018 15:58,WS Outbound-DCL Inbound,Union,37
10/31/2018 15:58,WS Outbound-DCL Inbound,Union,37
10/31/2018 15:58,WS Outbound-DCL Inbound,Union,37
10/31/2018 15:58,WS Outbound-DCL Inbound,Union,37
10/31/2018 15:58,WS Outbound-DCL Inbound,Union,37
10/31/2018 15:59,WS Outbound-DCL Inbound,Union,37
10/31/2018 15:59,WS Outbound-DCL Inbound,Union,37
10/31/2018 15:59,WS Outbound-DCL Inbound,Union,37
10/31/2018 15:59,WS Outbound-DCL Inbound,Union,37
10/31/2018 15:59,WS Outbound-DCL Inbound,Leroy St and Front,42
10/31/2018 15:59,WS Outbound-DCL Inbound,Union,37
10/31/2018 15:59,WS Outbound-DCL Inbound,Union,37
10/31/2018 16:00,WS Outbound-DCL Inbound,Leroy St and Murray IB,42
10/31/2018 16:00,WS Outbound-DCL Inbound,Leroy St and Murray IB,42
10/31/2018 16:00,WS Outbound-DCL Inbound,Leroy St and Murray IB,42
10/31/2018 16:01,WS Outbound-DCL Inbound,Leroy St and Chestnut IB,42
10/31/2018 16:01,WS Outbound-DCL Inbound,Leroy St and Chestnut IB,42
10/31/2018 16:01,WS Outbound-DCL Inbound,Leroy St and Chestnut IB,42
10/31/2018 16:01,WS Outbound-DCL Inbound,Leroy St and Chestnut IB,42
10/31/2018 16:01,WS Outbound-DCL Inbound,Leroy St and Chestnut IB,42
10/31/2018 16:01,WS Outbound-DCL Inbound,Leroy St and Chestnut IB,42
10/31/2018 16:01,WS Outbound-DCL Inbound,Union,526
10/31/2018 16:01,WS Outbound-DCL Inbound,Union,526
10/31/2018 16:01,WS Outbound-DCL Inbound,Union,526
10/31/2018 16:01,WS Outbound-DCL Inbound,Union,526
10/31/2018 16:01,WS Outbound-DCL Inbound,Union,526
10/31/2018 16:02,WS Outbound-DCL Inbound,Union,526
10/31/2018 16:02,WS Outbound-DCL Inbound,Union,526
10/31/2018 16:02,WS Outbound-DCL Inbound,Union,526
10/31/2018 16:02,WS Outbound-DCL Inbound,Union,526
10/31/2018 16:02,WS Outbound-DCL Inbound,Union,526
10/31/2018 16:02,WS Outbound-DCL Inbound,Union,526
10/31/2018 16:02,WS Outbound-DCL Inbound,Union,526
10/31/2018 16:02,WS Outbound-DCL Inbound,Union,526
10/31/2018 16:02,WS Outbound-DCL Inbound,Union,526
10/31/2018 16:10,WS Outbound-DCL Inbound,Main and Helen OB,37
10/31/2018 16:10,WS Outbound-DCL Inbound,Main and Helen OB,37
10/31/2018 16:12,WS Outbound-DCL Inbound,Main and Cedar OB,37
10/31/2018 16:15,WS Outbound-DCL Inbound,Union,787
10/31/2018 16:15,WS Outbound-DCL Inbound,Union,787
10/31/2018 16:15,WS Outbound-DCL Inbound,Union,787
10/31/2018 16:15,WS Outbound-DCL Inbound,Union,787
10/31/2018 16:15,WS Outbound-DCL Inbound,Union,787
10/31/2018 16:15,WS Outbound-DCL Inbound,Union,787
10/31/2018 16:15,WS Outbound-DCL Inbound,Union,787
10/31/2018 16:15,WS Outbound-DCL Inbound,Union,787
10/31/2018 16:15,WS Outbound-DCL Inbound,Union,787
10/31/2018 16:15,WS Outbound-DCL Inbound,Union,787
10/31/2018 16:15,WS Outbound-DCL Inbound,Union,787
10/31/2018 16:15,WS Outbound-DCL Inbound,Union,787
10/31/2018 16:15,WS Outbound-DCL Inbound,Union,787
10/31/2018 16:15,WS Outbound-DCL Inbound,Union,787
10/31/2018 16:15,WS Outbound-DCL Inbound,Union,787
10/31/2018 16:16,WS Outbound-DCL Inbound,Union,787
10/31/2018 16:16,WS Outbound-DCL Inbound,Union,787
10/31/2018 16:16,WS Outbound-DCL Inbound,Union,787
10/31/2018 16:17,WS Outbound-DCL Inbound,UDC,37
10/31/2018 16:17,WS Outbound-DCL Inbound,UDC,37
10/31/2018 16:17,WS Outbound-DCL Inbound,UDC,37
10/31/2018 16:17,WS Outbound-DCL Inbound,UDC,37
10/31/2018 16:17,WS Outbound-DCL Inbound,UDC,37
10/31/2018 16:17,WS Outbound-DCL Inbound,UDC,37
10/31/2018 16:17,WS Outbound-DCL Inbound,UDC,37
10/31/2018 16:17,WS Outbound-DCL Inbound,UDC,37
10/31/2018 16:17,WS Outbound-DCL Inbound,UDC,37
10/31/2018 16:18,WS Outbound-DCL Inbound,UDC,37
10/31/2018 16:18,WS Outbound-DCL Inbound,UDC,37
10/31/2018 16:18,WS Outbound-DCL Inbound,UDC,37
10/31/2018 16:18,WS Outbound-DCL Inbound,UDC,37
10/31/2018 16:18,WS Outbound-DCL Inbound,UDC,37
10/31/2018 16:18,WS Outbound-DCL Inbound,UDC,37
10/31/2018 16:18,WS Outbound-DCL Inbound,UDC,37
10/31/2018 16:18,WS Outbound-DCL Inbound,UDC,37
10/31/2018 16:19,WS Outbound-DCL Inbound,UDC,37
10/31/2018 16:19,WS Outbound-DCL Inbound,UDC,37
10/31/2018 16:19,WS Outbound-DCL Inbound,UDC,37
10/31/2018 16:19,WS Outbound-DCL Inbound,UDC,37
10/31/2018 16:19,WS Outbound-DCL Inbound,Physical Facilities OB,787
10/31/2018 16:19,WS Outbound-DCL Inbound,Physical Facilities OB,787
10/31/2018 16:19,WS Outbound-DCL Inbound,Physical Facilities OB,787
10/31/2018 16:20,WS Outbound-DCL Inbound,UDC,37
10/31/2018 16:20,WS Outbound-DCL Inbound,UDC,37
10/31/2018 16:20,WS Outbound-DCL Inbound,UDC,37
10/31/2018 16:20,WS Outbound-DCL Inbound,UDC,37
10/31/2018 16:21,WS Outbound-DCL Inbound,UDC,37
10/31/2018 16:22,WS Outbound-DCL Inbound,UDC,37
10/31/2018 16:23,WS Outbound-DCL Inbound,UDC,37
10/31/2018 16:24,WS Outbound-DCL Inbound,UDC,37
10/31/2018 16:28,WS Outbound-DCL Inbound,Main and Matthews,787
10/31/2018 16:29,WS Outbound-DCL Inbound,Union,526
10/31/2018 16:29,WS Outbound-DCL Inbound,Union,526
10/31/2018 16:29,WS Outbound-DCL Inbound,Union,526
10/31/2018 16:29,WS Outbound-DCL Inbound,Union,526
10/31/2018 16:30,WS Outbound-DCL Inbound,Union,526
10/31/2018 16:30,WS Outbound-DCL Inbound,Union,526
10/31/2018 16:30,WS Outbound-DCL Inbound,Union,526
10/31/2018 16:30,WS Outbound-DCL Inbound,Union,526
10/31/2018 16:30,WS Outbound-DCL Inbound,Union,526
10/31/2018 16:30,WS Outbound-DCL Inbound,Union,526
10/31/2018 16:30,WS Outbound-DCL Inbound,Union,526
10/31/2018 16:30,WS Outbound-DCL Inbound,Union,526
10/31/2018 16:30,WS Outbound-DCL Inbound,Union,526
10/31/2018 16:30,WS Outbound-DCL Inbound,Union,526
10/31/2018 16:33,WS Outbound-DCL Inbound,Main and Arthur,787
10/31/2018 16:38,WS Outbound-DCL Inbound,UDC,787
10/31/2018 16:38,WS Outbound-DCL Inbound,UDC,787
10/31/2018 16:38,WS Outbound-DCL Inbound,UDC,787
10/31/2018 16:38,WS Outbound-DCL Inbound,UDC,787
10/31/2018 16:38,WS Outbound-DCL Inbound,UDC,787
10/31/2018 16:38,WS Outbound-DCL Inbound,UDC,787
10/31/2018 16:41,WS Outbound-DCL Inbound,Leroy St and Front,787
10/31/2018 16:42,WS Outbound-DCL Inbound,Leroy St and Murray IB,787
10/31/2018 16:42,WS Outbound-DCL Inbound,Leroy St and Murray IB,787
10/31/2018 16:42,WS Outbound-DCL Inbound,Leroy St and Murray IB,787
10/31/2018 16:43,WS Outbound-DCL Inbound,Leroy St and Murray IB,787
10/31/2018 16:43,WS Outbound-DCL Inbound,Leroy St and Murray IB,787
10/31/2018 16:43,WS Outbound-DCL Inbound,Leroy St and Murray IB,787
10/31/2018 16:44,WS Outbound-DCL Inbound,Leroy St and Chestnut IB,787
10/31/2018 16:44,WS Outbound-DCL Inbound,Leroy St and Chestnut IB,787
10/31/2018 16:44,WS Outbound-DCL Inbound,Leroy St and Chestnut IB,787
10/31/2018 16:44,WS Outbound-DCL Inbound,Leroy St and Chestnut IB,787
10/31/2018 16:44,WS Outbound-DCL Inbound,Leroy St and Chestnut IB,787
10/31/2018 16:48,WS Outbound-DCL Inbound,Main and Helen OB,526
10/31/2018 16:52,WS Outbound-DCL Inbound,Union,891
10/31/2018 16:52,WS Outbound-DCL Inbound,Union,891
10/31/2018 16:52,WS Outbound-DCL Inbound,Union,891
10/31/2018 16:52,WS Outbound-DCL Inbound,Union,891
10/31/2018 16:52,WS Outbound-DCL Inbound,Union,891
10/31/2018 16:52,WS Outbound-DCL Inbound,Union,891
10/31/2018 16:52,WS Outbound-DCL Inbound,Union,891
10/31/2018 16:53,WS Outbound-DCL Inbound,Union,891
10/31/2018 16:53,WS Outbound-DCL Inbound,Union,891
10/31/2018 16:53,WS Outbound-DCL Inbound,Union,891
10/31/2018 16:53,WS Outbound-DCL Inbound,Union,891
10/31/2018 16:53,WS Outbound-DCL Inbound,Union,891
10/31/2018 16:53,WS Outbound-DCL Inbound,Union,891
10/31/2018 16:53,WS Outbound-DCL Inbound,Union,891
10/31/2018 16:53,WS Outbound-DCL Inbound,Union,891
10/31/2018 16:53,WS Outbound-DCL Inbound,Union,891
10/31/2018 16:53,WS Outbound-DCL Inbound,Union,891
10/31/2018 16:53,WS Outbound-DCL Inbound,Union,891
10/31/2018 16:53,WS Outbound-DCL Inbound,Union,891
10/31/2018 16:53,WS Outbound-DCL Inbound,Union,891
10/31/2018 16:53,WS Outbound-DCL Inbound,Union,891
10/31/2018 16:53,WS Outbound-DCL Inbound,Union,891
10/31/2018 16:53,WS Outbound-DCL Inbound,Union,891
10/31/2018 16:53,WS Outbound-DCL Inbound,Union,891
10/31/2018 16:53,WS Outbound-DCL Inbound,Union,891
10/31/2018 16:53,WS Outbound-DCL Inbound,Union,891
10/31/2018 16:53,WS Outbound-DCL Inbound,Union,891
10/31/2018 16:53,WS Outbound-DCL Inbound,Union,891
10/31/2018 16:53,WS Outbound-DCL Inbound,Union,891
10/31/2018 16:53,WS Outbound-DCL Inbound,Union,891
10/31/2018 16:54,WS Outbound-DCL Inbound,Union,891
10/31/2018 16:54,WS Outbound-DCL Inbound,Main and Murray OB,526
10/31/2018 16:54,WS Outbound-DCL Inbound,Union,891
10/31/2018 16:54,WS Outbound-DCL Inbound,Main and Murray OB,526
10/31/2018 16:54,WS Outbound-DCL Inbound,Union,891
10/31/2018 16:54,WS Outbound-DCL Inbound,Union,891
10/31/2018 16:54,WS Outbound-DCL Inbound,Union,891
10/31/2018 16:54,WS Outbound-DCL Inbound,Main and Murray OB,526
10/31/2018 16:54,WS Outbound-DCL Inbound,Union,891
10/31/2018 16:54,WS Outbound-DCL Inbound,Union,891
10/31/2018 16:54,WS Outbound-DCL Inbound,Union,891
10/31/2018 16:54,WS Outbound-DCL Inbound,Union,891
10/31/2018 16:54,WS Outbound-DCL Inbound,Union,891
10/31/2018 16:54,WS Outbound-DCL Inbound,Union,891
10/31/2018 16:54,WS Outbound-DCL Inbound,Union,891
10/31/2018 16:54,WS Outbound-DCL Inbound,Union,891
10/31/2018 16:54,WS Outbound-DCL Inbound,Union,891
10/31/2018 16:55,WS Outbound-DCL Inbound,Union,891
10/31/2018 16:58,WS Outbound-DCL Inbound,UDC,526
10/31/2018 16:59,WS Outbound-DCL Inbound,UDC,526
10/31/2018 16:59,WS Outbound-DCL Inbound,UDC,526
10/31/2018 16:59,WS Outbound-DCL Inbound,UDC,526
10/31/2018 17:03,WS Outbound-DCL Inbound,Union,889
10/31/2018 17:03,WS Outbound-DCL Inbound,Union,889
10/31/2018 17:03,WS Outbound-DCL Inbound,Union,889
10/31/2018 17:03,WS Outbound-DCL Inbound,Union,889
10/31/2018 17:03,WS Outbound-DCL Inbound,Union,889
10/31/2018 17:03,WS Outbound-DCL Inbound,Union,889
10/31/2018 17:03,WS Outbound-DCL Inbound,Union,889
10/31/2018 17:04,WS Outbound-DCL Inbound,Union,889
10/31/2018 17:04,WS Outbound-DCL Inbound,Union,889
10/31/2018 17:04,WS Outbound-DCL Inbound,Union,889
10/31/2018 17:04,WS Outbound-DCL Inbound,Union,889
10/31/2018 17:04,WS Outbound-DCL Inbound,Union,889
10/31/2018 17:04,WS Outbound-DCL Inbound,Union,889
10/31/2018 17:04,WS Outbound-DCL Inbound,Union,889
10/31/2018 17:06,WS Outbound-DCL Inbound,Physical Facilities,889
10/31/2018 17:08,WS Outbound-DCL Inbound,Floral and Burbank OB,891
10/31/2018 17:15,WS Outbound-DCL Inbound,Main and Clarke IB,891
10/31/2018 17:16,WS Outbound-DCL Inbound,Main and Cedar OB,891
10/31/2018 17:23,WS Outbound-DCL Inbound,UDC,891
10/31/2018 17:23,WS Outbound-DCL Inbound,UDC,891
10/31/2018 17:23,WS Outbound-DCL Inbound,UDC,891
10/31/2018 17:23,WS Outbound-DCL Inbound,UDC,891
10/31/2018 17:23,WS Outbound-DCL Inbound,UDC,891
10/31/2018 17:23,WS Outbound-DCL Inbound,UDC,891
10/31/2018 17:24,WS Outbound-DCL Inbound,UDC,891
10/31/2018 17:24,WS Outbound-DCL Inbound,UDC,891
10/31/2018 17:24,WS Outbound-DCL Inbound,UDC,891
10/31/2018 17:28,WS Outbound-DCL Inbound,Leroy St and Murray IB,891
10/31/2018 17:28,WS Outbound-DCL Inbound,Leroy St and Murray IB,891
10/31/2018 17:28,WS Outbound-DCL Inbound,Leroy St and Murray IB,891
10/31/2018 17:28,WS Outbound-DCL Inbound,Leroy St and Murray IB,891
10/31/2018 17:28,WS Outbound-DCL Inbound,Leroy St and Murray IB,891
10/31/2018 17:28,WS Outbound-DCL Inbound,Leroy St and Murray IB,891
10/31/2018 17:29,WS Outbound-DCL Inbound,UDC,889
10/31/2018 17:29,WS Outbound-DCL Inbound,UDC,889
10/31/2018 17:29,WS Outbound-DCL Inbound,Leroy St and Chestnut IB,891
10/31/2018 17:30,WS Outbound-DCL Inbound,Leroy St and Chestnut IB,891
10/31/2018 17:30,WS Outbound-DCL Inbound,Leroy St and Chestnut IB,891
10/31/2018 17:30,WS Outbound-DCL Inbound,Leroy St and Chestnut IB,891
10/31/2018 17:30,WS Outbound-DCL Inbound,UDC,889
10/31/2018 17:34,WS Outbound-DCL Inbound,Union,787
10/31/2018 17:34,WS Outbound-DCL Inbound,Union,787
10/31/2018 17:34,WS Outbound-DCL Inbound,Union,787
10/31/2018 17:34,WS Outbound-DCL Inbound,Union,787
10/31/2018 17:34,WS Outbound-DCL Inbound,Union,787
10/31/2018 17:34,WS Outbound-DCL Inbound,Union,787
10/31/2018 17:34,WS Outbound-DCL Inbound,Union,787
10/31/2018 17:35,WS Outbound-DCL Inbound,Union,787
10/31/2018 17:35,WS Outbound-DCL Inbound,Union,787
10/31/2018 17:35,WS Outbound-DCL Inbound,Union,787
10/31/2018 17:35,WS Outbound-DCL Inbound,Union,787
10/31/2018 17:35,WS Outbound-DCL Inbound,Union,787
10/31/2018 17:35,WS Outbound-DCL Inbound,Union,787
10/31/2018 17:35,WS Outbound-DCL Inbound,Union,787
10/31/2018 17:35,WS Outbound-DCL Inbound,Union,787
10/31/2018 17:35,WS Outbound-DCL Inbound,Union,787
10/31/2018 17:35,WS Outbound-DCL Inbound,Union,787
10/31/2018 17:35,WS Outbound-DCL Inbound,Union,787
10/31/2018 17:35,WS Outbound-DCL Inbound,Union,787
10/31/2018 17:35,WS Outbound-DCL Inbound,Union,787
10/31/2018 17:36,WS Outbound-DCL Inbound,Union,787
10/31/2018 17:39,WS Outbound-DCL Inbound,Physical Facilities,787
10/31/2018 17:39,WS Outbound-DCL Inbound,Physical Facilities,787
10/31/2018 17:39,WS Outbound-DCL Inbound,Academic A,889
10/31/2018 17:41,WS Outbound-DCL Inbound,Union,889
10/31/2018 17:41,WS Outbound-DCL Inbound,Union,889
10/31/2018 17:41,WS Outbound-DCL Inbound,Union,889
10/31/2018 17:41,WS Outbound-DCL Inbound,Union,889
10/31/2018 17:41,WS Outbound-DCL Inbound,Union,889
10/31/2018 17:41,WS Outbound-DCL Inbound,Union,889
10/31/2018 17:41,WS Outbound-DCL Inbound,Union,889
10/31/2018 17:41,WS Outbound-DCL Inbound,Union,889
10/31/2018 17:42,WS Outbound-DCL Inbound,Union,889
10/31/2018 17:42,WS Outbound-DCL Inbound,Union,889
10/31/2018 17:42,WS Outbound-DCL Inbound,Union,889
10/31/2018 17:42,WS Outbound-DCL Inbound,Union,889
10/31/2018 17:42,WS Outbound-DCL Inbound,Union,889
10/31/2018 17:42,WS Outbound-DCL Inbound,Union,889
10/31/2018 17:42,WS Outbound-DCL Inbound,Union,889
10/31/2018 17:42,WS Outbound-DCL Inbound,Union,889
10/31/2018 17:42,WS Outbound-DCL Inbound,Union,889
10/31/2018 17:42,WS Outbound-DCL Inbound,Union,889
10/31/2018 17:42,WS Outbound-DCL Inbound,Union,889
10/31/2018 17:42,WS Outbound-DCL Inbound,Union,889
10/31/2018 17:42,WS Outbound-DCL Inbound,Union,889
10/31/2018 17:43,WS Outbound-DCL Inbound,Union,889
10/31/2018 17:43,WS Outbound-DCL Inbound,Union,889
10/31/2018 17:43,WS Outbound-DCL Inbound,Union,889
10/31/2018 17:44,WS Outbound-DCL Inbound,Union,889
10/31/2018 17:44,WS Outbound-DCL Inbound,Union,889
10/31/2018 17:44,WS Outbound-DCL Inbound,Union,889
10/31/2018 17:44,WS Outbound-DCL Inbound,Union,889
10/31/2018 17:44,WS Outbound-DCL Inbound,Union,889
10/31/2018 17:44,WS Outbound-DCL Inbound,Union,889
10/31/2018 17:44,WS Outbound-DCL Inbound,Union,889
10/31/2018 17:45,WS Outbound-DCL Inbound,Union,889
10/31/2018 17:45,WS Outbound-DCL Inbound,Union,889
10/31/2018 17:45,WS Outbound-DCL Inbound,Union,889
10/31/2018 17:45,WS Outbound-DCL Inbound,Union,889
10/31/2018 17:45,WS Outbound-DCL Inbound,Union,889
10/31/2018 17:49,WS Outbound-DCL Inbound,Main and Helen OB,787
10/31/2018 17:50,WS Outbound-DCL Inbound,Main and Clarke IB,787
10/31/2018 17:55,WS Outbound-DCL Inbound,Floral and Cleveland OB,889
10/31/2018 17:55,WS Outbound-DCL Inbound,Floral and Cleveland OB,889
10/31/2018 18:02,WS Outbound-DCL Inbound,Union,37
10/31/2018 18:02,WS Outbound-DCL Inbound,Union,37
10/31/2018 18:02,WS Outbound-DCL Inbound,Union,37
10/31/2018 18:02,WS Outbound-DCL Inbound,Union,37
10/31/2018 18:02,WS Outbound-DCL Inbound,Union,37
10/31/2018 18:02,WS Outbound-DCL Inbound,Union,37
10/31/2018 18:02,WS Outbound-DCL Inbound,Union,37
10/31/2018 18:02,WS Outbound-DCL Inbound,Union,37
10/31/2018 18:02,WS Outbound-DCL Inbound,Union,37
10/31/2018 18:02,WS Outbound-DCL Inbound,Union,37
10/31/2018 18:02,WS Outbound-DCL Inbound,Union,37
10/31/2018 18:02,WS Outbound-DCL Inbound,Union,37
10/31/2018 18:02,WS Outbound-DCL Inbound,Union,37
10/31/2018 18:02,WS Outbound-DCL Inbound,Union,37
10/31/2018 18:02,WS Outbound-DCL Inbound,Union,37
10/31/2018 18:02,WS Outbound-DCL Inbound,Union,37
10/31/2018 18:02,WS Outbound-DCL Inbound,Union,37
10/31/2018 18:02,WS Outbound-DCL Inbound,Union,37
10/31/2018 18:02,WS Outbound-DCL Inbound,Union,37
10/31/2018 18:02,WS Outbound-DCL Inbound,Union,37
10/31/2018 18:02,WS Outbound-DCL Inbound,Union,37
10/31/2018 18:02,WS Outbound-DCL Inbound,Union,37
10/31/2018 18:02,WS Outbound-DCL Inbound,Union,37
10/31/2018 18:03,WS Outbound-DCL Inbound,Union,37
10/31/2018 18:04,WS Outbound-DCL Inbound,Main and Front OB,889
10/31/2018 18:04,WS Outbound-DCL Inbound,Main and Front OB,889
10/31/2018 18:04,WS Outbound-DCL Inbound,Union,37
10/31/2018 18:04,WS Outbound-DCL Inbound,Union,37
10/31/2018 18:05,WS Outbound-DCL Inbound,Union,37
10/31/2018 18:07,WS Outbound-DCL Inbound,Physical Facilities,37
10/31/2018 18:07,WS Outbound-DCL Inbound,UDC,889
10/31/2018 18:07,WS Outbound-DCL Inbound,Physical Facilities,37
10/31/2018 18:07,WS Outbound-DCL Inbound,UDC,889
10/31/2018 18:07,WS Outbound-DCL Inbound,UDC,889
10/31/2018 18:07,WS Outbound-DCL Inbound,UDC,889
10/31/2018 18:07,WS Outbound-DCL Inbound,UDC,889
10/31/2018 18:07,WS Outbound-DCL Inbound,UDC,889
10/31/2018 18:09,WS Outbound-DCL Inbound,UDC,889
10/31/2018 18:09,WS Outbound-DCL Inbound,UDC,889
10/31/2018 18:13,WS Outbound-DCL Inbound,Union,42
10/31/2018 18:13,WS Outbound-DCL Inbound,Union,42
10/31/2018 18:13,WS Outbound-DCL Inbound,Union,42
10/31/2018 18:13,WS Outbound-DCL Inbound,Union,42
10/31/2018 18:13,WS Outbound-DCL Inbound,Union,42
10/31/2018 18:13,WS Outbound-DCL Inbound,Union,42
10/31/2018 18:13,WS Outbound-DCL Inbound,Union,42
10/31/2018 18:13,WS Outbound-DCL Inbound,Union,42
10/31/2018 18:13,WS Outbound-DCL Inbound,Leroy St and Murray IB,889
10/31/2018 18:13,WS Outbound-DCL Inbound,Union,42
10/31/2018 18:13,WS Outbound-DCL Inbound,Union,42
10/31/2018 18:13,WS Outbound-DCL Inbound,Union,42
10/31/2018 18:13,WS Outbound-DCL Inbound,Union,42
10/31/2018 18:13,WS Outbound-DCL Inbound,Leroy St and Murray IB,889
10/31/2018 18:13,WS Outbound-DCL Inbound,Union,42
10/31/2018 18:13,WS Outbound-DCL Inbound,Union,42
10/31/2018 18:13,WS Outbound-DCL Inbound,Union,42
10/31/2018 18:13,WS Outbound-DCL Inbound,Union,42
10/31/2018 18:13,WS Outbound-DCL Inbound,Union,42
10/31/2018 18:13,WS Outbound-DCL Inbound,Union,42
10/31/2018 18:13,WS Outbound-DCL Inbound,Union,42
10/31/2018 18:13,WS Outbound-DCL Inbound,Union,42
10/31/2018 18:14,WS Outbound-DCL Inbound,Union,42
10/31/2018 18:14,WS Outbound-DCL Inbound,Union,42
10/31/2018 18:14,WS Outbound-DCL Inbound,Union,42
10/31/2018 18:14,WS Outbound-DCL Inbound,Union,42
10/31/2018 18:14,WS Outbound-DCL Inbound,Union,42
10/31/2018 18:14,WS Outbound-DCL Inbound,Union,42
10/31/2018 18:14,WS Outbound-DCL Inbound,Union,42
10/31/2018 18:14,WS Outbound-DCL Inbound,Leroy St and Chestnut IB,889
10/31/2018 18:14,WS Outbound-DCL Inbound,Leroy St and Chestnut IB,889
10/31/2018 18:14,WS Outbound-DCL Inbound,Leroy St and Chestnut IB,889
10/31/2018 18:14,WS Outbound-DCL Inbound,Leroy St and Chestnut IB,889
10/31/2018 18:14,WS Outbound-DCL Inbound,Leroy St and Chestnut IB,889
10/31/2018 18:15,WS Outbound-DCL Inbound,Leroy St and Chestnut IB,889
10/31/2018 18:15,WS Outbound-DCL Inbound,Leroy St and Chestnut IB,889
10/31/2018 18:15,WS Outbound-DCL Inbound,Union,42
10/31/2018 18:16,WS Outbound-DCL Inbound,Union,42
10/31/2018 18:16,WS Outbound-DCL Inbound,Union,42
10/31/2018 18:16,WS Outbound-DCL Inbound,Union,42
10/31/2018 18:16,WS Outbound-DCL Inbound,Union,42
10/31/2018 18:17,WS Outbound-DCL Inbound,Union,42
10/31/2018 18:19,WS Outbound-DCL Inbound,Denny''s,42
10/31/2018 18:19,WS Outbound-DCL Inbound,Denny''s,42
10/31/2018 18:32,WS Outbound-DCL Inbound,Main and Murray OB,42
10/31/2018 18:36,WS Outbound-DCL Inbound,Union,891
10/31/2018 18:36,WS Outbound-DCL Inbound,Union,891
10/31/2018 18:36,WS Outbound-DCL Inbound,Union,891
10/31/2018 18:36,WS Outbound-DCL Inbound,Union,891
10/31/2018 18:36,WS Outbound-DCL Inbound,Union,891
10/31/2018 18:36,WS Outbound-DCL Inbound,Union,891
10/31/2018 18:36,WS Outbound-DCL Inbound,UDC,42
10/31/2018 18:36,WS Outbound-DCL Inbound,UDC,42
10/31/2018 18:36,WS Outbound-DCL Inbound,UDC,42
10/31/2018 18:36,WS Outbound-DCL Inbound,UDC,42
10/31/2018 18:36,WS Outbound-DCL Inbound,UDC,42
10/31/2018 18:39,WS Outbound-DCL Inbound,Physical Facilities,891
10/31/2018 18:39,WS Outbound-DCL Inbound,UDC,42
10/31/2018 18:40,WS Outbound-DCL Inbound,UDC,42
10/31/2018 18:42,WS Outbound-DCL Inbound,Union,37
10/31/2018 18:42,WS Outbound-DCL Inbound,Union,37
10/31/2018 18:42,WS Outbound-DCL Inbound,Union,37
10/31/2018 18:42,WS Outbound-DCL Inbound,Union,37
10/31/2018 18:42,WS Outbound-DCL Inbound,Union,37
10/31/2018 18:42,WS Outbound-DCL Inbound,Union,37
10/31/2018 18:42,WS Outbound-DCL Inbound,Union,37
10/31/2018 18:42,WS Outbound-DCL Inbound,Union,37
10/31/2018 18:42,WS Outbound-DCL Inbound,Union,37
10/31/2018 18:42,WS Outbound-DCL Inbound,Union,37
10/31/2018 18:43,WS Outbound-DCL Inbound,Leroy St and Murray IB,42
10/31/2018 18:43,WS Outbound-DCL Inbound,Leroy St and Murray IB,42
10/31/2018 18:43,WS Outbound-DCL Inbound,Leroy St and Murray IB,42
10/31/2018 18:43,WS Outbound-DCL Inbound,Leroy St and Murray IB,42
10/31/2018 18:43,WS Outbound-DCL Inbound,Leroy St and Murray IB,42
10/31/2018 18:43,WS Outbound-DCL Inbound,Leroy St and Murray IB,42
10/31/2018 18:43,WS Outbound-DCL Inbound,Leroy St and Murray IB,42
10/31/2018 18:43,WS Outbound-DCL Inbound,Union,37
10/31/2018 18:44,WS Outbound-DCL Inbound,Union,37
10/31/2018 18:44,WS Outbound-DCL Inbound,Union,37
10/31/2018 18:44,WS Outbound-DCL Inbound,Union,37
10/31/2018 18:44,WS Outbound-DCL Inbound,Union,37
10/31/2018 18:44,WS Outbound-DCL Inbound,Leroy St and Chestnut IB,42
10/31/2018 18:44,WS Outbound-DCL Inbound,Leroy St and Chestnut IB,42
10/31/2018 18:44,WS Outbound-DCL Inbound,Leroy St and Chestnut IB,42
10/31/2018 18:44,WS Outbound-DCL Inbound,Union,37
10/31/2018 18:44,WS Outbound-DCL Inbound,Union,37
10/31/2018 18:45,WS Outbound-DCL Inbound,Union,37
10/31/2018 18:45,WS Outbound-DCL Inbound,Union,37
10/31/2018 18:45,WS Outbound-DCL Inbound,Union,37
10/31/2018 18:46,WS Outbound-DCL Inbound,Union,37
10/31/2018 18:46,WS Outbound-DCL Inbound,Union,37
10/31/2018 18:46,WS Outbound-DCL Inbound,Union,37
10/31/2018 18:47,WS Outbound-DCL Inbound,Union,37
10/31/2018 18:47,WS Outbound-DCL Inbound,Union,37
10/31/2018 18:47,WS Outbound-DCL Inbound,Union,37
10/31/2018 18:47,WS Outbound-DCL Inbound,Union,37
10/31/2018 18:47,WS Outbound-DCL Inbound,Union,37
10/31/2018 18:48,WS Outbound-DCL Inbound,Union,37
10/31/2018 18:48,WS Outbound-DCL Inbound,Union,37
10/31/2018 18:48,WS Outbound-DCL Inbound,Union,37
10/31/2018 18:48,WS Outbound-DCL Inbound,Main and Helen OB,891
10/31/2018 18:49,WS Outbound-DCL Inbound,Union,37
10/31/2018 18:49,WS Outbound-DCL Inbound,Union,37
10/31/2018 18:49,WS Outbound-DCL Inbound,Union,37
10/31/2018 18:49,WS Outbound-DCL Inbound,Union,37
10/31/2018 18:49,WS Outbound-DCL Inbound,Union,37
10/31/2018 18:49,WS Outbound-DCL Inbound,Union,37
10/31/2018 18:49,WS Outbound-DCL Inbound,Union,37
10/31/2018 18:49,WS Outbound-DCL Inbound,Union,37
10/31/2018 18:49,WS Outbound-DCL Inbound,Union,37
10/31/2018 18:50,WS Outbound-DCL Inbound,Union,37
10/31/2018 18:53,WS Outbound-DCL Inbound,Physical Facilities,37
10/31/2018 18:55,WS Outbound-DCL Inbound,Hawley OB,891
10/31/2018 18:55,WS Outbound-DCL Inbound,Hawley OB,891
10/31/2018 18:57,WS Outbound-DCL Inbound,UDC,891
10/31/2018 18:57,WS Outbound-DCL Inbound,UDC,891
10/31/2018 18:57,WS Outbound-DCL Inbound,UDC,891
10/31/2018 18:59,WS Outbound-DCL Inbound,Union,526
10/31/2018 18:59,WS Outbound-DCL Inbound,Union,526
10/31/2018 18:59,WS Outbound-DCL Inbound,Union,526
10/31/2018 18:59,WS Outbound-DCL Inbound,Union,526
10/31/2018 18:59,WS Outbound-DCL Inbound,Union,526
10/31/2018 18:59,WS Outbound-DCL Inbound,Union,526
10/31/2018 18:59,WS Outbound-DCL Inbound,Union,526
10/31/2018 18:59,WS Outbound-DCL Inbound,Union,526
10/31/2018 18:59,WS Outbound-DCL Inbound,Union,526
10/31/2018 18:59,WS Outbound-DCL Inbound,Union,526
10/31/2018 18:59,WS Outbound-DCL Inbound,Union,526
10/31/2018 18:59,WS Outbound-DCL Inbound,Union,526
10/31/2018 19:00,WS Outbound-DCL Inbound,Union,526
10/31/2018 19:00,WS Outbound-DCL Inbound,Union,526
10/31/2018 19:00,WS Outbound-DCL Inbound,Union,526
10/31/2018 19:00,WS Outbound-DCL Inbound,Union,526
10/31/2018 19:00,WS Outbound-DCL Inbound,Union,526
10/31/2018 19:00,WS Outbound-DCL Inbound,Union,526
10/31/2018 19:00,WS Outbound-DCL Inbound,Union,526
10/31/2018 19:00,WS Outbound-DCL Inbound,Union,526
10/31/2018 19:00,WS Outbound-DCL Inbound,Union,526
10/31/2018 19:00,WS Outbound-DCL Inbound,Union,526
10/31/2018 19:00,WS Outbound-DCL Inbound,Union,526
10/31/2018 19:01,WS Outbound-DCL Inbound,Union,526
10/31/2018 19:01,WS Outbound-DCL Inbound,Union,526
10/31/2018 19:01,WS Outbound-DCL Inbound,Union,526
10/31/2018 19:01,WS Outbound-DCL Inbound,Union,526
10/31/2018 19:02,WS Outbound-DCL Inbound,Union,526
10/31/2018 19:02,WS Outbound-DCL Inbound,Union,526
10/31/2018 19:02,WS Outbound-DCL Inbound,Union,526
10/31/2018 19:02,WS Outbound-DCL Inbound,Union,526
10/31/2018 19:02,WS Outbound-DCL Inbound,Union,526
10/31/2018 19:02,WS Outbound-DCL Inbound,Union,526
10/31/2018 19:03,WS Outbound-DCL Inbound,Union,526
10/31/2018 19:03,WS Outbound-DCL Inbound,Union,526
10/31/2018 19:03,WS Outbound-DCL Inbound,Union,526
10/31/2018 19:03,WS Outbound-DCL Inbound,Union,526
10/31/2018 19:03,WS Outbound-DCL Inbound,Union,526
10/31/2018 19:03,WS Outbound-DCL Inbound,Union,526
10/31/2018 19:03,WS Outbound-DCL Inbound,Union,526
10/31/2018 19:03,WS Outbound-DCL Inbound,Union,526
10/31/2018 19:03,WS Outbound-DCL Inbound,Union,526
10/31/2018 19:04,WS Outbound-DCL Inbound,Union,526
10/31/2018 19:05,WS Outbound-DCL Inbound,Union,526
10/31/2018 19:05,WS Outbound-DCL Inbound,Main and Helen OB,37
10/31/2018 19:05,WS Outbound-DCL Inbound,Main and Helen OB,37
10/31/2018 19:05,WS Outbound-DCL Inbound,Main and Helen OB,37
10/31/2018 19:06,WS Outbound-DCL Inbound,Main and Schiller OB,37
10/31/2018 19:06,WS Outbound-DCL Inbound,Main and Schiller OB,37
10/31/2018 19:08,WS Outbound-DCL Inbound,Main and Clarke IB,37
10/31/2018 19:14,WS Outbound-DCL Inbound,Floral and Cleveland OB,526
10/31/2018 19:14,WS Outbound-DCL Inbound,Floral and Cleveland OB,526
10/31/2018 19:17,WS Outbound-DCL Inbound,Leroy St and Front,37
10/31/2018 19:18,WS Outbound-DCL Inbound,Main and Clarke OB,526
10/31/2018 19:19,WS Outbound-DCL Inbound,Main and Cedar OB,526
10/31/2018 19:25,WS Outbound-DCL Inbound,Hawley OB,526
10/31/2018 19:26,WS Outbound-DCL Inbound,UDC,526
10/31/2018 19:28,WS Outbound-DCL Inbound,Union,42
10/31/2018 19:28,WS Outbound-DCL Inbound,Union,42
10/31/2018 19:28,WS Outbound-DCL Inbound,Union,42
10/31/2018 19:28,WS Outbound-DCL Inbound,Union,42
10/31/2018 19:29,WS Outbound-DCL Inbound,Union,42
10/31/2018 19:29,WS Outbound-DCL Inbound,Union,42
10/31/2018 19:29,WS Outbound-DCL Inbound,Union,42
10/31/2018 19:29,WS Outbound-DCL Inbound,Union,42
10/31/2018 19:29,WS Outbound-DCL Inbound,Union,42
10/31/2018 19:29,WS Outbound-DCL Inbound,Union,42
10/31/2018 19:29,WS Outbound-DCL Inbound,Union,42
10/31/2018 19:29,WS Outbound-DCL Inbound,Union,42
10/31/2018 19:29,WS Outbound-DCL Inbound,Union,42
10/31/2018 19:29,WS Outbound-DCL Inbound,Union,42
10/31/2018 19:29,WS Outbound-DCL Inbound,Union,42
10/31/2018 19:29,WS Outbound-DCL Inbound,Union,42
10/31/2018 19:29,WS Outbound-DCL Inbound,Union,42
10/31/2018 19:29,WS Outbound-DCL Inbound,Union,42
10/31/2018 19:29,WS Outbound-DCL Inbound,Union,42
10/31/2018 19:29,WS Outbound-DCL Inbound,Union,42
10/31/2018 19:29,WS Outbound-DCL Inbound,Union,42
10/31/2018 19:29,WS Outbound-DCL Inbound,Union,42
10/31/2018 19:29,WS Outbound-DCL Inbound,Union,42
10/31/2018 19:29,WS Outbound-DCL Inbound,Union,42
10/31/2018 19:29,WS Outbound-DCL Inbound,Union,42
10/31/2018 19:29,WS Outbound-DCL Inbound,Union,42
10/31/2018 19:29,WS Outbound-DCL Inbound,Union,42
10/31/2018 19:30,WS Outbound-DCL Inbound,Union,42
10/31/2018 19:30,WS Outbound-DCL Inbound,Union,42
10/31/2018 19:30,WS Outbound-DCL Inbound,Union,42
10/31/2018 19:30,WS Outbound-DCL Inbound,Union,42
10/31/2018 19:30,WS Outbound-DCL Inbound,Union,42
10/31/2018 19:30,WS Outbound-DCL Inbound,UDC,526
10/31/2018 19:30,WS Outbound-DCL Inbound,Union,42
10/31/2018 19:31,WS Outbound-DCL Inbound,Union,42
10/31/2018 19:32,WS Outbound-DCL Inbound,Union,42
10/31/2018 19:33,WS Outbound-DCL Inbound,Union,42
10/31/2018 19:34,WS Outbound-DCL Inbound,Union,42
10/31/2018 19:34,WS Outbound-DCL Inbound,Leroy St and Chestnut IB,526
10/31/2018 19:34,WS Outbound-DCL Inbound,Leroy St and Chestnut IB,526
10/31/2018 19:34,WS Outbound-DCL Inbound,Leroy St and Chestnut IB,526
10/31/2018 19:34,WS Outbound-DCL Inbound,Union,42
10/31/2018 19:34,WS Outbound-DCL Inbound,Union,42
10/31/2018 19:35,WS Outbound-DCL Inbound,Union,42
10/31/2018 19:35,WS Outbound-DCL Inbound,Union,42
10/31/2018 19:46,WS Outbound-DCL Inbound,Union,891
10/31/2018 19:46,WS Outbound-DCL Inbound,Union,891
10/31/2018 19:46,WS Outbound-DCL Inbound,Union,891
10/31/2018 19:46,WS Outbound-DCL Inbound,Union,891
10/31/2018 19:46,WS Outbound-DCL Inbound,Union,891
10/31/2018 19:46,WS Outbound-DCL Inbound,Union,891
10/31/2018 19:46,WS Outbound-DCL Inbound,Union,891
10/31/2018 19:46,WS Outbound-DCL Inbound,Union,891
10/31/2018 19:46,WS Outbound-DCL Inbound,Union,891
10/31/2018 19:46,WS Outbound-DCL Inbound,Union,891
10/31/2018 19:46,WS Outbound-DCL Inbound,Union,891
10/31/2018 19:46,WS Outbound-DCL Inbound,Union,891
10/31/2018 19:46,WS Outbound-DCL Inbound,Union,891
10/31/2018 19:46,WS Outbound-DCL Inbound,Union,891
10/31/2018 19:46,WS Outbound-DCL Inbound,Union,891
10/31/2018 19:46,WS Outbound-DCL Inbound,Union,891
10/31/2018 19:46,WS Outbound-DCL Inbound,Union,891
10/31/2018 19:46,WS Outbound-DCL Inbound,Union,891
10/31/2018 19:46,WS Outbound-DCL Inbound,Union,891
10/31/2018 19:46,WS Outbound-DCL Inbound,Union,891
10/31/2018 19:46,WS Outbound-DCL Inbound,Union,891
10/31/2018 19:46,WS Outbound-DCL Inbound,Union,891
10/31/2018 19:46,WS Outbound-DCL Inbound,Union,891
10/31/2018 19:48,WS Outbound-DCL Inbound,Physical Facilities,891
10/31/2018 19:49,WS Outbound-DCL Inbound,Main and Clarke OB,42
10/31/2018 19:49,WS Outbound-DCL Inbound,Main and Clarke OB,42
10/31/2018 19:51,WS Outbound-DCL Inbound,Main and Arthur,42
10/31/2018 19:51,WS Outbound-DCL Inbound,Main and Arthur,42
10/31/2018 19:57,WS Outbound-DCL Inbound,UDC,42
10/31/2018 19:58,WS Outbound-DCL Inbound,UDC,42
10/31/2018 19:58,WS Outbound-DCL Inbound,Union,526
10/31/2018 19:58,WS Outbound-DCL Inbound,Union,526
10/31/2018 19:58,WS Outbound-DCL Inbound,Union,526
10/31/2018 19:58,WS Outbound-DCL Inbound,Union,526
10/31/2018 19:58,WS Outbound-DCL Inbound,Union,526
10/31/2018 19:58,WS Outbound-DCL Inbound,Union,526
10/31/2018 19:58,WS Outbound-DCL Inbound,Union,526
10/31/2018 19:58,WS Outbound-DCL Inbound,Union,526
10/31/2018 19:59,WS Outbound-DCL Inbound,Union,526
10/31/2018 19:59,WS Outbound-DCL Inbound,Union,526
10/31/2018 19:59,WS Outbound-DCL Inbound,Union,526
10/31/2018 19:59,WS Outbound-DCL Inbound,Union,526
10/31/2018 19:59,WS Outbound-DCL Inbound,Union,526
10/31/2018 19:59,WS Outbound-DCL Inbound,Union,526
10/31/2018 19:59,WS Outbound-DCL Inbound,Union,526
10/31/2018 19:59,WS Outbound-DCL Inbound,Union,526
10/31/2018 19:59,WS Outbound-DCL Inbound,Union,526
10/31/2018 19:59,WS Outbound-DCL Inbound,Union,526
10/31/2018 19:59,WS Outbound-DCL Inbound,Union,526
10/31/2018 19:59,WS Outbound-DCL Inbound,Union,526
10/31/2018 19:59,WS Outbound-DCL Inbound,Union,526
10/31/2018 19:59,WS Outbound-DCL Inbound,Union,526
10/31/2018 19:59,WS Outbound-DCL Inbound,Union,526
10/31/2018 19:59,WS Outbound-DCL Inbound,Union,526
10/31/2018 19:59,WS Outbound-DCL Inbound,Union,526
10/31/2018 19:59,WS Outbound-DCL Inbound,Union,526
10/31/2018 19:59,WS Outbound-DCL Inbound,Union,526
