Start Date:10/03/2018 7:00 AM End Date:10/03/2018 8:00 PM,,,
DateTime,CorridorName,StopName,VehicleID
10/3/2018 7:21,WS Outbound-DCL Inbound,Floral and Ackley,527
10/3/2018 7:22,WS Outbound-DCL Inbound,Floral and Roberts OB,527
10/3/2018 7:28,WS Outbound-DCL Inbound,Main and Cedar OB,527
10/3/2018 7:30,WS Outbound-DCL Inbound,Main and Murray OB,527
10/3/2018 7:32,WS Outbound-DCL Inbound,UDC,527
10/3/2018 7:34,WS Outbound-DCL Inbound,UDC,527
10/3/2018 7:37,WS Outbound-DCL Inbound,UDC,527
10/3/2018 7:39,WS Outbound-DCL Inbound,UDC,527
10/3/2018 7:39,WS Outbound-DCL Inbound,UDC,527
10/3/2018 7:40,WS Outbound-DCL Inbound,UDC,527
10/3/2018 7:40,WS Outbound-DCL Inbound,UDC,527
10/3/2018 7:43,WS Outbound-DCL Inbound,Leroy St and Front,527
10/3/2018 7:43,WS Outbound-DCL Inbound,Leroy St and Front,527
10/3/2018 7:43,WS Outbound-DCL Inbound,Leroy St and Front,527
10/3/2018 7:43,WS Outbound-DCL Inbound,Leroy St and Front,527
10/3/2018 7:43,WS Outbound-DCL Inbound,Leroy St and Front,527
10/3/2018 7:45,WS Outbound-DCL Inbound,Leroy St and Murray IB,527
10/3/2018 7:45,WS Outbound-DCL Inbound,Leroy St and Murray IB,527
10/3/2018 7:45,WS Outbound-DCL Inbound,Leroy St and Murray IB,527
10/3/2018 7:45,WS Outbound-DCL Inbound,Leroy St and Murray IB,527
10/3/2018 7:45,WS Outbound-DCL Inbound,Leroy St and Murray IB,527
10/3/2018 7:45,WS Outbound-DCL Inbound,Leroy St and Murray IB,527
10/3/2018 7:46,WS Outbound-DCL Inbound,Leroy St and Chestnut IB,527
10/3/2018 7:46,WS Outbound-DCL Inbound,Leroy St and Chestnut IB,527
10/3/2018 7:46,WS Outbound-DCL Inbound,Leroy St and Chestnut IB,527
10/3/2018 7:46,WS Outbound-DCL Inbound,Leroy St and Chestnut IB,527
10/3/2018 7:46,WS Outbound-DCL Inbound,Leroy St and Chestnut IB,527
10/3/2018 7:46,WS Outbound-DCL Inbound,Leroy St and Chestnut IB,527
10/3/2018 7:46,WS Outbound-DCL Inbound,Leroy St and Chestnut IB,527
10/3/2018 7:46,WS Outbound-DCL Inbound,Leroy St and Chestnut IB,527
10/3/2018 7:46,WS Outbound-DCL Inbound,Leroy St and Chestnut IB,527
10/3/2018 7:58,WS Outbound-DCL Inbound,Leroy St and Front,891
10/3/2018 7:59,WS Outbound-DCL Inbound,Leroy St and Murray IB,891
10/3/2018 7:59,WS Outbound-DCL Inbound,Leroy St and Murray IB,891
10/3/2018 7:59,WS Outbound-DCL Inbound,Leroy St and Murray IB,891
10/3/2018 7:59,WS Outbound-DCL Inbound,Leroy St and Murray IB,891
10/3/2018 7:59,WS Outbound-DCL Inbound,Leroy St and Murray IB,891
10/3/2018 7:59,WS Outbound-DCL Inbound,Leroy St and Murray IB,891
10/3/2018 7:59,WS Outbound-DCL Inbound,Leroy St and Murray IB,891
10/3/2018 7:59,WS Outbound-DCL Inbound,Leroy St and Murray IB,891
10/3/2018 7:59,WS Outbound-DCL Inbound,Leroy St and Murray IB,891
10/3/2018 7:59,WS Outbound-DCL Inbound,Leroy St and Murray IB,891
10/3/2018 7:59,WS Outbound-DCL Inbound,Leroy St and Murray IB,891
10/3/2018 7:59,WS Outbound-DCL Inbound,Leroy St and Murray IB,891
10/3/2018 7:59,WS Outbound-DCL Inbound,Leroy St and Murray IB,891
10/3/2018 7:59,WS Outbound-DCL Inbound,Leroy St and Murray IB,891
10/3/2018 7:59,WS Outbound-DCL Inbound,Leroy St and Murray IB,891
10/3/2018 7:59,WS Outbound-DCL Inbound,Leroy St and Murray IB,891
10/3/2018 7:59,WS Outbound-DCL Inbound,Leroy St and Murray IB,891
10/3/2018 8:00,WS Outbound-DCL Inbound,Leroy St and Murray IB,891
10/3/2018 8:00,WS Outbound-DCL Inbound,Leroy St and Murray IB,891
10/3/2018 8:00,WS Outbound-DCL Inbound,Leroy St and Murray IB,891
10/3/2018 8:00,WS Outbound-DCL Inbound,Leroy St and Murray IB,891
10/3/2018 8:00,WS Outbound-DCL Inbound,Leroy St and Murray IB,891
10/3/2018 8:00,WS Outbound-DCL Inbound,Leroy St and Murray IB,891
10/3/2018 8:00,WS Outbound-DCL Inbound,Leroy St and Murray IB,891
10/3/2018 8:00,WS Outbound-DCL Inbound,Leroy St and Murray IB,891
10/3/2018 8:00,WS Outbound-DCL Inbound,Leroy St and Murray IB,891
10/3/2018 8:00,WS Outbound-DCL Inbound,Leroy St and Murray IB,891
10/3/2018 8:00,WS Outbound-DCL Inbound,Leroy St and Murray IB,891
10/3/2018 8:00,WS Outbound-DCL Inbound,Leroy St and Murray IB,891
10/3/2018 8:00,WS Outbound-DCL Inbound,Leroy St and Murray IB,891
10/3/2018 8:00,WS Outbound-DCL Inbound,Leroy St and Murray IB,891
10/3/2018 8:01,WS Outbound-DCL Inbound,Leroy St and Chestnut IB,891
10/3/2018 8:01,WS Outbound-DCL Inbound,Leroy St and Chestnut IB,891
10/3/2018 8:01,WS Outbound-DCL Inbound,Leroy St and Chestnut IB,891
10/3/2018 8:01,WS Outbound-DCL Inbound,Leroy St and Chestnut IB,891
10/3/2018 8:01,WS Outbound-DCL Inbound,Leroy St and Chestnut IB,891
10/3/2018 8:01,WS Outbound-DCL Inbound,Leroy St and Chestnut IB,891
10/3/2018 8:01,WS Outbound-DCL Inbound,Leroy St and Chestnut IB,891
10/3/2018 8:01,WS Outbound-DCL Inbound,Leroy St and Chestnut IB,891
10/3/2018 8:01,WS Outbound-DCL Inbound,Leroy St and Chestnut IB,891
10/3/2018 8:01,WS Outbound-DCL Inbound,Leroy St and Chestnut IB,891
10/3/2018 8:01,WS Outbound-DCL Inbound,Leroy St and Chestnut IB,891
10/3/2018 8:01,WS Outbound-DCL Inbound,Leroy St and Chestnut IB,891
10/3/2018 8:23,WS Outbound-DCL Inbound,UDC,37
10/3/2018 8:24,WS Outbound-DCL Inbound,UDC,37
10/3/2018 8:24,WS Outbound-DCL Inbound,Floral and Harrison IB,891
10/3/2018 8:29,WS Outbound-DCL Inbound,Leroy St and Murray OB,37
10/3/2018 8:29,WS Outbound-DCL Inbound,Leroy St and Murray OB,37
10/3/2018 8:29,WS Outbound-DCL Inbound,Leroy St and Murray OB,37
10/3/2018 8:29,WS Outbound-DCL Inbound,Leroy St and Murray OB,37
10/3/2018 8:29,WS Outbound-DCL Inbound,Leroy St and Murray OB,37
10/3/2018 8:29,WS Outbound-DCL Inbound,Leroy St and Murray OB,37
10/3/2018 8:29,WS Outbound-DCL Inbound,Leroy St and Murray OB,37
10/3/2018 8:29,WS Outbound-DCL Inbound,Leroy St and Murray OB,37
10/3/2018 8:31,WS Outbound-DCL Inbound,Leroy St and Chestnut IB,37
10/3/2018 8:31,WS Outbound-DCL Inbound,Leroy St and Chestnut IB,37
10/3/2018 8:31,WS Outbound-DCL Inbound,Leroy St and Chestnut IB,37
10/3/2018 8:31,WS Outbound-DCL Inbound,Leroy St and Chestnut IB,37
10/3/2018 8:31,WS Outbound-DCL Inbound,Main and Murray OB,891
10/3/2018 8:35,WS Outbound-DCL Inbound,UDC,891
10/3/2018 8:35,WS Outbound-DCL Inbound,UDC,891
10/3/2018 8:35,WS Outbound-DCL Inbound,UDC,891
10/3/2018 8:35,WS Outbound-DCL Inbound,UDC,891
10/3/2018 8:36,WS Outbound-DCL Inbound,UDC,891
10/3/2018 8:43,WS Outbound-DCL Inbound,Leroy St and Front,891
10/3/2018 8:43,WS Outbound-DCL Inbound,Leroy St and Front,891
10/3/2018 8:43,WS Outbound-DCL Inbound,Leroy St and Front,891
10/3/2018 8:44,WS Outbound-DCL Inbound,Leroy St and Murray IB,891
10/3/2018 8:44,WS Outbound-DCL Inbound,Leroy St and Murray IB,891
10/3/2018 8:44,WS Outbound-DCL Inbound,Leroy St and Murray IB,891
10/3/2018 8:44,WS Outbound-DCL Inbound,Leroy St and Murray IB,891
10/3/2018 8:45,WS Outbound-DCL Inbound,Leroy St and Murray IB,891
10/3/2018 8:45,WS Outbound-DCL Inbound,Leroy St and Murray IB,891
10/3/2018 8:45,WS Outbound-DCL Inbound,Leroy St and Murray IB,891
10/3/2018 8:45,WS Outbound-DCL Inbound,Union,37
10/3/2018 8:45,WS Outbound-DCL Inbound,Union,37
10/3/2018 8:45,WS Outbound-DCL Inbound,Union,37
10/3/2018 8:45,WS Outbound-DCL Inbound,Union,37
10/3/2018 8:46,WS Outbound-DCL Inbound,Union,37
10/3/2018 8:46,WS Outbound-DCL Inbound,Leroy St and Chestnut IB,891
10/3/2018 8:52,WS Outbound-DCL Inbound,UDC,526
10/3/2018 8:52,WS Outbound-DCL Inbound,UDC,526
10/3/2018 8:53,WS Outbound-DCL Inbound,UDC,526
10/3/2018 8:53,WS Outbound-DCL Inbound,UDC,526
10/3/2018 8:56,WS Outbound-DCL Inbound,UDC,526
10/3/2018 8:56,WS Outbound-DCL Inbound,UDC,526
10/3/2018 8:56,WS Outbound-DCL Inbound,UDC,526
10/3/2018 8:59,WS Outbound-DCL Inbound,Leroy St and Front,526
10/3/2018 8:59,WS Outbound-DCL Inbound,Leroy St and Front,526
10/3/2018 8:59,WS Outbound-DCL Inbound,Leroy St and Front,526
10/3/2018 9:00,WS Outbound-DCL Inbound,Leroy St and Murray IB,526
10/3/2018 9:00,WS Outbound-DCL Inbound,Leroy St and Murray IB,526
10/3/2018 9:00,WS Outbound-DCL Inbound,Leroy St and Murray IB,526
10/3/2018 9:00,WS Outbound-DCL Inbound,Leroy St and Murray IB,526
10/3/2018 9:00,WS Outbound-DCL Inbound,Leroy St and Murray IB,526
10/3/2018 9:00,WS Outbound-DCL Inbound,Leroy St and Murray IB,526
10/3/2018 9:00,WS Outbound-DCL Inbound,Leroy St and Murray IB,526
10/3/2018 9:00,WS Outbound-DCL Inbound,Leroy St and Murray IB,526
10/3/2018 9:00,WS Outbound-DCL Inbound,Leroy St and Murray IB,526
10/3/2018 9:01,WS Outbound-DCL Inbound,Leroy St and Murray IB,526
10/3/2018 9:01,WS Outbound-DCL Inbound,Leroy St and Murray IB,526
10/3/2018 9:01,WS Outbound-DCL Inbound,Leroy St and Murray IB,526
10/3/2018 9:01,WS Outbound-DCL Inbound,Leroy St and Murray IB,526
10/3/2018 9:01,WS Outbound-DCL Inbound,Leroy St and Murray IB,526
10/3/2018 9:02,WS Outbound-DCL Inbound,Leroy St and Chestnut IB,526
10/3/2018 9:02,WS Outbound-DCL Inbound,Leroy St and Chestnut IB,526
10/3/2018 9:02,WS Outbound-DCL Inbound,Leroy St and Chestnut IB,526
10/3/2018 9:02,WS Outbound-DCL Inbound,Leroy St and Chestnut IB,526
10/3/2018 9:02,WS Outbound-DCL Inbound,Leroy St and Chestnut IB,526
10/3/2018 9:02,WS Outbound-DCL Inbound,Leroy St and Chestnut IB,526
10/3/2018 9:02,WS Outbound-DCL Inbound,Leroy St and Chestnut IB,526
10/3/2018 9:02,WS Outbound-DCL Inbound,Leroy St and Chestnut IB,526
10/3/2018 9:02,WS Outbound-DCL Inbound,Leroy St and Chestnut IB,526
10/3/2018 9:02,WS Outbound-DCL Inbound,Leroy St and Chestnut IB,526
10/3/2018 9:02,WS Outbound-DCL Inbound,Leroy St and Chestnut IB,526
10/3/2018 9:02,WS Outbound-DCL Inbound,Leroy St and Chestnut IB,526
10/3/2018 9:03,WS Outbound-DCL Inbound,Beethoven and Leroy,526
10/3/2018 9:07,WS Outbound-DCL Inbound,Riverside and Ethel OB,526
10/3/2018 9:15,WS Outbound-DCL Inbound,Union,55
10/3/2018 9:16,WS Outbound-DCL Inbound,Union,55
10/3/2018 9:16,WS Outbound-DCL Inbound,Union,55
10/3/2018 9:21,WS Outbound-DCL Inbound,UDC,527
10/3/2018 9:21,WS Outbound-DCL Inbound,UDC,527
10/3/2018 9:21,WS Outbound-DCL Inbound,UDC,527
10/3/2018 9:21,WS Outbound-DCL Inbound,UDC,527
10/3/2018 9:24,WS Outbound-DCL Inbound,UDC,527
10/3/2018 9:24,WS Outbound-DCL Inbound,UDC,527
10/3/2018 9:25,WS Outbound-DCL Inbound,UDC,527
10/3/2018 9:25,WS Outbound-DCL Inbound,UDC,527
10/3/2018 9:27,WS Outbound-DCL Inbound,Leroy St and Front,527
10/3/2018 9:27,WS Outbound-DCL Inbound,Leroy St and Front,527
10/3/2018 9:27,WS Outbound-DCL Inbound,Leroy St and Front,527
10/3/2018 9:28,WS Outbound-DCL Inbound,Leroy St and Murray IB,527
10/3/2018 9:29,WS Outbound-DCL Inbound,Leroy St and Chestnut IB,527
10/3/2018 9:29,WS Outbound-DCL Inbound,Leroy St and Chestnut IB,527
10/3/2018 9:29,WS Outbound-DCL Inbound,Leroy St and Chestnut IB,527
10/3/2018 9:29,WS Outbound-DCL Inbound,Leroy St and Chestnut IB,527
10/3/2018 9:29,WS Outbound-DCL Inbound,Leroy St and Chestnut OB,527
10/3/2018 9:29,WS Outbound-DCL Inbound,Leroy St and Chestnut OB,527
10/3/2018 9:29,WS Outbound-DCL Inbound,Leroy St and Chestnut OB,527
10/3/2018 9:30,WS Outbound-DCL Inbound,Leroy St and Laurel IB,527
10/3/2018 9:31,WS Outbound-DCL Inbound,Beethoven and Leroy,527
10/3/2018 9:37,WS Outbound-DCL Inbound,UDC,55
10/3/2018 9:43,WS Outbound-DCL Inbound,Leroy St and Front,55
10/3/2018 9:44,WS Outbound-DCL Inbound,Leroy St and Murray IB,55
10/3/2018 9:44,WS Outbound-DCL Inbound,Leroy St and Murray IB,55
10/3/2018 9:44,WS Outbound-DCL Inbound,Leroy St and Murray IB,55
10/3/2018 9:44,WS Outbound-DCL Inbound,Leroy St and Murray IB,55
10/3/2018 9:44,WS Outbound-DCL Inbound,Leroy St and Murray IB,55
10/3/2018 9:45,WS Outbound-DCL Inbound,Leroy St and Chestnut IB,55
10/3/2018 9:45,WS Outbound-DCL Inbound,Leroy St and Chestnut IB,55
10/3/2018 9:45,WS Outbound-DCL Inbound,Leroy St and Chestnut IB,55
10/3/2018 9:45,WS Outbound-DCL Inbound,Leroy St and Chestnut IB,55
10/3/2018 9:45,WS Outbound-DCL Inbound,Union,891
10/3/2018 9:45,WS Outbound-DCL Inbound,Union,891
10/3/2018 9:45,WS Outbound-DCL Inbound,Union,891
10/3/2018 9:45,WS Outbound-DCL Inbound,Union,891
10/3/2018 9:45,WS Outbound-DCL Inbound,Union,891
10/3/2018 9:45,WS Outbound-DCL Inbound,Union,891
10/3/2018 9:45,WS Outbound-DCL Inbound,Union,891
10/3/2018 9:45,WS Outbound-DCL Inbound,Union,891
10/3/2018 9:45,WS Outbound-DCL Inbound,Union,891
10/3/2018 9:46,WS Outbound-DCL Inbound,Union,891
10/3/2018 9:46,WS Outbound-DCL Inbound,Union,891
10/3/2018 9:46,WS Outbound-DCL Inbound,Union,891
10/3/2018 9:46,WS Outbound-DCL Inbound,Union,891
10/3/2018 9:46,WS Outbound-DCL Inbound,Union,891
10/3/2018 9:46,WS Outbound-DCL Inbound,Union,891
10/3/2018 9:46,WS Outbound-DCL Inbound,Union,891
10/3/2018 9:46,WS Outbound-DCL Inbound,Union,891
10/3/2018 9:46,WS Outbound-DCL Inbound,Union,891
10/3/2018 9:46,WS Outbound-DCL Inbound,Union,891
10/3/2018 9:46,WS Outbound-DCL Inbound,Leroy St and Laurel IB,55
10/3/2018 9:46,WS Outbound-DCL Inbound,Union,891
10/3/2018 9:46,WS Outbound-DCL Inbound,Union,891
10/3/2018 9:46,WS Outbound-DCL Inbound,Union,891
10/3/2018 9:50,WS Outbound-DCL Inbound,Physical Facilities,891
10/3/2018 9:50,WS Outbound-DCL Inbound,Physical Facilities,891
10/3/2018 9:57,WS Outbound-DCL Inbound,Floral and Burbank OB,891
10/3/2018 9:58,WS Outbound-DCL Inbound,Mohawk,55
10/3/2018 9:58,WS Outbound-DCL Inbound,Mohawk,55
10/3/2018 9:58,WS Outbound-DCL Inbound,Mohawk,55
10/3/2018 9:58,WS Outbound-DCL Inbound,Mohawk,55
10/3/2018 9:59,WS Outbound-DCL Inbound,Mohawk,55
10/3/2018 9:59,WS Outbound-DCL Inbound,Leroy St and Front,528
10/3/2018 9:59,WS Outbound-DCL Inbound,Mohawk,55
10/3/2018 10:00,WS Outbound-DCL Inbound,Leroy St and Murray IB,528
10/3/2018 10:00,WS Outbound-DCL Inbound,Leroy St and Murray IB,528
10/3/2018 10:00,WS Outbound-DCL Inbound,Leroy St and Murray IB,528
10/3/2018 10:00,WS Outbound-DCL Inbound,Leroy St and Murray IB,528
10/3/2018 10:00,WS Outbound-DCL Inbound,Leroy St and Murray IB,528
10/3/2018 10:00,WS Outbound-DCL Inbound,Leroy St and Murray IB,528
10/3/2018 10:00,WS Outbound-DCL Inbound,Leroy St and Murray IB,528
10/3/2018 10:01,WS Outbound-DCL Inbound,Main and Helen OB,891
10/3/2018 10:01,WS Outbound-DCL Inbound,Leroy St and Chestnut IB,528
10/3/2018 10:01,WS Outbound-DCL Inbound,Leroy St and Chestnut IB,528
10/3/2018 10:01,WS Outbound-DCL Inbound,Leroy St and Chestnut IB,528
10/3/2018 10:01,WS Outbound-DCL Inbound,Leroy St and Chestnut IB,528
10/3/2018 10:01,WS Outbound-DCL Inbound,Leroy St and Chestnut IB,528
10/3/2018 10:05,WS Outbound-DCL Inbound,Main and Murray OB,891
10/3/2018 10:09,WS Outbound-DCL Inbound,UDC,891
10/3/2018 10:09,WS Outbound-DCL Inbound,UDC,891
10/3/2018 10:09,WS Outbound-DCL Inbound,UDC,891
10/3/2018 10:13,WS Outbound-DCL Inbound,Leroy St and Front,891
10/3/2018 10:13,WS Outbound-DCL Inbound,Leroy St and Front,891
10/3/2018 10:13,WS Outbound-DCL Inbound,Leroy St and Front,891
10/3/2018 10:14,WS Outbound-DCL Inbound,Leroy St and Murray IB,891
10/3/2018 10:14,WS Outbound-DCL Inbound,Leroy St and Murray IB,891
10/3/2018 10:14,WS Outbound-DCL Inbound,Leroy St and Murray IB,891
10/3/2018 10:14,WS Outbound-DCL Inbound,Leroy St and Murray IB,891
10/3/2018 10:14,WS Outbound-DCL Inbound,Leroy St and Murray IB,891
10/3/2018 10:15,WS Outbound-DCL Inbound,Union,55
10/3/2018 10:15,WS Outbound-DCL Inbound,Union,55
10/3/2018 10:15,WS Outbound-DCL Inbound,Union,55
10/3/2018 10:15,WS Outbound-DCL Inbound,Union,55
10/3/2018 10:15,WS Outbound-DCL Inbound,Leroy St and Chestnut IB,891
10/3/2018 10:15,WS Outbound-DCL Inbound,Union,55
10/3/2018 10:15,WS Outbound-DCL Inbound,Leroy St and Chestnut IB,891
10/3/2018 10:15,WS Outbound-DCL Inbound,Leroy St and Chestnut IB,891
10/3/2018 10:15,WS Outbound-DCL Inbound,Leroy St and Chestnut IB,891
10/3/2018 10:15,WS Outbound-DCL Inbound,Leroy St and Chestnut IB,891
10/3/2018 10:15,WS Outbound-DCL Inbound,Leroy St and Chestnut IB,891
10/3/2018 10:15,WS Outbound-DCL Inbound,Leroy St and Chestnut IB,891
10/3/2018 10:15,WS Outbound-DCL Inbound,Leroy St and Chestnut IB,891
10/3/2018 10:15,WS Outbound-DCL Inbound,Leroy St and Chestnut IB,891
10/3/2018 10:15,WS Outbound-DCL Inbound,Leroy St and Chestnut IB,891
10/3/2018 10:15,WS Outbound-DCL Inbound,Leroy St and Chestnut IB,891
10/3/2018 10:15,WS Outbound-DCL Inbound,Leroy St and Chestnut IB,891
10/3/2018 10:17,WS Outbound-DCL Inbound,Union,55
10/3/2018 10:17,WS Outbound-DCL Inbound,Union,55
10/3/2018 10:20,WS Outbound-DCL Inbound,UDC,890
10/3/2018 10:20,WS Outbound-DCL Inbound,UDC,890
10/3/2018 10:20,WS Outbound-DCL Inbound,UDC,890
10/3/2018 10:21,WS Outbound-DCL Inbound,UDC,890
10/3/2018 10:22,WS Outbound-DCL Inbound,UDC,890
10/3/2018 10:24,WS Outbound-DCL Inbound,UDC,890
10/3/2018 10:24,WS Outbound-DCL Inbound,UDC,890
10/3/2018 10:24,WS Outbound-DCL Inbound,UDC,890
10/3/2018 10:26,WS Outbound-DCL Inbound,Floral and Willow IB,55
10/3/2018 10:26,WS Outbound-DCL Inbound,Leroy St and Front,890
10/3/2018 10:26,WS Outbound-DCL Inbound,Leroy St and Front,890
10/3/2018 10:26,WS Outbound-DCL Inbound,Leroy St and Front,890
10/3/2018 10:27,WS Outbound-DCL Inbound,Leroy St and Front,890
10/3/2018 10:27,WS Outbound-DCL Inbound,Leroy St and Front,890
10/3/2018 10:27,WS Outbound-DCL Inbound,Leroy St and Front,890
10/3/2018 10:27,WS Outbound-DCL Inbound,Leroy St and Front,890
10/3/2018 10:27,WS Outbound-DCL Inbound,Leroy St and Murray IB,890
10/3/2018 10:27,WS Outbound-DCL Inbound,Leroy St and Murray IB,890
10/3/2018 10:27,WS Outbound-DCL Inbound,Leroy St and Murray IB,890
10/3/2018 10:27,WS Outbound-DCL Inbound,Leroy St and Murray IB,890
10/3/2018 10:28,WS Outbound-DCL Inbound,Leroy St and Murray IB,890
10/3/2018 10:28,WS Outbound-DCL Inbound,Leroy St and Murray IB,890
10/3/2018 10:28,WS Outbound-DCL Inbound,Leroy St and Murray IB,890
10/3/2018 10:28,WS Outbound-DCL Inbound,Leroy St and Murray IB,890
10/3/2018 10:28,WS Outbound-DCL Inbound,Leroy St and Murray IB,890
10/3/2018 10:28,WS Outbound-DCL Inbound,Leroy St and Murray IB,890
10/3/2018 10:28,WS Outbound-DCL Inbound,Leroy St and Murray IB,890
10/3/2018 10:28,WS Outbound-DCL Inbound,Leroy St and Murray IB,890
10/3/2018 10:28,WS Outbound-DCL Inbound,Leroy St and Murray IB,890
10/3/2018 10:28,WS Outbound-DCL Inbound,Leroy St and Murray IB,890
10/3/2018 10:29,WS Outbound-DCL Inbound,Leroy St and Chestnut IB,890
10/3/2018 10:29,WS Outbound-DCL Inbound,Leroy St and Chestnut IB,890
10/3/2018 10:29,WS Outbound-DCL Inbound,Leroy St and Chestnut IB,890
10/3/2018 10:29,WS Outbound-DCL Inbound,Leroy St and Chestnut IB,890
10/3/2018 10:29,WS Outbound-DCL Inbound,Leroy St and Chestnut IB,890
10/3/2018 10:29,WS Outbound-DCL Inbound,Leroy St and Chestnut IB,890
10/3/2018 10:29,WS Outbound-DCL Inbound,Leroy St and Chestnut IB,890
10/3/2018 10:29,WS Outbound-DCL Inbound,Leroy St and Chestnut IB,890
10/3/2018 10:29,WS Outbound-DCL Inbound,Leroy St and Chestnut IB,890
10/3/2018 10:30,WS Outbound-DCL Inbound,Main and Schiller OB,55
10/3/2018 10:31,WS Outbound-DCL Inbound,Main and Cedar OB,55
10/3/2018 10:40,WS Outbound-DCL Inbound,UDC,55
10/3/2018 10:43,WS Outbound-DCL Inbound,Leroy St and Front,55
10/3/2018 10:43,WS Outbound-DCL Inbound,Leroy St and Front,55
10/3/2018 10:44,WS Outbound-DCL Inbound,Leroy St and Murray IB,55
10/3/2018 10:44,WS Outbound-DCL Inbound,Leroy St and Murray IB,55
10/3/2018 10:44,WS Outbound-DCL Inbound,Leroy St and Murray IB,55
10/3/2018 10:45,WS Outbound-DCL Inbound,Leroy St and Chestnut IB,55
10/3/2018 10:46,WS Outbound-DCL Inbound,Union,890
10/3/2018 10:46,WS Outbound-DCL Inbound,Union,890
10/3/2018 10:46,WS Outbound-DCL Inbound,Union,890
10/3/2018 10:46,WS Outbound-DCL Inbound,Union,890
10/3/2018 10:46,WS Outbound-DCL Inbound,Union,890
10/3/2018 10:47,WS Outbound-DCL Inbound,Union,890
10/3/2018 10:47,WS Outbound-DCL Inbound,Union,890
10/3/2018 10:47,WS Outbound-DCL Inbound,Union,890
10/3/2018 10:47,WS Outbound-DCL Inbound,Union,890
10/3/2018 10:47,WS Outbound-DCL Inbound,Union,890
10/3/2018 10:47,WS Outbound-DCL Inbound,Union,890
10/3/2018 10:47,WS Outbound-DCL Inbound,Union,890
10/3/2018 10:47,WS Outbound-DCL Inbound,Union,890
10/3/2018 10:47,WS Outbound-DCL Inbound,Union,890
10/3/2018 10:47,WS Outbound-DCL Inbound,Union,890
10/3/2018 10:47,WS Outbound-DCL Inbound,Union,890
10/3/2018 10:47,WS Outbound-DCL Inbound,Union,890
10/3/2018 10:47,WS Outbound-DCL Inbound,Union,890
10/3/2018 10:47,WS Outbound-DCL Inbound,Union,890
10/3/2018 10:47,WS Outbound-DCL Inbound,Union,890
10/3/2018 10:47,WS Outbound-DCL Inbound,Union,890
10/3/2018 10:47,WS Outbound-DCL Inbound,Union,890
10/3/2018 10:47,WS Outbound-DCL Inbound,Union,890
10/3/2018 10:47,WS Outbound-DCL Inbound,Union,890
10/3/2018 10:47,WS Outbound-DCL Inbound,Union,890
10/3/2018 10:47,WS Outbound-DCL Inbound,Union,890
10/3/2018 10:47,WS Outbound-DCL Inbound,Union,890
10/3/2018 10:47,WS Outbound-DCL Inbound,Union,890
10/3/2018 10:47,WS Outbound-DCL Inbound,Union,890
10/3/2018 10:48,WS Outbound-DCL Inbound,Union,890
10/3/2018 10:52,WS Outbound-DCL Inbound,Physical Facilities,890
10/3/2018 10:52,WS Outbound-DCL Inbound,Physical Facilities,890
10/3/2018 10:55,WS Outbound-DCL Inbound,UDC,37
10/3/2018 10:55,WS Outbound-DCL Inbound,UDC,37
10/3/2018 10:55,WS Outbound-DCL Inbound,UDC,37
10/3/2018 10:55,WS Outbound-DCL Inbound,UDC,37
10/3/2018 10:55,WS Outbound-DCL Inbound,UDC,37
10/3/2018 10:55,WS Outbound-DCL Inbound,UDC,37
10/3/2018 10:55,WS Outbound-DCL Inbound,UDC,37
10/3/2018 10:55,WS Outbound-DCL Inbound,UDC,37
10/3/2018 10:55,WS Outbound-DCL Inbound,UDC,37
10/3/2018 10:56,WS Outbound-DCL Inbound,UDC,37
10/3/2018 10:59,WS Outbound-DCL Inbound,Leroy St and Murray IB,37
10/3/2018 10:59,WS Outbound-DCL Inbound,Leroy St and Murray IB,37
10/3/2018 10:59,WS Outbound-DCL Inbound,Leroy St and Murray IB,37
10/3/2018 10:59,WS Outbound-DCL Inbound,Leroy St and Murray IB,37
10/3/2018 10:59,WS Outbound-DCL Inbound,Leroy St and Murray IB,37
10/3/2018 10:59,WS Outbound-DCL Inbound,Leroy St and Murray IB,37
10/3/2018 10:59,WS Outbound-DCL Inbound,Leroy St and Murray IB,37
10/3/2018 11:01,WS Outbound-DCL Inbound,Leroy St and Chestnut IB,37
10/3/2018 11:01,WS Outbound-DCL Inbound,Leroy St and Chestnut IB,37
10/3/2018 11:01,WS Outbound-DCL Inbound,Main and Schiller OB,890
10/3/2018 11:03,WS Outbound-DCL Inbound,Main and Cedar OB,890
10/3/2018 11:04,WS Outbound-DCL Inbound,Main and Cedar OB,890
10/3/2018 11:04,WS Outbound-DCL Inbound,Main and Cedar OB,890
10/3/2018 11:10,WS Outbound-DCL Inbound,Union,891
10/3/2018 11:10,WS Outbound-DCL Inbound,Union,891
10/3/2018 11:10,WS Outbound-DCL Inbound,Union,891
10/3/2018 11:10,WS Outbound-DCL Inbound,Union,891
10/3/2018 11:10,WS Outbound-DCL Inbound,Union,891
10/3/2018 11:10,WS Outbound-DCL Inbound,Union,891
10/3/2018 11:11,WS Outbound-DCL Inbound,Union,891
10/3/2018 11:14,WS Outbound-DCL Inbound,Leroy St and Murray IB,890
10/3/2018 11:14,WS Outbound-DCL Inbound,Leroy St and Murray IB,890
10/3/2018 11:14,WS Outbound-DCL Inbound,Leroy St and Murray IB,890
10/3/2018 11:14,WS Outbound-DCL Inbound,Leroy St and Murray IB,890
10/3/2018 11:14,WS Outbound-DCL Inbound,Leroy St and Murray IB,890
10/3/2018 11:14,WS Outbound-DCL Inbound,Leroy St and Murray IB,890
10/3/2018 11:14,WS Outbound-DCL Inbound,Union,37
10/3/2018 11:14,WS Outbound-DCL Inbound,Union,37
10/3/2018 11:14,WS Outbound-DCL Inbound,Union,37
10/3/2018 11:14,WS Outbound-DCL Inbound,Union,891
10/3/2018 11:15,WS Outbound-DCL Inbound,Union,37
10/3/2018 11:15,WS Outbound-DCL Inbound,Leroy St and Chestnut IB,890
10/3/2018 11:15,WS Outbound-DCL Inbound,Leroy St and Chestnut IB,890
10/3/2018 11:15,WS Outbound-DCL Inbound,Leroy St and Chestnut IB,890
10/3/2018 11:15,WS Outbound-DCL Inbound,Leroy St and Chestnut IB,890
10/3/2018 11:15,WS Outbound-DCL Inbound,Leroy St and Chestnut IB,890
10/3/2018 11:15,WS Outbound-DCL Inbound,Leroy St and Chestnut IB,890
10/3/2018 11:15,WS Outbound-DCL Inbound,Leroy St and Chestnut IB,890
10/3/2018 11:15,WS Outbound-DCL Inbound,Leroy St and Chestnut IB,890
10/3/2018 11:15,WS Outbound-DCL Inbound,Union,891
10/3/2018 11:15,WS Outbound-DCL Inbound,Union,891
10/3/2018 11:29,WS Outbound-DCL Inbound,Main and Cedar OB,891
10/3/2018 11:29,WS Outbound-DCL Inbound,Main and Cedar OB,891
10/3/2018 11:31,WS Outbound-DCL Inbound,Main and Murray OB,891
10/3/2018 11:34,WS Outbound-DCL Inbound,UDC,891
10/3/2018 11:35,WS Outbound-DCL Inbound,UDC,891
10/3/2018 11:35,WS Outbound-DCL Inbound,UDC,891
10/3/2018 11:35,WS Outbound-DCL Inbound,UDC,891
10/3/2018 11:39,WS Outbound-DCL Inbound,UDC,891
10/3/2018 11:39,WS Outbound-DCL Inbound,UDC,891
10/3/2018 11:43,WS Outbound-DCL Inbound,Leroy St and Front,891
10/3/2018 11:43,WS Outbound-DCL Inbound,Leroy St and Front,891
10/3/2018 11:44,WS Outbound-DCL Inbound,Union,55
10/3/2018 11:44,WS Outbound-DCL Inbound,Union,55
10/3/2018 11:44,WS Outbound-DCL Inbound,Leroy St and Murray IB,891
10/3/2018 11:44,WS Outbound-DCL Inbound,Union,55
10/3/2018 11:44,WS Outbound-DCL Inbound,Leroy St and Murray IB,891
10/3/2018 11:44,WS Outbound-DCL Inbound,Union,55
10/3/2018 11:44,WS Outbound-DCL Inbound,Union,55
10/3/2018 11:44,WS Outbound-DCL Inbound,Leroy St and Murray IB,891
10/3/2018 11:44,WS Outbound-DCL Inbound,Leroy St and Murray IB,891
10/3/2018 11:44,WS Outbound-DCL Inbound,Union,55
10/3/2018 11:44,WS Outbound-DCL Inbound,Union,55
10/3/2018 11:44,WS Outbound-DCL Inbound,Union,55
10/3/2018 11:44,WS Outbound-DCL Inbound,Union,55
10/3/2018 11:44,WS Outbound-DCL Inbound,Union,55
10/3/2018 11:44,WS Outbound-DCL Inbound,Union,55
10/3/2018 11:44,WS Outbound-DCL Inbound,Union,55
10/3/2018 11:44,WS Outbound-DCL Inbound,Leroy St and Murray IB,891
10/3/2018 11:44,WS Outbound-DCL Inbound,Union,55
10/3/2018 11:44,WS Outbound-DCL Inbound,Union,55
10/3/2018 11:44,WS Outbound-DCL Inbound,Union,55
10/3/2018 11:44,WS Outbound-DCL Inbound,Union,55
10/3/2018 11:44,WS Outbound-DCL Inbound,Union,55
10/3/2018 11:44,WS Outbound-DCL Inbound,Union,55
10/3/2018 11:44,WS Outbound-DCL Inbound,Union,55
10/3/2018 11:44,WS Outbound-DCL Inbound,Union,55
10/3/2018 11:45,WS Outbound-DCL Inbound,Union,55
10/3/2018 11:45,WS Outbound-DCL Inbound,Union,55
10/3/2018 11:45,WS Outbound-DCL Inbound,Leroy St and Chestnut IB,891
10/3/2018 11:45,WS Outbound-DCL Inbound,Leroy St and Chestnut IB,891
10/3/2018 11:45,WS Outbound-DCL Inbound,Leroy St and Chestnut IB,891
10/3/2018 11:45,WS Outbound-DCL Inbound,Leroy St and Chestnut IB,891
10/3/2018 11:45,WS Outbound-DCL Inbound,Union,55
10/3/2018 11:45,WS Outbound-DCL Inbound,Leroy St and Chestnut IB,891
10/3/2018 11:45,WS Outbound-DCL Inbound,Leroy St and Chestnut IB,891
10/3/2018 11:45,WS Outbound-DCL Inbound,Union,55
10/3/2018 11:45,WS Outbound-DCL Inbound,Union,55
10/3/2018 11:45,WS Outbound-DCL Inbound,Leroy St and Chestnut IB,891
10/3/2018 11:45,WS Outbound-DCL Inbound,Leroy St and Chestnut IB,891
10/3/2018 11:45,WS Outbound-DCL Inbound,Leroy St and Chestnut IB,891
10/3/2018 11:46,WS Outbound-DCL Inbound,Leroy St and Laurel IB,891
10/3/2018 11:50,WS Outbound-DCL Inbound,Riverside and Columbus IB,891
10/3/2018 11:55,WS Outbound-DCL Inbound,Floral and Cleveland OB,55
10/3/2018 11:56,WS Outbound-DCL Inbound,Union,527
10/3/2018 11:56,WS Outbound-DCL Inbound,Union,527
10/3/2018 11:57,WS Outbound-DCL Inbound,Union,527
10/3/2018 11:57,WS Outbound-DCL Inbound,Union,527
10/3/2018 11:57,WS Outbound-DCL Inbound,Union,527
10/3/2018 11:57,WS Outbound-DCL Inbound,Union,527
10/3/2018 11:57,WS Outbound-DCL Inbound,Union,527
10/3/2018 11:57,WS Outbound-DCL Inbound,Union,527
10/3/2018 11:57,WS Outbound-DCL Inbound,Union,527
10/3/2018 11:57,WS Outbound-DCL Inbound,Union,527
10/3/2018 11:57,WS Outbound-DCL Inbound,Union,527
10/3/2018 11:57,WS Outbound-DCL Inbound,Union,527
10/3/2018 11:57,WS Outbound-DCL Inbound,Union,527
10/3/2018 11:57,WS Outbound-DCL Inbound,Union,527
10/3/2018 11:57,WS Outbound-DCL Inbound,Union,527
10/3/2018 11:58,WS Outbound-DCL Inbound,Union,527
10/3/2018 11:58,WS Outbound-DCL Inbound,Union,527
10/3/2018 11:58,WS Outbound-DCL Inbound,Main and Helen OB,55
10/3/2018 11:58,WS Outbound-DCL Inbound,Union,527
10/3/2018 11:58,WS Outbound-DCL Inbound,Union,527
10/3/2018 11:59,WS Outbound-DCL Inbound,Union,527
10/3/2018 11:59,WS Outbound-DCL Inbound,Main and Schiller OB,55
10/3/2018 12:00,WS Outbound-DCL Inbound,Union,527
10/3/2018 12:02,WS Outbound-DCL Inbound,Main and Cedar OB,55
10/3/2018 12:10,WS Outbound-DCL Inbound,Union,528
10/3/2018 12:10,WS Outbound-DCL Inbound,Union,528
10/3/2018 12:10,WS Outbound-DCL Inbound,Union,528
10/3/2018 12:10,WS Outbound-DCL Inbound,Union,528
10/3/2018 12:10,WS Outbound-DCL Inbound,Union,528
10/3/2018 12:10,WS Outbound-DCL Inbound,Union,528
10/3/2018 12:10,WS Outbound-DCL Inbound,Union,528
10/3/2018 12:10,WS Outbound-DCL Inbound,Union,528
10/3/2018 12:10,WS Outbound-DCL Inbound,Union,528
10/3/2018 12:11,WS Outbound-DCL Inbound,Union,528
10/3/2018 12:11,WS Outbound-DCL Inbound,Union,528
10/3/2018 12:11,WS Outbound-DCL Inbound,Union,528
10/3/2018 12:11,WS Outbound-DCL Inbound,Union,528
10/3/2018 12:11,WS Outbound-DCL Inbound,Union,528
10/3/2018 12:11,WS Outbound-DCL Inbound,Union,528
10/3/2018 12:12,WS Outbound-DCL Inbound,UDC,55
10/3/2018 12:13,WS Outbound-DCL Inbound,Union,528
10/3/2018 12:15,WS Outbound-DCL Inbound,Leroy St and Front,55
10/3/2018 12:16,WS Outbound-DCL Inbound,Leroy St and Murray IB,55
10/3/2018 12:16,WS Outbound-DCL Inbound,Leroy St and Murray IB,55
10/3/2018 12:16,WS Outbound-DCL Inbound,Leroy St and Murray IB,55
10/3/2018 12:16,WS Outbound-DCL Inbound,Leroy St and Murray IB,55
10/3/2018 12:17,WS Outbound-DCL Inbound,Leroy St and Chestnut IB,55
10/3/2018 12:17,WS Outbound-DCL Inbound,Leroy St and Chestnut IB,55
10/3/2018 12:18,WS Outbound-DCL Inbound,Physical Facilities,528
10/3/2018 12:18,WS Outbound-DCL Inbound,Physical Facilities,528
10/3/2018 12:23,WS Outbound-DCL Inbound,UDC,527
10/3/2018 12:23,WS Outbound-DCL Inbound,UDC,527
10/3/2018 12:23,WS Outbound-DCL Inbound,UDC,527
10/3/2018 12:23,WS Outbound-DCL Inbound,UDC,527
10/3/2018 12:23,WS Outbound-DCL Inbound,UDC,527
10/3/2018 12:23,WS Outbound-DCL Inbound,UDC,527
10/3/2018 12:23,WS Outbound-DCL Inbound,UDC,527
10/3/2018 12:23,WS Outbound-DCL Inbound,UDC,527
10/3/2018 12:23,WS Outbound-DCL Inbound,UDC,527
10/3/2018 12:23,WS Outbound-DCL Inbound,UDC,527
10/3/2018 12:23,WS Outbound-DCL Inbound,UDC,527
10/3/2018 12:23,WS Outbound-DCL Inbound,UDC,527
10/3/2018 12:23,WS Outbound-DCL Inbound,UDC,527
10/3/2018 12:23,WS Outbound-DCL Inbound,UDC,527
10/3/2018 12:23,WS Outbound-DCL Inbound,UDC,527
10/3/2018 12:23,WS Outbound-DCL Inbound,UDC,527
10/3/2018 12:23,WS Outbound-DCL Inbound,UDC,527
10/3/2018 12:23,WS Outbound-DCL Inbound,UDC,527
10/3/2018 12:23,WS Outbound-DCL Inbound,UDC,527
10/3/2018 12:23,WS Outbound-DCL Inbound,UDC,527
10/3/2018 12:23,WS Outbound-DCL Inbound,UDC,527
10/3/2018 12:23,WS Outbound-DCL Inbound,UDC,527
10/3/2018 12:23,WS Outbound-DCL Inbound,UDC,527
10/3/2018 12:24,WS Outbound-DCL Inbound,UDC,527
10/3/2018 12:24,WS Outbound-DCL Inbound,UDC,527
10/3/2018 12:24,WS Outbound-DCL Inbound,UDC,527
10/3/2018 12:24,WS Outbound-DCL Inbound,UDC,527
10/3/2018 12:24,WS Outbound-DCL Inbound,UDC,527
10/3/2018 12:24,WS Outbound-DCL Inbound,Floral and Cleveland OB,528
10/3/2018 12:24,WS Outbound-DCL Inbound,UDC,527
10/3/2018 12:24,WS Outbound-DCL Inbound,UDC,527
10/3/2018 12:24,WS Outbound-DCL Inbound,UDC,527
10/3/2018 12:24,WS Outbound-DCL Inbound,UDC,527
10/3/2018 12:24,WS Outbound-DCL Inbound,UDC,527
10/3/2018 12:25,WS Outbound-DCL Inbound,UDC,527
10/3/2018 12:25,WS Outbound-DCL Inbound,UDC,527
10/3/2018 12:25,WS Outbound-DCL Inbound,UDC,527
10/3/2018 12:29,WS Outbound-DCL Inbound,Leroy St and Murray IB,527
10/3/2018 12:29,WS Outbound-DCL Inbound,Leroy St and Murray IB,527
10/3/2018 12:29,WS Outbound-DCL Inbound,Leroy St and Murray IB,527
10/3/2018 12:29,WS Outbound-DCL Inbound,Leroy St and Murray IB,527
10/3/2018 12:29,WS Outbound-DCL Inbound,Main and Arthur,528
10/3/2018 12:30,WS Outbound-DCL Inbound,Leroy St and Chestnut IB,527
10/3/2018 12:30,WS Outbound-DCL Inbound,Leroy St and Chestnut IB,527
10/3/2018 12:30,WS Outbound-DCL Inbound,Leroy St and Chestnut IB,527
10/3/2018 12:32,WS Outbound-DCL Inbound,Beethoven and Leroy,527
10/3/2018 12:32,WS Outbound-DCL Inbound,Beethoven and Leroy,527
10/3/2018 12:33,WS Outbound-DCL Inbound,UDC,528
10/3/2018 12:33,WS Outbound-DCL Inbound,UDC,528
10/3/2018 12:33,WS Outbound-DCL Inbound,UDC,528
10/3/2018 12:33,WS Outbound-DCL Inbound,UDC,528
10/3/2018 12:33,WS Outbound-DCL Inbound,UDC,528
10/3/2018 12:33,WS Outbound-DCL Inbound,UDC,528
10/3/2018 12:33,WS Outbound-DCL Inbound,UDC,528
10/3/2018 12:33,WS Outbound-DCL Inbound,UDC,528
10/3/2018 12:33,WS Outbound-DCL Inbound,UDC,528
10/3/2018 12:33,WS Outbound-DCL Inbound,UDC,528
10/3/2018 12:33,WS Outbound-DCL Inbound,UDC,528
10/3/2018 12:33,WS Outbound-DCL Inbound,UDC,528
10/3/2018 12:33,WS Outbound-DCL Inbound,UDC,528
10/3/2018 12:33,WS Outbound-DCL Inbound,UDC,528
10/3/2018 12:34,WS Outbound-DCL Inbound,UDC,528
10/3/2018 12:34,WS Outbound-DCL Inbound,UDC,528
10/3/2018 12:35,WS Outbound-DCL Inbound,UDC,528
10/3/2018 12:35,WS Outbound-DCL Inbound,UDC,528
10/3/2018 12:35,WS Outbound-DCL Inbound,UDC,528
10/3/2018 12:35,WS Outbound-DCL Inbound,UDC,528
10/3/2018 12:36,WS Outbound-DCL Inbound,UDC,528
10/3/2018 12:36,WS Outbound-DCL Inbound,UDC,528
10/3/2018 12:36,WS Outbound-DCL Inbound,UDC,528
10/3/2018 12:36,WS Outbound-DCL Inbound,UDC,528
10/3/2018 12:38,WS Outbound-DCL Inbound,UDC,528
10/3/2018 12:39,WS Outbound-DCL Inbound,UDC,528
10/3/2018 12:40,WS Outbound-DCL Inbound,UDC IB,528
10/3/2018 12:42,WS Outbound-DCL Inbound,Leroy St and Front,528
10/3/2018 12:42,WS Outbound-DCL Inbound,Leroy St and Front,528
10/3/2018 12:42,WS Outbound-DCL Inbound,Leroy St and Front,528
10/3/2018 12:42,WS Outbound-DCL Inbound,Union,891
10/3/2018 12:42,WS Outbound-DCL Inbound,Union,891
10/3/2018 12:42,WS Outbound-DCL Inbound,Union,891
10/3/2018 12:42,WS Outbound-DCL Inbound,Union,891
10/3/2018 12:42,WS Outbound-DCL Inbound,Union,891
10/3/2018 12:42,WS Outbound-DCL Inbound,Union,891
10/3/2018 12:42,WS Outbound-DCL Inbound,Union,891
10/3/2018 12:42,WS Outbound-DCL Inbound,Union,891
10/3/2018 12:42,WS Outbound-DCL Inbound,Union,891
10/3/2018 12:42,WS Outbound-DCL Inbound,Union,891
10/3/2018 12:42,WS Outbound-DCL Inbound,Union,891
10/3/2018 12:43,WS Outbound-DCL Inbound,Union,891
10/3/2018 12:43,WS Outbound-DCL Inbound,Union,891
10/3/2018 12:43,WS Outbound-DCL Inbound,Union,891
10/3/2018 12:43,WS Outbound-DCL Inbound,Union,891
10/3/2018 12:43,WS Outbound-DCL Inbound,Leroy St and Murray IB,528
10/3/2018 12:43,WS Outbound-DCL Inbound,Leroy St and Murray IB,528
10/3/2018 12:43,WS Outbound-DCL Inbound,Leroy St and Murray IB,528
10/3/2018 12:43,WS Outbound-DCL Inbound,Leroy St and Murray IB,528
10/3/2018 12:43,WS Outbound-DCL Inbound,Leroy St and Murray IB,528
10/3/2018 12:43,WS Outbound-DCL Inbound,Leroy St and Murray IB,528
10/3/2018 12:43,WS Outbound-DCL Inbound,Leroy St and Murray IB,528
10/3/2018 12:43,WS Outbound-DCL Inbound,Leroy St and Murray IB,528
10/3/2018 12:43,WS Outbound-DCL Inbound,Leroy St and Murray IB,528
10/3/2018 12:43,WS Outbound-DCL Inbound,Leroy St and Murray IB,528
10/3/2018 12:43,WS Outbound-DCL Inbound,Leroy St and Murray IB,528
10/3/2018 12:43,WS Outbound-DCL Inbound,Leroy St and Murray IB,528
10/3/2018 12:43,WS Outbound-DCL Inbound,Leroy St and Murray IB,528
10/3/2018 12:43,WS Outbound-DCL Inbound,Leroy St and Murray IB,528
10/3/2018 12:43,WS Outbound-DCL Inbound,Leroy St and Murray IB,528
10/3/2018 12:43,WS Outbound-DCL Inbound,Leroy St and Murray IB,528
10/3/2018 12:43,WS Outbound-DCL Inbound,Leroy St and Murray IB,528
10/3/2018 12:44,WS Outbound-DCL Inbound,Leroy St and Murray IB,528
10/3/2018 12:44,WS Outbound-DCL Inbound,Leroy St and Murray IB,528
10/3/2018 12:44,WS Outbound-DCL Inbound,Leroy St and Murray IB,528
10/3/2018 12:44,WS Outbound-DCL Inbound,Leroy St and Murray IB,528
10/3/2018 12:44,WS Outbound-DCL Inbound,Leroy St and Murray IB,528
10/3/2018 12:44,WS Outbound-DCL Inbound,Leroy St and Murray IB,528
10/3/2018 12:45,WS Outbound-DCL Inbound,Union,891
10/3/2018 12:45,WS Outbound-DCL Inbound,Union,891
10/3/2018 12:47,WS Outbound-DCL Inbound,Physical Facilities,891
10/3/2018 12:56,WS Outbound-DCL Inbound,Main and Schiller OB,891
10/3/2018 13:00,WS Outbound-DCL Inbound,Union,528
10/3/2018 13:00,WS Outbound-DCL Inbound,Union,528
10/3/2018 13:00,WS Outbound-DCL Inbound,Union,528
10/3/2018 13:00,WS Outbound-DCL Inbound,Union,528
10/3/2018 13:00,WS Outbound-DCL Inbound,Union,528
10/3/2018 13:00,WS Outbound-DCL Inbound,Union,528
10/3/2018 13:00,WS Outbound-DCL Inbound,Union,528
10/3/2018 13:00,WS Outbound-DCL Inbound,Union,528
10/3/2018 13:00,WS Outbound-DCL Inbound,Union,528
10/3/2018 13:00,WS Outbound-DCL Inbound,Union,528
10/3/2018 13:00,WS Outbound-DCL Inbound,Union,528
10/3/2018 13:00,WS Outbound-DCL Inbound,Union,528
10/3/2018 13:00,WS Outbound-DCL Inbound,Union,528
10/3/2018 13:00,WS Outbound-DCL Inbound,Union,528
10/3/2018 13:00,WS Outbound-DCL Inbound,Union,528
10/3/2018 13:00,WS Outbound-DCL Inbound,Union,528
10/3/2018 13:00,WS Outbound-DCL Inbound,Union,528
10/3/2018 13:00,WS Outbound-DCL Inbound,Union,528
10/3/2018 13:00,WS Outbound-DCL Inbound,Union,528
10/3/2018 13:00,WS Outbound-DCL Inbound,Union,528
10/3/2018 13:00,WS Outbound-DCL Inbound,Union,528
10/3/2018 13:00,WS Outbound-DCL Inbound,Union,528
10/3/2018 13:00,WS Outbound-DCL Inbound,Union,528
10/3/2018 13:00,WS Outbound-DCL Inbound,Main and Murray OB,891
10/3/2018 13:01,WS Outbound-DCL Inbound,Union,528
10/3/2018 13:04,WS Outbound-DCL Inbound,UDC,891
10/3/2018 13:04,WS Outbound-DCL Inbound,UDC,891
10/3/2018 13:05,WS Outbound-DCL Inbound,UDC,891
10/3/2018 13:05,WS Outbound-DCL Inbound,UDC,891
10/3/2018 13:06,WS Outbound-DCL Inbound,Union,37
10/3/2018 13:06,WS Outbound-DCL Inbound,Union,37
10/3/2018 13:06,WS Outbound-DCL Inbound,Union,37
10/3/2018 13:06,WS Outbound-DCL Inbound,Union,37
10/3/2018 13:06,WS Outbound-DCL Inbound,Union,37
10/3/2018 13:06,WS Outbound-DCL Inbound,Union,37
10/3/2018 13:06,WS Outbound-DCL Inbound,Union,37
10/3/2018 13:06,WS Outbound-DCL Inbound,Union,37
10/3/2018 13:06,WS Outbound-DCL Inbound,Union,37
10/3/2018 13:06,WS Outbound-DCL Inbound,Union,37
10/3/2018 13:07,WS Outbound-DCL Inbound,Union,37
10/3/2018 13:07,WS Outbound-DCL Inbound,Union,37
10/3/2018 13:07,WS Outbound-DCL Inbound,Union,37
10/3/2018 13:07,WS Outbound-DCL Inbound,Union,37
10/3/2018 13:07,WS Outbound-DCL Inbound,Union,37
10/3/2018 13:07,WS Outbound-DCL Inbound,Union,37
10/3/2018 13:07,WS Outbound-DCL Inbound,Union,37
10/3/2018 13:07,WS Outbound-DCL Inbound,Union,37
10/3/2018 13:07,WS Outbound-DCL Inbound,Union,37
10/3/2018 13:07,WS Outbound-DCL Inbound,Union,37
10/3/2018 13:07,WS Outbound-DCL Inbound,Union,37
10/3/2018 13:07,WS Outbound-DCL Inbound,Union,37
10/3/2018 13:07,WS Outbound-DCL Inbound,Union,37
10/3/2018 13:07,WS Outbound-DCL Inbound,Union,37
10/3/2018 13:07,WS Outbound-DCL Inbound,Union,37
10/3/2018 13:07,WS Outbound-DCL Inbound,Union,37
10/3/2018 13:07,WS Outbound-DCL Inbound,Union,37
10/3/2018 13:07,WS Outbound-DCL Inbound,Union,37
10/3/2018 13:07,WS Outbound-DCL Inbound,Union,37
10/3/2018 13:08,WS Outbound-DCL Inbound,Union,37
10/3/2018 13:09,WS Outbound-DCL Inbound,UDC,891
10/3/2018 13:10,WS Outbound-DCL Inbound,UDC,891
10/3/2018 13:10,WS Outbound-DCL Inbound,UDC,891
10/3/2018 13:11,WS Outbound-DCL Inbound,Physical Facilities,37
10/3/2018 13:11,WS Outbound-DCL Inbound,Physical Facilities,37
10/3/2018 13:11,WS Outbound-DCL Inbound,Physical Facilities,37
10/3/2018 13:11,WS Outbound-DCL Inbound,Physical Facilities,37
10/3/2018 13:14,WS Outbound-DCL Inbound,Leroy St and Front,891
10/3/2018 13:14,WS Outbound-DCL Inbound,Leroy St and Front,891
10/3/2018 13:16,WS Outbound-DCL Inbound,Leroy St and Chestnut OB,891
10/3/2018 13:16,WS Outbound-DCL Inbound,Leroy St and Chestnut OB,891
10/3/2018 13:16,WS Outbound-DCL Inbound,Leroy St and Chestnut OB,891
10/3/2018 13:16,WS Outbound-DCL Inbound,Leroy St and Chestnut OB,891
10/3/2018 13:16,WS Outbound-DCL Inbound,Leroy St and Chestnut OB,891
10/3/2018 13:16,WS Outbound-DCL Inbound,Leroy St and Chestnut OB,891
10/3/2018 13:19,WS Outbound-DCL Inbound,Riverside and Beethoven,891
10/3/2018 13:19,WS Outbound-DCL Inbound,Physical Facilities,55
10/3/2018 13:20,WS Outbound-DCL Inbound,Floral and Burbank OB,37
10/3/2018 13:22,WS Outbound-DCL Inbound,Floral and Main OB,37
10/3/2018 13:22,WS Outbound-DCL Inbound,Riverside and Columbus,891
10/3/2018 13:29,WS Outbound-DCL Inbound,Main and Schiller OB,55
10/3/2018 13:33,WS Outbound-DCL Inbound,UDC,37
10/3/2018 13:33,WS Outbound-DCL Inbound,UDC,37
10/3/2018 13:33,WS Outbound-DCL Inbound,UDC,37
10/3/2018 13:37,WS Outbound-DCL Inbound,Leroy St and Murray IB,37
10/3/2018 13:37,WS Outbound-DCL Inbound,Leroy St and Murray IB,37
10/3/2018 13:37,WS Outbound-DCL Inbound,Leroy St and Murray IB,37
10/3/2018 13:37,WS Outbound-DCL Inbound,Leroy St and Murray IB,37
10/3/2018 13:37,WS Outbound-DCL Inbound,Leroy St and Murray IB,37
10/3/2018 13:37,WS Outbound-DCL Inbound,Leroy St and Murray IB,37
10/3/2018 13:37,WS Outbound-DCL Inbound,Leroy St and Murray IB,37
10/3/2018 13:38,WS Outbound-DCL Inbound,Leroy St and Chestnut IB,37
10/3/2018 13:38,WS Outbound-DCL Inbound,Leroy St and Chestnut IB,37
10/3/2018 13:38,WS Outbound-DCL Inbound,Leroy St and Chestnut IB,37
10/3/2018 13:38,WS Outbound-DCL Inbound,Leroy St and Chestnut IB,37
10/3/2018 13:38,WS Outbound-DCL Inbound,Leroy St and Chestnut IB,37
10/3/2018 13:39,WS Outbound-DCL Inbound,Beethoven and Leroy,37
10/3/2018 13:43,WS Outbound-DCL Inbound,Leroy St and Murray IB,55
10/3/2018 13:44,WS Outbound-DCL Inbound,Leroy St and Murray IB,55
10/3/2018 13:44,WS Outbound-DCL Inbound,Leroy St and Murray IB,55
10/3/2018 13:44,WS Outbound-DCL Inbound,Leroy St and Murray IB,55
10/3/2018 13:44,WS Outbound-DCL Inbound,Leroy St and Murray IB,55
10/3/2018 13:45,WS Outbound-DCL Inbound,Union,43
10/3/2018 13:45,WS Outbound-DCL Inbound,Union,43
10/3/2018 13:45,WS Outbound-DCL Inbound,Leroy St and Chestnut IB,55
10/3/2018 13:45,WS Outbound-DCL Inbound,Union,43
10/3/2018 13:45,WS Outbound-DCL Inbound,Leroy St and Chestnut IB,55
10/3/2018 13:45,WS Outbound-DCL Inbound,Leroy St and Chestnut IB,55
10/3/2018 13:45,WS Outbound-DCL Inbound,Union,43
10/3/2018 13:45,WS Outbound-DCL Inbound,Union,43
10/3/2018 13:45,WS Outbound-DCL Inbound,Union,43
10/3/2018 13:45,WS Outbound-DCL Inbound,Leroy St and Chestnut IB,55
10/3/2018 13:45,WS Outbound-DCL Inbound,Leroy St and Chestnut IB,55
10/3/2018 13:45,WS Outbound-DCL Inbound,Union,43
10/3/2018 13:45,WS Outbound-DCL Inbound,Leroy St and Chestnut IB,55
10/3/2018 13:45,WS Outbound-DCL Inbound,Union,43
10/3/2018 13:45,WS Outbound-DCL Inbound,Leroy St and Chestnut IB,55
10/3/2018 13:45,WS Outbound-DCL Inbound,Union,43
10/3/2018 13:45,WS Outbound-DCL Inbound,Leroy St and Chestnut IB,55
10/3/2018 13:45,WS Outbound-DCL Inbound,Union,43
10/3/2018 13:45,WS Outbound-DCL Inbound,Union,43
10/3/2018 13:45,WS Outbound-DCL Inbound,Union,43
10/3/2018 13:45,WS Outbound-DCL Inbound,Union,43
10/3/2018 13:45,WS Outbound-DCL Inbound,Union,43
10/3/2018 13:45,WS Outbound-DCL Inbound,Union,43
10/3/2018 13:45,WS Outbound-DCL Inbound,Union,43
10/3/2018 13:45,WS Outbound-DCL Inbound,Union,43
10/3/2018 13:47,WS Outbound-DCL Inbound,Beethoven and Leroy,55
10/3/2018 13:49,WS Outbound-DCL Inbound,Denny''s,43
10/3/2018 13:50,WS Outbound-DCL Inbound,Riverside and Margaret OB,55
10/3/2018 13:58,WS Outbound-DCL Inbound,Union,55
10/3/2018 13:59,WS Outbound-DCL Inbound,Union,55
10/3/2018 13:59,WS Outbound-DCL Inbound,Union,55
10/3/2018 14:00,WS Outbound-DCL Inbound,Union,526
10/3/2018 14:00,WS Outbound-DCL Inbound,Union,526
10/3/2018 14:00,WS Outbound-DCL Inbound,Union,526
10/3/2018 14:00,WS Outbound-DCL Inbound,Union,526
10/3/2018 14:00,WS Outbound-DCL Inbound,Union,526
10/3/2018 14:00,WS Outbound-DCL Inbound,Union,526
10/3/2018 14:00,WS Outbound-DCL Inbound,Union,526
10/3/2018 14:00,WS Outbound-DCL Inbound,Union,526
10/3/2018 14:00,WS Outbound-DCL Inbound,Union,526
10/3/2018 14:00,WS Outbound-DCL Inbound,Union,526
10/3/2018 14:00,WS Outbound-DCL Inbound,Union,526
10/3/2018 14:01,WS Outbound-DCL Inbound,Union,526
10/3/2018 14:02,WS Outbound-DCL Inbound,Main and Cedar OB,43
10/3/2018 14:09,WS Outbound-DCL Inbound,UDC,43
10/3/2018 14:12,WS Outbound-DCL Inbound,Leroy St and Front,43
10/3/2018 14:12,WS Outbound-DCL Inbound,Leroy St and Front,43
10/3/2018 14:13,WS Outbound-DCL Inbound,Leroy St and Murray IB,43
10/3/2018 14:14,WS Outbound-DCL Inbound,Leroy St and Murray IB,43
10/3/2018 14:14,WS Outbound-DCL Inbound,Leroy St and Murray IB,43
10/3/2018 14:15,WS Outbound-DCL Inbound,Leroy St and Chestnut IB,43
10/3/2018 14:15,WS Outbound-DCL Inbound,Leroy St and Chestnut IB,43
10/3/2018 14:15,WS Outbound-DCL Inbound,Leroy St and Chestnut IB,43
10/3/2018 14:20,WS Outbound-DCL Inbound,UDC,526
10/3/2018 14:23,WS Outbound-DCL Inbound,UDC,526
10/3/2018 14:23,WS Outbound-DCL Inbound,UDC,526
10/3/2018 14:24,WS Outbound-DCL Inbound,UDC,526
10/3/2018 14:28,WS Outbound-DCL Inbound,Union,527
10/3/2018 14:28,WS Outbound-DCL Inbound,Union,527
10/3/2018 14:28,WS Outbound-DCL Inbound,Union,527
10/3/2018 14:28,WS Outbound-DCL Inbound,Union,527
10/3/2018 14:28,WS Outbound-DCL Inbound,Union,527
10/3/2018 14:28,WS Outbound-DCL Inbound,Union,527
10/3/2018 14:28,WS Outbound-DCL Inbound,Union,527
10/3/2018 14:28,WS Outbound-DCL Inbound,Union,527
10/3/2018 14:28,WS Outbound-DCL Inbound,Union,527
10/3/2018 14:28,WS Outbound-DCL Inbound,Union,527
10/3/2018 14:29,WS Outbound-DCL Inbound,Union,527
10/3/2018 14:29,WS Outbound-DCL Inbound,Union,527
10/3/2018 14:29,WS Outbound-DCL Inbound,Union,527
10/3/2018 14:29,WS Outbound-DCL Inbound,Union,527
10/3/2018 14:29,WS Outbound-DCL Inbound,Union,527
10/3/2018 14:29,WS Outbound-DCL Inbound,Union,527
10/3/2018 14:29,WS Outbound-DCL Inbound,Union,527
10/3/2018 14:29,WS Outbound-DCL Inbound,Union,527
10/3/2018 14:29,WS Outbound-DCL Inbound,Union,527
10/3/2018 14:29,WS Outbound-DCL Inbound,Union,527
10/3/2018 14:29,WS Outbound-DCL Inbound,Union,527
10/3/2018 14:29,WS Outbound-DCL Inbound,Union,527
10/3/2018 14:29,WS Outbound-DCL Inbound,Union,527
10/3/2018 14:29,WS Outbound-DCL Inbound,Union,527
10/3/2018 14:29,WS Outbound-DCL Inbound,Leroy St and Murray IB,526
10/3/2018 14:29,WS Outbound-DCL Inbound,Union,527
10/3/2018 14:29,WS Outbound-DCL Inbound,Union,527
10/3/2018 14:29,WS Outbound-DCL Inbound,Leroy St and Murray IB,526
10/3/2018 14:29,WS Outbound-DCL Inbound,Union,527
10/3/2018 14:29,WS Outbound-DCL Inbound,Union,527
10/3/2018 14:29,WS Outbound-DCL Inbound,Leroy St and Murray IB,526
10/3/2018 14:29,WS Outbound-DCL Inbound,Leroy St and Murray IB,526
10/3/2018 14:29,WS Outbound-DCL Inbound,Union,527
10/3/2018 14:29,WS Outbound-DCL Inbound,Leroy St and Murray IB,526
10/3/2018 14:29,WS Outbound-DCL Inbound,Leroy St and Murray IB,526
10/3/2018 14:29,WS Outbound-DCL Inbound,Union,527
10/3/2018 14:29,WS Outbound-DCL Inbound,Union,527
10/3/2018 14:29,WS Outbound-DCL Inbound,Union,527
10/3/2018 14:29,WS Outbound-DCL Inbound,Leroy St and Murray IB,526
10/3/2018 14:29,WS Outbound-DCL Inbound,Union,527
10/3/2018 14:29,WS Outbound-DCL Inbound,Leroy St and Murray IB,526
10/3/2018 14:29,WS Outbound-DCL Inbound,Union,527
10/3/2018 14:29,WS Outbound-DCL Inbound,Union,527
10/3/2018 14:29,WS Outbound-DCL Inbound,Union,527
10/3/2018 14:30,WS Outbound-DCL Inbound,Leroy St and Chestnut IB,526
10/3/2018 14:30,WS Outbound-DCL Inbound,Leroy St and Chestnut IB,526
10/3/2018 14:30,WS Outbound-DCL Inbound,Leroy St and Chestnut IB,526
10/3/2018 14:30,WS Outbound-DCL Inbound,Leroy St and Chestnut IB,526
10/3/2018 14:30,WS Outbound-DCL Inbound,Leroy St and Chestnut IB,526
10/3/2018 14:30,WS Outbound-DCL Inbound,Leroy St and Chestnut IB,526
10/3/2018 14:30,WS Outbound-DCL Inbound,Leroy St and Chestnut IB,526
10/3/2018 14:33,WS Outbound-DCL Inbound,Physical Facilities,527
10/3/2018 14:41,WS Outbound-DCL Inbound,Academic A,526
10/3/2018 14:42,WS Outbound-DCL Inbound,Union,37
10/3/2018 14:42,WS Outbound-DCL Inbound,Union,37
10/3/2018 14:42,WS Outbound-DCL Inbound,Union,37
10/3/2018 14:42,WS Outbound-DCL Inbound,Union,37
10/3/2018 14:42,WS Outbound-DCL Inbound,Union,37
10/3/2018 14:42,WS Outbound-DCL Inbound,Union,37
10/3/2018 14:42,WS Outbound-DCL Inbound,Union,37
10/3/2018 14:42,WS Outbound-DCL Inbound,Union,37
10/3/2018 14:42,WS Outbound-DCL Inbound,Union,37
10/3/2018 14:42,WS Outbound-DCL Inbound,Union,37
10/3/2018 14:42,WS Outbound-DCL Inbound,Union,37
10/3/2018 14:42,WS Outbound-DCL Inbound,Union,37
10/3/2018 14:42,WS Outbound-DCL Inbound,Union,37
10/3/2018 14:42,WS Outbound-DCL Inbound,Union,37
10/3/2018 14:42,WS Outbound-DCL Inbound,Union,37
10/3/2018 14:42,WS Outbound-DCL Inbound,Union,37
10/3/2018 14:42,WS Outbound-DCL Inbound,Union,37
10/3/2018 14:42,WS Outbound-DCL Inbound,Union,37
10/3/2018 14:42,WS Outbound-DCL Inbound,Union,37
10/3/2018 14:42,WS Outbound-DCL Inbound,Union,37
10/3/2018 14:47,WS Outbound-DCL Inbound,Physical Facilities,37
10/3/2018 14:52,WS Outbound-DCL Inbound,Main and Murray OB,527
10/3/2018 14:58,WS Outbound-DCL Inbound,Main and Schiller OB,37
10/3/2018 14:59,WS Outbound-DCL Inbound,UDC,527
10/3/2018 14:59,WS Outbound-DCL Inbound,UDC,527
10/3/2018 14:59,WS Outbound-DCL Inbound,UDC,527
10/3/2018 14:59,WS Outbound-DCL Inbound,UDC,527
10/3/2018 14:59,WS Outbound-DCL Inbound,UDC,527
10/3/2018 14:59,WS Outbound-DCL Inbound,UDC,527
10/3/2018 14:59,WS Outbound-DCL Inbound,UDC,527
10/3/2018 14:59,WS Outbound-DCL Inbound,UDC,527
10/3/2018 14:59,WS Outbound-DCL Inbound,UDC,527
10/3/2018 14:59,WS Outbound-DCL Inbound,UDC,527
10/3/2018 15:03,WS Outbound-DCL Inbound,Leroy St and Front,527
10/3/2018 15:03,WS Outbound-DCL Inbound,Leroy St and Front,527
10/3/2018 15:04,WS Outbound-DCL Inbound,Leroy St and Murray IB,527
10/3/2018 15:04,WS Outbound-DCL Inbound,Leroy St and Murray IB,527
10/3/2018 15:05,WS Outbound-DCL Inbound,Leroy St and Chestnut IB,527
10/3/2018 15:05,WS Outbound-DCL Inbound,Leroy St and Chestnut IB,527
10/3/2018 15:05,WS Outbound-DCL Inbound,Leroy St and Chestnut IB,527
10/3/2018 15:05,WS Outbound-DCL Inbound,Leroy St and Chestnut IB,527
10/3/2018 15:07,WS Outbound-DCL Inbound,Beethoven and Leroy,527
10/3/2018 15:07,WS Outbound-DCL Inbound,UDC,37
10/3/2018 15:07,WS Outbound-DCL Inbound,UDC,37
10/3/2018 15:08,WS Outbound-DCL Inbound,UDC,37
10/3/2018 15:09,WS Outbound-DCL Inbound,UDC,37
10/3/2018 15:09,WS Outbound-DCL Inbound,UDC,37
10/3/2018 15:11,WS Outbound-DCL Inbound,Riverside and Margaret OB,527
10/3/2018 15:13,WS Outbound-DCL Inbound,Leroy St and Front,37
10/3/2018 15:14,WS Outbound-DCL Inbound,Union,43
10/3/2018 15:14,WS Outbound-DCL Inbound,Union,43
10/3/2018 15:14,WS Outbound-DCL Inbound,Union,43
10/3/2018 15:14,WS Outbound-DCL Inbound,Union,43
10/3/2018 15:14,WS Outbound-DCL Inbound,Union,43
10/3/2018 15:14,WS Outbound-DCL Inbound,Union,43
10/3/2018 15:14,WS Outbound-DCL Inbound,Union,43
10/3/2018 15:14,WS Outbound-DCL Inbound,Union,43
10/3/2018 15:14,WS Outbound-DCL Inbound,Union,43
10/3/2018 15:14,WS Outbound-DCL Inbound,Union,43
10/3/2018 15:14,WS Outbound-DCL Inbound,Union,43
10/3/2018 15:14,WS Outbound-DCL Inbound,Union,43
10/3/2018 15:14,WS Outbound-DCL Inbound,Union,43
10/3/2018 15:14,WS Outbound-DCL Inbound,Union,43
10/3/2018 15:14,WS Outbound-DCL Inbound,Union,43
10/3/2018 15:14,WS Outbound-DCL Inbound,Union,43
10/3/2018 15:14,WS Outbound-DCL Inbound,Union,43
10/3/2018 15:14,WS Outbound-DCL Inbound,Union,43
10/3/2018 15:14,WS Outbound-DCL Inbound,Union,43
10/3/2018 15:14,WS Outbound-DCL Inbound,Union,43
10/3/2018 15:14,WS Outbound-DCL Inbound,Union,43
10/3/2018 15:14,WS Outbound-DCL Inbound,Union,43
10/3/2018 15:14,WS Outbound-DCL Inbound,Union,43
10/3/2018 15:14,WS Outbound-DCL Inbound,Union,43
10/3/2018 15:14,WS Outbound-DCL Inbound,Leroy St and Murray IB,37
10/3/2018 15:14,WS Outbound-DCL Inbound,Union,43
10/3/2018 15:14,WS Outbound-DCL Inbound,Union,43
10/3/2018 15:14,WS Outbound-DCL Inbound,Leroy St and Murray IB,37
10/3/2018 15:14,WS Outbound-DCL Inbound,Leroy St and Murray IB,37
10/3/2018 15:14,WS Outbound-DCL Inbound,Union,43
10/3/2018 15:14,WS Outbound-DCL Inbound,Union,43
10/3/2018 15:14,WS Outbound-DCL Inbound,Leroy St and Murray IB,37
10/3/2018 15:14,WS Outbound-DCL Inbound,Union,43
10/3/2018 15:14,WS Outbound-DCL Inbound,Leroy St and Murray IB,37
10/3/2018 15:15,WS Outbound-DCL Inbound,Union,43
10/3/2018 15:15,WS Outbound-DCL Inbound,Union,43
10/3/2018 15:15,WS Outbound-DCL Inbound,Leroy St and Murray IB,37
10/3/2018 15:15,WS Outbound-DCL Inbound,Union,43
10/3/2018 15:15,WS Outbound-DCL Inbound,Union,43
10/3/2018 15:15,WS Outbound-DCL Inbound,Union,43
10/3/2018 15:15,WS Outbound-DCL Inbound,Union,43
10/3/2018 15:15,WS Outbound-DCL Inbound,Union,43
10/3/2018 15:15,WS Outbound-DCL Inbound,Union,43
10/3/2018 15:15,WS Outbound-DCL Inbound,Union,43
10/3/2018 15:15,WS Outbound-DCL Inbound,Union,43
10/3/2018 15:15,WS Outbound-DCL Inbound,Union,43
10/3/2018 15:15,WS Outbound-DCL Inbound,Leroy St and Chestnut OB,37
10/3/2018 15:15,WS Outbound-DCL Inbound,Leroy St and Chestnut OB,37
10/3/2018 15:15,WS Outbound-DCL Inbound,Union,43
10/3/2018 15:15,WS Outbound-DCL Inbound,Leroy St and Chestnut OB,37
10/3/2018 15:15,WS Outbound-DCL Inbound,Leroy St and Chestnut OB,37
10/3/2018 15:15,WS Outbound-DCL Inbound,Leroy St and Chestnut OB,37
10/3/2018 15:16,WS Outbound-DCL Inbound,Engineering Bldg,43
10/3/2018 15:31,WS Outbound-DCL Inbound,Union,55
10/3/2018 15:32,WS Outbound-DCL Inbound,Union,55
10/3/2018 15:34,WS Outbound-DCL Inbound,Physical Facilities,55
10/3/2018 15:34,WS Outbound-DCL Inbound,Physical Facilities,55
10/3/2018 15:34,WS Outbound-DCL Inbound,Physical Facilities,55
10/3/2018 15:34,WS Outbound-DCL Inbound,Physical Facilities,55
10/3/2018 15:35,WS Outbound-DCL Inbound,Main and Front OB,43
10/3/2018 15:39,WS Outbound-DCL Inbound,UDC,43
10/3/2018 15:39,WS Outbound-DCL Inbound,UDC,43
10/3/2018 15:39,WS Outbound-DCL Inbound,UDC,43
10/3/2018 15:39,WS Outbound-DCL Inbound,UDC,43
10/3/2018 15:40,WS Outbound-DCL Inbound,UDC,43
10/3/2018 15:42,WS Outbound-DCL Inbound,Leroy St and Front,43
10/3/2018 15:43,WS Outbound-DCL Inbound,Leroy St and Murray OB,43
10/3/2018 15:44,WS Outbound-DCL Inbound,Leroy St and Chestnut OB,43
10/3/2018 15:48,WS Outbound-DCL Inbound,Floral and New York,55
10/3/2018 15:50,WS Outbound-DCL Inbound,Floral and Willow OB,55
10/3/2018 15:54,WS Outbound-DCL Inbound,Main and Helen OB,55
10/3/2018 15:59,WS Outbound-DCL Inbound,Main and Murray OB,55
10/3/2018 16:02,WS Outbound-DCL Inbound,UDC,55
10/3/2018 16:02,WS Outbound-DCL Inbound,UDC,55
10/3/2018 16:02,WS Outbound-DCL Inbound,UDC,55
10/3/2018 16:02,WS Outbound-DCL Inbound,UDC,55
10/3/2018 16:03,WS Outbound-DCL Inbound,UDC,55
10/3/2018 16:03,WS Outbound-DCL Inbound,UDC,55
10/3/2018 16:03,WS Outbound-DCL Inbound,UDC,55
10/3/2018 16:03,WS Outbound-DCL Inbound,UDC,55
10/3/2018 16:03,WS Outbound-DCL Inbound,UDC,55
10/3/2018 16:03,WS Outbound-DCL Inbound,UDC,55
10/3/2018 16:03,WS Outbound-DCL Inbound,UDC,55
10/3/2018 16:03,WS Outbound-DCL Inbound,Union,37
10/3/2018 16:03,WS Outbound-DCL Inbound,Union,37
10/3/2018 16:03,WS Outbound-DCL Inbound,Union,37
10/3/2018 16:03,WS Outbound-DCL Inbound,Union,37
10/3/2018 16:03,WS Outbound-DCL Inbound,Union,37
10/3/2018 16:03,WS Outbound-DCL Inbound,Union,37
10/3/2018 16:03,WS Outbound-DCL Inbound,Union,37
10/3/2018 16:03,WS Outbound-DCL Inbound,Union,37
10/3/2018 16:03,WS Outbound-DCL Inbound,Union,37
10/3/2018 16:03,WS Outbound-DCL Inbound,Union,37
10/3/2018 16:03,WS Outbound-DCL Inbound,Union,37
10/3/2018 16:03,WS Outbound-DCL Inbound,Union,37
10/3/2018 16:03,WS Outbound-DCL Inbound,Union,37
10/3/2018 16:03,WS Outbound-DCL Inbound,Union,37
10/3/2018 16:03,WS Outbound-DCL Inbound,Union,37
10/3/2018 16:03,WS Outbound-DCL Inbound,Union,37
10/3/2018 16:03,WS Outbound-DCL Inbound,Union,37
10/3/2018 16:03,WS Outbound-DCL Inbound,Union,37
10/3/2018 16:03,WS Outbound-DCL Inbound,Union,37
10/3/2018 16:03,WS Outbound-DCL Inbound,Union,37
10/3/2018 16:03,WS Outbound-DCL Inbound,Union,37
10/3/2018 16:03,WS Outbound-DCL Inbound,Union,37
10/3/2018 16:04,WS Outbound-DCL Inbound,Union,37
10/3/2018 16:04,WS Outbound-DCL Inbound,Union,37
10/3/2018 16:04,WS Outbound-DCL Inbound,Union,37
10/3/2018 16:04,WS Outbound-DCL Inbound,Union,37
10/3/2018 16:04,WS Outbound-DCL Inbound,Union,37
10/3/2018 16:04,WS Outbound-DCL Inbound,Union,37
10/3/2018 16:04,WS Outbound-DCL Inbound,Union,37
10/3/2018 16:04,WS Outbound-DCL Inbound,Union,37
10/3/2018 16:04,WS Outbound-DCL Inbound,Union,37
10/3/2018 16:04,WS Outbound-DCL Inbound,Union,37
10/3/2018 16:04,WS Outbound-DCL Inbound,Union,37
10/3/2018 16:04,WS Outbound-DCL Inbound,Union,37
10/3/2018 16:04,WS Outbound-DCL Inbound,Union,37
10/3/2018 16:06,WS Outbound-DCL Inbound,Leroy St and Front,55
10/3/2018 16:06,WS Outbound-DCL Inbound,Leroy St and Front,55
10/3/2018 16:06,WS Outbound-DCL Inbound,Leroy St and Murray IB,55
10/3/2018 16:06,WS Outbound-DCL Inbound,Leroy St and Murray IB,55
10/3/2018 16:06,WS Outbound-DCL Inbound,Leroy St and Murray IB,55
10/3/2018 16:06,WS Outbound-DCL Inbound,Leroy St and Murray IB,55
10/3/2018 16:06,WS Outbound-DCL Inbound,Leroy St and Murray IB,55
10/3/2018 16:07,WS Outbound-DCL Inbound,Leroy St and Murray IB,55
10/3/2018 16:07,WS Outbound-DCL Inbound,Leroy St and Murray IB,55
10/3/2018 16:07,WS Outbound-DCL Inbound,Leroy St and Murray IB,55
10/3/2018 16:08,WS Outbound-DCL Inbound,Leroy St and Chestnut IB,55
10/3/2018 16:08,WS Outbound-DCL Inbound,Leroy St and Chestnut IB,55
10/3/2018 16:08,WS Outbound-DCL Inbound,Leroy St and Chestnut IB,55
10/3/2018 16:08,WS Outbound-DCL Inbound,Leroy St and Chestnut IB,55
10/3/2018 16:08,WS Outbound-DCL Inbound,Leroy St and Chestnut IB,55
10/3/2018 16:08,WS Outbound-DCL Inbound,Leroy St and Chestnut IB,55
10/3/2018 16:08,WS Outbound-DCL Inbound,Leroy St and Chestnut IB,55
10/3/2018 16:12,WS Outbound-DCL Inbound,Floral and Ackley,37
10/3/2018 16:14,WS Outbound-DCL Inbound,Union,526
10/3/2018 16:14,WS Outbound-DCL Inbound,Union,526
10/3/2018 16:14,WS Outbound-DCL Inbound,Union,526
10/3/2018 16:14,WS Outbound-DCL Inbound,Union,526
10/3/2018 16:14,WS Outbound-DCL Inbound,Union,526
10/3/2018 16:14,WS Outbound-DCL Inbound,Union,526
10/3/2018 16:14,WS Outbound-DCL Inbound,Union,526
10/3/2018 16:14,WS Outbound-DCL Inbound,Union,526
10/3/2018 16:14,WS Outbound-DCL Inbound,Union,526
10/3/2018 16:14,WS Outbound-DCL Inbound,Union,526
10/3/2018 16:14,WS Outbound-DCL Inbound,Union,526
10/3/2018 16:14,WS Outbound-DCL Inbound,Union,526
10/3/2018 16:14,WS Outbound-DCL Inbound,Union,526
10/3/2018 16:14,WS Outbound-DCL Inbound,Union,526
10/3/2018 16:15,WS Outbound-DCL Inbound,Union,526
10/3/2018 16:15,WS Outbound-DCL Inbound,Union,526
10/3/2018 16:17,WS Outbound-DCL Inbound,Main and Schiller OB,37
10/3/2018 16:17,WS Outbound-DCL Inbound,Physical Facilities,526
10/3/2018 16:17,WS Outbound-DCL Inbound,Physical Facilities,526
10/3/2018 16:26,WS Outbound-DCL Inbound,Main and Helen OB,526
10/3/2018 16:26,WS Outbound-DCL Inbound,Main and Helen OB,526
10/3/2018 16:26,WS Outbound-DCL Inbound,Union,43
10/3/2018 16:26,WS Outbound-DCL Inbound,Union,43
10/3/2018 16:26,WS Outbound-DCL Inbound,Union,43
10/3/2018 16:26,WS Outbound-DCL Inbound,Union,43
10/3/2018 16:26,WS Outbound-DCL Inbound,Union,43
10/3/2018 16:26,WS Outbound-DCL Inbound,Union,43
10/3/2018 16:26,WS Outbound-DCL Inbound,Union,43
10/3/2018 16:26,WS Outbound-DCL Inbound,Union,43
10/3/2018 16:26,WS Outbound-DCL Inbound,Union,43
10/3/2018 16:26,WS Outbound-DCL Inbound,Union,43
10/3/2018 16:26,WS Outbound-DCL Inbound,Union,43
10/3/2018 16:26,WS Outbound-DCL Inbound,Union,43
10/3/2018 16:26,WS Outbound-DCL Inbound,Union,43
10/3/2018 16:26,WS Outbound-DCL Inbound,Union,43
10/3/2018 16:26,WS Outbound-DCL Inbound,Union,43
10/3/2018 16:27,WS Outbound-DCL Inbound,Union,43
10/3/2018 16:27,WS Outbound-DCL Inbound,Union,43
10/3/2018 16:28,WS Outbound-DCL Inbound,Union,43
10/3/2018 16:29,WS Outbound-DCL Inbound,Union,43
10/3/2018 16:29,WS Outbound-DCL Inbound,Union,43
10/3/2018 16:29,WS Outbound-DCL Inbound,Union,43
10/3/2018 16:29,WS Outbound-DCL Inbound,Union,43
10/3/2018 16:30,WS Outbound-DCL Inbound,Union,43
10/3/2018 16:32,WS Outbound-DCL Inbound,Engineering Bldg,43
10/3/2018 16:32,WS Outbound-DCL Inbound,Engineering Bldg,43
10/3/2018 16:32,WS Outbound-DCL Inbound,Engineering Bldg,43
10/3/2018 16:32,WS Outbound-DCL Inbound,Engineering Bldg,43
10/3/2018 16:35,WS Outbound-DCL Inbound,Physical Facilities,43
10/3/2018 16:36,WS Outbound-DCL Inbound,UDC,526
10/3/2018 16:38,WS Outbound-DCL Inbound,UDC,526
10/3/2018 16:38,WS Outbound-DCL Inbound,UDC,526
10/3/2018 16:39,WS Outbound-DCL Inbound,UDC,526
10/3/2018 16:39,WS Outbound-DCL Inbound,UDC,526
10/3/2018 16:39,WS Outbound-DCL Inbound,UDC,526
10/3/2018 16:39,WS Outbound-DCL Inbound,UDC,526
10/3/2018 16:39,WS Outbound-DCL Inbound,UDC,526
10/3/2018 16:39,WS Outbound-DCL Inbound,UDC,526
10/3/2018 16:39,WS Outbound-DCL Inbound,UDC,526
10/3/2018 16:39,WS Outbound-DCL Inbound,UDC,526
10/3/2018 16:39,WS Outbound-DCL Inbound,UDC,526
10/3/2018 16:40,WS Outbound-DCL Inbound,UDC,526
10/3/2018 16:43,WS Outbound-DCL Inbound,Floral and Ackley,43
10/3/2018 16:43,WS Outbound-DCL Inbound,Leroy St and Front,526
10/3/2018 16:44,WS Outbound-DCL Inbound,Leroy St and Murray IB,526
10/3/2018 16:44,WS Outbound-DCL Inbound,Leroy St and Murray IB,526
10/3/2018 16:44,WS Outbound-DCL Inbound,Leroy St and Murray IB,526
10/3/2018 16:45,WS Outbound-DCL Inbound,Leroy St and Chestnut IB,526
10/3/2018 16:45,WS Outbound-DCL Inbound,Leroy St and Chestnut IB,526
10/3/2018 16:45,WS Outbound-DCL Inbound,Leroy St and Chestnut IB,526
10/3/2018 16:45,WS Outbound-DCL Inbound,Leroy St and Chestnut IB,526
10/3/2018 16:47,WS Outbound-DCL Inbound,Main and Helen OB,43
10/3/2018 16:51,WS Outbound-DCL Inbound,Main and Arthur,43
10/3/2018 16:51,WS Outbound-DCL Inbound,Main and Arthur,43
10/3/2018 16:52,WS Outbound-DCL Inbound,Union,527
10/3/2018 16:52,WS Outbound-DCL Inbound,Union,527
10/3/2018 16:52,WS Outbound-DCL Inbound,Union,527
10/3/2018 16:52,WS Outbound-DCL Inbound,Union,527
10/3/2018 16:53,WS Outbound-DCL Inbound,Union,527
10/3/2018 16:53,WS Outbound-DCL Inbound,Union,527
10/3/2018 16:53,WS Outbound-DCL Inbound,Union,527
10/3/2018 16:53,WS Outbound-DCL Inbound,Union,527
10/3/2018 16:53,WS Outbound-DCL Inbound,Union,527
10/3/2018 16:53,WS Outbound-DCL Inbound,Union,527
10/3/2018 16:53,WS Outbound-DCL Inbound,Union,527
10/3/2018 16:53,WS Outbound-DCL Inbound,Union,527
10/3/2018 16:53,WS Outbound-DCL Inbound,Union,527
10/3/2018 16:53,WS Outbound-DCL Inbound,Union,527
10/3/2018 16:53,WS Outbound-DCL Inbound,Union,527
10/3/2018 16:53,WS Outbound-DCL Inbound,Union,527
10/3/2018 16:53,WS Outbound-DCL Inbound,Union,527
10/3/2018 16:53,WS Outbound-DCL Inbound,Union,527
10/3/2018 16:53,WS Outbound-DCL Inbound,Union,527
10/3/2018 16:53,WS Outbound-DCL Inbound,Union,527
10/3/2018 16:53,WS Outbound-DCL Inbound,Union,527
10/3/2018 16:53,WS Outbound-DCL Inbound,Union,527
10/3/2018 16:53,WS Outbound-DCL Inbound,Union,527
10/3/2018 16:53,WS Outbound-DCL Inbound,Union,527
10/3/2018 16:53,WS Outbound-DCL Inbound,Union,527
10/3/2018 16:53,WS Outbound-DCL Inbound,Union,527
10/3/2018 16:54,WS Outbound-DCL Inbound,Union,527
10/3/2018 16:54,WS Outbound-DCL Inbound,Union,527
10/3/2018 16:54,WS Outbound-DCL Inbound,Union,527
10/3/2018 16:54,WS Outbound-DCL Inbound,Union,527
10/3/2018 16:54,WS Outbound-DCL Inbound,Union,527
10/3/2018 16:54,WS Outbound-DCL Inbound,Union,527
10/3/2018 16:56,WS Outbound-DCL Inbound,Physical Facilities,527
10/3/2018 17:04,WS Outbound-DCL Inbound,Union,890
10/3/2018 17:04,WS Outbound-DCL Inbound,Union,890
10/3/2018 17:04,WS Outbound-DCL Inbound,Union,890
10/3/2018 17:04,WS Outbound-DCL Inbound,Floral and Burbank OB,527
10/3/2018 17:04,WS Outbound-DCL Inbound,Union,890
10/3/2018 17:04,WS Outbound-DCL Inbound,Union,890
10/3/2018 17:04,WS Outbound-DCL Inbound,Union,890
10/3/2018 17:04,WS Outbound-DCL Inbound,Union,890
10/3/2018 17:05,WS Outbound-DCL Inbound,Union,890
10/3/2018 17:05,WS Outbound-DCL Inbound,Union,890
10/3/2018 17:05,WS Outbound-DCL Inbound,Union,890
10/3/2018 17:05,WS Outbound-DCL Inbound,Union,890
10/3/2018 17:05,WS Outbound-DCL Inbound,Union,890
10/3/2018 17:05,WS Outbound-DCL Inbound,Union,890
10/3/2018 17:05,WS Outbound-DCL Inbound,Union,890
10/3/2018 17:05,WS Outbound-DCL Inbound,Union,890
10/3/2018 17:05,WS Outbound-DCL Inbound,Union,890
10/3/2018 17:05,WS Outbound-DCL Inbound,Union,890
10/3/2018 17:05,WS Outbound-DCL Inbound,Union,890
10/3/2018 17:05,WS Outbound-DCL Inbound,Union,890
10/3/2018 17:05,WS Outbound-DCL Inbound,Union,890
10/3/2018 17:05,WS Outbound-DCL Inbound,Union,890
10/3/2018 17:05,WS Outbound-DCL Inbound,Union,890
10/3/2018 17:05,WS Outbound-DCL Inbound,Union,890
10/3/2018 17:05,WS Outbound-DCL Inbound,Union,890
10/3/2018 17:05,WS Outbound-DCL Inbound,Union,890
10/3/2018 17:06,WS Outbound-DCL Inbound,Union,890
10/3/2018 17:06,WS Outbound-DCL Inbound,Union,890
10/3/2018 17:06,WS Outbound-DCL Inbound,Union,890
10/3/2018 17:07,WS Outbound-DCL Inbound,Union,890
10/3/2018 17:07,WS Outbound-DCL Inbound,Union,890
10/3/2018 17:07,WS Outbound-DCL Inbound,Union,890
10/3/2018 17:07,WS Outbound-DCL Inbound,Union,890
10/3/2018 17:07,WS Outbound-DCL Inbound,Union,890
10/3/2018 17:08,WS Outbound-DCL Inbound,Union,890
10/3/2018 17:08,WS Outbound-DCL Inbound,Union,890
10/3/2018 17:08,WS Outbound-DCL Inbound,Union,890
10/3/2018 17:09,WS Outbound-DCL Inbound,Main and Helen OB,527
10/3/2018 17:10,WS Outbound-DCL Inbound,Main and Schiller OB,527
10/3/2018 17:18,WS Outbound-DCL Inbound,UDC,527
10/3/2018 17:18,WS Outbound-DCL Inbound,UDC,527
10/3/2018 17:18,WS Outbound-DCL Inbound,UDC,527
10/3/2018 17:18,WS Outbound-DCL Inbound,UDC,527
10/3/2018 17:18,WS Outbound-DCL Inbound,UDC,527
10/3/2018 17:18,WS Outbound-DCL Inbound,UDC,527
10/3/2018 17:21,WS Outbound-DCL Inbound,Leroy St and Murray IB,527
10/3/2018 17:21,WS Outbound-DCL Inbound,Leroy St and Murray IB,527
10/3/2018 17:21,WS Outbound-DCL Inbound,Leroy St and Murray IB,527
10/3/2018 17:21,WS Outbound-DCL Inbound,Leroy St and Murray IB,527
10/3/2018 17:21,WS Outbound-DCL Inbound,Leroy St and Murray IB,527
10/3/2018 17:22,WS Outbound-DCL Inbound,Leroy St and Chestnut IB,527
10/3/2018 17:22,WS Outbound-DCL Inbound,Leroy St and Chestnut IB,527
10/3/2018 17:22,WS Outbound-DCL Inbound,Leroy St and Chestnut IB,527
10/3/2018 17:34,WS Outbound-DCL Inbound,Union,526
10/3/2018 17:34,WS Outbound-DCL Inbound,Union,526
10/3/2018 17:34,WS Outbound-DCL Inbound,Union,526
10/3/2018 17:34,WS Outbound-DCL Inbound,Union,526
10/3/2018 17:34,WS Outbound-DCL Inbound,Union,526
10/3/2018 17:34,WS Outbound-DCL Inbound,Union,526
10/3/2018 17:34,WS Outbound-DCL Inbound,Union,526
10/3/2018 17:34,WS Outbound-DCL Inbound,Union,526
10/3/2018 17:34,WS Outbound-DCL Inbound,Main and Helen OB,891
10/3/2018 17:34,WS Outbound-DCL Inbound,Union,526
10/3/2018 17:34,WS Outbound-DCL Inbound,Main and Helen OB,891
10/3/2018 17:34,WS Outbound-DCL Inbound,Main and Helen OB,891
10/3/2018 17:34,WS Outbound-DCL Inbound,Union,526
10/3/2018 17:34,WS Outbound-DCL Inbound,Union,526
10/3/2018 17:34,WS Outbound-DCL Inbound,Union,526
10/3/2018 17:34,WS Outbound-DCL Inbound,Union,526
10/3/2018 17:34,WS Outbound-DCL Inbound,Union,526
10/3/2018 17:34,WS Outbound-DCL Inbound,Union,526
10/3/2018 17:34,WS Outbound-DCL Inbound,Union,526
10/3/2018 17:35,WS Outbound-DCL Inbound,Union,526
10/3/2018 17:35,WS Outbound-DCL Inbound,Union,526
10/3/2018 17:35,WS Outbound-DCL Inbound,Union,526
10/3/2018 17:35,WS Outbound-DCL Inbound,Union,526
10/3/2018 17:35,WS Outbound-DCL Inbound,Union,526
10/3/2018 17:35,WS Outbound-DCL Inbound,Union,526
10/3/2018 17:35,WS Outbound-DCL Inbound,Union,526
10/3/2018 17:35,WS Outbound-DCL Inbound,Union,526
10/3/2018 17:36,WS Outbound-DCL Inbound,Union,526
10/3/2018 17:36,WS Outbound-DCL Inbound,Main and Clarke OB,891
10/3/2018 17:36,WS Outbound-DCL Inbound,Main and Clarke OB,891
10/3/2018 17:37,WS Outbound-DCL Inbound,Main and Cedar OB,891
10/3/2018 17:37,WS Outbound-DCL Inbound,Main and Cedar OB,891
10/3/2018 17:39,WS Outbound-DCL Inbound,Physical Facilities,526
10/3/2018 17:39,WS Outbound-DCL Inbound,Physical Facilities,526
10/3/2018 17:39,WS Outbound-DCL Inbound,Main and Murray OB,891
10/3/2018 17:43,WS Outbound-DCL Inbound,UDC,891
10/3/2018 17:45,WS Outbound-DCL Inbound,Leroy St and Front,891
10/3/2018 17:45,WS Outbound-DCL Inbound,Leroy St and Front,891
10/3/2018 17:46,WS Outbound-DCL Inbound,Leroy St and Murray IB,891
10/3/2018 17:46,WS Outbound-DCL Inbound,Leroy St and Murray IB,891
10/3/2018 17:46,WS Outbound-DCL Inbound,Leroy St and Murray IB,891
10/3/2018 17:46,WS Outbound-DCL Inbound,Leroy St and Murray IB,891
10/3/2018 17:46,WS Outbound-DCL Inbound,Leroy St and Murray IB,891
10/3/2018 17:46,WS Outbound-DCL Inbound,Leroy St and Murray IB,891
10/3/2018 17:46,WS Outbound-DCL Inbound,Leroy St and Murray IB,891
10/3/2018 17:46,WS Outbound-DCL Inbound,Leroy St and Murray IB,891
10/3/2018 17:46,WS Outbound-DCL Inbound,Leroy St and Murray IB,891
10/3/2018 17:46,WS Outbound-DCL Inbound,Leroy St and Murray IB,891
10/3/2018 17:46,WS Outbound-DCL Inbound,Leroy St and Murray IB,891
10/3/2018 17:47,WS Outbound-DCL Inbound,Leroy St and Murray IB,891
10/3/2018 17:48,WS Outbound-DCL Inbound,Leroy St and Chestnut IB,891
10/3/2018 17:48,WS Outbound-DCL Inbound,Leroy St and Chestnut IB,891
10/3/2018 17:48,WS Outbound-DCL Inbound,Leroy St and Chestnut IB,891
10/3/2018 17:48,WS Outbound-DCL Inbound,Union,890
10/3/2018 17:48,WS Outbound-DCL Inbound,Union,890
10/3/2018 17:48,WS Outbound-DCL Inbound,Union,890
10/3/2018 17:49,WS Outbound-DCL Inbound,Union,890
10/3/2018 17:49,WS Outbound-DCL Inbound,Union,890
10/3/2018 17:49,WS Outbound-DCL Inbound,Union,890
10/3/2018 17:49,WS Outbound-DCL Inbound,Union,890
10/3/2018 17:49,WS Outbound-DCL Inbound,Union,890
10/3/2018 17:49,WS Outbound-DCL Inbound,Union,890
10/3/2018 17:49,WS Outbound-DCL Inbound,Union,890
10/3/2018 17:49,WS Outbound-DCL Inbound,Union,890
10/3/2018 17:49,WS Outbound-DCL Inbound,Union,890
10/3/2018 17:49,WS Outbound-DCL Inbound,Union,890
10/3/2018 17:49,WS Outbound-DCL Inbound,Union,890
10/3/2018 17:49,WS Outbound-DCL Inbound,Union,890
10/3/2018 17:49,WS Outbound-DCL Inbound,Union,890
10/3/2018 17:49,WS Outbound-DCL Inbound,Union,890
10/3/2018 17:49,WS Outbound-DCL Inbound,Union,890
10/3/2018 17:49,WS Outbound-DCL Inbound,Main and Helen OB,526
10/3/2018 17:49,WS Outbound-DCL Inbound,Union,890
10/3/2018 17:50,WS Outbound-DCL Inbound,Union,890
10/3/2018 17:52,WS Outbound-DCL Inbound,Main and Clarke OB,526
10/3/2018 17:52,WS Outbound-DCL Inbound,Main and Clarke OB,526
10/3/2018 17:53,WS Outbound-DCL Inbound,Physical Facilities OB,890
10/3/2018 17:53,WS Outbound-DCL Inbound,Main and Cedar OB,526
10/3/2018 18:01,WS Outbound-DCL Inbound,Union,891
10/3/2018 18:01,WS Outbound-DCL Inbound,Union,891
10/3/2018 18:01,WS Outbound-DCL Inbound,Union,891
10/3/2018 18:01,WS Outbound-DCL Inbound,Union,891
10/3/2018 18:01,WS Outbound-DCL Inbound,Union,891
10/3/2018 18:01,WS Outbound-DCL Inbound,Union,891
10/3/2018 18:01,WS Outbound-DCL Inbound,Union,891
10/3/2018 18:01,WS Outbound-DCL Inbound,Union,891
10/3/2018 18:01,WS Outbound-DCL Inbound,Union,891
10/3/2018 18:01,WS Outbound-DCL Inbound,Union,891
10/3/2018 18:01,WS Outbound-DCL Inbound,Union,891
10/3/2018 18:01,WS Outbound-DCL Inbound,Union,891
10/3/2018 18:01,WS Outbound-DCL Inbound,Union,891
10/3/2018 18:01,WS Outbound-DCL Inbound,Union,891
10/3/2018 18:01,WS Outbound-DCL Inbound,Union,891
10/3/2018 18:01,WS Outbound-DCL Inbound,Union,891
10/3/2018 18:01,WS Outbound-DCL Inbound,Union,891
10/3/2018 18:01,WS Outbound-DCL Inbound,Union,891
10/3/2018 18:01,WS Outbound-DCL Inbound,Union,891
10/3/2018 18:02,WS Outbound-DCL Inbound,Union,891
10/3/2018 18:03,WS Outbound-DCL Inbound,Union,891
10/3/2018 18:03,WS Outbound-DCL Inbound,Union,891
10/3/2018 18:03,WS Outbound-DCL Inbound,Union,891
10/3/2018 18:04,WS Outbound-DCL Inbound,Union,891
10/3/2018 18:04,WS Outbound-DCL Inbound,Union,891
10/3/2018 18:04,WS Outbound-DCL Inbound,Union,37
10/3/2018 18:05,WS Outbound-DCL Inbound,Union,37
10/3/2018 18:05,WS Outbound-DCL Inbound,Union,37
10/3/2018 18:05,WS Outbound-DCL Inbound,Union,891
10/3/2018 18:05,WS Outbound-DCL Inbound,Union,37
10/3/2018 18:05,WS Outbound-DCL Inbound,Union,37
10/3/2018 18:05,WS Outbound-DCL Inbound,Union,37
10/3/2018 18:05,WS Outbound-DCL Inbound,Union,37
10/3/2018 18:05,WS Outbound-DCL Inbound,Union,37
10/3/2018 18:05,WS Outbound-DCL Inbound,Union,37
10/3/2018 18:05,WS Outbound-DCL Inbound,Union,37
10/3/2018 18:05,WS Outbound-DCL Inbound,Union,37
10/3/2018 18:05,WS Outbound-DCL Inbound,Union,37
10/3/2018 18:05,WS Outbound-DCL Inbound,Union,37
10/3/2018 18:05,WS Outbound-DCL Inbound,Union,37
10/3/2018 18:05,WS Outbound-DCL Inbound,Union,37
10/3/2018 18:05,WS Outbound-DCL Inbound,Union,37
10/3/2018 18:05,WS Outbound-DCL Inbound,Union,37
10/3/2018 18:05,WS Outbound-DCL Inbound,Union,37
10/3/2018 18:05,WS Outbound-DCL Inbound,Union,37
10/3/2018 18:05,WS Outbound-DCL Inbound,Union,37
10/3/2018 18:05,WS Outbound-DCL Inbound,Union,37
10/3/2018 18:05,WS Outbound-DCL Inbound,Union,37
10/3/2018 18:05,WS Outbound-DCL Inbound,Union,37
10/3/2018 18:05,WS Outbound-DCL Inbound,Union,891
10/3/2018 18:05,WS Outbound-DCL Inbound,Union,37
10/3/2018 18:06,WS Outbound-DCL Inbound,Union,37
10/3/2018 18:06,WS Outbound-DCL Inbound,Union,37
10/3/2018 18:06,WS Outbound-DCL Inbound,Union,37
10/3/2018 18:06,WS Outbound-DCL Inbound,Union,37
10/3/2018 18:06,WS Outbound-DCL Inbound,Union,37
10/3/2018 18:06,WS Outbound-DCL Inbound,Union,37
10/3/2018 18:07,WS Outbound-DCL Inbound,Union,37
10/3/2018 18:09,WS Outbound-DCL Inbound,Physical Facilities,37
10/3/2018 18:09,WS Outbound-DCL Inbound,Physical Facilities,37
10/3/2018 18:11,WS Outbound-DCL Inbound,Union,55
10/3/2018 18:11,WS Outbound-DCL Inbound,Union,55
10/3/2018 18:11,WS Outbound-DCL Inbound,Union,55
10/3/2018 18:12,WS Outbound-DCL Inbound,Union,55
10/3/2018 18:12,WS Outbound-DCL Inbound,Union,55
10/3/2018 18:12,WS Outbound-DCL Inbound,Union,55
10/3/2018 18:12,WS Outbound-DCL Inbound,Union,55
10/3/2018 18:12,WS Outbound-DCL Inbound,Union,55
10/3/2018 18:12,WS Outbound-DCL Inbound,Union,55
10/3/2018 18:12,WS Outbound-DCL Inbound,Union,55
10/3/2018 18:12,WS Outbound-DCL Inbound,Union,55
10/3/2018 18:12,WS Outbound-DCL Inbound,Union,55
10/3/2018 18:12,WS Outbound-DCL Inbound,Union,55
10/3/2018 18:12,WS Outbound-DCL Inbound,Union,55
10/3/2018 18:12,WS Outbound-DCL Inbound,Union,55
10/3/2018 18:12,WS Outbound-DCL Inbound,Union,55
10/3/2018 18:13,WS Outbound-DCL Inbound,Union,55
10/3/2018 18:13,WS Outbound-DCL Inbound,Union,55
10/3/2018 18:13,WS Outbound-DCL Inbound,Union,55
10/3/2018 18:13,WS Outbound-DCL Inbound,Union,55
10/3/2018 18:13,WS Outbound-DCL Inbound,Union,55
10/3/2018 18:13,WS Outbound-DCL Inbound,Union,55
10/3/2018 18:13,WS Outbound-DCL Inbound,Union,55
10/3/2018 18:13,WS Outbound-DCL Inbound,Union,55
10/3/2018 18:14,WS Outbound-DCL Inbound,Union,55
10/3/2018 18:14,WS Outbound-DCL Inbound,Union,55
10/3/2018 18:15,WS Outbound-DCL Inbound,Union,55
10/3/2018 18:15,WS Outbound-DCL Inbound,Union,55
10/3/2018 18:15,WS Outbound-DCL Inbound,Leroy St and Murray IB,890
10/3/2018 18:16,WS Outbound-DCL Inbound,Leroy St and Murray IB,890
10/3/2018 18:16,WS Outbound-DCL Inbound,Leroy St and Murray IB,890
10/3/2018 18:16,WS Outbound-DCL Inbound,Leroy St and Murray IB,890
10/3/2018 18:17,WS Outbound-DCL Inbound,Physical Facilities,55
10/3/2018 18:17,WS Outbound-DCL Inbound,Physical Facilities,55
10/3/2018 18:17,WS Outbound-DCL Inbound,Leroy St and Chestnut IB,890
10/3/2018 18:17,WS Outbound-DCL Inbound,Leroy St and Chestnut IB,890
10/3/2018 18:18,WS Outbound-DCL Inbound,Leroy St and Laurel IB,890
10/3/2018 18:30,WS Outbound-DCL Inbound,Union,527
10/3/2018 18:31,WS Outbound-DCL Inbound,Union,527
10/3/2018 18:31,WS Outbound-DCL Inbound,Union,527
10/3/2018 18:31,WS Outbound-DCL Inbound,Union,527
10/3/2018 18:31,WS Outbound-DCL Inbound,Union,527
10/3/2018 18:31,WS Outbound-DCL Inbound,Union,527
10/3/2018 18:31,WS Outbound-DCL Inbound,Union,527
10/3/2018 18:31,WS Outbound-DCL Inbound,Union,527
10/3/2018 18:31,WS Outbound-DCL Inbound,Union,527
10/3/2018 18:31,WS Outbound-DCL Inbound,Union,527
10/3/2018 18:31,WS Outbound-DCL Inbound,Union,527
10/3/2018 18:31,WS Outbound-DCL Inbound,Union,527
10/3/2018 18:31,WS Outbound-DCL Inbound,Union,527
10/3/2018 18:31,WS Outbound-DCL Inbound,Union,527
10/3/2018 18:31,WS Outbound-DCL Inbound,Union,527
10/3/2018 18:31,WS Outbound-DCL Inbound,Union,527
10/3/2018 18:31,WS Outbound-DCL Inbound,Union,527
10/3/2018 18:31,WS Outbound-DCL Inbound,Union,527
10/3/2018 18:31,WS Outbound-DCL Inbound,Union,527
10/3/2018 18:32,WS Outbound-DCL Inbound,Union,527
10/3/2018 18:32,WS Outbound-DCL Inbound,Union,527
10/3/2018 18:32,WS Outbound-DCL Inbound,Union,527
10/3/2018 18:33,WS Outbound-DCL Inbound,Union,527
10/3/2018 18:33,WS Outbound-DCL Inbound,Union,527
10/3/2018 18:33,WS Outbound-DCL Inbound,Union,527
10/3/2018 18:33,WS Outbound-DCL Inbound,Union,527
10/3/2018 18:34,WS Outbound-DCL Inbound,Union,527
10/3/2018 18:34,WS Outbound-DCL Inbound,Union,527
10/3/2018 18:34,WS Outbound-DCL Inbound,UDC,55
10/3/2018 18:36,WS Outbound-DCL Inbound,UDC,55
10/3/2018 18:38,WS Outbound-DCL Inbound,UDC,55
10/3/2018 18:38,WS Outbound-DCL Inbound,UDC,55
10/3/2018 18:38,WS Outbound-DCL Inbound,UDC,55
10/3/2018 18:43,WS Outbound-DCL Inbound,Leroy St and Front,55
10/3/2018 18:44,WS Outbound-DCL Inbound,Leroy St and Murray IB,55
10/3/2018 18:44,WS Outbound-DCL Inbound,Leroy St and Murray IB,55
10/3/2018 18:44,WS Outbound-DCL Inbound,Leroy St and Murray IB,55
10/3/2018 18:44,WS Outbound-DCL Inbound,Leroy St and Murray IB,55
10/3/2018 18:44,WS Outbound-DCL Inbound,Leroy St and Murray IB,55
10/3/2018 18:44,WS Outbound-DCL Inbound,Leroy St and Murray IB,55
10/3/2018 18:44,WS Outbound-DCL Inbound,Union,37
10/3/2018 18:45,WS Outbound-DCL Inbound,Leroy St and Chestnut IB,55
10/3/2018 18:45,WS Outbound-DCL Inbound,Union,37
10/3/2018 18:46,WS Outbound-DCL Inbound,Union,37
10/3/2018 18:46,WS Outbound-DCL Inbound,Union,37
10/3/2018 18:46,WS Outbound-DCL Inbound,Union,37
10/3/2018 18:48,WS Outbound-DCL Inbound,Union,37
10/3/2018 18:48,WS Outbound-DCL Inbound,Union,37
10/3/2018 18:48,WS Outbound-DCL Inbound,Union,37
10/3/2018 18:49,WS Outbound-DCL Inbound,Union,37
10/3/2018 18:49,WS Outbound-DCL Inbound,Union,37
10/3/2018 18:50,WS Outbound-DCL Inbound,Union,37
10/3/2018 18:52,WS Outbound-DCL Inbound,Main and Murray OB,527
10/3/2018 19:01,WS Outbound-DCL Inbound,Union,43
10/3/2018 19:01,WS Outbound-DCL Inbound,Union,43
10/3/2018 19:01,WS Outbound-DCL Inbound,Union,43
10/3/2018 19:01,WS Outbound-DCL Inbound,Union,43
10/3/2018 19:01,WS Outbound-DCL Inbound,Union,43
10/3/2018 19:01,WS Outbound-DCL Inbound,Union,43
10/3/2018 19:01,WS Outbound-DCL Inbound,Union,43
10/3/2018 19:01,WS Outbound-DCL Inbound,Union,43
10/3/2018 19:01,WS Outbound-DCL Inbound,Union,43
10/3/2018 19:01,WS Outbound-DCL Inbound,Union,43
10/3/2018 19:01,WS Outbound-DCL Inbound,Union,43
10/3/2018 19:01,WS Outbound-DCL Inbound,Union,43
10/3/2018 19:01,WS Outbound-DCL Inbound,Union,43
10/3/2018 19:01,WS Outbound-DCL Inbound,Union,43
10/3/2018 19:01,WS Outbound-DCL Inbound,Union,43
10/3/2018 19:01,WS Outbound-DCL Inbound,Union,43
10/3/2018 19:01,WS Outbound-DCL Inbound,Union,43
10/3/2018 19:01,WS Outbound-DCL Inbound,Union,43
10/3/2018 19:01,WS Outbound-DCL Inbound,Union,43
10/3/2018 19:01,WS Outbound-DCL Inbound,Union,43
10/3/2018 19:02,WS Outbound-DCL Inbound,Union,43
10/3/2018 19:02,WS Outbound-DCL Inbound,Union,43
10/3/2018 19:02,WS Outbound-DCL Inbound,Union,43
10/3/2018 19:02,WS Outbound-DCL Inbound,Union,43
10/3/2018 19:02,WS Outbound-DCL Inbound,Union,43
10/3/2018 19:02,WS Outbound-DCL Inbound,Union,43
10/3/2018 19:02,WS Outbound-DCL Inbound,Union,43
10/3/2018 19:02,WS Outbound-DCL Inbound,Union,43
10/3/2018 19:03,WS Outbound-DCL Inbound,Union,43
10/3/2018 19:03,WS Outbound-DCL Inbound,Union,43
10/3/2018 19:03,WS Outbound-DCL Inbound,Union,43
10/3/2018 19:03,WS Outbound-DCL Inbound,Union,43
10/3/2018 19:03,WS Outbound-DCL Inbound,Union,43
10/3/2018 19:04,WS Outbound-DCL Inbound,Union,43
10/3/2018 19:04,WS Outbound-DCL Inbound,Union,43
10/3/2018 19:04,WS Outbound-DCL Inbound,Union,43
10/3/2018 19:07,WS Outbound-DCL Inbound,Main and Clarke IB,37
10/3/2018 19:09,WS Outbound-DCL Inbound,Main and Murray OB,37
10/3/2018 19:13,WS Outbound-DCL Inbound,Union,891
10/3/2018 19:13,WS Outbound-DCL Inbound,Union,891
10/3/2018 19:13,WS Outbound-DCL Inbound,Union,891
10/3/2018 19:13,WS Outbound-DCL Inbound,Union,891
10/3/2018 19:13,WS Outbound-DCL Inbound,Union,891
10/3/2018 19:13,WS Outbound-DCL Inbound,Union,891
10/3/2018 19:13,WS Outbound-DCL Inbound,Union,891
10/3/2018 19:13,WS Outbound-DCL Inbound,Union,891
10/3/2018 19:13,WS Outbound-DCL Inbound,Union,891
10/3/2018 19:14,WS Outbound-DCL Inbound,Union,891
10/3/2018 19:14,WS Outbound-DCL Inbound,Union,891
10/3/2018 19:14,WS Outbound-DCL Inbound,Union,891
10/3/2018 19:14,WS Outbound-DCL Inbound,Union,891
10/3/2018 19:14,WS Outbound-DCL Inbound,Union,891
10/3/2018 19:14,WS Outbound-DCL Inbound,Union,891
10/3/2018 19:14,WS Outbound-DCL Inbound,Union,891
10/3/2018 19:14,WS Outbound-DCL Inbound,Union,891
10/3/2018 19:14,WS Outbound-DCL Inbound,Union,891
10/3/2018 19:14,WS Outbound-DCL Inbound,Union,891
10/3/2018 19:14,WS Outbound-DCL Inbound,Union,891
10/3/2018 19:14,WS Outbound-DCL Inbound,Union,891
10/3/2018 19:14,WS Outbound-DCL Inbound,Union,891
10/3/2018 19:14,WS Outbound-DCL Inbound,UDC,37
10/3/2018 19:14,WS Outbound-DCL Inbound,Union,891
10/3/2018 19:14,WS Outbound-DCL Inbound,Union,891
10/3/2018 19:14,WS Outbound-DCL Inbound,Union,891
10/3/2018 19:14,WS Outbound-DCL Inbound,Union,891
10/3/2018 19:14,WS Outbound-DCL Inbound,Union,891
10/3/2018 19:14,WS Outbound-DCL Inbound,Union,891
10/3/2018 19:15,WS Outbound-DCL Inbound,Union,891
10/3/2018 19:18,WS Outbound-DCL Inbound,Main and Clarke OB,43
10/3/2018 19:19,WS Outbound-DCL Inbound,Leroy St and Murray IB,37
10/3/2018 19:19,WS Outbound-DCL Inbound,Leroy St and Murray IB,37
10/3/2018 19:19,WS Outbound-DCL Inbound,Leroy St and Murray IB,37
10/3/2018 19:20,WS Outbound-DCL Inbound,Leroy St and Chestnut IB,37
10/3/2018 19:20,WS Outbound-DCL Inbound,Leroy St and Chestnut IB,37
10/3/2018 19:20,WS Outbound-DCL Inbound,Leroy St and Chestnut IB,37
10/3/2018 19:20,WS Outbound-DCL Inbound,Leroy St and Chestnut IB,37
10/3/2018 19:20,WS Outbound-DCL Inbound,Leroy St and Chestnut IB,37
10/3/2018 19:20,WS Outbound-DCL Inbound,Leroy St and Chestnut IB,37
10/3/2018 19:20,WS Outbound-DCL Inbound,Leroy St and Chestnut IB,37
10/3/2018 19:21,WS Outbound-DCL Inbound,Leroy St and Laurel IB,37
10/3/2018 19:27,WS Outbound-DCL Inbound,UDC,43
10/3/2018 19:28,WS Outbound-DCL Inbound,Union,55
10/3/2018 19:28,WS Outbound-DCL Inbound,Union,55
10/3/2018 19:28,WS Outbound-DCL Inbound,Union,55
10/3/2018 19:28,WS Outbound-DCL Inbound,Union,55
10/3/2018 19:29,WS Outbound-DCL Inbound,Union,55
10/3/2018 19:29,WS Outbound-DCL Inbound,Union,55
10/3/2018 19:29,WS Outbound-DCL Inbound,Union,55
10/3/2018 19:29,WS Outbound-DCL Inbound,Union,55
10/3/2018 19:29,WS Outbound-DCL Inbound,Union,55
10/3/2018 19:29,WS Outbound-DCL Inbound,Union,55
10/3/2018 19:29,WS Outbound-DCL Inbound,Union,55
10/3/2018 19:29,WS Outbound-DCL Inbound,Union,55
10/3/2018 19:29,WS Outbound-DCL Inbound,Union,55
10/3/2018 19:29,WS Outbound-DCL Inbound,Union,55
10/3/2018 19:29,WS Outbound-DCL Inbound,Union,55
10/3/2018 19:29,WS Outbound-DCL Inbound,Union,55
10/3/2018 19:29,WS Outbound-DCL Inbound,Union,55
10/3/2018 19:29,WS Outbound-DCL Inbound,Union,55
10/3/2018 19:29,WS Outbound-DCL Inbound,Union,55
10/3/2018 19:29,WS Outbound-DCL Inbound,Union,55
10/3/2018 19:29,WS Outbound-DCL Inbound,Union,55
10/3/2018 19:29,WS Outbound-DCL Inbound,Union,55
10/3/2018 19:29,WS Outbound-DCL Inbound,Union,55
10/3/2018 19:29,WS Outbound-DCL Inbound,Union,55
10/3/2018 19:29,WS Outbound-DCL Inbound,Union,55
10/3/2018 19:29,WS Outbound-DCL Inbound,Union,55
10/3/2018 19:29,WS Outbound-DCL Inbound,Union,55
10/3/2018 19:29,WS Outbound-DCL Inbound,Union,55
10/3/2018 19:29,WS Outbound-DCL Inbound,Union,55
10/3/2018 19:29,WS Outbound-DCL Inbound,Union,55
10/3/2018 19:29,WS Outbound-DCL Inbound,Union,55
10/3/2018 19:29,WS Outbound-DCL Inbound,Union,55
10/3/2018 19:29,WS Outbound-DCL Inbound,Union,55
10/3/2018 19:30,WS Outbound-DCL Inbound,UDC,43
10/3/2018 19:30,WS Outbound-DCL Inbound,Union,55
10/3/2018 19:30,WS Outbound-DCL Inbound,Union,55
10/3/2018 19:30,WS Outbound-DCL Inbound,Union,55
10/3/2018 19:30,WS Outbound-DCL Inbound,Union,55
10/3/2018 19:30,WS Outbound-DCL Inbound,Union,55
10/3/2018 19:30,WS Outbound-DCL Inbound,Union,55
10/3/2018 19:30,WS Outbound-DCL Inbound,Union,55
10/3/2018 19:30,WS Outbound-DCL Inbound,Union,55
10/3/2018 19:30,WS Outbound-DCL Inbound,Union,55
10/3/2018 19:34,WS Outbound-DCL Inbound,Leroy St and Murray IB,43
10/3/2018 19:43,WS Outbound-DCL Inbound,Floral and Willow IB,55
10/3/2018 19:45,WS Outbound-DCL Inbound,Floral and Main OB,55
10/3/2018 19:48,WS Outbound-DCL Inbound,Main and Helen OB,55
10/3/2018 19:48,WS Outbound-DCL Inbound,Main and Helen OB,55
10/3/2018 19:51,WS Outbound-DCL Inbound,Main and Cedar OB,55
10/3/2018 19:51,WS Outbound-DCL Inbound,Main and Cedar OB,55
10/3/2018 19:51,WS Outbound-DCL Inbound,Main and Cedar OB,55
10/3/2018 19:58,WS Outbound-DCL Inbound,UDC,55
10/3/2018 19:58,WS Outbound-DCL Inbound,UDC,55
10/3/2018 19:58,WS Outbound-DCL Inbound,UDC,55
10/3/2018 19:58,WS Outbound-DCL Inbound,UDC,55
10/3/2018 19:59,WS Outbound-DCL Inbound,UDC,55
