Start Date:10/15/2018 7:00 AM End Date:10/15/2018 8:00 PM,,,
DateTime,CorridorName,StopName,VehicleID
10/15/2018 7:33,WS Outbound-DCL Inbound,UDC,37
10/15/2018 7:33,WS Outbound-DCL Inbound,UDC,37
10/15/2018 7:35,WS Outbound-DCL Inbound,UDC,37
10/15/2018 7:35,WS Outbound-DCL Inbound,UDC,37
10/15/2018 7:37,WS Outbound-DCL Inbound,UDC,37
10/15/2018 7:37,WS Outbound-DCL Inbound,UDC,37
10/15/2018 7:37,WS Outbound-DCL Inbound,UDC,37
10/15/2018 7:38,WS Outbound-DCL Inbound,UDC,37
10/15/2018 7:38,WS Outbound-DCL Inbound,UDC,37
10/15/2018 7:42,WS Outbound-DCL Inbound,Leroy St and Murray IB,37
10/15/2018 7:42,WS Outbound-DCL Inbound,Leroy St and Murray IB,37
10/15/2018 7:42,WS Outbound-DCL Inbound,Leroy St and Murray IB,37
10/15/2018 7:43,WS Outbound-DCL Inbound,Leroy St and Chestnut IB,37
10/15/2018 7:43,WS Outbound-DCL Inbound,Leroy St and Chestnut IB,37
10/15/2018 7:43,WS Outbound-DCL Inbound,Leroy St and Chestnut IB,37
10/15/2018 7:43,WS Outbound-DCL Inbound,Leroy St and Chestnut IB,37
10/15/2018 7:43,WS Outbound-DCL Inbound,Leroy St and Chestnut IB,37
10/15/2018 7:43,WS Outbound-DCL Inbound,Leroy St and Chestnut IB,37
10/15/2018 7:43,WS Outbound-DCL Inbound,Leroy St and Chestnut IB,37
10/15/2018 7:44,WS Outbound-DCL Inbound,Leroy St and Chestnut OB,37
10/15/2018 7:44,WS Outbound-DCL Inbound,Leroy St and Chestnut OB,37
10/15/2018 7:44,WS Outbound-DCL Inbound,Leroy St and Chestnut OB,37
10/15/2018 7:45,WS Outbound-DCL Inbound,Leroy St and Laurel IB,37
10/15/2018 8:25,WS Outbound-DCL Inbound,UDC,42
10/15/2018 8:28,WS Outbound-DCL Inbound,Leroy St and Front,42
10/15/2018 8:29,WS Outbound-DCL Inbound,Leroy St and Murray IB,42
10/15/2018 8:29,WS Outbound-DCL Inbound,Leroy St and Murray IB,42
10/15/2018 8:29,WS Outbound-DCL Inbound,Leroy St and Murray IB,42
10/15/2018 8:29,WS Outbound-DCL Inbound,Leroy St and Murray IB,42
10/15/2018 8:29,WS Outbound-DCL Inbound,Leroy St and Murray IB,42
10/15/2018 8:30,WS Outbound-DCL Inbound,Leroy St and Chestnut IB,42
10/15/2018 8:30,WS Outbound-DCL Inbound,Leroy St and Chestnut IB,42
10/15/2018 8:31,WS Outbound-DCL Inbound,Leroy St and Laurel IB,42
10/15/2018 8:36,WS Outbound-DCL Inbound,Riverside and Ethel OB,42
10/15/2018 8:53,WS Outbound-DCL Inbound,UDC,37
10/15/2018 8:53,WS Outbound-DCL Inbound,UDC,37
10/15/2018 8:54,WS Outbound-DCL Inbound,UDC,37
10/15/2018 8:54,WS Outbound-DCL Inbound,UDC,37
10/15/2018 8:54,WS Outbound-DCL Inbound,UDC,37
10/15/2018 8:54,WS Outbound-DCL Inbound,UDC,37
10/15/2018 8:54,WS Outbound-DCL Inbound,UDC,37
10/15/2018 8:55,WS Outbound-DCL Inbound,UDC,37
10/15/2018 8:57,WS Outbound-DCL Inbound,Leroy St and Front,37
10/15/2018 8:57,WS Outbound-DCL Inbound,Leroy St and Front,37
10/15/2018 8:57,WS Outbound-DCL Inbound,Leroy St and Front,37
10/15/2018 8:57,WS Outbound-DCL Inbound,Leroy St and Front,37
10/15/2018 8:57,WS Outbound-DCL Inbound,Leroy St and Front,37
10/15/2018 8:57,WS Outbound-DCL Inbound,Leroy St and Front,37
10/15/2018 8:58,WS Outbound-DCL Inbound,Leroy St and Murray IB,37
10/15/2018 8:58,WS Outbound-DCL Inbound,Leroy St and Murray IB,37
10/15/2018 8:58,WS Outbound-DCL Inbound,Leroy St and Murray IB,37
10/15/2018 8:58,WS Outbound-DCL Inbound,Leroy St and Murray IB,37
10/15/2018 8:58,WS Outbound-DCL Inbound,Leroy St and Murray IB,37
10/15/2018 8:58,WS Outbound-DCL Inbound,Leroy St and Murray IB,37
10/15/2018 8:58,WS Outbound-DCL Inbound,Leroy St and Murray IB,37
10/15/2018 8:58,WS Outbound-DCL Inbound,Leroy St and Murray IB,37
10/15/2018 8:58,WS Outbound-DCL Inbound,Leroy St and Murray IB,37
10/15/2018 8:58,WS Outbound-DCL Inbound,Leroy St and Murray IB,37
10/15/2018 8:58,WS Outbound-DCL Inbound,Leroy St and Murray IB,37
10/15/2018 8:59,WS Outbound-DCL Inbound,Leroy St and Chestnut IB,37
10/15/2018 8:59,WS Outbound-DCL Inbound,Leroy St and Chestnut IB,37
10/15/2018 8:59,WS Outbound-DCL Inbound,Leroy St and Chestnut IB,37
10/15/2018 8:59,WS Outbound-DCL Inbound,Leroy St and Chestnut IB,37
10/15/2018 9:03,WS Outbound-DCL Inbound,Riverside and Margaret OB,37
10/15/2018 9:15,WS Outbound-DCL Inbound,Union,43
10/15/2018 9:15,WS Outbound-DCL Inbound,Union,43
10/15/2018 9:21,WS Outbound-DCL Inbound,UDC,526
10/15/2018 9:23,WS Outbound-DCL Inbound,UDC,526
10/15/2018 9:23,WS Outbound-DCL Inbound,UDC,526
10/15/2018 9:23,WS Outbound-DCL Inbound,UDC,526
10/15/2018 9:24,WS Outbound-DCL Inbound,UDC,526
10/15/2018 9:24,WS Outbound-DCL Inbound,Floral and Harrison IB,43
10/15/2018 9:25,WS Outbound-DCL Inbound,UDC,526
10/15/2018 9:25,WS Outbound-DCL Inbound,UDC,526
10/15/2018 9:27,WS Outbound-DCL Inbound,Leroy St and Front,526
10/15/2018 9:27,WS Outbound-DCL Inbound,Leroy St and Front,526
10/15/2018 9:27,WS Outbound-DCL Inbound,Leroy St and Front,526
10/15/2018 9:27,WS Outbound-DCL Inbound,Leroy St and Front,526
10/15/2018 9:28,WS Outbound-DCL Inbound,Leroy St and Murray IB,526
10/15/2018 9:28,WS Outbound-DCL Inbound,Leroy St and Murray IB,526
10/15/2018 9:28,WS Outbound-DCL Inbound,Leroy St and Murray IB,526
10/15/2018 9:28,WS Outbound-DCL Inbound,Leroy St and Murray IB,526
10/15/2018 9:29,WS Outbound-DCL Inbound,Leroy St and Murray IB,526
10/15/2018 9:29,WS Outbound-DCL Inbound,Leroy St and Murray IB,526
10/15/2018 9:29,WS Outbound-DCL Inbound,Leroy St and Chestnut IB,526
10/15/2018 9:29,WS Outbound-DCL Inbound,Leroy St and Chestnut IB,526
10/15/2018 9:29,WS Outbound-DCL Inbound,Leroy St and Chestnut IB,526
10/15/2018 9:29,WS Outbound-DCL Inbound,Leroy St and Chestnut IB,526
10/15/2018 9:30,WS Outbound-DCL Inbound,Leroy St and Chestnut IB,526
10/15/2018 9:30,WS Outbound-DCL Inbound,Leroy St and Chestnut IB,526
10/15/2018 9:30,WS Outbound-DCL Inbound,Leroy St and Chestnut IB,526
10/15/2018 9:30,WS Outbound-DCL Inbound,Leroy St and Chestnut IB,526
10/15/2018 9:30,WS Outbound-DCL Inbound,Leroy St and Chestnut IB,526
10/15/2018 9:30,WS Outbound-DCL Inbound,Leroy St and Chestnut IB,526
10/15/2018 9:30,WS Outbound-DCL Inbound,Leroy St and Chestnut IB,526
10/15/2018 9:37,WS Outbound-DCL Inbound,UDC,43
10/15/2018 9:39,WS Outbound-DCL Inbound,UDC,43
10/15/2018 9:42,WS Outbound-DCL Inbound,Leroy St and Front,43
10/15/2018 9:43,WS Outbound-DCL Inbound,Leroy St and Murray IB,43
10/15/2018 9:44,WS Outbound-DCL Inbound,Leroy St and Murray IB,43
10/15/2018 9:44,WS Outbound-DCL Inbound,Leroy St and Chestnut IB,43
10/15/2018 9:44,WS Outbound-DCL Inbound,Leroy St and Chestnut IB,43
10/15/2018 9:45,WS Outbound-DCL Inbound,Leroy St and Chestnut IB,43
10/15/2018 9:45,WS Outbound-DCL Inbound,Leroy St and Chestnut IB,43
10/15/2018 9:45,WS Outbound-DCL Inbound,Leroy St and Chestnut IB,43
10/15/2018 9:54,WS Outbound-DCL Inbound,UDC,527
10/15/2018 9:54,WS Outbound-DCL Inbound,UDC,527
10/15/2018 9:57,WS Outbound-DCL Inbound,Leroy St and Front,527
10/15/2018 9:57,WS Outbound-DCL Inbound,Leroy St and Front,527
10/15/2018 9:57,WS Outbound-DCL Inbound,Leroy St and Front,527
10/15/2018 9:58,WS Outbound-DCL Inbound,Leroy St and Murray IB,527
10/15/2018 9:58,WS Outbound-DCL Inbound,Leroy St and Murray IB,527
10/15/2018 9:58,WS Outbound-DCL Inbound,Leroy St and Murray IB,527
10/15/2018 9:59,WS Outbound-DCL Inbound,Leroy St and Chestnut IB,527
10/15/2018 9:59,WS Outbound-DCL Inbound,Leroy St and Chestnut IB,527
10/15/2018 10:08,WS Outbound-DCL Inbound,Unknown,528
10/15/2018 10:08,WS Outbound-DCL Inbound,Unknown,528
10/15/2018 10:08,WS Outbound-DCL Inbound,Unknown,528
10/15/2018 10:08,WS Outbound-DCL Inbound,Unknown,528
10/15/2018 10:08,WS Outbound-DCL Inbound,Unknown,528
10/15/2018 10:08,WS Outbound-DCL Inbound,Unknown,528
10/15/2018 10:09,WS Outbound-DCL Inbound,Unknown,528
10/15/2018 10:09,WS Outbound-DCL Inbound,Unknown,528
10/15/2018 10:24,WS Outbound-DCL Inbound,UDC,889
10/15/2018 10:24,WS Outbound-DCL Inbound,UDC,889
10/15/2018 10:25,WS Outbound-DCL Inbound,UDC,889
10/15/2018 10:27,WS Outbound-DCL Inbound,Leroy St and Front,889
10/15/2018 10:27,WS Outbound-DCL Inbound,Leroy St and Front,889
10/15/2018 10:27,WS Outbound-DCL Inbound,Leroy St and Front,889
10/15/2018 10:27,WS Outbound-DCL Inbound,Leroy St and Front,889
10/15/2018 10:28,WS Outbound-DCL Inbound,Main and Schiller OB,43
10/15/2018 10:28,WS Outbound-DCL Inbound,Main and Schiller OB,43
10/15/2018 10:28,WS Outbound-DCL Inbound,Leroy St and Murray IB,889
10/15/2018 10:28,WS Outbound-DCL Inbound,Leroy St and Murray IB,889
10/15/2018 10:28,WS Outbound-DCL Inbound,Leroy St and Murray IB,889
10/15/2018 10:28,WS Outbound-DCL Inbound,Leroy St and Murray IB,889
10/15/2018 10:28,WS Outbound-DCL Inbound,Leroy St and Murray IB,889
10/15/2018 10:28,WS Outbound-DCL Inbound,Leroy St and Murray IB,889
10/15/2018 10:29,WS Outbound-DCL Inbound,Leroy St and Murray IB,889
10/15/2018 10:29,WS Outbound-DCL Inbound,Leroy St and Murray IB,889
10/15/2018 10:29,WS Outbound-DCL Inbound,Leroy St and Murray IB,889
10/15/2018 10:29,WS Outbound-DCL Inbound,Leroy St and Murray IB,889
10/15/2018 10:29,WS Outbound-DCL Inbound,Leroy St and Murray IB,889
10/15/2018 10:30,WS Outbound-DCL Inbound,Main and Cedar OB,43
10/15/2018 10:30,WS Outbound-DCL Inbound,Leroy St and Chestnut IB,889
10/15/2018 10:30,WS Outbound-DCL Inbound,Leroy St and Chestnut IB,889
10/15/2018 10:30,WS Outbound-DCL Inbound,Leroy St and Chestnut IB,889
10/15/2018 10:30,WS Outbound-DCL Inbound,Leroy St and Chestnut IB,889
10/15/2018 10:30,WS Outbound-DCL Inbound,Leroy St and Chestnut IB,889
10/15/2018 10:30,WS Outbound-DCL Inbound,Leroy St and Chestnut IB,889
10/15/2018 10:30,WS Outbound-DCL Inbound,Leroy St and Chestnut IB,889
10/15/2018 10:35,WS Outbound-DCL Inbound,Riverside and Margaret OB,889
10/15/2018 10:36,WS Outbound-DCL Inbound,UDC,43
10/15/2018 10:36,WS Outbound-DCL Inbound,UDC,43
10/15/2018 10:36,WS Outbound-DCL Inbound,UDC,43
10/15/2018 10:37,WS Outbound-DCL Inbound,UDC,43
10/15/2018 10:40,WS Outbound-DCL Inbound,UDC,43
10/15/2018 10:44,WS Outbound-DCL Inbound,Leroy St and Murray IB,43
10/15/2018 10:44,WS Outbound-DCL Inbound,Leroy St and Murray IB,43
10/15/2018 10:44,WS Outbound-DCL Inbound,Leroy St and Murray IB,43
10/15/2018 10:44,WS Outbound-DCL Inbound,Leroy St and Murray IB,43
10/15/2018 10:44,WS Outbound-DCL Inbound,Leroy St and Murray IB,43
10/15/2018 10:44,WS Outbound-DCL Inbound,Leroy St and Murray IB,43
10/15/2018 10:44,WS Outbound-DCL Inbound,Leroy St and Murray IB,43
10/15/2018 10:45,WS Outbound-DCL Inbound,Union,889
10/15/2018 10:45,WS Outbound-DCL Inbound,Leroy St and Chestnut OB,43
10/15/2018 10:45,WS Outbound-DCL Inbound,Union,889
10/15/2018 10:45,WS Outbound-DCL Inbound,Leroy St and Chestnut OB,43
10/15/2018 10:45,WS Outbound-DCL Inbound,Leroy St and Chestnut OB,43
10/15/2018 10:45,WS Outbound-DCL Inbound,Union,889
10/15/2018 10:46,WS Outbound-DCL Inbound,Union,889
10/15/2018 10:46,WS Outbound-DCL Inbound,Union,889
10/15/2018 10:46,WS Outbound-DCL Inbound,Union,889
10/15/2018 10:46,WS Outbound-DCL Inbound,Union,889
10/15/2018 10:46,WS Outbound-DCL Inbound,Union,889
10/15/2018 10:47,WS Outbound-DCL Inbound,Union,889
10/15/2018 10:50,WS Outbound-DCL Inbound,Physical Facilities OB,889
10/15/2018 10:54,WS Outbound-DCL Inbound,UDC,42
10/15/2018 10:54,WS Outbound-DCL Inbound,UDC,42
10/15/2018 10:54,WS Outbound-DCL Inbound,UDC,42
10/15/2018 10:54,WS Outbound-DCL Inbound,UDC,42
10/15/2018 10:55,WS Outbound-DCL Inbound,UDC,42
10/15/2018 10:55,WS Outbound-DCL Inbound,UDC,42
10/15/2018 10:56,WS Outbound-DCL Inbound,UDC,42
10/15/2018 10:56,WS Outbound-DCL Inbound,UDC,42
10/15/2018 10:58,WS Outbound-DCL Inbound,Leroy St and Front,42
10/15/2018 10:59,WS Outbound-DCL Inbound,Leroy St and Murray IB,42
10/15/2018 10:59,WS Outbound-DCL Inbound,Leroy St and Murray IB,42
10/15/2018 10:59,WS Outbound-DCL Inbound,Union,43
10/15/2018 10:59,WS Outbound-DCL Inbound,Union,43
10/15/2018 10:59,WS Outbound-DCL Inbound,Union,43
10/15/2018 10:59,WS Outbound-DCL Inbound,Union,43
10/15/2018 11:01,WS Outbound-DCL Inbound,Leroy St and Laurel IB,42
10/15/2018 11:01,WS Outbound-DCL Inbound,Main and Arthur,889
10/15/2018 11:01,WS Outbound-DCL Inbound,Main and Arthur,889
10/15/2018 11:05,WS Outbound-DCL Inbound,Riverside and Columbus IB,42
10/15/2018 11:15,WS Outbound-DCL Inbound,Leroy St and Front,889
10/15/2018 11:16,WS Outbound-DCL Inbound,Leroy St and Murray IB,889
10/15/2018 11:16,WS Outbound-DCL Inbound,Leroy St and Murray IB,889
10/15/2018 11:16,WS Outbound-DCL Inbound,Leroy St and Murray IB,889
10/15/2018 11:16,WS Outbound-DCL Inbound,Leroy St and Murray IB,889
10/15/2018 11:16,WS Outbound-DCL Inbound,Leroy St and Murray IB,889
10/15/2018 11:16,WS Outbound-DCL Inbound,Leroy St and Murray IB,889
10/15/2018 11:17,WS Outbound-DCL Inbound,Leroy and Walnut,889
10/15/2018 11:17,WS Outbound-DCL Inbound,Leroy St and Chestnut IB,889
10/15/2018 11:18,WS Outbound-DCL Inbound,Leroy St and Laurel IB,889
10/15/2018 11:30,WS Outbound-DCL Inbound,Union,889
10/15/2018 11:30,WS Outbound-DCL Inbound,Union,889
10/15/2018 11:30,WS Outbound-DCL Inbound,Union,889
10/15/2018 11:31,WS Outbound-DCL Inbound,Union,889
10/15/2018 11:31,WS Outbound-DCL Inbound,Union,889
10/15/2018 11:31,WS Outbound-DCL Inbound,Union,889
10/15/2018 11:31,WS Outbound-DCL Inbound,Union,889
10/15/2018 11:43,WS Outbound-DCL Inbound,Union,43
10/15/2018 11:43,WS Outbound-DCL Inbound,Union,43
10/15/2018 11:43,WS Outbound-DCL Inbound,Union,43
10/15/2018 11:44,WS Outbound-DCL Inbound,Union,43
10/15/2018 11:44,WS Outbound-DCL Inbound,Union,43
10/15/2018 11:44,WS Outbound-DCL Inbound,Union,43
10/15/2018 11:44,WS Outbound-DCL Inbound,Union,43
10/15/2018 11:45,WS Outbound-DCL Inbound,Union,43
10/15/2018 11:52,WS Outbound-DCL Inbound,Physical Facilities,43
10/15/2018 11:52,WS Outbound-DCL Inbound,Physical Facilities,43
10/15/2018 11:59,WS Outbound-DCL Inbound,Union,526
10/15/2018 11:59,WS Outbound-DCL Inbound,Union,526
10/15/2018 12:10,WS Outbound-DCL Inbound,Hawley OB,43
10/15/2018 12:12,WS Outbound-DCL Inbound,Union,528
10/15/2018 12:12,WS Outbound-DCL Inbound,Union,528
10/15/2018 12:12,WS Outbound-DCL Inbound,Union,528
10/15/2018 12:12,WS Outbound-DCL Inbound,Union,528
10/15/2018 12:12,WS Outbound-DCL Inbound,Union,528
10/15/2018 12:12,WS Outbound-DCL Inbound,Union,528
10/15/2018 12:12,WS Outbound-DCL Inbound,Union,528
10/15/2018 12:12,WS Outbound-DCL Inbound,Union,528
10/15/2018 12:12,WS Outbound-DCL Inbound,Union,528
10/15/2018 12:13,WS Outbound-DCL Inbound,Union,528
10/15/2018 12:13,WS Outbound-DCL Inbound,Union,528
10/15/2018 12:13,WS Outbound-DCL Inbound,Union,528
10/15/2018 12:13,WS Outbound-DCL Inbound,Union,528
10/15/2018 12:13,WS Outbound-DCL Inbound,Union,528
10/15/2018 12:14,WS Outbound-DCL Inbound,Main and Helen OB,526
10/15/2018 12:14,WS Outbound-DCL Inbound,Union,528
10/15/2018 12:14,WS Outbound-DCL Inbound,Union,528
10/15/2018 12:15,WS Outbound-DCL Inbound,Union,528
10/15/2018 12:15,WS Outbound-DCL Inbound,Union,528
10/15/2018 12:15,WS Outbound-DCL Inbound,Union,528
10/15/2018 12:16,WS Outbound-DCL Inbound,Union,528
10/15/2018 12:16,WS Outbound-DCL Inbound,Leroy St and Murray OB,43
10/15/2018 12:16,WS Outbound-DCL Inbound,Leroy St and Murray OB,43
10/15/2018 12:16,WS Outbound-DCL Inbound,Leroy St and Murray OB,43
10/15/2018 12:17,WS Outbound-DCL Inbound,Main and Cedar OB,526
10/15/2018 12:17,WS Outbound-DCL Inbound,Main and Cedar OB,526
10/15/2018 12:17,WS Outbound-DCL Inbound,Leroy St and Chestnut OB,43
10/15/2018 12:17,WS Outbound-DCL Inbound,Leroy St and Chestnut OB,43
10/15/2018 12:17,WS Outbound-DCL Inbound,Leroy St and Chestnut OB,43
10/15/2018 12:17,WS Outbound-DCL Inbound,Leroy St and Chestnut OB,43
10/15/2018 12:17,WS Outbound-DCL Inbound,Leroy St and Chestnut OB,43
10/15/2018 12:18,WS Outbound-DCL Inbound,Physical Facilities,528
10/15/2018 12:22,WS Outbound-DCL Inbound,Riverside and Columbus,43
10/15/2018 12:23,WS Outbound-DCL Inbound,UDC,526
10/15/2018 12:23,WS Outbound-DCL Inbound,UDC,526
10/15/2018 12:23,WS Outbound-DCL Inbound,UDC,526
10/15/2018 12:23,WS Outbound-DCL Inbound,UDC,526
10/15/2018 12:23,WS Outbound-DCL Inbound,UDC,526
10/15/2018 12:23,WS Outbound-DCL Inbound,UDC,526
10/15/2018 12:23,WS Outbound-DCL Inbound,UDC,526
10/15/2018 12:23,WS Outbound-DCL Inbound,UDC,526
10/15/2018 12:23,WS Outbound-DCL Inbound,UDC,526
10/15/2018 12:23,WS Outbound-DCL Inbound,UDC,526
10/15/2018 12:23,WS Outbound-DCL Inbound,UDC,526
10/15/2018 12:23,WS Outbound-DCL Inbound,UDC,526
10/15/2018 12:23,WS Outbound-DCL Inbound,UDC,526
10/15/2018 12:23,WS Outbound-DCL Inbound,UDC,526
10/15/2018 12:23,WS Outbound-DCL Inbound,UDC,526
10/15/2018 12:24,WS Outbound-DCL Inbound,UDC,526
10/15/2018 12:24,WS Outbound-DCL Inbound,UDC,526
10/15/2018 12:24,WS Outbound-DCL Inbound,UDC,526
10/15/2018 12:24,WS Outbound-DCL Inbound,UDC,526
10/15/2018 12:25,WS Outbound-DCL Inbound,UDC,526
10/15/2018 12:25,WS Outbound-DCL Inbound,Floral and Willow OB,528
10/15/2018 12:27,WS Outbound-DCL Inbound,Leroy St and Murray IB,526
10/15/2018 12:27,WS Outbound-DCL Inbound,Leroy St and Murray IB,526
10/15/2018 12:27,WS Outbound-DCL Inbound,Leroy St and Murray IB,526
10/15/2018 12:27,WS Outbound-DCL Inbound,Leroy St and Murray IB,526
10/15/2018 12:27,WS Outbound-DCL Inbound,Leroy St and Murray IB,526
10/15/2018 12:27,WS Outbound-DCL Inbound,Leroy St and Murray IB,526
10/15/2018 12:28,WS Outbound-DCL Inbound,Leroy St and Chestnut OB,526
10/15/2018 12:28,WS Outbound-DCL Inbound,Leroy St and Chestnut OB,526
10/15/2018 12:28,WS Outbound-DCL Inbound,Leroy St and Chestnut OB,526
10/15/2018 12:28,WS Outbound-DCL Inbound,Leroy St and Chestnut OB,526
10/15/2018 12:28,WS Outbound-DCL Inbound,Leroy St and Chestnut OB,526
10/15/2018 12:28,WS Outbound-DCL Inbound,Leroy St and Chestnut OB,526
10/15/2018 12:29,WS Outbound-DCL Inbound,Leroy St and Chestnut OB,526
10/15/2018 12:29,WS Outbound-DCL Inbound,Leroy St and Laurel IB,526
10/15/2018 12:29,WS Outbound-DCL Inbound,Leroy St and Laurel IB,526
10/15/2018 12:31,WS Outbound-DCL Inbound,Union,43
10/15/2018 12:31,WS Outbound-DCL Inbound,Union,43
10/15/2018 12:31,WS Outbound-DCL Inbound,Union,43
10/15/2018 12:31,WS Outbound-DCL Inbound,Union,43
10/15/2018 12:31,WS Outbound-DCL Inbound,Union,43
10/15/2018 12:32,WS Outbound-DCL Inbound,Union,43
10/15/2018 12:32,WS Outbound-DCL Inbound,Union,43
10/15/2018 12:39,WS Outbound-DCL Inbound,UDC,528
10/15/2018 12:39,WS Outbound-DCL Inbound,UDC,528
10/15/2018 12:39,WS Outbound-DCL Inbound,UDC,528
10/15/2018 12:42,WS Outbound-DCL Inbound,Leroy St and Front,528
10/15/2018 12:42,WS Outbound-DCL Inbound,Leroy St and Front,528
10/15/2018 12:43,WS Outbound-DCL Inbound,Leroy St and Murray IB,528
10/15/2018 12:43,WS Outbound-DCL Inbound,Leroy St and Murray IB,528
10/15/2018 12:43,WS Outbound-DCL Inbound,Leroy St and Murray IB,528
10/15/2018 12:43,WS Outbound-DCL Inbound,Leroy St and Murray IB,528
10/15/2018 12:43,WS Outbound-DCL Inbound,Leroy St and Murray IB,528
10/15/2018 12:43,WS Outbound-DCL Inbound,Leroy St and Murray IB,528
10/15/2018 12:43,WS Outbound-DCL Inbound,Leroy St and Murray IB,528
10/15/2018 12:43,WS Outbound-DCL Inbound,Leroy St and Murray IB,528
10/15/2018 12:43,WS Outbound-DCL Inbound,Leroy St and Murray IB,528
10/15/2018 12:43,WS Outbound-DCL Inbound,Leroy St and Murray IB,528
10/15/2018 12:43,WS Outbound-DCL Inbound,Leroy St and Murray IB,528
10/15/2018 12:43,WS Outbound-DCL Inbound,Leroy St and Murray IB,528
10/15/2018 12:43,WS Outbound-DCL Inbound,Leroy St and Murray IB,528
10/15/2018 12:43,WS Outbound-DCL Inbound,Leroy St and Murray IB,528
10/15/2018 12:43,WS Outbound-DCL Inbound,Leroy St and Murray IB,528
10/15/2018 12:43,WS Outbound-DCL Inbound,Leroy St and Murray IB,528
10/15/2018 12:43,WS Outbound-DCL Inbound,Leroy St and Murray IB,528
10/15/2018 12:43,WS Outbound-DCL Inbound,Leroy St and Murray IB,528
10/15/2018 12:43,WS Outbound-DCL Inbound,Leroy St and Murray IB,528
10/15/2018 12:43,WS Outbound-DCL Inbound,Leroy St and Murray IB,528
10/15/2018 12:43,WS Outbound-DCL Inbound,Leroy St and Murray IB,528
10/15/2018 12:44,WS Outbound-DCL Inbound,Leroy St and Murray IB,528
10/15/2018 12:44,WS Outbound-DCL Inbound,Leroy St and Chestnut OB,528
10/15/2018 12:44,WS Outbound-DCL Inbound,Leroy St and Chestnut OB,528
10/15/2018 12:44,WS Outbound-DCL Inbound,Leroy St and Chestnut OB,528
10/15/2018 12:45,WS Outbound-DCL Inbound,Leroy St and Chestnut OB,528
10/15/2018 12:45,WS Outbound-DCL Inbound,Leroy St and Chestnut OB,528
10/15/2018 12:46,WS Outbound-DCL Inbound,Beethoven and Leroy,528
10/15/2018 12:46,WS Outbound-DCL Inbound,Beethoven and Leroy,528
10/15/2018 12:59,WS Outbound-DCL Inbound,Union,42
10/15/2018 12:59,WS Outbound-DCL Inbound,Union,42
10/15/2018 12:59,WS Outbound-DCL Inbound,Union,42
10/15/2018 12:59,WS Outbound-DCL Inbound,Union,42
10/15/2018 12:59,WS Outbound-DCL Inbound,Union,42
10/15/2018 12:59,WS Outbound-DCL Inbound,Union,42
10/15/2018 12:59,WS Outbound-DCL Inbound,Union,42
10/15/2018 12:59,WS Outbound-DCL Inbound,Union,42
10/15/2018 12:59,WS Outbound-DCL Inbound,Union,42
10/15/2018 13:00,WS Outbound-DCL Inbound,Union,42
10/15/2018 13:00,WS Outbound-DCL Inbound,Union,42
10/15/2018 13:00,WS Outbound-DCL Inbound,Union,42
10/15/2018 13:00,WS Outbound-DCL Inbound,Union,42
10/15/2018 13:00,WS Outbound-DCL Inbound,Union,42
10/15/2018 13:00,WS Outbound-DCL Inbound,Union,42
10/15/2018 13:01,WS Outbound-DCL Inbound,Union,42
10/15/2018 13:05,WS Outbound-DCL Inbound,Physical Facilities,42
10/15/2018 13:05,WS Outbound-DCL Inbound,Physical Facilities,42
10/15/2018 13:05,WS Outbound-DCL Inbound,Physical Facilities,42
10/15/2018 13:05,WS Outbound-DCL Inbound,Physical Facilities,42
10/15/2018 13:15,WS Outbound-DCL Inbound,Union,43
10/15/2018 13:15,WS Outbound-DCL Inbound,Union,43
10/15/2018 13:15,WS Outbound-DCL Inbound,Union,43
10/15/2018 13:15,WS Outbound-DCL Inbound,Union,43
10/15/2018 13:15,WS Outbound-DCL Inbound,Union,43
10/15/2018 13:15,WS Outbound-DCL Inbound,Union,43
10/15/2018 13:15,WS Outbound-DCL Inbound,Union,43
10/15/2018 13:15,WS Outbound-DCL Inbound,Union,43
10/15/2018 13:15,WS Outbound-DCL Inbound,Union,43
10/15/2018 13:15,WS Outbound-DCL Inbound,Union,43
10/15/2018 13:16,WS Outbound-DCL Inbound,Union,43
10/15/2018 13:17,WS Outbound-DCL Inbound,Main and Clarke OB,42
10/15/2018 13:17,WS Outbound-DCL Inbound,Main and Clarke OB,42
10/15/2018 13:18,WS Outbound-DCL Inbound,Physical Facilities,43
10/15/2018 13:18,WS Outbound-DCL Inbound,Main and Cedar OB,42
10/15/2018 13:18,WS Outbound-DCL Inbound,Main and Cedar OB,42
10/15/2018 13:20,WS Outbound-DCL Inbound,Main and Murray OB,42
10/15/2018 13:25,WS Outbound-DCL Inbound,UDC,42
10/15/2018 13:25,WS Outbound-DCL Inbound,UDC,42
10/15/2018 13:25,WS Outbound-DCL Inbound,UDC,42
10/15/2018 13:25,WS Outbound-DCL Inbound,UDC,42
10/15/2018 13:30,WS Outbound-DCL Inbound,Leroy St and Front,42
10/15/2018 13:30,WS Outbound-DCL Inbound,Leroy St and Murray IB,42
10/15/2018 13:30,WS Outbound-DCL Inbound,Leroy St and Murray IB,42
10/15/2018 13:31,WS Outbound-DCL Inbound,Leroy St and Murray IB,42
10/15/2018 13:31,WS Outbound-DCL Inbound,Leroy St and Murray IB,42
10/15/2018 13:31,WS Outbound-DCL Inbound,Leroy St and Murray IB,42
10/15/2018 13:31,WS Outbound-DCL Inbound,Leroy St and Murray IB,42
10/15/2018 13:33,WS Outbound-DCL Inbound,Main and Front OB,43
10/15/2018 13:37,WS Outbound-DCL Inbound,UDC,43
10/15/2018 13:38,WS Outbound-DCL Inbound,UDC,43
10/15/2018 13:40,WS Outbound-DCL Inbound,UDC,43
10/15/2018 13:43,WS Outbound-DCL Inbound,Union,528
10/15/2018 13:43,WS Outbound-DCL Inbound,Union,528
10/15/2018 13:43,WS Outbound-DCL Inbound,Union,528
10/15/2018 13:43,WS Outbound-DCL Inbound,Union,528
10/15/2018 13:43,WS Outbound-DCL Inbound,Union,528
10/15/2018 13:43,WS Outbound-DCL Inbound,Union,528
10/15/2018 13:43,WS Outbound-DCL Inbound,Union,528
10/15/2018 13:43,WS Outbound-DCL Inbound,Union,528
10/15/2018 13:43,WS Outbound-DCL Inbound,Union,528
10/15/2018 13:44,WS Outbound-DCL Inbound,Union,528
10/15/2018 13:44,WS Outbound-DCL Inbound,Union,528
10/15/2018 13:44,WS Outbound-DCL Inbound,Union,528
10/15/2018 13:45,WS Outbound-DCL Inbound,Leroy St and Front,43
10/15/2018 13:46,WS Outbound-DCL Inbound,Leroy St and Murray IB,43
10/15/2018 13:46,WS Outbound-DCL Inbound,Leroy St and Murray IB,43
10/15/2018 13:46,WS Outbound-DCL Inbound,Leroy St and Murray IB,43
10/15/2018 13:46,WS Outbound-DCL Inbound,Leroy St and Murray IB,43
10/15/2018 13:46,WS Outbound-DCL Inbound,Leroy St and Murray IB,43
10/15/2018 13:46,WS Outbound-DCL Inbound,Leroy St and Murray IB,43
10/15/2018 13:46,WS Outbound-DCL Inbound,Leroy St and Murray IB,43
10/15/2018 13:46,WS Outbound-DCL Inbound,Leroy St and Murray IB,43
10/15/2018 13:46,WS Outbound-DCL Inbound,Leroy St and Murray IB,43
10/15/2018 13:46,WS Outbound-DCL Inbound,Leroy St and Murray IB,43
10/15/2018 13:46,WS Outbound-DCL Inbound,Leroy St and Murray IB,43
10/15/2018 13:46,WS Outbound-DCL Inbound,Leroy St and Murray IB,43
10/15/2018 13:46,WS Outbound-DCL Inbound,Union,528
10/15/2018 13:46,WS Outbound-DCL Inbound,Union,528
10/15/2018 13:46,WS Outbound-DCL Inbound,Union,528
10/15/2018 13:47,WS Outbound-DCL Inbound,Leroy St and Chestnut IB,43
10/15/2018 13:47,WS Outbound-DCL Inbound,Leroy St and Chestnut IB,43
10/15/2018 13:47,WS Outbound-DCL Inbound,Leroy St and Chestnut IB,43
10/15/2018 13:47,WS Outbound-DCL Inbound,Leroy St and Chestnut IB,43
10/15/2018 13:47,WS Outbound-DCL Inbound,Leroy St and Chestnut IB,43
10/15/2018 13:47,WS Outbound-DCL Inbound,Leroy St and Chestnut IB,43
10/15/2018 13:47,WS Outbound-DCL Inbound,Leroy St and Chestnut IB,43
10/15/2018 13:47,WS Outbound-DCL Inbound,Leroy St and Chestnut IB,43
10/15/2018 13:47,WS Outbound-DCL Inbound,Leroy St and Chestnut IB,43
10/15/2018 13:47,WS Outbound-DCL Inbound,Leroy St and Chestnut IB,43
10/15/2018 13:49,WS Outbound-DCL Inbound,Beethoven and Leroy,43
10/15/2018 13:55,WS Outbound-DCL Inbound,Floral and Burbank OB,528
10/15/2018 13:57,WS Outbound-DCL Inbound,Union,37
10/15/2018 13:57,WS Outbound-DCL Inbound,Union,37
10/15/2018 13:57,WS Outbound-DCL Inbound,Union,37
10/15/2018 13:57,WS Outbound-DCL Inbound,Union,37
10/15/2018 13:58,WS Outbound-DCL Inbound,Union,37
10/15/2018 13:58,WS Outbound-DCL Inbound,Union,37
10/15/2018 13:58,WS Outbound-DCL Inbound,Union,37
10/15/2018 13:58,WS Outbound-DCL Inbound,Union,37
10/15/2018 13:58,WS Outbound-DCL Inbound,Union,37
10/15/2018 13:59,WS Outbound-DCL Inbound,Union,37
10/15/2018 13:59,WS Outbound-DCL Inbound,Union,37
10/15/2018 14:00,WS Outbound-DCL Inbound,Union,37
10/15/2018 14:00,WS Outbound-DCL Inbound,Union,37
10/15/2018 14:00,WS Outbound-DCL Inbound,Union,37
10/15/2018 14:00,WS Outbound-DCL Inbound,Union,37
10/15/2018 14:00,WS Outbound-DCL Inbound,Union,37
10/15/2018 14:00,WS Outbound-DCL Inbound,Main and Clarke IB,528
10/15/2018 14:03,WS Outbound-DCL Inbound,Main and Arthur,528
10/15/2018 14:03,WS Outbound-DCL Inbound,Main and Arthur,528
10/15/2018 14:03,WS Outbound-DCL Inbound,Main and Arthur,528
10/15/2018 14:08,WS Outbound-DCL Inbound,UDC,528
10/15/2018 14:08,WS Outbound-DCL Inbound,UDC,528
10/15/2018 14:08,WS Outbound-DCL Inbound,UDC,528
10/15/2018 14:09,WS Outbound-DCL Inbound,UDC,528
10/15/2018 14:12,WS Outbound-DCL Inbound,Leroy St and Front,528
10/15/2018 14:13,WS Outbound-DCL Inbound,Leroy St and Murray IB,528
10/15/2018 14:13,WS Outbound-DCL Inbound,Leroy St and Murray IB,528
10/15/2018 14:13,WS Outbound-DCL Inbound,Leroy St and Murray IB,528
10/15/2018 14:14,WS Outbound-DCL Inbound,Leroy St and Chestnut IB,528
10/15/2018 14:14,WS Outbound-DCL Inbound,Leroy St and Chestnut IB,528
10/15/2018 14:14,WS Outbound-DCL Inbound,Leroy St and Chestnut IB,528
10/15/2018 14:14,WS Outbound-DCL Inbound,Leroy St and Chestnut IB,528
10/15/2018 14:20,WS Outbound-DCL Inbound,Riverside and Ethel IB,528
10/15/2018 14:21,WS Outbound-DCL Inbound,UDC,37
10/15/2018 14:21,WS Outbound-DCL Inbound,UDC,37
10/15/2018 14:22,WS Outbound-DCL Inbound,UDC,37
10/15/2018 14:24,WS Outbound-DCL Inbound,UDC,37
10/15/2018 14:24,WS Outbound-DCL Inbound,Union,526
10/15/2018 14:24,WS Outbound-DCL Inbound,Union,526
10/15/2018 14:24,WS Outbound-DCL Inbound,Union,526
10/15/2018 14:24,WS Outbound-DCL Inbound,Union,526
10/15/2018 14:24,WS Outbound-DCL Inbound,Union,526
10/15/2018 14:24,WS Outbound-DCL Inbound,Union,526
10/15/2018 14:24,WS Outbound-DCL Inbound,Union,526
10/15/2018 14:24,WS Outbound-DCL Inbound,Union,526
10/15/2018 14:24,WS Outbound-DCL Inbound,Union,526
10/15/2018 14:24,WS Outbound-DCL Inbound,Union,526
10/15/2018 14:24,WS Outbound-DCL Inbound,Union,526
10/15/2018 14:24,WS Outbound-DCL Inbound,Union,526
10/15/2018 14:25,WS Outbound-DCL Inbound,Union,526
10/15/2018 14:25,WS Outbound-DCL Inbound,Union,526
10/15/2018 14:25,WS Outbound-DCL Inbound,Union,526
10/15/2018 14:25,WS Outbound-DCL Inbound,Union,526
10/15/2018 14:25,WS Outbound-DCL Inbound,Union,526
10/15/2018 14:25,WS Outbound-DCL Inbound,Union,526
10/15/2018 14:25,WS Outbound-DCL Inbound,Union,526
10/15/2018 14:25,WS Outbound-DCL Inbound,Union,526
10/15/2018 14:25,WS Outbound-DCL Inbound,Union,526
10/15/2018 14:25,WS Outbound-DCL Inbound,Union,526
10/15/2018 14:25,WS Outbound-DCL Inbound,Union,526
10/15/2018 14:25,WS Outbound-DCL Inbound,Union,526
10/15/2018 14:25,WS Outbound-DCL Inbound,Union,526
10/15/2018 14:25,WS Outbound-DCL Inbound,Union,526
10/15/2018 14:25,WS Outbound-DCL Inbound,Union,526
10/15/2018 14:25,WS Outbound-DCL Inbound,Union,526
10/15/2018 14:25,WS Outbound-DCL Inbound,Union,526
10/15/2018 14:25,WS Outbound-DCL Inbound,Union,526
10/15/2018 14:25,WS Outbound-DCL Inbound,Union,526
10/15/2018 14:26,WS Outbound-DCL Inbound,Union,526
10/15/2018 14:26,WS Outbound-DCL Inbound,Union,526
10/15/2018 14:26,WS Outbound-DCL Inbound,Union,526
10/15/2018 14:26,WS Outbound-DCL Inbound,Union,526
10/15/2018 14:26,WS Outbound-DCL Inbound,Union,526
10/15/2018 14:27,WS Outbound-DCL Inbound,Union,526
10/15/2018 14:27,WS Outbound-DCL Inbound,Union,526
10/15/2018 14:27,WS Outbound-DCL Inbound,Union,526
10/15/2018 14:27,WS Outbound-DCL Inbound,Leroy St and Front,37
10/15/2018 14:27,WS Outbound-DCL Inbound,Union,526
10/15/2018 14:28,WS Outbound-DCL Inbound,Union,526
10/15/2018 14:28,WS Outbound-DCL Inbound,Union,526
10/15/2018 14:28,WS Outbound-DCL Inbound,Union,526
10/15/2018 14:28,WS Outbound-DCL Inbound,Leroy St and Murray IB,37
10/15/2018 14:28,WS Outbound-DCL Inbound,Union,526
10/15/2018 14:28,WS Outbound-DCL Inbound,Leroy St and Murray IB,37
10/15/2018 14:28,WS Outbound-DCL Inbound,Leroy St and Murray IB,37
10/15/2018 14:28,WS Outbound-DCL Inbound,Leroy St and Murray IB,37
10/15/2018 14:28,WS Outbound-DCL Inbound,Union,526
10/15/2018 14:29,WS Outbound-DCL Inbound,Union,526
10/15/2018 14:29,WS Outbound-DCL Inbound,Union,526
10/15/2018 14:29,WS Outbound-DCL Inbound,Leroy St and Chestnut OB,37
10/15/2018 14:29,WS Outbound-DCL Inbound,Leroy St and Chestnut OB,37
10/15/2018 14:29,WS Outbound-DCL Inbound,Leroy St and Chestnut OB,37
10/15/2018 14:29,WS Outbound-DCL Inbound,Leroy St and Chestnut OB,37
10/15/2018 14:30,WS Outbound-DCL Inbound,Leroy St and Chestnut OB,37
10/15/2018 14:30,WS Outbound-DCL Inbound,Leroy St and Chestnut OB,37
10/15/2018 14:30,WS Outbound-DCL Inbound,Union,526
10/15/2018 14:30,WS Outbound-DCL Inbound,Union,526
10/15/2018 14:30,WS Outbound-DCL Inbound,Union,526
10/15/2018 14:33,WS Outbound-DCL Inbound,Physical Facilities OB,526
10/15/2018 14:44,WS Outbound-DCL Inbound,Union,42
10/15/2018 14:44,WS Outbound-DCL Inbound,Union,42
10/15/2018 14:44,WS Outbound-DCL Inbound,Union,42
10/15/2018 14:45,WS Outbound-DCL Inbound,Union,42
10/15/2018 14:45,WS Outbound-DCL Inbound,Union,42
10/15/2018 14:45,WS Outbound-DCL Inbound,Union,42
10/15/2018 14:45,WS Outbound-DCL Inbound,Union,42
10/15/2018 14:45,WS Outbound-DCL Inbound,Union,42
10/15/2018 14:48,WS Outbound-DCL Inbound,Physical Facilities,42
10/15/2018 14:54,WS Outbound-DCL Inbound,Floral and Main OB,42
10/15/2018 14:54,WS Outbound-DCL Inbound,Floral and Main OB,42
10/15/2018 14:55,WS Outbound-DCL Inbound,Hawley OB,526
10/15/2018 14:56,WS Outbound-DCL Inbound,UDC,526
10/15/2018 14:56,WS Outbound-DCL Inbound,UDC,526
10/15/2018 14:56,WS Outbound-DCL Inbound,UDC,526
10/15/2018 14:56,WS Outbound-DCL Inbound,UDC,526
10/15/2018 15:00,WS Outbound-DCL Inbound,Leroy St and Murray IB,526
10/15/2018 15:00,WS Outbound-DCL Inbound,Leroy St and Murray IB,526
10/15/2018 15:00,WS Outbound-DCL Inbound,Leroy St and Murray IB,526
10/15/2018 15:00,WS Outbound-DCL Inbound,Leroy St and Murray IB,526
10/15/2018 15:00,WS Outbound-DCL Inbound,Leroy St and Murray IB,526
10/15/2018 15:00,WS Outbound-DCL Inbound,Leroy St and Murray IB,526
10/15/2018 15:00,WS Outbound-DCL Inbound,Leroy St and Murray IB,526
10/15/2018 15:00,WS Outbound-DCL Inbound,Leroy St and Murray IB,526
10/15/2018 15:01,WS Outbound-DCL Inbound,Leroy St and Murray IB,526
10/15/2018 15:01,WS Outbound-DCL Inbound,Leroy St and Murray IB,526
10/15/2018 15:01,WS Outbound-DCL Inbound,Leroy St and Chestnut OB,526
10/15/2018 15:01,WS Outbound-DCL Inbound,Leroy St and Chestnut OB,526
10/15/2018 15:01,WS Outbound-DCL Inbound,Leroy St and Chestnut OB,526
10/15/2018 15:01,WS Outbound-DCL Inbound,Leroy St and Chestnut OB,526
10/15/2018 15:02,WS Outbound-DCL Inbound,Leroy St and Laurel IB,526
10/15/2018 15:02,WS Outbound-DCL Inbound,Leroy St and Laurel IB,526
10/15/2018 15:03,WS Outbound-DCL Inbound,Beethoven and Leroy,526
10/15/2018 15:04,WS Outbound-DCL Inbound,Hawley OB,42
10/15/2018 15:06,WS Outbound-DCL Inbound,UDC,42
10/15/2018 15:07,WS Outbound-DCL Inbound,UDC,42
10/15/2018 15:08,WS Outbound-DCL Inbound,UDC,42
10/15/2018 15:09,WS Outbound-DCL Inbound,UDC,42
10/15/2018 15:13,WS Outbound-DCL Inbound,Leroy St and Front,42
10/15/2018 15:13,WS Outbound-DCL Inbound,Union,528
10/15/2018 15:13,WS Outbound-DCL Inbound,Union,528
10/15/2018 15:13,WS Outbound-DCL Inbound,Union,528
10/15/2018 15:13,WS Outbound-DCL Inbound,Union,528
10/15/2018 15:13,WS Outbound-DCL Inbound,Union,528
10/15/2018 15:13,WS Outbound-DCL Inbound,Union,528
10/15/2018 15:13,WS Outbound-DCL Inbound,Union,528
10/15/2018 15:13,WS Outbound-DCL Inbound,Union,528
10/15/2018 15:14,WS Outbound-DCL Inbound,Union,528
10/15/2018 15:14,WS Outbound-DCL Inbound,Union,528
10/15/2018 15:14,WS Outbound-DCL Inbound,Union,528
10/15/2018 15:14,WS Outbound-DCL Inbound,Union,528
10/15/2018 15:14,WS Outbound-DCL Inbound,Union,528
10/15/2018 15:14,WS Outbound-DCL Inbound,Union,528
10/15/2018 15:14,WS Outbound-DCL Inbound,Union,528
10/15/2018 15:14,WS Outbound-DCL Inbound,Union,528
10/15/2018 15:14,WS Outbound-DCL Inbound,Union,528
10/15/2018 15:14,WS Outbound-DCL Inbound,Union,528
10/15/2018 15:14,WS Outbound-DCL Inbound,Leroy St and Murray IB,42
10/15/2018 15:14,WS Outbound-DCL Inbound,Union,528
10/15/2018 15:14,WS Outbound-DCL Inbound,Union,528
10/15/2018 15:14,WS Outbound-DCL Inbound,Leroy St and Murray IB,42
10/15/2018 15:14,WS Outbound-DCL Inbound,Leroy St and Murray IB,42
10/15/2018 15:14,WS Outbound-DCL Inbound,Leroy St and Murray IB,42
10/15/2018 15:14,WS Outbound-DCL Inbound,Leroy St and Murray IB,42
10/15/2018 15:14,WS Outbound-DCL Inbound,Leroy St and Murray IB,42
10/15/2018 15:14,WS Outbound-DCL Inbound,Leroy St and Murray IB,42
10/15/2018 15:15,WS Outbound-DCL Inbound,Union,528
10/15/2018 15:15,WS Outbound-DCL Inbound,Leroy St and Chestnut IB,42
10/15/2018 15:15,WS Outbound-DCL Inbound,Leroy St and Chestnut IB,42
10/15/2018 15:27,WS Outbound-DCL Inbound,Union,43
10/15/2018 15:27,WS Outbound-DCL Inbound,Union,43
10/15/2018 15:27,WS Outbound-DCL Inbound,Union,43
10/15/2018 15:27,WS Outbound-DCL Inbound,Union,43
10/15/2018 15:27,WS Outbound-DCL Inbound,Union,43
10/15/2018 15:28,WS Outbound-DCL Inbound,Union,43
10/15/2018 15:28,WS Outbound-DCL Inbound,Union,43
10/15/2018 15:28,WS Outbound-DCL Inbound,Union,43
10/15/2018 15:28,WS Outbound-DCL Inbound,Union,43
10/15/2018 15:28,WS Outbound-DCL Inbound,Union,43
10/15/2018 15:28,WS Outbound-DCL Inbound,Union,43
10/15/2018 15:28,WS Outbound-DCL Inbound,Union,43
10/15/2018 15:28,WS Outbound-DCL Inbound,Union,43
10/15/2018 15:28,WS Outbound-DCL Inbound,Union,43
10/15/2018 15:28,WS Outbound-DCL Inbound,Union,43
10/15/2018 15:28,WS Outbound-DCL Inbound,Union,43
10/15/2018 15:28,WS Outbound-DCL Inbound,Union,43
10/15/2018 15:28,WS Outbound-DCL Inbound,Union,43
10/15/2018 15:28,WS Outbound-DCL Inbound,Union,43
10/15/2018 15:28,WS Outbound-DCL Inbound,Union,43
10/15/2018 15:28,WS Outbound-DCL Inbound,Union,43
10/15/2018 15:28,WS Outbound-DCL Inbound,Union,43
10/15/2018 15:28,WS Outbound-DCL Inbound,Union,43
10/15/2018 15:28,WS Outbound-DCL Inbound,Union,43
10/15/2018 15:28,WS Outbound-DCL Inbound,Union,43
10/15/2018 15:28,WS Outbound-DCL Inbound,Union,43
10/15/2018 15:28,WS Outbound-DCL Inbound,Union,43
10/15/2018 15:28,WS Outbound-DCL Inbound,Union,43
10/15/2018 15:28,WS Outbound-DCL Inbound,Union,43
10/15/2018 15:28,WS Outbound-DCL Inbound,Union,43
10/15/2018 15:29,WS Outbound-DCL Inbound,Union,43
10/15/2018 15:29,WS Outbound-DCL Inbound,Union,43
10/15/2018 15:29,WS Outbound-DCL Inbound,Main and Murray OB,528
10/15/2018 15:29,WS Outbound-DCL Inbound,Union,43
10/15/2018 15:30,WS Outbound-DCL Inbound,Union,43
10/15/2018 15:30,WS Outbound-DCL Inbound,Union,43
10/15/2018 15:30,WS Outbound-DCL Inbound,Union,43
10/15/2018 15:31,WS Outbound-DCL Inbound,Union,43
10/15/2018 15:31,WS Outbound-DCL Inbound,Union,43
10/15/2018 15:31,WS Outbound-DCL Inbound,Union,43
10/15/2018 15:31,WS Outbound-DCL Inbound,Union,43
10/15/2018 15:31,WS Outbound-DCL Inbound,Union,43
10/15/2018 15:34,WS Outbound-DCL Inbound,UDC,528
10/15/2018 15:34,WS Outbound-DCL Inbound,UDC,528
10/15/2018 15:38,WS Outbound-DCL Inbound,UDC,528
10/15/2018 15:43,WS Outbound-DCL Inbound,Leroy St and Murray IB,528
10/15/2018 15:43,WS Outbound-DCL Inbound,Leroy St and Murray IB,528
10/15/2018 15:43,WS Outbound-DCL Inbound,Leroy St and Murray IB,528
10/15/2018 15:44,WS Outbound-DCL Inbound,Leroy St and Chestnut IB,528
10/15/2018 15:44,WS Outbound-DCL Inbound,Leroy St and Chestnut IB,528
10/15/2018 15:44,WS Outbound-DCL Inbound,Leroy St and Chestnut IB,528
10/15/2018 15:44,WS Outbound-DCL Inbound,Leroy St and Chestnut IB,528
10/15/2018 15:44,WS Outbound-DCL Inbound,Leroy St and Chestnut IB,528
10/15/2018 15:44,WS Outbound-DCL Inbound,Leroy St and Chestnut IB,528
10/15/2018 15:44,WS Outbound-DCL Inbound,Leroy St and Chestnut IB,528
10/15/2018 15:44,WS Outbound-DCL Inbound,Leroy St and Chestnut IB,528
10/15/2018 15:44,WS Outbound-DCL Inbound,Leroy St and Chestnut IB,528
10/15/2018 15:50,WS Outbound-DCL Inbound,Main and Helen OB,43
10/15/2018 15:50,WS Outbound-DCL Inbound,Main and Helen OB,43
10/15/2018 16:01,WS Outbound-DCL Inbound,Union,42
10/15/2018 16:01,WS Outbound-DCL Inbound,Union,42
10/15/2018 16:01,WS Outbound-DCL Inbound,Union,42
10/15/2018 16:01,WS Outbound-DCL Inbound,Union,42
10/15/2018 16:01,WS Outbound-DCL Inbound,Union,42
10/15/2018 16:01,WS Outbound-DCL Inbound,Union,42
10/15/2018 16:01,WS Outbound-DCL Inbound,Union,42
10/15/2018 16:01,WS Outbound-DCL Inbound,Union,42
10/15/2018 16:01,WS Outbound-DCL Inbound,Union,42
10/15/2018 16:01,WS Outbound-DCL Inbound,Union,42
10/15/2018 16:01,WS Outbound-DCL Inbound,Union,42
10/15/2018 16:01,WS Outbound-DCL Inbound,Union,42
10/15/2018 16:01,WS Outbound-DCL Inbound,Union,42
10/15/2018 16:01,WS Outbound-DCL Inbound,Union,42
10/15/2018 16:01,WS Outbound-DCL Inbound,Union,42
10/15/2018 16:01,WS Outbound-DCL Inbound,Union,42
10/15/2018 16:02,WS Outbound-DCL Inbound,Union,42
10/15/2018 16:02,WS Outbound-DCL Inbound,Union,42
10/15/2018 16:02,WS Outbound-DCL Inbound,Union,42
10/15/2018 16:02,WS Outbound-DCL Inbound,Union,42
10/15/2018 16:02,WS Outbound-DCL Inbound,Union,42
10/15/2018 16:02,WS Outbound-DCL Inbound,Union,42
10/15/2018 16:02,WS Outbound-DCL Inbound,Union,42
10/15/2018 16:02,WS Outbound-DCL Inbound,Union,42
10/15/2018 16:02,WS Outbound-DCL Inbound,Union,42
10/15/2018 16:03,WS Outbound-DCL Inbound,Leroy St and Front,43
10/15/2018 16:03,WS Outbound-DCL Inbound,Leroy St and Front,43
10/15/2018 16:03,WS Outbound-DCL Inbound,Leroy St and Front,43
10/15/2018 16:04,WS Outbound-DCL Inbound,Leroy St and Murray IB,43
10/15/2018 16:04,WS Outbound-DCL Inbound,Leroy St and Murray IB,43
10/15/2018 16:04,WS Outbound-DCL Inbound,Leroy St and Murray IB,43
10/15/2018 16:04,WS Outbound-DCL Inbound,Leroy St and Murray IB,43
10/15/2018 16:04,WS Outbound-DCL Inbound,Leroy St and Murray IB,43
10/15/2018 16:04,WS Outbound-DCL Inbound,Leroy St and Murray IB,43
10/15/2018 16:04,WS Outbound-DCL Inbound,Leroy St and Murray IB,43
10/15/2018 16:04,WS Outbound-DCL Inbound,Leroy St and Murray IB,43
10/15/2018 16:04,WS Outbound-DCL Inbound,Leroy St and Murray IB,43
10/15/2018 16:04,WS Outbound-DCL Inbound,Leroy St and Murray IB,43
10/15/2018 16:04,WS Outbound-DCL Inbound,Physical Facilities,42
10/15/2018 16:04,WS Outbound-DCL Inbound,Physical Facilities,42
10/15/2018 16:05,WS Outbound-DCL Inbound,Leroy St and Chestnut IB,43
10/15/2018 16:05,WS Outbound-DCL Inbound,Leroy St and Chestnut IB,43
10/15/2018 16:05,WS Outbound-DCL Inbound,Leroy St and Chestnut IB,43
10/15/2018 16:05,WS Outbound-DCL Inbound,Leroy St and Chestnut IB,43
10/15/2018 16:05,WS Outbound-DCL Inbound,Leroy St and Chestnut IB,43
10/15/2018 16:05,WS Outbound-DCL Inbound,Leroy St and Chestnut IB,43
10/15/2018 16:05,WS Outbound-DCL Inbound,Leroy St and Chestnut IB,43
10/15/2018 16:13,WS Outbound-DCL Inbound,Union,37
10/15/2018 16:13,WS Outbound-DCL Inbound,Union,37
10/15/2018 16:13,WS Outbound-DCL Inbound,Union,37
10/15/2018 16:13,WS Outbound-DCL Inbound,Union,37
10/15/2018 16:14,WS Outbound-DCL Inbound,Union,37
10/15/2018 16:14,WS Outbound-DCL Inbound,Union,37
10/15/2018 16:14,WS Outbound-DCL Inbound,Union,37
10/15/2018 16:14,WS Outbound-DCL Inbound,Union,37
10/15/2018 16:14,WS Outbound-DCL Inbound,Union,37
10/15/2018 16:14,WS Outbound-DCL Inbound,Union,37
10/15/2018 16:14,WS Outbound-DCL Inbound,Union,37
10/15/2018 16:14,WS Outbound-DCL Inbound,Union,37
10/15/2018 16:14,WS Outbound-DCL Inbound,Union,37
10/15/2018 16:14,WS Outbound-DCL Inbound,Union,37
10/15/2018 16:14,WS Outbound-DCL Inbound,Union,37
10/15/2018 16:14,WS Outbound-DCL Inbound,Union,37
10/15/2018 16:14,WS Outbound-DCL Inbound,Union,37
10/15/2018 16:14,WS Outbound-DCL Inbound,Union,37
10/15/2018 16:14,WS Outbound-DCL Inbound,Union,37
10/15/2018 16:14,WS Outbound-DCL Inbound,Union,37
10/15/2018 16:14,WS Outbound-DCL Inbound,Union,37
10/15/2018 16:14,WS Outbound-DCL Inbound,Union,37
10/15/2018 16:14,WS Outbound-DCL Inbound,Union,37
10/15/2018 16:14,WS Outbound-DCL Inbound,Union,37
10/15/2018 16:14,WS Outbound-DCL Inbound,Union,37
10/15/2018 16:15,WS Outbound-DCL Inbound,Union,37
10/15/2018 16:15,WS Outbound-DCL Inbound,Union,37
10/15/2018 16:17,WS Outbound-DCL Inbound,Physical Facilities,37
10/15/2018 16:18,WS Outbound-DCL Inbound,Physical Facilities,37
10/15/2018 16:21,WS Outbound-DCL Inbound,Main and Arthur,42
10/15/2018 16:28,WS Outbound-DCL Inbound,Union,528
10/15/2018 16:28,WS Outbound-DCL Inbound,Union,528
10/15/2018 16:28,WS Outbound-DCL Inbound,Union,528
10/15/2018 16:28,WS Outbound-DCL Inbound,Union,528
10/15/2018 16:28,WS Outbound-DCL Inbound,Union,528
10/15/2018 16:29,WS Outbound-DCL Inbound,Union,528
10/15/2018 16:29,WS Outbound-DCL Inbound,Union,528
10/15/2018 16:29,WS Outbound-DCL Inbound,Union,528
10/15/2018 16:29,WS Outbound-DCL Inbound,Union,528
10/15/2018 16:29,WS Outbound-DCL Inbound,Union,528
10/15/2018 16:29,WS Outbound-DCL Inbound,Union,528
10/15/2018 16:29,WS Outbound-DCL Inbound,Union,528
10/15/2018 16:29,WS Outbound-DCL Inbound,Union,528
10/15/2018 16:29,WS Outbound-DCL Inbound,Union,528
10/15/2018 16:29,WS Outbound-DCL Inbound,Union,528
10/15/2018 16:29,WS Outbound-DCL Inbound,Union,528
10/15/2018 16:29,WS Outbound-DCL Inbound,Union,528
10/15/2018 16:29,WS Outbound-DCL Inbound,Union,528
10/15/2018 16:29,WS Outbound-DCL Inbound,Union,528
10/15/2018 16:29,WS Outbound-DCL Inbound,Union,528
10/15/2018 16:29,WS Outbound-DCL Inbound,Union,528
10/15/2018 16:29,WS Outbound-DCL Inbound,Union,528
10/15/2018 16:29,WS Outbound-DCL Inbound,Union,528
10/15/2018 16:29,WS Outbound-DCL Inbound,Union,528
10/15/2018 16:29,WS Outbound-DCL Inbound,Union,528
10/15/2018 16:29,WS Outbound-DCL Inbound,Union,528
10/15/2018 16:29,WS Outbound-DCL Inbound,Union,528
10/15/2018 16:29,WS Outbound-DCL Inbound,Union,528
10/15/2018 16:29,WS Outbound-DCL Inbound,Union,528
10/15/2018 16:30,WS Outbound-DCL Inbound,Union,528
10/15/2018 16:31,WS Outbound-DCL Inbound,Main and Arthur,37
10/15/2018 16:31,WS Outbound-DCL Inbound,Main and Arthur,37
10/15/2018 16:31,WS Outbound-DCL Inbound,Main and Arthur,37
10/15/2018 16:34,WS Outbound-DCL Inbound,Physical Facilities,528
10/15/2018 16:34,WS Outbound-DCL Inbound,Physical Facilities,528
10/15/2018 16:34,WS Outbound-DCL Inbound,Physical Facilities,528
10/15/2018 16:34,WS Outbound-DCL Inbound,Physical Facilities,528
10/15/2018 16:36,WS Outbound-DCL Inbound,UDC,37
10/15/2018 16:36,WS Outbound-DCL Inbound,UDC,37
10/15/2018 16:36,WS Outbound-DCL Inbound,UDC,37
10/15/2018 16:36,WS Outbound-DCL Inbound,UDC,37
10/15/2018 16:36,WS Outbound-DCL Inbound,UDC,37
10/15/2018 16:36,WS Outbound-DCL Inbound,UDC,37
10/15/2018 16:36,WS Outbound-DCL Inbound,UDC,37
10/15/2018 16:36,WS Outbound-DCL Inbound,UDC,37
10/15/2018 16:36,WS Outbound-DCL Inbound,UDC,37
10/15/2018 16:42,WS Outbound-DCL Inbound,Leroy St and Front,37
10/15/2018 16:43,WS Outbound-DCL Inbound,Floral and Main OB,528
10/15/2018 16:43,WS Outbound-DCL Inbound,Leroy St and Murray IB,37
10/15/2018 16:43,WS Outbound-DCL Inbound,Leroy St and Murray IB,37
10/15/2018 16:43,WS Outbound-DCL Inbound,Leroy St and Murray IB,37
10/15/2018 16:43,WS Outbound-DCL Inbound,Leroy St and Murray IB,37
10/15/2018 16:44,WS Outbound-DCL Inbound,Leroy St and Chestnut IB,37
10/15/2018 16:46,WS Outbound-DCL Inbound,Union,526
10/15/2018 17:00,WS Outbound-DCL Inbound,Main and Helen OB,526
10/15/2018 17:02,WS Outbound-DCL Inbound,Main and Schiller OB,526
10/15/2018 17:02,WS Outbound-DCL Inbound,Union,891
10/15/2018 17:03,WS Outbound-DCL Inbound,Union,891
10/15/2018 17:03,WS Outbound-DCL Inbound,Union,891
10/15/2018 17:03,WS Outbound-DCL Inbound,Union,891
10/15/2018 17:03,WS Outbound-DCL Inbound,Union,891
10/15/2018 17:03,WS Outbound-DCL Inbound,Main and Clarke OB,526
10/15/2018 17:03,WS Outbound-DCL Inbound,Union,891
10/15/2018 17:03,WS Outbound-DCL Inbound,Union,891
10/15/2018 17:03,WS Outbound-DCL Inbound,Union,891
10/15/2018 17:03,WS Outbound-DCL Inbound,Union,891
10/15/2018 17:03,WS Outbound-DCL Inbound,Union,891
10/15/2018 17:03,WS Outbound-DCL Inbound,Union,891
10/15/2018 17:03,WS Outbound-DCL Inbound,Union,891
10/15/2018 17:03,WS Outbound-DCL Inbound,Union,891
10/15/2018 17:03,WS Outbound-DCL Inbound,Union,891
10/15/2018 17:03,WS Outbound-DCL Inbound,Union,891
10/15/2018 17:03,WS Outbound-DCL Inbound,Union,891
10/15/2018 17:03,WS Outbound-DCL Inbound,Union,891
10/15/2018 17:03,WS Outbound-DCL Inbound,Union,891
10/15/2018 17:03,WS Outbound-DCL Inbound,Union,891
10/15/2018 17:03,WS Outbound-DCL Inbound,Union,891
10/15/2018 17:03,WS Outbound-DCL Inbound,Union,891
10/15/2018 17:03,WS Outbound-DCL Inbound,Union,891
10/15/2018 17:03,WS Outbound-DCL Inbound,Union,891
10/15/2018 17:03,WS Outbound-DCL Inbound,Union,891
10/15/2018 17:03,WS Outbound-DCL Inbound,Union,891
10/15/2018 17:03,WS Outbound-DCL Inbound,Union,891
10/15/2018 17:03,WS Outbound-DCL Inbound,Union,891
10/15/2018 17:03,WS Outbound-DCL Inbound,Union,891
10/15/2018 17:03,WS Outbound-DCL Inbound,Union,891
10/15/2018 17:04,WS Outbound-DCL Inbound,Union,891
10/15/2018 17:04,WS Outbound-DCL Inbound,Union,891
10/15/2018 17:04,WS Outbound-DCL Inbound,Union,891
10/15/2018 17:04,WS Outbound-DCL Inbound,Union,891
10/15/2018 17:04,WS Outbound-DCL Inbound,Union,891
10/15/2018 17:04,WS Outbound-DCL Inbound,Union,891
10/15/2018 17:04,WS Outbound-DCL Inbound,Union,891
10/15/2018 17:04,WS Outbound-DCL Inbound,Union,891
10/15/2018 17:04,WS Outbound-DCL Inbound,Union,891
10/15/2018 17:05,WS Outbound-DCL Inbound,Union,891
10/15/2018 17:05,WS Outbound-DCL Inbound,Union,891
10/15/2018 17:06,WS Outbound-DCL Inbound,Union,891
10/15/2018 17:06,WS Outbound-DCL Inbound,Union,891
10/15/2018 17:10,WS Outbound-DCL Inbound,UDC,526
10/15/2018 17:10,WS Outbound-DCL Inbound,UDC,526
10/15/2018 17:10,WS Outbound-DCL Inbound,UDC,526
10/15/2018 17:10,WS Outbound-DCL Inbound,UDC,526
10/15/2018 17:10,WS Outbound-DCL Inbound,UDC,526
10/15/2018 17:10,WS Outbound-DCL Inbound,UDC,526
10/15/2018 17:10,WS Outbound-DCL Inbound,UDC,526
10/15/2018 17:10,WS Outbound-DCL Inbound,UDC,526
10/15/2018 17:11,WS Outbound-DCL Inbound,Physical Facilities,891
10/15/2018 17:12,WS Outbound-DCL Inbound,Leroy St and Front,526
10/15/2018 17:13,WS Outbound-DCL Inbound,Leroy St and Murray IB,526
10/15/2018 17:13,WS Outbound-DCL Inbound,Leroy St and Murray IB,526
10/15/2018 17:14,WS Outbound-DCL Inbound,Leroy St and Chestnut IB,526
10/15/2018 17:14,WS Outbound-DCL Inbound,Leroy St and Chestnut IB,526
10/15/2018 17:14,WS Outbound-DCL Inbound,Leroy St and Chestnut IB,526
10/15/2018 17:15,WS Outbound-DCL Inbound,Leroy St and Laurel IB,526
10/15/2018 17:26,WS Outbound-DCL Inbound,Main and Cedar OB,891
10/15/2018 17:26,WS Outbound-DCL Inbound,Main and Cedar OB,891
10/15/2018 17:27,WS Outbound-DCL Inbound,Main and Cedar OB,891
10/15/2018 17:28,WS Outbound-DCL Inbound,Main and Arthur,891
10/15/2018 17:28,WS Outbound-DCL Inbound,Main and Arthur,891
10/15/2018 17:38,WS Outbound-DCL Inbound,Physical Facilities,37
10/15/2018 17:45,WS Outbound-DCL Inbound,Union,891
10/15/2018 17:45,WS Outbound-DCL Inbound,Union,891
10/15/2018 17:45,WS Outbound-DCL Inbound,Union,891
10/15/2018 17:45,WS Outbound-DCL Inbound,Union,891
10/15/2018 17:45,WS Outbound-DCL Inbound,Union,891
10/15/2018 17:46,WS Outbound-DCL Inbound,Union,891
10/15/2018 17:46,WS Outbound-DCL Inbound,Union,891
10/15/2018 17:46,WS Outbound-DCL Inbound,Union,891
10/15/2018 17:46,WS Outbound-DCL Inbound,Union,891
10/15/2018 17:46,WS Outbound-DCL Inbound,Union,891
10/15/2018 17:46,WS Outbound-DCL Inbound,Union,891
10/15/2018 17:46,WS Outbound-DCL Inbound,Union,891
10/15/2018 17:46,WS Outbound-DCL Inbound,Union,891
10/15/2018 17:46,WS Outbound-DCL Inbound,Union,891
10/15/2018 17:46,WS Outbound-DCL Inbound,Union,891
10/15/2018 17:46,WS Outbound-DCL Inbound,Union,891
10/15/2018 17:46,WS Outbound-DCL Inbound,Union,891
10/15/2018 17:46,WS Outbound-DCL Inbound,Union,891
10/15/2018 17:46,WS Outbound-DCL Inbound,Union,891
10/15/2018 17:46,WS Outbound-DCL Inbound,Union,891
10/15/2018 17:46,WS Outbound-DCL Inbound,Union,891
10/15/2018 17:46,WS Outbound-DCL Inbound,Union,891
10/15/2018 17:46,WS Outbound-DCL Inbound,Union,891
10/15/2018 17:46,WS Outbound-DCL Inbound,Union,891
10/15/2018 17:46,WS Outbound-DCL Inbound,Union,891
10/15/2018 17:46,WS Outbound-DCL Inbound,Union,891
10/15/2018 17:46,WS Outbound-DCL Inbound,Union,891
10/15/2018 17:46,WS Outbound-DCL Inbound,Union,891
10/15/2018 17:46,WS Outbound-DCL Inbound,Union,891
10/15/2018 17:47,WS Outbound-DCL Inbound,Union,891
10/15/2018 17:47,WS Outbound-DCL Inbound,Union,891
10/15/2018 17:47,WS Outbound-DCL Inbound,Main and Helen OB,37
10/15/2018 17:47,WS Outbound-DCL Inbound,Union,891
10/15/2018 17:51,WS Outbound-DCL Inbound,Physical Facilities,891
10/15/2018 17:52,WS Outbound-DCL Inbound,Denny''s,891
10/15/2018 18:01,WS Outbound-DCL Inbound,Union,42
10/15/2018 18:01,WS Outbound-DCL Inbound,Union,42
10/15/2018 18:01,WS Outbound-DCL Inbound,Union,42
10/15/2018 18:01,WS Outbound-DCL Inbound,Union,42
10/15/2018 18:01,WS Outbound-DCL Inbound,Union,42
10/15/2018 18:01,WS Outbound-DCL Inbound,Union,42
10/15/2018 18:01,WS Outbound-DCL Inbound,Union,42
10/15/2018 18:01,WS Outbound-DCL Inbound,Union,42
10/15/2018 18:01,WS Outbound-DCL Inbound,Union,42
10/15/2018 18:01,WS Outbound-DCL Inbound,Union,42
10/15/2018 18:01,WS Outbound-DCL Inbound,Union,42
10/15/2018 18:01,WS Outbound-DCL Inbound,Union,42
10/15/2018 18:01,WS Outbound-DCL Inbound,Union,42
10/15/2018 18:01,WS Outbound-DCL Inbound,Main and Helen OB,891
10/15/2018 18:01,WS Outbound-DCL Inbound,Union,42
10/15/2018 18:01,WS Outbound-DCL Inbound,Union,42
10/15/2018 18:01,WS Outbound-DCL Inbound,Union,42
10/15/2018 18:01,WS Outbound-DCL Inbound,Union,42
10/15/2018 18:02,WS Outbound-DCL Inbound,Union,42
10/15/2018 18:02,WS Outbound-DCL Inbound,Union,42
10/15/2018 18:03,WS Outbound-DCL Inbound,Union,42
10/15/2018 18:04,WS Outbound-DCL Inbound,Union,42
10/15/2018 18:04,WS Outbound-DCL Inbound,Union,42
10/15/2018 18:04,WS Outbound-DCL Inbound,Union,42
10/15/2018 18:05,WS Outbound-DCL Inbound,Union,42
10/15/2018 18:05,WS Outbound-DCL Inbound,Union,42
10/15/2018 18:05,WS Outbound-DCL Inbound,Union,42
10/15/2018 18:09,WS Outbound-DCL Inbound,Hawley OB,891
10/15/2018 18:12,WS Outbound-DCL Inbound,Union,43
10/15/2018 18:12,WS Outbound-DCL Inbound,Union,43
10/15/2018 18:12,WS Outbound-DCL Inbound,Union,43
10/15/2018 18:12,WS Outbound-DCL Inbound,Union,43
10/15/2018 18:12,WS Outbound-DCL Inbound,Union,43
10/15/2018 18:12,WS Outbound-DCL Inbound,Union,43
10/15/2018 18:12,WS Outbound-DCL Inbound,Union,43
10/15/2018 18:12,WS Outbound-DCL Inbound,Union,43
10/15/2018 18:12,WS Outbound-DCL Inbound,Union,43
10/15/2018 18:12,WS Outbound-DCL Inbound,Union,43
10/15/2018 18:12,WS Outbound-DCL Inbound,Union,43
10/15/2018 18:12,WS Outbound-DCL Inbound,Union,43
10/15/2018 18:12,WS Outbound-DCL Inbound,Union,43
10/15/2018 18:12,WS Outbound-DCL Inbound,Union,43
10/15/2018 18:12,WS Outbound-DCL Inbound,Union,43
10/15/2018 18:12,WS Outbound-DCL Inbound,Union,43
10/15/2018 18:12,WS Outbound-DCL Inbound,Union,43
10/15/2018 18:12,WS Outbound-DCL Inbound,Union,43
10/15/2018 18:12,WS Outbound-DCL Inbound,Union,43
10/15/2018 18:12,WS Outbound-DCL Inbound,Union,43
10/15/2018 18:12,WS Outbound-DCL Inbound,Union,43
10/15/2018 18:12,WS Outbound-DCL Inbound,Union,43
10/15/2018 18:12,WS Outbound-DCL Inbound,Union,43
10/15/2018 18:13,WS Outbound-DCL Inbound,Floral and Burbank OB,42
10/15/2018 18:13,WS Outbound-DCL Inbound,Union,43
10/15/2018 18:13,WS Outbound-DCL Inbound,Union,43
10/15/2018 18:13,WS Outbound-DCL Inbound,Union,43
10/15/2018 18:13,WS Outbound-DCL Inbound,Union,43
10/15/2018 18:13,WS Outbound-DCL Inbound,Union,43
10/15/2018 18:14,WS Outbound-DCL Inbound,Leroy St and Murray IB,891
10/15/2018 18:14,WS Outbound-DCL Inbound,Leroy St and Murray IB,891
10/15/2018 18:14,WS Outbound-DCL Inbound,Leroy St and Murray IB,891
10/15/2018 18:14,WS Outbound-DCL Inbound,Union,43
10/15/2018 18:15,WS Outbound-DCL Inbound,Union,43
10/15/2018 18:15,WS Outbound-DCL Inbound,Union,43
10/15/2018 18:15,WS Outbound-DCL Inbound,Leroy St and Chestnut IB,891
10/15/2018 18:15,WS Outbound-DCL Inbound,Leroy St and Chestnut IB,891
10/15/2018 18:17,WS Outbound-DCL Inbound,Physical Facilities,43
10/15/2018 18:17,WS Outbound-DCL Inbound,Riverside and Beethoven,891
10/15/2018 18:17,WS Outbound-DCL Inbound,Physical Facilities,43
10/15/2018 18:32,WS Outbound-DCL Inbound,Union,526
10/15/2018 18:32,WS Outbound-DCL Inbound,Union,526
10/15/2018 18:32,WS Outbound-DCL Inbound,Union,526
10/15/2018 18:32,WS Outbound-DCL Inbound,Union,526
10/15/2018 18:32,WS Outbound-DCL Inbound,Union,526
10/15/2018 18:32,WS Outbound-DCL Inbound,Union,526
10/15/2018 18:32,WS Outbound-DCL Inbound,Union,526
10/15/2018 18:32,WS Outbound-DCL Inbound,Union,526
10/15/2018 18:32,WS Outbound-DCL Inbound,Union,526
10/15/2018 18:32,WS Outbound-DCL Inbound,Union,526
10/15/2018 18:32,WS Outbound-DCL Inbound,Union,526
10/15/2018 18:32,WS Outbound-DCL Inbound,Union,526
10/15/2018 18:32,WS Outbound-DCL Inbound,Union,526
10/15/2018 18:32,WS Outbound-DCL Inbound,Union,526
10/15/2018 18:32,WS Outbound-DCL Inbound,Union,526
10/15/2018 18:32,WS Outbound-DCL Inbound,Union,526
10/15/2018 18:32,WS Outbound-DCL Inbound,Union,526
10/15/2018 18:33,WS Outbound-DCL Inbound,Union,526
10/15/2018 18:33,WS Outbound-DCL Inbound,Union,526
10/15/2018 18:33,WS Outbound-DCL Inbound,Union,526
10/15/2018 18:33,WS Outbound-DCL Inbound,Union,526
10/15/2018 18:33,WS Outbound-DCL Inbound,Union,526
10/15/2018 18:33,WS Outbound-DCL Inbound,Union,526
10/15/2018 18:33,WS Outbound-DCL Inbound,Union,526
10/15/2018 18:33,WS Outbound-DCL Inbound,Union,526
10/15/2018 18:33,WS Outbound-DCL Inbound,Union,526
10/15/2018 18:33,WS Outbound-DCL Inbound,Union,526
10/15/2018 18:33,WS Outbound-DCL Inbound,Union,526
10/15/2018 18:34,WS Outbound-DCL Inbound,Union,526
10/15/2018 18:34,WS Outbound-DCL Inbound,Union,526
10/15/2018 18:34,WS Outbound-DCL Inbound,Union,526
10/15/2018 18:34,WS Outbound-DCL Inbound,Union,526
10/15/2018 18:35,WS Outbound-DCL Inbound,Union,526
10/15/2018 18:35,WS Outbound-DCL Inbound,Union,526
10/15/2018 18:35,WS Outbound-DCL Inbound,Union,526
10/15/2018 18:38,WS Outbound-DCL Inbound,Physical Facilities,526
10/15/2018 18:39,WS Outbound-DCL Inbound,Denny''s,526
10/15/2018 18:39,WS Outbound-DCL Inbound,Denny''s,526
10/15/2018 18:42,WS Outbound-DCL Inbound,Leroy St and Murray IB,43
10/15/2018 18:43,WS Outbound-DCL Inbound,Leroy St and Murray IB,43
10/15/2018 18:43,WS Outbound-DCL Inbound,Leroy St and Murray IB,43
10/15/2018 18:43,WS Outbound-DCL Inbound,Leroy St and Murray IB,43
10/15/2018 18:43,WS Outbound-DCL Inbound,Leroy St and Chestnut IB,43
10/15/2018 18:48,WS Outbound-DCL Inbound,Union,42
10/15/2018 18:48,WS Outbound-DCL Inbound,Union,42
10/15/2018 18:48,WS Outbound-DCL Inbound,Union,42
10/15/2018 18:48,WS Outbound-DCL Inbound,Union,42
10/15/2018 18:48,WS Outbound-DCL Inbound,Union,42
10/15/2018 18:48,WS Outbound-DCL Inbound,Union,42
10/15/2018 18:49,WS Outbound-DCL Inbound,Union,42
10/15/2018 18:49,WS Outbound-DCL Inbound,Union,42
10/15/2018 18:49,WS Outbound-DCL Inbound,Union,42
10/15/2018 18:49,WS Outbound-DCL Inbound,Union,42
10/15/2018 18:49,WS Outbound-DCL Inbound,Union,42
10/15/2018 18:50,WS Outbound-DCL Inbound,Union,42
10/15/2018 18:50,WS Outbound-DCL Inbound,Union,42
10/15/2018 18:50,WS Outbound-DCL Inbound,Union,42
10/15/2018 18:50,WS Outbound-DCL Inbound,Union,42
10/15/2018 18:50,WS Outbound-DCL Inbound,Union,42
10/15/2018 18:50,WS Outbound-DCL Inbound,Union,42
10/15/2018 18:50,WS Outbound-DCL Inbound,Union,42
10/15/2018 18:52,WS Outbound-DCL Inbound,Main and Murray OB,526
10/15/2018 18:52,WS Outbound-DCL Inbound,Main and Murray OB,526
10/15/2018 18:55,WS Outbound-DCL Inbound,Hawley OB,526
10/15/2018 18:55,WS Outbound-DCL Inbound,Hawley OB,526
10/15/2018 19:08,WS Outbound-DCL Inbound,Main and Arthur,42
10/15/2018 19:15,WS Outbound-DCL Inbound,UDC,42
10/15/2018 19:15,WS Outbound-DCL Inbound,UDC,42
10/15/2018 19:15,WS Outbound-DCL Inbound,UDC,42
10/15/2018 19:18,WS Outbound-DCL Inbound,Leroy St and Front,42
10/15/2018 19:20,WS Outbound-DCL Inbound,Leroy St and Chestnut IB,42
10/15/2018 19:20,WS Outbound-DCL Inbound,Main and Clarke IB,528
10/15/2018 19:20,WS Outbound-DCL Inbound,Main and Clarke IB,528
10/15/2018 19:20,WS Outbound-DCL Inbound,Leroy St and Chestnut IB,42
10/15/2018 19:20,WS Outbound-DCL Inbound,Main and Cedar OB,528
10/15/2018 19:20,WS Outbound-DCL Inbound,Main and Cedar OB,528
10/15/2018 19:25,WS Outbound-DCL Inbound,UDC,528
10/15/2018 19:25,WS Outbound-DCL Inbound,UDC,528
10/15/2018 19:25,WS Outbound-DCL Inbound,UDC,528
10/15/2018 19:29,WS Outbound-DCL Inbound,UDC,528
10/15/2018 19:29,WS Outbound-DCL Inbound,Union,43
10/15/2018 19:29,WS Outbound-DCL Inbound,Union,43
10/15/2018 19:29,WS Outbound-DCL Inbound,Union,43
10/15/2018 19:29,WS Outbound-DCL Inbound,Union,43
10/15/2018 19:29,WS Outbound-DCL Inbound,Union,43
10/15/2018 19:29,WS Outbound-DCL Inbound,Union,43
10/15/2018 19:29,WS Outbound-DCL Inbound,Union,43
10/15/2018 19:29,WS Outbound-DCL Inbound,Union,43
10/15/2018 19:29,WS Outbound-DCL Inbound,Union,43
10/15/2018 19:29,WS Outbound-DCL Inbound,Union,43
10/15/2018 19:29,WS Outbound-DCL Inbound,Union,43
10/15/2018 19:29,WS Outbound-DCL Inbound,Union,43
10/15/2018 19:29,WS Outbound-DCL Inbound,Union,43
10/15/2018 19:29,WS Outbound-DCL Inbound,Union,43
10/15/2018 19:29,WS Outbound-DCL Inbound,Union,43
10/15/2018 19:29,WS Outbound-DCL Inbound,Union,43
10/15/2018 19:29,WS Outbound-DCL Inbound,Union,43
10/15/2018 19:29,WS Outbound-DCL Inbound,Union,43
10/15/2018 19:29,WS Outbound-DCL Inbound,Union,43
10/15/2018 19:29,WS Outbound-DCL Inbound,Union,43
10/15/2018 19:29,WS Outbound-DCL Inbound,Union,43
10/15/2018 19:29,WS Outbound-DCL Inbound,Union,43
10/15/2018 19:29,WS Outbound-DCL Inbound,Union,43
10/15/2018 19:30,WS Outbound-DCL Inbound,Union,43
10/15/2018 19:30,WS Outbound-DCL Inbound,Union,43
10/15/2018 19:30,WS Outbound-DCL Inbound,Union,43
10/15/2018 19:30,WS Outbound-DCL Inbound,Union,43
10/15/2018 19:30,WS Outbound-DCL Inbound,Union,43
10/15/2018 19:30,WS Outbound-DCL Inbound,Union,43
10/15/2018 19:30,WS Outbound-DCL Inbound,Union,43
10/15/2018 19:30,WS Outbound-DCL Inbound,Union,43
10/15/2018 19:30,WS Outbound-DCL Inbound,Union,43
10/15/2018 19:30,WS Outbound-DCL Inbound,Union,43
10/15/2018 19:30,WS Outbound-DCL Inbound,Union,43
10/15/2018 19:30,WS Outbound-DCL Inbound,Union,43
10/15/2018 19:30,WS Outbound-DCL Inbound,Union,43
10/15/2018 19:30,WS Outbound-DCL Inbound,Union,43
10/15/2018 19:30,WS Outbound-DCL Inbound,Union,43
10/15/2018 19:30,WS Outbound-DCL Inbound,Union,43
10/15/2018 19:30,WS Outbound-DCL Inbound,Union,43
10/15/2018 19:31,WS Outbound-DCL Inbound,Union,43
10/15/2018 19:32,WS Outbound-DCL Inbound,Union,43
10/15/2018 19:32,WS Outbound-DCL Inbound,Union,43
10/15/2018 19:32,WS Outbound-DCL Inbound,Union,43
10/15/2018 19:32,WS Outbound-DCL Inbound,Union,43
10/15/2018 19:32,WS Outbound-DCL Inbound,Leroy St and Murray IB,528
10/15/2018 19:34,WS Outbound-DCL Inbound,Union,43
10/15/2018 19:36,WS Outbound-DCL Inbound,Leroy St and Chestnut IB,528
10/15/2018 19:36,WS Outbound-DCL Inbound,Leroy St and Chestnut IB,528
10/15/2018 19:36,WS Outbound-DCL Inbound,Leroy St and Chestnut IB,528
10/15/2018 19:36,WS Outbound-DCL Inbound,Leroy St and Chestnut IB,528
10/15/2018 19:36,WS Outbound-DCL Inbound,Leroy St and Chestnut IB,528
10/15/2018 19:36,WS Outbound-DCL Inbound,Leroy St and Chestnut IB,528
10/15/2018 19:47,WS Outbound-DCL Inbound,Main and Schiller OB,43
10/15/2018 19:49,WS Outbound-DCL Inbound,Union,528
10/15/2018 19:49,WS Outbound-DCL Inbound,Union,528
10/15/2018 19:49,WS Outbound-DCL Inbound,Union,528
10/15/2018 19:49,WS Outbound-DCL Inbound,Union,528
10/15/2018 19:49,WS Outbound-DCL Inbound,Main and Arthur,43
10/15/2018 19:50,WS Outbound-DCL Inbound,Union,528
10/15/2018 19:51,WS Outbound-DCL Inbound,Union,528
10/15/2018 19:51,WS Outbound-DCL Inbound,Union,528
10/15/2018 19:51,WS Outbound-DCL Inbound,Union,528
10/15/2018 19:51,WS Outbound-DCL Inbound,Union,528
10/15/2018 19:51,WS Outbound-DCL Inbound,Union,528
10/15/2018 19:51,WS Outbound-DCL Inbound,Union,528
10/15/2018 19:51,WS Outbound-DCL Inbound,Union,528
10/15/2018 19:52,WS Outbound-DCL Inbound,Union,528
10/15/2018 19:53,WS Outbound-DCL Inbound,Hawley OB,43
10/15/2018 19:53,WS Outbound-DCL Inbound,Hawley OB,43
10/15/2018 19:54,WS Outbound-DCL Inbound,Hawley OB,43
10/15/2018 19:54,WS Outbound-DCL Inbound,Union,528
10/15/2018 19:54,WS Outbound-DCL Inbound,Union,528
10/15/2018 19:54,WS Outbound-DCL Inbound,Union,528
10/15/2018 19:54,WS Outbound-DCL Inbound,Union,528
10/15/2018 19:54,WS Outbound-DCL Inbound,Union,528
10/15/2018 19:54,WS Outbound-DCL Inbound,Union,528
10/15/2018 19:55,WS Outbound-DCL Inbound,Union,528
10/15/2018 19:55,WS Outbound-DCL Inbound,Union,528
10/15/2018 19:55,WS Outbound-DCL Inbound,UDC,43
10/15/2018 19:55,WS Outbound-DCL Inbound,Union,528
10/15/2018 19:55,WS Outbound-DCL Inbound,Union,528
10/15/2018 19:55,WS Outbound-DCL Inbound,Union,528
10/15/2018 19:56,WS Outbound-DCL Inbound,Union,528
10/15/2018 19:56,WS Outbound-DCL Inbound,Union,528
10/15/2018 19:57,WS Outbound-DCL Inbound,Union,528
10/15/2018 19:57,WS Outbound-DCL Inbound,Union,528
10/15/2018 19:58,WS Outbound-DCL Inbound,Union,528
10/15/2018 19:58,WS Outbound-DCL Inbound,UDC,43
10/15/2018 19:58,WS Outbound-DCL Inbound,UDC,43
10/15/2018 19:58,WS Outbound-DCL Inbound,Union,528
10/15/2018 19:59,WS Outbound-DCL Inbound,Union,528
