Start Date:10/02/2018 7:00 AM End Date:10/02/2018 8:00 PM,,,
DateTime,CorridorName,StopName,VehicleID
10/2/2018 7:14,WS Outbound-DCL Inbound,Union,37
10/2/2018 7:17,WS Outbound-DCL Inbound,Hawley IB,891
10/2/2018 7:18,WS Outbound-DCL Inbound,Main and Front OB,891
10/2/2018 7:19,WS Outbound-DCL Inbound,Main and Murray IB,891
10/2/2018 7:19,WS Outbound-DCL Inbound,Main and Murray IB,891
10/2/2018 7:19,WS Outbound-DCL Inbound,Main and Murray IB,891
10/2/2018 7:19,WS Outbound-DCL Inbound,Main and Murray IB,891
10/2/2018 7:19,WS Outbound-DCL Inbound,Main and Murray IB,891
10/2/2018 7:20,WS Outbound-DCL Inbound,Main and Mather,891
10/2/2018 7:20,WS Outbound-DCL Inbound,Main and Mather,891
10/2/2018 7:22,WS Outbound-DCL Inbound,Main and Schiller IB,891
10/2/2018 7:22,WS Outbound-DCL Inbound,Main and Schiller IB,891
10/2/2018 7:22,WS Outbound-DCL Inbound,Main and Schiller IB,891
10/2/2018 7:25,WS Outbound-DCL Inbound,Floral and Main OB,37
10/2/2018 7:25,WS Outbound-DCL Inbound,Floral and Cleveland IB,891
10/2/2018 7:25,WS Outbound-DCL Inbound,Floral and Cleveland IB,891
10/2/2018 7:26,WS Outbound-DCL Inbound,Floral and Roberts IB,891
10/2/2018 7:27,WS Outbound-DCL Inbound,Main and Schiller OB,37
10/2/2018 7:28,WS Outbound-DCL Inbound,Main and Cedar OB,37
10/2/2018 7:33,WS Outbound-DCL Inbound,UDC,37
10/2/2018 7:34,WS Outbound-DCL Inbound,UDC,37
10/2/2018 7:35,WS Outbound-DCL Inbound,UDC,37
10/2/2018 7:36,WS Outbound-DCL Inbound,UDC,37
10/2/2018 7:37,WS Outbound-DCL Inbound,UDC,37
10/2/2018 7:38,WS Outbound-DCL Inbound,UDC,37
10/2/2018 7:38,WS Outbound-DCL Inbound,UDC,37
10/2/2018 7:39,WS Outbound-DCL Inbound,Union,891
10/2/2018 7:42,WS Outbound-DCL Inbound,Leroy St and Front,37
10/2/2018 7:43,WS Outbound-DCL Inbound,Leroy St and Murray IB,37
10/2/2018 7:43,WS Outbound-DCL Inbound,Leroy St and Murray IB,37
10/2/2018 7:43,WS Outbound-DCL Inbound,Leroy St and Murray IB,37
10/2/2018 7:43,WS Outbound-DCL Inbound,Leroy St and Murray IB,37
10/2/2018 7:43,WS Outbound-DCL Inbound,Leroy St and Murray IB,37
10/2/2018 7:43,WS Outbound-DCL Inbound,Leroy St and Murray IB,37
10/2/2018 7:43,WS Outbound-DCL Inbound,Leroy St and Murray IB,37
10/2/2018 7:43,WS Outbound-DCL Inbound,Leroy St and Murray IB,37
10/2/2018 7:43,WS Outbound-DCL Inbound,Leroy St and Murray IB,37
10/2/2018 7:43,WS Outbound-DCL Inbound,Leroy St and Murray IB,37
10/2/2018 7:43,WS Outbound-DCL Inbound,Leroy St and Murray IB,37
10/2/2018 7:43,WS Outbound-DCL Inbound,Leroy St and Murray IB,37
10/2/2018 7:44,WS Outbound-DCL Inbound,Leroy St and Chestnut IB,37
10/2/2018 7:44,WS Outbound-DCL Inbound,Leroy St and Chestnut IB,37
10/2/2018 7:44,WS Outbound-DCL Inbound,Leroy St and Chestnut IB,37
10/2/2018 7:44,WS Outbound-DCL Inbound,Leroy St and Chestnut IB,37
10/2/2018 7:44,WS Outbound-DCL Inbound,Leroy St and Chestnut IB,37
10/2/2018 7:44,WS Outbound-DCL Inbound,Leroy St and Chestnut IB,37
10/2/2018 7:44,WS Outbound-DCL Inbound,Leroy St and Chestnut IB,37
10/2/2018 7:44,WS Outbound-DCL Inbound,Leroy St and Chestnut IB,37
10/2/2018 7:44,WS Outbound-DCL Inbound,Leroy St and Chestnut IB,37
10/2/2018 7:44,WS Outbound-DCL Inbound,Leroy St and Chestnut IB,37
10/2/2018 7:44,WS Outbound-DCL Inbound,Leroy St and Chestnut IB,37
10/2/2018 7:44,WS Outbound-DCL Inbound,Leroy St and Chestnut IB,37
10/2/2018 7:44,WS Outbound-DCL Inbound,Leroy St and Chestnut IB,37
10/2/2018 7:44,WS Outbound-DCL Inbound,Leroy St and Chestnut IB,37
10/2/2018 7:45,WS Outbound-DCL Inbound,Leroy St and Chestnut IB,37
10/2/2018 7:45,WS Outbound-DCL Inbound,Leroy St and Chestnut IB,37
10/2/2018 7:45,WS Outbound-DCL Inbound,Leroy St and Laurel IB,37
10/2/2018 7:46,WS Outbound-DCL Inbound,Beethoven and Leroy,37
10/2/2018 7:46,WS Outbound-DCL Inbound,Beethoven and Leroy,37
10/2/2018 7:46,WS Outbound-DCL Inbound,Beethoven and Leroy,37
10/2/2018 7:49,WS Outbound-DCL Inbound,Riverside and Margaret OB,37
10/2/2018 8:16,WS Outbound-DCL Inbound,Union,891
10/2/2018 8:26,WS Outbound-DCL Inbound,UDC,528
10/2/2018 8:26,WS Outbound-DCL Inbound,UDC,528
10/2/2018 8:26,WS Outbound-DCL Inbound,UDC,528
10/2/2018 8:26,WS Outbound-DCL Inbound,UDC,528
10/2/2018 8:26,WS Outbound-DCL Inbound,UDC,528
10/2/2018 8:26,WS Outbound-DCL Inbound,UDC,528
10/2/2018 8:26,WS Outbound-DCL Inbound,UDC,528
10/2/2018 8:30,WS Outbound-DCL Inbound,Leroy St and Front,528
10/2/2018 8:30,WS Outbound-DCL Inbound,Leroy St and Murray IB,528
10/2/2018 8:31,WS Outbound-DCL Inbound,Leroy St and Murray IB,528
10/2/2018 8:31,WS Outbound-DCL Inbound,Leroy St and Murray IB,528
10/2/2018 8:31,WS Outbound-DCL Inbound,Leroy St and Murray IB,528
10/2/2018 8:31,WS Outbound-DCL Inbound,Leroy St and Murray IB,528
10/2/2018 8:31,WS Outbound-DCL Inbound,Leroy St and Murray IB,528
10/2/2018 8:31,WS Outbound-DCL Inbound,Leroy St and Murray IB,528
10/2/2018 8:31,WS Outbound-DCL Inbound,Leroy St and Murray IB,528
10/2/2018 8:32,WS Outbound-DCL Inbound,Main and Murray OB,891
10/2/2018 8:32,WS Outbound-DCL Inbound,Leroy St and Chestnut IB,528
10/2/2018 8:32,WS Outbound-DCL Inbound,Main and Murray OB,891
10/2/2018 8:32,WS Outbound-DCL Inbound,Leroy St and Chestnut IB,528
10/2/2018 8:32,WS Outbound-DCL Inbound,Leroy St and Chestnut IB,528
10/2/2018 8:32,WS Outbound-DCL Inbound,Main and Murray OB,891
10/2/2018 8:33,WS Outbound-DCL Inbound,Leroy St and Laurel IB,528
10/2/2018 8:45,WS Outbound-DCL Inbound,Leroy St and Front,891
10/2/2018 8:45,WS Outbound-DCL Inbound,Leroy St and Front,891
10/2/2018 8:45,WS Outbound-DCL Inbound,Leroy St and Front,891
10/2/2018 8:46,WS Outbound-DCL Inbound,Leroy St and Murray IB,891
10/2/2018 8:46,WS Outbound-DCL Inbound,Leroy St and Murray IB,891
10/2/2018 8:46,WS Outbound-DCL Inbound,Leroy St and Murray IB,891
10/2/2018 8:46,WS Outbound-DCL Inbound,Leroy St and Murray IB,891
10/2/2018 8:46,WS Outbound-DCL Inbound,Leroy St and Murray IB,891
10/2/2018 8:47,WS Outbound-DCL Inbound,Leroy St and Chestnut IB,891
10/2/2018 8:47,WS Outbound-DCL Inbound,Leroy St and Chestnut IB,891
10/2/2018 8:47,WS Outbound-DCL Inbound,Leroy St and Chestnut IB,891
10/2/2018 8:47,WS Outbound-DCL Inbound,Leroy St and Chestnut IB,891
10/2/2018 8:47,WS Outbound-DCL Inbound,Leroy St and Chestnut IB,891
10/2/2018 8:47,WS Outbound-DCL Inbound,Leroy St and Chestnut IB,891
10/2/2018 8:51,WS Outbound-DCL Inbound,UDC,37
10/2/2018 8:52,WS Outbound-DCL Inbound,UDC,37
10/2/2018 8:59,WS Outbound-DCL Inbound,Leroy St and Murray IB,37
10/2/2018 8:59,WS Outbound-DCL Inbound,Leroy St and Murray IB,37
10/2/2018 9:00,WS Outbound-DCL Inbound,Leroy St and Chestnut IB,37
10/2/2018 9:00,WS Outbound-DCL Inbound,Leroy St and Chestnut IB,37
10/2/2018 9:00,WS Outbound-DCL Inbound,Leroy St and Chestnut IB,37
10/2/2018 9:00,WS Outbound-DCL Inbound,Leroy St and Chestnut IB,37
10/2/2018 9:00,WS Outbound-DCL Inbound,Leroy St and Chestnut IB,37
10/2/2018 9:00,WS Outbound-DCL Inbound,Leroy St and Chestnut IB,37
10/2/2018 9:00,WS Outbound-DCL Inbound,Leroy St and Chestnut IB,37
10/2/2018 9:00,WS Outbound-DCL Inbound,Leroy St and Chestnut IB,37
10/2/2018 9:00,WS Outbound-DCL Inbound,Leroy St and Chestnut IB,37
10/2/2018 9:02,WS Outbound-DCL Inbound,Beethoven and Leroy,37
10/2/2018 9:13,WS Outbound-DCL Inbound,Union,527
10/2/2018 9:13,WS Outbound-DCL Inbound,Union,527
10/2/2018 9:26,WS Outbound-DCL Inbound,Main and Schiller OB,527
10/2/2018 9:27,WS Outbound-DCL Inbound,Leroy St and Front,526
10/2/2018 9:27,WS Outbound-DCL Inbound,Leroy St and Front,526
10/2/2018 9:27,WS Outbound-DCL Inbound,Leroy St and Front,526
10/2/2018 9:28,WS Outbound-DCL Inbound,Main and Arthur,527
10/2/2018 9:28,WS Outbound-DCL Inbound,Leroy St and Murray IB,526
10/2/2018 9:28,WS Outbound-DCL Inbound,Leroy St and Murray IB,526
10/2/2018 9:28,WS Outbound-DCL Inbound,Leroy St and Murray IB,526
10/2/2018 9:28,WS Outbound-DCL Inbound,Leroy St and Murray IB,526
10/2/2018 9:28,WS Outbound-DCL Inbound,Leroy St and Murray IB,526
10/2/2018 9:28,WS Outbound-DCL Inbound,Leroy St and Murray IB,526
10/2/2018 9:28,WS Outbound-DCL Inbound,Leroy St and Murray IB,526
10/2/2018 9:29,WS Outbound-DCL Inbound,Leroy St and Murray IB,526
10/2/2018 9:29,WS Outbound-DCL Inbound,Leroy St and Murray IB,526
10/2/2018 9:29,WS Outbound-DCL Inbound,Leroy St and Murray IB,526
10/2/2018 9:29,WS Outbound-DCL Inbound,Leroy St and Murray IB,526
10/2/2018 9:29,WS Outbound-DCL Inbound,Leroy St and Murray IB,526
10/2/2018 9:29,WS Outbound-DCL Inbound,Leroy St and Murray IB,526
10/2/2018 9:29,WS Outbound-DCL Inbound,Leroy St and Murray IB,526
10/2/2018 9:29,WS Outbound-DCL Inbound,Leroy St and Murray IB,526
10/2/2018 9:29,WS Outbound-DCL Inbound,Leroy St and Murray IB,526
10/2/2018 9:29,WS Outbound-DCL Inbound,Leroy St and Murray IB,526
10/2/2018 9:29,WS Outbound-DCL Inbound,Leroy St and Murray IB,526
10/2/2018 9:30,WS Outbound-DCL Inbound,Leroy St and Chestnut IB,526
10/2/2018 9:30,WS Outbound-DCL Inbound,Leroy St and Chestnut IB,526
10/2/2018 9:30,WS Outbound-DCL Inbound,Leroy St and Chestnut IB,526
10/2/2018 9:30,WS Outbound-DCL Inbound,Leroy St and Chestnut IB,526
10/2/2018 9:30,WS Outbound-DCL Inbound,Leroy St and Chestnut IB,526
10/2/2018 9:30,WS Outbound-DCL Inbound,Leroy St and Chestnut IB,526
10/2/2018 9:30,WS Outbound-DCL Inbound,Leroy St and Chestnut IB,526
10/2/2018 9:30,WS Outbound-DCL Inbound,Leroy St and Chestnut IB,526
10/2/2018 9:30,WS Outbound-DCL Inbound,Leroy St and Chestnut IB,526
10/2/2018 9:30,WS Outbound-DCL Inbound,Leroy St and Chestnut IB,526
10/2/2018 9:30,WS Outbound-DCL Inbound,Leroy St and Chestnut IB,526
10/2/2018 9:30,WS Outbound-DCL Inbound,Leroy St and Chestnut IB,526
10/2/2018 9:30,WS Outbound-DCL Inbound,Leroy St and Chestnut IB,526
10/2/2018 9:30,WS Outbound-DCL Inbound,Leroy St and Chestnut IB,526
10/2/2018 9:31,WS Outbound-DCL Inbound,Leroy St and Chestnut IB,526
10/2/2018 9:31,WS Outbound-DCL Inbound,Leroy St and Chestnut OB,526
10/2/2018 9:32,WS Outbound-DCL Inbound,Beethoven and Leroy,526
10/2/2018 9:32,WS Outbound-DCL Inbound,UDC,527
10/2/2018 9:32,WS Outbound-DCL Inbound,UDC,527
10/2/2018 9:33,WS Outbound-DCL Inbound,UDC,527
10/2/2018 9:33,WS Outbound-DCL Inbound,UDC,527
10/2/2018 9:33,WS Outbound-DCL Inbound,UDC,527
10/2/2018 9:33,WS Outbound-DCL Inbound,UDC,527
10/2/2018 9:33,WS Outbound-DCL Inbound,UDC,527
10/2/2018 9:33,WS Outbound-DCL Inbound,UDC,527
10/2/2018 9:33,WS Outbound-DCL Inbound,UDC,527
10/2/2018 9:33,WS Outbound-DCL Inbound,UDC,527
10/2/2018 9:33,WS Outbound-DCL Inbound,UDC,527
10/2/2018 9:33,WS Outbound-DCL Inbound,UDC,527
10/2/2018 9:33,WS Outbound-DCL Inbound,UDC,527
10/2/2018 9:33,WS Outbound-DCL Inbound,UDC,527
10/2/2018 9:36,WS Outbound-DCL Inbound,UDC,527
10/2/2018 9:36,WS Outbound-DCL Inbound,Riverside and Columbus IB,526
10/2/2018 9:37,WS Outbound-DCL Inbound,UDC,527
10/2/2018 9:38,WS Outbound-DCL Inbound,UDC,527
10/2/2018 9:38,WS Outbound-DCL Inbound,UDC,527
10/2/2018 9:45,WS Outbound-DCL Inbound,Leroy St and Front,527
10/2/2018 9:45,WS Outbound-DCL Inbound,Leroy St and Front,527
10/2/2018 9:46,WS Outbound-DCL Inbound,Leroy St and Murray IB,527
10/2/2018 9:46,WS Outbound-DCL Inbound,Leroy St and Murray IB,527
10/2/2018 9:46,WS Outbound-DCL Inbound,Leroy St and Murray IB,527
10/2/2018 9:46,WS Outbound-DCL Inbound,Leroy St and Murray IB,527
10/2/2018 9:46,WS Outbound-DCL Inbound,Leroy St and Murray IB,527
10/2/2018 9:46,WS Outbound-DCL Inbound,Leroy St and Murray IB,527
10/2/2018 9:46,WS Outbound-DCL Inbound,Leroy St and Murray IB,527
10/2/2018 9:46,WS Outbound-DCL Inbound,Leroy St and Murray IB,527
10/2/2018 9:46,WS Outbound-DCL Inbound,Leroy St and Murray IB,527
10/2/2018 9:46,WS Outbound-DCL Inbound,Leroy St and Murray IB,527
10/2/2018 9:46,WS Outbound-DCL Inbound,Leroy St and Murray IB,527
10/2/2018 9:46,WS Outbound-DCL Inbound,Leroy St and Murray IB,527
10/2/2018 9:47,WS Outbound-DCL Inbound,Leroy St and Chestnut IB,527
10/2/2018 9:47,WS Outbound-DCL Inbound,Leroy St and Chestnut IB,527
10/2/2018 9:47,WS Outbound-DCL Inbound,Leroy St and Chestnut IB,527
10/2/2018 9:47,WS Outbound-DCL Inbound,Leroy St and Chestnut IB,527
10/2/2018 9:47,WS Outbound-DCL Inbound,Leroy St and Chestnut IB,527
10/2/2018 9:52,WS Outbound-DCL Inbound,Physical Facilities,891
10/2/2018 9:55,WS Outbound-DCL Inbound,UDC,54
10/2/2018 9:55,WS Outbound-DCL Inbound,UDC,54
10/2/2018 9:57,WS Outbound-DCL Inbound,Riverside and Columbus IB,527
10/2/2018 9:58,WS Outbound-DCL Inbound,Leroy St and Murray IB,54
10/2/2018 9:58,WS Outbound-DCL Inbound,Leroy St and Murray IB,54
10/2/2018 9:58,WS Outbound-DCL Inbound,Leroy St and Murray IB,54
10/2/2018 9:59,WS Outbound-DCL Inbound,Leroy St and Chestnut IB,54
10/2/2018 10:05,WS Outbound-DCL Inbound,Riverside and Columbus IB,54
10/2/2018 10:10,WS Outbound-DCL Inbound,UDC,891
10/2/2018 10:10,WS Outbound-DCL Inbound,UDC,891
10/2/2018 10:10,WS Outbound-DCL Inbound,UDC,891
10/2/2018 10:10,WS Outbound-DCL Inbound,UDC,891
10/2/2018 10:10,WS Outbound-DCL Inbound,UDC,891
10/2/2018 10:13,WS Outbound-DCL Inbound,Leroy St and Front,891
10/2/2018 10:14,WS Outbound-DCL Inbound,Leroy St and Murray IB,891
10/2/2018 10:15,WS Outbound-DCL Inbound,Leroy St and Chestnut IB,891
10/2/2018 10:15,WS Outbound-DCL Inbound,Leroy St and Chestnut IB,891
10/2/2018 10:15,WS Outbound-DCL Inbound,Leroy St and Chestnut IB,891
10/2/2018 10:15,WS Outbound-DCL Inbound,Leroy St and Chestnut IB,891
10/2/2018 10:16,WS Outbound-DCL Inbound,Leroy St and Chestnut IB,891
10/2/2018 10:16,WS Outbound-DCL Inbound,Leroy St and Chestnut IB,891
10/2/2018 10:16,WS Outbound-DCL Inbound,Leroy St and Chestnut IB,891
10/2/2018 10:21,WS Outbound-DCL Inbound,Union,527
10/2/2018 10:21,WS Outbound-DCL Inbound,Union,527
10/2/2018 10:21,WS Outbound-DCL Inbound,Union,527
10/2/2018 10:21,WS Outbound-DCL Inbound,Union,527
10/2/2018 10:21,WS Outbound-DCL Inbound,Union,527
10/2/2018 10:21,WS Outbound-DCL Inbound,Union,527
10/2/2018 10:21,WS Outbound-DCL Inbound,Union,527
10/2/2018 10:21,WS Outbound-DCL Inbound,Union,527
10/2/2018 10:21,WS Outbound-DCL Inbound,Union,527
10/2/2018 10:21,WS Outbound-DCL Inbound,Union,527
10/2/2018 10:21,WS Outbound-DCL Inbound,Union,527
10/2/2018 10:21,WS Outbound-DCL Inbound,Union,527
10/2/2018 10:21,WS Outbound-DCL Inbound,Union,527
10/2/2018 10:21,WS Outbound-DCL Inbound,Union,527
10/2/2018 10:21,WS Outbound-DCL Inbound,Union,527
10/2/2018 10:21,WS Outbound-DCL Inbound,Union,527
10/2/2018 10:22,WS Outbound-DCL Inbound,Union,527
10/2/2018 10:22,WS Outbound-DCL Inbound,Union,527
10/2/2018 10:22,WS Outbound-DCL Inbound,Union,527
10/2/2018 10:22,WS Outbound-DCL Inbound,Union,527
10/2/2018 10:22,WS Outbound-DCL Inbound,Union,527
10/2/2018 10:22,WS Outbound-DCL Inbound,Union,527
10/2/2018 10:22,WS Outbound-DCL Inbound,Union,527
10/2/2018 10:22,WS Outbound-DCL Inbound,Union,527
10/2/2018 10:22,WS Outbound-DCL Inbound,Union,527
10/2/2018 10:23,WS Outbound-DCL Inbound,Union,527
10/2/2018 10:23,WS Outbound-DCL Inbound,Union,527
10/2/2018 10:26,WS Outbound-DCL Inbound,Union,527
10/2/2018 10:28,WS Outbound-DCL Inbound,Leroy St and Murray IB,889
10/2/2018 10:28,WS Outbound-DCL Inbound,Leroy St and Murray IB,889
10/2/2018 10:28,WS Outbound-DCL Inbound,Leroy St and Murray IB,889
10/2/2018 10:29,WS Outbound-DCL Inbound,Leroy St and Chestnut IB,889
10/2/2018 10:29,WS Outbound-DCL Inbound,Leroy St and Chestnut IB,889
10/2/2018 10:38,WS Outbound-DCL Inbound,Main and Helen OB,527
10/2/2018 10:41,WS Outbound-DCL Inbound,Union,889
10/2/2018 10:41,WS Outbound-DCL Inbound,Union,889
10/2/2018 10:41,WS Outbound-DCL Inbound,Union,889
10/2/2018 10:41,WS Outbound-DCL Inbound,Union,889
10/2/2018 10:42,WS Outbound-DCL Inbound,Union,889
10/2/2018 10:43,WS Outbound-DCL Inbound,Union,889
10/2/2018 10:48,WS Outbound-DCL Inbound,Leroy St and Murray IB,527
10/2/2018 10:48,WS Outbound-DCL Inbound,Leroy St and Murray IB,527
10/2/2018 10:48,WS Outbound-DCL Inbound,Leroy St and Murray IB,527
10/2/2018 10:49,WS Outbound-DCL Inbound,Leroy St and Chestnut OB,527
10/2/2018 10:49,WS Outbound-DCL Inbound,Leroy St and Chestnut OB,527
10/2/2018 10:49,WS Outbound-DCL Inbound,Leroy St and Chestnut OB,527
10/2/2018 10:49,WS Outbound-DCL Inbound,Leroy St and Chestnut OB,527
10/2/2018 10:49,WS Outbound-DCL Inbound,Leroy St and Chestnut OB,527
10/2/2018 10:50,WS Outbound-DCL Inbound,Leroy St and Chestnut OB,527
10/2/2018 10:51,WS Outbound-DCL Inbound,Beethoven and Leroy,527
10/2/2018 10:54,WS Outbound-DCL Inbound,UDC,528
10/2/2018 10:54,WS Outbound-DCL Inbound,UDC,528
10/2/2018 10:54,WS Outbound-DCL Inbound,UDC,528
10/2/2018 10:54,WS Outbound-DCL Inbound,UDC,528
10/2/2018 10:55,WS Outbound-DCL Inbound,UDC,528
10/2/2018 10:56,WS Outbound-DCL Inbound,Main and Schiller OB,889
10/2/2018 10:57,WS Outbound-DCL Inbound,UDC,528
10/2/2018 10:58,WS Outbound-DCL Inbound,UDC,528
10/2/2018 11:00,WS Outbound-DCL Inbound,UDC,528
10/2/2018 11:01,WS Outbound-DCL Inbound,Union,527
10/2/2018 11:01,WS Outbound-DCL Inbound,Union,527
10/2/2018 11:01,WS Outbound-DCL Inbound,Union,527
10/2/2018 11:01,WS Outbound-DCL Inbound,Union,527
10/2/2018 11:01,WS Outbound-DCL Inbound,Union,527
10/2/2018 11:01,WS Outbound-DCL Inbound,Union,527
10/2/2018 11:01,WS Outbound-DCL Inbound,Union,527
10/2/2018 11:01,WS Outbound-DCL Inbound,Union,527
10/2/2018 11:01,WS Outbound-DCL Inbound,Union,527
10/2/2018 11:01,WS Outbound-DCL Inbound,Union,527
10/2/2018 11:01,WS Outbound-DCL Inbound,Union,527
10/2/2018 11:01,WS Outbound-DCL Inbound,Union,527
10/2/2018 11:03,WS Outbound-DCL Inbound,Leroy St and Murray IB,528
10/2/2018 11:03,WS Outbound-DCL Inbound,Leroy St and Murray IB,528
10/2/2018 11:03,WS Outbound-DCL Inbound,Leroy St and Murray IB,528
10/2/2018 11:03,WS Outbound-DCL Inbound,Leroy St and Murray IB,528
10/2/2018 11:03,WS Outbound-DCL Inbound,Leroy St and Murray IB,528
10/2/2018 11:03,WS Outbound-DCL Inbound,Leroy St and Murray IB,528
10/2/2018 11:03,WS Outbound-DCL Inbound,Leroy St and Murray IB,528
10/2/2018 11:04,WS Outbound-DCL Inbound,UDC,889
10/2/2018 11:04,WS Outbound-DCL Inbound,Leroy St and Chestnut IB,528
10/2/2018 11:04,WS Outbound-DCL Inbound,Leroy St and Chestnut IB,528
10/2/2018 11:04,WS Outbound-DCL Inbound,Leroy St and Chestnut IB,528
10/2/2018 11:05,WS Outbound-DCL Inbound,Leroy St and Laurel IB,528
10/2/2018 11:05,WS Outbound-DCL Inbound,Leroy St and Laurel IB,528
10/2/2018 11:09,WS Outbound-DCL Inbound,UDC,889
10/2/2018 11:12,WS Outbound-DCL Inbound,Leroy St and Front,889
10/2/2018 11:12,WS Outbound-DCL Inbound,Leroy St and Front,889
10/2/2018 11:12,WS Outbound-DCL Inbound,Leroy St and Front,889
10/2/2018 11:12,WS Outbound-DCL Inbound,Leroy St and Front,889
10/2/2018 11:12,WS Outbound-DCL Inbound,Leroy St and Front,889
10/2/2018 11:13,WS Outbound-DCL Inbound,Leroy St and Murray IB,889
10/2/2018 11:13,WS Outbound-DCL Inbound,Leroy St and Murray IB,889
10/2/2018 11:13,WS Outbound-DCL Inbound,Leroy St and Murray IB,889
10/2/2018 11:13,WS Outbound-DCL Inbound,Leroy St and Murray IB,889
10/2/2018 11:13,WS Outbound-DCL Inbound,Leroy St and Murray IB,889
10/2/2018 11:13,WS Outbound-DCL Inbound,Leroy St and Murray IB,889
10/2/2018 11:13,WS Outbound-DCL Inbound,Leroy St and Murray IB,889
10/2/2018 11:14,WS Outbound-DCL Inbound,Leroy St and Murray IB,889
10/2/2018 11:14,WS Outbound-DCL Inbound,Leroy St and Murray IB,889
10/2/2018 11:14,WS Outbound-DCL Inbound,Leroy St and Murray IB,889
10/2/2018 11:14,WS Outbound-DCL Inbound,Leroy St and Murray IB,889
10/2/2018 11:14,WS Outbound-DCL Inbound,Leroy St and Murray IB,889
10/2/2018 11:14,WS Outbound-DCL Inbound,Leroy St and Murray IB,889
10/2/2018 11:14,WS Outbound-DCL Inbound,Leroy St and Murray IB,889
10/2/2018 11:14,WS Outbound-DCL Inbound,Leroy St and Murray IB,889
10/2/2018 11:15,WS Outbound-DCL Inbound,Leroy St and Chestnut IB,889
10/2/2018 11:15,WS Outbound-DCL Inbound,Leroy St and Chestnut IB,889
10/2/2018 11:15,WS Outbound-DCL Inbound,Leroy St and Chestnut IB,889
10/2/2018 11:15,WS Outbound-DCL Inbound,Leroy St and Chestnut IB,889
10/2/2018 11:15,WS Outbound-DCL Inbound,Leroy St and Chestnut IB,889
10/2/2018 11:15,WS Outbound-DCL Inbound,Leroy St and Chestnut IB,889
10/2/2018 11:15,WS Outbound-DCL Inbound,Leroy St and Chestnut IB,889
10/2/2018 11:15,WS Outbound-DCL Inbound,Leroy St and Chestnut IB,889
10/2/2018 11:15,WS Outbound-DCL Inbound,Leroy St and Chestnut IB,889
10/2/2018 11:15,WS Outbound-DCL Inbound,Leroy St and Chestnut IB,889
10/2/2018 11:15,WS Outbound-DCL Inbound,Leroy St and Chestnut IB,889
10/2/2018 11:15,WS Outbound-DCL Inbound,Leroy St and Chestnut IB,889
10/2/2018 11:21,WS Outbound-DCL Inbound,Physical Facilities,891
10/2/2018 11:30,WS Outbound-DCL Inbound,Main and Schiller OB,891
10/2/2018 11:34,WS Outbound-DCL Inbound,Main and Murray OB,891
10/2/2018 11:34,WS Outbound-DCL Inbound,Main and Murray OB,891
10/2/2018 11:38,WS Outbound-DCL Inbound,UDC,891
10/2/2018 11:38,WS Outbound-DCL Inbound,UDC,891
10/2/2018 11:38,WS Outbound-DCL Inbound,UDC,891
10/2/2018 11:39,WS Outbound-DCL Inbound,UDC,891
10/2/2018 11:41,WS Outbound-DCL Inbound,UDC,891
10/2/2018 11:43,WS Outbound-DCL Inbound,Leroy St and Front,891
10/2/2018 11:43,WS Outbound-DCL Inbound,Leroy St and Front,891
10/2/2018 11:44,WS Outbound-DCL Inbound,Leroy St and Murray IB,891
10/2/2018 11:44,WS Outbound-DCL Inbound,Leroy St and Murray IB,891
10/2/2018 11:45,WS Outbound-DCL Inbound,Leroy St and Murray IB,891
10/2/2018 11:45,WS Outbound-DCL Inbound,Leroy St and Murray IB,891
10/2/2018 11:45,WS Outbound-DCL Inbound,Leroy St and Murray IB,891
10/2/2018 11:45,WS Outbound-DCL Inbound,Leroy St and Chestnut IB,891
10/2/2018 11:45,WS Outbound-DCL Inbound,Leroy St and Chestnut IB,891
10/2/2018 11:45,WS Outbound-DCL Inbound,Leroy St and Chestnut IB,891
10/2/2018 11:46,WS Outbound-DCL Inbound,Leroy St and Chestnut IB,891
10/2/2018 11:59,WS Outbound-DCL Inbound,Union,891
10/2/2018 11:59,WS Outbound-DCL Inbound,Union,891
10/2/2018 11:59,WS Outbound-DCL Inbound,Union,891
10/2/2018 11:59,WS Outbound-DCL Inbound,Union,891
10/2/2018 11:59,WS Outbound-DCL Inbound,Union,891
10/2/2018 11:59,WS Outbound-DCL Inbound,Main and Schiller OB,527
10/2/2018 11:59,WS Outbound-DCL Inbound,Union,891
10/2/2018 12:00,WS Outbound-DCL Inbound,Union,891
10/2/2018 12:00,WS Outbound-DCL Inbound,Union,891
10/2/2018 12:01,WS Outbound-DCL Inbound,Main and Cedar OB,527
10/2/2018 12:01,WS Outbound-DCL Inbound,Main and Cedar OB,527
10/2/2018 12:05,WS Outbound-DCL Inbound,Hawley OB,527
10/2/2018 12:06,WS Outbound-DCL Inbound,UDC IB,527
10/2/2018 12:14,WS Outbound-DCL Inbound,Leroy St and Murray IB,527
10/2/2018 12:14,WS Outbound-DCL Inbound,Leroy St and Murray IB,527
10/2/2018 12:14,WS Outbound-DCL Inbound,Leroy St and Murray IB,527
10/2/2018 12:14,WS Outbound-DCL Inbound,Leroy St and Murray IB,527
10/2/2018 12:14,WS Outbound-DCL Inbound,Leroy St and Chestnut OB,527
10/2/2018 12:14,WS Outbound-DCL Inbound,Leroy St and Chestnut OB,527
10/2/2018 12:14,WS Outbound-DCL Inbound,Leroy St and Chestnut OB,527
10/2/2018 12:15,WS Outbound-DCL Inbound,Leroy St and Laurel OB,527
10/2/2018 12:17,WS Outbound-DCL Inbound,Riverside and Beethoven,527
10/2/2018 12:19,WS Outbound-DCL Inbound,Union,54
10/2/2018 12:19,WS Outbound-DCL Inbound,Union,54
10/2/2018 12:19,WS Outbound-DCL Inbound,Union,54
10/2/2018 12:19,WS Outbound-DCL Inbound,Union,54
10/2/2018 12:27,WS Outbound-DCL Inbound,Union,527
10/2/2018 12:28,WS Outbound-DCL Inbound,Union,527
10/2/2018 12:35,WS Outbound-DCL Inbound,Main and Arthur,54
10/2/2018 12:35,WS Outbound-DCL Inbound,Main and Arthur,54
10/2/2018 12:42,WS Outbound-DCL Inbound,Leroy St and Front,54
10/2/2018 12:42,WS Outbound-DCL Inbound,Leroy St and Front,54
10/2/2018 12:42,WS Outbound-DCL Inbound,Leroy St and Front,54
10/2/2018 12:42,WS Outbound-DCL Inbound,Leroy St and Front,54
10/2/2018 12:42,WS Outbound-DCL Inbound,Leroy St and Front,54
10/2/2018 12:42,WS Outbound-DCL Inbound,Leroy St and Front,54
10/2/2018 12:43,WS Outbound-DCL Inbound,Leroy St and Front,54
10/2/2018 12:43,WS Outbound-DCL Inbound,Leroy St and Murray IB,54
10/2/2018 12:43,WS Outbound-DCL Inbound,Leroy St and Murray IB,54
10/2/2018 12:43,WS Outbound-DCL Inbound,Leroy St and Murray IB,54
10/2/2018 12:43,WS Outbound-DCL Inbound,Leroy St and Murray IB,54
10/2/2018 12:43,WS Outbound-DCL Inbound,Leroy St and Murray IB,54
10/2/2018 12:43,WS Outbound-DCL Inbound,Leroy St and Murray IB,54
10/2/2018 12:43,WS Outbound-DCL Inbound,Leroy St and Murray IB,54
10/2/2018 12:43,WS Outbound-DCL Inbound,Leroy St and Murray IB,54
10/2/2018 12:43,WS Outbound-DCL Inbound,Leroy St and Murray IB,54
10/2/2018 12:43,WS Outbound-DCL Inbound,Leroy St and Murray IB,54
10/2/2018 12:43,WS Outbound-DCL Inbound,Leroy St and Murray IB,54
10/2/2018 12:43,WS Outbound-DCL Inbound,Leroy St and Murray IB,54
10/2/2018 12:43,WS Outbound-DCL Inbound,Leroy St and Murray IB,54
10/2/2018 12:44,WS Outbound-DCL Inbound,Leroy St and Murray IB,54
10/2/2018 12:44,WS Outbound-DCL Inbound,Leroy St and Murray IB,54
10/2/2018 12:44,WS Outbound-DCL Inbound,Leroy St and Murray IB,54
10/2/2018 12:44,WS Outbound-DCL Inbound,Leroy St and Murray IB,54
10/2/2018 12:44,WS Outbound-DCL Inbound,Leroy St and Murray IB,54
10/2/2018 12:44,WS Outbound-DCL Inbound,Leroy St and Murray IB,54
10/2/2018 12:44,WS Outbound-DCL Inbound,Leroy St and Murray IB,54
10/2/2018 12:44,WS Outbound-DCL Inbound,Leroy St and Murray IB,54
10/2/2018 12:44,WS Outbound-DCL Inbound,Union,891
10/2/2018 12:44,WS Outbound-DCL Inbound,Union,891
10/2/2018 12:44,WS Outbound-DCL Inbound,Leroy St and Murray IB,54
10/2/2018 12:44,WS Outbound-DCL Inbound,Leroy St and Murray IB,54
10/2/2018 12:44,WS Outbound-DCL Inbound,Union,891
10/2/2018 12:44,WS Outbound-DCL Inbound,Union,891
10/2/2018 12:44,WS Outbound-DCL Inbound,Union,891
10/2/2018 12:45,WS Outbound-DCL Inbound,Leroy St and Chestnut IB,54
10/2/2018 12:45,WS Outbound-DCL Inbound,Leroy St and Chestnut IB,54
10/2/2018 12:45,WS Outbound-DCL Inbound,Leroy St and Chestnut IB,54
10/2/2018 12:45,WS Outbound-DCL Inbound,Leroy St and Chestnut IB,54
10/2/2018 12:45,WS Outbound-DCL Inbound,Leroy St and Chestnut IB,54
10/2/2018 12:45,WS Outbound-DCL Inbound,Leroy St and Chestnut IB,54
10/2/2018 12:45,WS Outbound-DCL Inbound,Leroy St and Chestnut IB,54
10/2/2018 12:45,WS Outbound-DCL Inbound,Leroy St and Chestnut IB,54
10/2/2018 12:45,WS Outbound-DCL Inbound,Leroy St and Chestnut IB,54
10/2/2018 12:45,WS Outbound-DCL Inbound,Leroy St and Chestnut IB,54
10/2/2018 12:45,WS Outbound-DCL Inbound,Leroy St and Chestnut IB,54
10/2/2018 12:45,WS Outbound-DCL Inbound,Leroy St and Chestnut IB,54
10/2/2018 12:45,WS Outbound-DCL Inbound,Union,891
10/2/2018 12:45,WS Outbound-DCL Inbound,Leroy St and Chestnut IB,54
10/2/2018 12:45,WS Outbound-DCL Inbound,Leroy St and Chestnut IB,54
10/2/2018 12:45,WS Outbound-DCL Inbound,Union,891
10/2/2018 12:45,WS Outbound-DCL Inbound,Union,891
10/2/2018 12:47,WS Outbound-DCL Inbound,Beethoven and Leroy,54
10/2/2018 12:47,WS Outbound-DCL Inbound,Beethoven and Leroy,54
10/2/2018 12:48,WS Outbound-DCL Inbound,Physical Facilities,891
10/2/2018 12:48,WS Outbound-DCL Inbound,Physical Facilities,891
10/2/2018 12:56,WS Outbound-DCL Inbound,Floral and Willow OB,891
10/2/2018 13:01,WS Outbound-DCL Inbound,Union,528
10/2/2018 13:01,WS Outbound-DCL Inbound,Union,528
10/2/2018 13:01,WS Outbound-DCL Inbound,Union,528
10/2/2018 13:01,WS Outbound-DCL Inbound,Union,528
10/2/2018 13:01,WS Outbound-DCL Inbound,Union,528
10/2/2018 13:01,WS Outbound-DCL Inbound,Union,528
10/2/2018 13:01,WS Outbound-DCL Inbound,Union,54
10/2/2018 13:01,WS Outbound-DCL Inbound,Union,528
10/2/2018 13:01,WS Outbound-DCL Inbound,Union,54
10/2/2018 13:01,WS Outbound-DCL Inbound,Union,528
10/2/2018 13:01,WS Outbound-DCL Inbound,Union,54
10/2/2018 13:01,WS Outbound-DCL Inbound,Union,54
10/2/2018 13:01,WS Outbound-DCL Inbound,Union,528
10/2/2018 13:01,WS Outbound-DCL Inbound,Union,528
10/2/2018 13:01,WS Outbound-DCL Inbound,Union,54
10/2/2018 13:01,WS Outbound-DCL Inbound,Union,54
10/2/2018 13:02,WS Outbound-DCL Inbound,Union,528
10/2/2018 13:02,WS Outbound-DCL Inbound,Union,54
10/2/2018 13:02,WS Outbound-DCL Inbound,Union,528
10/2/2018 13:02,WS Outbound-DCL Inbound,Union,54
10/2/2018 13:02,WS Outbound-DCL Inbound,Union,54
10/2/2018 13:02,WS Outbound-DCL Inbound,Union,528
10/2/2018 13:02,WS Outbound-DCL Inbound,Union,54
10/2/2018 13:02,WS Outbound-DCL Inbound,Union,528
10/2/2018 13:02,WS Outbound-DCL Inbound,Union,54
10/2/2018 13:02,WS Outbound-DCL Inbound,Union,54
10/2/2018 13:02,WS Outbound-DCL Inbound,Union,528
10/2/2018 13:02,WS Outbound-DCL Inbound,Union,54
10/2/2018 13:02,WS Outbound-DCL Inbound,Union,54
10/2/2018 13:03,WS Outbound-DCL Inbound,Main and Clarke OB,891
10/2/2018 13:06,WS Outbound-DCL Inbound,Main and Front OB,891
10/2/2018 13:12,WS Outbound-DCL Inbound,Leroy St and Front,891
10/2/2018 13:12,WS Outbound-DCL Inbound,Leroy St and Front,891
10/2/2018 13:13,WS Outbound-DCL Inbound,Leroy St and Murray OB,891
10/2/2018 13:13,WS Outbound-DCL Inbound,Leroy St and Murray OB,891
10/2/2018 13:13,WS Outbound-DCL Inbound,Leroy St and Murray OB,891
10/2/2018 13:13,WS Outbound-DCL Inbound,Floral and Willow OB,528
10/2/2018 13:15,WS Outbound-DCL Inbound,Union,527
10/2/2018 13:15,WS Outbound-DCL Inbound,Union,527
10/2/2018 13:15,WS Outbound-DCL Inbound,Union,527
10/2/2018 13:15,WS Outbound-DCL Inbound,Union,527
10/2/2018 13:15,WS Outbound-DCL Inbound,Union,527
10/2/2018 13:15,WS Outbound-DCL Inbound,Union,527
10/2/2018 13:15,WS Outbound-DCL Inbound,Union,527
10/2/2018 13:15,WS Outbound-DCL Inbound,Union,527
10/2/2018 13:15,WS Outbound-DCL Inbound,Union,527
10/2/2018 13:15,WS Outbound-DCL Inbound,Union,527
10/2/2018 13:15,WS Outbound-DCL Inbound,Union,527
10/2/2018 13:15,WS Outbound-DCL Inbound,Union,527
10/2/2018 13:15,WS Outbound-DCL Inbound,Union,527
10/2/2018 13:15,WS Outbound-DCL Inbound,Union,527
10/2/2018 13:15,WS Outbound-DCL Inbound,Union,527
10/2/2018 13:15,WS Outbound-DCL Inbound,Union,527
10/2/2018 13:15,WS Outbound-DCL Inbound,Union,527
10/2/2018 13:15,WS Outbound-DCL Inbound,Union,527
10/2/2018 13:16,WS Outbound-DCL Inbound,Union,527
10/2/2018 13:16,WS Outbound-DCL Inbound,Union,527
10/2/2018 13:16,WS Outbound-DCL Inbound,Union,527
10/2/2018 13:16,WS Outbound-DCL Inbound,Union,527
10/2/2018 13:16,WS Outbound-DCL Inbound,Union,527
10/2/2018 13:16,WS Outbound-DCL Inbound,Union,527
10/2/2018 13:16,WS Outbound-DCL Inbound,Union,527
10/2/2018 13:16,WS Outbound-DCL Inbound,Union,527
10/2/2018 13:16,WS Outbound-DCL Inbound,Union,527
10/2/2018 13:16,WS Outbound-DCL Inbound,Union,527
10/2/2018 13:18,WS Outbound-DCL Inbound,Physical Facilities,527
10/2/2018 13:18,WS Outbound-DCL Inbound,Physical Facilities,527
10/2/2018 13:29,WS Outbound-DCL Inbound,Main and Matthews,527
10/2/2018 13:31,WS Outbound-DCL Inbound,Leroy St and Murray OB,528
10/2/2018 13:31,WS Outbound-DCL Inbound,Leroy St and Murray OB,528
10/2/2018 13:32,WS Outbound-DCL Inbound,Leroy St and Chestnut IB,528
10/2/2018 13:32,WS Outbound-DCL Inbound,Main and Clarke IB,527
10/2/2018 13:42,WS Outbound-DCL Inbound,Union,54
10/2/2018 13:42,WS Outbound-DCL Inbound,Union,54
10/2/2018 13:42,WS Outbound-DCL Inbound,Union,54
10/2/2018 13:42,WS Outbound-DCL Inbound,Union,54
10/2/2018 13:42,WS Outbound-DCL Inbound,Union,54
10/2/2018 13:42,WS Outbound-DCL Inbound,Union,54
10/2/2018 13:42,WS Outbound-DCL Inbound,Union,54
10/2/2018 13:42,WS Outbound-DCL Inbound,Union,54
10/2/2018 13:42,WS Outbound-DCL Inbound,Union,54
10/2/2018 13:42,WS Outbound-DCL Inbound,Union,54
10/2/2018 13:42,WS Outbound-DCL Inbound,Union,54
10/2/2018 13:42,WS Outbound-DCL Inbound,Union,54
10/2/2018 13:43,WS Outbound-DCL Inbound,Union,54
10/2/2018 13:43,WS Outbound-DCL Inbound,Union,54
10/2/2018 13:43,WS Outbound-DCL Inbound,Union,54
10/2/2018 13:43,WS Outbound-DCL Inbound,Union,54
10/2/2018 13:43,WS Outbound-DCL Inbound,Union,54
10/2/2018 13:44,WS Outbound-DCL Inbound,Leroy St and Front,527
10/2/2018 13:44,WS Outbound-DCL Inbound,Union,54
10/2/2018 13:45,WS Outbound-DCL Inbound,Leroy St and Murray IB,527
10/2/2018 13:45,WS Outbound-DCL Inbound,Leroy St and Murray IB,527
10/2/2018 13:46,WS Outbound-DCL Inbound,Leroy St and Chestnut IB,527
10/2/2018 13:46,WS Outbound-DCL Inbound,Leroy St and Chestnut IB,527
10/2/2018 13:46,WS Outbound-DCL Inbound,Leroy St and Chestnut IB,527
10/2/2018 13:46,WS Outbound-DCL Inbound,Leroy St and Chestnut IB,527
10/2/2018 13:54,WS Outbound-DCL Inbound,Floral and Main OB,54
10/2/2018 13:58,WS Outbound-DCL Inbound,Union,37
10/2/2018 13:58,WS Outbound-DCL Inbound,Union,37
10/2/2018 13:58,WS Outbound-DCL Inbound,Union,37
10/2/2018 13:58,WS Outbound-DCL Inbound,Union,37
10/2/2018 13:58,WS Outbound-DCL Inbound,Union,37
10/2/2018 14:00,WS Outbound-DCL Inbound,Union,37
10/2/2018 14:00,WS Outbound-DCL Inbound,Union,37
10/2/2018 14:00,WS Outbound-DCL Inbound,Union,37
10/2/2018 14:05,WS Outbound-DCL Inbound,UDC,54
10/2/2018 14:06,WS Outbound-DCL Inbound,UDC,54
10/2/2018 14:06,WS Outbound-DCL Inbound,UDC,54
10/2/2018 14:06,WS Outbound-DCL Inbound,UDC,54
10/2/2018 14:07,WS Outbound-DCL Inbound,UDC,54
10/2/2018 14:09,WS Outbound-DCL Inbound,UDC,54
10/2/2018 14:12,WS Outbound-DCL Inbound,Leroy St and Front,54
10/2/2018 14:13,WS Outbound-DCL Inbound,Leroy St and Murray IB,54
10/2/2018 14:13,WS Outbound-DCL Inbound,Leroy St and Murray IB,54
10/2/2018 14:13,WS Outbound-DCL Inbound,Main and Helen OB,37
10/2/2018 14:14,WS Outbound-DCL Inbound,Leroy St and Chestnut IB,54
10/2/2018 14:14,WS Outbound-DCL Inbound,Leroy St and Chestnut IB,54
10/2/2018 14:14,WS Outbound-DCL Inbound,Leroy St and Chestnut IB,54
10/2/2018 14:17,WS Outbound-DCL Inbound,Main and Arthur,37
10/2/2018 14:22,WS Outbound-DCL Inbound,UDC,37
10/2/2018 14:23,WS Outbound-DCL Inbound,UDC,37
10/2/2018 14:23,WS Outbound-DCL Inbound,UDC,37
10/2/2018 14:23,WS Outbound-DCL Inbound,UDC,37
10/2/2018 14:23,WS Outbound-DCL Inbound,UDC,37
10/2/2018 14:23,WS Outbound-DCL Inbound,Union,526
10/2/2018 14:23,WS Outbound-DCL Inbound,Union,526
10/2/2018 14:23,WS Outbound-DCL Inbound,Union,526
10/2/2018 14:23,WS Outbound-DCL Inbound,Union,526
10/2/2018 14:23,WS Outbound-DCL Inbound,Union,526
10/2/2018 14:23,WS Outbound-DCL Inbound,Union,526
10/2/2018 14:23,WS Outbound-DCL Inbound,Union,526
10/2/2018 14:23,WS Outbound-DCL Inbound,Union,526
10/2/2018 14:23,WS Outbound-DCL Inbound,Union,526
10/2/2018 14:23,WS Outbound-DCL Inbound,Union,526
10/2/2018 14:23,WS Outbound-DCL Inbound,Union,526
10/2/2018 14:24,WS Outbound-DCL Inbound,UDC,37
10/2/2018 14:24,WS Outbound-DCL Inbound,Union,526
10/2/2018 14:24,WS Outbound-DCL Inbound,UDC,37
10/2/2018 14:24,WS Outbound-DCL Inbound,Union,526
10/2/2018 14:25,WS Outbound-DCL Inbound,UDC,37
10/2/2018 14:25,WS Outbound-DCL Inbound,Union,526
10/2/2018 14:25,WS Outbound-DCL Inbound,UDC,37
10/2/2018 14:26,WS Outbound-DCL Inbound,UDC,37
10/2/2018 14:26,WS Outbound-DCL Inbound,Union,526
10/2/2018 14:26,WS Outbound-DCL Inbound,Union,526
10/2/2018 14:27,WS Outbound-DCL Inbound,Union,526
10/2/2018 14:27,WS Outbound-DCL Inbound,Union,526
10/2/2018 14:27,WS Outbound-DCL Inbound,Union,526
10/2/2018 14:27,WS Outbound-DCL Inbound,Union,526
10/2/2018 14:28,WS Outbound-DCL Inbound,Union,526
10/2/2018 14:28,WS Outbound-DCL Inbound,Union,526
10/2/2018 14:28,WS Outbound-DCL Inbound,Union,526
10/2/2018 14:28,WS Outbound-DCL Inbound,Leroy St and Front,37
10/2/2018 14:28,WS Outbound-DCL Inbound,Leroy St and Front,37
10/2/2018 14:28,WS Outbound-DCL Inbound,Union,526
10/2/2018 14:28,WS Outbound-DCL Inbound,Union,526
10/2/2018 14:28,WS Outbound-DCL Inbound,Union,526
10/2/2018 14:29,WS Outbound-DCL Inbound,Leroy St and Murray OB,37
10/2/2018 14:29,WS Outbound-DCL Inbound,Leroy St and Murray OB,37
10/2/2018 14:29,WS Outbound-DCL Inbound,Leroy St and Murray OB,37
10/2/2018 14:29,WS Outbound-DCL Inbound,Leroy St and Murray OB,37
10/2/2018 14:29,WS Outbound-DCL Inbound,Leroy St and Murray OB,37
10/2/2018 14:29,WS Outbound-DCL Inbound,Leroy St and Murray OB,37
10/2/2018 14:29,WS Outbound-DCL Inbound,Leroy St and Murray OB,37
10/2/2018 14:30,WS Outbound-DCL Inbound,Leroy St and Murray OB,37
10/2/2018 14:30,WS Outbound-DCL Inbound,Leroy St and Murray OB,37
10/2/2018 14:30,WS Outbound-DCL Inbound,Leroy St and Murray OB,37
10/2/2018 14:30,WS Outbound-DCL Inbound,Leroy St and Murray OB,37
10/2/2018 14:30,WS Outbound-DCL Inbound,Leroy St and Murray OB,37
10/2/2018 14:30,WS Outbound-DCL Inbound,Leroy St and Murray OB,37
10/2/2018 14:30,WS Outbound-DCL Inbound,Leroy St and Murray OB,37
10/2/2018 14:31,WS Outbound-DCL Inbound,Leroy St and Chestnut IB,37
10/2/2018 14:31,WS Outbound-DCL Inbound,Leroy St and Chestnut IB,37
10/2/2018 14:31,WS Outbound-DCL Inbound,Leroy St and Chestnut IB,37
10/2/2018 14:31,WS Outbound-DCL Inbound,Leroy St and Chestnut IB,37
10/2/2018 14:31,WS Outbound-DCL Inbound,Leroy St and Chestnut IB,37
10/2/2018 14:31,WS Outbound-DCL Inbound,Leroy St and Chestnut IB,37
10/2/2018 14:31,WS Outbound-DCL Inbound,Leroy St and Chestnut IB,37
10/2/2018 14:31,WS Outbound-DCL Inbound,Leroy St and Chestnut IB,37
10/2/2018 14:31,WS Outbound-DCL Inbound,Leroy St and Chestnut IB,37
10/2/2018 14:31,WS Outbound-DCL Inbound,Leroy St and Chestnut IB,37
10/2/2018 14:31,WS Outbound-DCL Inbound,Leroy St and Chestnut IB,37
10/2/2018 14:32,WS Outbound-DCL Inbound,Leroy St and Chestnut IB,37
10/2/2018 14:33,WS Outbound-DCL Inbound,Physical Facilities OB,526
10/2/2018 14:41,WS Outbound-DCL Inbound,Floral and Cleveland OB,526
10/2/2018 14:43,WS Outbound-DCL Inbound,Academic A,37
10/2/2018 14:43,WS Outbound-DCL Inbound,Academic A,37
10/2/2018 14:43,WS Outbound-DCL Inbound,Academic A,37
10/2/2018 14:43,WS Outbound-DCL Inbound,Union,528
10/2/2018 14:43,WS Outbound-DCL Inbound,Union,528
10/2/2018 14:44,WS Outbound-DCL Inbound,Union,528
10/2/2018 14:44,WS Outbound-DCL Inbound,Union,528
10/2/2018 14:44,WS Outbound-DCL Inbound,Union,528
10/2/2018 14:44,WS Outbound-DCL Inbound,Union,528
10/2/2018 14:44,WS Outbound-DCL Inbound,Union,528
10/2/2018 14:44,WS Outbound-DCL Inbound,Union,528
10/2/2018 14:44,WS Outbound-DCL Inbound,Union,528
10/2/2018 14:44,WS Outbound-DCL Inbound,Union,528
10/2/2018 14:44,WS Outbound-DCL Inbound,Union,528
10/2/2018 14:44,WS Outbound-DCL Inbound,Union,528
10/2/2018 14:44,WS Outbound-DCL Inbound,Union,528
10/2/2018 14:44,WS Outbound-DCL Inbound,Union,528
10/2/2018 14:44,WS Outbound-DCL Inbound,Union,528
10/2/2018 14:44,WS Outbound-DCL Inbound,Union,528
10/2/2018 14:44,WS Outbound-DCL Inbound,Union,528
10/2/2018 14:44,WS Outbound-DCL Inbound,Union,528
10/2/2018 14:44,WS Outbound-DCL Inbound,Union,528
10/2/2018 14:44,WS Outbound-DCL Inbound,Union,528
10/2/2018 14:44,WS Outbound-DCL Inbound,Union,528
10/2/2018 14:44,WS Outbound-DCL Inbound,Union,528
10/2/2018 14:44,WS Outbound-DCL Inbound,Union,528
10/2/2018 14:44,WS Outbound-DCL Inbound,Union,528
10/2/2018 14:44,WS Outbound-DCL Inbound,Union,528
10/2/2018 14:44,WS Outbound-DCL Inbound,Union,528
10/2/2018 14:44,WS Outbound-DCL Inbound,Union,528
10/2/2018 14:44,WS Outbound-DCL Inbound,Union,528
10/2/2018 14:44,WS Outbound-DCL Inbound,Union,528
10/2/2018 14:44,WS Outbound-DCL Inbound,Union,528
10/2/2018 14:44,WS Outbound-DCL Inbound,Union,528
10/2/2018 14:44,WS Outbound-DCL Inbound,Union,528
10/2/2018 14:44,WS Outbound-DCL Inbound,Union,528
10/2/2018 14:44,WS Outbound-DCL Inbound,Union,528
10/2/2018 14:45,WS Outbound-DCL Inbound,Union,528
10/2/2018 14:45,WS Outbound-DCL Inbound,Union,528
10/2/2018 14:45,WS Outbound-DCL Inbound,Union,528
10/2/2018 14:45,WS Outbound-DCL Inbound,Union,528
10/2/2018 14:45,WS Outbound-DCL Inbound,Union,528
10/2/2018 14:45,WS Outbound-DCL Inbound,Union,528
10/2/2018 14:45,WS Outbound-DCL Inbound,Union,528
10/2/2018 14:45,WS Outbound-DCL Inbound,Union,528
10/2/2018 14:45,WS Outbound-DCL Inbound,Union,528
10/2/2018 14:45,WS Outbound-DCL Inbound,Union,528
10/2/2018 14:45,WS Outbound-DCL Inbound,Union,528
10/2/2018 14:45,WS Outbound-DCL Inbound,Union,528
10/2/2018 14:45,WS Outbound-DCL Inbound,Union,528
10/2/2018 14:45,WS Outbound-DCL Inbound,Union,528
10/2/2018 14:45,WS Outbound-DCL Inbound,Union,528
10/2/2018 14:45,WS Outbound-DCL Inbound,Union,528
10/2/2018 14:45,WS Outbound-DCL Inbound,Union,528
10/2/2018 14:45,WS Outbound-DCL Inbound,Union,528
10/2/2018 14:46,WS Outbound-DCL Inbound,Union,528
10/2/2018 14:46,WS Outbound-DCL Inbound,Main and Schiller OB,526
10/2/2018 14:46,WS Outbound-DCL Inbound,Union,528
10/2/2018 14:49,WS Outbound-DCL Inbound,Union,37
10/2/2018 14:49,WS Outbound-DCL Inbound,Union,37
10/2/2018 14:49,WS Outbound-DCL Inbound,Union,37
10/2/2018 14:49,WS Outbound-DCL Inbound,Union,37
10/2/2018 14:49,WS Outbound-DCL Inbound,Union,37
10/2/2018 14:49,WS Outbound-DCL Inbound,Union,37
10/2/2018 14:49,WS Outbound-DCL Inbound,Union,37
10/2/2018 14:49,WS Outbound-DCL Inbound,Union,37
10/2/2018 14:49,WS Outbound-DCL Inbound,Union,37
10/2/2018 14:49,WS Outbound-DCL Inbound,Union,37
10/2/2018 14:49,WS Outbound-DCL Inbound,Union,37
10/2/2018 14:49,WS Outbound-DCL Inbound,Union,37
10/2/2018 14:49,WS Outbound-DCL Inbound,Union,37
10/2/2018 14:49,WS Outbound-DCL Inbound,Union,37
10/2/2018 14:49,WS Outbound-DCL Inbound,Union,37
10/2/2018 14:49,WS Outbound-DCL Inbound,Union,37
10/2/2018 14:49,WS Outbound-DCL Inbound,Union,37
10/2/2018 14:49,WS Outbound-DCL Inbound,Union,37
10/2/2018 14:49,WS Outbound-DCL Inbound,Union,37
10/2/2018 14:49,WS Outbound-DCL Inbound,Union,37
10/2/2018 14:49,WS Outbound-DCL Inbound,Union,37
10/2/2018 14:50,WS Outbound-DCL Inbound,Union,37
10/2/2018 14:50,WS Outbound-DCL Inbound,Union,37
10/2/2018 14:50,WS Outbound-DCL Inbound,Union,37
10/2/2018 14:50,WS Outbound-DCL Inbound,Union,37
10/2/2018 14:50,WS Outbound-DCL Inbound,Union,37
10/2/2018 14:50,WS Outbound-DCL Inbound,Union,37
10/2/2018 14:50,WS Outbound-DCL Inbound,Union,37
10/2/2018 14:50,WS Outbound-DCL Inbound,Union,37
10/2/2018 14:50,WS Outbound-DCL Inbound,Union,37
10/2/2018 14:50,WS Outbound-DCL Inbound,Union,37
10/2/2018 14:50,WS Outbound-DCL Inbound,Union,37
10/2/2018 14:50,WS Outbound-DCL Inbound,Union,37
10/2/2018 14:50,WS Outbound-DCL Inbound,Union,37
10/2/2018 14:50,WS Outbound-DCL Inbound,Union,37
10/2/2018 14:50,WS Outbound-DCL Inbound,Union,37
10/2/2018 14:51,WS Outbound-DCL Inbound,Physical Facilities,528
10/2/2018 14:51,WS Outbound-DCL Inbound,Physical Facilities,528
10/2/2018 14:51,WS Outbound-DCL Inbound,Union,37
10/2/2018 14:51,WS Outbound-DCL Inbound,Physical Facilities,528
10/2/2018 14:51,WS Outbound-DCL Inbound,Union,37
10/2/2018 14:51,WS Outbound-DCL Inbound,Union,37
10/2/2018 14:51,WS Outbound-DCL Inbound,Union,37
10/2/2018 14:52,WS Outbound-DCL Inbound,Union,37
10/2/2018 14:59,WS Outbound-DCL Inbound,UDC,526
10/2/2018 14:59,WS Outbound-DCL Inbound,UDC,526
10/2/2018 14:59,WS Outbound-DCL Inbound,UDC,526
10/2/2018 15:03,WS Outbound-DCL Inbound,Leroy St and Murray IB,526
10/2/2018 15:03,WS Outbound-DCL Inbound,Leroy St and Murray IB,526
10/2/2018 15:05,WS Outbound-DCL Inbound,Main and Helen OB,528
10/2/2018 15:14,WS Outbound-DCL Inbound,UDC,528
10/2/2018 15:16,WS Outbound-DCL Inbound,Union,54
10/2/2018 15:16,WS Outbound-DCL Inbound,Union,54
10/2/2018 15:16,WS Outbound-DCL Inbound,Union,54
10/2/2018 15:16,WS Outbound-DCL Inbound,Union,54
10/2/2018 15:16,WS Outbound-DCL Inbound,Union,54
10/2/2018 15:16,WS Outbound-DCL Inbound,Union,54
10/2/2018 15:16,WS Outbound-DCL Inbound,Union,54
10/2/2018 15:16,WS Outbound-DCL Inbound,Union,54
10/2/2018 15:16,WS Outbound-DCL Inbound,Union,54
10/2/2018 15:16,WS Outbound-DCL Inbound,Union,54
10/2/2018 15:16,WS Outbound-DCL Inbound,Union,54
10/2/2018 15:16,WS Outbound-DCL Inbound,Union,54
10/2/2018 15:16,WS Outbound-DCL Inbound,Union,54
10/2/2018 15:16,WS Outbound-DCL Inbound,Union,54
10/2/2018 15:16,WS Outbound-DCL Inbound,Union,54
10/2/2018 15:16,WS Outbound-DCL Inbound,Union,54
10/2/2018 15:16,WS Outbound-DCL Inbound,Union,54
10/2/2018 15:16,WS Outbound-DCL Inbound,Union,54
10/2/2018 15:16,WS Outbound-DCL Inbound,Union,54
10/2/2018 15:16,WS Outbound-DCL Inbound,Union,54
10/2/2018 15:16,WS Outbound-DCL Inbound,Union,54
10/2/2018 15:16,WS Outbound-DCL Inbound,Union,54
10/2/2018 15:16,WS Outbound-DCL Inbound,Union,54
10/2/2018 15:16,WS Outbound-DCL Inbound,Union,54
10/2/2018 15:16,WS Outbound-DCL Inbound,Union,54
10/2/2018 15:17,WS Outbound-DCL Inbound,Union,54
10/2/2018 15:17,WS Outbound-DCL Inbound,Union,54
10/2/2018 15:17,WS Outbound-DCL Inbound,Union,54
10/2/2018 15:17,WS Outbound-DCL Inbound,Union,54
10/2/2018 15:17,WS Outbound-DCL Inbound,Union,54
10/2/2018 15:17,WS Outbound-DCL Inbound,Union,54
10/2/2018 15:17,WS Outbound-DCL Inbound,Union,54
10/2/2018 15:17,WS Outbound-DCL Inbound,Union,54
10/2/2018 15:19,WS Outbound-DCL Inbound,Leroy St and Murray IB,528
10/2/2018 15:20,WS Outbound-DCL Inbound,Physical Facilities,54
10/2/2018 15:20,WS Outbound-DCL Inbound,Leroy St and Chestnut OB,528
10/2/2018 15:20,WS Outbound-DCL Inbound,Leroy St and Chestnut OB,528
10/2/2018 15:21,WS Outbound-DCL Inbound,Denny''s,54
10/2/2018 15:21,WS Outbound-DCL Inbound,Denny''s,54
10/2/2018 15:22,WS Outbound-DCL Inbound,Riverside and Beethoven,528
10/2/2018 15:30,WS Outbound-DCL Inbound,Union,527
10/2/2018 15:30,WS Outbound-DCL Inbound,Union,527
10/2/2018 15:30,WS Outbound-DCL Inbound,Union,527
10/2/2018 15:30,WS Outbound-DCL Inbound,Union,527
10/2/2018 15:30,WS Outbound-DCL Inbound,Union,527
10/2/2018 15:30,WS Outbound-DCL Inbound,Union,527
10/2/2018 15:30,WS Outbound-DCL Inbound,Union,527
10/2/2018 15:30,WS Outbound-DCL Inbound,Union,527
10/2/2018 15:30,WS Outbound-DCL Inbound,Union,527
10/2/2018 15:30,WS Outbound-DCL Inbound,Union,527
10/2/2018 15:31,WS Outbound-DCL Inbound,Union,527
10/2/2018 15:31,WS Outbound-DCL Inbound,Union,527
10/2/2018 15:31,WS Outbound-DCL Inbound,Union,527
10/2/2018 15:33,WS Outbound-DCL Inbound,Main and Arthur,54
10/2/2018 15:35,WS Outbound-DCL Inbound,Main and Front OB,54
10/2/2018 15:35,WS Outbound-DCL Inbound,Main and Front OB,54
10/2/2018 15:39,WS Outbound-DCL Inbound,UDC,54
10/2/2018 15:39,WS Outbound-DCL Inbound,UDC,54
10/2/2018 15:39,WS Outbound-DCL Inbound,UDC,54
10/2/2018 15:39,WS Outbound-DCL Inbound,UDC,54
10/2/2018 15:39,WS Outbound-DCL Inbound,UDC,54
10/2/2018 15:39,WS Outbound-DCL Inbound,UDC,54
10/2/2018 15:39,WS Outbound-DCL Inbound,UDC,54
10/2/2018 15:39,WS Outbound-DCL Inbound,UDC,54
10/2/2018 15:40,WS Outbound-DCL Inbound,UDC,54
10/2/2018 15:40,WS Outbound-DCL Inbound,UDC,54
10/2/2018 15:40,WS Outbound-DCL Inbound,UDC,54
10/2/2018 15:43,WS Outbound-DCL Inbound,Leroy St and Front,54
10/2/2018 15:43,WS Outbound-DCL Inbound,Leroy St and Front,54
10/2/2018 15:44,WS Outbound-DCL Inbound,Leroy St and Murray IB,54
10/2/2018 15:44,WS Outbound-DCL Inbound,Leroy St and Murray IB,54
10/2/2018 15:44,WS Outbound-DCL Inbound,Leroy St and Murray IB,54
10/2/2018 15:44,WS Outbound-DCL Inbound,Leroy St and Murray IB,54
10/2/2018 15:45,WS Outbound-DCL Inbound,Leroy St and Chestnut IB,54
10/2/2018 15:45,WS Outbound-DCL Inbound,Leroy St and Chestnut IB,54
10/2/2018 15:45,WS Outbound-DCL Inbound,Leroy St and Chestnut IB,54
10/2/2018 15:45,WS Outbound-DCL Inbound,Leroy St and Chestnut IB,54
10/2/2018 15:46,WS Outbound-DCL Inbound,Leroy St and Laurel IB,54
10/2/2018 15:52,WS Outbound-DCL Inbound,UDC,527
10/2/2018 15:52,WS Outbound-DCL Inbound,UDC,527
10/2/2018 15:52,WS Outbound-DCL Inbound,UDC,527
10/2/2018 15:52,WS Outbound-DCL Inbound,UDC,527
10/2/2018 15:52,WS Outbound-DCL Inbound,UDC,527
10/2/2018 15:52,WS Outbound-DCL Inbound,UDC,527
10/2/2018 15:52,WS Outbound-DCL Inbound,UDC,527
10/2/2018 15:53,WS Outbound-DCL Inbound,UDC,527
10/2/2018 15:54,WS Outbound-DCL Inbound,UDC,527
10/2/2018 15:58,WS Outbound-DCL Inbound,Union,528
10/2/2018 15:58,WS Outbound-DCL Inbound,Union,528
10/2/2018 15:58,WS Outbound-DCL Inbound,Union,528
10/2/2018 15:58,WS Outbound-DCL Inbound,Union,528
10/2/2018 15:58,WS Outbound-DCL Inbound,Union,528
10/2/2018 15:58,WS Outbound-DCL Inbound,Union,528
10/2/2018 15:58,WS Outbound-DCL Inbound,Union,528
10/2/2018 15:58,WS Outbound-DCL Inbound,Union,528
10/2/2018 15:58,WS Outbound-DCL Inbound,Union,528
10/2/2018 15:58,WS Outbound-DCL Inbound,Union,528
10/2/2018 15:58,WS Outbound-DCL Inbound,Union,528
10/2/2018 15:58,WS Outbound-DCL Inbound,Union,528
10/2/2018 15:58,WS Outbound-DCL Inbound,Union,528
10/2/2018 15:58,WS Outbound-DCL Inbound,Union,528
10/2/2018 15:58,WS Outbound-DCL Inbound,Leroy St and Front,527
10/2/2018 15:58,WS Outbound-DCL Inbound,Leroy St and Front,527
10/2/2018 15:58,WS Outbound-DCL Inbound,Union,528
10/2/2018 15:58,WS Outbound-DCL Inbound,Leroy St and Front,527
10/2/2018 15:58,WS Outbound-DCL Inbound,Union,528
10/2/2018 15:58,WS Outbound-DCL Inbound,Union,528
10/2/2018 15:58,WS Outbound-DCL Inbound,Union,528
10/2/2018 15:58,WS Outbound-DCL Inbound,Union,528
10/2/2018 15:58,WS Outbound-DCL Inbound,Union,528
10/2/2018 15:58,WS Outbound-DCL Inbound,Union,528
10/2/2018 15:58,WS Outbound-DCL Inbound,Union,528
10/2/2018 15:59,WS Outbound-DCL Inbound,Union,528
10/2/2018 15:59,WS Outbound-DCL Inbound,Union,528
10/2/2018 15:59,WS Outbound-DCL Inbound,Union,528
10/2/2018 15:59,WS Outbound-DCL Inbound,Union,528
10/2/2018 15:59,WS Outbound-DCL Inbound,Leroy St and Murray IB,527
10/2/2018 15:59,WS Outbound-DCL Inbound,Leroy St and Murray IB,527
10/2/2018 15:59,WS Outbound-DCL Inbound,Leroy St and Murray IB,527
10/2/2018 15:59,WS Outbound-DCL Inbound,Leroy St and Murray IB,527
10/2/2018 15:59,WS Outbound-DCL Inbound,Leroy St and Murray IB,527
10/2/2018 15:59,WS Outbound-DCL Inbound,Leroy St and Murray IB,527
10/2/2018 16:00,WS Outbound-DCL Inbound,Union,528
10/2/2018 16:00,WS Outbound-DCL Inbound,Union,528
10/2/2018 16:00,WS Outbound-DCL Inbound,Leroy St and Chestnut IB,527
10/2/2018 16:00,WS Outbound-DCL Inbound,Leroy St and Chestnut IB,527
10/2/2018 16:00,WS Outbound-DCL Inbound,Leroy St and Chestnut IB,527
10/2/2018 16:00,WS Outbound-DCL Inbound,Leroy St and Chestnut IB,527
10/2/2018 16:01,WS Outbound-DCL Inbound,Union,528
10/2/2018 16:01,WS Outbound-DCL Inbound,Leroy St and Chestnut IB,527
10/2/2018 16:01,WS Outbound-DCL Inbound,Leroy St and Chestnut IB,527
10/2/2018 16:01,WS Outbound-DCL Inbound,Union,528
10/2/2018 16:01,WS Outbound-DCL Inbound,Union,528
10/2/2018 16:02,WS Outbound-DCL Inbound,Leroy and Laurel,527
10/2/2018 16:03,WS Outbound-DCL Inbound,Physical Facilities,528
10/2/2018 16:03,WS Outbound-DCL Inbound,Physical Facilities,528
10/2/2018 16:13,WS Outbound-DCL Inbound,Main and Helen OB,528
10/2/2018 16:14,WS Outbound-DCL Inbound,Union,37
10/2/2018 16:14,WS Outbound-DCL Inbound,Union,37
10/2/2018 16:14,WS Outbound-DCL Inbound,Union,37
10/2/2018 16:14,WS Outbound-DCL Inbound,Union,37
10/2/2018 16:14,WS Outbound-DCL Inbound,Union,37
10/2/2018 16:14,WS Outbound-DCL Inbound,Union,37
10/2/2018 16:14,WS Outbound-DCL Inbound,Union,37
10/2/2018 16:14,WS Outbound-DCL Inbound,Union,37
10/2/2018 16:14,WS Outbound-DCL Inbound,Union,37
10/2/2018 16:14,WS Outbound-DCL Inbound,Union,37
10/2/2018 16:14,WS Outbound-DCL Inbound,Union,37
10/2/2018 16:14,WS Outbound-DCL Inbound,Union,37
10/2/2018 16:14,WS Outbound-DCL Inbound,Union,37
10/2/2018 16:14,WS Outbound-DCL Inbound,Union,37
10/2/2018 16:14,WS Outbound-DCL Inbound,Union,37
10/2/2018 16:14,WS Outbound-DCL Inbound,Union,37
10/2/2018 16:14,WS Outbound-DCL Inbound,Union,37
10/2/2018 16:14,WS Outbound-DCL Inbound,Union,37
10/2/2018 16:14,WS Outbound-DCL Inbound,Union,37
10/2/2018 16:14,WS Outbound-DCL Inbound,Union,37
10/2/2018 16:14,WS Outbound-DCL Inbound,Union,37
10/2/2018 16:14,WS Outbound-DCL Inbound,Union,37
10/2/2018 16:14,WS Outbound-DCL Inbound,Union,37
10/2/2018 16:15,WS Outbound-DCL Inbound,Union,37
10/2/2018 16:15,WS Outbound-DCL Inbound,Union,37
10/2/2018 16:15,WS Outbound-DCL Inbound,Union,37
10/2/2018 16:15,WS Outbound-DCL Inbound,Union,37
10/2/2018 16:15,WS Outbound-DCL Inbound,Union,37
10/2/2018 16:15,WS Outbound-DCL Inbound,Union,37
10/2/2018 16:15,WS Outbound-DCL Inbound,Union,37
10/2/2018 16:15,WS Outbound-DCL Inbound,Union,37
10/2/2018 16:15,WS Outbound-DCL Inbound,Union,37
10/2/2018 16:15,WS Outbound-DCL Inbound,Union,37
10/2/2018 16:15,WS Outbound-DCL Inbound,Union,37
10/2/2018 16:15,WS Outbound-DCL Inbound,Union,37
10/2/2018 16:15,WS Outbound-DCL Inbound,Union,37
10/2/2018 16:15,WS Outbound-DCL Inbound,Union,37
10/2/2018 16:15,WS Outbound-DCL Inbound,Union,37
10/2/2018 16:15,WS Outbound-DCL Inbound,Union,37
10/2/2018 16:16,WS Outbound-DCL Inbound,Union,37
10/2/2018 16:16,WS Outbound-DCL Inbound,Union,37
10/2/2018 16:16,WS Outbound-DCL Inbound,Union,37
10/2/2018 16:26,WS Outbound-DCL Inbound,Union,54
10/2/2018 16:26,WS Outbound-DCL Inbound,Union,54
10/2/2018 16:26,WS Outbound-DCL Inbound,Union,54
10/2/2018 16:26,WS Outbound-DCL Inbound,Union,54
10/2/2018 16:27,WS Outbound-DCL Inbound,Union,54
10/2/2018 16:27,WS Outbound-DCL Inbound,Union,54
10/2/2018 16:27,WS Outbound-DCL Inbound,Union,54
10/2/2018 16:27,WS Outbound-DCL Inbound,Union,54
10/2/2018 16:27,WS Outbound-DCL Inbound,Union,54
10/2/2018 16:27,WS Outbound-DCL Inbound,Union,54
10/2/2018 16:27,WS Outbound-DCL Inbound,Union,54
10/2/2018 16:27,WS Outbound-DCL Inbound,Union,54
10/2/2018 16:27,WS Outbound-DCL Inbound,Union,54
10/2/2018 16:27,WS Outbound-DCL Inbound,Union,54
10/2/2018 16:27,WS Outbound-DCL Inbound,Union,54
10/2/2018 16:27,WS Outbound-DCL Inbound,Union,54
10/2/2018 16:27,WS Outbound-DCL Inbound,Union,54
10/2/2018 16:27,WS Outbound-DCL Inbound,Union,54
10/2/2018 16:27,WS Outbound-DCL Inbound,Union,54
10/2/2018 16:27,WS Outbound-DCL Inbound,Union,54
10/2/2018 16:27,WS Outbound-DCL Inbound,Union,54
10/2/2018 16:27,WS Outbound-DCL Inbound,Union,54
10/2/2018 16:27,WS Outbound-DCL Inbound,Union,54
10/2/2018 16:27,WS Outbound-DCL Inbound,Union,54
10/2/2018 16:27,WS Outbound-DCL Inbound,Union,54
10/2/2018 16:27,WS Outbound-DCL Inbound,Union,54
10/2/2018 16:27,WS Outbound-DCL Inbound,Union,54
10/2/2018 16:27,WS Outbound-DCL Inbound,Union,54
10/2/2018 16:27,WS Outbound-DCL Inbound,Union,54
10/2/2018 16:27,WS Outbound-DCL Inbound,Union,54
10/2/2018 16:27,WS Outbound-DCL Inbound,Union,54
10/2/2018 16:27,WS Outbound-DCL Inbound,Union,54
10/2/2018 16:27,WS Outbound-DCL Inbound,Union,54
10/2/2018 16:28,WS Outbound-DCL Inbound,Union,54
10/2/2018 16:28,WS Outbound-DCL Inbound,Union,54
10/2/2018 16:28,WS Outbound-DCL Inbound,Union,54
10/2/2018 16:28,WS Outbound-DCL Inbound,Union,54
10/2/2018 16:28,WS Outbound-DCL Inbound,Union,54
10/2/2018 16:28,WS Outbound-DCL Inbound,Union,54
10/2/2018 16:28,WS Outbound-DCL Inbound,Union,54
10/2/2018 16:28,WS Outbound-DCL Inbound,Union,54
10/2/2018 16:29,WS Outbound-DCL Inbound,Union,54
10/2/2018 16:30,WS Outbound-DCL Inbound,Union,54
10/2/2018 16:35,WS Outbound-DCL Inbound,Main and Murray OB,37
10/2/2018 16:39,WS Outbound-DCL Inbound,UDC,37
10/2/2018 16:39,WS Outbound-DCL Inbound,UDC,37
10/2/2018 16:39,WS Outbound-DCL Inbound,UDC,37
10/2/2018 16:39,WS Outbound-DCL Inbound,UDC,37
10/2/2018 16:39,WS Outbound-DCL Inbound,UDC,37
10/2/2018 16:39,WS Outbound-DCL Inbound,UDC,37
10/2/2018 16:39,WS Outbound-DCL Inbound,UDC,37
10/2/2018 16:39,WS Outbound-DCL Inbound,UDC,37
10/2/2018 16:39,WS Outbound-DCL Inbound,UDC,37
10/2/2018 16:40,WS Outbound-DCL Inbound,UDC,37
10/2/2018 16:40,WS Outbound-DCL Inbound,UDC,37
10/2/2018 16:40,WS Outbound-DCL Inbound,UDC,37
10/2/2018 16:40,WS Outbound-DCL Inbound,UDC,37
10/2/2018 16:40,WS Outbound-DCL Inbound,UDC,37
10/2/2018 16:40,WS Outbound-DCL Inbound,UDC,37
10/2/2018 16:40,WS Outbound-DCL Inbound,UDC,37
10/2/2018 16:40,WS Outbound-DCL Inbound,UDC,37
10/2/2018 16:43,WS Outbound-DCL Inbound,Leroy St and Murray IB,37
10/2/2018 16:43,WS Outbound-DCL Inbound,Leroy St and Murray IB,37
10/2/2018 16:43,WS Outbound-DCL Inbound,Leroy St and Murray IB,37
10/2/2018 16:43,WS Outbound-DCL Inbound,Leroy St and Murray IB,37
10/2/2018 16:43,WS Outbound-DCL Inbound,Leroy St and Murray IB,37
10/2/2018 16:49,WS Outbound-DCL Inbound,Main and Helen OB,54
10/2/2018 16:49,WS Outbound-DCL Inbound,Main and Helen OB,54
10/2/2018 17:00,WS Outbound-DCL Inbound,Union,889
10/2/2018 17:00,WS Outbound-DCL Inbound,Union,889
10/2/2018 17:00,WS Outbound-DCL Inbound,Union,889
10/2/2018 17:00,WS Outbound-DCL Inbound,Union,889
10/2/2018 17:00,WS Outbound-DCL Inbound,Union,889
10/2/2018 17:00,WS Outbound-DCL Inbound,Union,889
10/2/2018 17:00,WS Outbound-DCL Inbound,Union,889
10/2/2018 17:00,WS Outbound-DCL Inbound,Union,889
10/2/2018 17:00,WS Outbound-DCL Inbound,Union,889
10/2/2018 17:00,WS Outbound-DCL Inbound,Union,889
10/2/2018 17:00,WS Outbound-DCL Inbound,Union,889
10/2/2018 17:00,WS Outbound-DCL Inbound,Union,889
10/2/2018 17:01,WS Outbound-DCL Inbound,Union,889
10/2/2018 17:01,WS Outbound-DCL Inbound,Union,889
10/2/2018 17:01,WS Outbound-DCL Inbound,Union,889
10/2/2018 17:02,WS Outbound-DCL Inbound,Union,889
10/2/2018 17:02,WS Outbound-DCL Inbound,Main and Helen OB,526
10/2/2018 17:02,WS Outbound-DCL Inbound,Main and Helen OB,526
10/2/2018 17:02,WS Outbound-DCL Inbound,Union,889
10/2/2018 17:03,WS Outbound-DCL Inbound,Union,889
10/2/2018 17:05,WS Outbound-DCL Inbound,Union,889
10/2/2018 17:05,WS Outbound-DCL Inbound,Union,889
10/2/2018 17:06,WS Outbound-DCL Inbound,Union,889
10/2/2018 17:06,WS Outbound-DCL Inbound,Union,889
10/2/2018 17:06,WS Outbound-DCL Inbound,Union,889
10/2/2018 17:06,WS Outbound-DCL Inbound,Union,889
10/2/2018 17:06,WS Outbound-DCL Inbound,Main and Arthur,526
10/2/2018 17:08,WS Outbound-DCL Inbound,Physical Facilities,889
10/2/2018 17:09,WS Outbound-DCL Inbound,Main and Front OB,526
10/2/2018 17:09,WS Outbound-DCL Inbound,Main and Front OB,526
10/2/2018 17:12,WS Outbound-DCL Inbound,UDC,526
10/2/2018 17:12,WS Outbound-DCL Inbound,UDC,526
10/2/2018 17:12,WS Outbound-DCL Inbound,UDC,526
10/2/2018 17:12,WS Outbound-DCL Inbound,UDC,526
10/2/2018 17:13,WS Outbound-DCL Inbound,Union,891
10/2/2018 17:13,WS Outbound-DCL Inbound,Union,891
10/2/2018 17:13,WS Outbound-DCL Inbound,Union,891
10/2/2018 17:13,WS Outbound-DCL Inbound,Union,891
10/2/2018 17:13,WS Outbound-DCL Inbound,Union,891
10/2/2018 17:13,WS Outbound-DCL Inbound,Union,891
10/2/2018 17:13,WS Outbound-DCL Inbound,Union,891
10/2/2018 17:13,WS Outbound-DCL Inbound,Union,891
10/2/2018 17:13,WS Outbound-DCL Inbound,Union,891
10/2/2018 17:13,WS Outbound-DCL Inbound,Union,891
10/2/2018 17:14,WS Outbound-DCL Inbound,Union,891
10/2/2018 17:14,WS Outbound-DCL Inbound,Union,891
10/2/2018 17:14,WS Outbound-DCL Inbound,Union,891
10/2/2018 17:14,WS Outbound-DCL Inbound,Union,891
10/2/2018 17:15,WS Outbound-DCL Inbound,Union,891
10/2/2018 17:15,WS Outbound-DCL Inbound,Leroy St and Front,526
10/2/2018 17:15,WS Outbound-DCL Inbound,Union,891
10/2/2018 17:16,WS Outbound-DCL Inbound,Leroy St and Murray IB,526
10/2/2018 17:16,WS Outbound-DCL Inbound,Leroy St and Murray IB,526
10/2/2018 17:16,WS Outbound-DCL Inbound,Leroy St and Murray IB,526
10/2/2018 17:16,WS Outbound-DCL Inbound,Union,891
10/2/2018 17:17,WS Outbound-DCL Inbound,Union,891
10/2/2018 17:17,WS Outbound-DCL Inbound,Union,891
10/2/2018 17:17,WS Outbound-DCL Inbound,Leroy St and Chestnut IB,526
10/2/2018 17:17,WS Outbound-DCL Inbound,Leroy St and Chestnut IB,526
10/2/2018 17:17,WS Outbound-DCL Inbound,Leroy St and Chestnut IB,526
10/2/2018 17:19,WS Outbound-DCL Inbound,Physical Facilities,891
10/2/2018 17:20,WS Outbound-DCL Inbound,Riverside and Beethoven,526
10/2/2018 17:22,WS Outbound-DCL Inbound,Riverside and Columbus IB,526
10/2/2018 17:23,WS Outbound-DCL Inbound,Main and Arthur,889
10/2/2018 17:25,WS Outbound-DCL Inbound,Main and Front OB,889
10/2/2018 17:25,WS Outbound-DCL Inbound,Main and Front OB,889
10/2/2018 17:29,WS Outbound-DCL Inbound,Union,37
10/2/2018 17:29,WS Outbound-DCL Inbound,Union,37
10/2/2018 17:29,WS Outbound-DCL Inbound,Union,37
10/2/2018 17:29,WS Outbound-DCL Inbound,Union,37
10/2/2018 17:29,WS Outbound-DCL Inbound,Union,37
10/2/2018 17:29,WS Outbound-DCL Inbound,Union,37
10/2/2018 17:29,WS Outbound-DCL Inbound,Union,37
10/2/2018 17:29,WS Outbound-DCL Inbound,Union,37
10/2/2018 17:29,WS Outbound-DCL Inbound,Union,37
10/2/2018 17:30,WS Outbound-DCL Inbound,Union,37
10/2/2018 17:30,WS Outbound-DCL Inbound,Union,37
10/2/2018 17:30,WS Outbound-DCL Inbound,Union,37
10/2/2018 17:30,WS Outbound-DCL Inbound,Union,37
10/2/2018 17:30,WS Outbound-DCL Inbound,Union,37
10/2/2018 17:30,WS Outbound-DCL Inbound,Union,37
10/2/2018 17:30,WS Outbound-DCL Inbound,Union,37
10/2/2018 17:30,WS Outbound-DCL Inbound,Union,37
10/2/2018 17:30,WS Outbound-DCL Inbound,Union,37
10/2/2018 17:30,WS Outbound-DCL Inbound,Union,37
10/2/2018 17:30,WS Outbound-DCL Inbound,Union,37
10/2/2018 17:30,WS Outbound-DCL Inbound,Union,37
10/2/2018 17:30,WS Outbound-DCL Inbound,Union,37
10/2/2018 17:30,WS Outbound-DCL Inbound,Union,37
10/2/2018 17:31,WS Outbound-DCL Inbound,Union,37
10/2/2018 17:31,WS Outbound-DCL Inbound,Union,37
10/2/2018 17:31,WS Outbound-DCL Inbound,Union,37
10/2/2018 17:32,WS Outbound-DCL Inbound,Union,37
10/2/2018 17:32,WS Outbound-DCL Inbound,Union,37
10/2/2018 17:32,WS Outbound-DCL Inbound,Union,37
10/2/2018 17:33,WS Outbound-DCL Inbound,Union,37
10/2/2018 17:33,WS Outbound-DCL Inbound,Union,37
10/2/2018 17:33,WS Outbound-DCL Inbound,Main and Arthur,891
10/2/2018 17:33,WS Outbound-DCL Inbound,Union,37
10/2/2018 17:33,WS Outbound-DCL Inbound,Union,37
10/2/2018 17:34,WS Outbound-DCL Inbound,Union,37
10/2/2018 17:34,WS Outbound-DCL Inbound,Union,37
10/2/2018 17:34,WS Outbound-DCL Inbound,Union,37
10/2/2018 17:34,WS Outbound-DCL Inbound,Union,37
10/2/2018 17:34,WS Outbound-DCL Inbound,Union,37
10/2/2018 17:35,WS Outbound-DCL Inbound,Union,37
10/2/2018 17:35,WS Outbound-DCL Inbound,Union,37
10/2/2018 17:35,WS Outbound-DCL Inbound,Union,37
10/2/2018 17:35,WS Outbound-DCL Inbound,Union,37
10/2/2018 17:35,WS Outbound-DCL Inbound,Union,37
10/2/2018 17:35,WS Outbound-DCL Inbound,Union,37
10/2/2018 17:36,WS Outbound-DCL Inbound,Union,37
10/2/2018 17:36,WS Outbound-DCL Inbound,Union,37
10/2/2018 17:36,WS Outbound-DCL Inbound,Union,37
10/2/2018 17:38,WS Outbound-DCL Inbound,Physical Facilities,37
10/2/2018 17:39,WS Outbound-DCL Inbound,UDC,891
10/2/2018 17:39,WS Outbound-DCL Inbound,UDC,891
10/2/2018 17:40,WS Outbound-DCL Inbound,UDC,891
10/2/2018 17:40,WS Outbound-DCL Inbound,UDC,891
10/2/2018 17:40,WS Outbound-DCL Inbound,Union,889
10/2/2018 17:40,WS Outbound-DCL Inbound,Union,889
10/2/2018 17:40,WS Outbound-DCL Inbound,Union,889
10/2/2018 17:40,WS Outbound-DCL Inbound,UDC,891
10/2/2018 17:40,WS Outbound-DCL Inbound,Union,889
10/2/2018 17:40,WS Outbound-DCL Inbound,Union,889
10/2/2018 17:42,WS Outbound-DCL Inbound,Union,889
10/2/2018 17:42,WS Outbound-DCL Inbound,Union,889
10/2/2018 17:42,WS Outbound-DCL Inbound,Union,889
10/2/2018 17:42,WS Outbound-DCL Inbound,Union,889
10/2/2018 17:43,WS Outbound-DCL Inbound,Union,889
10/2/2018 17:44,WS Outbound-DCL Inbound,Union,889
10/2/2018 17:44,WS Outbound-DCL Inbound,Union,889
10/2/2018 17:44,WS Outbound-DCL Inbound,Leroy St and Murray IB,891
10/2/2018 17:44,WS Outbound-DCL Inbound,Leroy St and Murray IB,891
10/2/2018 17:44,WS Outbound-DCL Inbound,Leroy St and Murray IB,891
10/2/2018 17:44,WS Outbound-DCL Inbound,Leroy St and Murray IB,891
10/2/2018 17:44,WS Outbound-DCL Inbound,Leroy St and Murray IB,891
10/2/2018 17:44,WS Outbound-DCL Inbound,Leroy St and Murray IB,891
10/2/2018 17:46,WS Outbound-DCL Inbound,Leroy St and Chestnut IB,891
10/2/2018 17:46,WS Outbound-DCL Inbound,Leroy St and Chestnut IB,891
10/2/2018 17:46,WS Outbound-DCL Inbound,Leroy St and Chestnut IB,891
10/2/2018 17:46,WS Outbound-DCL Inbound,Leroy St and Chestnut IB,891
10/2/2018 17:46,WS Outbound-DCL Inbound,Leroy St and Chestnut IB,891
10/2/2018 17:46,WS Outbound-DCL Inbound,Leroy St and Chestnut IB,891
10/2/2018 17:46,WS Outbound-DCL Inbound,Leroy St and Chestnut IB,891
10/2/2018 17:46,WS Outbound-DCL Inbound,Leroy St and Chestnut IB,891
10/2/2018 17:48,WS Outbound-DCL Inbound,Beethoven and Leroy,891
10/2/2018 17:48,WS Outbound-DCL Inbound,Beethoven and Leroy,891
10/2/2018 17:50,WS Outbound-DCL Inbound,Riverside and Margaret OB,891
10/2/2018 18:01,WS Outbound-DCL Inbound,Union,528
10/2/2018 18:02,WS Outbound-DCL Inbound,Union,528
10/2/2018 18:02,WS Outbound-DCL Inbound,Union,528
10/2/2018 18:02,WS Outbound-DCL Inbound,Union,528
10/2/2018 18:02,WS Outbound-DCL Inbound,Union,528
10/2/2018 18:02,WS Outbound-DCL Inbound,Union,528
10/2/2018 18:02,WS Outbound-DCL Inbound,Union,528
10/2/2018 18:02,WS Outbound-DCL Inbound,Union,528
10/2/2018 18:02,WS Outbound-DCL Inbound,Union,528
10/2/2018 18:02,WS Outbound-DCL Inbound,Union,528
10/2/2018 18:02,WS Outbound-DCL Inbound,Union,528
10/2/2018 18:02,WS Outbound-DCL Inbound,Union,528
10/2/2018 18:02,WS Outbound-DCL Inbound,Union,528
10/2/2018 18:02,WS Outbound-DCL Inbound,Union,528
10/2/2018 18:02,WS Outbound-DCL Inbound,Union,528
10/2/2018 18:02,WS Outbound-DCL Inbound,Union,528
10/2/2018 18:02,WS Outbound-DCL Inbound,Union,528
10/2/2018 18:02,WS Outbound-DCL Inbound,Union,528
10/2/2018 18:02,WS Outbound-DCL Inbound,Union,528
10/2/2018 18:02,WS Outbound-DCL Inbound,Union,528
10/2/2018 18:02,WS Outbound-DCL Inbound,Union,528
10/2/2018 18:02,WS Outbound-DCL Inbound,Union,528
10/2/2018 18:02,WS Outbound-DCL Inbound,Union,528
10/2/2018 18:02,WS Outbound-DCL Inbound,Union,528
10/2/2018 18:02,WS Outbound-DCL Inbound,Union,528
10/2/2018 18:02,WS Outbound-DCL Inbound,Union,528
10/2/2018 18:02,WS Outbound-DCL Inbound,Union,528
10/2/2018 18:02,WS Outbound-DCL Inbound,Union,528
10/2/2018 18:03,WS Outbound-DCL Inbound,Union,528
10/2/2018 18:03,WS Outbound-DCL Inbound,Union,528
10/2/2018 18:03,WS Outbound-DCL Inbound,Union,528
10/2/2018 18:03,WS Outbound-DCL Inbound,Union,528
10/2/2018 18:03,WS Outbound-DCL Inbound,Union,528
10/2/2018 18:03,WS Outbound-DCL Inbound,Union,528
10/2/2018 18:03,WS Outbound-DCL Inbound,Union,528
10/2/2018 18:03,WS Outbound-DCL Inbound,Union,528
10/2/2018 18:03,WS Outbound-DCL Inbound,Union,528
10/2/2018 18:03,WS Outbound-DCL Inbound,Union,528
10/2/2018 18:03,WS Outbound-DCL Inbound,Union,528
10/2/2018 18:03,WS Outbound-DCL Inbound,Union,528
10/2/2018 18:03,WS Outbound-DCL Inbound,Union,528
10/2/2018 18:03,WS Outbound-DCL Inbound,Union,528
10/2/2018 18:03,WS Outbound-DCL Inbound,Union,528
10/2/2018 18:03,WS Outbound-DCL Inbound,Union,528
10/2/2018 18:03,WS Outbound-DCL Inbound,Union,528
10/2/2018 18:03,WS Outbound-DCL Inbound,Union,528
10/2/2018 18:03,WS Outbound-DCL Inbound,Union,528
10/2/2018 18:04,WS Outbound-DCL Inbound,Union,528
10/2/2018 18:04,WS Outbound-DCL Inbound,Union,528
10/2/2018 18:04,WS Outbound-DCL Inbound,Union,528
10/2/2018 18:04,WS Outbound-DCL Inbound,Union,528
10/2/2018 18:06,WS Outbound-DCL Inbound,UDC,889
10/2/2018 18:13,WS Outbound-DCL Inbound,Leroy St and Front,889
10/2/2018 18:14,WS Outbound-DCL Inbound,Leroy St and Murray IB,889
10/2/2018 18:14,WS Outbound-DCL Inbound,Leroy St and Murray IB,889
10/2/2018 18:15,WS Outbound-DCL Inbound,Leroy St and Chestnut IB,889
10/2/2018 18:15,WS Outbound-DCL Inbound,Union,527
10/2/2018 18:15,WS Outbound-DCL Inbound,Union,527
10/2/2018 18:15,WS Outbound-DCL Inbound,Union,527
10/2/2018 18:15,WS Outbound-DCL Inbound,Union,527
10/2/2018 18:15,WS Outbound-DCL Inbound,Union,527
10/2/2018 18:15,WS Outbound-DCL Inbound,Union,527
10/2/2018 18:15,WS Outbound-DCL Inbound,Union,527
10/2/2018 18:15,WS Outbound-DCL Inbound,Union,527
10/2/2018 18:16,WS Outbound-DCL Inbound,Union,527
10/2/2018 18:16,WS Outbound-DCL Inbound,Union,527
10/2/2018 18:16,WS Outbound-DCL Inbound,Union,527
10/2/2018 18:16,WS Outbound-DCL Inbound,Union,527
10/2/2018 18:16,WS Outbound-DCL Inbound,Union,527
10/2/2018 18:16,WS Outbound-DCL Inbound,Union,527
10/2/2018 18:16,WS Outbound-DCL Inbound,Union,527
10/2/2018 18:16,WS Outbound-DCL Inbound,Union,527
10/2/2018 18:16,WS Outbound-DCL Inbound,Union,527
10/2/2018 18:16,WS Outbound-DCL Inbound,Union,527
10/2/2018 18:16,WS Outbound-DCL Inbound,Union,527
10/2/2018 18:16,WS Outbound-DCL Inbound,Union,527
10/2/2018 18:16,WS Outbound-DCL Inbound,Union,527
10/2/2018 18:16,WS Outbound-DCL Inbound,Union,527
10/2/2018 18:16,WS Outbound-DCL Inbound,Union,527
10/2/2018 18:16,WS Outbound-DCL Inbound,Union,527
10/2/2018 18:16,WS Outbound-DCL Inbound,Union,527
10/2/2018 18:19,WS Outbound-DCL Inbound,Floral and Main OB,528
10/2/2018 18:26,WS Outbound-DCL Inbound,Floral and Cleveland IB,527
10/2/2018 18:29,WS Outbound-DCL Inbound,Main and Helen OB,527
10/2/2018 18:30,WS Outbound-DCL Inbound,Main and Helen OB,527
10/2/2018 18:31,WS Outbound-DCL Inbound,Union,526
10/2/2018 18:31,WS Outbound-DCL Inbound,Union,526
10/2/2018 18:31,WS Outbound-DCL Inbound,Union,526
10/2/2018 18:31,WS Outbound-DCL Inbound,Union,526
10/2/2018 18:31,WS Outbound-DCL Inbound,Union,526
10/2/2018 18:31,WS Outbound-DCL Inbound,Union,526
10/2/2018 18:31,WS Outbound-DCL Inbound,Union,526
10/2/2018 18:31,WS Outbound-DCL Inbound,Union,526
10/2/2018 18:31,WS Outbound-DCL Inbound,Union,526
10/2/2018 18:31,WS Outbound-DCL Inbound,Union,526
10/2/2018 18:31,WS Outbound-DCL Inbound,Union,526
10/2/2018 18:31,WS Outbound-DCL Inbound,Union,526
10/2/2018 18:31,WS Outbound-DCL Inbound,Union,526
10/2/2018 18:31,WS Outbound-DCL Inbound,Union,526
10/2/2018 18:31,WS Outbound-DCL Inbound,Union,526
10/2/2018 18:31,WS Outbound-DCL Inbound,Union,526
10/2/2018 18:31,WS Outbound-DCL Inbound,Union,526
10/2/2018 18:31,WS Outbound-DCL Inbound,Union,526
10/2/2018 18:32,WS Outbound-DCL Inbound,Union,526
10/2/2018 18:32,WS Outbound-DCL Inbound,Union,526
10/2/2018 18:32,WS Outbound-DCL Inbound,Union,526
10/2/2018 18:32,WS Outbound-DCL Inbound,Union,526
10/2/2018 18:32,WS Outbound-DCL Inbound,UDC,528
10/2/2018 18:32,WS Outbound-DCL Inbound,Union,526
10/2/2018 18:32,WS Outbound-DCL Inbound,Union,526
10/2/2018 18:32,WS Outbound-DCL Inbound,UDC,528
10/2/2018 18:32,WS Outbound-DCL Inbound,Union,526
10/2/2018 18:32,WS Outbound-DCL Inbound,Union,526
10/2/2018 18:33,WS Outbound-DCL Inbound,Union,526
10/2/2018 18:33,WS Outbound-DCL Inbound,Union,526
10/2/2018 18:33,WS Outbound-DCL Inbound,Union,526
10/2/2018 18:34,WS Outbound-DCL Inbound,Union,526
10/2/2018 18:34,WS Outbound-DCL Inbound,Union,526
10/2/2018 18:34,WS Outbound-DCL Inbound,Union,526
10/2/2018 18:34,WS Outbound-DCL Inbound,Union,526
10/2/2018 18:34,WS Outbound-DCL Inbound,Union,526
10/2/2018 18:35,WS Outbound-DCL Inbound,Union,526
10/2/2018 18:35,WS Outbound-DCL Inbound,Union,526
10/2/2018 18:38,WS Outbound-DCL Inbound,UDC,527
10/2/2018 18:38,WS Outbound-DCL Inbound,Physical Facilities,526
10/2/2018 18:38,WS Outbound-DCL Inbound,UDC,527
10/2/2018 18:39,WS Outbound-DCL Inbound,UDC,527
10/2/2018 18:43,WS Outbound-DCL Inbound,Leroy St and Murray IB,527
10/2/2018 18:43,WS Outbound-DCL Inbound,Leroy St and Murray IB,527
10/2/2018 18:43,WS Outbound-DCL Inbound,Leroy St and Murray IB,527
10/2/2018 18:43,WS Outbound-DCL Inbound,Leroy St and Murray IB,527
10/2/2018 18:43,WS Outbound-DCL Inbound,Floral and Roberts IB,526
10/2/2018 18:44,WS Outbound-DCL Inbound,Leroy St and Chestnut IB,527
10/2/2018 18:44,WS Outbound-DCL Inbound,Leroy St and Chestnut IB,527
10/2/2018 18:45,WS Outbound-DCL Inbound,Union,528
10/2/2018 18:45,WS Outbound-DCL Inbound,Union,528
10/2/2018 18:45,WS Outbound-DCL Inbound,Union,528
10/2/2018 18:45,WS Outbound-DCL Inbound,Union,528
10/2/2018 18:45,WS Outbound-DCL Inbound,Union,528
10/2/2018 18:45,WS Outbound-DCL Inbound,Union,528
10/2/2018 18:45,WS Outbound-DCL Inbound,Union,528
10/2/2018 18:45,WS Outbound-DCL Inbound,Union,528
10/2/2018 18:46,WS Outbound-DCL Inbound,Union,528
10/2/2018 18:46,WS Outbound-DCL Inbound,Union,528
10/2/2018 18:46,WS Outbound-DCL Inbound,Union,528
10/2/2018 18:46,WS Outbound-DCL Inbound,Union,528
10/2/2018 18:47,WS Outbound-DCL Inbound,Union,528
10/2/2018 18:47,WS Outbound-DCL Inbound,Union,528
10/2/2018 18:49,WS Outbound-DCL Inbound,Union,528
10/2/2018 18:52,WS Outbound-DCL Inbound,Main and Murray OB,526
10/2/2018 18:57,WS Outbound-DCL Inbound,UDC,526
10/2/2018 18:57,WS Outbound-DCL Inbound,UDC,526
10/2/2018 19:01,WS Outbound-DCL Inbound,Union,54
10/2/2018 19:01,WS Outbound-DCL Inbound,Union,54
10/2/2018 19:01,WS Outbound-DCL Inbound,Union,54
10/2/2018 19:01,WS Outbound-DCL Inbound,Union,54
10/2/2018 19:01,WS Outbound-DCL Inbound,Union,54
10/2/2018 19:01,WS Outbound-DCL Inbound,Union,54
10/2/2018 19:01,WS Outbound-DCL Inbound,Union,54
10/2/2018 19:01,WS Outbound-DCL Inbound,Union,54
10/2/2018 19:01,WS Outbound-DCL Inbound,Union,54
10/2/2018 19:01,WS Outbound-DCL Inbound,Union,54
10/2/2018 19:01,WS Outbound-DCL Inbound,Union,54
10/2/2018 19:01,WS Outbound-DCL Inbound,Union,54
10/2/2018 19:01,WS Outbound-DCL Inbound,Union,54
10/2/2018 19:01,WS Outbound-DCL Inbound,Union,54
10/2/2018 19:01,WS Outbound-DCL Inbound,Union,54
10/2/2018 19:01,WS Outbound-DCL Inbound,Union,54
10/2/2018 19:01,WS Outbound-DCL Inbound,Union,54
10/2/2018 19:01,WS Outbound-DCL Inbound,Union,54
10/2/2018 19:02,WS Outbound-DCL Inbound,Union,54
10/2/2018 19:02,WS Outbound-DCL Inbound,Main and Cedar OB,528
10/2/2018 19:03,WS Outbound-DCL Inbound,Union,54
10/2/2018 19:03,WS Outbound-DCL Inbound,Union,54
10/2/2018 19:03,WS Outbound-DCL Inbound,Union,54
10/2/2018 19:04,WS Outbound-DCL Inbound,Union,54
10/2/2018 19:06,WS Outbound-DCL Inbound,Union,54
10/2/2018 19:09,WS Outbound-DCL Inbound,Physical Facilities,54
10/2/2018 19:10,WS Outbound-DCL Inbound,UDC,528
10/2/2018 19:19,WS Outbound-DCL Inbound,Leroy St and Chestnut OB,528
10/2/2018 19:22,WS Outbound-DCL Inbound,Main and Clarke OB,54
10/2/2018 19:25,WS Outbound-DCL Inbound,Main and Murray OB,54
10/2/2018 19:29,WS Outbound-DCL Inbound,UDC,54
10/2/2018 19:29,WS Outbound-DCL Inbound,UDC,54
10/2/2018 19:33,WS Outbound-DCL Inbound,Leroy St and Murray IB,54
10/2/2018 19:34,WS Outbound-DCL Inbound,Union,527
10/2/2018 19:34,WS Outbound-DCL Inbound,Union,527
10/2/2018 19:34,WS Outbound-DCL Inbound,Union,527
10/2/2018 19:35,WS Outbound-DCL Inbound,Leroy St and Chestnut IB,54
10/2/2018 19:35,WS Outbound-DCL Inbound,Union,527
10/2/2018 19:35,WS Outbound-DCL Inbound,Union,527
10/2/2018 19:35,WS Outbound-DCL Inbound,Union,527
10/2/2018 19:35,WS Outbound-DCL Inbound,Union,527
10/2/2018 19:35,WS Outbound-DCL Inbound,Union,527
10/2/2018 19:35,WS Outbound-DCL Inbound,Union,527
10/2/2018 19:35,WS Outbound-DCL Inbound,Union,527
10/2/2018 19:35,WS Outbound-DCL Inbound,Union,527
10/2/2018 19:35,WS Outbound-DCL Inbound,Union,527
10/2/2018 19:35,WS Outbound-DCL Inbound,Leroy St and Chestnut IB,54
10/2/2018 19:35,WS Outbound-DCL Inbound,Union,527
10/2/2018 19:35,WS Outbound-DCL Inbound,Union,527
10/2/2018 19:35,WS Outbound-DCL Inbound,Union,527
10/2/2018 19:35,WS Outbound-DCL Inbound,Union,527
10/2/2018 19:35,WS Outbound-DCL Inbound,Union,527
10/2/2018 19:35,WS Outbound-DCL Inbound,Union,527
10/2/2018 19:35,WS Outbound-DCL Inbound,Union,527
10/2/2018 19:35,WS Outbound-DCL Inbound,Union,527
10/2/2018 19:35,WS Outbound-DCL Inbound,Union,527
10/2/2018 19:35,WS Outbound-DCL Inbound,Union,527
10/2/2018 19:35,WS Outbound-DCL Inbound,Union,527
10/2/2018 19:35,WS Outbound-DCL Inbound,Union,527
10/2/2018 19:35,WS Outbound-DCL Inbound,Union,527
10/2/2018 19:35,WS Outbound-DCL Inbound,Union,527
10/2/2018 19:35,WS Outbound-DCL Inbound,Union,527
10/2/2018 19:35,WS Outbound-DCL Inbound,Union,527
10/2/2018 19:35,WS Outbound-DCL Inbound,Union,527
10/2/2018 19:35,WS Outbound-DCL Inbound,Union,527
10/2/2018 19:35,WS Outbound-DCL Inbound,Union,527
10/2/2018 19:35,WS Outbound-DCL Inbound,Union,527
10/2/2018 19:35,WS Outbound-DCL Inbound,Union,527
10/2/2018 19:36,WS Outbound-DCL Inbound,Union,527
10/2/2018 19:36,WS Outbound-DCL Inbound,Union,527
10/2/2018 19:36,WS Outbound-DCL Inbound,Union,527
10/2/2018 19:36,WS Outbound-DCL Inbound,Union,527
10/2/2018 19:36,WS Outbound-DCL Inbound,Union,527
10/2/2018 19:36,WS Outbound-DCL Inbound,Union,527
10/2/2018 19:36,WS Outbound-DCL Inbound,Union,527
10/2/2018 19:36,WS Outbound-DCL Inbound,Union,527
10/2/2018 19:36,WS Outbound-DCL Inbound,Union,527
10/2/2018 19:36,WS Outbound-DCL Inbound,Union,527
10/2/2018 19:38,WS Outbound-DCL Inbound,Physical Facilities,527
10/2/2018 19:44,WS Outbound-DCL Inbound,Union,526
10/2/2018 19:44,WS Outbound-DCL Inbound,Union,526
10/2/2018 19:44,WS Outbound-DCL Inbound,Union,526
10/2/2018 19:44,WS Outbound-DCL Inbound,Union,526
10/2/2018 19:44,WS Outbound-DCL Inbound,Union,526
10/2/2018 19:44,WS Outbound-DCL Inbound,Union,526
10/2/2018 19:44,WS Outbound-DCL Inbound,Union,526
10/2/2018 19:44,WS Outbound-DCL Inbound,Union,526
10/2/2018 19:44,WS Outbound-DCL Inbound,Union,526
10/2/2018 19:44,WS Outbound-DCL Inbound,Union,526
10/2/2018 19:44,WS Outbound-DCL Inbound,Union,526
10/2/2018 19:44,WS Outbound-DCL Inbound,Union,526
10/2/2018 19:44,WS Outbound-DCL Inbound,Union,526
10/2/2018 19:45,WS Outbound-DCL Inbound,Union,526
10/2/2018 19:45,WS Outbound-DCL Inbound,Union,526
10/2/2018 19:52,WS Outbound-DCL Inbound,Main and Arthur,527
10/2/2018 19:58,WS Outbound-DCL Inbound,UDC,527
10/2/2018 19:58,WS Outbound-DCL Inbound,UDC,527
10/2/2018 19:59,WS Outbound-DCL Inbound,UDC,527
