Start Date:10/22/2018 7:00 AM End Date:10/22/2018 8:00 PM,,,
DateTime,CorridorName,StopName,VehicleID
10/22/2018 7:41,WS Outbound-DCL Inbound,UDC,528
10/22/2018 7:41,WS Outbound-DCL Inbound,UDC,528
10/22/2018 7:41,WS Outbound-DCL Inbound,UDC,528
10/22/2018 7:44,WS Outbound-DCL Inbound,Leroy St and Murray IB,528
10/22/2018 7:44,WS Outbound-DCL Inbound,Leroy St and Murray IB,528
10/22/2018 7:44,WS Outbound-DCL Inbound,Leroy St and Murray IB,528
10/22/2018 7:44,WS Outbound-DCL Inbound,Leroy St and Murray IB,528
10/22/2018 7:44,WS Outbound-DCL Inbound,Leroy St and Murray IB,528
10/22/2018 7:44,WS Outbound-DCL Inbound,Leroy St and Murray IB,528
10/22/2018 7:44,WS Outbound-DCL Inbound,Leroy St and Murray IB,528
10/22/2018 7:44,WS Outbound-DCL Inbound,Leroy St and Murray IB,528
10/22/2018 7:44,WS Outbound-DCL Inbound,Leroy St and Murray IB,528
10/22/2018 7:44,WS Outbound-DCL Inbound,Leroy St and Murray IB,528
10/22/2018 7:45,WS Outbound-DCL Inbound,Leroy St and Chestnut IB,528
10/22/2018 7:45,WS Outbound-DCL Inbound,Leroy St and Chestnut IB,528
10/22/2018 7:45,WS Outbound-DCL Inbound,Leroy St and Chestnut IB,528
10/22/2018 7:45,WS Outbound-DCL Inbound,Leroy St and Chestnut IB,528
10/22/2018 7:45,WS Outbound-DCL Inbound,Leroy St and Chestnut IB,528
10/22/2018 7:45,WS Outbound-DCL Inbound,Leroy St and Chestnut IB,528
10/22/2018 7:45,WS Outbound-DCL Inbound,Leroy St and Chestnut IB,528
10/22/2018 7:45,WS Outbound-DCL Inbound,Leroy St and Chestnut IB,528
10/22/2018 7:45,WS Outbound-DCL Inbound,Leroy St and Chestnut IB,528
10/22/2018 7:46,WS Outbound-DCL Inbound,Leroy St and Laurel IB,528
10/22/2018 8:18,WS Outbound-DCL Inbound,Union,890
10/22/2018 8:27,WS Outbound-DCL Inbound,Leroy St and Front,526
10/22/2018 8:28,WS Outbound-DCL Inbound,Leroy St and Murray IB,526
10/22/2018 8:28,WS Outbound-DCL Inbound,Leroy St and Murray IB,526
10/22/2018 8:29,WS Outbound-DCL Inbound,Leroy St and Murray IB,526
10/22/2018 8:29,WS Outbound-DCL Inbound,Leroy St and Murray IB,526
10/22/2018 8:29,WS Outbound-DCL Inbound,Leroy St and Murray IB,526
10/22/2018 8:29,WS Outbound-DCL Inbound,Leroy St and Murray IB,526
10/22/2018 8:29,WS Outbound-DCL Inbound,Leroy St and Murray IB,526
10/22/2018 8:29,WS Outbound-DCL Inbound,Leroy St and Murray IB,526
10/22/2018 8:29,WS Outbound-DCL Inbound,Leroy St and Murray IB,526
10/22/2018 8:30,WS Outbound-DCL Inbound,Leroy St and Chestnut IB,526
10/22/2018 8:30,WS Outbound-DCL Inbound,Leroy St and Chestnut IB,526
10/22/2018 8:33,WS Outbound-DCL Inbound,Floral and Harrison IB,890
10/22/2018 8:33,WS Outbound-DCL Inbound,Floral and Harrison IB,890
10/22/2018 8:46,WS Outbound-DCL Inbound,Leroy St and Front,890
10/22/2018 8:46,WS Outbound-DCL Inbound,Leroy St and Front,890
10/22/2018 8:46,WS Outbound-DCL Inbound,Leroy St and Front,890
10/22/2018 8:47,WS Outbound-DCL Inbound,Leroy St and Murray IB,890
10/22/2018 8:47,WS Outbound-DCL Inbound,Leroy St and Murray IB,890
10/22/2018 8:47,WS Outbound-DCL Inbound,Leroy St and Murray IB,890
10/22/2018 8:47,WS Outbound-DCL Inbound,Hawley IB,21
10/22/2018 8:47,WS Outbound-DCL Inbound,Leroy St and Murray IB,890
10/22/2018 8:47,WS Outbound-DCL Inbound,Hawley IB,21
10/22/2018 8:47,WS Outbound-DCL Inbound,Leroy St and Murray IB,890
10/22/2018 8:47,WS Outbound-DCL Inbound,Leroy St and Murray IB,890
10/22/2018 8:48,WS Outbound-DCL Inbound,Leroy St and Chestnut IB,890
10/22/2018 8:48,WS Outbound-DCL Inbound,Leroy St and Chestnut IB,890
10/22/2018 8:48,WS Outbound-DCL Inbound,Leroy St and Chestnut IB,890
10/22/2018 8:48,WS Outbound-DCL Inbound,Leroy St and Chestnut IB,890
10/22/2018 8:48,WS Outbound-DCL Inbound,Leroy St and Chestnut IB,890
10/22/2018 8:48,WS Outbound-DCL Inbound,Leroy St and Chestnut IB,890
10/22/2018 8:48,WS Outbound-DCL Inbound,Leroy St and Chestnut IB,890
10/22/2018 8:48,WS Outbound-DCL Inbound,Leroy St and Chestnut IB,890
10/22/2018 8:48,WS Outbound-DCL Inbound,Leroy St and Chestnut IB,890
10/22/2018 8:48,WS Outbound-DCL Inbound,Main and Murray IB,21
10/22/2018 8:49,WS Outbound-DCL Inbound,Main and Mather,21
10/22/2018 8:50,WS Outbound-DCL Inbound,Beethoven and Leroy,890
10/22/2018 8:51,WS Outbound-DCL Inbound,Main and Cedar IB,21
10/22/2018 8:51,WS Outbound-DCL Inbound,Main and Cedar IB,21
10/22/2018 8:52,WS Outbound-DCL Inbound,UDC,528
10/22/2018 8:52,WS Outbound-DCL Inbound,UDC,528
10/22/2018 8:53,WS Outbound-DCL Inbound,UDC,528
10/22/2018 8:53,WS Outbound-DCL Inbound,Main and Schiller IB,21
10/22/2018 8:53,WS Outbound-DCL Inbound,UDC,528
10/22/2018 8:54,WS Outbound-DCL Inbound,UDC,528
10/22/2018 8:54,WS Outbound-DCL Inbound,UDC,528
10/22/2018 8:54,WS Outbound-DCL Inbound,Main and Helen IB,21
10/22/2018 8:54,WS Outbound-DCL Inbound,Main and Helen IB,21
10/22/2018 8:55,WS Outbound-DCL Inbound,Riverside and Ethel IB,890
10/22/2018 8:55,WS Outbound-DCL Inbound,UDC,528
10/22/2018 8:55,WS Outbound-DCL Inbound,UDC,528
10/22/2018 8:55,WS Outbound-DCL Inbound,UDC,528
10/22/2018 8:56,WS Outbound-DCL Inbound,UDC,528
10/22/2018 8:56,WS Outbound-DCL Inbound,Floral and Cleveland IB,21
10/22/2018 8:57,WS Outbound-DCL Inbound,Floral and Burbank IB,21
10/22/2018 8:57,WS Outbound-DCL Inbound,Floral and Willow IB,21
10/22/2018 8:57,WS Outbound-DCL Inbound,Floral and Willow IB,21
10/22/2018 8:58,WS Outbound-DCL Inbound,UDC,528
10/22/2018 8:58,WS Outbound-DCL Inbound,Floral and Harrison IB,21
10/22/2018 8:58,WS Outbound-DCL Inbound,Floral and Harrison IB,21
10/22/2018 8:59,WS Outbound-DCL Inbound,UDC,528
10/22/2018 9:00,WS Outbound-DCL Inbound,Leroy St and Front,528
10/22/2018 9:00,WS Outbound-DCL Inbound,Leroy St and Front,528
10/22/2018 9:00,WS Outbound-DCL Inbound,Leroy St and Front,528
10/22/2018 9:00,WS Outbound-DCL Inbound,Leroy St and Front,528
10/22/2018 9:00,WS Outbound-DCL Inbound,Leroy St and Front,528
10/22/2018 9:01,WS Outbound-DCL Inbound,Leroy St and Murray IB,528
10/22/2018 9:01,WS Outbound-DCL Inbound,Leroy St and Murray IB,528
10/22/2018 9:01,WS Outbound-DCL Inbound,Leroy St and Murray IB,528
10/22/2018 9:01,WS Outbound-DCL Inbound,Leroy St and Murray IB,528
10/22/2018 9:01,WS Outbound-DCL Inbound,Leroy St and Murray IB,528
10/22/2018 9:01,WS Outbound-DCL Inbound,Leroy St and Murray IB,528
10/22/2018 9:01,WS Outbound-DCL Inbound,Leroy St and Murray IB,528
10/22/2018 9:01,WS Outbound-DCL Inbound,Leroy St and Murray IB,528
10/22/2018 9:01,WS Outbound-DCL Inbound,Leroy St and Murray IB,528
10/22/2018 9:02,WS Outbound-DCL Inbound,Leroy St and Murray IB,528
10/22/2018 9:02,WS Outbound-DCL Inbound,Leroy St and Murray IB,528
10/22/2018 9:02,WS Outbound-DCL Inbound,Leroy St and Murray IB,528
10/22/2018 9:02,WS Outbound-DCL Inbound,Leroy St and Murray IB,528
10/22/2018 9:02,WS Outbound-DCL Inbound,Leroy St and Murray IB,528
10/22/2018 9:02,WS Outbound-DCL Inbound,Leroy St and Murray IB,528
10/22/2018 9:02,WS Outbound-DCL Inbound,Leroy St and Murray IB,528
10/22/2018 9:02,WS Outbound-DCL Inbound,Leroy St and Murray IB,528
10/22/2018 9:02,WS Outbound-DCL Inbound,Leroy St and Murray IB,528
10/22/2018 9:02,WS Outbound-DCL Inbound,Leroy St and Murray IB,528
10/22/2018 9:03,WS Outbound-DCL Inbound,Leroy St and Chestnut IB,528
10/22/2018 9:03,WS Outbound-DCL Inbound,Leroy St and Chestnut IB,528
10/22/2018 9:03,WS Outbound-DCL Inbound,Leroy St and Chestnut IB,528
10/22/2018 9:03,WS Outbound-DCL Inbound,Leroy St and Chestnut IB,528
10/22/2018 9:03,WS Outbound-DCL Inbound,Leroy St and Chestnut IB,528
10/22/2018 9:03,WS Outbound-DCL Inbound,Leroy St and Chestnut IB,528
10/22/2018 9:03,WS Outbound-DCL Inbound,Leroy St and Chestnut IB,528
10/22/2018 9:03,WS Outbound-DCL Inbound,Leroy St and Chestnut IB,528
10/22/2018 9:03,WS Outbound-DCL Inbound,Leroy St and Chestnut IB,528
10/22/2018 9:03,WS Outbound-DCL Inbound,Leroy St and Chestnut IB,528
10/22/2018 9:03,WS Outbound-DCL Inbound,Leroy St and Chestnut IB,528
10/22/2018 9:03,WS Outbound-DCL Inbound,Leroy St and Chestnut IB,528
10/22/2018 9:03,WS Outbound-DCL Inbound,Leroy St and Chestnut IB,528
10/22/2018 9:03,WS Outbound-DCL Inbound,Leroy St and Chestnut IB,528
10/22/2018 9:04,WS Outbound-DCL Inbound,Leroy St and Laurel IB,528
10/22/2018 9:07,WS Outbound-DCL Inbound,Riverside and Margaret OB,528
10/22/2018 9:14,WS Outbound-DCL Inbound,Union,55
10/22/2018 9:15,WS Outbound-DCL Inbound,Union,55
10/22/2018 9:23,WS Outbound-DCL Inbound,UDC,21
10/22/2018 9:30,WS Outbound-DCL Inbound,Leroy St and Front,21
10/22/2018 9:30,WS Outbound-DCL Inbound,Main and Murray OB,55
10/22/2018 9:30,WS Outbound-DCL Inbound,Leroy St and Front,21
10/22/2018 9:30,WS Outbound-DCL Inbound,Leroy St and Front,21
10/22/2018 9:32,WS Outbound-DCL Inbound,Leroy St and Chestnut IB,21
10/22/2018 9:32,WS Outbound-DCL Inbound,Leroy St and Chestnut IB,21
10/22/2018 9:32,WS Outbound-DCL Inbound,Leroy St and Chestnut IB,21
10/22/2018 9:32,WS Outbound-DCL Inbound,Leroy St and Chestnut IB,21
10/22/2018 9:32,WS Outbound-DCL Inbound,Leroy St and Chestnut IB,21
10/22/2018 9:33,WS Outbound-DCL Inbound,Leroy St and Laurel IB,21
10/22/2018 9:34,WS Outbound-DCL Inbound,Beethoven and Leroy,21
10/22/2018 9:34,WS Outbound-DCL Inbound,Beethoven and Leroy,21
10/22/2018 9:39,WS Outbound-DCL Inbound,UDC,55
10/22/2018 9:39,WS Outbound-DCL Inbound,UDC,55
10/22/2018 9:39,WS Outbound-DCL Inbound,UDC,55
10/22/2018 9:43,WS Outbound-DCL Inbound,Leroy St and Front,55
10/22/2018 9:43,WS Outbound-DCL Inbound,Leroy St and Front,55
10/22/2018 9:44,WS Outbound-DCL Inbound,Leroy St and Murray IB,55
10/22/2018 9:44,WS Outbound-DCL Inbound,Leroy St and Murray IB,55
10/22/2018 9:44,WS Outbound-DCL Inbound,Leroy St and Murray IB,55
10/22/2018 9:44,WS Outbound-DCL Inbound,Leroy St and Murray IB,55
10/22/2018 9:45,WS Outbound-DCL Inbound,Leroy St and Chestnut IB,55
10/22/2018 9:47,WS Outbound-DCL Inbound,Beethoven and Leroy,55
10/22/2018 9:53,WS Outbound-DCL Inbound,UDC,43
10/22/2018 9:54,WS Outbound-DCL Inbound,UDC,43
10/22/2018 9:54,WS Outbound-DCL Inbound,UDC,43
10/22/2018 9:55,WS Outbound-DCL Inbound,UDC,43
10/22/2018 9:56,WS Outbound-DCL Inbound,UDC,43
10/22/2018 9:58,WS Outbound-DCL Inbound,Leroy St and Front,43
10/22/2018 9:58,WS Outbound-DCL Inbound,Leroy St and Front,43
10/22/2018 9:59,WS Outbound-DCL Inbound,Leroy St and Murray IB,43
10/22/2018 9:59,WS Outbound-DCL Inbound,Leroy St and Murray IB,43
10/22/2018 9:59,WS Outbound-DCL Inbound,Main and Clarke OB,890
10/22/2018 10:00,WS Outbound-DCL Inbound,Leroy St and Chestnut IB,43
10/22/2018 10:00,WS Outbound-DCL Inbound,Leroy St and Chestnut IB,43
10/22/2018 10:00,WS Outbound-DCL Inbound,Leroy St and Chestnut IB,43
10/22/2018 10:00,WS Outbound-DCL Inbound,Leroy St and Chestnut IB,43
10/22/2018 10:00,WS Outbound-DCL Inbound,Leroy St and Chestnut IB,43
10/22/2018 10:00,WS Outbound-DCL Inbound,Leroy St and Chestnut IB,43
10/22/2018 10:01,WS Outbound-DCL Inbound,Leroy St and Chestnut OB,43
10/22/2018 10:13,WS Outbound-DCL Inbound,Union,55
10/22/2018 10:13,WS Outbound-DCL Inbound,Union,55
10/22/2018 10:13,WS Outbound-DCL Inbound,Union,55
10/22/2018 10:13,WS Outbound-DCL Inbound,Union,55
10/22/2018 10:13,WS Outbound-DCL Inbound,Union,55
10/22/2018 10:13,WS Outbound-DCL Inbound,Union,55
10/22/2018 10:13,WS Outbound-DCL Inbound,Leroy St and Front,890
10/22/2018 10:13,WS Outbound-DCL Inbound,Leroy St and Front,890
10/22/2018 10:14,WS Outbound-DCL Inbound,Leroy St and Murray IB,890
10/22/2018 10:14,WS Outbound-DCL Inbound,Leroy St and Murray IB,890
10/22/2018 10:14,WS Outbound-DCL Inbound,Leroy St and Murray IB,890
10/22/2018 10:14,WS Outbound-DCL Inbound,Leroy St and Murray IB,890
10/22/2018 10:14,WS Outbound-DCL Inbound,Leroy St and Murray IB,890
10/22/2018 10:14,WS Outbound-DCL Inbound,Leroy St and Murray IB,890
10/22/2018 10:15,WS Outbound-DCL Inbound,Leroy St and Chestnut IB,890
10/22/2018 10:15,WS Outbound-DCL Inbound,Leroy St and Chestnut IB,890
10/22/2018 10:15,WS Outbound-DCL Inbound,Leroy St and Chestnut IB,890
10/22/2018 10:15,WS Outbound-DCL Inbound,Leroy St and Chestnut IB,890
10/22/2018 10:15,WS Outbound-DCL Inbound,Leroy St and Chestnut IB,890
10/22/2018 10:15,WS Outbound-DCL Inbound,Leroy St and Chestnut IB,890
10/22/2018 10:15,WS Outbound-DCL Inbound,Leroy St and Chestnut IB,890
10/22/2018 10:15,WS Outbound-DCL Inbound,Leroy St and Chestnut IB,890
10/22/2018 10:15,WS Outbound-DCL Inbound,Leroy St and Chestnut IB,890
10/22/2018 10:23,WS Outbound-DCL Inbound,UDC,891
10/22/2018 10:23,WS Outbound-DCL Inbound,UDC,891
10/22/2018 10:23,WS Outbound-DCL Inbound,UDC,891
10/22/2018 10:23,WS Outbound-DCL Inbound,UDC,891
10/22/2018 10:24,WS Outbound-DCL Inbound,UDC,891
10/22/2018 10:24,WS Outbound-DCL Inbound,UDC,891
10/22/2018 10:27,WS Outbound-DCL Inbound,Main and Schiller OB,55
10/22/2018 10:28,WS Outbound-DCL Inbound,Union,890
10/22/2018 10:28,WS Outbound-DCL Inbound,Union,890
10/22/2018 10:28,WS Outbound-DCL Inbound,Union,890
10/22/2018 10:28,WS Outbound-DCL Inbound,Union,890
10/22/2018 10:28,WS Outbound-DCL Inbound,Leroy St and Front,891
10/22/2018 10:28,WS Outbound-DCL Inbound,Leroy St and Front,891
10/22/2018 10:28,WS Outbound-DCL Inbound,Union,890
10/22/2018 10:28,WS Outbound-DCL Inbound,Leroy St and Front,891
10/22/2018 10:28,WS Outbound-DCL Inbound,Union,890
10/22/2018 10:28,WS Outbound-DCL Inbound,Union,890
10/22/2018 10:28,WS Outbound-DCL Inbound,Union,890
10/22/2018 10:28,WS Outbound-DCL Inbound,Leroy St and Front,891
10/22/2018 10:29,WS Outbound-DCL Inbound,Main and Cedar OB,55
10/22/2018 10:29,WS Outbound-DCL Inbound,Leroy St and Murray IB,891
10/22/2018 10:29,WS Outbound-DCL Inbound,Leroy St and Murray IB,891
10/22/2018 10:29,WS Outbound-DCL Inbound,Leroy St and Murray IB,891
10/22/2018 10:29,WS Outbound-DCL Inbound,Leroy St and Murray IB,891
10/22/2018 10:29,WS Outbound-DCL Inbound,Leroy St and Murray IB,891
10/22/2018 10:29,WS Outbound-DCL Inbound,Union,890
10/22/2018 10:29,WS Outbound-DCL Inbound,Leroy St and Murray IB,891
10/22/2018 10:29,WS Outbound-DCL Inbound,Leroy St and Murray IB,891
10/22/2018 10:29,WS Outbound-DCL Inbound,Leroy St and Murray IB,891
10/22/2018 10:29,WS Outbound-DCL Inbound,Leroy St and Murray IB,891
10/22/2018 10:29,WS Outbound-DCL Inbound,Leroy St and Murray IB,891
10/22/2018 10:29,WS Outbound-DCL Inbound,Leroy St and Murray IB,891
10/22/2018 10:29,WS Outbound-DCL Inbound,Leroy St and Murray IB,891
10/22/2018 10:29,WS Outbound-DCL Inbound,Leroy St and Murray IB,891
10/22/2018 10:30,WS Outbound-DCL Inbound,Union,890
10/22/2018 10:31,WS Outbound-DCL Inbound,Main and Murray OB,55
10/22/2018 10:31,WS Outbound-DCL Inbound,Main and Murray OB,55
10/22/2018 10:31,WS Outbound-DCL Inbound,Union,890
10/22/2018 10:31,WS Outbound-DCL Inbound,Union,890
10/22/2018 10:31,WS Outbound-DCL Inbound,Leroy St and Chestnut IB,891
10/22/2018 10:31,WS Outbound-DCL Inbound,Leroy St and Chestnut IB,891
10/22/2018 10:31,WS Outbound-DCL Inbound,Leroy St and Chestnut IB,891
10/22/2018 10:31,WS Outbound-DCL Inbound,Leroy St and Chestnut IB,891
10/22/2018 10:31,WS Outbound-DCL Inbound,Leroy St and Chestnut IB,891
10/22/2018 10:31,WS Outbound-DCL Inbound,Leroy St and Chestnut IB,891
10/22/2018 10:31,WS Outbound-DCL Inbound,Leroy St and Chestnut IB,891
10/22/2018 10:31,WS Outbound-DCL Inbound,Leroy St and Chestnut IB,891
10/22/2018 10:31,WS Outbound-DCL Inbound,Leroy St and Chestnut IB,891
10/22/2018 10:31,WS Outbound-DCL Inbound,Leroy St and Chestnut IB,891
10/22/2018 10:31,WS Outbound-DCL Inbound,Leroy St and Chestnut IB,891
10/22/2018 10:31,WS Outbound-DCL Inbound,Leroy St and Chestnut IB,891
10/22/2018 10:31,WS Outbound-DCL Inbound,Leroy St and Chestnut IB,891
10/22/2018 10:32,WS Outbound-DCL Inbound,Leroy St and Chestnut IB,891
10/22/2018 10:41,WS Outbound-DCL Inbound,Academic A,891
10/22/2018 10:41,WS Outbound-DCL Inbound,Academic A,891
10/22/2018 10:43,WS Outbound-DCL Inbound,Leroy St and Front,55
10/22/2018 10:43,WS Outbound-DCL Inbound,Leroy St and Front,55
10/22/2018 10:43,WS Outbound-DCL Inbound,Leroy St and Front,55
10/22/2018 10:43,WS Outbound-DCL Inbound,Leroy St and Chestnut OB,890
10/22/2018 10:43,WS Outbound-DCL Inbound,Leroy St and Chestnut OB,890
10/22/2018 10:44,WS Outbound-DCL Inbound,Leroy St and Murray IB,55
10/22/2018 10:44,WS Outbound-DCL Inbound,Leroy St and Murray IB,55
10/22/2018 10:44,WS Outbound-DCL Inbound,Leroy St and Murray IB,55
10/22/2018 10:44,WS Outbound-DCL Inbound,Leroy St and Murray IB,55
10/22/2018 10:44,WS Outbound-DCL Inbound,Leroy St and Murray IB,55
10/22/2018 10:45,WS Outbound-DCL Inbound,Leroy St and Chestnut IB,55
10/22/2018 10:45,WS Outbound-DCL Inbound,Leroy St and Chestnut IB,55
10/22/2018 10:45,WS Outbound-DCL Inbound,Leroy St and Chestnut IB,55
10/22/2018 10:46,WS Outbound-DCL Inbound,Leroy St and Chestnut IB,55
10/22/2018 10:47,WS Outbound-DCL Inbound,Union,891
10/22/2018 10:47,WS Outbound-DCL Inbound,Union,891
10/22/2018 10:47,WS Outbound-DCL Inbound,Union,891
10/22/2018 10:47,WS Outbound-DCL Inbound,Union,891
10/22/2018 10:47,WS Outbound-DCL Inbound,Union,891
10/22/2018 10:47,WS Outbound-DCL Inbound,Union,891
10/22/2018 10:47,WS Outbound-DCL Inbound,Union,891
10/22/2018 10:47,WS Outbound-DCL Inbound,Union,891
10/22/2018 10:47,WS Outbound-DCL Inbound,Union,891
10/22/2018 10:47,WS Outbound-DCL Inbound,Union,891
10/22/2018 10:47,WS Outbound-DCL Inbound,Union,891
10/22/2018 10:47,WS Outbound-DCL Inbound,Union,891
10/22/2018 10:47,WS Outbound-DCL Inbound,Union,891
10/22/2018 10:47,WS Outbound-DCL Inbound,Union,891
10/22/2018 10:48,WS Outbound-DCL Inbound,Union,891
10/22/2018 10:48,WS Outbound-DCL Inbound,Union,891
10/22/2018 10:48,WS Outbound-DCL Inbound,Union,891
10/22/2018 10:48,WS Outbound-DCL Inbound,Union,891
10/22/2018 10:48,WS Outbound-DCL Inbound,Union,891
10/22/2018 10:48,WS Outbound-DCL Inbound,Union,891
10/22/2018 10:48,WS Outbound-DCL Inbound,Union,891
10/22/2018 10:51,WS Outbound-DCL Inbound,UDC,526
10/22/2018 10:51,WS Outbound-DCL Inbound,UDC,526
10/22/2018 10:51,WS Outbound-DCL Inbound,UDC,526
10/22/2018 10:51,WS Outbound-DCL Inbound,UDC,526
10/22/2018 10:52,WS Outbound-DCL Inbound,UDC,526
10/22/2018 10:52,WS Outbound-DCL Inbound,UDC,526
10/22/2018 10:52,WS Outbound-DCL Inbound,UDC,526
10/22/2018 10:52,WS Outbound-DCL Inbound,UDC,526
10/22/2018 10:52,WS Outbound-DCL Inbound,Hawley IB,890
10/22/2018 10:52,WS Outbound-DCL Inbound,UDC,526
10/22/2018 10:52,WS Outbound-DCL Inbound,UDC,526
10/22/2018 10:52,WS Outbound-DCL Inbound,UDC,526
10/22/2018 10:52,WS Outbound-DCL Inbound,UDC,526
10/22/2018 10:52,WS Outbound-DCL Inbound,UDC,526
10/22/2018 10:52,WS Outbound-DCL Inbound,UDC,526
10/22/2018 10:52,WS Outbound-DCL Inbound,UDC,526
10/22/2018 10:52,WS Outbound-DCL Inbound,UDC,526
10/22/2018 10:52,WS Outbound-DCL Inbound,UDC,526
10/22/2018 10:53,WS Outbound-DCL Inbound,UDC,526
10/22/2018 10:53,WS Outbound-DCL Inbound,UDC,526
10/22/2018 10:53,WS Outbound-DCL Inbound,Physical Facilities OB,891
10/22/2018 10:53,WS Outbound-DCL Inbound,UDC,526
10/22/2018 10:53,WS Outbound-DCL Inbound,UDC,526
10/22/2018 10:53,WS Outbound-DCL Inbound,UDC,526
10/22/2018 10:53,WS Outbound-DCL Inbound,Main and Murray IB,890
10/22/2018 10:53,WS Outbound-DCL Inbound,Main and Murray IB,890
10/22/2018 10:53,WS Outbound-DCL Inbound,Main and Murray IB,890
10/22/2018 10:54,WS Outbound-DCL Inbound,UDC,526
10/22/2018 10:54,WS Outbound-DCL Inbound,Main and Mather,890
10/22/2018 10:54,WS Outbound-DCL Inbound,Main and Mather,890
10/22/2018 10:54,WS Outbound-DCL Inbound,Main and Mather,890
10/22/2018 10:54,WS Outbound-DCL Inbound,UDC,526
10/22/2018 10:54,WS Outbound-DCL Inbound,Main and Mather,890
10/22/2018 10:56,WS Outbound-DCL Inbound,Main and Clarke IB,890
10/22/2018 10:56,WS Outbound-DCL Inbound,Main and Clarke IB,890
10/22/2018 10:56,WS Outbound-DCL Inbound,Main and Clarke IB,890
10/22/2018 10:57,WS Outbound-DCL Inbound,Main and Schiller IB,890
10/22/2018 10:57,WS Outbound-DCL Inbound,Main and Schiller IB,890
10/22/2018 10:59,WS Outbound-DCL Inbound,Leroy St and Murray IB,526
10/22/2018 10:59,WS Outbound-DCL Inbound,Leroy St and Murray IB,526
10/22/2018 10:59,WS Outbound-DCL Inbound,Leroy St and Murray IB,526
10/22/2018 10:59,WS Outbound-DCL Inbound,Leroy St and Murray IB,526
10/22/2018 10:59,WS Outbound-DCL Inbound,Leroy St and Murray IB,526
10/22/2018 10:59,WS Outbound-DCL Inbound,Leroy St and Murray IB,526
10/22/2018 10:59,WS Outbound-DCL Inbound,Leroy St and Murray IB,526
10/22/2018 10:59,WS Outbound-DCL Inbound,Leroy St and Murray IB,526
10/22/2018 11:00,WS Outbound-DCL Inbound,Leroy St and Chestnut IB,526
10/22/2018 11:00,WS Outbound-DCL Inbound,Leroy St and Chestnut IB,526
10/22/2018 11:01,WS Outbound-DCL Inbound,Floral and Main OB,891
10/22/2018 11:02,WS Outbound-DCL Inbound,Floral and Cleveland IB,890
10/22/2018 11:04,WS Outbound-DCL Inbound,Floral and Ackley,890
10/22/2018 11:04,WS Outbound-DCL Inbound,Main and Schiller OB,891
10/22/2018 11:04,WS Outbound-DCL Inbound,Floral and Cook,890
10/22/2018 11:07,WS Outbound-DCL Inbound,Main and Murray OB,891
10/22/2018 11:08,WS Outbound-DCL Inbound,Main and Front OB,891
10/22/2018 11:10,WS Outbound-DCL Inbound,UDC,891
10/22/2018 11:10,WS Outbound-DCL Inbound,UDC,891
10/22/2018 11:11,WS Outbound-DCL Inbound,Union,890
10/22/2018 11:12,WS Outbound-DCL Inbound,Union,890
10/22/2018 11:12,WS Outbound-DCL Inbound,Union,890
10/22/2018 11:12,WS Outbound-DCL Inbound,Union,890
10/22/2018 11:13,WS Outbound-DCL Inbound,Union,526
10/22/2018 11:13,WS Outbound-DCL Inbound,Union,526
10/22/2018 11:13,WS Outbound-DCL Inbound,Leroy St and Front,891
10/22/2018 11:13,WS Outbound-DCL Inbound,Union,526
10/22/2018 11:13,WS Outbound-DCL Inbound,Union,526
10/22/2018 11:13,WS Outbound-DCL Inbound,Leroy St and Front,891
10/22/2018 11:13,WS Outbound-DCL Inbound,Union,526
10/22/2018 11:13,WS Outbound-DCL Inbound,Union,526
10/22/2018 11:13,WS Outbound-DCL Inbound,Union,890
10/22/2018 11:14,WS Outbound-DCL Inbound,Leroy St and Murray IB,891
10/22/2018 11:14,WS Outbound-DCL Inbound,Leroy St and Murray IB,891
10/22/2018 11:14,WS Outbound-DCL Inbound,Leroy St and Murray IB,891
10/22/2018 11:14,WS Outbound-DCL Inbound,Leroy St and Murray IB,891
10/22/2018 11:14,WS Outbound-DCL Inbound,Leroy St and Murray IB,891
10/22/2018 11:14,WS Outbound-DCL Inbound,Leroy St and Murray IB,891
10/22/2018 11:14,WS Outbound-DCL Inbound,Leroy St and Murray IB,891
10/22/2018 11:15,WS Outbound-DCL Inbound,Union,890
10/22/2018 11:15,WS Outbound-DCL Inbound,Union,890
10/22/2018 11:15,WS Outbound-DCL Inbound,Union,890
10/22/2018 11:15,WS Outbound-DCL Inbound,Leroy St and Chestnut OB,891
10/22/2018 11:15,WS Outbound-DCL Inbound,Leroy St and Chestnut OB,891
10/22/2018 11:15,WS Outbound-DCL Inbound,Leroy St and Chestnut OB,891
10/22/2018 11:22,WS Outbound-DCL Inbound,Floral and Cleveland OB,890
10/22/2018 11:33,WS Outbound-DCL Inbound,UDC,890
10/22/2018 11:37,WS Outbound-DCL Inbound,UDC,890
10/22/2018 11:43,WS Outbound-DCL Inbound,Leroy St and Front,890
10/22/2018 11:43,WS Outbound-DCL Inbound,Leroy St and Front,890
10/22/2018 11:44,WS Outbound-DCL Inbound,Leroy St and Murray OB,890
10/22/2018 11:44,WS Outbound-DCL Inbound,Leroy St and Murray OB,890
10/22/2018 11:44,WS Outbound-DCL Inbound,Leroy St and Murray OB,890
10/22/2018 11:44,WS Outbound-DCL Inbound,Leroy St and Murray OB,890
10/22/2018 11:44,WS Outbound-DCL Inbound,Leroy St and Murray OB,890
10/22/2018 11:44,WS Outbound-DCL Inbound,Leroy St and Murray OB,890
10/22/2018 11:44,WS Outbound-DCL Inbound,Leroy St and Murray OB,890
10/22/2018 11:44,WS Outbound-DCL Inbound,Leroy St and Murray OB,890
10/22/2018 11:45,WS Outbound-DCL Inbound,Union,55
10/22/2018 11:45,WS Outbound-DCL Inbound,Union,55
10/22/2018 11:45,WS Outbound-DCL Inbound,Union,55
10/22/2018 11:45,WS Outbound-DCL Inbound,Union,55
10/22/2018 11:45,WS Outbound-DCL Inbound,Union,55
10/22/2018 11:45,WS Outbound-DCL Inbound,Union,55
10/22/2018 11:45,WS Outbound-DCL Inbound,Union,55
10/22/2018 11:45,WS Outbound-DCL Inbound,Union,55
10/22/2018 11:45,WS Outbound-DCL Inbound,Union,55
10/22/2018 11:45,WS Outbound-DCL Inbound,Union,55
10/22/2018 11:45,WS Outbound-DCL Inbound,Leroy St and Chestnut OB,890
10/22/2018 11:45,WS Outbound-DCL Inbound,Leroy St and Chestnut OB,890
10/22/2018 11:45,WS Outbound-DCL Inbound,Leroy St and Chestnut OB,890
10/22/2018 11:45,WS Outbound-DCL Inbound,Leroy St and Chestnut OB,890
10/22/2018 11:45,WS Outbound-DCL Inbound,Leroy St and Chestnut OB,890
10/22/2018 11:45,WS Outbound-DCL Inbound,Leroy St and Chestnut OB,890
10/22/2018 11:45,WS Outbound-DCL Inbound,Leroy St and Chestnut OB,890
10/22/2018 11:45,WS Outbound-DCL Inbound,Leroy St and Chestnut OB,890
10/22/2018 11:45,WS Outbound-DCL Inbound,Leroy St and Chestnut OB,890
10/22/2018 11:45,WS Outbound-DCL Inbound,Union,55
10/22/2018 11:45,WS Outbound-DCL Inbound,Leroy St and Chestnut OB,890
10/22/2018 11:45,WS Outbound-DCL Inbound,Leroy St and Chestnut OB,890
10/22/2018 11:46,WS Outbound-DCL Inbound,Leroy St and Chestnut OB,890
10/22/2018 11:46,WS Outbound-DCL Inbound,Leroy St and Laurel IB,890
10/22/2018 11:50,WS Outbound-DCL Inbound,Riverside and Beethoven,890
10/22/2018 11:53,WS Outbound-DCL Inbound,Riverside and Columbus,890
10/22/2018 11:53,WS Outbound-DCL Inbound,Floral and Ackley,55
10/22/2018 12:02,WS Outbound-DCL Inbound,Union,890
10/22/2018 12:02,WS Outbound-DCL Inbound,Union,890
10/22/2018 12:02,WS Outbound-DCL Inbound,Union,890
10/22/2018 12:02,WS Outbound-DCL Inbound,Union,890
10/22/2018 12:02,WS Outbound-DCL Inbound,Union,890
10/22/2018 12:02,WS Outbound-DCL Inbound,Union,890
10/22/2018 12:02,WS Outbound-DCL Inbound,Union,890
10/22/2018 12:02,WS Outbound-DCL Inbound,Union,890
10/22/2018 12:02,WS Outbound-DCL Inbound,Union,890
10/22/2018 12:02,WS Outbound-DCL Inbound,Union,890
10/22/2018 12:02,WS Outbound-DCL Inbound,Union,890
10/22/2018 12:03,WS Outbound-DCL Inbound,Union,890
10/22/2018 12:03,WS Outbound-DCL Inbound,Union,890
10/22/2018 12:04,WS Outbound-DCL Inbound,Physical Facilities,21
10/22/2018 12:04,WS Outbound-DCL Inbound,Physical Facilities,21
10/22/2018 12:08,WS Outbound-DCL Inbound,UDC,55
10/22/2018 12:13,WS Outbound-DCL Inbound,Leroy St and Front,55
10/22/2018 12:14,WS Outbound-DCL Inbound,Leroy St and Murray IB,55
10/22/2018 12:14,WS Outbound-DCL Inbound,UDC,890
10/22/2018 12:14,WS Outbound-DCL Inbound,UDC,890
10/22/2018 12:14,WS Outbound-DCL Inbound,Leroy St and Murray IB,55
10/22/2018 12:14,WS Outbound-DCL Inbound,Leroy St and Murray IB,55
10/22/2018 12:14,WS Outbound-DCL Inbound,UDC,890
10/22/2018 12:14,WS Outbound-DCL Inbound,UDC,890
10/22/2018 12:14,WS Outbound-DCL Inbound,Leroy St and Murray IB,55
10/22/2018 12:14,WS Outbound-DCL Inbound,Leroy St and Murray IB,55
10/22/2018 12:14,WS Outbound-DCL Inbound,UDC,890
10/22/2018 12:14,WS Outbound-DCL Inbound,Leroy St and Murray IB,55
10/22/2018 12:14,WS Outbound-DCL Inbound,Leroy St and Murray IB,55
10/22/2018 12:14,WS Outbound-DCL Inbound,UDC,890
10/22/2018 12:14,WS Outbound-DCL Inbound,UDC,890
10/22/2018 12:14,WS Outbound-DCL Inbound,UDC,890
10/22/2018 12:14,WS Outbound-DCL Inbound,UDC,890
10/22/2018 12:15,WS Outbound-DCL Inbound,Leroy St and Chestnut IB,55
10/22/2018 12:15,WS Outbound-DCL Inbound,Leroy St and Chestnut IB,55
10/22/2018 12:15,WS Outbound-DCL Inbound,Leroy St and Chestnut IB,55
10/22/2018 12:15,WS Outbound-DCL Inbound,Leroy St and Chestnut IB,55
10/22/2018 12:15,WS Outbound-DCL Inbound,Leroy St and Chestnut IB,55
10/22/2018 12:17,WS Outbound-DCL Inbound,Beethoven and Leroy,55
10/22/2018 12:18,WS Outbound-DCL Inbound,Physical Facilities,43
10/22/2018 12:19,WS Outbound-DCL Inbound,Main and Murray OB,21
10/22/2018 12:23,WS Outbound-DCL Inbound,UDC,21
10/22/2018 12:23,WS Outbound-DCL Inbound,UDC,21
10/22/2018 12:23,WS Outbound-DCL Inbound,UDC,21
10/22/2018 12:24,WS Outbound-DCL Inbound,UDC,21
10/22/2018 12:24,WS Outbound-DCL Inbound,UDC,21
10/22/2018 12:24,WS Outbound-DCL Inbound,UDC,21
10/22/2018 12:25,WS Outbound-DCL Inbound,UDC,21
10/22/2018 12:26,WS Outbound-DCL Inbound,Mohawk,890
10/22/2018 12:26,WS Outbound-DCL Inbound,Mohawk,890
10/22/2018 12:26,WS Outbound-DCL Inbound,Mohawk,890
10/22/2018 12:27,WS Outbound-DCL Inbound,Mohawk,890
10/22/2018 12:27,WS Outbound-DCL Inbound,Mohawk,890
10/22/2018 12:28,WS Outbound-DCL Inbound,Mohawk,890
10/22/2018 12:28,WS Outbound-DCL Inbound,Leroy St and Murray IB,21
10/22/2018 12:29,WS Outbound-DCL Inbound,Leroy St and Murray IB,21
10/22/2018 12:29,WS Outbound-DCL Inbound,Leroy St and Murray IB,21
10/22/2018 12:29,WS Outbound-DCL Inbound,Leroy St and Murray IB,21
10/22/2018 12:29,WS Outbound-DCL Inbound,Leroy St and Murray IB,21
10/22/2018 12:29,WS Outbound-DCL Inbound,Leroy St and Murray IB,21
10/22/2018 12:29,WS Outbound-DCL Inbound,Leroy St and Murray IB,21
10/22/2018 12:29,WS Outbound-DCL Inbound,Leroy St and Murray IB,21
10/22/2018 12:29,WS Outbound-DCL Inbound,Mohawk,890
10/22/2018 12:29,WS Outbound-DCL Inbound,Mohawk,890
10/22/2018 12:30,WS Outbound-DCL Inbound,Leroy St and Chestnut IB,21
10/22/2018 12:30,WS Outbound-DCL Inbound,Leroy St and Chestnut IB,21
10/22/2018 12:30,WS Outbound-DCL Inbound,Leroy St and Chestnut IB,21
10/22/2018 12:30,WS Outbound-DCL Inbound,Leroy St and Chestnut IB,21
10/22/2018 12:30,WS Outbound-DCL Inbound,Leroy St and Chestnut IB,21
10/22/2018 12:30,WS Outbound-DCL Inbound,Leroy St and Chestnut IB,21
10/22/2018 12:30,WS Outbound-DCL Inbound,Leroy St and Chestnut IB,21
10/22/2018 12:35,WS Outbound-DCL Inbound,UP,890
10/22/2018 12:35,WS Outbound-DCL Inbound,UP,890
10/22/2018 12:35,WS Outbound-DCL Inbound,UP,890
10/22/2018 12:35,WS Outbound-DCL Inbound,UP,890
10/22/2018 12:35,WS Outbound-DCL Inbound,UP,890
10/22/2018 12:35,WS Outbound-DCL Inbound,UP,890
10/22/2018 12:35,WS Outbound-DCL Inbound,UP,890
10/22/2018 12:35,WS Outbound-DCL Inbound,UP,890
10/22/2018 12:35,WS Outbound-DCL Inbound,UP,890
10/22/2018 12:35,WS Outbound-DCL Inbound,UP,890
10/22/2018 12:35,WS Outbound-DCL Inbound,UP,890
10/22/2018 12:36,WS Outbound-DCL Inbound,UP,890
10/22/2018 12:36,WS Outbound-DCL Inbound,UP,890
10/22/2018 12:36,WS Outbound-DCL Inbound,UP,890
10/22/2018 12:36,WS Outbound-DCL Inbound,UP,890
10/22/2018 12:36,WS Outbound-DCL Inbound,UP,890
10/22/2018 12:36,WS Outbound-DCL Inbound,UP,890
10/22/2018 12:36,WS Outbound-DCL Inbound,UP,890
10/22/2018 12:36,WS Outbound-DCL Inbound,UP,890
10/22/2018 12:36,WS Outbound-DCL Inbound,UP,890
10/22/2018 12:36,WS Outbound-DCL Inbound,UP,890
10/22/2018 12:36,WS Outbound-DCL Inbound,UP,890
10/22/2018 12:36,WS Outbound-DCL Inbound,UP,890
10/22/2018 12:36,WS Outbound-DCL Inbound,UP,890
10/22/2018 12:38,WS Outbound-DCL Inbound,Meadows OB,890
10/22/2018 12:38,WS Outbound-DCL Inbound,Meadows OB,890
10/22/2018 12:38,WS Outbound-DCL Inbound,Meadows OB,890
10/22/2018 12:38,WS Outbound-DCL Inbound,Meadows OB,890
10/22/2018 12:38,WS Outbound-DCL Inbound,Meadows OB,890
10/22/2018 12:41,WS Outbound-DCL Inbound,Academic A,21
10/22/2018 12:41,WS Outbound-DCL Inbound,Academic A,21
10/22/2018 12:42,WS Outbound-DCL Inbound,Leroy St and Front,43
10/22/2018 12:43,WS Outbound-DCL Inbound,Leroy St and Murray IB,43
10/22/2018 12:43,WS Outbound-DCL Inbound,Union,890
10/22/2018 12:43,WS Outbound-DCL Inbound,Leroy St and Murray IB,43
10/22/2018 12:43,WS Outbound-DCL Inbound,Leroy St and Murray IB,43
10/22/2018 12:43,WS Outbound-DCL Inbound,Union,890
10/22/2018 12:43,WS Outbound-DCL Inbound,Leroy St and Murray IB,43
10/22/2018 12:43,WS Outbound-DCL Inbound,Leroy St and Murray IB,43
10/22/2018 12:43,WS Outbound-DCL Inbound,Union,890
10/22/2018 12:43,WS Outbound-DCL Inbound,Union,890
10/22/2018 12:43,WS Outbound-DCL Inbound,Leroy St and Murray IB,43
10/22/2018 12:43,WS Outbound-DCL Inbound,Union,890
10/22/2018 12:43,WS Outbound-DCL Inbound,Leroy St and Murray IB,43
10/22/2018 12:43,WS Outbound-DCL Inbound,Leroy St and Murray IB,43
10/22/2018 12:43,WS Outbound-DCL Inbound,Leroy St and Murray IB,43
10/22/2018 12:43,WS Outbound-DCL Inbound,Leroy St and Murray IB,43
10/22/2018 12:43,WS Outbound-DCL Inbound,Leroy St and Murray IB,43
10/22/2018 12:43,WS Outbound-DCL Inbound,Leroy St and Murray IB,43
10/22/2018 12:43,WS Outbound-DCL Inbound,Union,890
10/22/2018 12:44,WS Outbound-DCL Inbound,Union,890
10/22/2018 12:44,WS Outbound-DCL Inbound,Union,890
10/22/2018 12:44,WS Outbound-DCL Inbound,Leroy and Walnut,43
10/22/2018 12:44,WS Outbound-DCL Inbound,Union,890
10/22/2018 12:44,WS Outbound-DCL Inbound,Union,890
10/22/2018 12:44,WS Outbound-DCL Inbound,Leroy St and Chestnut IB,43
10/22/2018 12:44,WS Outbound-DCL Inbound,Leroy St and Chestnut IB,43
10/22/2018 12:44,WS Outbound-DCL Inbound,Leroy St and Chestnut IB,43
10/22/2018 12:44,WS Outbound-DCL Inbound,Union,890
10/22/2018 12:44,WS Outbound-DCL Inbound,Leroy St and Chestnut IB,43
10/22/2018 12:44,WS Outbound-DCL Inbound,Leroy St and Chestnut IB,43
10/22/2018 12:44,WS Outbound-DCL Inbound,Union,890
10/22/2018 12:45,WS Outbound-DCL Inbound,Union,890
10/22/2018 12:46,WS Outbound-DCL Inbound,Beethoven and Leroy,43
10/22/2018 12:46,WS Outbound-DCL Inbound,Beethoven and Leroy,43
10/22/2018 12:48,WS Outbound-DCL Inbound,Denny''s,890
10/22/2018 12:57,WS Outbound-DCL Inbound,Main and Schiller OB,890
10/22/2018 12:57,WS Outbound-DCL Inbound,Main and Schiller OB,890
10/22/2018 12:58,WS Outbound-DCL Inbound,Union,526
10/22/2018 12:58,WS Outbound-DCL Inbound,Union,526
10/22/2018 12:58,WS Outbound-DCL Inbound,Union,526
10/22/2018 12:58,WS Outbound-DCL Inbound,Union,526
10/22/2018 12:58,WS Outbound-DCL Inbound,Union,526
10/22/2018 12:59,WS Outbound-DCL Inbound,Union,526
10/22/2018 12:59,WS Outbound-DCL Inbound,Union,526
10/22/2018 12:59,WS Outbound-DCL Inbound,Union,526
10/22/2018 12:59,WS Outbound-DCL Inbound,Union,526
10/22/2018 12:59,WS Outbound-DCL Inbound,Union,526
10/22/2018 12:59,WS Outbound-DCL Inbound,Union,526
10/22/2018 12:59,WS Outbound-DCL Inbound,Main and Cedar OB,890
10/22/2018 13:01,WS Outbound-DCL Inbound,Union,526
10/22/2018 13:01,WS Outbound-DCL Inbound,Union,526
10/22/2018 13:01,WS Outbound-DCL Inbound,Union,526
10/22/2018 13:06,WS Outbound-DCL Inbound,Physical Facilities,526
10/22/2018 13:06,WS Outbound-DCL Inbound,Physical Facilities,526
10/22/2018 13:06,WS Outbound-DCL Inbound,Physical Facilities,526
10/22/2018 13:06,WS Outbound-DCL Inbound,Physical Facilities,526
10/22/2018 13:06,WS Outbound-DCL Inbound,Physical Facilities,526
10/22/2018 13:06,WS Outbound-DCL Inbound,Physical Facilities,526
10/22/2018 13:06,WS Outbound-DCL Inbound,Physical Facilities,526
10/22/2018 13:06,WS Outbound-DCL Inbound,Physical Facilities,526
10/22/2018 13:07,WS Outbound-DCL Inbound,UDC,890
10/22/2018 13:18,WS Outbound-DCL Inbound,Union,55
10/22/2018 13:18,WS Outbound-DCL Inbound,Union,55
10/22/2018 13:18,WS Outbound-DCL Inbound,Union,55
10/22/2018 13:18,WS Outbound-DCL Inbound,Union,55
10/22/2018 13:18,WS Outbound-DCL Inbound,Union,55
10/22/2018 13:18,WS Outbound-DCL Inbound,Union,55
10/22/2018 13:18,WS Outbound-DCL Inbound,Union,55
10/22/2018 13:18,WS Outbound-DCL Inbound,Union,55
10/22/2018 13:18,WS Outbound-DCL Inbound,Union,55
10/22/2018 13:18,WS Outbound-DCL Inbound,Union,55
10/22/2018 13:18,WS Outbound-DCL Inbound,Union,55
10/22/2018 13:18,WS Outbound-DCL Inbound,Union,55
10/22/2018 13:18,WS Outbound-DCL Inbound,Union,55
10/22/2018 13:19,WS Outbound-DCL Inbound,Union,55
10/22/2018 13:20,WS Outbound-DCL Inbound,Main and Murray OB,526
10/22/2018 13:30,WS Outbound-DCL Inbound,Leroy St and Murray IB,526
10/22/2018 13:31,WS Outbound-DCL Inbound,Main and Matthews,55
10/22/2018 13:31,WS Outbound-DCL Inbound,Leroy St and Chestnut IB,526
10/22/2018 13:31,WS Outbound-DCL Inbound,Leroy St and Chestnut IB,526
10/22/2018 13:36,WS Outbound-DCL Inbound,Riverside and Columbus IB,526
10/22/2018 13:37,WS Outbound-DCL Inbound,Main and Murray OB,55
10/22/2018 13:41,WS Outbound-DCL Inbound,UDC,55
10/22/2018 13:44,WS Outbound-DCL Inbound,Leroy St and Front,55
10/22/2018 13:45,WS Outbound-DCL Inbound,Leroy St and Front,55
10/22/2018 13:45,WS Outbound-DCL Inbound,Leroy St and Front,55
10/22/2018 13:45,WS Outbound-DCL Inbound,Union,43
10/22/2018 13:45,WS Outbound-DCL Inbound,Union,43
10/22/2018 13:45,WS Outbound-DCL Inbound,Union,43
10/22/2018 13:45,WS Outbound-DCL Inbound,Union,43
10/22/2018 13:45,WS Outbound-DCL Inbound,Union,43
10/22/2018 13:45,WS Outbound-DCL Inbound,Union,43
10/22/2018 13:46,WS Outbound-DCL Inbound,Union,43
10/22/2018 13:46,WS Outbound-DCL Inbound,Union,43
10/22/2018 13:46,WS Outbound-DCL Inbound,Union,43
10/22/2018 13:46,WS Outbound-DCL Inbound,Union,43
10/22/2018 13:46,WS Outbound-DCL Inbound,Union,43
10/22/2018 13:46,WS Outbound-DCL Inbound,Union,43
10/22/2018 13:46,WS Outbound-DCL Inbound,Leroy St and Murray IB,55
10/22/2018 13:46,WS Outbound-DCL Inbound,Leroy St and Murray IB,55
10/22/2018 13:46,WS Outbound-DCL Inbound,Leroy St and Murray IB,55
10/22/2018 13:46,WS Outbound-DCL Inbound,Leroy St and Murray IB,55
10/22/2018 13:46,WS Outbound-DCL Inbound,Union,43
10/22/2018 13:46,WS Outbound-DCL Inbound,Union,43
10/22/2018 13:46,WS Outbound-DCL Inbound,Leroy St and Murray IB,55
10/22/2018 13:46,WS Outbound-DCL Inbound,Leroy St and Murray IB,55
10/22/2018 13:46,WS Outbound-DCL Inbound,Leroy St and Murray IB,55
10/22/2018 13:46,WS Outbound-DCL Inbound,Leroy St and Murray IB,55
10/22/2018 13:46,WS Outbound-DCL Inbound,Leroy St and Murray IB,55
10/22/2018 13:46,WS Outbound-DCL Inbound,Leroy St and Murray IB,55
10/22/2018 13:46,WS Outbound-DCL Inbound,Leroy St and Murray IB,55
10/22/2018 13:46,WS Outbound-DCL Inbound,Leroy St and Murray IB,55
10/22/2018 13:46,WS Outbound-DCL Inbound,Leroy St and Murray IB,55
10/22/2018 13:46,WS Outbound-DCL Inbound,Leroy St and Murray IB,55
10/22/2018 13:46,WS Outbound-DCL Inbound,Leroy St and Murray IB,55
10/22/2018 13:47,WS Outbound-DCL Inbound,Leroy St and Chestnut IB,55
10/22/2018 13:47,WS Outbound-DCL Inbound,Leroy St and Chestnut IB,55
10/22/2018 13:47,WS Outbound-DCL Inbound,Leroy St and Chestnut IB,55
10/22/2018 13:48,WS Outbound-DCL Inbound,Leroy St and Chestnut IB,55
10/22/2018 13:49,WS Outbound-DCL Inbound,Physical Facilities,43
10/22/2018 13:50,WS Outbound-DCL Inbound,Riverside and Beethoven,55
10/22/2018 13:53,WS Outbound-DCL Inbound,Mohawk,890
10/22/2018 13:54,WS Outbound-DCL Inbound,Mohawk,890
10/22/2018 13:54,WS Outbound-DCL Inbound,Mohawk,890
10/22/2018 13:57,WS Outbound-DCL Inbound,Mohawk,890
10/22/2018 13:57,WS Outbound-DCL Inbound,Union,528
10/22/2018 13:57,WS Outbound-DCL Inbound,Union,528
10/22/2018 13:57,WS Outbound-DCL Inbound,Union,528
10/22/2018 13:57,WS Outbound-DCL Inbound,Union,528
10/22/2018 13:57,WS Outbound-DCL Inbound,Union,528
10/22/2018 13:57,WS Outbound-DCL Inbound,Union,528
10/22/2018 13:57,WS Outbound-DCL Inbound,Union,528
10/22/2018 13:57,WS Outbound-DCL Inbound,Union,528
10/22/2018 13:58,WS Outbound-DCL Inbound,Union,528
10/22/2018 13:58,WS Outbound-DCL Inbound,Union,528
10/22/2018 13:58,WS Outbound-DCL Inbound,Union,528
10/22/2018 13:58,WS Outbound-DCL Inbound,Union,528
10/22/2018 13:58,WS Outbound-DCL Inbound,Union,528
10/22/2018 13:58,WS Outbound-DCL Inbound,Union,528
10/22/2018 13:58,WS Outbound-DCL Inbound,Mohawk,890
10/22/2018 13:58,WS Outbound-DCL Inbound,Mohawk,890
10/22/2018 13:58,WS Outbound-DCL Inbound,Mohawk,890
10/22/2018 13:58,WS Outbound-DCL Inbound,Mohawk,890
10/22/2018 13:59,WS Outbound-DCL Inbound,Mohawk,890
10/22/2018 13:59,WS Outbound-DCL Inbound,Mohawk,890
10/22/2018 13:59,WS Outbound-DCL Inbound,Mohawk,890
10/22/2018 13:59,WS Outbound-DCL Inbound,Union,528
10/22/2018 13:59,WS Outbound-DCL Inbound,Union,528
10/22/2018 13:59,WS Outbound-DCL Inbound,Mohawk,890
10/22/2018 13:59,WS Outbound-DCL Inbound,Mohawk,890
10/22/2018 14:00,WS Outbound-DCL Inbound,Union,528
10/22/2018 14:00,WS Outbound-DCL Inbound,Union,528
10/22/2018 14:01,WS Outbound-DCL Inbound,Newing,890
10/22/2018 14:01,WS Outbound-DCL Inbound,Newing,890
10/22/2018 14:06,WS Outbound-DCL Inbound,UP,890
10/22/2018 14:07,WS Outbound-DCL Inbound,UP,890
10/22/2018 14:07,WS Outbound-DCL Inbound,UP,890
10/22/2018 14:07,WS Outbound-DCL Inbound,UP,890
10/22/2018 14:07,WS Outbound-DCL Inbound,UP,890
10/22/2018 14:07,WS Outbound-DCL Inbound,UP,890
10/22/2018 14:07,WS Outbound-DCL Inbound,UP,890
10/22/2018 14:07,WS Outbound-DCL Inbound,UP,890
10/22/2018 14:07,WS Outbound-DCL Inbound,UP,890
10/22/2018 14:07,WS Outbound-DCL Inbound,UP,890
10/22/2018 14:07,WS Outbound-DCL Inbound,UP,890
10/22/2018 14:07,WS Outbound-DCL Inbound,UP,890
10/22/2018 14:07,WS Outbound-DCL Inbound,UP,890
10/22/2018 14:07,WS Outbound-DCL Inbound,UP,890
10/22/2018 14:07,WS Outbound-DCL Inbound,UP,890
10/22/2018 14:07,WS Outbound-DCL Inbound,UP,890
10/22/2018 14:07,WS Outbound-DCL Inbound,UP,890
10/22/2018 14:09,WS Outbound-DCL Inbound,Meadows OB,890
10/22/2018 14:09,WS Outbound-DCL Inbound,Meadows OB,890
10/22/2018 14:09,WS Outbound-DCL Inbound,Meadows OB,890
10/22/2018 14:09,WS Outbound-DCL Inbound,Meadows OB,890
10/22/2018 14:09,WS Outbound-DCL Inbound,Floral and Main OB,528
10/22/2018 14:09,WS Outbound-DCL Inbound,Floral and Main OB,528
10/22/2018 14:09,WS Outbound-DCL Inbound,Hayes IB,890
10/22/2018 14:09,WS Outbound-DCL Inbound,Hayes IB,890
10/22/2018 14:11,WS Outbound-DCL Inbound,UDC,43
10/22/2018 14:11,WS Outbound-DCL Inbound,UDC,43
10/22/2018 14:11,WS Outbound-DCL Inbound,UDC,43
10/22/2018 14:11,WS Outbound-DCL Inbound,UDC,43
10/22/2018 14:11,WS Outbound-DCL Inbound,UDC,43
10/22/2018 14:12,WS Outbound-DCL Inbound,UDC,43
10/22/2018 14:12,WS Outbound-DCL Inbound,UDC,43
10/22/2018 14:13,WS Outbound-DCL Inbound,Main and Helen OB,528
10/22/2018 14:14,WS Outbound-DCL Inbound,Union,890
10/22/2018 14:15,WS Outbound-DCL Inbound,Union,890
10/22/2018 14:15,WS Outbound-DCL Inbound,Leroy St and Front,43
10/22/2018 14:15,WS Outbound-DCL Inbound,Union,890
10/22/2018 14:15,WS Outbound-DCL Inbound,Union,890
10/22/2018 14:15,WS Outbound-DCL Inbound,Union,890
10/22/2018 14:15,WS Outbound-DCL Inbound,Union,890
10/22/2018 14:15,WS Outbound-DCL Inbound,Union,890
10/22/2018 14:15,WS Outbound-DCL Inbound,Union,890
10/22/2018 14:15,WS Outbound-DCL Inbound,Union,890
10/22/2018 14:15,WS Outbound-DCL Inbound,Union,890
10/22/2018 14:15,WS Outbound-DCL Inbound,Union,890
10/22/2018 14:15,WS Outbound-DCL Inbound,Union,890
10/22/2018 14:15,WS Outbound-DCL Inbound,Union,890
10/22/2018 14:15,WS Outbound-DCL Inbound,Union,890
10/22/2018 14:15,WS Outbound-DCL Inbound,Union,890
10/22/2018 14:15,WS Outbound-DCL Inbound,Union,890
10/22/2018 14:15,WS Outbound-DCL Inbound,Union,890
10/22/2018 14:15,WS Outbound-DCL Inbound,Union,890
10/22/2018 14:15,WS Outbound-DCL Inbound,Union,890
10/22/2018 14:15,WS Outbound-DCL Inbound,Union,890
10/22/2018 14:16,WS Outbound-DCL Inbound,Union,890
10/22/2018 14:16,WS Outbound-DCL Inbound,Union,890
10/22/2018 14:16,WS Outbound-DCL Inbound,Union,890
10/22/2018 14:16,WS Outbound-DCL Inbound,Leroy St and Murray OB,43
10/22/2018 14:16,WS Outbound-DCL Inbound,Leroy St and Murray OB,43
10/22/2018 14:16,WS Outbound-DCL Inbound,Leroy St and Murray OB,43
10/22/2018 14:16,WS Outbound-DCL Inbound,Union,890
10/22/2018 14:16,WS Outbound-DCL Inbound,Union,890
10/22/2018 14:16,WS Outbound-DCL Inbound,Union,890
10/22/2018 14:17,WS Outbound-DCL Inbound,Leroy St and Chestnut IB,43
10/22/2018 14:17,WS Outbound-DCL Inbound,Leroy St and Chestnut IB,43
10/22/2018 14:17,WS Outbound-DCL Inbound,Leroy St and Chestnut IB,43
10/22/2018 14:17,WS Outbound-DCL Inbound,Leroy St and Chestnut IB,43
10/22/2018 14:17,WS Outbound-DCL Inbound,Leroy St and Chestnut IB,43
10/22/2018 14:17,WS Outbound-DCL Inbound,Leroy St and Chestnut IB,43
10/22/2018 14:19,WS Outbound-DCL Inbound,Leroy St and Laurel OB,43
10/22/2018 14:19,WS Outbound-DCL Inbound,Physical Facilities,890
10/22/2018 14:20,WS Outbound-DCL Inbound,UDC,528
10/22/2018 14:22,WS Outbound-DCL Inbound,UDC,528
10/22/2018 14:22,WS Outbound-DCL Inbound,UDC,528
10/22/2018 14:25,WS Outbound-DCL Inbound,UDC,528
10/22/2018 14:27,WS Outbound-DCL Inbound,Leroy St and Murray IB,528
10/22/2018 14:27,WS Outbound-DCL Inbound,Leroy St and Murray IB,528
10/22/2018 14:28,WS Outbound-DCL Inbound,Leroy St and Murray IB,528
10/22/2018 14:28,WS Outbound-DCL Inbound,Leroy St and Murray IB,528
10/22/2018 14:28,WS Outbound-DCL Inbound,Leroy St and Murray IB,528
10/22/2018 14:28,WS Outbound-DCL Inbound,Leroy St and Chestnut IB,528
10/22/2018 14:28,WS Outbound-DCL Inbound,Union,21
10/22/2018 14:29,WS Outbound-DCL Inbound,Union,21
10/22/2018 14:29,WS Outbound-DCL Inbound,Union,21
10/22/2018 14:29,WS Outbound-DCL Inbound,Union,21
10/22/2018 14:29,WS Outbound-DCL Inbound,Union,21
10/22/2018 14:29,WS Outbound-DCL Inbound,Union,21
10/22/2018 14:29,WS Outbound-DCL Inbound,Union,21
10/22/2018 14:29,WS Outbound-DCL Inbound,Union,21
10/22/2018 14:29,WS Outbound-DCL Inbound,Union,21
10/22/2018 14:29,WS Outbound-DCL Inbound,Union,21
10/22/2018 14:29,WS Outbound-DCL Inbound,Union,21
10/22/2018 14:29,WS Outbound-DCL Inbound,Union,21
10/22/2018 14:29,WS Outbound-DCL Inbound,Union,21
10/22/2018 14:29,WS Outbound-DCL Inbound,Union,21
10/22/2018 14:29,WS Outbound-DCL Inbound,Leroy St and Chestnut IB,528
10/22/2018 14:29,WS Outbound-DCL Inbound,Leroy St and Chestnut IB,528
10/22/2018 14:29,WS Outbound-DCL Inbound,Union,21
10/22/2018 14:29,WS Outbound-DCL Inbound,Leroy St and Chestnut IB,528
10/22/2018 14:29,WS Outbound-DCL Inbound,Leroy St and Chestnut IB,528
10/22/2018 14:29,WS Outbound-DCL Inbound,Union,21
10/22/2018 14:29,WS Outbound-DCL Inbound,Union,21
10/22/2018 14:29,WS Outbound-DCL Inbound,Leroy St and Chestnut IB,528
10/22/2018 14:29,WS Outbound-DCL Inbound,Union,21
10/22/2018 14:29,WS Outbound-DCL Inbound,Union,21
10/22/2018 14:29,WS Outbound-DCL Inbound,Union,21
10/22/2018 14:29,WS Outbound-DCL Inbound,Union,21
10/22/2018 14:29,WS Outbound-DCL Inbound,Union,21
10/22/2018 14:29,WS Outbound-DCL Inbound,Union,21
10/22/2018 14:29,WS Outbound-DCL Inbound,Union,21
10/22/2018 14:29,WS Outbound-DCL Inbound,Union,21
10/22/2018 14:29,WS Outbound-DCL Inbound,Union,21
10/22/2018 14:29,WS Outbound-DCL Inbound,Union,21
10/22/2018 14:29,WS Outbound-DCL Inbound,Union,21
10/22/2018 14:30,WS Outbound-DCL Inbound,Union,21
10/22/2018 14:30,WS Outbound-DCL Inbound,Union,21
10/22/2018 14:30,WS Outbound-DCL Inbound,Union,21
10/22/2018 14:30,WS Outbound-DCL Inbound,Union,21
10/22/2018 14:32,WS Outbound-DCL Inbound,Leroy St and Chestnut OB,890
10/22/2018 14:32,WS Outbound-DCL Inbound,Leroy St and Chestnut OB,890
10/22/2018 14:34,WS Outbound-DCL Inbound,Leroy St and Murray OB,890
10/22/2018 14:42,WS Outbound-DCL Inbound,Main and Murray IB,890
10/22/2018 14:42,WS Outbound-DCL Inbound,Main and Murray IB,890
10/22/2018 14:42,WS Outbound-DCL Inbound,Floral and Cleveland OB,21
10/22/2018 14:42,WS Outbound-DCL Inbound,Main and Mather,890
10/22/2018 14:42,WS Outbound-DCL Inbound,Main and Mather,890
10/22/2018 14:42,WS Outbound-DCL Inbound,Main and Mather,890
10/22/2018 14:42,WS Outbound-DCL Inbound,Union,526
10/22/2018 14:43,WS Outbound-DCL Inbound,Main and Mather,890
10/22/2018 14:43,WS Outbound-DCL Inbound,Union,526
10/22/2018 14:43,WS Outbound-DCL Inbound,Union,526
10/22/2018 14:43,WS Outbound-DCL Inbound,Union,526
10/22/2018 14:43,WS Outbound-DCL Inbound,Union,526
10/22/2018 14:43,WS Outbound-DCL Inbound,Union,526
10/22/2018 14:43,WS Outbound-DCL Inbound,Union,526
10/22/2018 14:43,WS Outbound-DCL Inbound,Union,526
10/22/2018 14:43,WS Outbound-DCL Inbound,Main and Cedar IB,890
10/22/2018 14:43,WS Outbound-DCL Inbound,Main and Cedar IB,890
10/22/2018 14:44,WS Outbound-DCL Inbound,Main and Clarke IB,890
10/22/2018 14:44,WS Outbound-DCL Inbound,Union,526
10/22/2018 14:44,WS Outbound-DCL Inbound,Union,526
10/22/2018 14:44,WS Outbound-DCL Inbound,Main and Helen OB,21
10/22/2018 14:44,WS Outbound-DCL Inbound,Main and Helen OB,21
10/22/2018 14:45,WS Outbound-DCL Inbound,Union,526
10/22/2018 14:45,WS Outbound-DCL Inbound,Main and Schiller IB,890
10/22/2018 14:45,WS Outbound-DCL Inbound,Main and Schiller IB,890
10/22/2018 14:45,WS Outbound-DCL Inbound,Main and Schiller IB,890
10/22/2018 14:45,WS Outbound-DCL Inbound,Main and Schiller IB,890
10/22/2018 14:45,WS Outbound-DCL Inbound,Main and Schiller IB,890
10/22/2018 14:45,WS Outbound-DCL Inbound,Union,526
10/22/2018 14:47,WS Outbound-DCL Inbound,Union,526
10/22/2018 14:47,WS Outbound-DCL Inbound,Union,526
10/22/2018 14:47,WS Outbound-DCL Inbound,Union,526
10/22/2018 14:48,WS Outbound-DCL Inbound,Floral and Cleveland IB,890
10/22/2018 14:48,WS Outbound-DCL Inbound,Floral and Cleveland IB,890
10/22/2018 14:49,WS Outbound-DCL Inbound,Floral and Roberts IB,890
10/22/2018 14:50,WS Outbound-DCL Inbound,Floral and Harrison IB,890
10/22/2018 14:50,WS Outbound-DCL Inbound,Floral and Harrison IB,890
10/22/2018 14:57,WS Outbound-DCL Inbound,Union,890
10/22/2018 14:57,WS Outbound-DCL Inbound,Union,890
10/22/2018 14:57,WS Outbound-DCL Inbound,Union,890
10/22/2018 14:57,WS Outbound-DCL Inbound,Union,890
10/22/2018 14:57,WS Outbound-DCL Inbound,Union,890
10/22/2018 14:57,WS Outbound-DCL Inbound,Union,890
10/22/2018 14:57,WS Outbound-DCL Inbound,Union,890
10/22/2018 14:57,WS Outbound-DCL Inbound,Union,890
10/22/2018 14:57,WS Outbound-DCL Inbound,Union,890
10/22/2018 14:57,WS Outbound-DCL Inbound,Union,890
10/22/2018 14:58,WS Outbound-DCL Inbound,Union,890
10/22/2018 14:59,WS Outbound-DCL Inbound,Union,890
10/22/2018 14:59,WS Outbound-DCL Inbound,Union,890
10/22/2018 15:00,WS Outbound-DCL Inbound,Leroy St and Murray IB,21
10/22/2018 15:00,WS Outbound-DCL Inbound,Leroy St and Murray IB,21
10/22/2018 15:00,WS Outbound-DCL Inbound,Leroy St and Murray IB,21
10/22/2018 15:00,WS Outbound-DCL Inbound,Leroy St and Murray IB,21
10/22/2018 15:00,WS Outbound-DCL Inbound,Leroy St and Murray IB,21
10/22/2018 15:00,WS Outbound-DCL Inbound,Leroy St and Murray IB,21
10/22/2018 15:00,WS Outbound-DCL Inbound,Leroy St and Murray IB,21
10/22/2018 15:00,WS Outbound-DCL Inbound,Leroy St and Murray IB,21
10/22/2018 15:00,WS Outbound-DCL Inbound,Leroy St and Murray IB,21
10/22/2018 15:00,WS Outbound-DCL Inbound,Leroy St and Murray IB,21
10/22/2018 15:00,WS Outbound-DCL Inbound,Leroy St and Murray IB,21
10/22/2018 15:01,WS Outbound-DCL Inbound,Main and Clarke OB,526
10/22/2018 15:01,WS Outbound-DCL Inbound,Leroy St and Chestnut IB,21
10/22/2018 15:01,WS Outbound-DCL Inbound,Leroy St and Chestnut IB,21
10/22/2018 15:01,WS Outbound-DCL Inbound,Leroy St and Chestnut IB,21
10/22/2018 15:01,WS Outbound-DCL Inbound,Leroy St and Chestnut IB,21
10/22/2018 15:01,WS Outbound-DCL Inbound,Leroy St and Chestnut IB,21
10/22/2018 15:03,WS Outbound-DCL Inbound,Beethoven and Leroy,21
10/22/2018 15:03,WS Outbound-DCL Inbound,Beethoven and Leroy,21
10/22/2018 15:03,WS Outbound-DCL Inbound,Beethoven and Leroy,21
10/22/2018 15:07,WS Outbound-DCL Inbound,Riverside and Ethel IB,21
10/22/2018 15:09,WS Outbound-DCL Inbound,UDC,526
10/22/2018 15:12,WS Outbound-DCL Inbound,UDC,890
10/22/2018 15:12,WS Outbound-DCL Inbound,UDC,890
10/22/2018 15:13,WS Outbound-DCL Inbound,UDC,890
10/22/2018 15:13,WS Outbound-DCL Inbound,UDC,890
10/22/2018 15:13,WS Outbound-DCL Inbound,Leroy St and Murray IB,526
10/22/2018 15:13,WS Outbound-DCL Inbound,Leroy St and Murray IB,526
10/22/2018 15:13,WS Outbound-DCL Inbound,Leroy St and Murray IB,526
10/22/2018 15:13,WS Outbound-DCL Inbound,Leroy St and Murray IB,526
10/22/2018 15:14,WS Outbound-DCL Inbound,UDC,890
10/22/2018 15:14,WS Outbound-DCL Inbound,Leroy St and Chestnut IB,526
10/22/2018 15:14,WS Outbound-DCL Inbound,Leroy St and Chestnut IB,526
10/22/2018 15:14,WS Outbound-DCL Inbound,Leroy St and Chestnut IB,526
10/22/2018 15:15,WS Outbound-DCL Inbound,UDC,890
10/22/2018 15:15,WS Outbound-DCL Inbound,UDC,890
10/22/2018 15:15,WS Outbound-DCL Inbound,Union,43
10/22/2018 15:15,WS Outbound-DCL Inbound,Union,43
10/22/2018 15:15,WS Outbound-DCL Inbound,Union,43
10/22/2018 15:15,WS Outbound-DCL Inbound,Union,43
10/22/2018 15:15,WS Outbound-DCL Inbound,Union,43
10/22/2018 15:15,WS Outbound-DCL Inbound,Union,43
10/22/2018 15:16,WS Outbound-DCL Inbound,Union,43
10/22/2018 15:16,WS Outbound-DCL Inbound,Union,43
10/22/2018 15:16,WS Outbound-DCL Inbound,Union,43
10/22/2018 15:16,WS Outbound-DCL Inbound,Union,43
10/22/2018 15:16,WS Outbound-DCL Inbound,Union,43
10/22/2018 15:16,WS Outbound-DCL Inbound,Union,43
10/22/2018 15:16,WS Outbound-DCL Inbound,Union,43
10/22/2018 15:16,WS Outbound-DCL Inbound,Union,43
10/22/2018 15:16,WS Outbound-DCL Inbound,Union,43
10/22/2018 15:16,WS Outbound-DCL Inbound,Union,43
10/22/2018 15:16,WS Outbound-DCL Inbound,Union,43
10/22/2018 15:16,WS Outbound-DCL Inbound,Union,43
10/22/2018 15:17,WS Outbound-DCL Inbound,Union,43
10/22/2018 15:20,WS Outbound-DCL Inbound,Physical Facilities,43
10/22/2018 15:25,WS Outbound-DCL Inbound,Union,55
10/22/2018 15:25,WS Outbound-DCL Inbound,Union,55
10/22/2018 15:25,WS Outbound-DCL Inbound,Union,55
10/22/2018 15:25,WS Outbound-DCL Inbound,Union,55
10/22/2018 15:25,WS Outbound-DCL Inbound,Union,55
10/22/2018 15:25,WS Outbound-DCL Inbound,Union,55
10/22/2018 15:25,WS Outbound-DCL Inbound,Union,55
10/22/2018 15:25,WS Outbound-DCL Inbound,Union,55
10/22/2018 15:25,WS Outbound-DCL Inbound,Union,55
10/22/2018 15:25,WS Outbound-DCL Inbound,Union,55
10/22/2018 15:25,WS Outbound-DCL Inbound,Union,55
10/22/2018 15:25,WS Outbound-DCL Inbound,Union,55
10/22/2018 15:25,WS Outbound-DCL Inbound,Union,55
10/22/2018 15:25,WS Outbound-DCL Inbound,Union,55
10/22/2018 15:26,WS Outbound-DCL Inbound,Union,55
10/22/2018 15:26,WS Outbound-DCL Inbound,Union,55
10/22/2018 15:26,WS Outbound-DCL Inbound,Union,55
10/22/2018 15:27,WS Outbound-DCL Inbound,Union,55
10/22/2018 15:27,WS Outbound-DCL Inbound,Union,55
10/22/2018 15:27,WS Outbound-DCL Inbound,Union,55
10/22/2018 15:27,WS Outbound-DCL Inbound,Union,55
10/22/2018 15:28,WS Outbound-DCL Inbound,Union,55
10/22/2018 15:28,WS Outbound-DCL Inbound,Mohawk,890
10/22/2018 15:28,WS Outbound-DCL Inbound,Mohawk,890
10/22/2018 15:28,WS Outbound-DCL Inbound,Mohawk,890
10/22/2018 15:28,WS Outbound-DCL Inbound,Mohawk,890
10/22/2018 15:28,WS Outbound-DCL Inbound,Mohawk,890
10/22/2018 15:28,WS Outbound-DCL Inbound,Mohawk,890
10/22/2018 15:28,WS Outbound-DCL Inbound,Mohawk,890
10/22/2018 15:28,WS Outbound-DCL Inbound,Union,55
10/22/2018 15:28,WS Outbound-DCL Inbound,Union,55
10/22/2018 15:28,WS Outbound-DCL Inbound,Mohawk,890
10/22/2018 15:28,WS Outbound-DCL Inbound,Mohawk,890
10/22/2018 15:28,WS Outbound-DCL Inbound,Union,55
10/22/2018 15:28,WS Outbound-DCL Inbound,Mohawk,890
10/22/2018 15:28,WS Outbound-DCL Inbound,Union,55
10/22/2018 15:28,WS Outbound-DCL Inbound,Mohawk,890
10/22/2018 15:28,WS Outbound-DCL Inbound,Mohawk,890
10/22/2018 15:28,WS Outbound-DCL Inbound,Mohawk,890
10/22/2018 15:28,WS Outbound-DCL Inbound,Mohawk,890
10/22/2018 15:28,WS Outbound-DCL Inbound,Mohawk,890
10/22/2018 15:28,WS Outbound-DCL Inbound,Mohawk,890
10/22/2018 15:28,WS Outbound-DCL Inbound,Mohawk,890
10/22/2018 15:28,WS Outbound-DCL Inbound,Union,55
10/22/2018 15:28,WS Outbound-DCL Inbound,Mohawk,890
10/22/2018 15:28,WS Outbound-DCL Inbound,Mohawk,890
10/22/2018 15:28,WS Outbound-DCL Inbound,Mohawk,890
10/22/2018 15:28,WS Outbound-DCL Inbound,Mohawk,890
10/22/2018 15:29,WS Outbound-DCL Inbound,Mohawk,890
10/22/2018 15:29,WS Outbound-DCL Inbound,Mohawk,890
10/22/2018 15:29,WS Outbound-DCL Inbound,Mohawk,890
10/22/2018 15:29,WS Outbound-DCL Inbound,Mohawk,890
10/22/2018 15:29,WS Outbound-DCL Inbound,Mohawk,890
10/22/2018 15:29,WS Outbound-DCL Inbound,Union,55
10/22/2018 15:29,WS Outbound-DCL Inbound,Mohawk,890
10/22/2018 15:29,WS Outbound-DCL Inbound,Mohawk,890
10/22/2018 15:29,WS Outbound-DCL Inbound,Mohawk,890
10/22/2018 15:29,WS Outbound-DCL Inbound,Mohawk,890
10/22/2018 15:29,WS Outbound-DCL Inbound,Mohawk,890
10/22/2018 15:30,WS Outbound-DCL Inbound,Union,55
10/22/2018 15:30,WS Outbound-DCL Inbound,Union,55
10/22/2018 15:30,WS Outbound-DCL Inbound,Union,55
10/22/2018 15:30,WS Outbound-DCL Inbound,Union,55
10/22/2018 15:30,WS Outbound-DCL Inbound,Union,55
10/22/2018 15:31,WS Outbound-DCL Inbound,Union,55
10/22/2018 15:34,WS Outbound-DCL Inbound,Main and Murray OB,43
10/22/2018 15:35,WS Outbound-DCL Inbound,UP,890
10/22/2018 15:35,WS Outbound-DCL Inbound,UP,890
10/22/2018 15:35,WS Outbound-DCL Inbound,UP,890
10/22/2018 15:38,WS Outbound-DCL Inbound,UDC,43
10/22/2018 15:38,WS Outbound-DCL Inbound,UDC,43
10/22/2018 15:38,WS Outbound-DCL Inbound,UDC,43
10/22/2018 15:38,WS Outbound-DCL Inbound,UDC,43
10/22/2018 15:38,WS Outbound-DCL Inbound,UDC,43
10/22/2018 15:39,WS Outbound-DCL Inbound,UDC,43
10/22/2018 15:41,WS Outbound-DCL Inbound,Union,890
10/22/2018 15:41,WS Outbound-DCL Inbound,Union,890
10/22/2018 15:41,WS Outbound-DCL Inbound,Union,890
10/22/2018 15:41,WS Outbound-DCL Inbound,Union,890
10/22/2018 15:41,WS Outbound-DCL Inbound,Union,890
10/22/2018 15:41,WS Outbound-DCL Inbound,Union,890
10/22/2018 15:42,WS Outbound-DCL Inbound,Union,890
10/22/2018 15:42,WS Outbound-DCL Inbound,Union,890
10/22/2018 15:42,WS Outbound-DCL Inbound,Union,890
10/22/2018 15:42,WS Outbound-DCL Inbound,Union,890
10/22/2018 15:42,WS Outbound-DCL Inbound,Union,890
10/22/2018 15:42,WS Outbound-DCL Inbound,Union,890
10/22/2018 15:42,WS Outbound-DCL Inbound,Union,890
10/22/2018 15:42,WS Outbound-DCL Inbound,Union,890
10/22/2018 15:42,WS Outbound-DCL Inbound,Union,890
10/22/2018 15:42,WS Outbound-DCL Inbound,Union,890
10/22/2018 15:42,WS Outbound-DCL Inbound,Floral and New York,55
10/22/2018 15:42,WS Outbound-DCL Inbound,Union,890
10/22/2018 15:42,WS Outbound-DCL Inbound,Union,890
10/22/2018 15:42,WS Outbound-DCL Inbound,Leroy St and Murray OB,43
10/22/2018 15:43,WS Outbound-DCL Inbound,Union,890
10/22/2018 15:43,WS Outbound-DCL Inbound,Leroy St and Murray OB,43
10/22/2018 15:43,WS Outbound-DCL Inbound,Leroy St and Chestnut IB,43
10/22/2018 15:43,WS Outbound-DCL Inbound,Leroy St and Chestnut IB,43
10/22/2018 15:43,WS Outbound-DCL Inbound,Leroy St and Chestnut IB,43
10/22/2018 15:44,WS Outbound-DCL Inbound,Leroy St and Chestnut IB,43
10/22/2018 15:44,WS Outbound-DCL Inbound,Union,890
10/22/2018 15:44,WS Outbound-DCL Inbound,Union,890
10/22/2018 15:45,WS Outbound-DCL Inbound,Union,890
10/22/2018 15:50,WS Outbound-DCL Inbound,Main and Helen OB,55
10/22/2018 15:50,WS Outbound-DCL Inbound,Main and Helen OB,55
10/22/2018 15:50,WS Outbound-DCL Inbound,Main and Helen OB,55
10/22/2018 15:52,WS Outbound-DCL Inbound,Main and Clarke OB,55
10/22/2018 16:02,WS Outbound-DCL Inbound,UDC IB,890
10/22/2018 16:02,WS Outbound-DCL Inbound,Leroy St and Front,55
10/22/2018 16:02,WS Outbound-DCL Inbound,Leroy St and Front,55
10/22/2018 16:04,WS Outbound-DCL Inbound,Leroy St and Murray IB,55
10/22/2018 16:04,WS Outbound-DCL Inbound,Leroy St and Murray IB,55
10/22/2018 16:04,WS Outbound-DCL Inbound,Leroy St and Murray IB,55
10/22/2018 16:04,WS Outbound-DCL Inbound,Leroy St and Murray IB,55
10/22/2018 16:04,WS Outbound-DCL Inbound,Leroy St and Murray IB,55
10/22/2018 16:04,WS Outbound-DCL Inbound,Leroy St and Murray IB,55
10/22/2018 16:04,WS Outbound-DCL Inbound,Leroy St and Murray IB,55
10/22/2018 16:04,WS Outbound-DCL Inbound,Leroy St and Murray IB,55
10/22/2018 16:04,WS Outbound-DCL Inbound,UDC IB,890
10/22/2018 16:04,WS Outbound-DCL Inbound,Leroy St and Murray IB,55
10/22/2018 16:04,WS Outbound-DCL Inbound,UDC IB,890
10/22/2018 16:05,WS Outbound-DCL Inbound,Leroy St and Chestnut IB,55
10/22/2018 16:05,WS Outbound-DCL Inbound,Leroy St and Chestnut IB,55
10/22/2018 16:05,WS Outbound-DCL Inbound,Leroy St and Chestnut IB,55
10/22/2018 16:05,WS Outbound-DCL Inbound,Leroy St and Chestnut IB,55
10/22/2018 16:05,WS Outbound-DCL Inbound,Leroy St and Chestnut IB,55
10/22/2018 16:05,WS Outbound-DCL Inbound,Leroy St and Chestnut IB,55
10/22/2018 16:05,WS Outbound-DCL Inbound,UDC IB,890
10/22/2018 16:06,WS Outbound-DCL Inbound,UDC,890
10/22/2018 16:06,WS Outbound-DCL Inbound,Leroy St and Laurel IB,55
10/22/2018 16:08,WS Outbound-DCL Inbound,Hawley IB,890
10/22/2018 16:08,WS Outbound-DCL Inbound,Hawley IB,890
10/22/2018 16:08,WS Outbound-DCL Inbound,Hawley IB,890
10/22/2018 16:08,WS Outbound-DCL Inbound,Hawley IB,890
10/22/2018 16:08,WS Outbound-DCL Inbound,Hawley IB,890
10/22/2018 16:08,WS Outbound-DCL Inbound,Main and Front OB,890
10/22/2018 16:08,WS Outbound-DCL Inbound,Main and Front OB,890
10/22/2018 16:10,WS Outbound-DCL Inbound,Main and Murray IB,890
10/22/2018 16:10,WS Outbound-DCL Inbound,Main and Murray IB,890
10/22/2018 16:10,WS Outbound-DCL Inbound,Main and Murray IB,890
10/22/2018 16:10,WS Outbound-DCL Inbound,Main and Murray IB,890
10/22/2018 16:10,WS Outbound-DCL Inbound,Main and Murray IB,890
10/22/2018 16:10,WS Outbound-DCL Inbound,Main and Murray IB,890
10/22/2018 16:10,WS Outbound-DCL Inbound,Main and Helen OB,526
10/22/2018 16:11,WS Outbound-DCL Inbound,Main and Mather,890
10/22/2018 16:11,WS Outbound-DCL Inbound,Main and Mather,890
10/22/2018 16:11,WS Outbound-DCL Inbound,Main and Mather,890
10/22/2018 16:12,WS Outbound-DCL Inbound,Main and Cedar IB,890
10/22/2018 16:12,WS Outbound-DCL Inbound,Main and Cedar IB,890
10/22/2018 16:12,WS Outbound-DCL Inbound,Main and Cedar IB,890
10/22/2018 16:12,WS Outbound-DCL Inbound,Main and Cedar IB,890
10/22/2018 16:12,WS Outbound-DCL Inbound,Main and Cedar IB,890
10/22/2018 16:12,WS Outbound-DCL Inbound,Main and Cedar IB,890
10/22/2018 16:13,WS Outbound-DCL Inbound,Main and Clarke IB,890
10/22/2018 16:13,WS Outbound-DCL Inbound,Main and Clarke IB,890
10/22/2018 16:13,WS Outbound-DCL Inbound,Main and Clarke IB,890
10/22/2018 16:13,WS Outbound-DCL Inbound,Union,528
10/22/2018 16:13,WS Outbound-DCL Inbound,Union,528
10/22/2018 16:13,WS Outbound-DCL Inbound,Union,528
10/22/2018 16:13,WS Outbound-DCL Inbound,Union,528
10/22/2018 16:13,WS Outbound-DCL Inbound,Union,528
10/22/2018 16:13,WS Outbound-DCL Inbound,Union,528
10/22/2018 16:14,WS Outbound-DCL Inbound,Union,528
10/22/2018 16:14,WS Outbound-DCL Inbound,Union,528
10/22/2018 16:14,WS Outbound-DCL Inbound,Union,528
10/22/2018 16:14,WS Outbound-DCL Inbound,Union,528
10/22/2018 16:14,WS Outbound-DCL Inbound,Union,528
10/22/2018 16:14,WS Outbound-DCL Inbound,Union,528
10/22/2018 16:14,WS Outbound-DCL Inbound,Union,528
10/22/2018 16:14,WS Outbound-DCL Inbound,Union,528
10/22/2018 16:14,WS Outbound-DCL Inbound,Union,528
10/22/2018 16:14,WS Outbound-DCL Inbound,Union,528
10/22/2018 16:14,WS Outbound-DCL Inbound,Union,528
10/22/2018 16:14,WS Outbound-DCL Inbound,Union,528
10/22/2018 16:14,WS Outbound-DCL Inbound,Union,528
10/22/2018 16:14,WS Outbound-DCL Inbound,Union,528
10/22/2018 16:14,WS Outbound-DCL Inbound,Union,528
10/22/2018 16:14,WS Outbound-DCL Inbound,Union,528
10/22/2018 16:14,WS Outbound-DCL Inbound,Union,528
10/22/2018 16:14,WS Outbound-DCL Inbound,Union,528
10/22/2018 16:14,WS Outbound-DCL Inbound,Union,528
10/22/2018 16:14,WS Outbound-DCL Inbound,Main and Schiller IB,890
10/22/2018 16:14,WS Outbound-DCL Inbound,Main and Schiller IB,890
10/22/2018 16:14,WS Outbound-DCL Inbound,Union,528
10/22/2018 16:14,WS Outbound-DCL Inbound,Union,528
10/22/2018 16:14,WS Outbound-DCL Inbound,Main and Schiller IB,890
10/22/2018 16:14,WS Outbound-DCL Inbound,Main and Schiller IB,890
10/22/2018 16:14,WS Outbound-DCL Inbound,Union,528
10/22/2018 16:14,WS Outbound-DCL Inbound,Union,528
10/22/2018 16:14,WS Outbound-DCL Inbound,Main and Schiller IB,890
10/22/2018 16:14,WS Outbound-DCL Inbound,Union,528
10/22/2018 16:14,WS Outbound-DCL Inbound,Main and Schiller IB,890
10/22/2018 16:14,WS Outbound-DCL Inbound,Main and Schiller IB,890
10/22/2018 16:15,WS Outbound-DCL Inbound,Union,528
10/22/2018 16:15,WS Outbound-DCL Inbound,Main and Schiller IB,890
10/22/2018 16:15,WS Outbound-DCL Inbound,Union,528
10/22/2018 16:15,WS Outbound-DCL Inbound,Union,528
10/22/2018 16:15,WS Outbound-DCL Inbound,Main and Schiller IB,890
10/22/2018 16:15,WS Outbound-DCL Inbound,Main and Schiller IB,890
10/22/2018 16:15,WS Outbound-DCL Inbound,Union,528
10/22/2018 16:15,WS Outbound-DCL Inbound,Main and Schiller IB,890
10/22/2018 16:15,WS Outbound-DCL Inbound,Union,528
10/22/2018 16:15,WS Outbound-DCL Inbound,Union,528
10/22/2018 16:15,WS Outbound-DCL Inbound,Union,528
10/22/2018 16:16,WS Outbound-DCL Inbound,Main and Helen IB,890
10/22/2018 16:16,WS Outbound-DCL Inbound,Main and Helen IB,890
10/22/2018 16:18,WS Outbound-DCL Inbound,Physical Facilities,528
10/22/2018 16:19,WS Outbound-DCL Inbound,Floral and Burbank IB,890
10/22/2018 16:20,WS Outbound-DCL Inbound,Floral and Willow IB,890
10/22/2018 16:20,WS Outbound-DCL Inbound,Floral and Willow IB,890
10/22/2018 16:23,WS Outbound-DCL Inbound,Union,43
10/22/2018 16:23,WS Outbound-DCL Inbound,Union,43
10/22/2018 16:23,WS Outbound-DCL Inbound,Union,43
10/22/2018 16:23,WS Outbound-DCL Inbound,Union,43
10/22/2018 16:23,WS Outbound-DCL Inbound,Union,43
10/22/2018 16:24,WS Outbound-DCL Inbound,Union,43
10/22/2018 16:24,WS Outbound-DCL Inbound,Union,43
10/22/2018 16:25,WS Outbound-DCL Inbound,Union,43
10/22/2018 16:26,WS Outbound-DCL Inbound,Union,43
10/22/2018 16:26,WS Outbound-DCL Inbound,Union,43
10/22/2018 16:27,WS Outbound-DCL Inbound,Union,43
10/22/2018 16:27,WS Outbound-DCL Inbound,Union,43
10/22/2018 16:27,WS Outbound-DCL Inbound,Union,43
10/22/2018 16:27,WS Outbound-DCL Inbound,Union,43
10/22/2018 16:27,WS Outbound-DCL Inbound,Union,43
10/22/2018 16:28,WS Outbound-DCL Inbound,Union,43
10/22/2018 16:28,WS Outbound-DCL Inbound,Union,43
10/22/2018 16:28,WS Outbound-DCL Inbound,Union,43
10/22/2018 16:28,WS Outbound-DCL Inbound,Union,43
10/22/2018 16:29,WS Outbound-DCL Inbound,Union,43
10/22/2018 16:29,WS Outbound-DCL Inbound,Union,43
10/22/2018 16:29,WS Outbound-DCL Inbound,Union,890
10/22/2018 16:29,WS Outbound-DCL Inbound,Union,890
10/22/2018 16:29,WS Outbound-DCL Inbound,Union,890
10/22/2018 16:29,WS Outbound-DCL Inbound,Union,890
10/22/2018 16:29,WS Outbound-DCL Inbound,Union,890
10/22/2018 16:29,WS Outbound-DCL Inbound,Union,890
10/22/2018 16:29,WS Outbound-DCL Inbound,Union,890
10/22/2018 16:30,WS Outbound-DCL Inbound,Union,43
10/22/2018 16:30,WS Outbound-DCL Inbound,Union,890
10/22/2018 16:30,WS Outbound-DCL Inbound,Union,890
10/22/2018 16:30,WS Outbound-DCL Inbound,Union,43
10/22/2018 16:30,WS Outbound-DCL Inbound,Union,890
10/22/2018 16:30,WS Outbound-DCL Inbound,Union,43
10/22/2018 16:30,WS Outbound-DCL Inbound,Union,43
10/22/2018 16:30,WS Outbound-DCL Inbound,Union,43
10/22/2018 16:31,WS Outbound-DCL Inbound,Union,43
10/22/2018 16:31,WS Outbound-DCL Inbound,Main and Arthur,528
10/22/2018 16:31,WS Outbound-DCL Inbound,Main and Arthur,528
10/22/2018 16:32,WS Outbound-DCL Inbound,Engineering Bldg,43
10/22/2018 16:32,WS Outbound-DCL Inbound,Engineering Bldg,43
10/22/2018 16:32,WS Outbound-DCL Inbound,Engineering Bldg,43
10/22/2018 16:32,WS Outbound-DCL Inbound,Engineering Bldg,43
10/22/2018 16:34,WS Outbound-DCL Inbound,Physical Facilities,43
10/22/2018 16:37,WS Outbound-DCL Inbound,UDC,528
10/22/2018 16:37,WS Outbound-DCL Inbound,UDC,528
10/22/2018 16:37,WS Outbound-DCL Inbound,UDC,528
10/22/2018 16:37,WS Outbound-DCL Inbound,UDC,528
10/22/2018 16:37,WS Outbound-DCL Inbound,UDC,528
10/22/2018 16:37,WS Outbound-DCL Inbound,UDC,528
10/22/2018 16:40,WS Outbound-DCL Inbound,UDC,528
10/22/2018 16:42,WS Outbound-DCL Inbound,UDC,890
10/22/2018 16:42,WS Outbound-DCL Inbound,UDC,890
10/22/2018 16:42,WS Outbound-DCL Inbound,UDC,890
10/22/2018 16:42,WS Outbound-DCL Inbound,UDC,890
10/22/2018 16:42,WS Outbound-DCL Inbound,UDC,890
10/22/2018 16:42,WS Outbound-DCL Inbound,UDC,890
10/22/2018 16:43,WS Outbound-DCL Inbound,Leroy St and Front,528
10/22/2018 16:43,WS Outbound-DCL Inbound,Main and Helen OB,43
10/22/2018 16:43,WS Outbound-DCL Inbound,Main and Helen OB,43
10/22/2018 16:44,WS Outbound-DCL Inbound,Leroy St and Murray IB,528
10/22/2018 16:44,WS Outbound-DCL Inbound,Leroy St and Murray IB,528
10/22/2018 16:45,WS Outbound-DCL Inbound,UDC,890
10/22/2018 16:45,WS Outbound-DCL Inbound,UDC,890
10/22/2018 16:45,WS Outbound-DCL Inbound,UDC,890
10/22/2018 16:45,WS Outbound-DCL Inbound,Leroy St and Chestnut OB,528
10/22/2018 16:46,WS Outbound-DCL Inbound,Union,21
10/22/2018 16:46,WS Outbound-DCL Inbound,Union,21
10/22/2018 16:46,WS Outbound-DCL Inbound,Union,21
10/22/2018 16:46,WS Outbound-DCL Inbound,Union,21
10/22/2018 16:46,WS Outbound-DCL Inbound,Union,21
10/22/2018 16:46,WS Outbound-DCL Inbound,Union,21
10/22/2018 16:46,WS Outbound-DCL Inbound,Union,21
10/22/2018 16:46,WS Outbound-DCL Inbound,Union,21
10/22/2018 16:46,WS Outbound-DCL Inbound,Union,21
10/22/2018 16:46,WS Outbound-DCL Inbound,Union,21
10/22/2018 16:46,WS Outbound-DCL Inbound,Union,21
10/22/2018 16:46,WS Outbound-DCL Inbound,Union,21
10/22/2018 16:46,WS Outbound-DCL Inbound,Union,21
10/22/2018 16:46,WS Outbound-DCL Inbound,Union,21
10/22/2018 16:46,WS Outbound-DCL Inbound,Union,21
10/22/2018 16:46,WS Outbound-DCL Inbound,Union,21
10/22/2018 16:46,WS Outbound-DCL Inbound,Union,21
10/22/2018 16:46,WS Outbound-DCL Inbound,Union,21
10/22/2018 16:46,WS Outbound-DCL Inbound,Union,21
10/22/2018 16:47,WS Outbound-DCL Inbound,Union,21
10/22/2018 16:47,WS Outbound-DCL Inbound,Union,21
10/22/2018 16:47,WS Outbound-DCL Inbound,Union,21
10/22/2018 16:47,WS Outbound-DCL Inbound,Union,21
10/22/2018 16:47,WS Outbound-DCL Inbound,Union,21
10/22/2018 16:47,WS Outbound-DCL Inbound,Union,21
10/22/2018 16:47,WS Outbound-DCL Inbound,Union,21
10/22/2018 16:47,WS Outbound-DCL Inbound,Union,21
10/22/2018 16:47,WS Outbound-DCL Inbound,Union,21
10/22/2018 16:47,WS Outbound-DCL Inbound,Union,21
10/22/2018 16:47,WS Outbound-DCL Inbound,Union,21
10/22/2018 16:47,WS Outbound-DCL Inbound,Union,21
10/22/2018 16:47,WS Outbound-DCL Inbound,Union,21
10/22/2018 16:47,WS Outbound-DCL Inbound,Union,21
10/22/2018 16:47,WS Outbound-DCL Inbound,Union,21
10/22/2018 16:48,WS Outbound-DCL Inbound,Union,21
10/22/2018 16:48,WS Outbound-DCL Inbound,Union,21
10/22/2018 16:51,WS Outbound-DCL Inbound,UDC,43
10/22/2018 16:51,WS Outbound-DCL Inbound,UDC,43
10/22/2018 16:51,WS Outbound-DCL Inbound,UDC,43
10/22/2018 16:51,WS Outbound-DCL Inbound,UDC,43
10/22/2018 16:54,WS Outbound-DCL Inbound,UDC,43
10/22/2018 16:54,WS Outbound-DCL Inbound,UDC,43
10/22/2018 16:58,WS Outbound-DCL Inbound,Mohawk,890
10/22/2018 16:58,WS Outbound-DCL Inbound,Mohawk,890
10/22/2018 16:58,WS Outbound-DCL Inbound,Mohawk,890
10/22/2018 16:58,WS Outbound-DCL Inbound,Mohawk,890
10/22/2018 16:58,WS Outbound-DCL Inbound,Mohawk,890
10/22/2018 16:58,WS Outbound-DCL Inbound,Mohawk,890
10/22/2018 16:58,WS Outbound-DCL Inbound,Mohawk,890
10/22/2018 16:58,WS Outbound-DCL Inbound,Mohawk,890
10/22/2018 16:59,WS Outbound-DCL Inbound,Mohawk,890
10/22/2018 16:59,WS Outbound-DCL Inbound,Mohawk,890
10/22/2018 16:59,WS Outbound-DCL Inbound,Mohawk,890
10/22/2018 16:59,WS Outbound-DCL Inbound,Mohawk,890
10/22/2018 16:59,WS Outbound-DCL Inbound,Mohawk,890
10/22/2018 16:59,WS Outbound-DCL Inbound,Mohawk,890
10/22/2018 16:59,WS Outbound-DCL Inbound,Mohawk,890
10/22/2018 16:59,WS Outbound-DCL Inbound,Mohawk,890
10/22/2018 16:59,WS Outbound-DCL Inbound,Mohawk,890
10/22/2018 16:59,WS Outbound-DCL Inbound,Mohawk,890
10/22/2018 16:59,WS Outbound-DCL Inbound,Mohawk,890
10/22/2018 16:59,WS Outbound-DCL Inbound,Mohawk,890
10/22/2018 16:59,WS Outbound-DCL Inbound,Mohawk,890
10/22/2018 17:02,WS Outbound-DCL Inbound,Union,891
10/22/2018 17:02,WS Outbound-DCL Inbound,Union,891
10/22/2018 17:02,WS Outbound-DCL Inbound,Union,891
10/22/2018 17:02,WS Outbound-DCL Inbound,Newing,890
10/22/2018 17:02,WS Outbound-DCL Inbound,Newing,890
10/22/2018 17:04,WS Outbound-DCL Inbound,Union,891
10/22/2018 17:04,WS Outbound-DCL Inbound,Union,891
10/22/2018 17:04,WS Outbound-DCL Inbound,Union,891
10/22/2018 17:04,WS Outbound-DCL Inbound,Union,891
10/22/2018 17:07,WS Outbound-DCL Inbound,UP,890
10/22/2018 17:07,WS Outbound-DCL Inbound,UP,890
10/22/2018 17:07,WS Outbound-DCL Inbound,Physical Facilities,891
10/22/2018 17:07,WS Outbound-DCL Inbound,Physical Facilities,891
10/22/2018 17:07,WS Outbound-DCL Inbound,Physical Facilities,891
10/22/2018 17:08,WS Outbound-DCL Inbound,UDC,21
10/22/2018 17:08,WS Outbound-DCL Inbound,UDC,21
10/22/2018 17:08,WS Outbound-DCL Inbound,UDC,21
10/22/2018 17:08,WS Outbound-DCL Inbound,UDC,21
10/22/2018 17:08,WS Outbound-DCL Inbound,UDC,21
10/22/2018 17:08,WS Outbound-DCL Inbound,UDC,21
10/22/2018 17:08,WS Outbound-DCL Inbound,Meadows OB,890
10/22/2018 17:08,WS Outbound-DCL Inbound,Meadows OB,890
10/22/2018 17:08,WS Outbound-DCL Inbound,Meadows OB,890
10/22/2018 17:09,WS Outbound-DCL Inbound,Hayes IB,890
10/22/2018 17:09,WS Outbound-DCL Inbound,UDC,21
10/22/2018 17:09,WS Outbound-DCL Inbound,UDC,21
10/22/2018 17:13,WS Outbound-DCL Inbound,Leroy St and Front,21
10/22/2018 17:13,WS Outbound-DCL Inbound,Leroy St and Front,21
10/22/2018 17:14,WS Outbound-DCL Inbound,Leroy St and Murray IB,21
10/22/2018 17:14,WS Outbound-DCL Inbound,Leroy St and Murray IB,21
10/22/2018 17:14,WS Outbound-DCL Inbound,Leroy St and Murray IB,21
10/22/2018 17:14,WS Outbound-DCL Inbound,Union,890
10/22/2018 17:14,WS Outbound-DCL Inbound,Leroy St and Murray IB,21
10/22/2018 17:14,WS Outbound-DCL Inbound,Union,890
10/22/2018 17:14,WS Outbound-DCL Inbound,Union,890
10/22/2018 17:14,WS Outbound-DCL Inbound,Union,890
10/22/2018 17:14,WS Outbound-DCL Inbound,Union,890
10/22/2018 17:14,WS Outbound-DCL Inbound,Union,890
10/22/2018 17:14,WS Outbound-DCL Inbound,Union,890
10/22/2018 17:14,WS Outbound-DCL Inbound,Union,890
10/22/2018 17:14,WS Outbound-DCL Inbound,Union,890
10/22/2018 17:15,WS Outbound-DCL Inbound,Union,890
10/22/2018 17:15,WS Outbound-DCL Inbound,Union,890
10/22/2018 17:15,WS Outbound-DCL Inbound,Union,890
10/22/2018 17:15,WS Outbound-DCL Inbound,Union,890
10/22/2018 17:15,WS Outbound-DCL Inbound,Union,890
10/22/2018 17:15,WS Outbound-DCL Inbound,Union,890
10/22/2018 17:15,WS Outbound-DCL Inbound,Union,890
10/22/2018 17:15,WS Outbound-DCL Inbound,Union,890
10/22/2018 17:15,WS Outbound-DCL Inbound,Leroy St and Chestnut IB,21
10/22/2018 17:15,WS Outbound-DCL Inbound,Leroy St and Chestnut IB,21
10/22/2018 17:15,WS Outbound-DCL Inbound,Leroy St and Chestnut IB,21
10/22/2018 17:15,WS Outbound-DCL Inbound,Union,890
10/22/2018 17:19,WS Outbound-DCL Inbound,Floral and Main OB,891
10/22/2018 17:24,WS Outbound-DCL Inbound,Main and Clarke IB,891
10/22/2018 17:25,WS Outbound-DCL Inbound,Main and Arthur,891
10/22/2018 17:29,WS Outbound-DCL Inbound,Union,528
10/22/2018 17:29,WS Outbound-DCL Inbound,Union,528
10/22/2018 17:30,WS Outbound-DCL Inbound,Union,528
10/22/2018 17:30,WS Outbound-DCL Inbound,Union,528
10/22/2018 17:30,WS Outbound-DCL Inbound,Union,528
10/22/2018 17:30,WS Outbound-DCL Inbound,Union,528
10/22/2018 17:30,WS Outbound-DCL Inbound,Union,528
10/22/2018 17:30,WS Outbound-DCL Inbound,Union,528
10/22/2018 17:31,WS Outbound-DCL Inbound,Union,528
10/22/2018 17:31,WS Outbound-DCL Inbound,Union,528
10/22/2018 17:31,WS Outbound-DCL Inbound,Union,528
10/22/2018 17:31,WS Outbound-DCL Inbound,Union,528
10/22/2018 17:32,WS Outbound-DCL Inbound,Union,528
10/22/2018 17:33,WS Outbound-DCL Inbound,Union,528
10/22/2018 17:33,WS Outbound-DCL Inbound,Union,528
10/22/2018 17:34,WS Outbound-DCL Inbound,Union,528
10/22/2018 17:34,WS Outbound-DCL Inbound,Union,528
10/22/2018 17:34,WS Outbound-DCL Inbound,Union,528
10/22/2018 17:34,WS Outbound-DCL Inbound,Union,528
10/22/2018 17:34,WS Outbound-DCL Inbound,Union,528
10/22/2018 17:35,WS Outbound-DCL Inbound,Union,528
10/22/2018 17:35,WS Outbound-DCL Inbound,Union,528
10/22/2018 17:35,WS Outbound-DCL Inbound,Union,528
10/22/2018 17:35,WS Outbound-DCL Inbound,UDC,890
10/22/2018 17:35,WS Outbound-DCL Inbound,UDC,890
10/22/2018 17:35,WS Outbound-DCL Inbound,UDC,890
10/22/2018 17:37,WS Outbound-DCL Inbound,UDC,890
10/22/2018 17:37,WS Outbound-DCL Inbound,UDC,890
10/22/2018 17:37,WS Outbound-DCL Inbound,Physical Facilities,528
10/22/2018 17:37,WS Outbound-DCL Inbound,Physical Facilities,528
10/22/2018 17:37,WS Outbound-DCL Inbound,Physical Facilities,528
10/22/2018 17:43,WS Outbound-DCL Inbound,Leroy St and Front,890
10/22/2018 17:44,WS Outbound-DCL Inbound,Leroy St and Murray IB,890
10/22/2018 17:44,WS Outbound-DCL Inbound,Leroy St and Murray IB,890
10/22/2018 17:44,WS Outbound-DCL Inbound,Leroy St and Murray IB,890
10/22/2018 17:44,WS Outbound-DCL Inbound,Leroy St and Murray IB,890
10/22/2018 17:44,WS Outbound-DCL Inbound,Leroy St and Murray IB,890
10/22/2018 17:44,WS Outbound-DCL Inbound,Leroy St and Murray IB,890
10/22/2018 17:45,WS Outbound-DCL Inbound,Leroy St and Chestnut IB,890
10/22/2018 17:45,WS Outbound-DCL Inbound,Leroy St and Chestnut IB,890
10/22/2018 17:45,WS Outbound-DCL Inbound,Leroy St and Chestnut IB,890
10/22/2018 17:45,WS Outbound-DCL Inbound,Leroy St and Chestnut IB,890
10/22/2018 17:45,WS Outbound-DCL Inbound,Union,891
10/22/2018 17:46,WS Outbound-DCL Inbound,Union,891
10/22/2018 17:46,WS Outbound-DCL Inbound,Union,891
10/22/2018 17:46,WS Outbound-DCL Inbound,Leroy St and Laurel IB,890
10/22/2018 17:46,WS Outbound-DCL Inbound,Union,891
10/22/2018 17:47,WS Outbound-DCL Inbound,Union,891
10/22/2018 17:47,WS Outbound-DCL Inbound,Union,891
10/22/2018 17:47,WS Outbound-DCL Inbound,Union,891
10/22/2018 17:47,WS Outbound-DCL Inbound,Union,891
10/22/2018 17:48,WS Outbound-DCL Inbound,Riverside and Beethoven,890
10/22/2018 17:50,WS Outbound-DCL Inbound,Physical Facilities,891
10/22/2018 17:50,WS Outbound-DCL Inbound,Physical Facilities,891
10/22/2018 17:50,WS Outbound-DCL Inbound,Main and Clarke IB,528
10/22/2018 17:58,WS Outbound-DCL Inbound,Union,890
10/22/2018 17:58,WS Outbound-DCL Inbound,Union,890
10/22/2018 17:58,WS Outbound-DCL Inbound,Union,890
10/22/2018 17:58,WS Outbound-DCL Inbound,Union,890
10/22/2018 17:58,WS Outbound-DCL Inbound,Union,890
10/22/2018 17:58,WS Outbound-DCL Inbound,Union,890
10/22/2018 17:58,WS Outbound-DCL Inbound,Union,890
10/22/2018 17:59,WS Outbound-DCL Inbound,Union,890
10/22/2018 17:59,WS Outbound-DCL Inbound,Union,890
10/22/2018 17:59,WS Outbound-DCL Inbound,Union,890
10/22/2018 17:59,WS Outbound-DCL Inbound,Union,890
10/22/2018 17:59,WS Outbound-DCL Inbound,Union,890
10/22/2018 17:59,WS Outbound-DCL Inbound,Union,890
10/22/2018 17:59,WS Outbound-DCL Inbound,Union,890
10/22/2018 17:59,WS Outbound-DCL Inbound,Union,890
10/22/2018 17:59,WS Outbound-DCL Inbound,Union,890
10/22/2018 17:59,WS Outbound-DCL Inbound,Union,890
10/22/2018 17:59,WS Outbound-DCL Inbound,Main and Crestmont OB,891
10/22/2018 17:59,WS Outbound-DCL Inbound,Union,890
10/22/2018 17:59,WS Outbound-DCL Inbound,Union,890
10/22/2018 17:59,WS Outbound-DCL Inbound,Union,890
10/22/2018 17:59,WS Outbound-DCL Inbound,Union,890
10/22/2018 18:00,WS Outbound-DCL Inbound,Union,526
10/22/2018 18:00,WS Outbound-DCL Inbound,Union,526
10/22/2018 18:00,WS Outbound-DCL Inbound,Union,526
10/22/2018 18:00,WS Outbound-DCL Inbound,Union,526
10/22/2018 18:00,WS Outbound-DCL Inbound,Union,526
10/22/2018 18:00,WS Outbound-DCL Inbound,Union,890
10/22/2018 18:00,WS Outbound-DCL Inbound,Union,526
10/22/2018 18:00,WS Outbound-DCL Inbound,Union,526
10/22/2018 18:00,WS Outbound-DCL Inbound,Union,526
10/22/2018 18:00,WS Outbound-DCL Inbound,Union,526
10/22/2018 18:00,WS Outbound-DCL Inbound,Union,526
10/22/2018 18:00,WS Outbound-DCL Inbound,Union,526
10/22/2018 18:00,WS Outbound-DCL Inbound,Union,526
10/22/2018 18:00,WS Outbound-DCL Inbound,Union,526
10/22/2018 18:00,WS Outbound-DCL Inbound,Union,526
10/22/2018 18:00,WS Outbound-DCL Inbound,Union,526
10/22/2018 18:00,WS Outbound-DCL Inbound,Union,526
10/22/2018 18:00,WS Outbound-DCL Inbound,Union,526
10/22/2018 18:00,WS Outbound-DCL Inbound,Union,526
10/22/2018 18:01,WS Outbound-DCL Inbound,Main and Schiller OB,891
10/22/2018 18:01,WS Outbound-DCL Inbound,Union,526
10/22/2018 18:01,WS Outbound-DCL Inbound,Union,890
10/22/2018 18:01,WS Outbound-DCL Inbound,Union,890
10/22/2018 18:01,WS Outbound-DCL Inbound,Union,526
10/22/2018 18:02,WS Outbound-DCL Inbound,Union,526
10/22/2018 18:02,WS Outbound-DCL Inbound,Union,526
10/22/2018 18:02,WS Outbound-DCL Inbound,Union,890
10/22/2018 18:02,WS Outbound-DCL Inbound,Union,526
10/22/2018 18:02,WS Outbound-DCL Inbound,Union,526
10/22/2018 18:02,WS Outbound-DCL Inbound,Union,890
10/22/2018 18:02,WS Outbound-DCL Inbound,Union,890
10/22/2018 18:03,WS Outbound-DCL Inbound,Union,526
10/22/2018 18:03,WS Outbound-DCL Inbound,Union,526
10/22/2018 18:03,WS Outbound-DCL Inbound,Union,526
10/22/2018 18:03,WS Outbound-DCL Inbound,Union,890
10/22/2018 18:03,WS Outbound-DCL Inbound,Union,890
10/22/2018 18:04,WS Outbound-DCL Inbound,Union,526
10/22/2018 18:07,WS Outbound-DCL Inbound,Physical Facilities,890
10/22/2018 18:08,WS Outbound-DCL Inbound,Denny''s,890
10/22/2018 18:10,WS Outbound-DCL Inbound,UDC,891
10/22/2018 18:10,WS Outbound-DCL Inbound,UDC,891
10/22/2018 18:13,WS Outbound-DCL Inbound,Union,55
10/22/2018 18:13,WS Outbound-DCL Inbound,Union,55
10/22/2018 18:13,WS Outbound-DCL Inbound,Union,55
10/22/2018 18:13,WS Outbound-DCL Inbound,Union,55
10/22/2018 18:13,WS Outbound-DCL Inbound,Union,55
10/22/2018 18:13,WS Outbound-DCL Inbound,Union,55
10/22/2018 18:14,WS Outbound-DCL Inbound,Union,55
10/22/2018 18:14,WS Outbound-DCL Inbound,Union,55
10/22/2018 18:14,WS Outbound-DCL Inbound,Union,55
10/22/2018 18:14,WS Outbound-DCL Inbound,Union,55
10/22/2018 18:14,WS Outbound-DCL Inbound,Union,55
10/22/2018 18:14,WS Outbound-DCL Inbound,Union,55
10/22/2018 18:14,WS Outbound-DCL Inbound,Union,55
10/22/2018 18:14,WS Outbound-DCL Inbound,Union,55
10/22/2018 18:14,WS Outbound-DCL Inbound,Union,55
10/22/2018 18:14,WS Outbound-DCL Inbound,Union,55
10/22/2018 18:14,WS Outbound-DCL Inbound,Union,55
10/22/2018 18:14,WS Outbound-DCL Inbound,Union,55
10/22/2018 18:14,WS Outbound-DCL Inbound,Union,55
10/22/2018 18:14,WS Outbound-DCL Inbound,Union,55
10/22/2018 18:14,WS Outbound-DCL Inbound,Union,55
10/22/2018 18:15,WS Outbound-DCL Inbound,Union,55
10/22/2018 18:15,WS Outbound-DCL Inbound,Union,55
10/22/2018 18:16,WS Outbound-DCL Inbound,Leroy St and Chestnut IB,891
10/22/2018 18:16,WS Outbound-DCL Inbound,Leroy St and Chestnut IB,891
10/22/2018 18:16,WS Outbound-DCL Inbound,Leroy St and Chestnut IB,891
10/22/2018 18:16,WS Outbound-DCL Inbound,Leroy St and Chestnut IB,891
10/22/2018 18:16,WS Outbound-DCL Inbound,Leroy St and Chestnut IB,891
10/22/2018 18:18,WS Outbound-DCL Inbound,Beethoven and Leroy,891
10/22/2018 18:18,WS Outbound-DCL Inbound,Main and Clarke OB,526
10/22/2018 18:19,WS Outbound-DCL Inbound,Riverside and Beethoven,891
10/22/2018 18:24,WS Outbound-DCL Inbound,UDC,526
10/22/2018 18:24,WS Outbound-DCL Inbound,UDC,526
10/22/2018 18:25,WS Outbound-DCL Inbound,UDC,526
10/22/2018 18:26,WS Outbound-DCL Inbound,UDC,526
10/22/2018 18:27,WS Outbound-DCL Inbound,UDC,526
10/22/2018 18:27,WS Outbound-DCL Inbound,UDC,526
10/22/2018 18:28,WS Outbound-DCL Inbound,UDC,526
10/22/2018 18:29,WS Outbound-DCL Inbound,UDC,526
10/22/2018 18:30,WS Outbound-DCL Inbound,Mohawk,891
10/22/2018 18:30,WS Outbound-DCL Inbound,Mohawk,891
10/22/2018 18:30,WS Outbound-DCL Inbound,Mohawk,891
10/22/2018 18:30,WS Outbound-DCL Inbound,Mohawk,891
10/22/2018 18:30,WS Outbound-DCL Inbound,Mohawk,891
10/22/2018 18:30,WS Outbound-DCL Inbound,Mohawk,891
10/22/2018 18:30,WS Outbound-DCL Inbound,Mohawk,891
10/22/2018 18:30,WS Outbound-DCL Inbound,UDC,526
10/22/2018 18:30,WS Outbound-DCL Inbound,UDC,526
10/22/2018 18:30,WS Outbound-DCL Inbound,UDC,526
10/22/2018 18:31,WS Outbound-DCL Inbound,Union,21
10/22/2018 18:31,WS Outbound-DCL Inbound,Union,21
10/22/2018 18:31,WS Outbound-DCL Inbound,Union,21
10/22/2018 18:31,WS Outbound-DCL Inbound,Union,21
10/22/2018 18:31,WS Outbound-DCL Inbound,Union,21
10/22/2018 18:31,WS Outbound-DCL Inbound,Union,21
10/22/2018 18:31,WS Outbound-DCL Inbound,Union,21
10/22/2018 18:31,WS Outbound-DCL Inbound,Union,21
10/22/2018 18:31,WS Outbound-DCL Inbound,Union,21
10/22/2018 18:31,WS Outbound-DCL Inbound,Union,21
10/22/2018 18:31,WS Outbound-DCL Inbound,Union,21
10/22/2018 18:31,WS Outbound-DCL Inbound,Union,21
10/22/2018 18:31,WS Outbound-DCL Inbound,Union,21
10/22/2018 18:31,WS Outbound-DCL Inbound,Union,21
10/22/2018 18:31,WS Outbound-DCL Inbound,Union,21
10/22/2018 18:31,WS Outbound-DCL Inbound,Union,21
10/22/2018 18:31,WS Outbound-DCL Inbound,Union,21
10/22/2018 18:31,WS Outbound-DCL Inbound,Union,21
10/22/2018 18:31,WS Outbound-DCL Inbound,Union,21
10/22/2018 18:31,WS Outbound-DCL Inbound,Union,21
10/22/2018 18:31,WS Outbound-DCL Inbound,Union,21
10/22/2018 18:31,WS Outbound-DCL Inbound,Union,21
10/22/2018 18:32,WS Outbound-DCL Inbound,Union,21
10/22/2018 18:32,WS Outbound-DCL Inbound,Union,21
10/22/2018 18:32,WS Outbound-DCL Inbound,Union,21
10/22/2018 18:32,WS Outbound-DCL Inbound,Union,21
10/22/2018 18:32,WS Outbound-DCL Inbound,Union,21
10/22/2018 18:32,WS Outbound-DCL Inbound,Union,21
10/22/2018 18:32,WS Outbound-DCL Inbound,Union,21
10/22/2018 18:33,WS Outbound-DCL Inbound,Union,21
10/22/2018 18:33,WS Outbound-DCL Inbound,Union,21
10/22/2018 18:33,WS Outbound-DCL Inbound,Union,21
10/22/2018 18:33,WS Outbound-DCL Inbound,Union,21
10/22/2018 18:33,WS Outbound-DCL Inbound,Main and Front OB,55
10/22/2018 18:34,WS Outbound-DCL Inbound,Union,21
10/22/2018 18:34,WS Outbound-DCL Inbound,Union,21
10/22/2018 18:34,WS Outbound-DCL Inbound,Union,21
10/22/2018 18:34,WS Outbound-DCL Inbound,Union,21
10/22/2018 18:34,WS Outbound-DCL Inbound,Union,21
10/22/2018 18:35,WS Outbound-DCL Inbound,Union,21
10/22/2018 18:35,WS Outbound-DCL Inbound,Union,21
10/22/2018 18:35,WS Outbound-DCL Inbound,UDC,55
10/22/2018 18:35,WS Outbound-DCL Inbound,UDC,55
10/22/2018 18:36,WS Outbound-DCL Inbound,UDC,55
10/22/2018 18:38,WS Outbound-DCL Inbound,UDC,55
10/22/2018 18:41,WS Outbound-DCL Inbound,Floral and Burbank OB,21
10/22/2018 18:44,WS Outbound-DCL Inbound,Leroy St and Murray IB,55
10/22/2018 18:44,WS Outbound-DCL Inbound,Leroy St and Murray IB,55
10/22/2018 18:45,WS Outbound-DCL Inbound,Leroy St and Chestnut IB,55
10/22/2018 18:49,WS Outbound-DCL Inbound,Union,526
10/22/2018 18:49,WS Outbound-DCL Inbound,Union,526
10/22/2018 18:49,WS Outbound-DCL Inbound,Union,526
10/22/2018 18:49,WS Outbound-DCL Inbound,Union,526
10/22/2018 18:49,WS Outbound-DCL Inbound,Union,526
10/22/2018 18:49,WS Outbound-DCL Inbound,Union,526
10/22/2018 18:49,WS Outbound-DCL Inbound,Union,526
10/22/2018 18:49,WS Outbound-DCL Inbound,Union,526
10/22/2018 18:49,WS Outbound-DCL Inbound,Union,526
10/22/2018 18:49,WS Outbound-DCL Inbound,Union,526
10/22/2018 18:49,WS Outbound-DCL Inbound,Union,526
10/22/2018 18:49,WS Outbound-DCL Inbound,Union,526
10/22/2018 18:49,WS Outbound-DCL Inbound,Union,526
10/22/2018 18:49,WS Outbound-DCL Inbound,Union,526
10/22/2018 18:49,WS Outbound-DCL Inbound,Union,526
10/22/2018 18:49,WS Outbound-DCL Inbound,Union,526
10/22/2018 18:49,WS Outbound-DCL Inbound,Union,526
10/22/2018 18:49,WS Outbound-DCL Inbound,Union,526
10/22/2018 18:49,WS Outbound-DCL Inbound,Union,526
10/22/2018 18:49,WS Outbound-DCL Inbound,Union,526
10/22/2018 18:49,WS Outbound-DCL Inbound,Union,526
10/22/2018 18:50,WS Outbound-DCL Inbound,Union,526
10/22/2018 18:50,WS Outbound-DCL Inbound,Union,526
10/22/2018 18:50,WS Outbound-DCL Inbound,Union,526
10/22/2018 18:50,WS Outbound-DCL Inbound,Union,526
10/22/2018 18:56,WS Outbound-DCL Inbound,Academic A,55
10/22/2018 19:01,WS Outbound-DCL Inbound,Union,43
10/22/2018 19:01,WS Outbound-DCL Inbound,Union,43
10/22/2018 19:01,WS Outbound-DCL Inbound,Union,43
10/22/2018 19:01,WS Outbound-DCL Inbound,Union,43
10/22/2018 19:01,WS Outbound-DCL Inbound,Union,43
10/22/2018 19:01,WS Outbound-DCL Inbound,Union,43
10/22/2018 19:01,WS Outbound-DCL Inbound,Union,43
10/22/2018 19:01,WS Outbound-DCL Inbound,Union,43
10/22/2018 19:01,WS Outbound-DCL Inbound,Union,43
10/22/2018 19:01,WS Outbound-DCL Inbound,Union,43
10/22/2018 19:01,WS Outbound-DCL Inbound,Union,43
10/22/2018 19:01,WS Outbound-DCL Inbound,Union,43
10/22/2018 19:02,WS Outbound-DCL Inbound,Union,43
10/22/2018 19:02,WS Outbound-DCL Inbound,Union,43
10/22/2018 19:02,WS Outbound-DCL Inbound,Union,43
10/22/2018 19:02,WS Outbound-DCL Inbound,Union,43
10/22/2018 19:02,WS Outbound-DCL Inbound,Union,43
10/22/2018 19:02,WS Outbound-DCL Inbound,Union,43
10/22/2018 19:02,WS Outbound-DCL Inbound,Union,43
10/22/2018 19:02,WS Outbound-DCL Inbound,Union,43
10/22/2018 19:03,WS Outbound-DCL Inbound,Union,43
10/22/2018 19:03,WS Outbound-DCL Inbound,Main and Helen OB,526
10/22/2018 19:04,WS Outbound-DCL Inbound,Union,43
10/22/2018 19:05,WS Outbound-DCL Inbound,Main and Schiller OB,526
10/22/2018 19:05,WS Outbound-DCL Inbound,Main and Schiller OB,526
10/22/2018 19:05,WS Outbound-DCL Inbound,Union,43
10/22/2018 19:05,WS Outbound-DCL Inbound,Union,43
10/22/2018 19:05,WS Outbound-DCL Inbound,Union,43
10/22/2018 19:05,WS Outbound-DCL Inbound,Union,43
10/22/2018 19:05,WS Outbound-DCL Inbound,Union,43
10/22/2018 19:06,WS Outbound-DCL Inbound,Union,43
10/22/2018 19:06,WS Outbound-DCL Inbound,Union,43
10/22/2018 19:07,WS Outbound-DCL Inbound,Main and Cedar OB,526
10/22/2018 19:07,WS Outbound-DCL Inbound,Main and Cedar OB,526
10/22/2018 19:09,WS Outbound-DCL Inbound,Main and Murray OB,526
10/22/2018 19:14,WS Outbound-DCL Inbound,UDC,526
10/22/2018 19:14,WS Outbound-DCL Inbound,UDC,526
10/22/2018 19:14,WS Outbound-DCL Inbound,UDC,526
10/22/2018 19:14,WS Outbound-DCL Inbound,UDC,526
10/22/2018 19:17,WS Outbound-DCL Inbound,Leroy St and Murray IB,526
10/22/2018 19:18,WS Outbound-DCL Inbound,Leroy St and Chestnut OB,526
10/22/2018 19:19,WS Outbound-DCL Inbound,Main and Schiller OB,43
10/22/2018 19:20,WS Outbound-DCL Inbound,Main and Cedar OB,43
10/22/2018 19:22,WS Outbound-DCL Inbound,Riverside and Margaret OB,526
10/22/2018 19:26,WS Outbound-DCL Inbound,UDC,43
10/22/2018 19:26,WS Outbound-DCL Inbound,UDC,43
10/22/2018 19:28,WS Outbound-DCL Inbound,UDC,43
10/22/2018 19:28,WS Outbound-DCL Inbound,Union,55
10/22/2018 19:28,WS Outbound-DCL Inbound,Union,55
10/22/2018 19:28,WS Outbound-DCL Inbound,Union,55
10/22/2018 19:28,WS Outbound-DCL Inbound,Union,55
10/22/2018 19:28,WS Outbound-DCL Inbound,Union,55
10/22/2018 19:28,WS Outbound-DCL Inbound,Union,55
10/22/2018 19:28,WS Outbound-DCL Inbound,Union,55
10/22/2018 19:29,WS Outbound-DCL Inbound,Union,55
10/22/2018 19:29,WS Outbound-DCL Inbound,Union,55
10/22/2018 19:29,WS Outbound-DCL Inbound,Union,55
10/22/2018 19:29,WS Outbound-DCL Inbound,Union,55
10/22/2018 19:29,WS Outbound-DCL Inbound,Union,55
10/22/2018 19:29,WS Outbound-DCL Inbound,Union,55
10/22/2018 19:29,WS Outbound-DCL Inbound,Union,55
10/22/2018 19:29,WS Outbound-DCL Inbound,Union,55
10/22/2018 19:29,WS Outbound-DCL Inbound,Union,55
10/22/2018 19:29,WS Outbound-DCL Inbound,Union,55
10/22/2018 19:29,WS Outbound-DCL Inbound,Union,55
10/22/2018 19:29,WS Outbound-DCL Inbound,Union,55
10/22/2018 19:29,WS Outbound-DCL Inbound,Union,55
10/22/2018 19:29,WS Outbound-DCL Inbound,Union,55
10/22/2018 19:29,WS Outbound-DCL Inbound,Union,55
10/22/2018 19:29,WS Outbound-DCL Inbound,Union,55
10/22/2018 19:29,WS Outbound-DCL Inbound,Union,55
10/22/2018 19:29,WS Outbound-DCL Inbound,Union,55
10/22/2018 19:29,WS Outbound-DCL Inbound,Union,55
10/22/2018 19:29,WS Outbound-DCL Inbound,Union,55
10/22/2018 19:29,WS Outbound-DCL Inbound,Union,55
10/22/2018 19:29,WS Outbound-DCL Inbound,Union,55
10/22/2018 19:29,WS Outbound-DCL Inbound,Union,55
10/22/2018 19:29,WS Outbound-DCL Inbound,Union,55
10/22/2018 19:29,WS Outbound-DCL Inbound,Union,55
10/22/2018 19:29,WS Outbound-DCL Inbound,Union,55
10/22/2018 19:29,WS Outbound-DCL Inbound,Union,55
10/22/2018 19:29,WS Outbound-DCL Inbound,Union,55
10/22/2018 19:29,WS Outbound-DCL Inbound,Union,55
10/22/2018 19:30,WS Outbound-DCL Inbound,Union,55
10/22/2018 19:30,WS Outbound-DCL Inbound,Union,55
10/22/2018 19:30,WS Outbound-DCL Inbound,Union,55
10/22/2018 19:30,WS Outbound-DCL Inbound,UDC,43
10/22/2018 19:30,WS Outbound-DCL Inbound,Union,55
10/22/2018 19:30,WS Outbound-DCL Inbound,UDC,43
10/22/2018 19:30,WS Outbound-DCL Inbound,Union,55
10/22/2018 19:30,WS Outbound-DCL Inbound,Union,55
10/22/2018 19:30,WS Outbound-DCL Inbound,Union,55
10/22/2018 19:31,WS Outbound-DCL Inbound,Union,55
10/22/2018 19:31,WS Outbound-DCL Inbound,Union,55
10/22/2018 19:31,WS Outbound-DCL Inbound,Union,55
10/22/2018 19:31,WS Outbound-DCL Inbound,Union,55
10/22/2018 19:31,WS Outbound-DCL Inbound,Union,55
10/22/2018 19:33,WS Outbound-DCL Inbound,Leroy St and Front,43
10/22/2018 19:33,WS Outbound-DCL Inbound,Leroy St and Front,43
10/22/2018 19:33,WS Outbound-DCL Inbound,Leroy St and Front,43
10/22/2018 19:34,WS Outbound-DCL Inbound,Leroy St and Murray IB,43
10/22/2018 19:34,WS Outbound-DCL Inbound,Leroy St and Murray IB,43
10/22/2018 19:34,WS Outbound-DCL Inbound,Union,55
10/22/2018 19:34,WS Outbound-DCL Inbound,Leroy St and Chestnut OB,43
10/22/2018 19:35,WS Outbound-DCL Inbound,Leroy St and Chestnut OB,43
10/22/2018 19:35,WS Outbound-DCL Inbound,Leroy St and Chestnut OB,43
10/22/2018 19:35,WS Outbound-DCL Inbound,Leroy St and Chestnut OB,43
10/22/2018 19:47,WS Outbound-DCL Inbound,Union,21
10/22/2018 19:47,WS Outbound-DCL Inbound,Union,21
10/22/2018 19:47,WS Outbound-DCL Inbound,Union,21
10/22/2018 19:47,WS Outbound-DCL Inbound,Union,21
10/22/2018 19:47,WS Outbound-DCL Inbound,Union,21
10/22/2018 19:48,WS Outbound-DCL Inbound,Union,21
10/22/2018 19:48,WS Outbound-DCL Inbound,Union,21
10/22/2018 19:48,WS Outbound-DCL Inbound,Union,21
10/22/2018 19:48,WS Outbound-DCL Inbound,Union,21
10/22/2018 19:48,WS Outbound-DCL Inbound,Union,21
10/22/2018 19:48,WS Outbound-DCL Inbound,Union,21
10/22/2018 19:48,WS Outbound-DCL Inbound,Union,21
10/22/2018 19:48,WS Outbound-DCL Inbound,Union,21
10/22/2018 19:49,WS Outbound-DCL Inbound,Union,21
10/22/2018 19:49,WS Outbound-DCL Inbound,Union,21
10/22/2018 19:49,WS Outbound-DCL Inbound,Union,21
10/22/2018 19:49,WS Outbound-DCL Inbound,Union,21
10/22/2018 19:49,WS Outbound-DCL Inbound,Union,21
10/22/2018 19:49,WS Outbound-DCL Inbound,Union,21
10/22/2018 19:49,WS Outbound-DCL Inbound,Union,21
10/22/2018 19:49,WS Outbound-DCL Inbound,Union,21
10/22/2018 19:50,WS Outbound-DCL Inbound,Main and Clarke OB,55
10/22/2018 19:57,WS Outbound-DCL Inbound,UDC,55
10/22/2018 19:58,WS Outbound-DCL Inbound,UDC,55
10/22/2018 19:58,WS Outbound-DCL Inbound,UDC,55
10/22/2018 19:58,WS Outbound-DCL Inbound,UDC,55
10/22/2018 19:58,WS Outbound-DCL Inbound,UDC,55
10/22/2018 19:59,WS Outbound-DCL Inbound,UDC,55
10/22/2018 19:59,WS Outbound-DCL Inbound,UDC,55
