Start Date:10/26/2018 7:00 AM End Date:10/26/2018 8:00 PM,,,
DateTime,CorridorName,StopName,VehicleID
10/26/2018 7:19,WS Outbound-DCL Inbound,Union,42
10/26/2018 7:28,WS Outbound-DCL Inbound,Floral and Harrison IB,42
10/26/2018 7:38,WS Outbound-DCL Inbound,UDC,42
10/26/2018 7:42,WS Outbound-DCL Inbound,Leroy St and Front,42
10/26/2018 7:43,WS Outbound-DCL Inbound,Leroy St and Murray IB,42
10/26/2018 7:43,WS Outbound-DCL Inbound,Leroy St and Murray IB,42
10/26/2018 7:43,WS Outbound-DCL Inbound,Leroy St and Murray IB,42
10/26/2018 7:43,WS Outbound-DCL Inbound,Leroy St and Murray IB,42
10/26/2018 7:43,WS Outbound-DCL Inbound,Leroy St and Murray IB,42
10/26/2018 7:43,WS Outbound-DCL Inbound,Leroy St and Chestnut OB,42
10/26/2018 7:43,WS Outbound-DCL Inbound,Leroy St and Chestnut OB,42
10/26/2018 7:43,WS Outbound-DCL Inbound,Leroy St and Chestnut OB,42
10/26/2018 7:43,WS Outbound-DCL Inbound,Leroy St and Chestnut OB,42
10/26/2018 7:44,WS Outbound-DCL Inbound,Leroy St and Chestnut OB,42
10/26/2018 7:44,WS Outbound-DCL Inbound,Leroy St and Chestnut OB,42
10/26/2018 7:44,WS Outbound-DCL Inbound,Leroy St and Chestnut OB,42
10/26/2018 7:51,WS Outbound-DCL Inbound,UDC,889
10/26/2018 7:52,WS Outbound-DCL Inbound,UDC,889
10/26/2018 7:52,WS Outbound-DCL Inbound,UDC,889
10/26/2018 7:57,WS Outbound-DCL Inbound,Leroy St and Front,889
10/26/2018 7:58,WS Outbound-DCL Inbound,Leroy St and Murray IB,889
10/26/2018 7:58,WS Outbound-DCL Inbound,Leroy St and Murray IB,889
10/26/2018 7:58,WS Outbound-DCL Inbound,Leroy St and Murray IB,889
10/26/2018 7:58,WS Outbound-DCL Inbound,Leroy St and Murray IB,889
10/26/2018 7:58,WS Outbound-DCL Inbound,Leroy St and Murray IB,889
10/26/2018 7:58,WS Outbound-DCL Inbound,Leroy St and Murray IB,889
10/26/2018 7:58,WS Outbound-DCL Inbound,Leroy St and Murray IB,889
10/26/2018 7:58,WS Outbound-DCL Inbound,Leroy St and Murray IB,889
10/26/2018 7:58,WS Outbound-DCL Inbound,Leroy St and Murray IB,889
10/26/2018 7:59,WS Outbound-DCL Inbound,Leroy St and Chestnut IB,889
10/26/2018 7:59,WS Outbound-DCL Inbound,Leroy St and Chestnut IB,889
10/26/2018 7:59,WS Outbound-DCL Inbound,Leroy St and Chestnut IB,889
10/26/2018 7:59,WS Outbound-DCL Inbound,Leroy St and Chestnut IB,889
10/26/2018 7:59,WS Outbound-DCL Inbound,Leroy St and Chestnut IB,889
10/26/2018 8:00,WS Outbound-DCL Inbound,Leroy St and Chestnut IB,889
10/26/2018 8:00,WS Outbound-DCL Inbound,Leroy St and Chestnut IB,889
10/26/2018 8:00,WS Outbound-DCL Inbound,Leroy St and Chestnut IB,889
10/26/2018 8:00,WS Outbound-DCL Inbound,Leroy St and Chestnut IB,889
10/26/2018 8:23,WS Outbound-DCL Inbound,Floral and Harrison IB,889
10/26/2018 8:38,WS Outbound-DCL Inbound,UDC,889
10/26/2018 8:43,WS Outbound-DCL Inbound,Leroy St and Murray IB,889
10/26/2018 8:43,WS Outbound-DCL Inbound,Leroy St and Murray IB,889
10/26/2018 8:43,WS Outbound-DCL Inbound,Leroy St and Murray IB,889
10/26/2018 8:43,WS Outbound-DCL Inbound,Leroy St and Murray IB,889
10/26/2018 8:43,WS Outbound-DCL Inbound,Leroy St and Murray IB,889
10/26/2018 8:43,WS Outbound-DCL Inbound,Leroy St and Murray IB,889
10/26/2018 8:43,WS Outbound-DCL Inbound,Leroy St and Murray IB,889
10/26/2018 8:43,WS Outbound-DCL Inbound,Leroy St and Murray IB,889
10/26/2018 8:44,WS Outbound-DCL Inbound,Leroy St and Chestnut IB,889
10/26/2018 8:44,WS Outbound-DCL Inbound,Leroy St and Chestnut IB,889
10/26/2018 8:46,WS Outbound-DCL Inbound,Beethoven and Leroy,889
10/26/2018 8:51,WS Outbound-DCL Inbound,UDC,42
10/26/2018 8:51,WS Outbound-DCL Inbound,UDC,42
10/26/2018 8:55,WS Outbound-DCL Inbound,UDC,42
10/26/2018 8:58,WS Outbound-DCL Inbound,Leroy St and Front,42
10/26/2018 8:58,WS Outbound-DCL Inbound,Leroy St and Front,42
10/26/2018 8:58,WS Outbound-DCL Inbound,Leroy St and Front,42
10/26/2018 8:58,WS Outbound-DCL Inbound,Leroy St and Front,42
10/26/2018 8:58,WS Outbound-DCL Inbound,Leroy St and Front,42
10/26/2018 8:58,WS Outbound-DCL Inbound,Leroy St and Front,42
10/26/2018 8:59,WS Outbound-DCL Inbound,Leroy St and Murray IB,42
10/26/2018 8:59,WS Outbound-DCL Inbound,Leroy St and Murray IB,42
10/26/2018 8:59,WS Outbound-DCL Inbound,Leroy St and Murray IB,42
10/26/2018 8:59,WS Outbound-DCL Inbound,Leroy St and Murray IB,42
10/26/2018 8:59,WS Outbound-DCL Inbound,Leroy St and Murray IB,42
10/26/2018 8:59,WS Outbound-DCL Inbound,Leroy St and Murray IB,42
10/26/2018 8:59,WS Outbound-DCL Inbound,Leroy St and Murray IB,42
10/26/2018 8:59,WS Outbound-DCL Inbound,Leroy St and Murray IB,42
10/26/2018 8:59,WS Outbound-DCL Inbound,Leroy St and Murray IB,42
10/26/2018 8:59,WS Outbound-DCL Inbound,Leroy St and Murray IB,42
10/26/2018 8:59,WS Outbound-DCL Inbound,Leroy St and Murray IB,42
10/26/2018 8:59,WS Outbound-DCL Inbound,Leroy St and Murray IB,42
10/26/2018 8:59,WS Outbound-DCL Inbound,Leroy St and Murray IB,42
10/26/2018 8:59,WS Outbound-DCL Inbound,Leroy St and Murray IB,42
10/26/2018 8:59,WS Outbound-DCL Inbound,Leroy St and Murray IB,42
10/26/2018 9:00,WS Outbound-DCL Inbound,Leroy St and Murray IB,42
10/26/2018 9:01,WS Outbound-DCL Inbound,Leroy St and Chestnut IB,42
10/26/2018 9:01,WS Outbound-DCL Inbound,Leroy St and Chestnut IB,42
10/26/2018 9:01,WS Outbound-DCL Inbound,Leroy St and Chestnut IB,42
10/26/2018 9:01,WS Outbound-DCL Inbound,Leroy St and Chestnut IB,42
10/26/2018 9:01,WS Outbound-DCL Inbound,Leroy St and Chestnut IB,42
10/26/2018 9:01,WS Outbound-DCL Inbound,Leroy St and Chestnut IB,42
10/26/2018 9:01,WS Outbound-DCL Inbound,Leroy St and Chestnut IB,42
10/26/2018 9:01,WS Outbound-DCL Inbound,Leroy St and Chestnut IB,42
10/26/2018 9:01,WS Outbound-DCL Inbound,Leroy St and Chestnut IB,42
10/26/2018 9:01,WS Outbound-DCL Inbound,Leroy St and Chestnut IB,42
10/26/2018 9:01,WS Outbound-DCL Inbound,Leroy St and Chestnut IB,42
10/26/2018 9:02,WS Outbound-DCL Inbound,Leroy St and Laurel IB,42
10/26/2018 9:03,WS Outbound-DCL Inbound,Beethoven and Leroy,42
10/26/2018 9:22,WS Outbound-DCL Inbound,UDC,21
10/26/2018 9:22,WS Outbound-DCL Inbound,UDC,21
10/26/2018 9:23,WS Outbound-DCL Inbound,UDC,21
10/26/2018 9:23,WS Outbound-DCL Inbound,UDC,21
10/26/2018 9:24,WS Outbound-DCL Inbound,UDC,21
10/26/2018 9:26,WS Outbound-DCL Inbound,Leroy St and Front,21
10/26/2018 9:26,WS Outbound-DCL Inbound,Leroy St and Front,21
10/26/2018 9:27,WS Outbound-DCL Inbound,Leroy St and Front,21
10/26/2018 9:28,WS Outbound-DCL Inbound,Leroy St and Murray IB,21
10/26/2018 9:28,WS Outbound-DCL Inbound,Leroy St and Murray IB,21
10/26/2018 9:28,WS Outbound-DCL Inbound,Leroy St and Murray IB,21
10/26/2018 9:28,WS Outbound-DCL Inbound,Leroy St and Murray IB,21
10/26/2018 9:28,WS Outbound-DCL Inbound,Leroy St and Murray IB,21
10/26/2018 9:28,WS Outbound-DCL Inbound,Leroy St and Murray IB,21
10/26/2018 9:28,WS Outbound-DCL Inbound,Leroy St and Murray IB,21
10/26/2018 9:28,WS Outbound-DCL Inbound,Leroy St and Murray IB,21
10/26/2018 9:28,WS Outbound-DCL Inbound,Leroy St and Murray IB,21
10/26/2018 9:28,WS Outbound-DCL Inbound,Leroy St and Murray IB,21
10/26/2018 9:29,WS Outbound-DCL Inbound,Leroy St and Chestnut IB,21
10/26/2018 9:29,WS Outbound-DCL Inbound,Leroy St and Chestnut IB,21
10/26/2018 9:29,WS Outbound-DCL Inbound,Main and Arthur,55
10/26/2018 9:29,WS Outbound-DCL Inbound,Leroy St and Chestnut IB,21
10/26/2018 9:29,WS Outbound-DCL Inbound,Leroy St and Chestnut IB,21
10/26/2018 9:29,WS Outbound-DCL Inbound,Leroy St and Chestnut IB,21
10/26/2018 9:30,WS Outbound-DCL Inbound,Leroy St and Laurel IB,21
10/26/2018 9:34,WS Outbound-DCL Inbound,UDC,55
10/26/2018 9:35,WS Outbound-DCL Inbound,Riverside and Margaret OB,21
10/26/2018 9:39,WS Outbound-DCL Inbound,UDC,55
10/26/2018 9:42,WS Outbound-DCL Inbound,Leroy St and Murray IB,55
10/26/2018 9:42,WS Outbound-DCL Inbound,Leroy St and Murray IB,55
10/26/2018 9:43,WS Outbound-DCL Inbound,Leroy St and Chestnut IB,55
10/26/2018 9:43,WS Outbound-DCL Inbound,Leroy St and Chestnut IB,55
10/26/2018 9:45,WS Outbound-DCL Inbound,Union,889
10/26/2018 9:45,WS Outbound-DCL Inbound,Union,889
10/26/2018 9:45,WS Outbound-DCL Inbound,Union,889
10/26/2018 9:45,WS Outbound-DCL Inbound,Union,889
10/26/2018 9:45,WS Outbound-DCL Inbound,Union,889
10/26/2018 9:45,WS Outbound-DCL Inbound,Union,889
10/26/2018 9:45,WS Outbound-DCL Inbound,Union,889
10/26/2018 9:45,WS Outbound-DCL Inbound,Union,889
10/26/2018 9:45,WS Outbound-DCL Inbound,Union,889
10/26/2018 9:45,WS Outbound-DCL Inbound,Union,889
10/26/2018 9:45,WS Outbound-DCL Inbound,Union,889
10/26/2018 9:45,WS Outbound-DCL Inbound,Union,889
10/26/2018 9:45,WS Outbound-DCL Inbound,Union,889
10/26/2018 9:45,WS Outbound-DCL Inbound,Union,889
10/26/2018 9:45,WS Outbound-DCL Inbound,Union,889
10/26/2018 9:45,WS Outbound-DCL Inbound,Union,889
10/26/2018 9:48,WS Outbound-DCL Inbound,Physical Facilities OB,889
10/26/2018 9:51,WS Outbound-DCL Inbound,UDC,37
10/26/2018 9:52,WS Outbound-DCL Inbound,UDC,37
10/26/2018 9:52,WS Outbound-DCL Inbound,UDC,37
10/26/2018 9:53,WS Outbound-DCL Inbound,UDC,37
10/26/2018 9:53,WS Outbound-DCL Inbound,UDC,37
10/26/2018 9:55,WS Outbound-DCL Inbound,UDC,37
10/26/2018 9:58,WS Outbound-DCL Inbound,Leroy St and Front,37
10/26/2018 10:00,WS Outbound-DCL Inbound,Leroy St and Chestnut IB,37
10/26/2018 10:00,WS Outbound-DCL Inbound,Leroy St and Chestnut IB,37
10/26/2018 10:00,WS Outbound-DCL Inbound,Leroy St and Chestnut IB,37
10/26/2018 10:00,WS Outbound-DCL Inbound,Leroy St and Chestnut IB,37
10/26/2018 10:12,WS Outbound-DCL Inbound,Union,55
10/26/2018 10:12,WS Outbound-DCL Inbound,Union,55
10/26/2018 10:12,WS Outbound-DCL Inbound,Leroy St and Front,889
10/26/2018 10:12,WS Outbound-DCL Inbound,Union,55
10/26/2018 10:12,WS Outbound-DCL Inbound,Union,55
10/26/2018 10:12,WS Outbound-DCL Inbound,Union,55
10/26/2018 10:12,WS Outbound-DCL Inbound,Union,55
10/26/2018 10:13,WS Outbound-DCL Inbound,Leroy St and Murray IB,889
10/26/2018 10:13,WS Outbound-DCL Inbound,Leroy St and Murray IB,889
10/26/2018 10:13,WS Outbound-DCL Inbound,Leroy St and Murray IB,889
10/26/2018 10:13,WS Outbound-DCL Inbound,Leroy St and Murray IB,889
10/26/2018 10:13,WS Outbound-DCL Inbound,Leroy St and Murray IB,889
10/26/2018 10:14,WS Outbound-DCL Inbound,Leroy St and Chestnut IB,889
10/26/2018 10:14,WS Outbound-DCL Inbound,Leroy St and Chestnut IB,889
10/26/2018 10:14,WS Outbound-DCL Inbound,Leroy St and Chestnut IB,889
10/26/2018 10:14,WS Outbound-DCL Inbound,Leroy St and Chestnut IB,889
10/26/2018 10:14,WS Outbound-DCL Inbound,Leroy St and Chestnut IB,889
10/26/2018 10:14,WS Outbound-DCL Inbound,Leroy St and Chestnut IB,889
10/26/2018 10:14,WS Outbound-DCL Inbound,Leroy St and Chestnut IB,889
10/26/2018 10:14,WS Outbound-DCL Inbound,Leroy St and Chestnut IB,889
10/26/2018 10:28,WS Outbound-DCL Inbound,Leroy St and Front,526
10/26/2018 10:28,WS Outbound-DCL Inbound,Leroy St and Front,526
10/26/2018 10:28,WS Outbound-DCL Inbound,Leroy St and Front,526
10/26/2018 10:28,WS Outbound-DCL Inbound,Leroy St and Front,526
10/26/2018 10:28,WS Outbound-DCL Inbound,Leroy St and Front,526
10/26/2018 10:29,WS Outbound-DCL Inbound,Leroy St and Murray IB,526
10/26/2018 10:29,WS Outbound-DCL Inbound,Leroy St and Murray IB,526
10/26/2018 10:29,WS Outbound-DCL Inbound,Leroy St and Murray IB,526
10/26/2018 10:29,WS Outbound-DCL Inbound,Leroy St and Murray IB,526
10/26/2018 10:29,WS Outbound-DCL Inbound,Leroy St and Murray IB,526
10/26/2018 10:29,WS Outbound-DCL Inbound,Leroy St and Murray IB,526
10/26/2018 10:29,WS Outbound-DCL Inbound,Leroy St and Murray IB,526
10/26/2018 10:29,WS Outbound-DCL Inbound,Leroy St and Murray IB,526
10/26/2018 10:29,WS Outbound-DCL Inbound,Leroy St and Murray IB,526
10/26/2018 10:30,WS Outbound-DCL Inbound,Leroy St and Murray IB,526
10/26/2018 10:30,WS Outbound-DCL Inbound,Leroy St and Murray IB,526
10/26/2018 10:30,WS Outbound-DCL Inbound,Leroy St and Murray IB,526
10/26/2018 10:31,WS Outbound-DCL Inbound,Leroy St and Chestnut IB,526
10/26/2018 10:31,WS Outbound-DCL Inbound,Leroy St and Chestnut IB,526
10/26/2018 10:31,WS Outbound-DCL Inbound,Leroy St and Chestnut IB,526
10/26/2018 10:31,WS Outbound-DCL Inbound,Leroy St and Chestnut IB,526
10/26/2018 10:31,WS Outbound-DCL Inbound,Leroy St and Chestnut IB,526
10/26/2018 10:31,WS Outbound-DCL Inbound,Leroy St and Chestnut IB,526
10/26/2018 10:31,WS Outbound-DCL Inbound,Leroy St and Chestnut IB,526
10/26/2018 10:31,WS Outbound-DCL Inbound,Main and Arthur,55
10/26/2018 10:31,WS Outbound-DCL Inbound,Leroy St and Chestnut IB,526
10/26/2018 10:31,WS Outbound-DCL Inbound,Leroy St and Chestnut IB,526
10/26/2018 10:31,WS Outbound-DCL Inbound,Leroy St and Chestnut IB,526
10/26/2018 10:31,WS Outbound-DCL Inbound,Leroy St and Chestnut IB,526
10/26/2018 10:33,WS Outbound-DCL Inbound,Main and Front OB,55
10/26/2018 10:36,WS Outbound-DCL Inbound,Hawley OB,55
10/26/2018 10:37,WS Outbound-DCL Inbound,UDC,55
10/26/2018 10:39,WS Outbound-DCL Inbound,UDC,55
10/26/2018 10:43,WS Outbound-DCL Inbound,Leroy St and Front,55
10/26/2018 10:43,WS Outbound-DCL Inbound,Leroy St and Front,55
10/26/2018 10:43,WS Outbound-DCL Inbound,Leroy St and Front,55
10/26/2018 10:44,WS Outbound-DCL Inbound,Leroy St and Murray IB,55
10/26/2018 10:45,WS Outbound-DCL Inbound,Union,526
10/26/2018 10:45,WS Outbound-DCL Inbound,Union,526
10/26/2018 10:45,WS Outbound-DCL Inbound,Union,526
10/26/2018 10:45,WS Outbound-DCL Inbound,Union,526
10/26/2018 10:45,WS Outbound-DCL Inbound,Union,526
10/26/2018 10:45,WS Outbound-DCL Inbound,Union,526
10/26/2018 10:45,WS Outbound-DCL Inbound,Union,526
10/26/2018 10:45,WS Outbound-DCL Inbound,Union,526
10/26/2018 10:45,WS Outbound-DCL Inbound,Union,526
10/26/2018 10:45,WS Outbound-DCL Inbound,Union,526
10/26/2018 10:45,WS Outbound-DCL Inbound,Union,526
10/26/2018 10:45,WS Outbound-DCL Inbound,Union,526
10/26/2018 10:45,WS Outbound-DCL Inbound,Union,526
10/26/2018 10:45,WS Outbound-DCL Inbound,Union,526
10/26/2018 10:45,WS Outbound-DCL Inbound,Union,526
10/26/2018 10:45,WS Outbound-DCL Inbound,Union,526
10/26/2018 10:45,WS Outbound-DCL Inbound,Union,526
10/26/2018 10:45,WS Outbound-DCL Inbound,Union,526
10/26/2018 10:45,WS Outbound-DCL Inbound,Union,526
10/26/2018 10:45,WS Outbound-DCL Inbound,Union,526
10/26/2018 10:45,WS Outbound-DCL Inbound,Union,526
10/26/2018 10:45,WS Outbound-DCL Inbound,Union,526
10/26/2018 10:46,WS Outbound-DCL Inbound,Union,526
10/26/2018 10:46,WS Outbound-DCL Inbound,Union,526
10/26/2018 10:46,WS Outbound-DCL Inbound,Union,526
10/26/2018 10:46,WS Outbound-DCL Inbound,Union,526
10/26/2018 10:46,WS Outbound-DCL Inbound,Union,526
10/26/2018 10:46,WS Outbound-DCL Inbound,Leroy St and Chestnut IB,55
10/26/2018 10:46,WS Outbound-DCL Inbound,Leroy St and Chestnut IB,55
10/26/2018 10:48,WS Outbound-DCL Inbound,Beethoven and Leroy,55
10/26/2018 10:50,WS Outbound-DCL Inbound,Physical Facilities OB,526
10/26/2018 10:50,WS Outbound-DCL Inbound,Physical Facilities OB,526
10/26/2018 10:57,WS Outbound-DCL Inbound,Leroy St and Front,787
10/26/2018 10:57,WS Outbound-DCL Inbound,Leroy St and Murray IB,787
10/26/2018 10:57,WS Outbound-DCL Inbound,Leroy St and Murray IB,787
10/26/2018 10:58,WS Outbound-DCL Inbound,Leroy St and Chestnut OB,787
10/26/2018 10:58,WS Outbound-DCL Inbound,Leroy St and Chestnut OB,787
10/26/2018 11:04,WS Outbound-DCL Inbound,Main and Murray OB,526
10/26/2018 11:07,WS Outbound-DCL Inbound,Union,889
10/26/2018 11:07,WS Outbound-DCL Inbound,Union,889
10/26/2018 11:07,WS Outbound-DCL Inbound,Union,889
10/26/2018 11:07,WS Outbound-DCL Inbound,Union,889
10/26/2018 11:07,WS Outbound-DCL Inbound,Union,889
10/26/2018 11:07,WS Outbound-DCL Inbound,Union,889
10/26/2018 11:07,WS Outbound-DCL Inbound,Union,889
10/26/2018 11:07,WS Outbound-DCL Inbound,Union,889
10/26/2018 11:08,WS Outbound-DCL Inbound,Union,889
10/26/2018 11:08,WS Outbound-DCL Inbound,Union,889
10/26/2018 11:08,WS Outbound-DCL Inbound,Union,889
10/26/2018 11:09,WS Outbound-DCL Inbound,UDC,526
10/26/2018 11:09,WS Outbound-DCL Inbound,UDC,526
10/26/2018 11:09,WS Outbound-DCL Inbound,UDC,526
10/26/2018 11:10,WS Outbound-DCL Inbound,Union,889
10/26/2018 11:10,WS Outbound-DCL Inbound,Union,889
10/26/2018 11:12,WS Outbound-DCL Inbound,Leroy St and Front,526
10/26/2018 11:13,WS Outbound-DCL Inbound,Union,889
10/26/2018 11:13,WS Outbound-DCL Inbound,Leroy St and Murray IB,526
10/26/2018 11:13,WS Outbound-DCL Inbound,Union,889
10/26/2018 11:13,WS Outbound-DCL Inbound,Leroy St and Murray IB,526
10/26/2018 11:13,WS Outbound-DCL Inbound,Leroy St and Murray IB,526
10/26/2018 11:13,WS Outbound-DCL Inbound,Leroy St and Murray IB,526
10/26/2018 11:13,WS Outbound-DCL Inbound,Leroy St and Murray IB,526
10/26/2018 11:13,WS Outbound-DCL Inbound,Leroy St and Murray IB,526
10/26/2018 11:13,WS Outbound-DCL Inbound,Leroy St and Murray IB,526
10/26/2018 11:14,WS Outbound-DCL Inbound,Union,889
10/26/2018 11:14,WS Outbound-DCL Inbound,Leroy St and Chestnut IB,526
10/26/2018 11:14,WS Outbound-DCL Inbound,Leroy St and Chestnut IB,526
10/26/2018 11:14,WS Outbound-DCL Inbound,Leroy St and Chestnut IB,526
10/26/2018 11:14,WS Outbound-DCL Inbound,Leroy St and Chestnut IB,526
10/26/2018 11:14,WS Outbound-DCL Inbound,Leroy St and Chestnut IB,526
10/26/2018 11:14,WS Outbound-DCL Inbound,Union,889
10/26/2018 11:17,WS Outbound-DCL Inbound,Physical Facilities,889
10/26/2018 11:17,WS Outbound-DCL Inbound,Physical Facilities,889
10/26/2018 11:17,WS Outbound-DCL Inbound,Physical Facilities,889
10/26/2018 11:17,WS Outbound-DCL Inbound,Physical Facilities,889
10/26/2018 11:17,WS Outbound-DCL Inbound,Physical Facilities,889
10/26/2018 11:17,WS Outbound-DCL Inbound,Physical Facilities,889
10/26/2018 11:17,WS Outbound-DCL Inbound,Physical Facilities,889
10/26/2018 11:26,WS Outbound-DCL Inbound,Union,526
10/26/2018 11:26,WS Outbound-DCL Inbound,Union,526
10/26/2018 11:26,WS Outbound-DCL Inbound,Union,526
10/26/2018 11:26,WS Outbound-DCL Inbound,Union,526
10/26/2018 11:27,WS Outbound-DCL Inbound,Union,526
10/26/2018 11:27,WS Outbound-DCL Inbound,Union,526
10/26/2018 11:28,WS Outbound-DCL Inbound,Main and Schiller OB,889
10/26/2018 11:29,WS Outbound-DCL Inbound,Main and Clarke OB,889
10/26/2018 11:38,WS Outbound-DCL Inbound,UDC,889
10/26/2018 11:39,WS Outbound-DCL Inbound,UDC,889
10/26/2018 11:40,WS Outbound-DCL Inbound,UDC,889
10/26/2018 11:40,WS Outbound-DCL Inbound,UDC,889
10/26/2018 11:43,WS Outbound-DCL Inbound,Leroy St and Front,889
10/26/2018 11:43,WS Outbound-DCL Inbound,Leroy St and Front,889
10/26/2018 11:44,WS Outbound-DCL Inbound,Leroy St and Murray OB,889
10/26/2018 11:44,WS Outbound-DCL Inbound,Leroy St and Murray OB,889
10/26/2018 11:44,WS Outbound-DCL Inbound,Leroy St and Murray OB,889
10/26/2018 11:44,WS Outbound-DCL Inbound,Leroy St and Murray OB,889
10/26/2018 11:44,WS Outbound-DCL Inbound,Leroy St and Murray OB,889
10/26/2018 11:44,WS Outbound-DCL Inbound,Leroy St and Murray OB,889
10/26/2018 11:44,WS Outbound-DCL Inbound,Leroy St and Murray OB,889
10/26/2018 11:45,WS Outbound-DCL Inbound,Union,55
10/26/2018 11:45,WS Outbound-DCL Inbound,Union,55
10/26/2018 11:45,WS Outbound-DCL Inbound,Union,55
10/26/2018 11:45,WS Outbound-DCL Inbound,Leroy St and Chestnut OB,889
10/26/2018 11:45,WS Outbound-DCL Inbound,Leroy St and Chestnut OB,889
10/26/2018 11:45,WS Outbound-DCL Inbound,Leroy St and Chestnut OB,889
10/26/2018 11:45,WS Outbound-DCL Inbound,Leroy St and Chestnut OB,889
10/26/2018 11:45,WS Outbound-DCL Inbound,Leroy St and Chestnut OB,889
10/26/2018 11:45,WS Outbound-DCL Inbound,Leroy St and Chestnut OB,889
10/26/2018 11:45,WS Outbound-DCL Inbound,Leroy St and Chestnut OB,889
10/26/2018 11:45,WS Outbound-DCL Inbound,Leroy St and Chestnut OB,889
10/26/2018 11:46,WS Outbound-DCL Inbound,Leroy St and Chestnut OB,889
10/26/2018 11:46,WS Outbound-DCL Inbound,Leroy St and Chestnut OB,889
10/26/2018 11:46,WS Outbound-DCL Inbound,Leroy St and Chestnut OB,889
10/26/2018 11:46,WS Outbound-DCL Inbound,Union,55
10/26/2018 11:47,WS Outbound-DCL Inbound,Beethoven and Leroy,889
10/26/2018 11:47,WS Outbound-DCL Inbound,Beethoven and Leroy,889
10/26/2018 11:48,WS Outbound-DCL Inbound,Riverside and Beethoven,889
10/26/2018 11:54,WS Outbound-DCL Inbound,Floral and Roberts OB,55
10/26/2018 11:57,WS Outbound-DCL Inbound,Union,21
10/26/2018 11:57,WS Outbound-DCL Inbound,Union,21
10/26/2018 11:57,WS Outbound-DCL Inbound,Union,21
10/26/2018 11:57,WS Outbound-DCL Inbound,Union,21
10/26/2018 11:57,WS Outbound-DCL Inbound,Union,21
10/26/2018 11:57,WS Outbound-DCL Inbound,Union,21
10/26/2018 11:57,WS Outbound-DCL Inbound,Union,21
10/26/2018 11:57,WS Outbound-DCL Inbound,Union,21
10/26/2018 11:57,WS Outbound-DCL Inbound,Union,21
10/26/2018 11:57,WS Outbound-DCL Inbound,Union,21
10/26/2018 11:57,WS Outbound-DCL Inbound,Union,21
10/26/2018 11:57,WS Outbound-DCL Inbound,Union,21
10/26/2018 11:58,WS Outbound-DCL Inbound,Union,21
10/26/2018 11:58,WS Outbound-DCL Inbound,Union,21
10/26/2018 11:58,WS Outbound-DCL Inbound,Union,21
10/26/2018 11:58,WS Outbound-DCL Inbound,Union,21
10/26/2018 11:58,WS Outbound-DCL Inbound,Main and Schiller OB,55
10/26/2018 11:59,WS Outbound-DCL Inbound,Union,21
10/26/2018 11:59,WS Outbound-DCL Inbound,Union,21
10/26/2018 12:00,WS Outbound-DCL Inbound,Union,21
10/26/2018 12:00,WS Outbound-DCL Inbound,Union,21
10/26/2018 12:00,WS Outbound-DCL Inbound,Union,21
10/26/2018 12:00,WS Outbound-DCL Inbound,Union,21
10/26/2018 12:00,WS Outbound-DCL Inbound,Main and Clarke OB,55
10/26/2018 12:01,WS Outbound-DCL Inbound,Main and Cedar OB,55
10/26/2018 12:01,WS Outbound-DCL Inbound,Main and Cedar OB,55
10/26/2018 12:03,WS Outbound-DCL Inbound,Physical Facilities,21
10/26/2018 12:09,WS Outbound-DCL Inbound,UDC,55
10/26/2018 12:09,WS Outbound-DCL Inbound,UDC,55
10/26/2018 12:10,WS Outbound-DCL Inbound,Union,37
10/26/2018 12:10,WS Outbound-DCL Inbound,Union,37
10/26/2018 12:10,WS Outbound-DCL Inbound,Union,37
10/26/2018 12:12,WS Outbound-DCL Inbound,Union,37
10/26/2018 12:13,WS Outbound-DCL Inbound,Union,37
10/26/2018 12:13,WS Outbound-DCL Inbound,Union,37
10/26/2018 12:13,WS Outbound-DCL Inbound,Leroy St and Front,55
10/26/2018 12:13,WS Outbound-DCL Inbound,Union,37
10/26/2018 12:14,WS Outbound-DCL Inbound,Leroy St and Murray OB,55
10/26/2018 12:14,WS Outbound-DCL Inbound,Leroy St and Murray OB,55
10/26/2018 12:14,WS Outbound-DCL Inbound,Leroy St and Murray OB,55
10/26/2018 12:14,WS Outbound-DCL Inbound,Leroy St and Murray OB,55
10/26/2018 12:15,WS Outbound-DCL Inbound,Leroy St and Chestnut IB,55
10/26/2018 12:15,WS Outbound-DCL Inbound,Leroy St and Chestnut IB,55
10/26/2018 12:15,WS Outbound-DCL Inbound,Leroy St and Chestnut IB,55
10/26/2018 12:16,WS Outbound-DCL Inbound,Main and Schiller OB,21
10/26/2018 12:16,WS Outbound-DCL Inbound,Union,37
10/26/2018 12:18,WS Outbound-DCL Inbound,Riverside and Beethoven,55
10/26/2018 12:18,WS Outbound-DCL Inbound,Main and Arthur,21
10/26/2018 12:19,WS Outbound-DCL Inbound,Physical Facilities,37
10/26/2018 12:19,WS Outbound-DCL Inbound,Riverside and Margaret OB,55
10/26/2018 12:22,WS Outbound-DCL Inbound,UDC,21
10/26/2018 12:22,WS Outbound-DCL Inbound,UDC,21
10/26/2018 12:22,WS Outbound-DCL Inbound,UDC,21
10/26/2018 12:23,WS Outbound-DCL Inbound,UDC,21
10/26/2018 12:23,WS Outbound-DCL Inbound,UDC,21
10/26/2018 12:23,WS Outbound-DCL Inbound,UDC,21
10/26/2018 12:27,WS Outbound-DCL Inbound,Floral and Main OB,37
10/26/2018 12:27,WS Outbound-DCL Inbound,Floral and Main OB,37
10/26/2018 12:27,WS Outbound-DCL Inbound,Union,55
10/26/2018 12:27,WS Outbound-DCL Inbound,Union,55
10/26/2018 12:27,WS Outbound-DCL Inbound,Union,55
10/26/2018 12:27,WS Outbound-DCL Inbound,Union,55
10/26/2018 12:27,WS Outbound-DCL Inbound,Union,55
10/26/2018 12:29,WS Outbound-DCL Inbound,Leroy St and Murray IB,21
10/26/2018 12:29,WS Outbound-DCL Inbound,Leroy St and Murray IB,21
10/26/2018 12:29,WS Outbound-DCL Inbound,Leroy St and Murray IB,21
10/26/2018 12:29,WS Outbound-DCL Inbound,Leroy St and Murray IB,21
10/26/2018 12:29,WS Outbound-DCL Inbound,Leroy St and Murray IB,21
10/26/2018 12:30,WS Outbound-DCL Inbound,Leroy St and Chestnut IB,21
10/26/2018 12:30,WS Outbound-DCL Inbound,Leroy St and Chestnut IB,21
10/26/2018 12:30,WS Outbound-DCL Inbound,Leroy St and Chestnut IB,21
10/26/2018 12:30,WS Outbound-DCL Inbound,Leroy St and Chestnut IB,21
10/26/2018 12:30,WS Outbound-DCL Inbound,Leroy St and Chestnut IB,21
10/26/2018 12:30,WS Outbound-DCL Inbound,Leroy St and Chestnut IB,21
10/26/2018 12:30,WS Outbound-DCL Inbound,Leroy St and Chestnut IB,21
10/26/2018 12:31,WS Outbound-DCL Inbound,Union,55
10/26/2018 12:32,WS Outbound-DCL Inbound,Union,55
10/26/2018 12:34,WS Outbound-DCL Inbound,Union,55
10/26/2018 12:35,WS Outbound-DCL Inbound,Union,55
10/26/2018 12:40,WS Outbound-DCL Inbound,UDC,37
10/26/2018 12:42,WS Outbound-DCL Inbound,Leroy St and Front,37
10/26/2018 12:43,WS Outbound-DCL Inbound,Leroy St and Murray IB,37
10/26/2018 12:43,WS Outbound-DCL Inbound,Leroy St and Murray IB,37
10/26/2018 12:43,WS Outbound-DCL Inbound,Leroy St and Murray IB,37
10/26/2018 12:43,WS Outbound-DCL Inbound,Leroy St and Murray IB,37
10/26/2018 12:43,WS Outbound-DCL Inbound,Leroy St and Murray IB,37
10/26/2018 12:43,WS Outbound-DCL Inbound,Leroy St and Murray IB,37
10/26/2018 12:43,WS Outbound-DCL Inbound,Leroy St and Murray IB,37
10/26/2018 12:43,WS Outbound-DCL Inbound,Leroy St and Murray IB,37
10/26/2018 12:43,WS Outbound-DCL Inbound,Leroy St and Murray IB,37
10/26/2018 12:43,WS Outbound-DCL Inbound,Leroy St and Murray IB,37
10/26/2018 12:43,WS Outbound-DCL Inbound,Leroy St and Murray IB,37
10/26/2018 12:43,WS Outbound-DCL Inbound,Leroy St and Murray IB,37
10/26/2018 12:43,WS Outbound-DCL Inbound,Leroy St and Murray IB,37
10/26/2018 12:43,WS Outbound-DCL Inbound,Leroy St and Murray IB,37
10/26/2018 12:43,WS Outbound-DCL Inbound,Leroy St and Murray IB,37
10/26/2018 12:43,WS Outbound-DCL Inbound,Leroy St and Murray IB,37
10/26/2018 12:43,WS Outbound-DCL Inbound,Leroy St and Murray IB,37
10/26/2018 12:43,WS Outbound-DCL Inbound,Leroy St and Murray IB,37
10/26/2018 12:43,WS Outbound-DCL Inbound,Leroy St and Murray IB,37
10/26/2018 12:43,WS Outbound-DCL Inbound,Leroy St and Murray IB,37
10/26/2018 12:43,WS Outbound-DCL Inbound,Leroy St and Murray IB,37
10/26/2018 12:43,WS Outbound-DCL Inbound,Leroy St and Murray IB,37
10/26/2018 12:44,WS Outbound-DCL Inbound,Leroy St and Murray IB,37
10/26/2018 12:44,WS Outbound-DCL Inbound,Leroy St and Chestnut IB,37
10/26/2018 12:44,WS Outbound-DCL Inbound,Leroy St and Chestnut IB,37
10/26/2018 12:44,WS Outbound-DCL Inbound,Leroy St and Chestnut IB,37
10/26/2018 12:44,WS Outbound-DCL Inbound,Leroy St and Chestnut IB,37
10/26/2018 12:44,WS Outbound-DCL Inbound,Leroy St and Chestnut IB,37
10/26/2018 12:45,WS Outbound-DCL Inbound,Leroy St and Laurel IB,37
10/26/2018 12:46,WS Outbound-DCL Inbound,Beethoven and Leroy,37
10/26/2018 12:46,WS Outbound-DCL Inbound,Beethoven and Leroy,37
10/26/2018 12:46,WS Outbound-DCL Inbound,Beethoven and Leroy,37
10/26/2018 12:57,WS Outbound-DCL Inbound,Union,787
10/26/2018 12:57,WS Outbound-DCL Inbound,Union,787
10/26/2018 12:57,WS Outbound-DCL Inbound,Union,787
10/26/2018 12:57,WS Outbound-DCL Inbound,Union,787
10/26/2018 12:57,WS Outbound-DCL Inbound,Union,787
10/26/2018 12:57,WS Outbound-DCL Inbound,Union,787
10/26/2018 12:58,WS Outbound-DCL Inbound,Union,787
10/26/2018 12:58,WS Outbound-DCL Inbound,Union,787
10/26/2018 12:58,WS Outbound-DCL Inbound,Union,787
10/26/2018 12:58,WS Outbound-DCL Inbound,Union,787
10/26/2018 12:58,WS Outbound-DCL Inbound,Union,787
10/26/2018 12:58,WS Outbound-DCL Inbound,Union,787
10/26/2018 12:59,WS Outbound-DCL Inbound,Union,787
10/26/2018 12:59,WS Outbound-DCL Inbound,Union,787
10/26/2018 13:00,WS Outbound-DCL Inbound,Union,787
10/26/2018 13:01,WS Outbound-DCL Inbound,Floral and Main OB,889
10/26/2018 13:03,WS Outbound-DCL Inbound,Main and Helen OB,889
10/26/2018 13:05,WS Outbound-DCL Inbound,Physical Facilities,787
10/26/2018 13:05,WS Outbound-DCL Inbound,Physical Facilities,787
10/26/2018 13:06,WS Outbound-DCL Inbound,Main and Clarke OB,889
10/26/2018 13:06,WS Outbound-DCL Inbound,Main and Clarke OB,889
10/26/2018 13:09,WS Outbound-DCL Inbound,Main and Murray OB,889
10/26/2018 13:11,WS Outbound-DCL Inbound,Floral and Cleveland OB,787
10/26/2018 13:13,WS Outbound-DCL Inbound,UDC,889
10/26/2018 13:13,WS Outbound-DCL Inbound,UDC,889
10/26/2018 13:15,WS Outbound-DCL Inbound,Main and Schiller OB,787
10/26/2018 13:16,WS Outbound-DCL Inbound,Leroy St and Front,889
10/26/2018 13:16,WS Outbound-DCL Inbound,Leroy St and Front,889
10/26/2018 13:16,WS Outbound-DCL Inbound,Leroy St and Front,889
10/26/2018 13:17,WS Outbound-DCL Inbound,Leroy St and Murray IB,889
10/26/2018 13:17,WS Outbound-DCL Inbound,Leroy St and Murray IB,889
10/26/2018 13:17,WS Outbound-DCL Inbound,Leroy St and Murray IB,889
10/26/2018 13:17,WS Outbound-DCL Inbound,Leroy St and Murray IB,889
10/26/2018 13:18,WS Outbound-DCL Inbound,Leroy St and Chestnut IB,889
10/26/2018 13:18,WS Outbound-DCL Inbound,Leroy St and Chestnut IB,889
10/26/2018 13:18,WS Outbound-DCL Inbound,Leroy St and Chestnut IB,889
10/26/2018 13:18,WS Outbound-DCL Inbound,Leroy St and Chestnut IB,889
10/26/2018 13:18,WS Outbound-DCL Inbound,Leroy St and Chestnut IB,889
10/26/2018 13:18,WS Outbound-DCL Inbound,Leroy St and Chestnut IB,889
10/26/2018 13:20,WS Outbound-DCL Inbound,Union,55
10/26/2018 13:20,WS Outbound-DCL Inbound,Union,55
10/26/2018 13:20,WS Outbound-DCL Inbound,Union,55
10/26/2018 13:20,WS Outbound-DCL Inbound,Union,55
10/26/2018 13:20,WS Outbound-DCL Inbound,Union,55
10/26/2018 13:20,WS Outbound-DCL Inbound,Union,55
10/26/2018 13:20,WS Outbound-DCL Inbound,Union,55
10/26/2018 13:20,WS Outbound-DCL Inbound,Union,55
10/26/2018 13:20,WS Outbound-DCL Inbound,Union,55
10/26/2018 13:20,WS Outbound-DCL Inbound,Union,55
10/26/2018 13:20,WS Outbound-DCL Inbound,Union,55
10/26/2018 13:20,WS Outbound-DCL Inbound,Union,55
10/26/2018 13:20,WS Outbound-DCL Inbound,Union,55
10/26/2018 13:20,WS Outbound-DCL Inbound,Union,55
10/26/2018 13:20,WS Outbound-DCL Inbound,Union,55
10/26/2018 13:20,WS Outbound-DCL Inbound,Union,55
10/26/2018 13:20,WS Outbound-DCL Inbound,Union,55
10/26/2018 13:20,WS Outbound-DCL Inbound,Union,55
10/26/2018 13:20,WS Outbound-DCL Inbound,Union,55
10/26/2018 13:20,WS Outbound-DCL Inbound,Union,55
10/26/2018 13:20,WS Outbound-DCL Inbound,Union,55
10/26/2018 13:20,WS Outbound-DCL Inbound,Union,55
10/26/2018 13:20,WS Outbound-DCL Inbound,Union,55
10/26/2018 13:20,WS Outbound-DCL Inbound,Union,55
10/26/2018 13:21,WS Outbound-DCL Inbound,Union,55
10/26/2018 13:23,WS Outbound-DCL Inbound,Physical Facilities,55
10/26/2018 13:23,WS Outbound-DCL Inbound,UDC,787
10/26/2018 13:23,WS Outbound-DCL Inbound,UDC,787
10/26/2018 13:23,WS Outbound-DCL Inbound,UDC,787
10/26/2018 13:23,WS Outbound-DCL Inbound,UDC,787
10/26/2018 13:28,WS Outbound-DCL Inbound,Leroy St and Murray IB,787
10/26/2018 13:28,WS Outbound-DCL Inbound,Leroy St and Chestnut IB,787
10/26/2018 13:28,WS Outbound-DCL Inbound,Leroy St and Chestnut IB,787
10/26/2018 13:29,WS Outbound-DCL Inbound,Leroy St and Chestnut IB,787
10/26/2018 13:38,WS Outbound-DCL Inbound,Main and Cedar OB,55
10/26/2018 13:44,WS Outbound-DCL Inbound,Union,37
10/26/2018 13:44,WS Outbound-DCL Inbound,Union,37
10/26/2018 13:44,WS Outbound-DCL Inbound,Union,37
10/26/2018 13:44,WS Outbound-DCL Inbound,Union,37
10/26/2018 13:44,WS Outbound-DCL Inbound,Union,37
10/26/2018 13:44,WS Outbound-DCL Inbound,Union,37
10/26/2018 13:44,WS Outbound-DCL Inbound,Union,37
10/26/2018 13:44,WS Outbound-DCL Inbound,Union,37
10/26/2018 13:44,WS Outbound-DCL Inbound,Union,37
10/26/2018 13:44,WS Outbound-DCL Inbound,Union,37
10/26/2018 13:44,WS Outbound-DCL Inbound,Union,37
10/26/2018 13:44,WS Outbound-DCL Inbound,Union,37
10/26/2018 13:44,WS Outbound-DCL Inbound,Union,37
10/26/2018 13:45,WS Outbound-DCL Inbound,Union,37
10/26/2018 13:45,WS Outbound-DCL Inbound,Union,37
10/26/2018 13:45,WS Outbound-DCL Inbound,Union,37
10/26/2018 13:46,WS Outbound-DCL Inbound,Leroy St and Front,55
10/26/2018 13:47,WS Outbound-DCL Inbound,Leroy St and Murray IB,55
10/26/2018 13:47,WS Outbound-DCL Inbound,Leroy St and Murray IB,55
10/26/2018 13:47,WS Outbound-DCL Inbound,Leroy St and Murray IB,55
10/26/2018 13:47,WS Outbound-DCL Inbound,Leroy St and Murray IB,55
10/26/2018 13:47,WS Outbound-DCL Inbound,Leroy St and Murray IB,55
10/26/2018 13:47,WS Outbound-DCL Inbound,Leroy St and Murray IB,55
10/26/2018 13:47,WS Outbound-DCL Inbound,Leroy St and Murray IB,55
10/26/2018 13:47,WS Outbound-DCL Inbound,Leroy St and Murray IB,55
10/26/2018 13:48,WS Outbound-DCL Inbound,Leroy St and Murray IB,55
10/26/2018 13:48,WS Outbound-DCL Inbound,Leroy St and Murray IB,55
10/26/2018 13:48,WS Outbound-DCL Inbound,Leroy St and Chestnut IB,55
10/26/2018 13:48,WS Outbound-DCL Inbound,Leroy St and Chestnut IB,55
10/26/2018 13:48,WS Outbound-DCL Inbound,Leroy St and Chestnut IB,55
10/26/2018 13:53,WS Outbound-DCL Inbound,Riverside and Columbus IB,55
10/26/2018 14:02,WS Outbound-DCL Inbound,Union,42
10/26/2018 14:02,WS Outbound-DCL Inbound,Union,42
10/26/2018 14:03,WS Outbound-DCL Inbound,Union,42
10/26/2018 14:03,WS Outbound-DCL Inbound,Union,42
10/26/2018 14:03,WS Outbound-DCL Inbound,Union,42
10/26/2018 14:03,WS Outbound-DCL Inbound,Union,42
10/26/2018 14:03,WS Outbound-DCL Inbound,Union,42
10/26/2018 14:03,WS Outbound-DCL Inbound,Union,42
10/26/2018 14:03,WS Outbound-DCL Inbound,Union,42
10/26/2018 14:03,WS Outbound-DCL Inbound,Union,42
10/26/2018 14:03,WS Outbound-DCL Inbound,Union,42
10/26/2018 14:03,WS Outbound-DCL Inbound,Union,42
10/26/2018 14:03,WS Outbound-DCL Inbound,Union,42
10/26/2018 14:03,WS Outbound-DCL Inbound,Union,42
10/26/2018 14:03,WS Outbound-DCL Inbound,Union,42
10/26/2018 14:03,WS Outbound-DCL Inbound,Union,42
10/26/2018 14:03,WS Outbound-DCL Inbound,Union,42
10/26/2018 14:03,WS Outbound-DCL Inbound,Union,42
10/26/2018 14:03,WS Outbound-DCL Inbound,Union,42
10/26/2018 14:04,WS Outbound-DCL Inbound,Union,42
10/26/2018 14:04,WS Outbound-DCL Inbound,Union,42
10/26/2018 14:04,WS Outbound-DCL Inbound,Union,42
10/26/2018 14:04,WS Outbound-DCL Inbound,Union,42
10/26/2018 14:05,WS Outbound-DCL Inbound,Union,42
10/26/2018 14:05,WS Outbound-DCL Inbound,UDC,37
10/26/2018 14:05,WS Outbound-DCL Inbound,Union,42
10/26/2018 14:05,WS Outbound-DCL Inbound,Union,42
10/26/2018 14:05,WS Outbound-DCL Inbound,UDC,37
10/26/2018 14:06,WS Outbound-DCL Inbound,UDC,37
10/26/2018 14:07,WS Outbound-DCL Inbound,Physical Facilities,42
10/26/2018 14:09,WS Outbound-DCL Inbound,UDC,37
10/26/2018 14:09,WS Outbound-DCL Inbound,UDC,37
10/26/2018 14:10,WS Outbound-DCL Inbound,UDC IB,37
10/26/2018 14:13,WS Outbound-DCL Inbound,Leroy St and Murray IB,37
10/26/2018 14:13,WS Outbound-DCL Inbound,Leroy St and Murray IB,37
10/26/2018 14:13,WS Outbound-DCL Inbound,Leroy St and Murray IB,37
10/26/2018 14:13,WS Outbound-DCL Inbound,Leroy St and Murray IB,37
10/26/2018 14:14,WS Outbound-DCL Inbound,Floral and Burbank OB,42
10/26/2018 14:14,WS Outbound-DCL Inbound,Leroy St and Chestnut IB,37
10/26/2018 14:14,WS Outbound-DCL Inbound,Leroy St and Chestnut IB,37
10/26/2018 14:14,WS Outbound-DCL Inbound,Leroy St and Chestnut IB,37
10/26/2018 14:14,WS Outbound-DCL Inbound,Leroy St and Chestnut IB,37
10/26/2018 14:14,WS Outbound-DCL Inbound,Leroy St and Chestnut IB,37
10/26/2018 14:14,WS Outbound-DCL Inbound,Leroy St and Chestnut IB,37
10/26/2018 14:14,WS Outbound-DCL Inbound,Leroy St and Chestnut IB,37
10/26/2018 14:15,WS Outbound-DCL Inbound,Floral and Cleveland OB,42
10/26/2018 14:16,WS Outbound-DCL Inbound,Floral and Main OB,42
10/26/2018 14:22,WS Outbound-DCL Inbound,Main and Clarke OB,42
10/26/2018 14:24,WS Outbound-DCL Inbound,Union,21
10/26/2018 14:24,WS Outbound-DCL Inbound,Union,21
10/26/2018 14:24,WS Outbound-DCL Inbound,Union,21
10/26/2018 14:24,WS Outbound-DCL Inbound,Union,21
10/26/2018 14:24,WS Outbound-DCL Inbound,Union,21
10/26/2018 14:24,WS Outbound-DCL Inbound,Union,21
10/26/2018 14:24,WS Outbound-DCL Inbound,Union,21
10/26/2018 14:24,WS Outbound-DCL Inbound,Union,21
10/26/2018 14:24,WS Outbound-DCL Inbound,Union,21
10/26/2018 14:24,WS Outbound-DCL Inbound,Union,21
10/26/2018 14:24,WS Outbound-DCL Inbound,Union,21
10/26/2018 14:24,WS Outbound-DCL Inbound,Union,21
10/26/2018 14:24,WS Outbound-DCL Inbound,Union,21
10/26/2018 14:24,WS Outbound-DCL Inbound,Union,21
10/26/2018 14:25,WS Outbound-DCL Inbound,Union,21
10/26/2018 14:25,WS Outbound-DCL Inbound,Union,21
10/26/2018 14:25,WS Outbound-DCL Inbound,Union,21
10/26/2018 14:25,WS Outbound-DCL Inbound,Union,21
10/26/2018 14:25,WS Outbound-DCL Inbound,Union,21
10/26/2018 14:25,WS Outbound-DCL Inbound,Union,21
10/26/2018 14:25,WS Outbound-DCL Inbound,Union,21
10/26/2018 14:25,WS Outbound-DCL Inbound,Union,21
10/26/2018 14:25,WS Outbound-DCL Inbound,Union,21
10/26/2018 14:25,WS Outbound-DCL Inbound,Union,21
10/26/2018 14:25,WS Outbound-DCL Inbound,Union,21
10/26/2018 14:25,WS Outbound-DCL Inbound,Main and Murray OB,42
10/26/2018 14:25,WS Outbound-DCL Inbound,Union,21
10/26/2018 14:25,WS Outbound-DCL Inbound,Union,21
10/26/2018 14:26,WS Outbound-DCL Inbound,Union,21
10/26/2018 14:26,WS Outbound-DCL Inbound,Union,21
10/26/2018 14:27,WS Outbound-DCL Inbound,Union,21
10/26/2018 14:27,WS Outbound-DCL Inbound,Union,21
10/26/2018 14:27,WS Outbound-DCL Inbound,Union,37
10/26/2018 14:27,WS Outbound-DCL Inbound,Union,21
10/26/2018 14:27,WS Outbound-DCL Inbound,Union,37
10/26/2018 14:28,WS Outbound-DCL Inbound,Union,21
10/26/2018 14:28,WS Outbound-DCL Inbound,Union,37
10/26/2018 14:28,WS Outbound-DCL Inbound,Union,21
10/26/2018 14:28,WS Outbound-DCL Inbound,Union,37
10/26/2018 14:28,WS Outbound-DCL Inbound,Union,21
10/26/2018 14:28,WS Outbound-DCL Inbound,Union,21
10/26/2018 14:28,WS Outbound-DCL Inbound,Union,37
10/26/2018 14:28,WS Outbound-DCL Inbound,Union,21
10/26/2018 14:29,WS Outbound-DCL Inbound,Union,21
10/26/2018 14:29,WS Outbound-DCL Inbound,UDC,42
10/26/2018 14:29,WS Outbound-DCL Inbound,UDC,42
10/26/2018 14:29,WS Outbound-DCL Inbound,Union,37
10/26/2018 14:29,WS Outbound-DCL Inbound,UDC,42
10/26/2018 14:29,WS Outbound-DCL Inbound,UDC,42
10/26/2018 14:29,WS Outbound-DCL Inbound,UDC,42
10/26/2018 14:29,WS Outbound-DCL Inbound,Union,37
10/26/2018 14:29,WS Outbound-DCL Inbound,UDC,42
10/26/2018 14:29,WS Outbound-DCL Inbound,UDC,42
10/26/2018 14:32,WS Outbound-DCL Inbound,Physical Facilities,21
10/26/2018 14:33,WS Outbound-DCL Inbound,Leroy St and Front,42
10/26/2018 14:33,WS Outbound-DCL Inbound,Leroy St and Front,42
10/26/2018 14:33,WS Outbound-DCL Inbound,Leroy St and Front,42
10/26/2018 14:34,WS Outbound-DCL Inbound,Leroy St and Murray IB,42
10/26/2018 14:34,WS Outbound-DCL Inbound,Leroy St and Murray IB,42
10/26/2018 14:34,WS Outbound-DCL Inbound,Leroy St and Murray IB,42
10/26/2018 14:34,WS Outbound-DCL Inbound,Leroy St and Murray IB,42
10/26/2018 14:35,WS Outbound-DCL Inbound,Leroy St and Chestnut IB,42
10/26/2018 14:35,WS Outbound-DCL Inbound,Leroy St and Chestnut IB,42
10/26/2018 14:45,WS Outbound-DCL Inbound,Union,787
10/26/2018 14:45,WS Outbound-DCL Inbound,Union,787
10/26/2018 14:45,WS Outbound-DCL Inbound,Union,787
10/26/2018 14:45,WS Outbound-DCL Inbound,Union,787
10/26/2018 14:45,WS Outbound-DCL Inbound,Union,787
10/26/2018 14:45,WS Outbound-DCL Inbound,Union,787
10/26/2018 14:45,WS Outbound-DCL Inbound,Union,787
10/26/2018 14:45,WS Outbound-DCL Inbound,Union,787
10/26/2018 14:45,WS Outbound-DCL Inbound,Union,787
10/26/2018 14:45,WS Outbound-DCL Inbound,Union,787
10/26/2018 14:45,WS Outbound-DCL Inbound,Union,787
10/26/2018 14:45,WS Outbound-DCL Inbound,Union,787
10/26/2018 14:45,WS Outbound-DCL Inbound,Union,787
10/26/2018 14:45,WS Outbound-DCL Inbound,Union,787
10/26/2018 14:45,WS Outbound-DCL Inbound,Union,787
10/26/2018 14:45,WS Outbound-DCL Inbound,Union,787
10/26/2018 14:45,WS Outbound-DCL Inbound,Union,787
10/26/2018 14:45,WS Outbound-DCL Inbound,Union,787
10/26/2018 14:45,WS Outbound-DCL Inbound,Union,787
10/26/2018 14:45,WS Outbound-DCL Inbound,Union,787
10/26/2018 14:45,WS Outbound-DCL Inbound,Union,787
10/26/2018 14:46,WS Outbound-DCL Inbound,Union,787
10/26/2018 14:46,WS Outbound-DCL Inbound,Union,787
10/26/2018 14:46,WS Outbound-DCL Inbound,Union,787
10/26/2018 14:46,WS Outbound-DCL Inbound,Union,787
10/26/2018 14:46,WS Outbound-DCL Inbound,Floral and Main OB,21
10/26/2018 14:48,WS Outbound-DCL Inbound,Union,42
10/26/2018 14:48,WS Outbound-DCL Inbound,Union,42
10/26/2018 14:48,WS Outbound-DCL Inbound,Union,42
10/26/2018 14:48,WS Outbound-DCL Inbound,Union,42
10/26/2018 14:48,WS Outbound-DCL Inbound,Union,42
10/26/2018 14:48,WS Outbound-DCL Inbound,Union,42
10/26/2018 14:48,WS Outbound-DCL Inbound,Union,42
10/26/2018 14:48,WS Outbound-DCL Inbound,Union,42
10/26/2018 14:48,WS Outbound-DCL Inbound,Union,42
10/26/2018 14:51,WS Outbound-DCL Inbound,Main and Cedar OB,21
10/26/2018 14:59,WS Outbound-DCL Inbound,Main and Matthews,787
10/26/2018 14:59,WS Outbound-DCL Inbound,Main and Matthews,787
10/26/2018 15:00,WS Outbound-DCL Inbound,UDC,21
10/26/2018 15:01,WS Outbound-DCL Inbound,UDC,21
10/26/2018 15:02,WS Outbound-DCL Inbound,Main and Clarke IB,787
10/26/2018 15:02,WS Outbound-DCL Inbound,Main and Clarke IB,787
10/26/2018 15:05,WS Outbound-DCL Inbound,Leroy St and Murray IB,21
10/26/2018 15:05,WS Outbound-DCL Inbound,Leroy St and Murray IB,21
10/26/2018 15:05,WS Outbound-DCL Inbound,Leroy St and Murray IB,21
10/26/2018 15:05,WS Outbound-DCL Inbound,Leroy St and Murray IB,21
10/26/2018 15:05,WS Outbound-DCL Inbound,Leroy St and Murray IB,21
10/26/2018 15:05,WS Outbound-DCL Inbound,Leroy St and Murray IB,21
10/26/2018 15:05,WS Outbound-DCL Inbound,Leroy St and Murray IB,21
10/26/2018 15:05,WS Outbound-DCL Inbound,Leroy St and Murray IB,21
10/26/2018 15:05,WS Outbound-DCL Inbound,Leroy St and Murray IB,21
10/26/2018 15:06,WS Outbound-DCL Inbound,UDC IB,42
10/26/2018 15:06,WS Outbound-DCL Inbound,UDC IB,42
10/26/2018 15:06,WS Outbound-DCL Inbound,UDC IB,42
10/26/2018 15:06,WS Outbound-DCL Inbound,Leroy St and Chestnut IB,21
10/26/2018 15:06,WS Outbound-DCL Inbound,Leroy St and Chestnut IB,21
10/26/2018 15:06,WS Outbound-DCL Inbound,Leroy St and Chestnut IB,21
10/26/2018 15:06,WS Outbound-DCL Inbound,Leroy St and Chestnut IB,21
10/26/2018 15:06,WS Outbound-DCL Inbound,UDC IB,42
10/26/2018 15:08,WS Outbound-DCL Inbound,Hawley IB,42
10/26/2018 15:09,WS Outbound-DCL Inbound,Riverside and Beethoven,21
10/26/2018 15:09,WS Outbound-DCL Inbound,Main and Front OB,42
10/26/2018 15:10,WS Outbound-DCL Inbound,Main and Murray IB,42
10/26/2018 15:10,WS Outbound-DCL Inbound,Main and Murray IB,42
10/26/2018 15:10,WS Outbound-DCL Inbound,Main and Murray IB,42
10/26/2018 15:11,WS Outbound-DCL Inbound,UDC,787
10/26/2018 15:12,WS Outbound-DCL Inbound,Main and Mather,42
10/26/2018 15:12,WS Outbound-DCL Inbound,Main and Mather,42
10/26/2018 15:13,WS Outbound-DCL Inbound,Main and Cedar IB,42
10/26/2018 15:13,WS Outbound-DCL Inbound,Main and Clarke IB,42
10/26/2018 15:13,WS Outbound-DCL Inbound,Main and Clarke IB,42
10/26/2018 15:14,WS Outbound-DCL Inbound,Main and Clarke IB,42
10/26/2018 15:14,WS Outbound-DCL Inbound,Main and Clarke IB,42
10/26/2018 15:14,WS Outbound-DCL Inbound,Main and Clarke IB,42
10/26/2018 15:14,WS Outbound-DCL Inbound,Main and Clarke IB,42
10/26/2018 15:14,WS Outbound-DCL Inbound,Leroy St and Murray IB,787
10/26/2018 15:15,WS Outbound-DCL Inbound,Main and Schiller IB,42
10/26/2018 15:15,WS Outbound-DCL Inbound,Leroy St and Chestnut IB,787
10/26/2018 15:15,WS Outbound-DCL Inbound,Leroy St and Chestnut IB,787
10/26/2018 15:15,WS Outbound-DCL Inbound,Leroy St and Chestnut IB,787
10/26/2018 15:17,WS Outbound-DCL Inbound,Union,37
10/26/2018 15:17,WS Outbound-DCL Inbound,Main and Helen IB,42
10/26/2018 15:17,WS Outbound-DCL Inbound,Union,37
10/26/2018 15:17,WS Outbound-DCL Inbound,Union,37
10/26/2018 15:17,WS Outbound-DCL Inbound,Union,37
10/26/2018 15:17,WS Outbound-DCL Inbound,Union,37
10/26/2018 15:17,WS Outbound-DCL Inbound,Union,37
10/26/2018 15:17,WS Outbound-DCL Inbound,Union,37
10/26/2018 15:17,WS Outbound-DCL Inbound,Union,37
10/26/2018 15:17,WS Outbound-DCL Inbound,Union,37
10/26/2018 15:17,WS Outbound-DCL Inbound,Union,37
10/26/2018 15:17,WS Outbound-DCL Inbound,Union,37
10/26/2018 15:17,WS Outbound-DCL Inbound,Union,37
10/26/2018 15:17,WS Outbound-DCL Inbound,Union,37
10/26/2018 15:17,WS Outbound-DCL Inbound,Union,37
10/26/2018 15:17,WS Outbound-DCL Inbound,Union,37
10/26/2018 15:17,WS Outbound-DCL Inbound,Union,37
10/26/2018 15:17,WS Outbound-DCL Inbound,Union,37
10/26/2018 15:18,WS Outbound-DCL Inbound,Union,37
10/26/2018 15:18,WS Outbound-DCL Inbound,Union,37
10/26/2018 15:18,WS Outbound-DCL Inbound,Union,37
10/26/2018 15:18,WS Outbound-DCL Inbound,Union,37
10/26/2018 15:18,WS Outbound-DCL Inbound,Union,37
10/26/2018 15:18,WS Outbound-DCL Inbound,Union,37
10/26/2018 15:18,WS Outbound-DCL Inbound,Union,37
10/26/2018 15:18,WS Outbound-DCL Inbound,Union,37
10/26/2018 15:18,WS Outbound-DCL Inbound,Union,37
10/26/2018 15:18,WS Outbound-DCL Inbound,Union,37
10/26/2018 15:19,WS Outbound-DCL Inbound,Floral and Cleveland IB,42
10/26/2018 15:20,WS Outbound-DCL Inbound,Floral and Cleveland IB,42
10/26/2018 15:25,WS Outbound-DCL Inbound,Union,55
10/26/2018 15:25,WS Outbound-DCL Inbound,Union,55
10/26/2018 15:25,WS Outbound-DCL Inbound,Union,55
10/26/2018 15:25,WS Outbound-DCL Inbound,Union,55
10/26/2018 15:25,WS Outbound-DCL Inbound,Union,55
10/26/2018 15:25,WS Outbound-DCL Inbound,Union,55
10/26/2018 15:25,WS Outbound-DCL Inbound,Union,55
10/26/2018 15:25,WS Outbound-DCL Inbound,Union,55
10/26/2018 15:25,WS Outbound-DCL Inbound,Union,55
10/26/2018 15:25,WS Outbound-DCL Inbound,Union,55
10/26/2018 15:25,WS Outbound-DCL Inbound,Union,55
10/26/2018 15:25,WS Outbound-DCL Inbound,Union,55
10/26/2018 15:25,WS Outbound-DCL Inbound,Union,55
10/26/2018 15:25,WS Outbound-DCL Inbound,Union,55
10/26/2018 15:25,WS Outbound-DCL Inbound,Union,55
10/26/2018 15:25,WS Outbound-DCL Inbound,Union,55
10/26/2018 15:25,WS Outbound-DCL Inbound,Union,55
10/26/2018 15:26,WS Outbound-DCL Inbound,Union,55
10/26/2018 15:26,WS Outbound-DCL Inbound,Union,55
10/26/2018 15:26,WS Outbound-DCL Inbound,Union,55
10/26/2018 15:26,WS Outbound-DCL Inbound,Union,55
10/26/2018 15:26,WS Outbound-DCL Inbound,Union,55
10/26/2018 15:26,WS Outbound-DCL Inbound,Union,55
10/26/2018 15:26,WS Outbound-DCL Inbound,Union,55
10/26/2018 15:27,WS Outbound-DCL Inbound,Union,55
10/26/2018 15:27,WS Outbound-DCL Inbound,Union,55
10/26/2018 15:28,WS Outbound-DCL Inbound,Union,55
10/26/2018 15:29,WS Outbound-DCL Inbound,Union,55
10/26/2018 15:29,WS Outbound-DCL Inbound,Union,55
10/26/2018 15:29,WS Outbound-DCL Inbound,Union,55
10/26/2018 15:29,WS Outbound-DCL Inbound,Union,55
10/26/2018 15:29,WS Outbound-DCL Inbound,Union,55
10/26/2018 15:30,WS Outbound-DCL Inbound,Union,55
10/26/2018 15:30,WS Outbound-DCL Inbound,Union,55
10/26/2018 15:32,WS Outbound-DCL Inbound,Main and Helen OB,37
10/26/2018 15:32,WS Outbound-DCL Inbound,Physical Facilities,55
10/26/2018 15:34,WS Outbound-DCL Inbound,Denny''s,55
10/26/2018 15:35,WS Outbound-DCL Inbound,Main and Murray OB,37
10/26/2018 15:39,WS Outbound-DCL Inbound,UDC,37
10/26/2018 15:40,WS Outbound-DCL Inbound,Floral and Main OB,55
10/26/2018 15:42,WS Outbound-DCL Inbound,Main and Helen OB,55
10/26/2018 15:42,WS Outbound-DCL Inbound,Leroy St and Murray OB,37
10/26/2018 15:42,WS Outbound-DCL Inbound,Leroy St and Murray OB,37
10/26/2018 15:42,WS Outbound-DCL Inbound,Leroy St and Murray OB,37
10/26/2018 15:43,WS Outbound-DCL Inbound,Leroy St and Chestnut IB,37
10/26/2018 15:43,WS Outbound-DCL Inbound,Leroy St and Chestnut IB,37
10/26/2018 15:45,WS Outbound-DCL Inbound,Main and Clarke OB,55
10/26/2018 15:52,WS Outbound-DCL Inbound,UDC,55
10/26/2018 15:52,WS Outbound-DCL Inbound,UDC,55
10/26/2018 15:53,WS Outbound-DCL Inbound,UDC,55
10/26/2018 15:56,WS Outbound-DCL Inbound,UDC,55
10/26/2018 16:00,WS Outbound-DCL Inbound,Leroy St and Murray IB,55
10/26/2018 16:00,WS Outbound-DCL Inbound,Leroy St and Murray IB,55
10/26/2018 16:00,WS Outbound-DCL Inbound,Leroy St and Murray IB,55
10/26/2018 16:00,WS Outbound-DCL Inbound,Leroy St and Murray IB,55
10/26/2018 16:00,WS Outbound-DCL Inbound,Leroy St and Murray IB,55
10/26/2018 16:01,WS Outbound-DCL Inbound,Leroy St and Chestnut IB,55
10/26/2018 16:04,WS Outbound-DCL Inbound,Union,787
10/26/2018 16:04,WS Outbound-DCL Inbound,Union,787
10/26/2018 16:04,WS Outbound-DCL Inbound,Union,787
10/26/2018 16:04,WS Outbound-DCL Inbound,Union,787
10/26/2018 16:04,WS Outbound-DCL Inbound,Union,787
10/26/2018 16:04,WS Outbound-DCL Inbound,Union,787
10/26/2018 16:04,WS Outbound-DCL Inbound,Union,787
10/26/2018 16:04,WS Outbound-DCL Inbound,Union,787
10/26/2018 16:04,WS Outbound-DCL Inbound,Union,787
10/26/2018 16:04,WS Outbound-DCL Inbound,Union,787
10/26/2018 16:04,WS Outbound-DCL Inbound,Union,787
10/26/2018 16:04,WS Outbound-DCL Inbound,Union,787
10/26/2018 16:04,WS Outbound-DCL Inbound,Union,787
10/26/2018 16:04,WS Outbound-DCL Inbound,Union,787
10/26/2018 16:04,WS Outbound-DCL Inbound,Union,787
10/26/2018 16:05,WS Outbound-DCL Inbound,Union,787
10/26/2018 16:05,WS Outbound-DCL Inbound,Union,787
10/26/2018 16:05,WS Outbound-DCL Inbound,Union,787
10/26/2018 16:05,WS Outbound-DCL Inbound,Union,787
10/26/2018 16:05,WS Outbound-DCL Inbound,Union,787
10/26/2018 16:05,WS Outbound-DCL Inbound,Union,787
10/26/2018 16:05,WS Outbound-DCL Inbound,Union,787
10/26/2018 16:05,WS Outbound-DCL Inbound,Union,787
10/26/2018 16:05,WS Outbound-DCL Inbound,Union,787
10/26/2018 16:05,WS Outbound-DCL Inbound,Union,787
10/26/2018 16:05,WS Outbound-DCL Inbound,Union,787
10/26/2018 16:05,WS Outbound-DCL Inbound,Union,787
10/26/2018 16:05,WS Outbound-DCL Inbound,Union,787
10/26/2018 16:05,WS Outbound-DCL Inbound,Union,787
10/26/2018 16:05,WS Outbound-DCL Inbound,Union,787
10/26/2018 16:08,WS Outbound-DCL Inbound,Physical Facilities OB,787
10/26/2018 16:15,WS Outbound-DCL Inbound,Union,42
10/26/2018 16:15,WS Outbound-DCL Inbound,Union,42
10/26/2018 16:15,WS Outbound-DCL Inbound,Union,42
10/26/2018 16:15,WS Outbound-DCL Inbound,Union,42
10/26/2018 16:15,WS Outbound-DCL Inbound,Union,42
10/26/2018 16:15,WS Outbound-DCL Inbound,Union,42
10/26/2018 16:15,WS Outbound-DCL Inbound,Union,42
10/26/2018 16:15,WS Outbound-DCL Inbound,Union,42
10/26/2018 16:15,WS Outbound-DCL Inbound,Union,42
10/26/2018 16:16,WS Outbound-DCL Inbound,Union,42
10/26/2018 16:16,WS Outbound-DCL Inbound,Union,42
10/26/2018 16:16,WS Outbound-DCL Inbound,Union,42
10/26/2018 16:16,WS Outbound-DCL Inbound,Union,42
10/26/2018 16:16,WS Outbound-DCL Inbound,Union,42
10/26/2018 16:16,WS Outbound-DCL Inbound,Union,42
10/26/2018 16:16,WS Outbound-DCL Inbound,Union,42
10/26/2018 16:16,WS Outbound-DCL Inbound,Union,42
10/26/2018 16:16,WS Outbound-DCL Inbound,Floral and Main OB,787
10/26/2018 16:16,WS Outbound-DCL Inbound,Union,42
10/26/2018 16:16,WS Outbound-DCL Inbound,Union,42
10/26/2018 16:16,WS Outbound-DCL Inbound,Union,42
10/26/2018 16:16,WS Outbound-DCL Inbound,Union,42
10/26/2018 16:16,WS Outbound-DCL Inbound,Union,42
10/26/2018 16:20,WS Outbound-DCL Inbound,Main and Schiller OB,787
10/26/2018 16:27,WS Outbound-DCL Inbound,Hawley OB,787
10/26/2018 16:29,WS Outbound-DCL Inbound,UDC,787
10/26/2018 16:29,WS Outbound-DCL Inbound,UDC,787
10/26/2018 16:29,WS Outbound-DCL Inbound,UDC,787
10/26/2018 16:29,WS Outbound-DCL Inbound,UDC,787
10/26/2018 16:29,WS Outbound-DCL Inbound,UDC,787
10/26/2018 16:31,WS Outbound-DCL Inbound,Main and Schiller OB,42
10/26/2018 16:32,WS Outbound-DCL Inbound,Main and Clarke OB,42
10/26/2018 16:35,WS Outbound-DCL Inbound,Main and Murray OB,42
10/26/2018 16:37,WS Outbound-DCL Inbound,Floral and Harrison IB,37
10/26/2018 16:41,WS Outbound-DCL Inbound,Main and Helen OB,37
10/26/2018 16:47,WS Outbound-DCL Inbound,Leroy St and Murray IB,42
10/26/2018 16:47,WS Outbound-DCL Inbound,Leroy St and Murray IB,42
10/26/2018 16:47,WS Outbound-DCL Inbound,Leroy St and Murray IB,42
10/26/2018 16:47,WS Outbound-DCL Inbound,Leroy St and Murray IB,42
10/26/2018 16:47,WS Outbound-DCL Inbound,Leroy St and Murray IB,42
10/26/2018 16:48,WS Outbound-DCL Inbound,Leroy St and Chestnut IB,42
10/26/2018 16:48,WS Outbound-DCL Inbound,Leroy St and Chestnut IB,42
10/26/2018 16:48,WS Outbound-DCL Inbound,Leroy St and Chestnut IB,42
10/26/2018 16:48,WS Outbound-DCL Inbound,Leroy St and Chestnut IB,42
10/26/2018 16:50,WS Outbound-DCL Inbound,UDC,37
10/26/2018 16:50,WS Outbound-DCL Inbound,Physical Facilities,21
10/26/2018 17:01,WS Outbound-DCL Inbound,Floral and Main OB,21
10/26/2018 17:03,WS Outbound-DCL Inbound,Main and Helen OB,21
10/26/2018 17:08,WS Outbound-DCL Inbound,Main and Arthur,21
10/26/2018 17:12,WS Outbound-DCL Inbound,Union,37
10/26/2018 17:12,WS Outbound-DCL Inbound,Union,37
10/26/2018 17:12,WS Outbound-DCL Inbound,Union,37
10/26/2018 17:12,WS Outbound-DCL Inbound,Union,37
10/26/2018 17:12,WS Outbound-DCL Inbound,Union,37
10/26/2018 17:12,WS Outbound-DCL Inbound,Union,37
10/26/2018 17:12,WS Outbound-DCL Inbound,Union,37
10/26/2018 17:12,WS Outbound-DCL Inbound,Union,37
10/26/2018 17:12,WS Outbound-DCL Inbound,Union,889
10/26/2018 17:12,WS Outbound-DCL Inbound,Union,37
10/26/2018 17:12,WS Outbound-DCL Inbound,Union,37
10/26/2018 17:12,WS Outbound-DCL Inbound,Union,889
10/26/2018 17:12,WS Outbound-DCL Inbound,Union,526
10/26/2018 17:12,WS Outbound-DCL Inbound,Union,526
10/26/2018 17:12,WS Outbound-DCL Inbound,Union,889
10/26/2018 17:13,WS Outbound-DCL Inbound,Union,526
10/26/2018 17:13,WS Outbound-DCL Inbound,Union,889
10/26/2018 17:13,WS Outbound-DCL Inbound,Union,526
10/26/2018 17:13,WS Outbound-DCL Inbound,Union,889
10/26/2018 17:13,WS Outbound-DCL Inbound,Union,889
10/26/2018 17:13,WS Outbound-DCL Inbound,Union,526
10/26/2018 17:13,WS Outbound-DCL Inbound,Union,889
10/26/2018 17:13,WS Outbound-DCL Inbound,Union,526
10/26/2018 17:13,WS Outbound-DCL Inbound,Union,889
10/26/2018 17:13,WS Outbound-DCL Inbound,Union,37
10/26/2018 17:13,WS Outbound-DCL Inbound,Union,526
10/26/2018 17:13,WS Outbound-DCL Inbound,Union,526
10/26/2018 17:13,WS Outbound-DCL Inbound,Union,526
10/26/2018 17:13,WS Outbound-DCL Inbound,Union,526
10/26/2018 17:13,WS Outbound-DCL Inbound,Union,526
10/26/2018 17:13,WS Outbound-DCL Inbound,Union,889
10/26/2018 17:13,WS Outbound-DCL Inbound,Union,37
10/26/2018 17:14,WS Outbound-DCL Inbound,Union,889
10/26/2018 17:14,WS Outbound-DCL Inbound,Union,889
10/26/2018 17:14,WS Outbound-DCL Inbound,Union,889
10/26/2018 17:14,WS Outbound-DCL Inbound,UDC,21
10/26/2018 17:15,WS Outbound-DCL Inbound,Union,37
10/26/2018 17:15,WS Outbound-DCL Inbound,Union,37
10/26/2018 17:15,WS Outbound-DCL Inbound,Union,889
10/26/2018 17:15,WS Outbound-DCL Inbound,Union,37
10/26/2018 17:15,WS Outbound-DCL Inbound,Physical Facilities,526
10/26/2018 17:15,WS Outbound-DCL Inbound,Union,889
10/26/2018 17:17,WS Outbound-DCL Inbound,Union,37
10/26/2018 17:17,WS Outbound-DCL Inbound,Union,37
10/26/2018 17:21,WS Outbound-DCL Inbound,Leroy St and Chestnut IB,21
10/26/2018 17:21,WS Outbound-DCL Inbound,Leroy St and Chestnut IB,21
10/26/2018 17:21,WS Outbound-DCL Inbound,Leroy St and Chestnut IB,21
10/26/2018 17:30,WS Outbound-DCL Inbound,Union,42
10/26/2018 17:30,WS Outbound-DCL Inbound,Union,42
10/26/2018 17:30,WS Outbound-DCL Inbound,Union,42
10/26/2018 17:30,WS Outbound-DCL Inbound,Union,42
10/26/2018 17:30,WS Outbound-DCL Inbound,Union,42
10/26/2018 17:30,WS Outbound-DCL Inbound,Union,42
10/26/2018 17:30,WS Outbound-DCL Inbound,Union,42
10/26/2018 17:30,WS Outbound-DCL Inbound,Union,42
10/26/2018 17:30,WS Outbound-DCL Inbound,Union,42
10/26/2018 17:30,WS Outbound-DCL Inbound,Union,42
10/26/2018 17:30,WS Outbound-DCL Inbound,Union,42
10/26/2018 17:30,WS Outbound-DCL Inbound,Union,42
10/26/2018 17:30,WS Outbound-DCL Inbound,Union,42
10/26/2018 17:30,WS Outbound-DCL Inbound,Union,42
10/26/2018 17:30,WS Outbound-DCL Inbound,Union,42
10/26/2018 17:30,WS Outbound-DCL Inbound,Union,42
10/26/2018 17:30,WS Outbound-DCL Inbound,Union,42
10/26/2018 17:30,WS Outbound-DCL Inbound,Union,42
10/26/2018 17:30,WS Outbound-DCL Inbound,Union,42
10/26/2018 17:30,WS Outbound-DCL Inbound,Union,42
10/26/2018 17:30,WS Outbound-DCL Inbound,Union,42
10/26/2018 17:30,WS Outbound-DCL Inbound,Union,42
10/26/2018 17:31,WS Outbound-DCL Inbound,Union,42
10/26/2018 17:31,WS Outbound-DCL Inbound,Union,42
10/26/2018 17:32,WS Outbound-DCL Inbound,Main and Murray OB,526
10/26/2018 17:33,WS Outbound-DCL Inbound,Union,42
10/26/2018 17:34,WS Outbound-DCL Inbound,Mohawk,21
10/26/2018 17:34,WS Outbound-DCL Inbound,Mohawk,21
10/26/2018 17:34,WS Outbound-DCL Inbound,Mohawk,21
10/26/2018 17:34,WS Outbound-DCL Inbound,Mohawk,21
10/26/2018 17:34,WS Outbound-DCL Inbound,Mohawk,21
10/26/2018 17:34,WS Outbound-DCL Inbound,Mohawk,21
10/26/2018 17:34,WS Outbound-DCL Inbound,Mohawk,21
10/26/2018 17:34,WS Outbound-DCL Inbound,Mohawk,21
10/26/2018 17:34,WS Outbound-DCL Inbound,Mohawk,21
10/26/2018 17:34,WS Outbound-DCL Inbound,Mohawk,21
10/26/2018 17:34,WS Outbound-DCL Inbound,Mohawk,21
10/26/2018 17:34,WS Outbound-DCL Inbound,Union,42
10/26/2018 17:34,WS Outbound-DCL Inbound,Mohawk,21
10/26/2018 17:34,WS Outbound-DCL Inbound,Union,42
10/26/2018 17:34,WS Outbound-DCL Inbound,Mohawk,21
10/26/2018 17:34,WS Outbound-DCL Inbound,Mohawk,21
10/26/2018 17:34,WS Outbound-DCL Inbound,Mohawk,21
10/26/2018 17:34,WS Outbound-DCL Inbound,Mohawk,21
10/26/2018 17:34,WS Outbound-DCL Inbound,Mohawk,21
10/26/2018 17:35,WS Outbound-DCL Inbound,Union,42
10/26/2018 17:35,WS Outbound-DCL Inbound,Union,42
10/26/2018 17:35,WS Outbound-DCL Inbound,Union,42
10/26/2018 17:35,WS Outbound-DCL Inbound,Union,42
10/26/2018 17:35,WS Outbound-DCL Inbound,Union,42
10/26/2018 17:35,WS Outbound-DCL Inbound,Union,42
10/26/2018 17:35,WS Outbound-DCL Inbound,Mohawk,21
10/26/2018 17:35,WS Outbound-DCL Inbound,Union,42
10/26/2018 17:35,WS Outbound-DCL Inbound,Union,42
10/26/2018 17:36,WS Outbound-DCL Inbound,Union,42
10/26/2018 17:36,WS Outbound-DCL Inbound,Union,42
10/26/2018 17:36,WS Outbound-DCL Inbound,Union,42
10/26/2018 17:36,WS Outbound-DCL Inbound,Union,42
10/26/2018 17:37,WS Outbound-DCL Inbound,Newing,21
10/26/2018 17:38,WS Outbound-DCL Inbound,UDC,889
10/26/2018 17:38,WS Outbound-DCL Inbound,Physical Facilities,42
10/26/2018 17:38,WS Outbound-DCL Inbound,Physical Facilities,42
10/26/2018 17:38,WS Outbound-DCL Inbound,UDC,889
10/26/2018 17:38,WS Outbound-DCL Inbound,Physical Facilities,42
10/26/2018 17:39,WS Outbound-DCL Inbound,UDC,889
10/26/2018 17:40,WS Outbound-DCL Inbound,Denny''s,42
10/26/2018 17:40,WS Outbound-DCL Inbound,UDC,889
10/26/2018 17:40,WS Outbound-DCL Inbound,UDC,889
10/26/2018 17:43,WS Outbound-DCL Inbound,Leroy St and Front,889
10/26/2018 17:44,WS Outbound-DCL Inbound,Leroy St and Murray IB,889
10/26/2018 17:44,WS Outbound-DCL Inbound,Leroy St and Murray IB,889
10/26/2018 17:44,WS Outbound-DCL Inbound,Leroy St and Murray IB,889
10/26/2018 17:44,WS Outbound-DCL Inbound,Leroy St and Murray IB,889
10/26/2018 17:44,WS Outbound-DCL Inbound,Leroy St and Murray IB,889
10/26/2018 17:44,WS Outbound-DCL Inbound,Leroy St and Murray IB,889
10/26/2018 17:45,WS Outbound-DCL Inbound,Floral and Willow OB,42
10/26/2018 17:47,WS Outbound-DCL Inbound,Riverside and Beethoven,889
10/26/2018 17:48,WS Outbound-DCL Inbound,Union,526
10/26/2018 17:48,WS Outbound-DCL Inbound,Union,526
10/26/2018 17:48,WS Outbound-DCL Inbound,Union,526
10/26/2018 17:48,WS Outbound-DCL Inbound,Union,526
10/26/2018 17:48,WS Outbound-DCL Inbound,Union,526
10/26/2018 17:48,WS Outbound-DCL Inbound,Union,526
10/26/2018 17:48,WS Outbound-DCL Inbound,Union,526
10/26/2018 17:48,WS Outbound-DCL Inbound,Union,526
10/26/2018 17:48,WS Outbound-DCL Inbound,Union,526
10/26/2018 17:48,WS Outbound-DCL Inbound,Union,526
10/26/2018 17:48,WS Outbound-DCL Inbound,Union,526
10/26/2018 17:48,WS Outbound-DCL Inbound,Union,526
10/26/2018 17:48,WS Outbound-DCL Inbound,Union,526
10/26/2018 17:48,WS Outbound-DCL Inbound,Union,526
10/26/2018 17:48,WS Outbound-DCL Inbound,Union,526
10/26/2018 17:48,WS Outbound-DCL Inbound,Union,526
10/26/2018 17:48,WS Outbound-DCL Inbound,Union,526
10/26/2018 17:49,WS Outbound-DCL Inbound,Union,526
10/26/2018 17:49,WS Outbound-DCL Inbound,Union,526
10/26/2018 17:50,WS Outbound-DCL Inbound,Main and Helen OB,42
10/26/2018 17:51,WS Outbound-DCL Inbound,Riverside and Ethel IB,889
10/26/2018 17:57,WS Outbound-DCL Inbound,Hawley IB,42
10/26/2018 17:57,WS Outbound-DCL Inbound,Hawley IB,42
10/26/2018 18:06,WS Outbound-DCL Inbound,UDC,526
10/26/2018 18:06,WS Outbound-DCL Inbound,UDC,526
10/26/2018 18:12,WS Outbound-DCL Inbound,Union,55
10/26/2018 18:12,WS Outbound-DCL Inbound,Union,55
10/26/2018 18:12,WS Outbound-DCL Inbound,Union,55
10/26/2018 18:12,WS Outbound-DCL Inbound,Union,55
10/26/2018 18:12,WS Outbound-DCL Inbound,Union,55
10/26/2018 18:12,WS Outbound-DCL Inbound,Union,55
10/26/2018 18:12,WS Outbound-DCL Inbound,Union,55
10/26/2018 18:12,WS Outbound-DCL Inbound,Union,55
10/26/2018 18:12,WS Outbound-DCL Inbound,Union,55
10/26/2018 18:12,WS Outbound-DCL Inbound,Union,55
10/26/2018 18:12,WS Outbound-DCL Inbound,Union,55
10/26/2018 18:12,WS Outbound-DCL Inbound,Union,55
10/26/2018 18:12,WS Outbound-DCL Inbound,Union,55
10/26/2018 18:12,WS Outbound-DCL Inbound,Union,55
10/26/2018 18:12,WS Outbound-DCL Inbound,Union,55
10/26/2018 18:12,WS Outbound-DCL Inbound,Union,55
10/26/2018 18:13,WS Outbound-DCL Inbound,Union,55
10/26/2018 18:14,WS Outbound-DCL Inbound,Leroy St and Murray IB,526
10/26/2018 18:14,WS Outbound-DCL Inbound,Leroy St and Murray IB,526
10/26/2018 18:14,WS Outbound-DCL Inbound,Leroy St and Murray IB,526
10/26/2018 18:14,WS Outbound-DCL Inbound,Union,55
10/26/2018 18:14,WS Outbound-DCL Inbound,Leroy St and Chestnut IB,526
10/26/2018 18:14,WS Outbound-DCL Inbound,Leroy St and Chestnut IB,526
10/26/2018 18:15,WS Outbound-DCL Inbound,Leroy St and Chestnut IB,526
10/26/2018 18:15,WS Outbound-DCL Inbound,Leroy St and Chestnut IB,526
10/26/2018 18:15,WS Outbound-DCL Inbound,Union,55
10/26/2018 18:15,WS Outbound-DCL Inbound,Union,55
10/26/2018 18:15,WS Outbound-DCL Inbound,Union,55
10/26/2018 18:20,WS Outbound-DCL Inbound,Riverside and Columbus IB,526
10/26/2018 18:28,WS Outbound-DCL Inbound,Main and Clarke IB,787
10/26/2018 18:30,WS Outbound-DCL Inbound,Main and Murray OB,787
10/26/2018 18:38,WS Outbound-DCL Inbound,UDC,55
10/26/2018 18:38,WS Outbound-DCL Inbound,UDC,55
10/26/2018 18:38,WS Outbound-DCL Inbound,Union,21
10/26/2018 18:38,WS Outbound-DCL Inbound,Union,21
10/26/2018 18:38,WS Outbound-DCL Inbound,Union,21
10/26/2018 18:38,WS Outbound-DCL Inbound,Union,21
10/26/2018 18:38,WS Outbound-DCL Inbound,Union,21
10/26/2018 18:38,WS Outbound-DCL Inbound,Union,21
10/26/2018 18:38,WS Outbound-DCL Inbound,Union,21
10/26/2018 18:38,WS Outbound-DCL Inbound,Union,21
10/26/2018 18:38,WS Outbound-DCL Inbound,Union,21
10/26/2018 18:38,WS Outbound-DCL Inbound,Union,21
10/26/2018 18:38,WS Outbound-DCL Inbound,Union,21
10/26/2018 18:39,WS Outbound-DCL Inbound,Union,21
10/26/2018 18:39,WS Outbound-DCL Inbound,Union,21
10/26/2018 18:39,WS Outbound-DCL Inbound,Union,21
10/26/2018 18:39,WS Outbound-DCL Inbound,Union,21
10/26/2018 18:39,WS Outbound-DCL Inbound,Union,21
10/26/2018 18:39,WS Outbound-DCL Inbound,Union,21
10/26/2018 18:39,WS Outbound-DCL Inbound,Union,21
10/26/2018 18:39,WS Outbound-DCL Inbound,Union,21
10/26/2018 18:39,WS Outbound-DCL Inbound,Union,21
10/26/2018 18:41,WS Outbound-DCL Inbound,Physical Facilities,21
10/26/2018 18:43,WS Outbound-DCL Inbound,Denny''s,21
10/26/2018 18:43,WS Outbound-DCL Inbound,Leroy St and Front,55
10/26/2018 18:44,WS Outbound-DCL Inbound,Leroy St and Murray IB,55
10/26/2018 18:44,WS Outbound-DCL Inbound,Leroy St and Murray IB,55
10/26/2018 18:44,WS Outbound-DCL Inbound,Leroy St and Murray IB,55
10/26/2018 18:44,WS Outbound-DCL Inbound,Leroy St and Murray IB,55
10/26/2018 18:45,WS Outbound-DCL Inbound,Leroy St and Chestnut IB,55
10/26/2018 18:45,WS Outbound-DCL Inbound,Leroy St and Chestnut IB,55
10/26/2018 18:46,WS Outbound-DCL Inbound,Leroy St and Laurel IB,55
10/26/2018 18:48,WS Outbound-DCL Inbound,Floral and Main IB,21
10/26/2018 18:49,WS Outbound-DCL Inbound,Union,787
10/26/2018 18:49,WS Outbound-DCL Inbound,Union,787
10/26/2018 18:49,WS Outbound-DCL Inbound,Union,787
10/26/2018 18:49,WS Outbound-DCL Inbound,Union,787
10/26/2018 18:49,WS Outbound-DCL Inbound,Union,787
10/26/2018 18:49,WS Outbound-DCL Inbound,Union,787
10/26/2018 18:50,WS Outbound-DCL Inbound,Union,787
10/26/2018 18:50,WS Outbound-DCL Inbound,Union,787
10/26/2018 18:50,WS Outbound-DCL Inbound,Union,787
10/26/2018 18:50,WS Outbound-DCL Inbound,Union,787
10/26/2018 18:50,WS Outbound-DCL Inbound,Union,787
10/26/2018 18:50,WS Outbound-DCL Inbound,Main and Helen OB,21
10/26/2018 18:50,WS Outbound-DCL Inbound,Main and Helen OB,21
10/26/2018 18:50,WS Outbound-DCL Inbound,Main and Helen OB,21
10/26/2018 18:50,WS Outbound-DCL Inbound,Main and Helen OB,21
10/26/2018 18:51,WS Outbound-DCL Inbound,Union,787
10/26/2018 18:51,WS Outbound-DCL Inbound,Union,787
10/26/2018 18:51,WS Outbound-DCL Inbound,Union,787
10/26/2018 18:51,WS Outbound-DCL Inbound,Union,787
10/26/2018 18:51,WS Outbound-DCL Inbound,Main and Schiller OB,21
10/26/2018 18:53,WS Outbound-DCL Inbound,Main and Clarke OB,21
10/26/2018 18:53,WS Outbound-DCL Inbound,Main and Clarke OB,21
10/26/2018 18:53,WS Outbound-DCL Inbound,Main and Cedar OB,21
10/26/2018 18:59,WS Outbound-DCL Inbound,Hawley OB,21
10/26/2018 18:59,WS Outbound-DCL Inbound,Hawley OB,21
10/26/2018 19:02,WS Outbound-DCL Inbound,Floral and Main OB,787
10/26/2018 19:04,WS Outbound-DCL Inbound,UDC IB,21
10/26/2018 19:04,WS Outbound-DCL Inbound,UDC IB,21
10/26/2018 19:04,WS Outbound-DCL Inbound,UDC IB,21
10/26/2018 19:04,WS Outbound-DCL Inbound,Main and Helen OB,787
10/26/2018 19:08,WS Outbound-DCL Inbound,Union,37
10/26/2018 19:08,WS Outbound-DCL Inbound,Union,37
10/26/2018 19:08,WS Outbound-DCL Inbound,Union,37
10/26/2018 19:08,WS Outbound-DCL Inbound,Union,37
10/26/2018 19:08,WS Outbound-DCL Inbound,Union,37
10/26/2018 19:08,WS Outbound-DCL Inbound,Union,37
10/26/2018 19:08,WS Outbound-DCL Inbound,Union,37
10/26/2018 19:08,WS Outbound-DCL Inbound,Union,37
10/26/2018 19:08,WS Outbound-DCL Inbound,Union,37
10/26/2018 19:08,WS Outbound-DCL Inbound,Union,37
10/26/2018 19:08,WS Outbound-DCL Inbound,Union,37
10/26/2018 19:09,WS Outbound-DCL Inbound,Union,37
10/26/2018 19:10,WS Outbound-DCL Inbound,Main and Front OB,787
10/26/2018 19:13,WS Outbound-DCL Inbound,UDC,787
10/26/2018 19:13,WS Outbound-DCL Inbound,UDC,787
10/26/2018 19:13,WS Outbound-DCL Inbound,UDC,787
10/26/2018 19:14,WS Outbound-DCL Inbound,UDC,787
10/26/2018 19:14,WS Outbound-DCL Inbound,UDC,787
10/26/2018 19:18,WS Outbound-DCL Inbound,Floral and Main OB,37
10/26/2018 19:29,WS Outbound-DCL Inbound,UDC,37
10/26/2018 19:30,WS Outbound-DCL Inbound,UDC,37
10/26/2018 19:31,WS Outbound-DCL Inbound,Union,55
10/26/2018 19:31,WS Outbound-DCL Inbound,Union,55
10/26/2018 19:31,WS Outbound-DCL Inbound,Union,55
10/26/2018 19:31,WS Outbound-DCL Inbound,Union,55
10/26/2018 19:31,WS Outbound-DCL Inbound,Union,55
10/26/2018 19:31,WS Outbound-DCL Inbound,Union,55
10/26/2018 19:31,WS Outbound-DCL Inbound,Union,55
10/26/2018 19:31,WS Outbound-DCL Inbound,Union,55
10/26/2018 19:31,WS Outbound-DCL Inbound,Union,55
10/26/2018 19:31,WS Outbound-DCL Inbound,Union,55
10/26/2018 19:31,WS Outbound-DCL Inbound,Union,55
10/26/2018 19:31,WS Outbound-DCL Inbound,Union,55
10/26/2018 19:32,WS Outbound-DCL Inbound,Union,55
10/26/2018 19:32,WS Outbound-DCL Inbound,Union,55
10/26/2018 19:32,WS Outbound-DCL Inbound,Union,55
10/26/2018 19:32,WS Outbound-DCL Inbound,Union,55
10/26/2018 19:32,WS Outbound-DCL Inbound,Leroy St and Murray IB,37
10/26/2018 19:33,WS Outbound-DCL Inbound,Union,55
10/26/2018 19:33,WS Outbound-DCL Inbound,Union,55
10/26/2018 19:33,WS Outbound-DCL Inbound,Union,55
10/26/2018 19:33,WS Outbound-DCL Inbound,Union,55
10/26/2018 19:33,WS Outbound-DCL Inbound,Leroy St and Chestnut IB,37
10/26/2018 19:33,WS Outbound-DCL Inbound,Union,55
10/26/2018 19:33,WS Outbound-DCL Inbound,Union,55
10/26/2018 19:34,WS Outbound-DCL Inbound,Union,55
10/26/2018 19:34,WS Outbound-DCL Inbound,Union,55
10/26/2018 19:34,WS Outbound-DCL Inbound,Union,55
10/26/2018 19:38,WS Outbound-DCL Inbound,Denny's OB,55
10/26/2018 19:38,WS Outbound-DCL Inbound,Denny's OB,55
10/26/2018 19:39,WS Outbound-DCL Inbound,Denny's OB,55
10/26/2018 19:47,WS Outbound-DCL Inbound,Union,21
10/26/2018 19:47,WS Outbound-DCL Inbound,Union,21
10/26/2018 19:47,WS Outbound-DCL Inbound,Union,21
10/26/2018 19:47,WS Outbound-DCL Inbound,Union,21
10/26/2018 19:47,WS Outbound-DCL Inbound,Union,21
10/26/2018 19:47,WS Outbound-DCL Inbound,Union,21
10/26/2018 19:47,WS Outbound-DCL Inbound,Union,21
10/26/2018 19:47,WS Outbound-DCL Inbound,Union,21
10/26/2018 19:47,WS Outbound-DCL Inbound,Union,21
10/26/2018 19:47,WS Outbound-DCL Inbound,Union,21
10/26/2018 19:47,WS Outbound-DCL Inbound,Main and Schiller OB,55
10/26/2018 19:47,WS Outbound-DCL Inbound,Main and Schiller OB,55
10/26/2018 19:50,WS Outbound-DCL Inbound,Main and Murray OB,55
10/26/2018 19:55,WS Outbound-DCL Inbound,Union,37
10/26/2018 19:55,WS Outbound-DCL Inbound,Union,37
10/26/2018 19:55,WS Outbound-DCL Inbound,Union,37
10/26/2018 19:55,WS Outbound-DCL Inbound,Union,37
10/26/2018 19:56,WS Outbound-DCL Inbound,Union,37
10/26/2018 19:56,WS Outbound-DCL Inbound,Union,37
10/26/2018 19:56,WS Outbound-DCL Inbound,Union,37
10/26/2018 19:56,WS Outbound-DCL Inbound,Union,37
10/26/2018 19:56,WS Outbound-DCL Inbound,Union,37
10/26/2018 19:56,WS Outbound-DCL Inbound,Union,37
10/26/2018 19:56,WS Outbound-DCL Inbound,Union,37
10/26/2018 19:57,WS Outbound-DCL Inbound,Union,37
10/26/2018 19:58,WS Outbound-DCL Inbound,Union,37
10/26/2018 19:58,WS Outbound-DCL Inbound,Union,37
10/26/2018 19:58,WS Outbound-DCL Inbound,Union,37
10/26/2018 19:58,WS Outbound-DCL Inbound,Union,37
10/26/2018 19:58,WS Outbound-DCL Inbound,Union,37
10/26/2018 19:58,WS Outbound-DCL Inbound,Union,37
10/26/2018 19:58,WS Outbound-DCL Inbound,Union,37
10/26/2018 19:58,WS Outbound-DCL Inbound,Union,37
10/26/2018 19:59,WS Outbound-DCL Inbound,Union,37
10/26/2018 19:59,WS Outbound-DCL Inbound,Union,37
10/26/2018 19:59,WS Outbound-DCL Inbound,Main and Schiller OB,21
