Start Date:10/25/2018 7:00 AM End Date:10/25/2018 8:00 PM,,,
DateTime,CorridorName,StopName,VehicleID
10/25/2018 7:14,WS Outbound-DCL Inbound,Union,787
10/25/2018 7:24,WS Outbound-DCL Inbound,Main and Schiller IB,787
10/25/2018 7:30,WS Outbound-DCL Inbound,Main and Murray OB,787
10/25/2018 7:32,WS Outbound-DCL Inbound,UDC,787
10/25/2018 7:35,WS Outbound-DCL Inbound,UDC,787
10/25/2018 7:35,WS Outbound-DCL Inbound,UDC,787
10/25/2018 7:36,WS Outbound-DCL Inbound,UDC,787
10/25/2018 7:37,WS Outbound-DCL Inbound,UDC,787
10/25/2018 7:37,WS Outbound-DCL Inbound,UDC,787
10/25/2018 7:38,WS Outbound-DCL Inbound,UDC,787
10/25/2018 7:43,WS Outbound-DCL Inbound,Leroy St and Front,787
10/25/2018 7:43,WS Outbound-DCL Inbound,Leroy St and Front,787
10/25/2018 7:46,WS Outbound-DCL Inbound,Leroy St and Chestnut IB,787
10/25/2018 7:46,WS Outbound-DCL Inbound,Leroy St and Chestnut IB,787
10/25/2018 7:46,WS Outbound-DCL Inbound,Leroy St and Chestnut IB,787
10/25/2018 7:46,WS Outbound-DCL Inbound,Leroy St and Chestnut IB,787
10/25/2018 7:46,WS Outbound-DCL Inbound,Leroy St and Chestnut IB,787
10/25/2018 7:48,WS Outbound-DCL Inbound,Beethoven and Leroy,787
10/25/2018 7:48,WS Outbound-DCL Inbound,Beethoven and Leroy,787
10/25/2018 7:48,WS Outbound-DCL Inbound,Beethoven and Leroy,787
10/25/2018 7:52,WS Outbound-DCL Inbound,Riverside and Margaret OB,787
10/25/2018 8:06,WS Outbound-DCL Inbound,Leroy St and Laurel IB,890
10/25/2018 8:21,WS Outbound-DCL Inbound,Union,890
10/25/2018 8:21,WS Outbound-DCL Inbound,Union,890
10/25/2018 8:25,WS Outbound-DCL Inbound,UDC,37
10/25/2018 8:26,WS Outbound-DCL Inbound,UDC,37
10/25/2018 8:28,WS Outbound-DCL Inbound,Leroy St and Front,37
10/25/2018 8:28,WS Outbound-DCL Inbound,Leroy St and Front,37
10/25/2018 8:29,WS Outbound-DCL Inbound,Leroy St and Murray IB,37
10/25/2018 8:29,WS Outbound-DCL Inbound,Leroy St and Murray IB,37
10/25/2018 8:29,WS Outbound-DCL Inbound,Leroy St and Murray IB,37
10/25/2018 8:30,WS Outbound-DCL Inbound,Leroy St and Murray IB,37
10/25/2018 8:31,WS Outbound-DCL Inbound,Floral and Harrison IB,890
10/25/2018 8:31,WS Outbound-DCL Inbound,Leroy St and Chestnut IB,37
10/25/2018 8:31,WS Outbound-DCL Inbound,Leroy St and Chestnut IB,37
10/25/2018 8:31,WS Outbound-DCL Inbound,Leroy St and Chestnut IB,37
10/25/2018 8:31,WS Outbound-DCL Inbound,Leroy St and Chestnut IB,37
10/25/2018 8:31,WS Outbound-DCL Inbound,Leroy St and Chestnut IB,37
10/25/2018 8:31,WS Outbound-DCL Inbound,Leroy St and Chestnut IB,37
10/25/2018 8:31,WS Outbound-DCL Inbound,Floral and Roberts IB,890
10/25/2018 8:31,WS Outbound-DCL Inbound,Leroy St and Chestnut IB,37
10/25/2018 8:31,WS Outbound-DCL Inbound,Leroy St and Chestnut IB,37
10/25/2018 8:32,WS Outbound-DCL Inbound,Leroy St and Laurel IB,37
10/25/2018 8:37,WS Outbound-DCL Inbound,Main and Schiller OB,890
10/25/2018 8:38,WS Outbound-DCL Inbound,Main and Schiller OB,890
10/25/2018 8:47,WS Outbound-DCL Inbound,Leroy St and Murray IB,890
10/25/2018 8:47,WS Outbound-DCL Inbound,Leroy St and Murray IB,890
10/25/2018 8:47,WS Outbound-DCL Inbound,Leroy St and Murray IB,890
10/25/2018 8:47,WS Outbound-DCL Inbound,Leroy St and Murray IB,890
10/25/2018 8:47,WS Outbound-DCL Inbound,Leroy St and Murray IB,890
10/25/2018 8:48,WS Outbound-DCL Inbound,Leroy St and Chestnut IB,890
10/25/2018 8:48,WS Outbound-DCL Inbound,Leroy St and Chestnut IB,890
10/25/2018 8:48,WS Outbound-DCL Inbound,Leroy St and Chestnut IB,890
10/25/2018 8:57,WS Outbound-DCL Inbound,UDC,787
10/25/2018 8:57,WS Outbound-DCL Inbound,UDC,787
10/25/2018 9:01,WS Outbound-DCL Inbound,Leroy St and Front,787
10/25/2018 9:01,WS Outbound-DCL Inbound,Leroy St and Front,787
10/25/2018 9:01,WS Outbound-DCL Inbound,Leroy St and Front,787
10/25/2018 9:02,WS Outbound-DCL Inbound,Leroy St and Murray IB,787
10/25/2018 9:02,WS Outbound-DCL Inbound,Leroy St and Murray IB,787
10/25/2018 9:02,WS Outbound-DCL Inbound,Leroy St and Murray IB,787
10/25/2018 9:03,WS Outbound-DCL Inbound,Leroy St and Chestnut IB,787
10/25/2018 9:03,WS Outbound-DCL Inbound,Leroy St and Chestnut IB,787
10/25/2018 9:03,WS Outbound-DCL Inbound,Leroy St and Chestnut IB,787
10/25/2018 9:03,WS Outbound-DCL Inbound,Leroy St and Chestnut IB,787
10/25/2018 9:03,WS Outbound-DCL Inbound,Leroy St and Chestnut IB,787
10/25/2018 9:21,WS Outbound-DCL Inbound,UDC,21
10/25/2018 9:21,WS Outbound-DCL Inbound,UDC,21
10/25/2018 9:23,WS Outbound-DCL Inbound,UDC,21
10/25/2018 9:23,WS Outbound-DCL Inbound,UDC,21
10/25/2018 9:25,WS Outbound-DCL Inbound,UDC,21
10/25/2018 9:26,WS Outbound-DCL Inbound,UDC,21
10/25/2018 9:26,WS Outbound-DCL Inbound,UDC,21
10/25/2018 9:26,WS Outbound-DCL Inbound,UDC,21
10/25/2018 9:28,WS Outbound-DCL Inbound,Leroy St and Front,21
10/25/2018 9:28,WS Outbound-DCL Inbound,Leroy St and Front,21
10/25/2018 9:29,WS Outbound-DCL Inbound,Leroy St and Murray IB,21
10/25/2018 9:29,WS Outbound-DCL Inbound,Leroy St and Murray IB,21
10/25/2018 9:29,WS Outbound-DCL Inbound,Leroy St and Murray IB,21
10/25/2018 9:29,WS Outbound-DCL Inbound,Leroy St and Murray IB,21
10/25/2018 9:29,WS Outbound-DCL Inbound,Leroy St and Murray IB,21
10/25/2018 9:29,WS Outbound-DCL Inbound,Leroy St and Murray IB,21
10/25/2018 9:29,WS Outbound-DCL Inbound,Leroy St and Murray IB,21
10/25/2018 9:29,WS Outbound-DCL Inbound,Leroy St and Murray IB,21
10/25/2018 9:29,WS Outbound-DCL Inbound,Leroy St and Murray IB,21
10/25/2018 9:29,WS Outbound-DCL Inbound,Leroy St and Murray IB,21
10/25/2018 9:29,WS Outbound-DCL Inbound,Leroy St and Murray IB,21
10/25/2018 9:29,WS Outbound-DCL Inbound,Leroy St and Murray IB,21
10/25/2018 9:29,WS Outbound-DCL Inbound,Leroy St and Murray IB,21
10/25/2018 9:29,WS Outbound-DCL Inbound,Leroy St and Murray IB,21
10/25/2018 9:29,WS Outbound-DCL Inbound,Leroy St and Murray IB,21
10/25/2018 9:29,WS Outbound-DCL Inbound,Leroy St and Murray IB,21
10/25/2018 9:29,WS Outbound-DCL Inbound,Leroy St and Murray IB,21
10/25/2018 9:29,WS Outbound-DCL Inbound,Leroy St and Murray IB,21
10/25/2018 9:29,WS Outbound-DCL Inbound,Leroy St and Murray IB,21
10/25/2018 9:30,WS Outbound-DCL Inbound,Leroy St and Chestnut OB,21
10/25/2018 9:30,WS Outbound-DCL Inbound,Leroy St and Chestnut OB,21
10/25/2018 9:30,WS Outbound-DCL Inbound,Leroy St and Chestnut OB,21
10/25/2018 9:30,WS Outbound-DCL Inbound,Leroy St and Chestnut OB,21
10/25/2018 9:30,WS Outbound-DCL Inbound,Leroy St and Chestnut OB,21
10/25/2018 9:30,WS Outbound-DCL Inbound,Leroy St and Chestnut OB,21
10/25/2018 9:30,WS Outbound-DCL Inbound,Leroy St and Chestnut OB,21
10/25/2018 9:31,WS Outbound-DCL Inbound,Leroy St and Chestnut OB,21
10/25/2018 9:32,WS Outbound-DCL Inbound,Riverside and Beethoven,21
10/25/2018 9:42,WS Outbound-DCL Inbound,Leroy St and Front,43
10/25/2018 9:42,WS Outbound-DCL Inbound,Leroy St and Front,43
10/25/2018 9:43,WS Outbound-DCL Inbound,Leroy St and Murray IB,43
10/25/2018 9:43,WS Outbound-DCL Inbound,Leroy St and Murray IB,43
10/25/2018 9:43,WS Outbound-DCL Inbound,Leroy St and Murray IB,43
10/25/2018 9:43,WS Outbound-DCL Inbound,Leroy St and Murray IB,43
10/25/2018 9:43,WS Outbound-DCL Inbound,Leroy St and Murray IB,43
10/25/2018 9:43,WS Outbound-DCL Inbound,Leroy St and Murray IB,43
10/25/2018 9:43,WS Outbound-DCL Inbound,Leroy St and Murray IB,43
10/25/2018 9:43,WS Outbound-DCL Inbound,Leroy St and Murray IB,43
10/25/2018 9:43,WS Outbound-DCL Inbound,Leroy St and Murray IB,43
10/25/2018 9:43,WS Outbound-DCL Inbound,Leroy St and Murray IB,43
10/25/2018 9:43,WS Outbound-DCL Inbound,Leroy St and Murray IB,43
10/25/2018 9:43,WS Outbound-DCL Inbound,Leroy St and Murray IB,43
10/25/2018 9:44,WS Outbound-DCL Inbound,Leroy St and Murray IB,43
10/25/2018 9:44,WS Outbound-DCL Inbound,Leroy St and Murray IB,43
10/25/2018 9:45,WS Outbound-DCL Inbound,Leroy St and Chestnut IB,43
10/25/2018 9:45,WS Outbound-DCL Inbound,Leroy St and Chestnut IB,43
10/25/2018 9:45,WS Outbound-DCL Inbound,Leroy St and Chestnut IB,43
10/25/2018 9:45,WS Outbound-DCL Inbound,Leroy St and Chestnut IB,43
10/25/2018 9:45,WS Outbound-DCL Inbound,Leroy St and Chestnut IB,43
10/25/2018 9:45,WS Outbound-DCL Inbound,Leroy St and Chestnut IB,43
10/25/2018 9:45,WS Outbound-DCL Inbound,Leroy St and Chestnut IB,43
10/25/2018 9:45,WS Outbound-DCL Inbound,Leroy St and Chestnut IB,43
10/25/2018 9:45,WS Outbound-DCL Inbound,Leroy St and Chestnut IB,43
10/25/2018 9:45,WS Outbound-DCL Inbound,Leroy St and Chestnut IB,43
10/25/2018 9:45,WS Outbound-DCL Inbound,Leroy St and Chestnut IB,43
10/25/2018 9:46,WS Outbound-DCL Inbound,Leroy St and Chestnut IB,43
10/25/2018 9:46,WS Outbound-DCL Inbound,Leroy St and Chestnut IB,43
10/25/2018 9:47,WS Outbound-DCL Inbound,Beethoven and Leroy,43
10/25/2018 9:51,WS Outbound-DCL Inbound,Riverside and Columbus IB,43
10/25/2018 9:51,WS Outbound-DCL Inbound,Riverside and Columbus IB,43
10/25/2018 9:51,WS Outbound-DCL Inbound,Physical Facilities,890
10/25/2018 9:51,WS Outbound-DCL Inbound,UDC,526
10/25/2018 9:51,WS Outbound-DCL Inbound,UDC,526
10/25/2018 9:52,WS Outbound-DCL Inbound,UDC,526
10/25/2018 9:54,WS Outbound-DCL Inbound,UDC,526
10/25/2018 9:56,WS Outbound-DCL Inbound,UDC,526
10/25/2018 9:58,WS Outbound-DCL Inbound,Leroy St and Front,526
10/25/2018 9:59,WS Outbound-DCL Inbound,Leroy St and Murray IB,526
10/25/2018 9:59,WS Outbound-DCL Inbound,Leroy St and Murray IB,526
10/25/2018 9:59,WS Outbound-DCL Inbound,Leroy St and Murray IB,526
10/25/2018 9:59,WS Outbound-DCL Inbound,Leroy St and Murray IB,526
10/25/2018 10:00,WS Outbound-DCL Inbound,Leroy St and Chestnut IB,526
10/25/2018 10:00,WS Outbound-DCL Inbound,Leroy St and Chestnut IB,526
10/25/2018 10:00,WS Outbound-DCL Inbound,Leroy St and Chestnut IB,526
10/25/2018 10:08,WS Outbound-DCL Inbound,UDC,890
10/25/2018 10:08,WS Outbound-DCL Inbound,UDC,890
10/25/2018 10:13,WS Outbound-DCL Inbound,Leroy St and Murray IB,890
10/25/2018 10:13,WS Outbound-DCL Inbound,Leroy St and Murray IB,890
10/25/2018 10:14,WS Outbound-DCL Inbound,Leroy St and Chestnut IB,890
10/25/2018 10:14,WS Outbound-DCL Inbound,Leroy St and Chestnut IB,890
10/25/2018 10:14,WS Outbound-DCL Inbound,Leroy St and Chestnut IB,890
10/25/2018 10:14,WS Outbound-DCL Inbound,Leroy St and Chestnut IB,890
10/25/2018 10:14,WS Outbound-DCL Inbound,Leroy St and Chestnut IB,890
10/25/2018 10:15,WS Outbound-DCL Inbound,Union,43
10/25/2018 10:15,WS Outbound-DCL Inbound,Union,43
10/25/2018 10:15,WS Outbound-DCL Inbound,Union,43
10/25/2018 10:15,WS Outbound-DCL Inbound,Union,43
10/25/2018 10:15,WS Outbound-DCL Inbound,Union,43
10/25/2018 10:15,WS Outbound-DCL Inbound,Union,43
10/25/2018 10:15,WS Outbound-DCL Inbound,Union,43
10/25/2018 10:15,WS Outbound-DCL Inbound,Union,43
10/25/2018 10:15,WS Outbound-DCL Inbound,Union,43
10/25/2018 10:15,WS Outbound-DCL Inbound,Union,43
10/25/2018 10:15,WS Outbound-DCL Inbound,Union,43
10/25/2018 10:15,WS Outbound-DCL Inbound,Union,43
10/25/2018 10:15,WS Outbound-DCL Inbound,Leroy St and Laurel IB,890
10/25/2018 10:16,WS Outbound-DCL Inbound,Union,43
10/25/2018 10:16,WS Outbound-DCL Inbound,Union,43
10/25/2018 10:19,WS Outbound-DCL Inbound,Physical Facilities OB,43
10/25/2018 10:20,WS Outbound-DCL Inbound,Riverside and Margaret OB,890
10/25/2018 10:35,WS Outbound-DCL Inbound,UDC,43
10/25/2018 10:38,WS Outbound-DCL Inbound,UDC,43
10/25/2018 10:41,WS Outbound-DCL Inbound,Union,891
10/25/2018 10:41,WS Outbound-DCL Inbound,Union,891
10/25/2018 10:41,WS Outbound-DCL Inbound,Union,891
10/25/2018 10:41,WS Outbound-DCL Inbound,Union,891
10/25/2018 10:42,WS Outbound-DCL Inbound,Union,891
10/25/2018 10:43,WS Outbound-DCL Inbound,Leroy St and Murray IB,43
10/25/2018 10:43,WS Outbound-DCL Inbound,Leroy St and Murray IB,43
10/25/2018 10:43,WS Outbound-DCL Inbound,Leroy St and Murray IB,43
10/25/2018 10:44,WS Outbound-DCL Inbound,Leroy St and Chestnut OB,43
10/25/2018 10:44,WS Outbound-DCL Inbound,Leroy St and Chestnut OB,43
10/25/2018 10:44,WS Outbound-DCL Inbound,Leroy St and Chestnut OB,43
10/25/2018 10:44,WS Outbound-DCL Inbound,Leroy St and Chestnut OB,43
10/25/2018 10:50,WS Outbound-DCL Inbound,UDC,37
10/25/2018 10:52,WS Outbound-DCL Inbound,UDC,37
10/25/2018 10:54,WS Outbound-DCL Inbound,UDC,37
10/25/2018 10:54,WS Outbound-DCL Inbound,UDC,37
10/25/2018 10:55,WS Outbound-DCL Inbound,Main and Schiller OB,891
10/25/2018 10:56,WS Outbound-DCL Inbound,Main and Clarke OB,891
10/25/2018 10:58,WS Outbound-DCL Inbound,Main and Arthur,891
10/25/2018 10:58,WS Outbound-DCL Inbound,Leroy St and Murray IB,37
10/25/2018 10:58,WS Outbound-DCL Inbound,Leroy St and Murray IB,37
10/25/2018 10:58,WS Outbound-DCL Inbound,Leroy St and Murray IB,37
10/25/2018 10:58,WS Outbound-DCL Inbound,Leroy St and Murray IB,37
10/25/2018 10:58,WS Outbound-DCL Inbound,Leroy St and Murray IB,37
10/25/2018 10:58,WS Outbound-DCL Inbound,Leroy St and Murray IB,37
10/25/2018 10:58,WS Outbound-DCL Inbound,Leroy St and Murray IB,37
10/25/2018 10:58,WS Outbound-DCL Inbound,Leroy St and Murray IB,37
10/25/2018 10:59,WS Outbound-DCL Inbound,Leroy St and Chestnut OB,37
10/25/2018 10:59,WS Outbound-DCL Inbound,Leroy St and Chestnut OB,37
10/25/2018 10:59,WS Outbound-DCL Inbound,Leroy St and Chestnut OB,37
10/25/2018 10:59,WS Outbound-DCL Inbound,Leroy St and Chestnut OB,37
10/25/2018 10:59,WS Outbound-DCL Inbound,Leroy St and Chestnut OB,37
10/25/2018 11:01,WS Outbound-DCL Inbound,Hawley OB,891
10/25/2018 11:01,WS Outbound-DCL Inbound,Hawley OB,891
10/25/2018 11:02,WS Outbound-DCL Inbound,UDC,891
10/25/2018 11:03,WS Outbound-DCL Inbound,UDC,891
10/25/2018 11:04,WS Outbound-DCL Inbound,UDC,891
10/25/2018 11:04,WS Outbound-DCL Inbound,UDC,891
10/25/2018 11:05,WS Outbound-DCL Inbound,UDC,891
10/25/2018 11:05,WS Outbound-DCL Inbound,UDC,891
10/25/2018 11:10,WS Outbound-DCL Inbound,UDC,891
10/25/2018 11:14,WS Outbound-DCL Inbound,Leroy St and Front,891
10/25/2018 11:14,WS Outbound-DCL Inbound,Leroy St and Front,891
10/25/2018 11:14,WS Outbound-DCL Inbound,Leroy St and Front,891
10/25/2018 11:14,WS Outbound-DCL Inbound,Leroy St and Front,891
10/25/2018 11:14,WS Outbound-DCL Inbound,Leroy St and Front,891
10/25/2018 11:14,WS Outbound-DCL Inbound,Leroy St and Front,891
10/25/2018 11:14,WS Outbound-DCL Inbound,Leroy St and Front,891
10/25/2018 11:14,WS Outbound-DCL Inbound,Leroy St and Murray IB,891
10/25/2018 11:15,WS Outbound-DCL Inbound,Leroy St and Murray IB,891
10/25/2018 11:15,WS Outbound-DCL Inbound,Leroy St and Murray IB,891
10/25/2018 11:15,WS Outbound-DCL Inbound,Leroy St and Murray IB,891
10/25/2018 11:15,WS Outbound-DCL Inbound,Leroy St and Murray IB,891
10/25/2018 11:15,WS Outbound-DCL Inbound,Leroy St and Murray IB,891
10/25/2018 11:15,WS Outbound-DCL Inbound,Leroy St and Murray IB,891
10/25/2018 11:15,WS Outbound-DCL Inbound,Leroy St and Murray IB,891
10/25/2018 11:15,WS Outbound-DCL Inbound,Leroy St and Murray IB,891
10/25/2018 11:15,WS Outbound-DCL Inbound,Leroy St and Murray IB,891
10/25/2018 11:15,WS Outbound-DCL Inbound,Leroy St and Murray IB,891
10/25/2018 11:15,WS Outbound-DCL Inbound,Leroy St and Murray IB,891
10/25/2018 11:16,WS Outbound-DCL Inbound,Leroy St and Chestnut OB,891
10/25/2018 11:16,WS Outbound-DCL Inbound,Leroy St and Chestnut OB,891
10/25/2018 11:16,WS Outbound-DCL Inbound,Leroy St and Chestnut OB,891
10/25/2018 11:16,WS Outbound-DCL Inbound,Leroy St and Chestnut OB,891
10/25/2018 11:16,WS Outbound-DCL Inbound,Leroy St and Chestnut OB,891
10/25/2018 11:16,WS Outbound-DCL Inbound,Leroy St and Chestnut OB,891
10/25/2018 11:16,WS Outbound-DCL Inbound,Leroy St and Chestnut OB,891
10/25/2018 11:16,WS Outbound-DCL Inbound,Leroy St and Chestnut OB,891
10/25/2018 11:16,WS Outbound-DCL Inbound,Leroy St and Chestnut OB,891
10/25/2018 11:17,WS Outbound-DCL Inbound,Leroy St and Laurel IB,891
10/25/2018 11:18,WS Outbound-DCL Inbound,Beethoven and Leroy,891
10/25/2018 11:30,WS Outbound-DCL Inbound,Union,891
10/25/2018 11:30,WS Outbound-DCL Inbound,Union,891
10/25/2018 11:30,WS Outbound-DCL Inbound,Union,891
10/25/2018 11:30,WS Outbound-DCL Inbound,Union,891
10/25/2018 11:30,WS Outbound-DCL Inbound,Union,891
10/25/2018 11:30,WS Outbound-DCL Inbound,Union,891
10/25/2018 11:30,WS Outbound-DCL Inbound,Union,891
10/25/2018 11:30,WS Outbound-DCL Inbound,Union,891
10/25/2018 11:30,WS Outbound-DCL Inbound,Union,891
10/25/2018 11:30,WS Outbound-DCL Inbound,Union,891
10/25/2018 11:32,WS Outbound-DCL Inbound,Union,891
10/25/2018 11:44,WS Outbound-DCL Inbound,Union,43
10/25/2018 11:44,WS Outbound-DCL Inbound,Union,43
10/25/2018 11:45,WS Outbound-DCL Inbound,Union,43
10/25/2018 11:45,WS Outbound-DCL Inbound,Union,43
10/25/2018 11:45,WS Outbound-DCL Inbound,Union,43
10/25/2018 11:45,WS Outbound-DCL Inbound,Union,43
10/25/2018 11:48,WS Outbound-DCL Inbound,Physical Facilities OB,43
10/25/2018 11:51,WS Outbound-DCL Inbound,Union,21
10/25/2018 11:51,WS Outbound-DCL Inbound,Union,21
10/25/2018 11:51,WS Outbound-DCL Inbound,Union,21
10/25/2018 11:52,WS Outbound-DCL Inbound,Union,21
10/25/2018 11:53,WS Outbound-DCL Inbound,Union,21
10/25/2018 11:53,WS Outbound-DCL Inbound,Union,21
10/25/2018 11:59,WS Outbound-DCL Inbound,Floral and Main OB,43
10/25/2018 11:59,WS Outbound-DCL Inbound,Floral and Main OB,43
10/25/2018 11:59,WS Outbound-DCL Inbound,Union,21
10/25/2018 12:02,WS Outbound-DCL Inbound,Main and Schiller OB,43
10/25/2018 12:04,WS Outbound-DCL Inbound,Main and Cedar OB,43
10/25/2018 12:05,WS Outbound-DCL Inbound,Main and Arthur,43
10/25/2018 12:10,WS Outbound-DCL Inbound,UDC,43
10/25/2018 12:10,WS Outbound-DCL Inbound,UDC,43
10/25/2018 12:11,WS Outbound-DCL Inbound,Union,526
10/25/2018 12:11,WS Outbound-DCL Inbound,Union,526
10/25/2018 12:11,WS Outbound-DCL Inbound,Union,526
10/25/2018 12:11,WS Outbound-DCL Inbound,Union,526
10/25/2018 12:11,WS Outbound-DCL Inbound,Union,526
10/25/2018 12:12,WS Outbound-DCL Inbound,Union,526
10/25/2018 12:12,WS Outbound-DCL Inbound,Union,526
10/25/2018 12:12,WS Outbound-DCL Inbound,Union,526
10/25/2018 12:14,WS Outbound-DCL Inbound,Leroy St and Murray IB,43
10/25/2018 12:14,WS Outbound-DCL Inbound,Leroy St and Murray IB,43
10/25/2018 12:14,WS Outbound-DCL Inbound,Leroy St and Murray IB,43
10/25/2018 12:15,WS Outbound-DCL Inbound,Leroy St and Murray IB,43
10/25/2018 12:15,WS Outbound-DCL Inbound,Leroy St and Murray IB,43
10/25/2018 12:15,WS Outbound-DCL Inbound,Leroy St and Murray IB,43
10/25/2018 12:15,WS Outbound-DCL Inbound,Leroy St and Chestnut OB,43
10/25/2018 12:15,WS Outbound-DCL Inbound,Leroy St and Chestnut OB,43
10/25/2018 12:15,WS Outbound-DCL Inbound,Leroy St and Chestnut OB,43
10/25/2018 12:15,WS Outbound-DCL Inbound,Leroy St and Chestnut OB,43
10/25/2018 12:15,WS Outbound-DCL Inbound,Leroy St and Chestnut OB,43
10/25/2018 12:17,WS Outbound-DCL Inbound,Physical Facilities,526
10/25/2018 12:17,WS Outbound-DCL Inbound,Physical Facilities,526
10/25/2018 12:22,WS Outbound-DCL Inbound,UDC,21
10/25/2018 12:23,WS Outbound-DCL Inbound,UDC,21
10/25/2018 12:24,WS Outbound-DCL Inbound,UDC,21
10/25/2018 12:25,WS Outbound-DCL Inbound,UDC,21
10/25/2018 12:25,WS Outbound-DCL Inbound,UDC,21
10/25/2018 12:27,WS Outbound-DCL Inbound,Leroy St and Front,21
10/25/2018 12:28,WS Outbound-DCL Inbound,Leroy St and Murray IB,21
10/25/2018 12:28,WS Outbound-DCL Inbound,Leroy St and Murray IB,21
10/25/2018 12:28,WS Outbound-DCL Inbound,Leroy St and Murray IB,21
10/25/2018 12:28,WS Outbound-DCL Inbound,Leroy St and Murray IB,21
10/25/2018 12:28,WS Outbound-DCL Inbound,Leroy St and Murray IB,21
10/25/2018 12:28,WS Outbound-DCL Inbound,Leroy St and Murray IB,21
10/25/2018 12:28,WS Outbound-DCL Inbound,Leroy St and Murray IB,21
10/25/2018 12:28,WS Outbound-DCL Inbound,Leroy St and Murray IB,21
10/25/2018 12:28,WS Outbound-DCL Inbound,Leroy St and Murray IB,21
10/25/2018 12:28,WS Outbound-DCL Inbound,Leroy St and Murray IB,21
10/25/2018 12:28,WS Outbound-DCL Inbound,Leroy St and Murray IB,21
10/25/2018 12:29,WS Outbound-DCL Inbound,Leroy St and Chestnut IB,21
10/25/2018 12:29,WS Outbound-DCL Inbound,Leroy St and Chestnut IB,21
10/25/2018 12:29,WS Outbound-DCL Inbound,Leroy St and Chestnut IB,21
10/25/2018 12:29,WS Outbound-DCL Inbound,Leroy St and Chestnut IB,21
10/25/2018 12:30,WS Outbound-DCL Inbound,Main and Murray OB,526
10/25/2018 12:40,WS Outbound-DCL Inbound,UDC,526
10/25/2018 12:40,WS Outbound-DCL Inbound,UDC,526
10/25/2018 12:42,WS Outbound-DCL Inbound,Leroy St and Front,526
10/25/2018 12:42,WS Outbound-DCL Inbound,Leroy St and Front,526
10/25/2018 12:42,WS Outbound-DCL Inbound,Leroy St and Front,526
10/25/2018 12:42,WS Outbound-DCL Inbound,Leroy St and Front,526
10/25/2018 12:42,WS Outbound-DCL Inbound,Leroy St and Front,526
10/25/2018 12:43,WS Outbound-DCL Inbound,Leroy St and Murray IB,526
10/25/2018 12:43,WS Outbound-DCL Inbound,Leroy St and Murray IB,526
10/25/2018 12:43,WS Outbound-DCL Inbound,Leroy St and Murray IB,526
10/25/2018 12:43,WS Outbound-DCL Inbound,Leroy St and Murray IB,526
10/25/2018 12:43,WS Outbound-DCL Inbound,Leroy St and Murray IB,526
10/25/2018 12:44,WS Outbound-DCL Inbound,Leroy St and Murray IB,526
10/25/2018 12:44,WS Outbound-DCL Inbound,Leroy St and Murray IB,526
10/25/2018 12:44,WS Outbound-DCL Inbound,Leroy St and Murray IB,526
10/25/2018 12:44,WS Outbound-DCL Inbound,Leroy St and Murray IB,526
10/25/2018 12:44,WS Outbound-DCL Inbound,Leroy St and Murray IB,526
10/25/2018 12:44,WS Outbound-DCL Inbound,Leroy St and Murray IB,526
10/25/2018 12:44,WS Outbound-DCL Inbound,Leroy St and Murray IB,526
10/25/2018 12:44,WS Outbound-DCL Inbound,Leroy St and Murray IB,526
10/25/2018 12:44,WS Outbound-DCL Inbound,Leroy St and Murray IB,526
10/25/2018 12:44,WS Outbound-DCL Inbound,Leroy St and Murray IB,526
10/25/2018 12:44,WS Outbound-DCL Inbound,Leroy St and Murray IB,526
10/25/2018 12:44,WS Outbound-DCL Inbound,Leroy St and Murray IB,526
10/25/2018 12:44,WS Outbound-DCL Inbound,Leroy St and Murray IB,526
10/25/2018 12:44,WS Outbound-DCL Inbound,Leroy St and Murray IB,526
10/25/2018 12:44,WS Outbound-DCL Inbound,Leroy St and Murray IB,526
10/25/2018 12:44,WS Outbound-DCL Inbound,Leroy St and Murray IB,526
10/25/2018 12:44,WS Outbound-DCL Inbound,Leroy St and Murray IB,526
10/25/2018 12:44,WS Outbound-DCL Inbound,Leroy St and Murray IB,526
10/25/2018 12:45,WS Outbound-DCL Inbound,Leroy St and Chestnut IB,526
10/25/2018 12:45,WS Outbound-DCL Inbound,Leroy St and Chestnut IB,526
10/25/2018 12:45,WS Outbound-DCL Inbound,Leroy St and Chestnut IB,526
10/25/2018 12:45,WS Outbound-DCL Inbound,Leroy St and Chestnut IB,526
10/25/2018 12:45,WS Outbound-DCL Inbound,Leroy St and Chestnut IB,526
10/25/2018 12:45,WS Outbound-DCL Inbound,Leroy St and Chestnut IB,526
10/25/2018 12:45,WS Outbound-DCL Inbound,Leroy St and Chestnut IB,526
10/25/2018 12:45,WS Outbound-DCL Inbound,Leroy St and Chestnut IB,526
10/25/2018 12:45,WS Outbound-DCL Inbound,Leroy St and Chestnut IB,526
10/25/2018 12:45,WS Outbound-DCL Inbound,Leroy St and Chestnut IB,526
10/25/2018 12:45,WS Outbound-DCL Inbound,Leroy St and Chestnut IB,526
10/25/2018 12:45,WS Outbound-DCL Inbound,Leroy St and Chestnut IB,526
10/25/2018 12:45,WS Outbound-DCL Inbound,Leroy St and Chestnut IB,526
10/25/2018 12:45,WS Outbound-DCL Inbound,Leroy St and Chestnut IB,526
10/25/2018 12:59,WS Outbound-DCL Inbound,Union,37
10/25/2018 12:59,WS Outbound-DCL Inbound,Union,37
10/25/2018 12:59,WS Outbound-DCL Inbound,Union,37
10/25/2018 12:59,WS Outbound-DCL Inbound,Union,37
10/25/2018 12:59,WS Outbound-DCL Inbound,Union,37
10/25/2018 12:59,WS Outbound-DCL Inbound,Union,37
10/25/2018 12:59,WS Outbound-DCL Inbound,Union,37
10/25/2018 13:00,WS Outbound-DCL Inbound,Union,37
10/25/2018 13:00,WS Outbound-DCL Inbound,Union,37
10/25/2018 13:00,WS Outbound-DCL Inbound,Union,37
10/25/2018 13:03,WS Outbound-DCL Inbound,Physical Facilities,37
10/25/2018 13:12,WS Outbound-DCL Inbound,Main and Clarke OB,37
10/25/2018 13:12,WS Outbound-DCL Inbound,Main and Clarke OB,37
10/25/2018 13:14,WS Outbound-DCL Inbound,Main and Arthur,37
10/25/2018 13:19,WS Outbound-DCL Inbound,Physical Facilities,43
10/25/2018 13:19,WS Outbound-DCL Inbound,Physical Facilities,43
10/25/2018 13:19,WS Outbound-DCL Inbound,Physical Facilities,43
10/25/2018 13:20,WS Outbound-DCL Inbound,Physical Facilities,43
10/25/2018 13:21,WS Outbound-DCL Inbound,UDC,37
10/25/2018 13:21,WS Outbound-DCL Inbound,UDC,37
10/25/2018 13:40,WS Outbound-DCL Inbound,Union,37
10/25/2018 13:41,WS Outbound-DCL Inbound,Union,37
10/25/2018 13:41,WS Outbound-DCL Inbound,Union,37
10/25/2018 13:41,WS Outbound-DCL Inbound,Union,37
10/25/2018 13:41,WS Outbound-DCL Inbound,UDC,43
10/25/2018 13:42,WS Outbound-DCL Inbound,Union,37
10/25/2018 13:42,WS Outbound-DCL Inbound,Union,37
10/25/2018 13:42,WS Outbound-DCL Inbound,Union,37
10/25/2018 13:42,WS Outbound-DCL Inbound,Union,37
10/25/2018 13:42,WS Outbound-DCL Inbound,Union,526
10/25/2018 13:42,WS Outbound-DCL Inbound,Union,526
10/25/2018 13:42,WS Outbound-DCL Inbound,Union,526
10/25/2018 13:43,WS Outbound-DCL Inbound,Union,526
10/25/2018 13:43,WS Outbound-DCL Inbound,Union,526
10/25/2018 13:43,WS Outbound-DCL Inbound,Union,526
10/25/2018 13:43,WS Outbound-DCL Inbound,Union,526
10/25/2018 13:43,WS Outbound-DCL Inbound,Union,526
10/25/2018 13:43,WS Outbound-DCL Inbound,Union,526
10/25/2018 13:43,WS Outbound-DCL Inbound,Union,526
10/25/2018 13:43,WS Outbound-DCL Inbound,Union,526
10/25/2018 13:43,WS Outbound-DCL Inbound,Union,526
10/25/2018 13:43,WS Outbound-DCL Inbound,Union,526
10/25/2018 13:43,WS Outbound-DCL Inbound,Union,526
10/25/2018 13:44,WS Outbound-DCL Inbound,Leroy St and Murray IB,43
10/25/2018 13:45,WS Outbound-DCL Inbound,Leroy St and Murray IB,43
10/25/2018 13:45,WS Outbound-DCL Inbound,Union,526
10/25/2018 13:46,WS Outbound-DCL Inbound,Union,526
10/25/2018 14:00,WS Outbound-DCL Inbound,Union,787
10/25/2018 14:00,WS Outbound-DCL Inbound,Union,787
10/25/2018 14:04,WS Outbound-DCL Inbound,Main and Front OB,526
10/25/2018 14:07,WS Outbound-DCL Inbound,UDC,526
10/25/2018 14:09,WS Outbound-DCL Inbound,UDC,526
10/25/2018 14:13,WS Outbound-DCL Inbound,Leroy St and Front,526
10/25/2018 14:13,WS Outbound-DCL Inbound,Leroy St and Front,526
10/25/2018 14:14,WS Outbound-DCL Inbound,Leroy St and Murray IB,526
10/25/2018 14:14,WS Outbound-DCL Inbound,Leroy St and Murray IB,526
10/25/2018 14:14,WS Outbound-DCL Inbound,Leroy St and Murray IB,526
10/25/2018 14:14,WS Outbound-DCL Inbound,Leroy St and Murray IB,526
10/25/2018 14:14,WS Outbound-DCL Inbound,Leroy St and Murray IB,526
10/25/2018 14:15,WS Outbound-DCL Inbound,Main and Helen OB,787
10/25/2018 14:15,WS Outbound-DCL Inbound,Leroy St and Chestnut IB,526
10/25/2018 14:15,WS Outbound-DCL Inbound,Leroy St and Chestnut IB,526
10/25/2018 14:15,WS Outbound-DCL Inbound,Leroy St and Chestnut IB,526
10/25/2018 14:15,WS Outbound-DCL Inbound,Leroy St and Chestnut IB,526
10/25/2018 14:15,WS Outbound-DCL Inbound,Leroy St and Chestnut IB,526
10/25/2018 14:15,WS Outbound-DCL Inbound,Leroy St and Chestnut IB,526
10/25/2018 14:15,WS Outbound-DCL Inbound,Leroy St and Chestnut IB,526
10/25/2018 14:16,WS Outbound-DCL Inbound,Main and Clarke OB,787
10/25/2018 14:18,WS Outbound-DCL Inbound,Main and Arthur,787
10/25/2018 14:20,WS Outbound-DCL Inbound,Main and Front OB,787
10/25/2018 14:22,WS Outbound-DCL Inbound,Hawley OB,787
10/25/2018 14:24,WS Outbound-DCL Inbound,UDC,787
10/25/2018 14:24,WS Outbound-DCL Inbound,UDC,787
10/25/2018 14:24,WS Outbound-DCL Inbound,UDC,787
10/25/2018 14:24,WS Outbound-DCL Inbound,UDC,787
10/25/2018 14:24,WS Outbound-DCL Inbound,UDC,787
10/25/2018 14:24,WS Outbound-DCL Inbound,UDC,787
10/25/2018 14:24,WS Outbound-DCL Inbound,UDC,787
10/25/2018 14:24,WS Outbound-DCL Inbound,UDC,787
10/25/2018 14:24,WS Outbound-DCL Inbound,UDC,787
10/25/2018 14:28,WS Outbound-DCL Inbound,Leroy St and Front,787
10/25/2018 14:29,WS Outbound-DCL Inbound,Leroy St and Murray IB,787
10/25/2018 14:29,WS Outbound-DCL Inbound,Leroy St and Murray IB,787
10/25/2018 14:29,WS Outbound-DCL Inbound,Leroy St and Murray IB,787
10/25/2018 14:29,WS Outbound-DCL Inbound,Leroy St and Murray IB,787
10/25/2018 14:29,WS Outbound-DCL Inbound,Leroy St and Murray IB,787
10/25/2018 14:29,WS Outbound-DCL Inbound,Leroy St and Murray IB,787
10/25/2018 14:29,WS Outbound-DCL Inbound,Leroy St and Murray IB,787
10/25/2018 14:29,WS Outbound-DCL Inbound,Leroy St and Murray IB,787
10/25/2018 14:29,WS Outbound-DCL Inbound,Leroy St and Murray IB,787
10/25/2018 14:29,WS Outbound-DCL Inbound,Leroy St and Murray IB,787
10/25/2018 14:29,WS Outbound-DCL Inbound,Leroy St and Murray IB,787
10/25/2018 14:29,WS Outbound-DCL Inbound,Leroy St and Murray IB,787
10/25/2018 14:30,WS Outbound-DCL Inbound,Leroy St and Murray IB,787
10/25/2018 14:30,WS Outbound-DCL Inbound,Leroy St and Murray IB,787
10/25/2018 14:30,WS Outbound-DCL Inbound,Leroy St and Murray IB,787
10/25/2018 14:31,WS Outbound-DCL Inbound,Leroy St and Chestnut IB,787
10/25/2018 14:31,WS Outbound-DCL Inbound,Leroy St and Chestnut IB,787
10/25/2018 14:33,WS Outbound-DCL Inbound,Union,21
10/25/2018 14:33,WS Outbound-DCL Inbound,Union,21
10/25/2018 14:33,WS Outbound-DCL Inbound,Union,21
10/25/2018 14:33,WS Outbound-DCL Inbound,Union,21
10/25/2018 14:33,WS Outbound-DCL Inbound,Union,21
10/25/2018 14:33,WS Outbound-DCL Inbound,Union,21
10/25/2018 14:33,WS Outbound-DCL Inbound,Union,21
10/25/2018 14:33,WS Outbound-DCL Inbound,Union,21
10/25/2018 14:33,WS Outbound-DCL Inbound,Union,21
10/25/2018 14:33,WS Outbound-DCL Inbound,Union,21
10/25/2018 14:33,WS Outbound-DCL Inbound,Union,21
10/25/2018 14:33,WS Outbound-DCL Inbound,Union,21
10/25/2018 14:33,WS Outbound-DCL Inbound,Union,21
10/25/2018 14:33,WS Outbound-DCL Inbound,Union,21
10/25/2018 14:33,WS Outbound-DCL Inbound,Union,21
10/25/2018 14:33,WS Outbound-DCL Inbound,Union,21
10/25/2018 14:33,WS Outbound-DCL Inbound,Union,21
10/25/2018 14:33,WS Outbound-DCL Inbound,Union,21
10/25/2018 14:33,WS Outbound-DCL Inbound,Union,21
10/25/2018 14:33,WS Outbound-DCL Inbound,Union,21
10/25/2018 14:33,WS Outbound-DCL Inbound,Union,21
10/25/2018 14:33,WS Outbound-DCL Inbound,Union,21
10/25/2018 14:34,WS Outbound-DCL Inbound,Union,21
10/25/2018 14:34,WS Outbound-DCL Inbound,Union,21
10/25/2018 14:34,WS Outbound-DCL Inbound,Union,21
10/25/2018 14:34,WS Outbound-DCL Inbound,Union,21
10/25/2018 14:47,WS Outbound-DCL Inbound,Main and Schiller OB,21
10/25/2018 14:58,WS Outbound-DCL Inbound,Leroy St and Front,21
10/25/2018 14:58,WS Outbound-DCL Inbound,Leroy St and Front,21
10/25/2018 14:59,WS Outbound-DCL Inbound,Floral and Willow OB,37
10/25/2018 14:59,WS Outbound-DCL Inbound,Leroy St and Murray IB,21
10/25/2018 14:59,WS Outbound-DCL Inbound,Leroy St and Murray IB,21
10/25/2018 14:59,WS Outbound-DCL Inbound,Leroy St and Murray IB,21
10/25/2018 15:00,WS Outbound-DCL Inbound,Leroy St and Murray IB,21
10/25/2018 15:00,WS Outbound-DCL Inbound,Leroy St and Murray IB,21
10/25/2018 15:00,WS Outbound-DCL Inbound,Leroy St and Murray IB,21
10/25/2018 15:00,WS Outbound-DCL Inbound,Leroy St and Murray IB,21
10/25/2018 15:00,WS Outbound-DCL Inbound,Leroy St and Murray IB,21
10/25/2018 15:01,WS Outbound-DCL Inbound,Leroy St and Chestnut IB,21
10/25/2018 15:01,WS Outbound-DCL Inbound,Leroy St and Chestnut IB,21
10/25/2018 15:01,WS Outbound-DCL Inbound,Leroy St and Chestnut IB,21
10/25/2018 15:01,WS Outbound-DCL Inbound,Leroy St and Chestnut IB,21
10/25/2018 15:04,WS Outbound-DCL Inbound,Riverside and Beethoven,21
10/25/2018 15:04,WS Outbound-DCL Inbound,Main and Schiller IB,37
10/25/2018 15:14,WS Outbound-DCL Inbound,UDC,37
10/25/2018 15:15,WS Outbound-DCL Inbound,UDC,37
10/25/2018 15:15,WS Outbound-DCL Inbound,Union,526
10/25/2018 15:15,WS Outbound-DCL Inbound,Union,526
10/25/2018 15:15,WS Outbound-DCL Inbound,Union,526
10/25/2018 15:15,WS Outbound-DCL Inbound,Union,526
10/25/2018 15:15,WS Outbound-DCL Inbound,Union,526
10/25/2018 15:15,WS Outbound-DCL Inbound,Union,526
10/25/2018 15:15,WS Outbound-DCL Inbound,Union,526
10/25/2018 15:15,WS Outbound-DCL Inbound,Union,526
10/25/2018 15:15,WS Outbound-DCL Inbound,Union,526
10/25/2018 15:15,WS Outbound-DCL Inbound,Union,526
10/25/2018 15:15,WS Outbound-DCL Inbound,Union,526
10/25/2018 15:16,WS Outbound-DCL Inbound,Union,526
10/25/2018 15:17,WS Outbound-DCL Inbound,Leroy St and Front,37
10/25/2018 15:18,WS Outbound-DCL Inbound,Physical Facilities,526
10/25/2018 15:18,WS Outbound-DCL Inbound,Physical Facilities,526
10/25/2018 15:18,WS Outbound-DCL Inbound,Leroy St and Murray IB,37
10/25/2018 15:18,WS Outbound-DCL Inbound,Leroy St and Murray IB,37
10/25/2018 15:19,WS Outbound-DCL Inbound,Leroy St and Chestnut IB,37
10/25/2018 15:19,WS Outbound-DCL Inbound,Leroy St and Chestnut IB,37
10/25/2018 15:27,WS Outbound-DCL Inbound,Union,43
10/25/2018 15:27,WS Outbound-DCL Inbound,Union,43
10/25/2018 15:27,WS Outbound-DCL Inbound,Union,43
10/25/2018 15:27,WS Outbound-DCL Inbound,Union,43
10/25/2018 15:27,WS Outbound-DCL Inbound,Union,43
10/25/2018 15:27,WS Outbound-DCL Inbound,Union,43
10/25/2018 15:27,WS Outbound-DCL Inbound,Union,43
10/25/2018 15:27,WS Outbound-DCL Inbound,Union,43
10/25/2018 15:27,WS Outbound-DCL Inbound,Union,43
10/25/2018 15:27,WS Outbound-DCL Inbound,Floral and Main OB,526
10/25/2018 15:27,WS Outbound-DCL Inbound,Union,43
10/25/2018 15:27,WS Outbound-DCL Inbound,Union,43
10/25/2018 15:27,WS Outbound-DCL Inbound,Union,43
10/25/2018 15:28,WS Outbound-DCL Inbound,Union,43
10/25/2018 15:28,WS Outbound-DCL Inbound,Union,43
10/25/2018 15:28,WS Outbound-DCL Inbound,Union,43
10/25/2018 15:28,WS Outbound-DCL Inbound,Union,43
10/25/2018 15:28,WS Outbound-DCL Inbound,Union,43
10/25/2018 15:28,WS Outbound-DCL Inbound,Union,43
10/25/2018 15:28,WS Outbound-DCL Inbound,Union,43
10/25/2018 15:28,WS Outbound-DCL Inbound,Union,43
10/25/2018 15:28,WS Outbound-DCL Inbound,Union,43
10/25/2018 15:28,WS Outbound-DCL Inbound,Union,43
10/25/2018 15:28,WS Outbound-DCL Inbound,Union,43
10/25/2018 15:28,WS Outbound-DCL Inbound,Union,43
10/25/2018 15:28,WS Outbound-DCL Inbound,Union,43
10/25/2018 15:28,WS Outbound-DCL Inbound,Union,43
10/25/2018 15:28,WS Outbound-DCL Inbound,Union,43
10/25/2018 15:31,WS Outbound-DCL Inbound,Main and Helen OB,526
10/25/2018 15:36,WS Outbound-DCL Inbound,Floral and New York,43
10/25/2018 15:38,WS Outbound-DCL Inbound,Main and Front OB,526
10/25/2018 15:42,WS Outbound-DCL Inbound,UDC,526
10/25/2018 15:42,WS Outbound-DCL Inbound,UDC,526
10/25/2018 15:42,WS Outbound-DCL Inbound,UDC,526
10/25/2018 15:42,WS Outbound-DCL Inbound,UDC,526
10/25/2018 15:42,WS Outbound-DCL Inbound,UDC,526
10/25/2018 15:42,WS Outbound-DCL Inbound,UDC,526
10/25/2018 15:42,WS Outbound-DCL Inbound,UDC,526
10/25/2018 15:42,WS Outbound-DCL Inbound,UDC,526
10/25/2018 15:43,WS Outbound-DCL Inbound,UDC,526
10/25/2018 15:43,WS Outbound-DCL Inbound,UDC,526
10/25/2018 15:45,WS Outbound-DCL Inbound,Leroy St and Front,526
10/25/2018 15:45,WS Outbound-DCL Inbound,Leroy St and Murray IB,526
10/25/2018 15:45,WS Outbound-DCL Inbound,Leroy St and Murray IB,526
10/25/2018 15:45,WS Outbound-DCL Inbound,Leroy St and Murray IB,526
10/25/2018 15:45,WS Outbound-DCL Inbound,Leroy St and Murray IB,526
10/25/2018 15:46,WS Outbound-DCL Inbound,Leroy St and Murray IB,526
10/25/2018 15:46,WS Outbound-DCL Inbound,Leroy St and Murray IB,526
10/25/2018 15:46,WS Outbound-DCL Inbound,Leroy St and Murray IB,526
10/25/2018 15:46,WS Outbound-DCL Inbound,Leroy St and Chestnut IB,526
10/25/2018 15:46,WS Outbound-DCL Inbound,Leroy St and Chestnut IB,526
10/25/2018 15:47,WS Outbound-DCL Inbound,Leroy St and Chestnut IB,526
10/25/2018 15:48,WS Outbound-DCL Inbound,Beethoven and Leroy,526
10/25/2018 15:50,WS Outbound-DCL Inbound,UDC,43
10/25/2018 15:50,WS Outbound-DCL Inbound,UDC,43
10/25/2018 15:51,WS Outbound-DCL Inbound,UDC,43
10/25/2018 15:51,WS Outbound-DCL Inbound,UDC,43
10/25/2018 15:52,WS Outbound-DCL Inbound,UDC,43
10/25/2018 15:53,WS Outbound-DCL Inbound,UDC,43
10/25/2018 15:53,WS Outbound-DCL Inbound,UDC,43
10/25/2018 15:53,WS Outbound-DCL Inbound,UDC,43
10/25/2018 15:53,WS Outbound-DCL Inbound,UDC,43
10/25/2018 15:54,WS Outbound-DCL Inbound,UDC,43
10/25/2018 15:56,WS Outbound-DCL Inbound,UDC,43
10/25/2018 15:56,WS Outbound-DCL Inbound,UDC,43
10/25/2018 16:00,WS Outbound-DCL Inbound,Leroy St and Front,43
10/25/2018 16:01,WS Outbound-DCL Inbound,Leroy St and Murray IB,43
10/25/2018 16:01,WS Outbound-DCL Inbound,Leroy St and Murray IB,43
10/25/2018 16:01,WS Outbound-DCL Inbound,Leroy St and Murray IB,43
10/25/2018 16:01,WS Outbound-DCL Inbound,Leroy St and Murray IB,43
10/25/2018 16:02,WS Outbound-DCL Inbound,Leroy St and Chestnut IB,43
10/25/2018 16:02,WS Outbound-DCL Inbound,Leroy St and Chestnut IB,43
10/25/2018 16:02,WS Outbound-DCL Inbound,Leroy St and Chestnut IB,43
10/25/2018 16:02,WS Outbound-DCL Inbound,Leroy St and Chestnut IB,43
10/25/2018 16:02,WS Outbound-DCL Inbound,Leroy St and Chestnut IB,43
10/25/2018 16:02,WS Outbound-DCL Inbound,Leroy St and Chestnut IB,43
10/25/2018 16:02,WS Outbound-DCL Inbound,Leroy St and Chestnut IB,43
10/25/2018 16:02,WS Outbound-DCL Inbound,Leroy St and Chestnut IB,43
10/25/2018 16:02,WS Outbound-DCL Inbound,Leroy St and Chestnut IB,43
10/25/2018 16:02,WS Outbound-DCL Inbound,Leroy St and Chestnut IB,43
10/25/2018 16:02,WS Outbound-DCL Inbound,Leroy St and Chestnut IB,43
10/25/2018 16:03,WS Outbound-DCL Inbound,Union,37
10/25/2018 16:03,WS Outbound-DCL Inbound,Union,37
10/25/2018 16:03,WS Outbound-DCL Inbound,Union,37
10/25/2018 16:03,WS Outbound-DCL Inbound,Union,37
10/25/2018 16:03,WS Outbound-DCL Inbound,Union,37
10/25/2018 16:03,WS Outbound-DCL Inbound,Leroy St and Laurel IB,43
10/25/2018 16:03,WS Outbound-DCL Inbound,Union,37
10/25/2018 16:03,WS Outbound-DCL Inbound,Union,37
10/25/2018 16:03,WS Outbound-DCL Inbound,Union,37
10/25/2018 16:03,WS Outbound-DCL Inbound,Union,37
10/25/2018 16:03,WS Outbound-DCL Inbound,Union,37
10/25/2018 16:04,WS Outbound-DCL Inbound,Union,37
10/25/2018 16:04,WS Outbound-DCL Inbound,Union,37
10/25/2018 16:04,WS Outbound-DCL Inbound,Union,37
10/25/2018 16:04,WS Outbound-DCL Inbound,Union,37
10/25/2018 16:04,WS Outbound-DCL Inbound,Union,37
10/25/2018 16:04,WS Outbound-DCL Inbound,Union,37
10/25/2018 16:04,WS Outbound-DCL Inbound,Union,37
10/25/2018 16:04,WS Outbound-DCL Inbound,Union,37
10/25/2018 16:04,WS Outbound-DCL Inbound,Union,37
10/25/2018 16:04,WS Outbound-DCL Inbound,Union,37
10/25/2018 16:04,WS Outbound-DCL Inbound,Union,37
10/25/2018 16:04,WS Outbound-DCL Inbound,Union,37
10/25/2018 16:04,WS Outbound-DCL Inbound,Union,37
10/25/2018 16:07,WS Outbound-DCL Inbound,Physical Facilities,37
10/25/2018 16:07,WS Outbound-DCL Inbound,Physical Facilities,37
10/25/2018 16:08,WS Outbound-DCL Inbound,Denny's OB,37
10/25/2018 16:15,WS Outbound-DCL Inbound,Union,787
10/25/2018 16:15,WS Outbound-DCL Inbound,Union,787
10/25/2018 16:15,WS Outbound-DCL Inbound,Union,787
10/25/2018 16:15,WS Outbound-DCL Inbound,Union,787
10/25/2018 16:15,WS Outbound-DCL Inbound,Union,787
10/25/2018 16:15,WS Outbound-DCL Inbound,Union,787
10/25/2018 16:15,WS Outbound-DCL Inbound,Union,787
10/25/2018 16:15,WS Outbound-DCL Inbound,Union,787
10/25/2018 16:15,WS Outbound-DCL Inbound,Union,787
10/25/2018 16:15,WS Outbound-DCL Inbound,Union,787
10/25/2018 16:15,WS Outbound-DCL Inbound,Union,787
10/25/2018 16:15,WS Outbound-DCL Inbound,Union,787
10/25/2018 16:15,WS Outbound-DCL Inbound,Union,787
10/25/2018 16:15,WS Outbound-DCL Inbound,Union,787
10/25/2018 16:15,WS Outbound-DCL Inbound,Union,787
10/25/2018 16:15,WS Outbound-DCL Inbound,Union,787
10/25/2018 16:15,WS Outbound-DCL Inbound,Union,787
10/25/2018 16:15,WS Outbound-DCL Inbound,Union,787
10/25/2018 16:15,WS Outbound-DCL Inbound,Union,787
10/25/2018 16:15,WS Outbound-DCL Inbound,Union,787
10/25/2018 16:15,WS Outbound-DCL Inbound,Union,787
10/25/2018 16:15,WS Outbound-DCL Inbound,Union,787
10/25/2018 16:15,WS Outbound-DCL Inbound,Union,787
10/25/2018 16:16,WS Outbound-DCL Inbound,Union,787
10/25/2018 16:16,WS Outbound-DCL Inbound,Union,787
10/25/2018 16:16,WS Outbound-DCL Inbound,Union,787
10/25/2018 16:16,WS Outbound-DCL Inbound,Union,787
10/25/2018 16:16,WS Outbound-DCL Inbound,Union,787
10/25/2018 16:16,WS Outbound-DCL Inbound,Union,787
10/25/2018 16:16,WS Outbound-DCL Inbound,Union,787
10/25/2018 16:17,WS Outbound-DCL Inbound,Floral and Main OB,37
10/25/2018 16:18,WS Outbound-DCL Inbound,Engineering Bldg,787
10/25/2018 16:20,WS Outbound-DCL Inbound,Main and Schiller OB,37
10/25/2018 16:20,WS Outbound-DCL Inbound,Physical Facilities OB,787
10/25/2018 16:23,WS Outbound-DCL Inbound,Main and Arthur,37
10/25/2018 16:23,WS Outbound-DCL Inbound,Main and Arthur,37
10/25/2018 16:24,WS Outbound-DCL Inbound,Main and Murray OB,37
10/25/2018 16:24,WS Outbound-DCL Inbound,Main and Murray OB,37
10/25/2018 16:24,WS Outbound-DCL Inbound,Main and Murray OB,37
10/25/2018 16:24,WS Outbound-DCL Inbound,Main and Murray OB,37
10/25/2018 16:25,WS Outbound-DCL Inbound,Union,526
10/25/2018 16:25,WS Outbound-DCL Inbound,Union,526
10/25/2018 16:25,WS Outbound-DCL Inbound,Union,526
10/25/2018 16:25,WS Outbound-DCL Inbound,Union,526
10/25/2018 16:25,WS Outbound-DCL Inbound,Union,526
10/25/2018 16:25,WS Outbound-DCL Inbound,Union,526
10/25/2018 16:25,WS Outbound-DCL Inbound,Union,526
10/25/2018 16:25,WS Outbound-DCL Inbound,Union,526
10/25/2018 16:25,WS Outbound-DCL Inbound,Union,526
10/25/2018 16:25,WS Outbound-DCL Inbound,Union,526
10/25/2018 16:25,WS Outbound-DCL Inbound,Union,526
10/25/2018 16:25,WS Outbound-DCL Inbound,Union,526
10/25/2018 16:25,WS Outbound-DCL Inbound,Union,526
10/25/2018 16:25,WS Outbound-DCL Inbound,Union,526
10/25/2018 16:25,WS Outbound-DCL Inbound,Union,526
10/25/2018 16:25,WS Outbound-DCL Inbound,Union,526
10/25/2018 16:25,WS Outbound-DCL Inbound,Union,526
10/25/2018 16:25,WS Outbound-DCL Inbound,Union,526
10/25/2018 16:25,WS Outbound-DCL Inbound,Union,526
10/25/2018 16:25,WS Outbound-DCL Inbound,Union,526
10/25/2018 16:25,WS Outbound-DCL Inbound,Union,526
10/25/2018 16:25,WS Outbound-DCL Inbound,Union,526
10/25/2018 16:25,WS Outbound-DCL Inbound,Union,526
10/25/2018 16:25,WS Outbound-DCL Inbound,Union,526
10/25/2018 16:26,WS Outbound-DCL Inbound,Union,526
10/25/2018 16:26,WS Outbound-DCL Inbound,Union,526
10/25/2018 16:26,WS Outbound-DCL Inbound,Union,526
10/25/2018 16:26,WS Outbound-DCL Inbound,Union,526
10/25/2018 16:26,WS Outbound-DCL Inbound,Union,526
10/25/2018 16:26,WS Outbound-DCL Inbound,Union,526
10/25/2018 16:26,WS Outbound-DCL Inbound,Union,526
10/25/2018 16:26,WS Outbound-DCL Inbound,Union,526
10/25/2018 16:26,WS Outbound-DCL Inbound,Union,526
10/25/2018 16:26,WS Outbound-DCL Inbound,Union,526
10/25/2018 16:26,WS Outbound-DCL Inbound,Union,526
10/25/2018 16:26,WS Outbound-DCL Inbound,Union,526
10/25/2018 16:26,WS Outbound-DCL Inbound,Union,526
10/25/2018 16:26,WS Outbound-DCL Inbound,Union,526
10/25/2018 16:26,WS Outbound-DCL Inbound,Union,526
10/25/2018 16:26,WS Outbound-DCL Inbound,Union,526
10/25/2018 16:27,WS Outbound-DCL Inbound,Union,526
10/25/2018 16:27,WS Outbound-DCL Inbound,Union,526
10/25/2018 16:27,WS Outbound-DCL Inbound,Union,526
10/25/2018 16:27,WS Outbound-DCL Inbound,Union,526
10/25/2018 16:28,WS Outbound-DCL Inbound,Union,526
10/25/2018 16:28,WS Outbound-DCL Inbound,Union,526
10/25/2018 16:28,WS Outbound-DCL Inbound,Union,526
10/25/2018 16:28,WS Outbound-DCL Inbound,Union,526
10/25/2018 16:28,WS Outbound-DCL Inbound,Union,526
10/25/2018 16:28,WS Outbound-DCL Inbound,UDC,37
10/25/2018 16:31,WS Outbound-DCL Inbound,Main and Helen OB,787
10/25/2018 16:32,WS Outbound-DCL Inbound,Main and Schiller OB,787
10/25/2018 16:32,WS Outbound-DCL Inbound,Main and Schiller OB,787
10/25/2018 16:34,WS Outbound-DCL Inbound,Main and Clarke IB,787
10/25/2018 16:36,WS Outbound-DCL Inbound,Main and Arthur,787
10/25/2018 16:36,WS Outbound-DCL Inbound,Main and Arthur,787
10/25/2018 16:40,WS Outbound-DCL Inbound,Hawley OB,787
10/25/2018 16:42,WS Outbound-DCL Inbound,UDC,787
10/25/2018 16:42,WS Outbound-DCL Inbound,UDC,787
10/25/2018 16:42,WS Outbound-DCL Inbound,UDC,787
10/25/2018 16:44,WS Outbound-DCL Inbound,Main and Helen OB,526
10/25/2018 16:45,WS Outbound-DCL Inbound,Leroy St and Front,787
10/25/2018 16:45,WS Outbound-DCL Inbound,Leroy St and Front,787
10/25/2018 16:47,WS Outbound-DCL Inbound,Union,21
10/25/2018 16:47,WS Outbound-DCL Inbound,Leroy St and Chestnut IB,787
10/25/2018 16:47,WS Outbound-DCL Inbound,Leroy St and Chestnut IB,787
10/25/2018 16:47,WS Outbound-DCL Inbound,Union,21
10/25/2018 16:47,WS Outbound-DCL Inbound,Union,21
10/25/2018 16:47,WS Outbound-DCL Inbound,Leroy St and Chestnut IB,787
10/25/2018 16:47,WS Outbound-DCL Inbound,Union,21
10/25/2018 16:47,WS Outbound-DCL Inbound,Union,21
10/25/2018 16:47,WS Outbound-DCL Inbound,Union,21
10/25/2018 16:47,WS Outbound-DCL Inbound,Union,21
10/25/2018 16:47,WS Outbound-DCL Inbound,Union,21
10/25/2018 16:47,WS Outbound-DCL Inbound,Union,21
10/25/2018 16:47,WS Outbound-DCL Inbound,Union,21
10/25/2018 16:47,WS Outbound-DCL Inbound,Union,21
10/25/2018 16:48,WS Outbound-DCL Inbound,Union,21
10/25/2018 16:48,WS Outbound-DCL Inbound,Union,21
10/25/2018 16:48,WS Outbound-DCL Inbound,Union,21
10/25/2018 16:48,WS Outbound-DCL Inbound,Union,21
10/25/2018 16:48,WS Outbound-DCL Inbound,Union,21
10/25/2018 16:48,WS Outbound-DCL Inbound,Union,21
10/25/2018 16:48,WS Outbound-DCL Inbound,Union,21
10/25/2018 16:48,WS Outbound-DCL Inbound,Union,21
10/25/2018 16:48,WS Outbound-DCL Inbound,Union,21
10/25/2018 16:48,WS Outbound-DCL Inbound,Union,21
10/25/2018 16:48,WS Outbound-DCL Inbound,Union,21
10/25/2018 16:48,WS Outbound-DCL Inbound,Union,21
10/25/2018 16:48,WS Outbound-DCL Inbound,Union,21
10/25/2018 16:48,WS Outbound-DCL Inbound,Union,21
10/25/2018 16:48,WS Outbound-DCL Inbound,Union,21
10/25/2018 16:49,WS Outbound-DCL Inbound,Beethoven and Leroy,787
10/25/2018 16:50,WS Outbound-DCL Inbound,Riverside and Beethoven,787
10/25/2018 16:51,WS Outbound-DCL Inbound,Physical Facilities,21
10/25/2018 16:51,WS Outbound-DCL Inbound,Physical Facilities,21
10/25/2018 17:03,WS Outbound-DCL Inbound,Main and Helen OB,21
10/25/2018 17:03,WS Outbound-DCL Inbound,Main and Helen OB,21
10/25/2018 17:07,WS Outbound-DCL Inbound,Physical Facilities,891
10/25/2018 17:07,WS Outbound-DCL Inbound,Physical Facilities,891
10/25/2018 17:12,WS Outbound-DCL Inbound,UDC,21
10/25/2018 17:13,WS Outbound-DCL Inbound,UDC,21
10/25/2018 17:13,WS Outbound-DCL Inbound,UDC,21
10/25/2018 17:13,WS Outbound-DCL Inbound,UDC,21
10/25/2018 17:13,WS Outbound-DCL Inbound,UDC,21
10/25/2018 17:13,WS Outbound-DCL Inbound,UDC,21
10/25/2018 17:13,WS Outbound-DCL Inbound,UDC,21
10/25/2018 17:13,WS Outbound-DCL Inbound,UDC,21
10/25/2018 17:13,WS Outbound-DCL Inbound,UDC,21
10/25/2018 17:16,WS Outbound-DCL Inbound,Leroy St and Front,21
10/25/2018 17:17,WS Outbound-DCL Inbound,Floral and Burbank IB,891
10/25/2018 17:17,WS Outbound-DCL Inbound,Leroy St and Murray IB,21
10/25/2018 17:17,WS Outbound-DCL Inbound,Leroy St and Murray IB,21
10/25/2018 17:17,WS Outbound-DCL Inbound,Floral and Cleveland OB,891
10/25/2018 17:18,WS Outbound-DCL Inbound,Leroy St and Chestnut IB,21
10/25/2018 17:18,WS Outbound-DCL Inbound,Leroy St and Chestnut IB,21
10/25/2018 17:18,WS Outbound-DCL Inbound,Leroy St and Chestnut IB,21
10/25/2018 17:18,WS Outbound-DCL Inbound,Leroy St and Chestnut IB,21
10/25/2018 17:24,WS Outbound-DCL Inbound,Main and Cedar OB,891
10/25/2018 17:24,WS Outbound-DCL Inbound,Main and Cedar OB,891
10/25/2018 17:25,WS Outbound-DCL Inbound,Main and Arthur,891
10/25/2018 17:25,WS Outbound-DCL Inbound,Main and Arthur,891
10/25/2018 17:25,WS Outbound-DCL Inbound,Main and Arthur,891
10/25/2018 17:29,WS Outbound-DCL Inbound,Academic A,21
10/25/2018 17:29,WS Outbound-DCL Inbound,Academic A,21
10/25/2018 17:30,WS Outbound-DCL Inbound,Hawley OB,891
10/25/2018 17:36,WS Outbound-DCL Inbound,Union,787
10/25/2018 17:36,WS Outbound-DCL Inbound,Union,787
10/25/2018 17:36,WS Outbound-DCL Inbound,Union,787
10/25/2018 17:36,WS Outbound-DCL Inbound,Union,787
10/25/2018 17:36,WS Outbound-DCL Inbound,Union,787
10/25/2018 17:36,WS Outbound-DCL Inbound,Union,787
10/25/2018 17:36,WS Outbound-DCL Inbound,Union,787
10/25/2018 17:36,WS Outbound-DCL Inbound,Union,787
10/25/2018 17:36,WS Outbound-DCL Inbound,Union,787
10/25/2018 17:36,WS Outbound-DCL Inbound,Union,787
10/25/2018 17:36,WS Outbound-DCL Inbound,Union,787
10/25/2018 17:36,WS Outbound-DCL Inbound,Union,787
10/25/2018 17:36,WS Outbound-DCL Inbound,Union,787
10/25/2018 17:36,WS Outbound-DCL Inbound,Union,787
10/25/2018 17:36,WS Outbound-DCL Inbound,Union,787
10/25/2018 17:36,WS Outbound-DCL Inbound,Union,787
10/25/2018 17:36,WS Outbound-DCL Inbound,Union,787
10/25/2018 17:36,WS Outbound-DCL Inbound,Union,787
10/25/2018 17:36,WS Outbound-DCL Inbound,Union,787
10/25/2018 17:36,WS Outbound-DCL Inbound,Union,787
10/25/2018 17:36,WS Outbound-DCL Inbound,Union,787
10/25/2018 17:36,WS Outbound-DCL Inbound,Union,787
10/25/2018 17:36,WS Outbound-DCL Inbound,Union,787
10/25/2018 17:36,WS Outbound-DCL Inbound,Union,787
10/25/2018 17:36,WS Outbound-DCL Inbound,Union,787
10/25/2018 17:36,WS Outbound-DCL Inbound,Union,787
10/25/2018 17:36,WS Outbound-DCL Inbound,Union,787
10/25/2018 17:37,WS Outbound-DCL Inbound,Union,787
10/25/2018 17:37,WS Outbound-DCL Inbound,Union,787
10/25/2018 17:37,WS Outbound-DCL Inbound,Union,787
10/25/2018 17:37,WS Outbound-DCL Inbound,Union,787
10/25/2018 17:37,WS Outbound-DCL Inbound,Union,787
10/25/2018 17:37,WS Outbound-DCL Inbound,Union,787
10/25/2018 17:37,WS Outbound-DCL Inbound,Union,787
10/25/2018 17:37,WS Outbound-DCL Inbound,Union,787
10/25/2018 17:42,WS Outbound-DCL Inbound,Denny''s,787
10/25/2018 17:45,WS Outbound-DCL Inbound,Union,891
10/25/2018 17:45,WS Outbound-DCL Inbound,Union,891
10/25/2018 17:45,WS Outbound-DCL Inbound,Union,891
10/25/2018 17:45,WS Outbound-DCL Inbound,Union,891
10/25/2018 17:45,WS Outbound-DCL Inbound,Union,891
10/25/2018 17:45,WS Outbound-DCL Inbound,Union,891
10/25/2018 17:45,WS Outbound-DCL Inbound,Union,891
10/25/2018 17:45,WS Outbound-DCL Inbound,Union,891
10/25/2018 17:45,WS Outbound-DCL Inbound,Union,891
10/25/2018 17:45,WS Outbound-DCL Inbound,Union,891
10/25/2018 17:45,WS Outbound-DCL Inbound,Union,891
10/25/2018 17:45,WS Outbound-DCL Inbound,Union,891
10/25/2018 17:45,WS Outbound-DCL Inbound,Union,891
10/25/2018 17:45,WS Outbound-DCL Inbound,Union,891
10/25/2018 17:45,WS Outbound-DCL Inbound,Union,891
10/25/2018 17:45,WS Outbound-DCL Inbound,Union,891
10/25/2018 17:45,WS Outbound-DCL Inbound,Union,891
10/25/2018 17:46,WS Outbound-DCL Inbound,Union,891
10/25/2018 17:46,WS Outbound-DCL Inbound,Union,891
10/25/2018 17:46,WS Outbound-DCL Inbound,Union,891
10/25/2018 17:46,WS Outbound-DCL Inbound,Union,891
10/25/2018 17:46,WS Outbound-DCL Inbound,Union,891
10/25/2018 17:46,WS Outbound-DCL Inbound,Union,891
10/25/2018 17:46,WS Outbound-DCL Inbound,Union,891
10/25/2018 17:47,WS Outbound-DCL Inbound,Union,891
10/25/2018 17:47,WS Outbound-DCL Inbound,Union,891
10/25/2018 17:47,WS Outbound-DCL Inbound,Union,891
10/25/2018 18:00,WS Outbound-DCL Inbound,Main and Helen OB,891
10/25/2018 18:00,WS Outbound-DCL Inbound,Main and Helen OB,891
10/25/2018 18:02,WS Outbound-DCL Inbound,Union,37
10/25/2018 18:02,WS Outbound-DCL Inbound,Union,37
10/25/2018 18:02,WS Outbound-DCL Inbound,Union,37
10/25/2018 18:02,WS Outbound-DCL Inbound,Union,37
10/25/2018 18:02,WS Outbound-DCL Inbound,Union,37
10/25/2018 18:02,WS Outbound-DCL Inbound,Union,37
10/25/2018 18:02,WS Outbound-DCL Inbound,Union,37
10/25/2018 18:02,WS Outbound-DCL Inbound,Union,37
10/25/2018 18:02,WS Outbound-DCL Inbound,Union,37
10/25/2018 18:02,WS Outbound-DCL Inbound,Union,37
10/25/2018 18:03,WS Outbound-DCL Inbound,Union,37
10/25/2018 18:03,WS Outbound-DCL Inbound,Union,37
10/25/2018 18:03,WS Outbound-DCL Inbound,Union,37
10/25/2018 18:03,WS Outbound-DCL Inbound,Union,37
10/25/2018 18:03,WS Outbound-DCL Inbound,Union,37
10/25/2018 18:03,WS Outbound-DCL Inbound,Union,37
10/25/2018 18:03,WS Outbound-DCL Inbound,Union,37
10/25/2018 18:03,WS Outbound-DCL Inbound,Union,37
10/25/2018 18:03,WS Outbound-DCL Inbound,Union,37
10/25/2018 18:03,WS Outbound-DCL Inbound,Union,37
10/25/2018 18:03,WS Outbound-DCL Inbound,Union,37
10/25/2018 18:03,WS Outbound-DCL Inbound,Union,37
10/25/2018 18:03,WS Outbound-DCL Inbound,Union,37
10/25/2018 18:03,WS Outbound-DCL Inbound,Union,37
10/25/2018 18:03,WS Outbound-DCL Inbound,Union,37
10/25/2018 18:03,WS Outbound-DCL Inbound,Union,37
10/25/2018 18:03,WS Outbound-DCL Inbound,Union,37
10/25/2018 18:03,WS Outbound-DCL Inbound,Union,37
10/25/2018 18:03,WS Outbound-DCL Inbound,Union,37
10/25/2018 18:03,WS Outbound-DCL Inbound,Union,37
10/25/2018 18:03,WS Outbound-DCL Inbound,Union,37
10/25/2018 18:04,WS Outbound-DCL Inbound,Union,37
10/25/2018 18:04,WS Outbound-DCL Inbound,Union,37
10/25/2018 18:04,WS Outbound-DCL Inbound,Union,37
10/25/2018 18:04,WS Outbound-DCL Inbound,Union,37
10/25/2018 18:04,WS Outbound-DCL Inbound,Union,37
10/25/2018 18:04,WS Outbound-DCL Inbound,Union,37
10/25/2018 18:04,WS Outbound-DCL Inbound,Union,37
10/25/2018 18:04,WS Outbound-DCL Inbound,Union,37
10/25/2018 18:04,WS Outbound-DCL Inbound,Union,37
10/25/2018 18:04,WS Outbound-DCL Inbound,Union,37
10/25/2018 18:04,WS Outbound-DCL Inbound,Union,37
10/25/2018 18:04,WS Outbound-DCL Inbound,Union,37
10/25/2018 18:04,WS Outbound-DCL Inbound,Union,37
10/25/2018 18:04,WS Outbound-DCL Inbound,Union,37
10/25/2018 18:04,WS Outbound-DCL Inbound,Union,37
10/25/2018 18:04,WS Outbound-DCL Inbound,Union,37
10/25/2018 18:04,WS Outbound-DCL Inbound,Union,37
10/25/2018 18:04,WS Outbound-DCL Inbound,Union,37
10/25/2018 18:04,WS Outbound-DCL Inbound,Union,37
10/25/2018 18:07,WS Outbound-DCL Inbound,Main and Front OB,891
10/25/2018 18:11,WS Outbound-DCL Inbound,UDC,891
10/25/2018 18:15,WS Outbound-DCL Inbound,Leroy St and Murray IB,891
10/25/2018 18:15,WS Outbound-DCL Inbound,Leroy St and Murray IB,891
10/25/2018 18:15,WS Outbound-DCL Inbound,Leroy St and Murray IB,891
10/25/2018 18:16,WS Outbound-DCL Inbound,Leroy St and Chestnut IB,891
10/25/2018 18:16,WS Outbound-DCL Inbound,Leroy St and Chestnut IB,891
10/25/2018 18:16,WS Outbound-DCL Inbound,Leroy St and Chestnut IB,891
10/25/2018 18:17,WS Outbound-DCL Inbound,Union,43
10/25/2018 18:17,WS Outbound-DCL Inbound,Union,43
10/25/2018 18:17,WS Outbound-DCL Inbound,Union,43
10/25/2018 18:17,WS Outbound-DCL Inbound,Union,43
10/25/2018 18:17,WS Outbound-DCL Inbound,Union,43
10/25/2018 18:17,WS Outbound-DCL Inbound,Union,43
10/25/2018 18:17,WS Outbound-DCL Inbound,Union,43
10/25/2018 18:17,WS Outbound-DCL Inbound,Union,43
10/25/2018 18:17,WS Outbound-DCL Inbound,Union,43
10/25/2018 18:17,WS Outbound-DCL Inbound,Union,43
10/25/2018 18:17,WS Outbound-DCL Inbound,Union,43
10/25/2018 18:17,WS Outbound-DCL Inbound,Union,43
10/25/2018 18:17,WS Outbound-DCL Inbound,Union,43
10/25/2018 18:17,WS Outbound-DCL Inbound,Union,43
10/25/2018 18:17,WS Outbound-DCL Inbound,Union,43
10/25/2018 18:17,WS Outbound-DCL Inbound,Union,43
10/25/2018 18:17,WS Outbound-DCL Inbound,Union,43
10/25/2018 18:18,WS Outbound-DCL Inbound,Beethoven and Leroy,891
10/25/2018 18:19,WS Outbound-DCL Inbound,Physical Facilities,43
10/25/2018 18:19,WS Outbound-DCL Inbound,Physical Facilities,43
10/25/2018 18:24,WS Outbound-DCL Inbound,Floral and Harrison IB,43
10/25/2018 18:25,WS Outbound-DCL Inbound,Floral and Cleveland IB,43
10/25/2018 18:30,WS Outbound-DCL Inbound,Mohawk,891
10/25/2018 18:30,WS Outbound-DCL Inbound,Mohawk,891
10/25/2018 18:30,WS Outbound-DCL Inbound,Mohawk,891
10/25/2018 18:30,WS Outbound-DCL Inbound,Mohawk,891
10/25/2018 18:30,WS Outbound-DCL Inbound,Mohawk,891
10/25/2018 18:30,WS Outbound-DCL Inbound,Mohawk,891
10/25/2018 18:30,WS Outbound-DCL Inbound,Mohawk,891
10/25/2018 18:30,WS Outbound-DCL Inbound,Mohawk,891
10/25/2018 18:30,WS Outbound-DCL Inbound,Mohawk,891
10/25/2018 18:31,WS Outbound-DCL Inbound,Mohawk,891
10/25/2018 18:31,WS Outbound-DCL Inbound,Mohawk,891
10/25/2018 18:31,WS Outbound-DCL Inbound,Union,21
10/25/2018 18:31,WS Outbound-DCL Inbound,Union,21
10/25/2018 18:31,WS Outbound-DCL Inbound,Union,21
10/25/2018 18:31,WS Outbound-DCL Inbound,Union,21
10/25/2018 18:31,WS Outbound-DCL Inbound,Union,21
10/25/2018 18:31,WS Outbound-DCL Inbound,Union,21
10/25/2018 18:31,WS Outbound-DCL Inbound,Union,21
10/25/2018 18:31,WS Outbound-DCL Inbound,Union,21
10/25/2018 18:31,WS Outbound-DCL Inbound,Union,21
10/25/2018 18:31,WS Outbound-DCL Inbound,Union,21
10/25/2018 18:31,WS Outbound-DCL Inbound,Union,21
10/25/2018 18:31,WS Outbound-DCL Inbound,Union,21
10/25/2018 18:31,WS Outbound-DCL Inbound,Union,21
10/25/2018 18:31,WS Outbound-DCL Inbound,Union,21
10/25/2018 18:31,WS Outbound-DCL Inbound,Union,21
10/25/2018 18:31,WS Outbound-DCL Inbound,Union,21
10/25/2018 18:31,WS Outbound-DCL Inbound,Union,21
10/25/2018 18:31,WS Outbound-DCL Inbound,Union,21
10/25/2018 18:31,WS Outbound-DCL Inbound,Union,21
10/25/2018 18:31,WS Outbound-DCL Inbound,Union,21
10/25/2018 18:31,WS Outbound-DCL Inbound,Union,21
10/25/2018 18:32,WS Outbound-DCL Inbound,Mohawk,891
10/25/2018 18:32,WS Outbound-DCL Inbound,Mohawk,891
10/25/2018 18:32,WS Outbound-DCL Inbound,Union,21
10/25/2018 18:32,WS Outbound-DCL Inbound,Union,21
10/25/2018 18:32,WS Outbound-DCL Inbound,Union,21
10/25/2018 18:33,WS Outbound-DCL Inbound,Union,21
10/25/2018 18:34,WS Outbound-DCL Inbound,Union,21
10/25/2018 18:34,WS Outbound-DCL Inbound,Union,21
10/25/2018 18:35,WS Outbound-DCL Inbound,Union,21
10/25/2018 18:36,WS Outbound-DCL Inbound,UDC,43
10/25/2018 18:36,WS Outbound-DCL Inbound,UDC,43
10/25/2018 18:36,WS Outbound-DCL Inbound,UDC,43
10/25/2018 18:37,WS Outbound-DCL Inbound,UDC,43
10/25/2018 18:39,WS Outbound-DCL Inbound,UDC,43
10/25/2018 18:39,WS Outbound-DCL Inbound,UDC,43
10/25/2018 18:40,WS Outbound-DCL Inbound,UDC,43
10/25/2018 18:40,WS Outbound-DCL Inbound,UDC,43
10/25/2018 18:43,WS Outbound-DCL Inbound,Leroy St and Murray IB,43
10/25/2018 18:43,WS Outbound-DCL Inbound,Leroy St and Murray IB,43
10/25/2018 18:43,WS Outbound-DCL Inbound,Leroy St and Murray IB,43
10/25/2018 18:44,WS Outbound-DCL Inbound,Leroy St and Chestnut IB,43
10/25/2018 18:44,WS Outbound-DCL Inbound,Leroy St and Chestnut IB,43
10/25/2018 18:44,WS Outbound-DCL Inbound,Leroy St and Chestnut IB,43
10/25/2018 18:44,WS Outbound-DCL Inbound,Leroy St and Chestnut IB,43
10/25/2018 18:45,WS Outbound-DCL Inbound,Main and Helen OB,21
10/25/2018 18:46,WS Outbound-DCL Inbound,Main and Schiller OB,21
10/25/2018 18:50,WS Outbound-DCL Inbound,Union,37
10/25/2018 18:50,WS Outbound-DCL Inbound,Union,37
10/25/2018 18:50,WS Outbound-DCL Inbound,Union,37
10/25/2018 18:50,WS Outbound-DCL Inbound,Union,37
10/25/2018 18:50,WS Outbound-DCL Inbound,Union,37
10/25/2018 18:50,WS Outbound-DCL Inbound,Union,37
10/25/2018 18:50,WS Outbound-DCL Inbound,Union,37
10/25/2018 18:50,WS Outbound-DCL Inbound,Union,37
10/25/2018 18:50,WS Outbound-DCL Inbound,Union,37
10/25/2018 18:51,WS Outbound-DCL Inbound,Union,37
10/25/2018 18:51,WS Outbound-DCL Inbound,Union,37
10/25/2018 19:01,WS Outbound-DCL Inbound,Union,526
10/25/2018 19:01,WS Outbound-DCL Inbound,Union,526
10/25/2018 19:01,WS Outbound-DCL Inbound,Union,526
10/25/2018 19:01,WS Outbound-DCL Inbound,Union,526
10/25/2018 19:01,WS Outbound-DCL Inbound,Union,526
10/25/2018 19:01,WS Outbound-DCL Inbound,Union,526
10/25/2018 19:01,WS Outbound-DCL Inbound,Union,526
10/25/2018 19:01,WS Outbound-DCL Inbound,Union,526
10/25/2018 19:01,WS Outbound-DCL Inbound,Union,526
10/25/2018 19:01,WS Outbound-DCL Inbound,Union,526
10/25/2018 19:01,WS Outbound-DCL Inbound,Union,526
10/25/2018 19:02,WS Outbound-DCL Inbound,Union,526
10/25/2018 19:02,WS Outbound-DCL Inbound,Union,526
10/25/2018 19:02,WS Outbound-DCL Inbound,Union,526
10/25/2018 19:02,WS Outbound-DCL Inbound,Union,526
10/25/2018 19:02,WS Outbound-DCL Inbound,Union,526
10/25/2018 19:03,WS Outbound-DCL Inbound,Main and Schiller OB,37
10/25/2018 19:03,WS Outbound-DCL Inbound,Union,526
10/25/2018 19:04,WS Outbound-DCL Inbound,Union,526
10/25/2018 19:04,WS Outbound-DCL Inbound,Union,526
10/25/2018 19:04,WS Outbound-DCL Inbound,Main and Clarke IB,37
10/25/2018 19:05,WS Outbound-DCL Inbound,Union,526
10/25/2018 19:07,WS Outbound-DCL Inbound,Physical Facilities OB,526
10/25/2018 19:07,WS Outbound-DCL Inbound,Physical Facilities OB,526
10/25/2018 19:07,WS Outbound-DCL Inbound,Physical Facilities OB,526
10/25/2018 19:07,WS Outbound-DCL Inbound,Physical Facilities OB,526
10/25/2018 19:07,WS Outbound-DCL Inbound,Physical Facilities OB,526
10/25/2018 19:13,WS Outbound-DCL Inbound,UDC,37
10/25/2018 19:14,WS Outbound-DCL Inbound,Floral and Cleveland IB,526
10/25/2018 19:14,WS Outbound-DCL Inbound,Floral and Cleveland IB,526
10/25/2018 19:14,WS Outbound-DCL Inbound,Floral and Cleveland IB,526
10/25/2018 19:15,WS Outbound-DCL Inbound,UDC,37
10/25/2018 19:19,WS Outbound-DCL Inbound,UDC,37
10/25/2018 19:23,WS Outbound-DCL Inbound,Leroy St and Murray OB,37
10/25/2018 19:23,WS Outbound-DCL Inbound,Leroy St and Murray OB,37
10/25/2018 19:24,WS Outbound-DCL Inbound,Leroy St and Chestnut IB,37
10/25/2018 19:24,WS Outbound-DCL Inbound,Leroy St and Chestnut IB,37
10/25/2018 19:25,WS Outbound-DCL Inbound,Leroy St and Laurel IB,37
10/25/2018 19:28,WS Outbound-DCL Inbound,UDC,526
10/25/2018 19:29,WS Outbound-DCL Inbound,Union,43
10/25/2018 19:29,WS Outbound-DCL Inbound,Union,43
10/25/2018 19:29,WS Outbound-DCL Inbound,Union,43
10/25/2018 19:29,WS Outbound-DCL Inbound,Union,43
10/25/2018 19:29,WS Outbound-DCL Inbound,Union,43
10/25/2018 19:29,WS Outbound-DCL Inbound,Union,43
10/25/2018 19:29,WS Outbound-DCL Inbound,Union,43
10/25/2018 19:29,WS Outbound-DCL Inbound,Union,43
10/25/2018 19:29,WS Outbound-DCL Inbound,Union,43
10/25/2018 19:29,WS Outbound-DCL Inbound,Union,43
10/25/2018 19:29,WS Outbound-DCL Inbound,Union,43
10/25/2018 19:29,WS Outbound-DCL Inbound,Union,43
10/25/2018 19:29,WS Outbound-DCL Inbound,Union,43
10/25/2018 19:29,WS Outbound-DCL Inbound,Union,43
10/25/2018 19:29,WS Outbound-DCL Inbound,Union,43
10/25/2018 19:29,WS Outbound-DCL Inbound,Union,43
10/25/2018 19:29,WS Outbound-DCL Inbound,Union,43
10/25/2018 19:29,WS Outbound-DCL Inbound,Union,43
10/25/2018 19:29,WS Outbound-DCL Inbound,Union,43
10/25/2018 19:29,WS Outbound-DCL Inbound,Union,43
10/25/2018 19:29,WS Outbound-DCL Inbound,Union,43
10/25/2018 19:29,WS Outbound-DCL Inbound,Union,43
10/25/2018 19:30,WS Outbound-DCL Inbound,Union,43
10/25/2018 19:30,WS Outbound-DCL Inbound,Union,43
10/25/2018 19:30,WS Outbound-DCL Inbound,Union,43
10/25/2018 19:30,WS Outbound-DCL Inbound,Union,43
10/25/2018 19:31,WS Outbound-DCL Inbound,Union,43
10/25/2018 19:31,WS Outbound-DCL Inbound,Union,43
10/25/2018 19:31,WS Outbound-DCL Inbound,Union,43
10/25/2018 19:31,WS Outbound-DCL Inbound,Union,43
10/25/2018 19:32,WS Outbound-DCL Inbound,Union,43
10/25/2018 19:32,WS Outbound-DCL Inbound,Union,43
10/25/2018 19:33,WS Outbound-DCL Inbound,Union,43
10/25/2018 19:33,WS Outbound-DCL Inbound,Union,43
10/25/2018 19:33,WS Outbound-DCL Inbound,Union,43
10/25/2018 19:33,WS Outbound-DCL Inbound,Union,43
10/25/2018 19:33,WS Outbound-DCL Inbound,Union,43
10/25/2018 19:34,WS Outbound-DCL Inbound,Leroy St and Front,526
10/25/2018 19:34,WS Outbound-DCL Inbound,Union,43
10/25/2018 19:34,WS Outbound-DCL Inbound,Union,43
10/25/2018 19:34,WS Outbound-DCL Inbound,Union,43
10/25/2018 19:34,WS Outbound-DCL Inbound,Union,43
10/25/2018 19:35,WS Outbound-DCL Inbound,Union,43
10/25/2018 19:35,WS Outbound-DCL Inbound,Union,43
10/25/2018 19:35,WS Outbound-DCL Inbound,Leroy St and Murray IB,526
10/25/2018 19:35,WS Outbound-DCL Inbound,Leroy St and Murray IB,526
10/25/2018 19:36,WS Outbound-DCL Inbound,Union,43
10/25/2018 19:36,WS Outbound-DCL Inbound,Union,43
10/25/2018 19:36,WS Outbound-DCL Inbound,Union,43
10/25/2018 19:37,WS Outbound-DCL Inbound,Union,43
10/25/2018 19:38,WS Outbound-DCL Inbound,Union,43
10/25/2018 19:38,WS Outbound-DCL Inbound,Union,43
10/25/2018 19:41,WS Outbound-DCL Inbound,Riverside and Ethel IB,526
10/25/2018 19:48,WS Outbound-DCL Inbound,Union,21
10/25/2018 19:48,WS Outbound-DCL Inbound,Union,21
10/25/2018 19:48,WS Outbound-DCL Inbound,Union,21
10/25/2018 19:48,WS Outbound-DCL Inbound,Union,21
10/25/2018 19:48,WS Outbound-DCL Inbound,Union,21
10/25/2018 19:48,WS Outbound-DCL Inbound,Union,21
10/25/2018 19:48,WS Outbound-DCL Inbound,Union,21
10/25/2018 19:48,WS Outbound-DCL Inbound,Union,21
10/25/2018 19:48,WS Outbound-DCL Inbound,Union,21
10/25/2018 19:48,WS Outbound-DCL Inbound,Union,21
10/25/2018 19:48,WS Outbound-DCL Inbound,Union,21
10/25/2018 19:48,WS Outbound-DCL Inbound,Union,21
10/25/2018 19:48,WS Outbound-DCL Inbound,Union,21
10/25/2018 19:48,WS Outbound-DCL Inbound,Union,21
10/25/2018 19:49,WS Outbound-DCL Inbound,Union,21
10/25/2018 19:49,WS Outbound-DCL Inbound,Union,21
10/25/2018 19:49,WS Outbound-DCL Inbound,Union,21
10/25/2018 19:49,WS Outbound-DCL Inbound,Union,526
10/25/2018 19:50,WS Outbound-DCL Inbound,Union,526
10/25/2018 19:51,WS Outbound-DCL Inbound,Union,526
10/25/2018 19:51,WS Outbound-DCL Inbound,Union,526
10/25/2018 19:52,WS Outbound-DCL Inbound,Physical Facilities,21
10/25/2018 19:52,WS Outbound-DCL Inbound,Union,526
10/25/2018 19:52,WS Outbound-DCL Inbound,Union,526
10/25/2018 19:52,WS Outbound-DCL Inbound,Union,526
10/25/2018 19:53,WS Outbound-DCL Inbound,Main and Clarke IB,43
10/25/2018 19:54,WS Outbound-DCL Inbound,Union,526
10/25/2018 19:54,WS Outbound-DCL Inbound,Main and Arthur,43
10/25/2018 19:55,WS Outbound-DCL Inbound,Union,526
10/25/2018 19:56,WS Outbound-DCL Inbound,Union,526
10/25/2018 19:56,WS Outbound-DCL Inbound,Union,526
10/25/2018 19:56,WS Outbound-DCL Inbound,Union,526
10/25/2018 19:56,WS Outbound-DCL Inbound,Union,526
10/25/2018 19:56,WS Outbound-DCL Inbound,Union,526
10/25/2018 19:56,WS Outbound-DCL Inbound,Union,526
10/25/2018 19:56,WS Outbound-DCL Inbound,Union,526
10/25/2018 19:56,WS Outbound-DCL Inbound,Union,526
10/25/2018 19:56,WS Outbound-DCL Inbound,Union,526
10/25/2018 19:56,WS Outbound-DCL Inbound,Union,526
10/25/2018 19:57,WS Outbound-DCL Inbound,Union,526
10/25/2018 19:57,WS Outbound-DCL Inbound,Union,526
10/25/2018 19:58,WS Outbound-DCL Inbound,Union,526
10/25/2018 19:58,WS Outbound-DCL Inbound,Union,526
10/25/2018 19:58,WS Outbound-DCL Inbound,Union,526
10/25/2018 19:58,WS Outbound-DCL Inbound,Union,526
10/25/2018 19:58,WS Outbound-DCL Inbound,Union,526
10/25/2018 19:58,WS Outbound-DCL Inbound,Union,526
10/25/2018 19:58,WS Outbound-DCL Inbound,Union,526
10/25/2018 19:59,WS Outbound-DCL Inbound,Floral and Main OB,21
10/25/2018 19:59,WS Outbound-DCL Inbound,Floral and Main OB,21
10/25/2018 19:59,WS Outbound-DCL Inbound,Union,526
10/25/2018 19:59,WS Outbound-DCL Inbound,UDC,43
10/25/2018 19:59,WS Outbound-DCL Inbound,Union,526
10/25/2018 19:59,WS Outbound-DCL Inbound,UDC,43
10/25/2018 19:59,WS Outbound-DCL Inbound,UDC,43
10/25/2018 19:59,WS Outbound-DCL Inbound,Union,526
10/25/2018 19:59,WS Outbound-DCL Inbound,Union,526
