Start Date:10/18/2018 7:00 AM End Date:10/18/2018 8:00 PM,,,
DateTime,CorridorName,StopName,VehicleID
10/18/2018 7:14,WS Outbound-DCL Inbound,Union,37
10/18/2018 7:21,WS Outbound-DCL Inbound,Floral and Harrison IB,37
10/18/2018 7:26,WS Outbound-DCL Inbound,Main and Clarke OB,37
10/18/2018 7:27,WS Outbound-DCL Inbound,Main and Arthur,37
10/18/2018 7:28,WS Outbound-DCL Inbound,Main and Murray OB,37
10/18/2018 7:33,WS Outbound-DCL Inbound,UDC,37
10/18/2018 7:33,WS Outbound-DCL Inbound,UDC,37
10/18/2018 7:36,WS Outbound-DCL Inbound,UDC,37
10/18/2018 7:36,WS Outbound-DCL Inbound,UDC,37
10/18/2018 7:36,WS Outbound-DCL Inbound,UDC,37
10/18/2018 7:42,WS Outbound-DCL Inbound,Leroy St and Front,37
10/18/2018 7:42,WS Outbound-DCL Inbound,Leroy St and Front,37
10/18/2018 7:43,WS Outbound-DCL Inbound,Leroy St and Murray IB,37
10/18/2018 7:43,WS Outbound-DCL Inbound,Leroy St and Murray IB,37
10/18/2018 7:43,WS Outbound-DCL Inbound,Leroy St and Murray IB,37
10/18/2018 7:43,WS Outbound-DCL Inbound,Leroy St and Murray IB,37
10/18/2018 7:43,WS Outbound-DCL Inbound,Leroy St and Murray IB,37
10/18/2018 7:43,WS Outbound-DCL Inbound,Leroy St and Murray IB,37
10/18/2018 7:43,WS Outbound-DCL Inbound,Leroy St and Murray IB,37
10/18/2018 7:44,WS Outbound-DCL Inbound,Leroy St and Chestnut IB,37
10/18/2018 7:44,WS Outbound-DCL Inbound,Leroy St and Chestnut IB,37
10/18/2018 7:44,WS Outbound-DCL Inbound,Leroy St and Chestnut IB,37
10/18/2018 7:44,WS Outbound-DCL Inbound,Leroy St and Chestnut IB,37
10/18/2018 7:44,WS Outbound-DCL Inbound,Leroy St and Chestnut IB,37
10/18/2018 7:44,WS Outbound-DCL Inbound,Leroy St and Chestnut IB,37
10/18/2018 7:44,WS Outbound-DCL Inbound,Leroy St and Chestnut IB,37
10/18/2018 7:44,WS Outbound-DCL Inbound,Leroy St and Chestnut IB,37
10/18/2018 7:44,WS Outbound-DCL Inbound,Leroy St and Chestnut IB,37
10/18/2018 7:44,WS Outbound-DCL Inbound,Leroy St and Chestnut IB,37
10/18/2018 7:46,WS Outbound-DCL Inbound,Beethoven and Leroy,37
10/18/2018 7:46,WS Outbound-DCL Inbound,Beethoven and Leroy,37
10/18/2018 7:46,WS Outbound-DCL Inbound,Beethoven and Leroy,37
10/18/2018 7:48,WS Outbound-DCL Inbound,Riverside and Margaret OB,37
10/18/2018 8:00,WS Outbound-DCL Inbound,Leroy St and Front,890
10/18/2018 8:00,WS Outbound-DCL Inbound,Leroy St and Front,890
10/18/2018 8:00,WS Outbound-DCL Inbound,Leroy St and Front,890
10/18/2018 8:00,WS Outbound-DCL Inbound,Leroy St and Front,890
10/18/2018 8:00,WS Outbound-DCL Inbound,Leroy St and Front,890
10/18/2018 8:01,WS Outbound-DCL Inbound,Leroy St and Murray IB,890
10/18/2018 8:01,WS Outbound-DCL Inbound,Leroy St and Murray IB,890
10/18/2018 8:01,WS Outbound-DCL Inbound,Leroy St and Murray IB,890
10/18/2018 8:01,WS Outbound-DCL Inbound,Leroy St and Murray IB,890
10/18/2018 8:01,WS Outbound-DCL Inbound,Leroy St and Murray IB,890
10/18/2018 8:01,WS Outbound-DCL Inbound,Leroy St and Murray IB,890
10/18/2018 8:01,WS Outbound-DCL Inbound,Leroy St and Murray IB,890
10/18/2018 8:01,WS Outbound-DCL Inbound,Leroy St and Murray IB,890
10/18/2018 8:01,WS Outbound-DCL Inbound,Leroy St and Murray IB,890
10/18/2018 8:02,WS Outbound-DCL Inbound,Leroy St and Murray IB,890
10/18/2018 8:02,WS Outbound-DCL Inbound,Leroy St and Murray IB,890
10/18/2018 8:02,WS Outbound-DCL Inbound,Leroy St and Murray IB,890
10/18/2018 8:02,WS Outbound-DCL Inbound,Leroy St and Murray IB,890
10/18/2018 8:02,WS Outbound-DCL Inbound,Leroy St and Murray IB,890
10/18/2018 8:02,WS Outbound-DCL Inbound,Leroy St and Murray IB,890
10/18/2018 8:02,WS Outbound-DCL Inbound,Leroy St and Murray IB,890
10/18/2018 8:02,WS Outbound-DCL Inbound,Leroy St and Murray IB,890
10/18/2018 8:02,WS Outbound-DCL Inbound,Leroy St and Murray IB,890
10/18/2018 8:02,WS Outbound-DCL Inbound,Leroy St and Murray IB,890
10/18/2018 8:02,WS Outbound-DCL Inbound,Leroy St and Murray IB,890
10/18/2018 8:02,WS Outbound-DCL Inbound,Leroy St and Murray IB,890
10/18/2018 8:02,WS Outbound-DCL Inbound,Leroy St and Murray IB,890
10/18/2018 8:02,WS Outbound-DCL Inbound,Leroy St and Murray IB,890
10/18/2018 8:02,WS Outbound-DCL Inbound,Leroy St and Murray IB,890
10/18/2018 8:04,WS Outbound-DCL Inbound,Leroy St and Chestnut IB,890
10/18/2018 8:04,WS Outbound-DCL Inbound,Leroy St and Chestnut IB,890
10/18/2018 8:04,WS Outbound-DCL Inbound,Leroy St and Chestnut IB,890
10/18/2018 8:04,WS Outbound-DCL Inbound,Leroy St and Chestnut IB,890
10/18/2018 8:04,WS Outbound-DCL Inbound,Leroy St and Chestnut IB,890
10/18/2018 8:04,WS Outbound-DCL Inbound,Leroy St and Chestnut IB,890
10/18/2018 8:04,WS Outbound-DCL Inbound,Leroy St and Chestnut IB,890
10/18/2018 8:04,WS Outbound-DCL Inbound,Leroy St and Chestnut IB,890
10/18/2018 8:29,WS Outbound-DCL Inbound,Floral and Willow OB,890
10/18/2018 8:30,WS Outbound-DCL Inbound,Leroy St and Chestnut OB,528
10/18/2018 8:30,WS Outbound-DCL Inbound,Leroy St and Chestnut OB,528
10/18/2018 8:30,WS Outbound-DCL Inbound,Leroy St and Chestnut OB,528
10/18/2018 8:30,WS Outbound-DCL Inbound,Leroy St and Chestnut OB,528
10/18/2018 8:30,WS Outbound-DCL Inbound,Leroy St and Chestnut OB,528
10/18/2018 8:30,WS Outbound-DCL Inbound,Leroy St and Chestnut OB,528
10/18/2018 8:30,WS Outbound-DCL Inbound,Leroy St and Chestnut OB,528
10/18/2018 8:31,WS Outbound-DCL Inbound,Floral and Main OB,890
10/18/2018 8:35,WS Outbound-DCL Inbound,Main and Arthur,890
10/18/2018 8:41,WS Outbound-DCL Inbound,UDC,890
10/18/2018 8:46,WS Outbound-DCL Inbound,Leroy St and Front,890
10/18/2018 8:47,WS Outbound-DCL Inbound,Leroy St and Murray IB,890
10/18/2018 8:47,WS Outbound-DCL Inbound,Leroy St and Murray IB,890
10/18/2018 8:48,WS Outbound-DCL Inbound,Leroy St and Murray IB,890
10/18/2018 8:48,WS Outbound-DCL Inbound,Leroy St and Murray IB,890
10/18/2018 8:48,WS Outbound-DCL Inbound,Leroy St and Murray IB,890
10/18/2018 8:48,WS Outbound-DCL Inbound,Leroy St and Murray IB,890
10/18/2018 8:48,WS Outbound-DCL Inbound,Leroy St and Murray IB,890
10/18/2018 8:48,WS Outbound-DCL Inbound,Leroy St and Murray IB,890
10/18/2018 8:48,WS Outbound-DCL Inbound,Leroy St and Murray IB,890
10/18/2018 8:48,WS Outbound-DCL Inbound,Leroy St and Murray IB,890
10/18/2018 8:49,WS Outbound-DCL Inbound,Leroy St and Chestnut IB,890
10/18/2018 8:49,WS Outbound-DCL Inbound,Leroy St and Chestnut IB,890
10/18/2018 8:49,WS Outbound-DCL Inbound,Leroy St and Chestnut IB,890
10/18/2018 8:49,WS Outbound-DCL Inbound,Leroy St and Chestnut IB,890
10/18/2018 8:49,WS Outbound-DCL Inbound,Leroy St and Chestnut IB,890
10/18/2018 8:49,WS Outbound-DCL Inbound,Leroy St and Chestnut IB,890
10/18/2018 8:49,WS Outbound-DCL Inbound,Leroy St and Chestnut IB,890
10/18/2018 8:49,WS Outbound-DCL Inbound,Leroy St and Chestnut IB,890
10/18/2018 8:49,WS Outbound-DCL Inbound,Leroy St and Chestnut IB,890
10/18/2018 8:49,WS Outbound-DCL Inbound,Leroy St and Chestnut IB,890
10/18/2018 8:52,WS Outbound-DCL Inbound,UDC,37
10/18/2018 8:59,WS Outbound-DCL Inbound,Leroy St and Front,37
10/18/2018 9:00,WS Outbound-DCL Inbound,Leroy St and Murray IB,37
10/18/2018 9:00,WS Outbound-DCL Inbound,Leroy St and Murray IB,37
10/18/2018 9:00,WS Outbound-DCL Inbound,Leroy St and Murray IB,37
10/18/2018 9:00,WS Outbound-DCL Inbound,Leroy St and Murray IB,37
10/18/2018 9:00,WS Outbound-DCL Inbound,Leroy St and Murray IB,37
10/18/2018 9:01,WS Outbound-DCL Inbound,Leroy St and Murray IB,37
10/18/2018 9:01,WS Outbound-DCL Inbound,Leroy St and Murray IB,37
10/18/2018 9:01,WS Outbound-DCL Inbound,Leroy St and Murray IB,37
10/18/2018 9:01,WS Outbound-DCL Inbound,Leroy St and Chestnut IB,37
10/18/2018 9:01,WS Outbound-DCL Inbound,Leroy St and Chestnut IB,37
10/18/2018 9:21,WS Outbound-DCL Inbound,UDC,21
10/18/2018 9:22,WS Outbound-DCL Inbound,UDC,21
10/18/2018 9:27,WS Outbound-DCL Inbound,Leroy St and Front,21
10/18/2018 9:27,WS Outbound-DCL Inbound,Leroy St and Front,21
10/18/2018 9:27,WS Outbound-DCL Inbound,Leroy St and Front,21
10/18/2018 9:27,WS Outbound-DCL Inbound,Leroy St and Front,21
10/18/2018 9:27,WS Outbound-DCL Inbound,Leroy St and Front,21
10/18/2018 9:27,WS Outbound-DCL Inbound,Leroy St and Front,21
10/18/2018 9:28,WS Outbound-DCL Inbound,Leroy St and Murray IB,21
10/18/2018 9:28,WS Outbound-DCL Inbound,Leroy St and Murray IB,21
10/18/2018 9:28,WS Outbound-DCL Inbound,Leroy St and Murray IB,21
10/18/2018 9:28,WS Outbound-DCL Inbound,Leroy St and Murray IB,21
10/18/2018 9:28,WS Outbound-DCL Inbound,Leroy St and Murray IB,21
10/18/2018 9:28,WS Outbound-DCL Inbound,Leroy St and Murray IB,21
10/18/2018 9:28,WS Outbound-DCL Inbound,Leroy St and Murray IB,21
10/18/2018 9:28,WS Outbound-DCL Inbound,Leroy St and Murray IB,21
10/18/2018 9:28,WS Outbound-DCL Inbound,Leroy St and Murray IB,21
10/18/2018 9:28,WS Outbound-DCL Inbound,Leroy St and Murray IB,21
10/18/2018 9:28,WS Outbound-DCL Inbound,Leroy St and Murray IB,21
10/18/2018 9:28,WS Outbound-DCL Inbound,Leroy St and Murray IB,21
10/18/2018 9:28,WS Outbound-DCL Inbound,Leroy St and Murray IB,21
10/18/2018 9:28,WS Outbound-DCL Inbound,Leroy St and Murray IB,21
10/18/2018 9:28,WS Outbound-DCL Inbound,Leroy St and Murray IB,21
10/18/2018 9:28,WS Outbound-DCL Inbound,Leroy St and Murray IB,21
10/18/2018 9:28,WS Outbound-DCL Inbound,Leroy St and Murray IB,21
10/18/2018 9:29,WS Outbound-DCL Inbound,Main and Front OB,55
10/18/2018 9:29,WS Outbound-DCL Inbound,Leroy St and Chestnut IB,21
10/18/2018 9:29,WS Outbound-DCL Inbound,Leroy St and Chestnut IB,21
10/18/2018 9:29,WS Outbound-DCL Inbound,Leroy St and Chestnut IB,21
10/18/2018 9:29,WS Outbound-DCL Inbound,Leroy St and Chestnut IB,21
10/18/2018 9:29,WS Outbound-DCL Inbound,Leroy St and Chestnut IB,21
10/18/2018 9:29,WS Outbound-DCL Inbound,Leroy St and Chestnut IB,21
10/18/2018 9:29,WS Outbound-DCL Inbound,Leroy St and Chestnut IB,21
10/18/2018 9:29,WS Outbound-DCL Inbound,Leroy St and Chestnut IB,21
10/18/2018 9:29,WS Outbound-DCL Inbound,Leroy St and Chestnut IB,21
10/18/2018 9:29,WS Outbound-DCL Inbound,Leroy St and Chestnut IB,21
10/18/2018 9:29,WS Outbound-DCL Inbound,Leroy St and Chestnut IB,21
10/18/2018 9:29,WS Outbound-DCL Inbound,Leroy St and Chestnut IB,21
10/18/2018 9:30,WS Outbound-DCL Inbound,Leroy St and Laurel IB,21
10/18/2018 9:41,WS Outbound-DCL Inbound,Leroy St and Front,55
10/18/2018 9:41,WS Outbound-DCL Inbound,Leroy St and Front,55
10/18/2018 9:42,WS Outbound-DCL Inbound,Leroy St and Front,55
10/18/2018 9:42,WS Outbound-DCL Inbound,Leroy St and Front,55
10/18/2018 9:42,WS Outbound-DCL Inbound,Leroy St and Front,55
10/18/2018 9:43,WS Outbound-DCL Inbound,Leroy St and Murray IB,55
10/18/2018 9:43,WS Outbound-DCL Inbound,Leroy St and Murray IB,55
10/18/2018 9:43,WS Outbound-DCL Inbound,Leroy St and Murray IB,55
10/18/2018 9:43,WS Outbound-DCL Inbound,Leroy St and Murray IB,55
10/18/2018 9:43,WS Outbound-DCL Inbound,Leroy St and Murray IB,55
10/18/2018 9:43,WS Outbound-DCL Inbound,Leroy St and Murray IB,55
10/18/2018 9:43,WS Outbound-DCL Inbound,Leroy St and Murray IB,55
10/18/2018 9:43,WS Outbound-DCL Inbound,Leroy St and Murray IB,55
10/18/2018 9:43,WS Outbound-DCL Inbound,Leroy St and Murray IB,55
10/18/2018 9:43,WS Outbound-DCL Inbound,Leroy St and Murray IB,55
10/18/2018 9:43,WS Outbound-DCL Inbound,Leroy St and Murray IB,55
10/18/2018 9:43,WS Outbound-DCL Inbound,Leroy St and Murray IB,55
10/18/2018 9:43,WS Outbound-DCL Inbound,Leroy St and Murray IB,55
10/18/2018 9:43,WS Outbound-DCL Inbound,Leroy St and Murray IB,55
10/18/2018 9:44,WS Outbound-DCL Inbound,Leroy St and Chestnut IB,55
10/18/2018 9:44,WS Outbound-DCL Inbound,Leroy St and Chestnut IB,55
10/18/2018 9:44,WS Outbound-DCL Inbound,Leroy St and Chestnut IB,55
10/18/2018 9:44,WS Outbound-DCL Inbound,Leroy St and Chestnut IB,55
10/18/2018 9:44,WS Outbound-DCL Inbound,Leroy St and Chestnut IB,55
10/18/2018 9:44,WS Outbound-DCL Inbound,Leroy St and Chestnut IB,55
10/18/2018 9:44,WS Outbound-DCL Inbound,Leroy St and Chestnut IB,55
10/18/2018 9:44,WS Outbound-DCL Inbound,Leroy St and Chestnut IB,55
10/18/2018 9:44,WS Outbound-DCL Inbound,Leroy St and Chestnut IB,55
10/18/2018 9:44,WS Outbound-DCL Inbound,Leroy St and Chestnut IB,55
10/18/2018 9:44,WS Outbound-DCL Inbound,Leroy St and Chestnut IB,55
10/18/2018 9:44,WS Outbound-DCL Inbound,Leroy St and Chestnut IB,55
10/18/2018 9:45,WS Outbound-DCL Inbound,Leroy St and Chestnut IB,55
10/18/2018 9:45,WS Outbound-DCL Inbound,Leroy St and Chestnut IB,55
10/18/2018 9:45,WS Outbound-DCL Inbound,Leroy St and Chestnut IB,55
10/18/2018 9:45,WS Outbound-DCL Inbound,Leroy St and Chestnut IB,55
10/18/2018 9:45,WS Outbound-DCL Inbound,Leroy St and Laurel IB,55
10/18/2018 9:46,WS Outbound-DCL Inbound,Leroy St and Laurel IB,55
10/18/2018 9:49,WS Outbound-DCL Inbound,Riverside and Margaret OB,55
10/18/2018 10:03,WS Outbound-DCL Inbound,Mohawk,55
10/18/2018 10:03,WS Outbound-DCL Inbound,Mohawk,55
10/18/2018 10:03,WS Outbound-DCL Inbound,Mohawk,55
10/18/2018 10:03,WS Outbound-DCL Inbound,Mohawk,55
10/18/2018 10:03,WS Outbound-DCL Inbound,Mohawk,55
10/18/2018 10:03,WS Outbound-DCL Inbound,Mohawk,55
10/18/2018 10:03,WS Outbound-DCL Inbound,Mohawk,55
10/18/2018 10:03,WS Outbound-DCL Inbound,Mohawk,55
10/18/2018 10:03,WS Outbound-DCL Inbound,Mohawk,55
10/18/2018 10:03,WS Outbound-DCL Inbound,Mohawk,55
10/18/2018 10:03,WS Outbound-DCL Inbound,Mohawk,55
10/18/2018 10:04,WS Outbound-DCL Inbound,Mohawk,55
10/18/2018 10:04,WS Outbound-DCL Inbound,Mohawk,55
10/18/2018 10:04,WS Outbound-DCL Inbound,Mohawk,55
10/18/2018 10:04,WS Outbound-DCL Inbound,Mohawk,55
10/18/2018 10:04,WS Outbound-DCL Inbound,Mohawk,55
10/18/2018 10:04,WS Outbound-DCL Inbound,Mohawk,55
10/18/2018 10:10,WS Outbound-DCL Inbound,UDC,890
10/18/2018 10:14,WS Outbound-DCL Inbound,Leroy St and Murray IB,890
10/18/2018 10:14,WS Outbound-DCL Inbound,Leroy St and Murray IB,890
10/18/2018 10:14,WS Outbound-DCL Inbound,Leroy St and Murray IB,890
10/18/2018 10:16,WS Outbound-DCL Inbound,Leroy St and Chestnut IB,890
10/18/2018 10:16,WS Outbound-DCL Inbound,Leroy St and Chestnut IB,890
10/18/2018 10:16,WS Outbound-DCL Inbound,Leroy St and Chestnut IB,890
10/18/2018 10:16,WS Outbound-DCL Inbound,Leroy St and Chestnut IB,890
10/18/2018 10:16,WS Outbound-DCL Inbound,Leroy St and Chestnut IB,890
10/18/2018 10:16,WS Outbound-DCL Inbound,Leroy St and Chestnut IB,890
10/18/2018 10:22,WS Outbound-DCL Inbound,Riverside and Columbus IB,890
10/18/2018 10:38,WS Outbound-DCL Inbound,UDC,55
10/18/2018 10:42,WS Outbound-DCL Inbound,Leroy St and Front,55
10/18/2018 10:42,WS Outbound-DCL Inbound,Leroy St and Front,55
10/18/2018 10:43,WS Outbound-DCL Inbound,Leroy St and Murray IB,55
10/18/2018 10:43,WS Outbound-DCL Inbound,Leroy St and Murray IB,55
10/18/2018 10:43,WS Outbound-DCL Inbound,Leroy St and Murray IB,55
10/18/2018 10:43,WS Outbound-DCL Inbound,Leroy St and Murray IB,55
10/18/2018 10:43,WS Outbound-DCL Inbound,Leroy St and Murray IB,55
10/18/2018 10:43,WS Outbound-DCL Inbound,Leroy St and Murray IB,55
10/18/2018 10:43,WS Outbound-DCL Inbound,Leroy St and Murray IB,55
10/18/2018 10:44,WS Outbound-DCL Inbound,Leroy St and Chestnut IB,55
10/18/2018 10:44,WS Outbound-DCL Inbound,Leroy St and Chestnut IB,55
10/18/2018 10:44,WS Outbound-DCL Inbound,Leroy St and Chestnut IB,55
10/18/2018 10:44,WS Outbound-DCL Inbound,Leroy St and Chestnut IB,55
10/18/2018 10:44,WS Outbound-DCL Inbound,Leroy St and Chestnut IB,55
10/18/2018 10:44,WS Outbound-DCL Inbound,Leroy St and Chestnut IB,55
10/18/2018 10:44,WS Outbound-DCL Inbound,Leroy St and Chestnut IB,55
10/18/2018 10:49,WS Outbound-DCL Inbound,Riverside and Columbus IB,55
10/18/2018 10:49,WS Outbound-DCL Inbound,Riverside and Columbus IB,55
10/18/2018 10:50,WS Outbound-DCL Inbound,UDC,528
10/18/2018 10:53,WS Outbound-DCL Inbound,UDC,528
10/18/2018 10:53,WS Outbound-DCL Inbound,UDC,528
10/18/2018 10:54,WS Outbound-DCL Inbound,UDC,528
10/18/2018 10:59,WS Outbound-DCL Inbound,Leroy St and Murray IB,528
10/18/2018 10:59,WS Outbound-DCL Inbound,Leroy St and Murray IB,528
10/18/2018 10:59,WS Outbound-DCL Inbound,Leroy St and Murray IB,528
10/18/2018 10:59,WS Outbound-DCL Inbound,Leroy St and Murray IB,528
10/18/2018 10:59,WS Outbound-DCL Inbound,Leroy St and Murray IB,528
10/18/2018 11:00,WS Outbound-DCL Inbound,Leroy St and Chestnut IB,528
10/18/2018 11:00,WS Outbound-DCL Inbound,Leroy St and Chestnut IB,528
10/18/2018 11:00,WS Outbound-DCL Inbound,Leroy St and Chestnut IB,528
10/18/2018 11:00,WS Outbound-DCL Inbound,Leroy St and Chestnut IB,528
10/18/2018 11:00,WS Outbound-DCL Inbound,Leroy St and Chestnut IB,528
10/18/2018 11:44,WS Outbound-DCL Inbound,Union,55
10/18/2018 11:44,WS Outbound-DCL Inbound,Union,55
10/18/2018 11:44,WS Outbound-DCL Inbound,Union,55
10/18/2018 11:44,WS Outbound-DCL Inbound,Union,55
10/18/2018 11:44,WS Outbound-DCL Inbound,Union,55
10/18/2018 11:45,WS Outbound-DCL Inbound,Union,55
10/18/2018 11:45,WS Outbound-DCL Inbound,Union,55
10/18/2018 11:45,WS Outbound-DCL Inbound,Union,55
10/18/2018 11:45,WS Outbound-DCL Inbound,Union,55
10/18/2018 11:45,WS Outbound-DCL Inbound,Union,55
10/18/2018 11:45,WS Outbound-DCL Inbound,Union,55
10/18/2018 11:45,WS Outbound-DCL Inbound,Union,55
10/18/2018 11:45,WS Outbound-DCL Inbound,Union,55
10/18/2018 11:45,WS Outbound-DCL Inbound,Union,55
10/18/2018 11:45,WS Outbound-DCL Inbound,Union,55
10/18/2018 11:45,WS Outbound-DCL Inbound,Union,55
10/18/2018 11:45,WS Outbound-DCL Inbound,Union,55
10/18/2018 11:45,WS Outbound-DCL Inbound,Union,55
10/18/2018 11:45,WS Outbound-DCL Inbound,Union,55
10/18/2018 11:45,WS Outbound-DCL Inbound,Union,55
10/18/2018 11:45,WS Outbound-DCL Inbound,Union,55
10/18/2018 11:45,WS Outbound-DCL Inbound,Union,55
10/18/2018 11:46,WS Outbound-DCL Inbound,Union,55
10/18/2018 11:48,WS Outbound-DCL Inbound,Physical Facilities,55
10/18/2018 12:12,WS Outbound-DCL Inbound,Leroy St and Front,55
10/18/2018 12:12,WS Outbound-DCL Inbound,Leroy St and Front,55
10/18/2018 12:12,WS Outbound-DCL Inbound,Leroy St and Front,55
10/18/2018 12:13,WS Outbound-DCL Inbound,Leroy St and Murray IB,55
10/18/2018 12:13,WS Outbound-DCL Inbound,Leroy St and Murray IB,55
10/18/2018 12:13,WS Outbound-DCL Inbound,Leroy St and Murray IB,55
10/18/2018 12:13,WS Outbound-DCL Inbound,Leroy St and Murray IB,55
10/18/2018 12:14,WS Outbound-DCL Inbound,Leroy St and Chestnut IB,55
10/18/2018 12:14,WS Outbound-DCL Inbound,Leroy St and Chestnut IB,55
10/18/2018 12:14,WS Outbound-DCL Inbound,Leroy St and Chestnut IB,55
10/18/2018 12:14,WS Outbound-DCL Inbound,Leroy St and Chestnut IB,55
10/18/2018 12:14,WS Outbound-DCL Inbound,Union,43
10/18/2018 12:15,WS Outbound-DCL Inbound,Union,43
10/18/2018 12:19,WS Outbound-DCL Inbound,Riverside and Columbus IB,55
10/18/2018 12:23,WS Outbound-DCL Inbound,UDC,21
10/18/2018 12:23,WS Outbound-DCL Inbound,UDC,21
10/18/2018 12:23,WS Outbound-DCL Inbound,UDC,21
10/18/2018 12:25,WS Outbound-DCL Inbound,UDC,21
10/18/2018 12:25,WS Outbound-DCL Inbound,UDC,21
10/18/2018 12:26,WS Outbound-DCL Inbound,UDC,21
10/18/2018 12:26,WS Outbound-DCL Inbound,Floral and Main OB,43
10/18/2018 12:26,WS Outbound-DCL Inbound,UDC,21
10/18/2018 12:28,WS Outbound-DCL Inbound,Main and Helen OB,43
10/18/2018 12:30,WS Outbound-DCL Inbound,Leroy St and Murray IB,21
10/18/2018 12:30,WS Outbound-DCL Inbound,Leroy St and Murray IB,21
10/18/2018 12:30,WS Outbound-DCL Inbound,Leroy St and Murray IB,21
10/18/2018 12:30,WS Outbound-DCL Inbound,Leroy St and Murray IB,21
10/18/2018 12:30,WS Outbound-DCL Inbound,Leroy St and Murray IB,21
10/18/2018 12:30,WS Outbound-DCL Inbound,Leroy St and Murray IB,21
10/18/2018 12:31,WS Outbound-DCL Inbound,Leroy St and Murray IB,21
10/18/2018 12:31,WS Outbound-DCL Inbound,Leroy St and Murray IB,21
10/18/2018 12:32,WS Outbound-DCL Inbound,Leroy St and Chestnut IB,21
10/18/2018 12:32,WS Outbound-DCL Inbound,Leroy St and Chestnut IB,21
10/18/2018 12:32,WS Outbound-DCL Inbound,Leroy St and Chestnut IB,21
10/18/2018 12:32,WS Outbound-DCL Inbound,Leroy St and Chestnut IB,21
10/18/2018 12:32,WS Outbound-DCL Inbound,Leroy St and Chestnut IB,21
10/18/2018 12:33,WS Outbound-DCL Inbound,Hawley OB,43
10/18/2018 12:35,WS Outbound-DCL Inbound,UDC,43
10/18/2018 12:37,WS Outbound-DCL Inbound,UDC,43
10/18/2018 12:37,WS Outbound-DCL Inbound,UDC,43
10/18/2018 12:37,WS Outbound-DCL Inbound,UDC,43
10/18/2018 12:38,WS Outbound-DCL Inbound,UDC,43
10/18/2018 12:38,WS Outbound-DCL Inbound,UDC,43
10/18/2018 12:39,WS Outbound-DCL Inbound,UDC,43
10/18/2018 12:39,WS Outbound-DCL Inbound,UDC,43
10/18/2018 12:40,WS Outbound-DCL Inbound,UDC,43
10/18/2018 12:40,WS Outbound-DCL Inbound,UDC,43
10/18/2018 12:43,WS Outbound-DCL Inbound,Leroy St and Front,43
10/18/2018 12:43,WS Outbound-DCL Inbound,Leroy St and Front,43
10/18/2018 12:43,WS Outbound-DCL Inbound,Leroy St and Front,43
10/18/2018 12:44,WS Outbound-DCL Inbound,Leroy St and Murray IB,43
10/18/2018 12:44,WS Outbound-DCL Inbound,Leroy St and Murray IB,43
10/18/2018 12:44,WS Outbound-DCL Inbound,Leroy St and Murray IB,43
10/18/2018 12:44,WS Outbound-DCL Inbound,Leroy St and Murray IB,43
10/18/2018 12:44,WS Outbound-DCL Inbound,Leroy St and Murray IB,43
10/18/2018 12:44,WS Outbound-DCL Inbound,Leroy St and Murray IB,43
10/18/2018 12:44,WS Outbound-DCL Inbound,Leroy St and Murray IB,43
10/18/2018 12:44,WS Outbound-DCL Inbound,Leroy St and Murray IB,43
10/18/2018 12:44,WS Outbound-DCL Inbound,Leroy St and Murray IB,43
10/18/2018 12:44,WS Outbound-DCL Inbound,Leroy St and Murray IB,43
10/18/2018 12:44,WS Outbound-DCL Inbound,Leroy St and Murray IB,43
10/18/2018 12:44,WS Outbound-DCL Inbound,Leroy St and Murray IB,43
10/18/2018 12:44,WS Outbound-DCL Inbound,Leroy St and Murray IB,43
10/18/2018 12:44,WS Outbound-DCL Inbound,Leroy St and Murray IB,43
10/18/2018 12:44,WS Outbound-DCL Inbound,Leroy St and Murray IB,43
10/18/2018 12:44,WS Outbound-DCL Inbound,Leroy St and Murray IB,43
10/18/2018 12:44,WS Outbound-DCL Inbound,Leroy St and Murray IB,43
10/18/2018 12:44,WS Outbound-DCL Inbound,Leroy St and Murray IB,43
10/18/2018 12:44,WS Outbound-DCL Inbound,Leroy St and Murray IB,43
10/18/2018 12:45,WS Outbound-DCL Inbound,Leroy St and Chestnut IB,43
10/18/2018 12:45,WS Outbound-DCL Inbound,Leroy St and Chestnut IB,43
10/18/2018 12:45,WS Outbound-DCL Inbound,Leroy St and Chestnut IB,43
10/18/2018 12:45,WS Outbound-DCL Inbound,Leroy St and Chestnut IB,43
10/18/2018 12:45,WS Outbound-DCL Inbound,Leroy St and Chestnut IB,43
10/18/2018 12:45,WS Outbound-DCL Inbound,Leroy St and Chestnut IB,43
10/18/2018 12:45,WS Outbound-DCL Inbound,Leroy St and Chestnut IB,43
10/18/2018 12:45,WS Outbound-DCL Inbound,Leroy St and Chestnut IB,43
10/18/2018 12:46,WS Outbound-DCL Inbound,Leroy St and Chestnut IB,43
10/18/2018 12:46,WS Outbound-DCL Inbound,Leroy St and Chestnut IB,43
10/18/2018 12:46,WS Outbound-DCL Inbound,Leroy St and Chestnut IB,43
10/18/2018 12:46,WS Outbound-DCL Inbound,Leroy St and Chestnut IB,43
10/18/2018 12:46,WS Outbound-DCL Inbound,Leroy St and Chestnut IB,43
10/18/2018 12:46,WS Outbound-DCL Inbound,Leroy St and Chestnut IB,43
10/18/2018 12:46,WS Outbound-DCL Inbound,Leroy St and Chestnut IB,43
10/18/2018 12:46,WS Outbound-DCL Inbound,Leroy St and Chestnut IB,43
10/18/2018 12:46,WS Outbound-DCL Inbound,Union,21
10/18/2018 12:46,WS Outbound-DCL Inbound,Union,21
10/18/2018 12:46,WS Outbound-DCL Inbound,Union,21
10/18/2018 12:46,WS Outbound-DCL Inbound,Union,21
10/18/2018 12:46,WS Outbound-DCL Inbound,Union,21
10/18/2018 12:47,WS Outbound-DCL Inbound,Union,21
10/18/2018 12:47,WS Outbound-DCL Inbound,Union,21
10/18/2018 12:47,WS Outbound-DCL Inbound,Leroy St and Laurel IB,43
10/18/2018 12:48,WS Outbound-DCL Inbound,Beethoven and Leroy,43
10/18/2018 12:52,WS Outbound-DCL Inbound,Floral and Harrison OB,890
10/18/2018 13:01,WS Outbound-DCL Inbound,Union,528
10/18/2018 13:01,WS Outbound-DCL Inbound,Union,528
10/18/2018 13:01,WS Outbound-DCL Inbound,Union,528
10/18/2018 13:01,WS Outbound-DCL Inbound,Union,528
10/18/2018 13:01,WS Outbound-DCL Inbound,Union,528
10/18/2018 13:01,WS Outbound-DCL Inbound,Union,528
10/18/2018 13:01,WS Outbound-DCL Inbound,Union,528
10/18/2018 13:01,WS Outbound-DCL Inbound,Union,528
10/18/2018 13:01,WS Outbound-DCL Inbound,Union,528
10/18/2018 13:01,WS Outbound-DCL Inbound,Union,528
10/18/2018 13:01,WS Outbound-DCL Inbound,Union,528
10/18/2018 13:01,WS Outbound-DCL Inbound,Union,528
10/18/2018 13:01,WS Outbound-DCL Inbound,Main and Arthur,890
10/18/2018 13:03,WS Outbound-DCL Inbound,Union,528
10/18/2018 13:04,WS Outbound-DCL Inbound,Union,528
10/18/2018 13:04,WS Outbound-DCL Inbound,Union,528
10/18/2018 13:07,WS Outbound-DCL Inbound,Physical Facilities,528
10/18/2018 13:07,WS Outbound-DCL Inbound,Physical Facilities,528
10/18/2018 13:09,WS Outbound-DCL Inbound,UDC,890
10/18/2018 13:10,WS Outbound-DCL Inbound,UDC,890
10/18/2018 13:13,WS Outbound-DCL Inbound,Union,55
10/18/2018 13:13,WS Outbound-DCL Inbound,Union,55
10/18/2018 13:13,WS Outbound-DCL Inbound,Union,55
10/18/2018 13:13,WS Outbound-DCL Inbound,Union,55
10/18/2018 13:13,WS Outbound-DCL Inbound,Leroy St and Front,890
10/18/2018 13:13,WS Outbound-DCL Inbound,Union,55
10/18/2018 13:13,WS Outbound-DCL Inbound,Union,55
10/18/2018 13:13,WS Outbound-DCL Inbound,Union,55
10/18/2018 13:13,WS Outbound-DCL Inbound,Union,55
10/18/2018 13:13,WS Outbound-DCL Inbound,Union,55
10/18/2018 13:13,WS Outbound-DCL Inbound,Union,55
10/18/2018 13:13,WS Outbound-DCL Inbound,Union,55
10/18/2018 13:13,WS Outbound-DCL Inbound,Union,55
10/18/2018 13:13,WS Outbound-DCL Inbound,Union,55
10/18/2018 13:13,WS Outbound-DCL Inbound,Union,55
10/18/2018 13:13,WS Outbound-DCL Inbound,Union,55
10/18/2018 13:13,WS Outbound-DCL Inbound,Union,55
10/18/2018 13:13,WS Outbound-DCL Inbound,Union,55
10/18/2018 13:13,WS Outbound-DCL Inbound,Union,55
10/18/2018 13:13,WS Outbound-DCL Inbound,Union,55
10/18/2018 13:14,WS Outbound-DCL Inbound,Union,55
10/18/2018 13:14,WS Outbound-DCL Inbound,Union,55
10/18/2018 13:14,WS Outbound-DCL Inbound,Union,55
10/18/2018 13:14,WS Outbound-DCL Inbound,Union,55
10/18/2018 13:14,WS Outbound-DCL Inbound,Union,55
10/18/2018 13:14,WS Outbound-DCL Inbound,Union,55
10/18/2018 13:14,WS Outbound-DCL Inbound,Union,55
10/18/2018 13:14,WS Outbound-DCL Inbound,Union,55
10/18/2018 13:14,WS Outbound-DCL Inbound,Union,55
10/18/2018 13:14,WS Outbound-DCL Inbound,Leroy St and Murray IB,890
10/18/2018 13:14,WS Outbound-DCL Inbound,Leroy St and Murray IB,890
10/18/2018 13:14,WS Outbound-DCL Inbound,Leroy St and Murray IB,890
10/18/2018 13:14,WS Outbound-DCL Inbound,Leroy St and Murray IB,890
10/18/2018 13:14,WS Outbound-DCL Inbound,Leroy St and Murray IB,890
10/18/2018 13:14,WS Outbound-DCL Inbound,Leroy St and Murray IB,890
10/18/2018 13:14,WS Outbound-DCL Inbound,Leroy St and Murray IB,890
10/18/2018 13:14,WS Outbound-DCL Inbound,Leroy St and Murray IB,890
10/18/2018 13:15,WS Outbound-DCL Inbound,Union,55
10/18/2018 13:15,WS Outbound-DCL Inbound,Union,55
10/18/2018 13:15,WS Outbound-DCL Inbound,Union,55
10/18/2018 13:15,WS Outbound-DCL Inbound,Union,55
10/18/2018 13:15,WS Outbound-DCL Inbound,Union,55
10/18/2018 13:16,WS Outbound-DCL Inbound,Leroy St and Chestnut IB,890
10/18/2018 13:16,WS Outbound-DCL Inbound,Leroy St and Chestnut IB,890
10/18/2018 13:16,WS Outbound-DCL Inbound,Leroy St and Chestnut IB,890
10/18/2018 13:16,WS Outbound-DCL Inbound,Leroy St and Chestnut IB,890
10/18/2018 13:16,WS Outbound-DCL Inbound,Leroy St and Chestnut IB,890
10/18/2018 13:16,WS Outbound-DCL Inbound,Leroy St and Chestnut IB,890
10/18/2018 13:17,WS Outbound-DCL Inbound,Main and Schiller OB,528
10/18/2018 13:19,WS Outbound-DCL Inbound,Main and Cedar OB,528
10/18/2018 13:26,WS Outbound-DCL Inbound,UDC,528
10/18/2018 13:31,WS Outbound-DCL Inbound,Leroy St and Murray IB,528
10/18/2018 13:32,WS Outbound-DCL Inbound,Main and Helen OB,55
10/18/2018 13:32,WS Outbound-DCL Inbound,Main and Helen OB,55
10/18/2018 13:32,WS Outbound-DCL Inbound,Leroy St and Chestnut IB,528
10/18/2018 13:32,WS Outbound-DCL Inbound,Leroy St and Chestnut IB,528
10/18/2018 13:32,WS Outbound-DCL Inbound,Leroy St and Chestnut IB,528
10/18/2018 13:32,WS Outbound-DCL Inbound,Leroy St and Chestnut IB,528
10/18/2018 13:34,WS Outbound-DCL Inbound,Main and Clarke OB,55
10/18/2018 13:36,WS Outbound-DCL Inbound,Main and Arthur,55
10/18/2018 13:41,WS Outbound-DCL Inbound,UDC,55
10/18/2018 13:41,WS Outbound-DCL Inbound,UDC,55
10/18/2018 13:41,WS Outbound-DCL Inbound,UDC,55
10/18/2018 13:41,WS Outbound-DCL Inbound,UDC,55
10/18/2018 13:41,WS Outbound-DCL Inbound,UDC,55
10/18/2018 13:41,WS Outbound-DCL Inbound,UDC,55
10/18/2018 13:43,WS Outbound-DCL Inbound,Leroy St and Front,55
10/18/2018 13:43,WS Outbound-DCL Inbound,Union,43
10/18/2018 13:43,WS Outbound-DCL Inbound,Union,43
10/18/2018 13:43,WS Outbound-DCL Inbound,Union,43
10/18/2018 13:43,WS Outbound-DCL Inbound,Union,43
10/18/2018 13:43,WS Outbound-DCL Inbound,Union,43
10/18/2018 13:43,WS Outbound-DCL Inbound,Union,43
10/18/2018 13:43,WS Outbound-DCL Inbound,Union,43
10/18/2018 13:43,WS Outbound-DCL Inbound,Union,43
10/18/2018 13:43,WS Outbound-DCL Inbound,Union,43
10/18/2018 13:44,WS Outbound-DCL Inbound,Union,43
10/18/2018 13:44,WS Outbound-DCL Inbound,Union,43
10/18/2018 13:44,WS Outbound-DCL Inbound,Union,43
10/18/2018 13:44,WS Outbound-DCL Inbound,Union,43
10/18/2018 13:44,WS Outbound-DCL Inbound,Union,43
10/18/2018 13:44,WS Outbound-DCL Inbound,Leroy St and Murray IB,55
10/18/2018 13:44,WS Outbound-DCL Inbound,Leroy St and Murray IB,55
10/18/2018 13:44,WS Outbound-DCL Inbound,Leroy St and Murray IB,55
10/18/2018 13:44,WS Outbound-DCL Inbound,Leroy St and Murray IB,55
10/18/2018 13:44,WS Outbound-DCL Inbound,Leroy St and Murray IB,55
10/18/2018 13:44,WS Outbound-DCL Inbound,Leroy St and Murray IB,55
10/18/2018 13:45,WS Outbound-DCL Inbound,Leroy St and Chestnut IB,55
10/18/2018 13:45,WS Outbound-DCL Inbound,Leroy St and Chestnut IB,55
10/18/2018 13:45,WS Outbound-DCL Inbound,Leroy St and Chestnut IB,55
10/18/2018 13:45,WS Outbound-DCL Inbound,Leroy St and Chestnut IB,55
10/18/2018 13:52,WS Outbound-DCL Inbound,Mohawk,890
10/18/2018 13:52,WS Outbound-DCL Inbound,Mohawk,890
10/18/2018 13:55,WS Outbound-DCL Inbound,Floral and Willow OB,43
10/18/2018 13:55,WS Outbound-DCL Inbound,Mohawk,890
10/18/2018 13:58,WS Outbound-DCL Inbound,Mohawk,890
10/18/2018 14:00,WS Outbound-DCL Inbound,Mohawk,890
10/18/2018 14:01,WS Outbound-DCL Inbound,Newing,890
10/18/2018 14:02,WS Outbound-DCL Inbound,Main and Cedar OB,43
10/18/2018 14:06,WS Outbound-DCL Inbound,UP,890
10/18/2018 14:06,WS Outbound-DCL Inbound,UP,890
10/18/2018 14:06,WS Outbound-DCL Inbound,UP,890
10/18/2018 14:06,WS Outbound-DCL Inbound,UP,890
10/18/2018 14:06,WS Outbound-DCL Inbound,UP,890
10/18/2018 14:06,WS Outbound-DCL Inbound,UP,890
10/18/2018 14:06,WS Outbound-DCL Inbound,UP,890
10/18/2018 14:06,WS Outbound-DCL Inbound,UP,890
10/18/2018 14:06,WS Outbound-DCL Inbound,UP,890
10/18/2018 14:06,WS Outbound-DCL Inbound,UP,890
10/18/2018 14:08,WS Outbound-DCL Inbound,Meadows OB,890
10/18/2018 14:08,WS Outbound-DCL Inbound,Meadows OB,890
10/18/2018 14:08,WS Outbound-DCL Inbound,Meadows OB,890
10/18/2018 14:08,WS Outbound-DCL Inbound,Meadows OB,890
10/18/2018 14:08,WS Outbound-DCL Inbound,Meadows OB,890
10/18/2018 14:08,WS Outbound-DCL Inbound,Meadows OB,890
10/18/2018 14:08,WS Outbound-DCL Inbound,Meadows OB,890
10/18/2018 14:08,WS Outbound-DCL Inbound,Meadows OB,890
10/18/2018 14:08,WS Outbound-DCL Inbound,Meadows OB,890
10/18/2018 14:09,WS Outbound-DCL Inbound,UDC IB,43
10/18/2018 14:12,WS Outbound-DCL Inbound,Union,890
10/18/2018 14:12,WS Outbound-DCL Inbound,Union,890
10/18/2018 14:12,WS Outbound-DCL Inbound,Union,890
10/18/2018 14:12,WS Outbound-DCL Inbound,Union,890
10/18/2018 14:12,WS Outbound-DCL Inbound,Union,890
10/18/2018 14:13,WS Outbound-DCL Inbound,Union,890
10/18/2018 14:13,WS Outbound-DCL Inbound,Union,890
10/18/2018 14:13,WS Outbound-DCL Inbound,Union,890
10/18/2018 14:13,WS Outbound-DCL Inbound,Leroy St and Front,43
10/18/2018 14:14,WS Outbound-DCL Inbound,Leroy St and Murray IB,43
10/18/2018 14:14,WS Outbound-DCL Inbound,Leroy St and Murray IB,43
10/18/2018 14:14,WS Outbound-DCL Inbound,Leroy St and Murray IB,43
10/18/2018 14:14,WS Outbound-DCL Inbound,Leroy St and Murray IB,43
10/18/2018 14:14,WS Outbound-DCL Inbound,Leroy St and Murray IB,43
10/18/2018 14:14,WS Outbound-DCL Inbound,Leroy St and Murray IB,43
10/18/2018 14:14,WS Outbound-DCL Inbound,Leroy St and Murray IB,43
10/18/2018 14:15,WS Outbound-DCL Inbound,Leroy St and Chestnut IB,43
10/18/2018 14:15,WS Outbound-DCL Inbound,Leroy St and Chestnut IB,43
10/18/2018 14:15,WS Outbound-DCL Inbound,Leroy St and Chestnut IB,43
10/18/2018 14:15,WS Outbound-DCL Inbound,Leroy St and Chestnut IB,43
10/18/2018 14:20,WS Outbound-DCL Inbound,Riverside and Margaret OB,43
10/18/2018 14:24,WS Outbound-DCL Inbound,Union,21
10/18/2018 14:25,WS Outbound-DCL Inbound,Union,21
10/18/2018 14:25,WS Outbound-DCL Inbound,Union,21
10/18/2018 14:26,WS Outbound-DCL Inbound,Union,21
10/18/2018 14:26,WS Outbound-DCL Inbound,Union,21
10/18/2018 14:26,WS Outbound-DCL Inbound,Union,21
10/18/2018 14:26,WS Outbound-DCL Inbound,Union,21
10/18/2018 14:27,WS Outbound-DCL Inbound,Union,21
10/18/2018 14:27,WS Outbound-DCL Inbound,Union,21
10/18/2018 14:27,WS Outbound-DCL Inbound,Union,21
10/18/2018 14:28,WS Outbound-DCL Inbound,Union,21
10/18/2018 14:28,WS Outbound-DCL Inbound,Union,21
10/18/2018 14:28,WS Outbound-DCL Inbound,Union,21
10/18/2018 14:28,WS Outbound-DCL Inbound,Union,21
10/18/2018 14:29,WS Outbound-DCL Inbound,Union,21
10/18/2018 14:32,WS Outbound-DCL Inbound,Physical Facilities OB,21
10/18/2018 14:39,WS Outbound-DCL Inbound,Floral and Ackley,21
10/18/2018 14:42,WS Outbound-DCL Inbound,Union,528
10/18/2018 14:42,WS Outbound-DCL Inbound,Union,528
10/18/2018 14:42,WS Outbound-DCL Inbound,Union,528
10/18/2018 14:42,WS Outbound-DCL Inbound,Union,528
10/18/2018 14:42,WS Outbound-DCL Inbound,Union,528
10/18/2018 14:42,WS Outbound-DCL Inbound,Union,528
10/18/2018 14:42,WS Outbound-DCL Inbound,Union,528
10/18/2018 14:42,WS Outbound-DCL Inbound,Union,528
10/18/2018 14:42,WS Outbound-DCL Inbound,Union,528
10/18/2018 14:42,WS Outbound-DCL Inbound,Union,528
10/18/2018 14:42,WS Outbound-DCL Inbound,Union,528
10/18/2018 14:42,WS Outbound-DCL Inbound,Union,528
10/18/2018 14:42,WS Outbound-DCL Inbound,Union,528
10/18/2018 14:42,WS Outbound-DCL Inbound,Union,528
10/18/2018 14:42,WS Outbound-DCL Inbound,Union,528
10/18/2018 14:42,WS Outbound-DCL Inbound,Union,528
10/18/2018 14:42,WS Outbound-DCL Inbound,Union,528
10/18/2018 14:42,WS Outbound-DCL Inbound,Union,528
10/18/2018 14:42,WS Outbound-DCL Inbound,Union,528
10/18/2018 14:43,WS Outbound-DCL Inbound,Union,528
10/18/2018 14:43,WS Outbound-DCL Inbound,Union,528
10/18/2018 14:43,WS Outbound-DCL Inbound,Union,528
10/18/2018 14:43,WS Outbound-DCL Inbound,Union,528
10/18/2018 14:43,WS Outbound-DCL Inbound,Union,528
10/18/2018 14:43,WS Outbound-DCL Inbound,Union,528
10/18/2018 14:43,WS Outbound-DCL Inbound,Union,528
10/18/2018 14:43,WS Outbound-DCL Inbound,Union,528
10/18/2018 14:43,WS Outbound-DCL Inbound,Union,528
10/18/2018 14:43,WS Outbound-DCL Inbound,Union,528
10/18/2018 14:43,WS Outbound-DCL Inbound,Union,528
10/18/2018 14:43,WS Outbound-DCL Inbound,Union,528
10/18/2018 14:43,WS Outbound-DCL Inbound,Union,528
10/18/2018 14:44,WS Outbound-DCL Inbound,Union,528
10/18/2018 14:44,WS Outbound-DCL Inbound,Union,528
10/18/2018 14:44,WS Outbound-DCL Inbound,Union,528
10/18/2018 14:44,WS Outbound-DCL Inbound,Union,528
10/18/2018 14:44,WS Outbound-DCL Inbound,Union,528
10/18/2018 14:44,WS Outbound-DCL Inbound,Union,528
10/18/2018 14:44,WS Outbound-DCL Inbound,Union,528
10/18/2018 14:44,WS Outbound-DCL Inbound,Union,528
10/18/2018 14:44,WS Outbound-DCL Inbound,Union,528
10/18/2018 14:44,WS Outbound-DCL Inbound,Union,528
10/18/2018 14:44,WS Outbound-DCL Inbound,Union,528
10/18/2018 14:44,WS Outbound-DCL Inbound,Union,528
10/18/2018 14:44,WS Outbound-DCL Inbound,Union,528
10/18/2018 14:45,WS Outbound-DCL Inbound,Main and Schiller OB,21
10/18/2018 14:45,WS Outbound-DCL Inbound,Engineering Bldg,528
10/18/2018 14:45,WS Outbound-DCL Inbound,Engineering Bldg,528
10/18/2018 14:46,WS Outbound-DCL Inbound,Main and Schiller OB,21
10/18/2018 14:46,WS Outbound-DCL Inbound,Main and Clarke OB,21
10/18/2018 14:48,WS Outbound-DCL Inbound,Physical Facilities,528
10/18/2018 14:53,WS Outbound-DCL Inbound,UDC,21
10/18/2018 14:53,WS Outbound-DCL Inbound,UDC,21
10/18/2018 14:53,WS Outbound-DCL Inbound,UDC,21
10/18/2018 14:54,WS Outbound-DCL Inbound,UDC,21
10/18/2018 14:55,WS Outbound-DCL Inbound,UDC,21
10/18/2018 14:55,WS Outbound-DCL Inbound,Floral and Willow IB,528
10/18/2018 14:55,WS Outbound-DCL Inbound,Floral and Willow IB,528
10/18/2018 14:55,WS Outbound-DCL Inbound,Floral and Willow IB,528
10/18/2018 14:56,WS Outbound-DCL Inbound,Floral and Burbank OB,528
10/18/2018 14:59,WS Outbound-DCL Inbound,Leroy St and Front,21
10/18/2018 15:00,WS Outbound-DCL Inbound,Leroy St and Murray IB,21
10/18/2018 15:01,WS Outbound-DCL Inbound,Leroy St and Chestnut IB,21
10/18/2018 15:01,WS Outbound-DCL Inbound,Leroy St and Chestnut IB,21
10/18/2018 15:01,WS Outbound-DCL Inbound,Leroy St and Chestnut IB,21
10/18/2018 15:01,WS Outbound-DCL Inbound,Leroy St and Chestnut IB,21
10/18/2018 15:10,WS Outbound-DCL Inbound,UDC,528
10/18/2018 15:13,WS Outbound-DCL Inbound,Union,43
10/18/2018 15:13,WS Outbound-DCL Inbound,Union,43
10/18/2018 15:13,WS Outbound-DCL Inbound,Union,43
10/18/2018 15:13,WS Outbound-DCL Inbound,Union,43
10/18/2018 15:13,WS Outbound-DCL Inbound,Union,43
10/18/2018 15:13,WS Outbound-DCL Inbound,Union,43
10/18/2018 15:14,WS Outbound-DCL Inbound,Union,21
10/18/2018 15:14,WS Outbound-DCL Inbound,Union,43
10/18/2018 15:14,WS Outbound-DCL Inbound,Union,43
10/18/2018 15:14,WS Outbound-DCL Inbound,Union,21
10/18/2018 15:14,WS Outbound-DCL Inbound,Union,21
10/18/2018 15:14,WS Outbound-DCL Inbound,Union,43
10/18/2018 15:14,WS Outbound-DCL Inbound,Union,21
10/18/2018 15:14,WS Outbound-DCL Inbound,Union,21
10/18/2018 15:14,WS Outbound-DCL Inbound,Union,43
10/18/2018 15:14,WS Outbound-DCL Inbound,Union,21
10/18/2018 15:14,WS Outbound-DCL Inbound,Union,21
10/18/2018 15:14,WS Outbound-DCL Inbound,Union,43
10/18/2018 15:14,WS Outbound-DCL Inbound,Union,43
10/18/2018 15:14,WS Outbound-DCL Inbound,Union,43
10/18/2018 15:14,WS Outbound-DCL Inbound,Union,43
10/18/2018 15:14,WS Outbound-DCL Inbound,Union,21
10/18/2018 15:14,WS Outbound-DCL Inbound,Union,21
10/18/2018 15:14,WS Outbound-DCL Inbound,Union,43
10/18/2018 15:14,WS Outbound-DCL Inbound,Union,21
10/18/2018 15:14,WS Outbound-DCL Inbound,Union,43
10/18/2018 15:14,WS Outbound-DCL Inbound,Union,21
10/18/2018 15:14,WS Outbound-DCL Inbound,Union,21
10/18/2018 15:14,WS Outbound-DCL Inbound,Union,21
10/18/2018 15:14,WS Outbound-DCL Inbound,Union,43
10/18/2018 15:14,WS Outbound-DCL Inbound,Union,21
10/18/2018 15:14,WS Outbound-DCL Inbound,Union,43
10/18/2018 15:14,WS Outbound-DCL Inbound,Union,43
10/18/2018 15:14,WS Outbound-DCL Inbound,Union,43
10/18/2018 15:14,WS Outbound-DCL Inbound,Union,43
10/18/2018 15:14,WS Outbound-DCL Inbound,Union,43
10/18/2018 15:14,WS Outbound-DCL Inbound,Union,43
10/18/2018 15:14,WS Outbound-DCL Inbound,Union,43
10/18/2018 15:14,WS Outbound-DCL Inbound,Leroy St and Murray IB,528
10/18/2018 15:14,WS Outbound-DCL Inbound,Leroy St and Murray IB,528
10/18/2018 15:14,WS Outbound-DCL Inbound,Union,43
10/18/2018 15:14,WS Outbound-DCL Inbound,Union,43
10/18/2018 15:14,WS Outbound-DCL Inbound,Leroy St and Murray IB,528
10/18/2018 15:14,WS Outbound-DCL Inbound,Union,43
10/18/2018 15:14,WS Outbound-DCL Inbound,Union,43
10/18/2018 15:15,WS Outbound-DCL Inbound,Leroy St and Chestnut IB,528
10/18/2018 15:15,WS Outbound-DCL Inbound,Leroy St and Chestnut IB,528
10/18/2018 15:17,WS Outbound-DCL Inbound,Riverside and Beethoven,528
10/18/2018 15:30,WS Outbound-DCL Inbound,Union,55
10/18/2018 15:30,WS Outbound-DCL Inbound,Union,55
10/18/2018 15:30,WS Outbound-DCL Inbound,Union,55
10/18/2018 15:30,WS Outbound-DCL Inbound,Union,55
10/18/2018 15:30,WS Outbound-DCL Inbound,Union,55
10/18/2018 15:30,WS Outbound-DCL Inbound,Union,55
10/18/2018 15:30,WS Outbound-DCL Inbound,Union,55
10/18/2018 15:31,WS Outbound-DCL Inbound,Union,55
10/18/2018 15:31,WS Outbound-DCL Inbound,Union,55
10/18/2018 15:31,WS Outbound-DCL Inbound,Union,55
10/18/2018 15:31,WS Outbound-DCL Inbound,Union,55
10/18/2018 15:31,WS Outbound-DCL Inbound,Union,55
10/18/2018 15:31,WS Outbound-DCL Inbound,Union,55
10/18/2018 15:31,WS Outbound-DCL Inbound,Union,55
10/18/2018 15:31,WS Outbound-DCL Inbound,Union,55
10/18/2018 15:31,WS Outbound-DCL Inbound,Union,55
10/18/2018 15:31,WS Outbound-DCL Inbound,Union,55
10/18/2018 15:31,WS Outbound-DCL Inbound,Union,55
10/18/2018 15:31,WS Outbound-DCL Inbound,Union,55
10/18/2018 15:31,WS Outbound-DCL Inbound,Union,55
10/18/2018 15:31,WS Outbound-DCL Inbound,Union,55
10/18/2018 15:33,WS Outbound-DCL Inbound,Physical Facilities,55
10/18/2018 15:37,WS Outbound-DCL Inbound,UDC,43
10/18/2018 15:37,WS Outbound-DCL Inbound,UDC,43
10/18/2018 15:43,WS Outbound-DCL Inbound,Leroy St and Front,43
10/18/2018 15:43,WS Outbound-DCL Inbound,Leroy St and Front,43
10/18/2018 15:43,WS Outbound-DCL Inbound,Leroy St and Front,43
10/18/2018 15:44,WS Outbound-DCL Inbound,Leroy St and Murray IB,43
10/18/2018 15:44,WS Outbound-DCL Inbound,Leroy St and Murray IB,43
10/18/2018 15:45,WS Outbound-DCL Inbound,Main and Helen OB,55
10/18/2018 15:45,WS Outbound-DCL Inbound,Leroy St and Chestnut IB,43
10/18/2018 15:45,WS Outbound-DCL Inbound,Leroy St and Chestnut IB,43
10/18/2018 15:45,WS Outbound-DCL Inbound,Leroy St and Chestnut IB,43
10/18/2018 15:45,WS Outbound-DCL Inbound,Leroy St and Chestnut IB,43
10/18/2018 15:45,WS Outbound-DCL Inbound,Leroy St and Chestnut IB,43
10/18/2018 15:45,WS Outbound-DCL Inbound,Leroy St and Chestnut IB,43
10/18/2018 15:45,WS Outbound-DCL Inbound,Leroy St and Chestnut IB,43
10/18/2018 15:48,WS Outbound-DCL Inbound,Riverside and Beethoven,43
10/18/2018 15:50,WS Outbound-DCL Inbound,Main and Arthur,55
10/18/2018 15:50,WS Outbound-DCL Inbound,Main and Arthur,55
10/18/2018 15:50,WS Outbound-DCL Inbound,Main and Arthur,55
10/18/2018 15:50,WS Outbound-DCL Inbound,Riverside and Margaret OB,43
10/18/2018 15:50,WS Outbound-DCL Inbound,Riverside and Margaret OB,43
10/18/2018 15:51,WS Outbound-DCL Inbound,Main and Murray OB,55
10/18/2018 15:56,WS Outbound-DCL Inbound,UDC,55
10/18/2018 15:56,WS Outbound-DCL Inbound,UDC,55
10/18/2018 15:56,WS Outbound-DCL Inbound,UDC,55
10/18/2018 15:56,WS Outbound-DCL Inbound,UDC,55
10/18/2018 15:56,WS Outbound-DCL Inbound,UDC,55
10/18/2018 15:56,WS Outbound-DCL Inbound,UDC,55
10/18/2018 15:56,WS Outbound-DCL Inbound,UDC,55
10/18/2018 15:56,WS Outbound-DCL Inbound,UDC,55
10/18/2018 15:59,WS Outbound-DCL Inbound,Union,43
10/18/2018 15:59,WS Outbound-DCL Inbound,Union,43
10/18/2018 15:59,WS Outbound-DCL Inbound,Union,43
10/18/2018 15:59,WS Outbound-DCL Inbound,Union,43
10/18/2018 15:59,WS Outbound-DCL Inbound,Union,43
10/18/2018 16:00,WS Outbound-DCL Inbound,Union,43
10/18/2018 16:00,WS Outbound-DCL Inbound,Union,43
10/18/2018 16:00,WS Outbound-DCL Inbound,Leroy St and Front,55
10/18/2018 16:00,WS Outbound-DCL Inbound,Union,43
10/18/2018 16:00,WS Outbound-DCL Inbound,Leroy St and Front,55
10/18/2018 16:00,WS Outbound-DCL Inbound,Union,43
10/18/2018 16:00,WS Outbound-DCL Inbound,Union,528
10/18/2018 16:00,WS Outbound-DCL Inbound,Union,528
10/18/2018 16:00,WS Outbound-DCL Inbound,Union,528
10/18/2018 16:00,WS Outbound-DCL Inbound,Union,528
10/18/2018 16:00,WS Outbound-DCL Inbound,Union,528
10/18/2018 16:00,WS Outbound-DCL Inbound,Union,528
10/18/2018 16:00,WS Outbound-DCL Inbound,Union,528
10/18/2018 16:00,WS Outbound-DCL Inbound,Union,528
10/18/2018 16:00,WS Outbound-DCL Inbound,Union,528
10/18/2018 16:00,WS Outbound-DCL Inbound,Union,528
10/18/2018 16:01,WS Outbound-DCL Inbound,Union,528
10/18/2018 16:01,WS Outbound-DCL Inbound,Union,528
10/18/2018 16:01,WS Outbound-DCL Inbound,Union,528
10/18/2018 16:01,WS Outbound-DCL Inbound,Union,528
10/18/2018 16:01,WS Outbound-DCL Inbound,Union,528
10/18/2018 16:01,WS Outbound-DCL Inbound,Union,528
10/18/2018 16:01,WS Outbound-DCL Inbound,Union,528
10/18/2018 16:01,WS Outbound-DCL Inbound,Union,528
10/18/2018 16:01,WS Outbound-DCL Inbound,Leroy St and Murray IB,55
10/18/2018 16:01,WS Outbound-DCL Inbound,Union,528
10/18/2018 16:01,WS Outbound-DCL Inbound,Leroy St and Murray IB,55
10/18/2018 16:01,WS Outbound-DCL Inbound,Leroy St and Murray IB,55
10/18/2018 16:01,WS Outbound-DCL Inbound,Union,528
10/18/2018 16:01,WS Outbound-DCL Inbound,Union,528
10/18/2018 16:01,WS Outbound-DCL Inbound,Leroy St and Murray IB,55
10/18/2018 16:01,WS Outbound-DCL Inbound,Leroy St and Murray IB,55
10/18/2018 16:01,WS Outbound-DCL Inbound,Leroy St and Murray IB,55
10/18/2018 16:01,WS Outbound-DCL Inbound,Union,528
10/18/2018 16:01,WS Outbound-DCL Inbound,Leroy St and Murray IB,55
10/18/2018 16:01,WS Outbound-DCL Inbound,Union,528
10/18/2018 16:01,WS Outbound-DCL Inbound,Union,528
10/18/2018 16:01,WS Outbound-DCL Inbound,Leroy St and Murray IB,55
10/18/2018 16:01,WS Outbound-DCL Inbound,Leroy St and Murray IB,55
10/18/2018 16:01,WS Outbound-DCL Inbound,Union,528
10/18/2018 16:01,WS Outbound-DCL Inbound,Union,528
10/18/2018 16:01,WS Outbound-DCL Inbound,Leroy St and Murray IB,55
10/18/2018 16:01,WS Outbound-DCL Inbound,Union,528
10/18/2018 16:01,WS Outbound-DCL Inbound,Leroy St and Murray IB,55
10/18/2018 16:01,WS Outbound-DCL Inbound,Leroy St and Murray IB,55
10/18/2018 16:01,WS Outbound-DCL Inbound,Union,528
10/18/2018 16:01,WS Outbound-DCL Inbound,Union,528
10/18/2018 16:01,WS Outbound-DCL Inbound,Union,528
10/18/2018 16:01,WS Outbound-DCL Inbound,Union,528
10/18/2018 16:02,WS Outbound-DCL Inbound,Leroy St and Chestnut IB,55
10/18/2018 16:02,WS Outbound-DCL Inbound,Leroy St and Chestnut IB,55
10/18/2018 16:02,WS Outbound-DCL Inbound,Leroy St and Chestnut IB,55
10/18/2018 16:02,WS Outbound-DCL Inbound,Leroy St and Chestnut IB,55
10/18/2018 16:02,WS Outbound-DCL Inbound,Leroy St and Chestnut IB,55
10/18/2018 16:02,WS Outbound-DCL Inbound,Leroy St and Chestnut IB,55
10/18/2018 16:02,WS Outbound-DCL Inbound,Leroy St and Chestnut IB,55
10/18/2018 16:02,WS Outbound-DCL Inbound,Leroy St and Chestnut IB,55
10/18/2018 16:02,WS Outbound-DCL Inbound,Leroy St and Chestnut IB,55
10/18/2018 16:02,WS Outbound-DCL Inbound,Leroy St and Chestnut IB,55
10/18/2018 16:02,WS Outbound-DCL Inbound,Leroy St and Chestnut IB,55
10/18/2018 16:06,WS Outbound-DCL Inbound,Riverside and Margaret OB,55
10/18/2018 16:21,WS Outbound-DCL Inbound,Union,37
10/18/2018 16:21,WS Outbound-DCL Inbound,Union,37
10/18/2018 16:21,WS Outbound-DCL Inbound,Union,37
10/18/2018 16:21,WS Outbound-DCL Inbound,Union,37
10/18/2018 16:21,WS Outbound-DCL Inbound,Union,37
10/18/2018 16:21,WS Outbound-DCL Inbound,Union,37
10/18/2018 16:21,WS Outbound-DCL Inbound,Union,37
10/18/2018 16:21,WS Outbound-DCL Inbound,Union,37
10/18/2018 16:21,WS Outbound-DCL Inbound,Union,37
10/18/2018 16:21,WS Outbound-DCL Inbound,Union,37
10/18/2018 16:21,WS Outbound-DCL Inbound,Union,37
10/18/2018 16:21,WS Outbound-DCL Inbound,Union,37
10/18/2018 16:21,WS Outbound-DCL Inbound,Union,37
10/18/2018 16:21,WS Outbound-DCL Inbound,Union,37
10/18/2018 16:22,WS Outbound-DCL Inbound,Union,37
10/18/2018 16:22,WS Outbound-DCL Inbound,Union,37
10/18/2018 16:22,WS Outbound-DCL Inbound,Union,37
10/18/2018 16:22,WS Outbound-DCL Inbound,Union,37
10/18/2018 16:22,WS Outbound-DCL Inbound,Union,37
10/18/2018 16:22,WS Outbound-DCL Inbound,Union,37
10/18/2018 16:22,WS Outbound-DCL Inbound,Union,37
10/18/2018 16:22,WS Outbound-DCL Inbound,Union,37
10/18/2018 16:22,WS Outbound-DCL Inbound,Union,37
10/18/2018 16:22,WS Outbound-DCL Inbound,Union,37
10/18/2018 16:22,WS Outbound-DCL Inbound,Union,37
10/18/2018 16:22,WS Outbound-DCL Inbound,Union,37
10/18/2018 16:22,WS Outbound-DCL Inbound,Union,37
10/18/2018 16:22,WS Outbound-DCL Inbound,Union,37
10/18/2018 16:22,WS Outbound-DCL Inbound,Union,37
10/18/2018 16:22,WS Outbound-DCL Inbound,Union,37
10/18/2018 16:22,WS Outbound-DCL Inbound,Union,37
10/18/2018 16:22,WS Outbound-DCL Inbound,Union,37
10/18/2018 16:22,WS Outbound-DCL Inbound,Union,37
10/18/2018 16:22,WS Outbound-DCL Inbound,Union,37
10/18/2018 16:22,WS Outbound-DCL Inbound,Union,37
10/18/2018 16:22,WS Outbound-DCL Inbound,Union,37
10/18/2018 16:22,WS Outbound-DCL Inbound,Union,37
10/18/2018 16:22,WS Outbound-DCL Inbound,Union,37
10/18/2018 16:22,WS Outbound-DCL Inbound,Union,37
10/18/2018 16:22,WS Outbound-DCL Inbound,Union,37
10/18/2018 16:23,WS Outbound-DCL Inbound,Union,37
10/18/2018 16:23,WS Outbound-DCL Inbound,Union,37
10/18/2018 16:23,WS Outbound-DCL Inbound,Union,37
10/18/2018 16:23,WS Outbound-DCL Inbound,UDC,528
10/18/2018 16:23,WS Outbound-DCL Inbound,UDC,528
10/18/2018 16:23,WS Outbound-DCL Inbound,UDC,528
10/18/2018 16:23,WS Outbound-DCL Inbound,Union,37
10/18/2018 16:23,WS Outbound-DCL Inbound,Union,37
10/18/2018 16:24,WS Outbound-DCL Inbound,Union,37
10/18/2018 16:27,WS Outbound-DCL Inbound,Union,43
10/18/2018 16:27,WS Outbound-DCL Inbound,Union,43
10/18/2018 16:27,WS Outbound-DCL Inbound,Union,43
10/18/2018 16:27,WS Outbound-DCL Inbound,Union,43
10/18/2018 16:28,WS Outbound-DCL Inbound,Union,43
10/18/2018 16:28,WS Outbound-DCL Inbound,Union,43
10/18/2018 16:28,WS Outbound-DCL Inbound,Union,43
10/18/2018 16:28,WS Outbound-DCL Inbound,Union,43
10/18/2018 16:28,WS Outbound-DCL Inbound,Union,43
10/18/2018 16:28,WS Outbound-DCL Inbound,Union,43
10/18/2018 16:28,WS Outbound-DCL Inbound,Union,43
10/18/2018 16:28,WS Outbound-DCL Inbound,Union,43
10/18/2018 16:28,WS Outbound-DCL Inbound,Union,43
10/18/2018 16:28,WS Outbound-DCL Inbound,Union,43
10/18/2018 16:28,WS Outbound-DCL Inbound,Union,43
10/18/2018 16:28,WS Outbound-DCL Inbound,Union,43
10/18/2018 16:28,WS Outbound-DCL Inbound,Union,43
10/18/2018 16:28,WS Outbound-DCL Inbound,Union,43
10/18/2018 16:28,WS Outbound-DCL Inbound,Union,43
10/18/2018 16:28,WS Outbound-DCL Inbound,Union,43
10/18/2018 16:29,WS Outbound-DCL Inbound,Union,43
10/18/2018 16:29,WS Outbound-DCL Inbound,Union,43
10/18/2018 16:29,WS Outbound-DCL Inbound,Union,43
10/18/2018 16:29,WS Outbound-DCL Inbound,Union,43
10/18/2018 16:29,WS Outbound-DCL Inbound,Union,43
10/18/2018 16:29,WS Outbound-DCL Inbound,Riverside and Beethoven,528
10/18/2018 16:29,WS Outbound-DCL Inbound,Union,43
10/18/2018 16:29,WS Outbound-DCL Inbound,Union,43
10/18/2018 16:29,WS Outbound-DCL Inbound,Union,43
10/18/2018 16:30,WS Outbound-DCL Inbound,Union,43
10/18/2018 16:30,WS Outbound-DCL Inbound,Union,43
10/18/2018 16:33,WS Outbound-DCL Inbound,Physical Facilities OB,43
10/18/2018 16:33,WS Outbound-DCL Inbound,Physical Facilities OB,43
10/18/2018 16:33,WS Outbound-DCL Inbound,Physical Facilities OB,43
10/18/2018 16:33,WS Outbound-DCL Inbound,Physical Facilities OB,43
10/18/2018 16:44,WS Outbound-DCL Inbound,Union,21
10/18/2018 16:44,WS Outbound-DCL Inbound,Union,21
10/18/2018 16:44,WS Outbound-DCL Inbound,Union,21
10/18/2018 16:44,WS Outbound-DCL Inbound,Union,21
10/18/2018 16:44,WS Outbound-DCL Inbound,Union,21
10/18/2018 16:44,WS Outbound-DCL Inbound,Union,21
10/18/2018 16:44,WS Outbound-DCL Inbound,Union,21
10/18/2018 16:44,WS Outbound-DCL Inbound,Union,21
10/18/2018 16:44,WS Outbound-DCL Inbound,Union,21
10/18/2018 16:44,WS Outbound-DCL Inbound,Union,21
10/18/2018 16:44,WS Outbound-DCL Inbound,Union,21
10/18/2018 16:44,WS Outbound-DCL Inbound,Union,21
10/18/2018 16:44,WS Outbound-DCL Inbound,Union,21
10/18/2018 16:44,WS Outbound-DCL Inbound,Union,21
10/18/2018 16:44,WS Outbound-DCL Inbound,Union,21
10/18/2018 16:44,WS Outbound-DCL Inbound,Union,21
10/18/2018 16:44,WS Outbound-DCL Inbound,Union,21
10/18/2018 16:44,WS Outbound-DCL Inbound,Union,21
10/18/2018 16:44,WS Outbound-DCL Inbound,Union,21
10/18/2018 16:44,WS Outbound-DCL Inbound,Union,21
10/18/2018 16:45,WS Outbound-DCL Inbound,Union,21
10/18/2018 16:45,WS Outbound-DCL Inbound,Union,21
10/18/2018 16:45,WS Outbound-DCL Inbound,Union,21
10/18/2018 16:45,WS Outbound-DCL Inbound,Union,21
10/18/2018 16:45,WS Outbound-DCL Inbound,Union,21
10/18/2018 16:45,WS Outbound-DCL Inbound,Union,21
10/18/2018 16:45,WS Outbound-DCL Inbound,Union,21
10/18/2018 16:45,WS Outbound-DCL Inbound,Union,21
10/18/2018 16:45,WS Outbound-DCL Inbound,Union,21
10/18/2018 16:45,WS Outbound-DCL Inbound,Union,21
10/18/2018 16:45,WS Outbound-DCL Inbound,Union,21
10/18/2018 16:45,WS Outbound-DCL Inbound,Union,21
10/18/2018 16:46,WS Outbound-DCL Inbound,Union,21
10/18/2018 16:49,WS Outbound-DCL Inbound,UDC,37
10/18/2018 16:49,WS Outbound-DCL Inbound,UDC,37
10/18/2018 16:49,WS Outbound-DCL Inbound,UDC,37
10/18/2018 16:49,WS Outbound-DCL Inbound,UDC,37
10/18/2018 16:49,WS Outbound-DCL Inbound,UDC,37
10/18/2018 16:49,WS Outbound-DCL Inbound,UDC,37
10/18/2018 16:53,WS Outbound-DCL Inbound,Union,526
10/18/2018 16:53,WS Outbound-DCL Inbound,Leroy St and Murray OB,37
10/18/2018 16:53,WS Outbound-DCL Inbound,Union,526
10/18/2018 16:53,WS Outbound-DCL Inbound,Leroy St and Murray OB,37
10/18/2018 16:53,WS Outbound-DCL Inbound,Leroy St and Murray OB,37
10/18/2018 16:53,WS Outbound-DCL Inbound,Union,526
10/18/2018 16:53,WS Outbound-DCL Inbound,Leroy St and Murray OB,37
10/18/2018 16:53,WS Outbound-DCL Inbound,Union,526
10/18/2018 16:53,WS Outbound-DCL Inbound,Leroy St and Murray OB,37
10/18/2018 16:53,WS Outbound-DCL Inbound,Union,526
10/18/2018 16:53,WS Outbound-DCL Inbound,Leroy St and Murray OB,37
10/18/2018 16:53,WS Outbound-DCL Inbound,Union,526
10/18/2018 16:53,WS Outbound-DCL Inbound,Union,526
10/18/2018 16:53,WS Outbound-DCL Inbound,Union,526
10/18/2018 16:54,WS Outbound-DCL Inbound,Union,526
10/18/2018 16:54,WS Outbound-DCL Inbound,Union,526
10/18/2018 16:54,WS Outbound-DCL Inbound,Leroy St and Chestnut IB,37
10/18/2018 16:54,WS Outbound-DCL Inbound,Leroy St and Chestnut IB,37
10/18/2018 16:54,WS Outbound-DCL Inbound,Union,526
10/18/2018 16:55,WS Outbound-DCL Inbound,Union,526
10/18/2018 16:56,WS Outbound-DCL Inbound,Union,526
10/18/2018 16:56,WS Outbound-DCL Inbound,Union,526
10/18/2018 16:56,WS Outbound-DCL Inbound,Union,526
10/18/2018 16:56,WS Outbound-DCL Inbound,Union,526
10/18/2018 16:56,WS Outbound-DCL Inbound,Union,526
10/18/2018 16:56,WS Outbound-DCL Inbound,Union,526
10/18/2018 16:56,WS Outbound-DCL Inbound,Union,526
10/18/2018 16:57,WS Outbound-DCL Inbound,Union,526
10/18/2018 16:57,WS Outbound-DCL Inbound,Floral and Burbank OB,21
10/18/2018 16:57,WS Outbound-DCL Inbound,Floral and Burbank OB,21
10/18/2018 16:57,WS Outbound-DCL Inbound,Floral and Burbank OB,21
10/18/2018 16:58,WS Outbound-DCL Inbound,Union,526
10/18/2018 16:58,WS Outbound-DCL Inbound,Floral and Cleveland OB,21
10/18/2018 16:59,WS Outbound-DCL Inbound,Union,526
10/18/2018 16:59,WS Outbound-DCL Inbound,Union,526
10/18/2018 16:59,WS Outbound-DCL Inbound,Floral and Main OB,21
10/18/2018 16:59,WS Outbound-DCL Inbound,Union,526
10/18/2018 17:00,WS Outbound-DCL Inbound,Union,526
10/18/2018 17:00,WS Outbound-DCL Inbound,Union,526
10/18/2018 17:01,WS Outbound-DCL Inbound,Union,526
10/18/2018 17:01,WS Outbound-DCL Inbound,Union,526
10/18/2018 17:02,WS Outbound-DCL Inbound,Union,526
10/18/2018 17:03,WS Outbound-DCL Inbound,Union,526
10/18/2018 17:03,WS Outbound-DCL Inbound,Union,526
10/18/2018 17:06,WS Outbound-DCL Inbound,Physical Facilities,526
10/18/2018 17:08,WS Outbound-DCL Inbound,Main and Murray OB,21
10/18/2018 17:08,WS Outbound-DCL Inbound,Main and Murray OB,21
10/18/2018 17:08,WS Outbound-DCL Inbound,Main and Murray OB,21
10/18/2018 17:13,WS Outbound-DCL Inbound,UDC,21
10/18/2018 17:13,WS Outbound-DCL Inbound,UDC,21
10/18/2018 17:13,WS Outbound-DCL Inbound,UDC,21
10/18/2018 17:13,WS Outbound-DCL Inbound,UDC,21
10/18/2018 17:13,WS Outbound-DCL Inbound,UDC,21
10/18/2018 17:15,WS Outbound-DCL Inbound,Floral and Cleveland OB,526
10/18/2018 17:16,WS Outbound-DCL Inbound,Leroy St and Front,21
10/18/2018 17:17,WS Outbound-DCL Inbound,Leroy St and Murray IB,21
10/18/2018 17:17,WS Outbound-DCL Inbound,Leroy St and Murray IB,21
10/18/2018 17:17,WS Outbound-DCL Inbound,Leroy St and Murray IB,21
10/18/2018 17:18,WS Outbound-DCL Inbound,Leroy St and Chestnut IB,21
10/18/2018 17:18,WS Outbound-DCL Inbound,Leroy St and Chestnut IB,21
10/18/2018 17:18,WS Outbound-DCL Inbound,Physical Facilities,890
10/18/2018 17:19,WS Outbound-DCL Inbound,Main and Schiller OB,526
10/18/2018 17:20,WS Outbound-DCL Inbound,Beethoven and Leroy,21
10/18/2018 17:20,WS Outbound-DCL Inbound,Main and Clarke OB,526
10/18/2018 17:21,WS Outbound-DCL Inbound,Main and Cedar OB,526
10/18/2018 17:23,WS Outbound-DCL Inbound,Main and Arthur,526
10/18/2018 17:24,WS Outbound-DCL Inbound,Main and Murray OB,526
10/18/2018 17:29,WS Outbound-DCL Inbound,Floral and Burbank OB,890
10/18/2018 17:30,WS Outbound-DCL Inbound,UDC,526
10/18/2018 17:30,WS Outbound-DCL Inbound,UDC,526
10/18/2018 17:30,WS Outbound-DCL Inbound,UDC,526
10/18/2018 17:30,WS Outbound-DCL Inbound,UDC,526
10/18/2018 17:30,WS Outbound-DCL Inbound,UDC,526
10/18/2018 17:30,WS Outbound-DCL Inbound,UDC,526
10/18/2018 17:31,WS Outbound-DCL Inbound,UDC,526
10/18/2018 17:31,WS Outbound-DCL Inbound,UDC,526
10/18/2018 17:31,WS Outbound-DCL Inbound,UDC,526
10/18/2018 17:31,WS Outbound-DCL Inbound,UDC,526
10/18/2018 17:31,WS Outbound-DCL Inbound,UDC,526
10/18/2018 17:33,WS Outbound-DCL Inbound,Main and Helen OB,890
10/18/2018 17:34,WS Outbound-DCL Inbound,Main and Schiller OB,890
10/18/2018 17:35,WS Outbound-DCL Inbound,Main and Clarke OB,890
10/18/2018 17:35,WS Outbound-DCL Inbound,Main and Clarke OB,890
10/18/2018 17:37,WS Outbound-DCL Inbound,Main and Murray OB,890
10/18/2018 17:38,WS Outbound-DCL Inbound,Union,37
10/18/2018 17:38,WS Outbound-DCL Inbound,Union,37
10/18/2018 17:38,WS Outbound-DCL Inbound,Union,37
10/18/2018 17:38,WS Outbound-DCL Inbound,Union,37
10/18/2018 17:38,WS Outbound-DCL Inbound,Union,37
10/18/2018 17:39,WS Outbound-DCL Inbound,Union,37
10/18/2018 17:39,WS Outbound-DCL Inbound,Union,37
10/18/2018 17:39,WS Outbound-DCL Inbound,Union,37
10/18/2018 17:39,WS Outbound-DCL Inbound,Union,37
10/18/2018 17:39,WS Outbound-DCL Inbound,Union,37
10/18/2018 17:39,WS Outbound-DCL Inbound,Union,37
10/18/2018 17:39,WS Outbound-DCL Inbound,Union,37
10/18/2018 17:39,WS Outbound-DCL Inbound,Union,37
10/18/2018 17:39,WS Outbound-DCL Inbound,Union,37
10/18/2018 17:39,WS Outbound-DCL Inbound,Union,37
10/18/2018 17:39,WS Outbound-DCL Inbound,Union,37
10/18/2018 17:39,WS Outbound-DCL Inbound,Union,37
10/18/2018 17:39,WS Outbound-DCL Inbound,Union,37
10/18/2018 17:39,WS Outbound-DCL Inbound,Union,37
10/18/2018 17:39,WS Outbound-DCL Inbound,Union,37
10/18/2018 17:39,WS Outbound-DCL Inbound,Union,37
10/18/2018 17:39,WS Outbound-DCL Inbound,Union,37
10/18/2018 17:39,WS Outbound-DCL Inbound,Union,37
10/18/2018 17:39,WS Outbound-DCL Inbound,Union,37
10/18/2018 17:39,WS Outbound-DCL Inbound,Union,37
10/18/2018 17:39,WS Outbound-DCL Inbound,Union,37
10/18/2018 17:39,WS Outbound-DCL Inbound,Union,37
10/18/2018 17:39,WS Outbound-DCL Inbound,Union,37
10/18/2018 17:39,WS Outbound-DCL Inbound,Union,37
10/18/2018 17:39,WS Outbound-DCL Inbound,Union,37
10/18/2018 17:39,WS Outbound-DCL Inbound,Union,37
10/18/2018 17:40,WS Outbound-DCL Inbound,Union,37
10/18/2018 17:40,WS Outbound-DCL Inbound,Union,37
10/18/2018 17:40,WS Outbound-DCL Inbound,Union,37
10/18/2018 17:40,WS Outbound-DCL Inbound,Union,37
10/18/2018 17:40,WS Outbound-DCL Inbound,Union,37
10/18/2018 17:40,WS Outbound-DCL Inbound,Union,37
10/18/2018 17:40,WS Outbound-DCL Inbound,Union,37
10/18/2018 17:40,WS Outbound-DCL Inbound,Union,37
10/18/2018 17:40,WS Outbound-DCL Inbound,Union,37
10/18/2018 17:40,WS Outbound-DCL Inbound,Union,37
10/18/2018 17:40,WS Outbound-DCL Inbound,Union,37
10/18/2018 17:40,WS Outbound-DCL Inbound,Union,37
10/18/2018 17:41,WS Outbound-DCL Inbound,UDC,890
10/18/2018 17:41,WS Outbound-DCL Inbound,UDC,890
10/18/2018 17:42,WS Outbound-DCL Inbound,UDC,890
10/18/2018 17:42,WS Outbound-DCL Inbound,UDC,890
10/18/2018 17:43,WS Outbound-DCL Inbound,Union,526
10/18/2018 17:43,WS Outbound-DCL Inbound,Union,526
10/18/2018 17:43,WS Outbound-DCL Inbound,Union,526
10/18/2018 17:43,WS Outbound-DCL Inbound,Union,526
10/18/2018 17:43,WS Outbound-DCL Inbound,Union,526
10/18/2018 17:43,WS Outbound-DCL Inbound,Union,526
10/18/2018 17:43,WS Outbound-DCL Inbound,Union,526
10/18/2018 17:43,WS Outbound-DCL Inbound,Union,526
10/18/2018 17:44,WS Outbound-DCL Inbound,Union,526
10/18/2018 17:44,WS Outbound-DCL Inbound,Union,526
10/18/2018 17:45,WS Outbound-DCL Inbound,Union,526
10/18/2018 17:45,WS Outbound-DCL Inbound,Union,526
10/18/2018 17:45,WS Outbound-DCL Inbound,Union,526
10/18/2018 17:45,WS Outbound-DCL Inbound,Union,526
10/18/2018 17:45,WS Outbound-DCL Inbound,Union,526
10/18/2018 17:46,WS Outbound-DCL Inbound,Leroy St and Front,890
10/18/2018 17:47,WS Outbound-DCL Inbound,Leroy St and Murray IB,890
10/18/2018 17:47,WS Outbound-DCL Inbound,Leroy St and Murray IB,890
10/18/2018 17:47,WS Outbound-DCL Inbound,Leroy St and Murray IB,890
10/18/2018 17:47,WS Outbound-DCL Inbound,Leroy St and Murray IB,890
10/18/2018 17:47,WS Outbound-DCL Inbound,Leroy St and Murray IB,890
10/18/2018 17:47,WS Outbound-DCL Inbound,Leroy St and Murray IB,890
10/18/2018 17:47,WS Outbound-DCL Inbound,Leroy St and Murray IB,890
10/18/2018 17:47,WS Outbound-DCL Inbound,Leroy St and Murray IB,890
10/18/2018 17:47,WS Outbound-DCL Inbound,Leroy St and Murray IB,890
10/18/2018 17:47,WS Outbound-DCL Inbound,Leroy St and Murray IB,890
10/18/2018 17:47,WS Outbound-DCL Inbound,Leroy St and Murray IB,890
10/18/2018 17:48,WS Outbound-DCL Inbound,Physical Facilities,526
10/18/2018 17:48,WS Outbound-DCL Inbound,Physical Facilities,526
10/18/2018 17:48,WS Outbound-DCL Inbound,Leroy St and Chestnut IB,890
10/18/2018 17:48,WS Outbound-DCL Inbound,Leroy St and Chestnut IB,890
10/18/2018 17:48,WS Outbound-DCL Inbound,Leroy St and Chestnut IB,890
10/18/2018 17:48,WS Outbound-DCL Inbound,Leroy St and Chestnut IB,890
10/18/2018 17:48,WS Outbound-DCL Inbound,Leroy St and Chestnut IB,890
10/18/2018 17:49,WS Outbound-DCL Inbound,Denny''s,526
10/18/2018 17:49,WS Outbound-DCL Inbound,Denny''s,526
10/18/2018 17:49,WS Outbound-DCL Inbound,Denny''s,526
10/18/2018 17:49,WS Outbound-DCL Inbound,Leroy St and Laurel IB,890
10/18/2018 17:58,WS Outbound-DCL Inbound,Main and Schiller OB,526
10/18/2018 18:02,WS Outbound-DCL Inbound,Union,890
10/18/2018 18:02,WS Outbound-DCL Inbound,Union,890
10/18/2018 18:02,WS Outbound-DCL Inbound,Union,890
10/18/2018 18:02,WS Outbound-DCL Inbound,Union,890
10/18/2018 18:02,WS Outbound-DCL Inbound,Union,890
10/18/2018 18:02,WS Outbound-DCL Inbound,Union,890
10/18/2018 18:02,WS Outbound-DCL Inbound,Union,890
10/18/2018 18:02,WS Outbound-DCL Inbound,Union,890
10/18/2018 18:02,WS Outbound-DCL Inbound,Union,890
10/18/2018 18:02,WS Outbound-DCL Inbound,Union,890
10/18/2018 18:02,WS Outbound-DCL Inbound,Union,890
10/18/2018 18:02,WS Outbound-DCL Inbound,Union,890
10/18/2018 18:02,WS Outbound-DCL Inbound,Union,890
10/18/2018 18:02,WS Outbound-DCL Inbound,Union,890
10/18/2018 18:02,WS Outbound-DCL Inbound,Union,890
10/18/2018 18:02,WS Outbound-DCL Inbound,Union,890
10/18/2018 18:02,WS Outbound-DCL Inbound,Union,890
10/18/2018 18:02,WS Outbound-DCL Inbound,Union,890
10/18/2018 18:02,WS Outbound-DCL Inbound,Union,890
10/18/2018 18:02,WS Outbound-DCL Inbound,Union,890
10/18/2018 18:02,WS Outbound-DCL Inbound,Union,890
10/18/2018 18:02,WS Outbound-DCL Inbound,Union,890
10/18/2018 18:03,WS Outbound-DCL Inbound,Union,890
10/18/2018 18:03,WS Outbound-DCL Inbound,Union,890
10/18/2018 18:03,WS Outbound-DCL Inbound,Union,890
10/18/2018 18:03,WS Outbound-DCL Inbound,Union,890
10/18/2018 18:03,WS Outbound-DCL Inbound,Union,890
10/18/2018 18:03,WS Outbound-DCL Inbound,Union,890
10/18/2018 18:03,WS Outbound-DCL Inbound,Union,890
10/18/2018 18:03,WS Outbound-DCL Inbound,Union,890
10/18/2018 18:03,WS Outbound-DCL Inbound,Union,890
10/18/2018 18:03,WS Outbound-DCL Inbound,Union,890
10/18/2018 18:03,WS Outbound-DCL Inbound,Union,890
10/18/2018 18:03,WS Outbound-DCL Inbound,Union,890
10/18/2018 18:03,WS Outbound-DCL Inbound,Union,890
10/18/2018 18:03,WS Outbound-DCL Inbound,Union,890
10/18/2018 18:03,WS Outbound-DCL Inbound,Union,890
10/18/2018 18:04,WS Outbound-DCL Inbound,Union,890
10/18/2018 18:04,WS Outbound-DCL Inbound,Union,890
10/18/2018 18:04,WS Outbound-DCL Inbound,Union,890
10/18/2018 18:04,WS Outbound-DCL Inbound,Union,890
10/18/2018 18:05,WS Outbound-DCL Inbound,Union,890
10/18/2018 18:06,WS Outbound-DCL Inbound,UDC,526
10/18/2018 18:07,WS Outbound-DCL Inbound,UDC,526
10/18/2018 18:07,WS Outbound-DCL Inbound,UDC,526
10/18/2018 18:08,WS Outbound-DCL Inbound,Union,528
10/18/2018 18:08,WS Outbound-DCL Inbound,Union,528
10/18/2018 18:08,WS Outbound-DCL Inbound,Union,528
10/18/2018 18:08,WS Outbound-DCL Inbound,Union,528
10/18/2018 18:08,WS Outbound-DCL Inbound,Union,528
10/18/2018 18:08,WS Outbound-DCL Inbound,Union,528
10/18/2018 18:08,WS Outbound-DCL Inbound,Union,528
10/18/2018 18:08,WS Outbound-DCL Inbound,Union,528
10/18/2018 18:08,WS Outbound-DCL Inbound,Union,528
10/18/2018 18:08,WS Outbound-DCL Inbound,Union,528
10/18/2018 18:08,WS Outbound-DCL Inbound,Union,528
10/18/2018 18:08,WS Outbound-DCL Inbound,Union,528
10/18/2018 18:08,WS Outbound-DCL Inbound,Union,528
10/18/2018 18:08,WS Outbound-DCL Inbound,Union,528
10/18/2018 18:08,WS Outbound-DCL Inbound,Union,528
10/18/2018 18:08,WS Outbound-DCL Inbound,Union,528
10/18/2018 18:08,WS Outbound-DCL Inbound,Union,528
10/18/2018 18:08,WS Outbound-DCL Inbound,Union,528
10/18/2018 18:09,WS Outbound-DCL Inbound,Union,528
10/18/2018 18:09,WS Outbound-DCL Inbound,UDC,526
10/18/2018 18:09,WS Outbound-DCL Inbound,Union,528
10/18/2018 18:09,WS Outbound-DCL Inbound,Union,528
10/18/2018 18:09,WS Outbound-DCL Inbound,UDC,526
10/18/2018 18:09,WS Outbound-DCL Inbound,Union,528
10/18/2018 18:09,WS Outbound-DCL Inbound,Union,528
10/18/2018 18:09,WS Outbound-DCL Inbound,Union,528
10/18/2018 18:09,WS Outbound-DCL Inbound,Union,528
10/18/2018 18:09,WS Outbound-DCL Inbound,Union,528
10/18/2018 18:09,WS Outbound-DCL Inbound,Union,528
10/18/2018 18:09,WS Outbound-DCL Inbound,Union,528
10/18/2018 18:09,WS Outbound-DCL Inbound,Union,528
10/18/2018 18:09,WS Outbound-DCL Inbound,Union,528
10/18/2018 18:09,WS Outbound-DCL Inbound,Union,528
10/18/2018 18:09,WS Outbound-DCL Inbound,Union,528
10/18/2018 18:09,WS Outbound-DCL Inbound,Union,528
10/18/2018 18:09,WS Outbound-DCL Inbound,Union,528
10/18/2018 18:09,WS Outbound-DCL Inbound,Union,528
10/18/2018 18:09,WS Outbound-DCL Inbound,Union,528
10/18/2018 18:09,WS Outbound-DCL Inbound,Union,528
10/18/2018 18:09,WS Outbound-DCL Inbound,Union,528
10/18/2018 18:09,WS Outbound-DCL Inbound,Union,528
10/18/2018 18:09,WS Outbound-DCL Inbound,Union,528
10/18/2018 18:09,WS Outbound-DCL Inbound,Union,528
10/18/2018 18:09,WS Outbound-DCL Inbound,Union,528
10/18/2018 18:09,WS Outbound-DCL Inbound,Union,528
10/18/2018 18:09,WS Outbound-DCL Inbound,Union,528
10/18/2018 18:09,WS Outbound-DCL Inbound,Union,528
10/18/2018 18:09,WS Outbound-DCL Inbound,Union,528
10/18/2018 18:09,WS Outbound-DCL Inbound,Union,528
10/18/2018 18:09,WS Outbound-DCL Inbound,Union,528
10/18/2018 18:10,WS Outbound-DCL Inbound,Union,528
10/18/2018 18:10,WS Outbound-DCL Inbound,Union,528
10/18/2018 18:10,WS Outbound-DCL Inbound,Union,528
10/18/2018 18:15,WS Outbound-DCL Inbound,Leroy St and Murray IB,526
10/18/2018 18:15,WS Outbound-DCL Inbound,Leroy St and Murray IB,526
10/18/2018 18:15,WS Outbound-DCL Inbound,Leroy St and Murray IB,526
10/18/2018 18:15,WS Outbound-DCL Inbound,Leroy St and Murray IB,526
10/18/2018 18:15,WS Outbound-DCL Inbound,Leroy St and Murray IB,526
10/18/2018 18:15,WS Outbound-DCL Inbound,Leroy St and Murray IB,526
10/18/2018 18:15,WS Outbound-DCL Inbound,Leroy St and Murray IB,526
10/18/2018 18:15,WS Outbound-DCL Inbound,Leroy St and Murray IB,526
10/18/2018 18:16,WS Outbound-DCL Inbound,Leroy St and Chestnut IB,526
10/18/2018 18:17,WS Outbound-DCL Inbound,Union,55
10/18/2018 18:17,WS Outbound-DCL Inbound,Union,55
10/18/2018 18:17,WS Outbound-DCL Inbound,Union,55
10/18/2018 18:17,WS Outbound-DCL Inbound,Union,55
10/18/2018 18:18,WS Outbound-DCL Inbound,Union,55
10/18/2018 18:18,WS Outbound-DCL Inbound,Union,55
10/18/2018 18:18,WS Outbound-DCL Inbound,Beethoven and Leroy,526
10/18/2018 18:18,WS Outbound-DCL Inbound,Union,55
10/18/2018 18:18,WS Outbound-DCL Inbound,Union,55
10/18/2018 18:18,WS Outbound-DCL Inbound,Union,55
10/18/2018 18:18,WS Outbound-DCL Inbound,Union,55
10/18/2018 18:18,WS Outbound-DCL Inbound,Union,55
10/18/2018 18:18,WS Outbound-DCL Inbound,Union,55
10/18/2018 18:20,WS Outbound-DCL Inbound,Physical Facilities,55
10/18/2018 18:28,WS Outbound-DCL Inbound,Main and Arthur,528
10/18/2018 18:28,WS Outbound-DCL Inbound,Main and Arthur,528
10/18/2018 18:28,WS Outbound-DCL Inbound,Main and Arthur,528
10/18/2018 18:29,WS Outbound-DCL Inbound,Mohawk,526
10/18/2018 18:29,WS Outbound-DCL Inbound,Mohawk,526
10/18/2018 18:29,WS Outbound-DCL Inbound,Mohawk,526
10/18/2018 18:29,WS Outbound-DCL Inbound,Mohawk,526
10/18/2018 18:29,WS Outbound-DCL Inbound,Mohawk,526
10/18/2018 18:29,WS Outbound-DCL Inbound,Mohawk,526
10/18/2018 18:29,WS Outbound-DCL Inbound,Mohawk,526
10/18/2018 18:29,WS Outbound-DCL Inbound,Mohawk,526
10/18/2018 18:29,WS Outbound-DCL Inbound,Mohawk,526
10/18/2018 18:30,WS Outbound-DCL Inbound,Mohawk,526
10/18/2018 18:30,WS Outbound-DCL Inbound,Mohawk,526
10/18/2018 18:30,WS Outbound-DCL Inbound,Mohawk,526
10/18/2018 18:30,WS Outbound-DCL Inbound,Mohawk,526
10/18/2018 18:30,WS Outbound-DCL Inbound,Mohawk,526
10/18/2018 18:30,WS Outbound-DCL Inbound,Mohawk,526
10/18/2018 18:30,WS Outbound-DCL Inbound,Mohawk,526
10/18/2018 18:30,WS Outbound-DCL Inbound,Mohawk,526
10/18/2018 18:32,WS Outbound-DCL Inbound,Main and Schiller OB,55
10/18/2018 18:32,WS Outbound-DCL Inbound,Mohawk,526
10/18/2018 18:40,WS Outbound-DCL Inbound,Union,21
10/18/2018 18:40,WS Outbound-DCL Inbound,Union,21
10/18/2018 18:40,WS Outbound-DCL Inbound,Union,21
10/18/2018 18:40,WS Outbound-DCL Inbound,Union,21
10/18/2018 18:40,WS Outbound-DCL Inbound,Union,21
10/18/2018 18:40,WS Outbound-DCL Inbound,Union,21
10/18/2018 18:40,WS Outbound-DCL Inbound,Union,21
10/18/2018 18:40,WS Outbound-DCL Inbound,Union,21
10/18/2018 18:40,WS Outbound-DCL Inbound,Union,21
10/18/2018 18:40,WS Outbound-DCL Inbound,Union,21
10/18/2018 18:40,WS Outbound-DCL Inbound,Union,21
10/18/2018 18:40,WS Outbound-DCL Inbound,Union,21
10/18/2018 18:40,WS Outbound-DCL Inbound,Union,21
10/18/2018 18:40,WS Outbound-DCL Inbound,Union,21
10/18/2018 18:40,WS Outbound-DCL Inbound,Union,21
10/18/2018 18:40,WS Outbound-DCL Inbound,Union,21
10/18/2018 18:40,WS Outbound-DCL Inbound,Union,21
10/18/2018 18:40,WS Outbound-DCL Inbound,Union,21
10/18/2018 18:40,WS Outbound-DCL Inbound,Union,21
10/18/2018 18:40,WS Outbound-DCL Inbound,Union,21
10/18/2018 18:40,WS Outbound-DCL Inbound,Union,21
10/18/2018 18:40,WS Outbound-DCL Inbound,Union,21
10/18/2018 18:40,WS Outbound-DCL Inbound,Union,21
10/18/2018 18:40,WS Outbound-DCL Inbound,Union,21
10/18/2018 18:40,WS Outbound-DCL Inbound,Union,21
10/18/2018 18:40,WS Outbound-DCL Inbound,Union,21
10/18/2018 18:40,WS Outbound-DCL Inbound,Union,21
10/18/2018 18:41,WS Outbound-DCL Inbound,Union,21
10/18/2018 18:41,WS Outbound-DCL Inbound,Union,21
10/18/2018 18:41,WS Outbound-DCL Inbound,Union,21
10/18/2018 18:47,WS Outbound-DCL Inbound,UDC,55
10/18/2018 18:47,WS Outbound-DCL Inbound,UDC,55
10/18/2018 18:47,WS Outbound-DCL Inbound,UDC,55
10/18/2018 18:50,WS Outbound-DCL Inbound,Leroy St and Front,55
10/18/2018 18:50,WS Outbound-DCL Inbound,Leroy St and Front,55
10/18/2018 18:51,WS Outbound-DCL Inbound,Leroy St and Murray IB,55
10/18/2018 18:51,WS Outbound-DCL Inbound,Leroy St and Murray IB,55
10/18/2018 18:51,WS Outbound-DCL Inbound,Leroy St and Murray IB,55
10/18/2018 18:51,WS Outbound-DCL Inbound,Leroy St and Murray IB,55
10/18/2018 18:51,WS Outbound-DCL Inbound,Leroy St and Murray IB,55
10/18/2018 18:51,WS Outbound-DCL Inbound,Leroy St and Murray IB,55
10/18/2018 18:51,WS Outbound-DCL Inbound,Leroy St and Murray IB,55
10/18/2018 18:52,WS Outbound-DCL Inbound,Leroy St and Chestnut IB,55
10/18/2018 18:52,WS Outbound-DCL Inbound,Leroy St and Chestnut IB,55
10/18/2018 18:52,WS Outbound-DCL Inbound,Leroy St and Chestnut IB,55
10/18/2018 18:53,WS Outbound-DCL Inbound,Main and Helen OB,21
10/18/2018 18:56,WS Outbound-DCL Inbound,Main and Cedar OB,21
10/18/2018 18:58,WS Outbound-DCL Inbound,Union,528
10/18/2018 18:58,WS Outbound-DCL Inbound,Union,528
10/18/2018 18:58,WS Outbound-DCL Inbound,Union,528
10/18/2018 18:58,WS Outbound-DCL Inbound,Union,528
10/18/2018 18:58,WS Outbound-DCL Inbound,Union,528
10/18/2018 18:58,WS Outbound-DCL Inbound,Union,528
10/18/2018 18:58,WS Outbound-DCL Inbound,Union,528
10/18/2018 18:58,WS Outbound-DCL Inbound,Union,528
10/18/2018 18:58,WS Outbound-DCL Inbound,Union,528
10/18/2018 18:58,WS Outbound-DCL Inbound,Union,528
10/18/2018 18:58,WS Outbound-DCL Inbound,Union,528
10/18/2018 18:58,WS Outbound-DCL Inbound,Union,528
10/18/2018 18:58,WS Outbound-DCL Inbound,Union,528
10/18/2018 18:58,WS Outbound-DCL Inbound,Union,528
10/18/2018 18:58,WS Outbound-DCL Inbound,Union,528
10/18/2018 18:58,WS Outbound-DCL Inbound,Union,528
10/18/2018 18:58,WS Outbound-DCL Inbound,Union,528
10/18/2018 18:58,WS Outbound-DCL Inbound,Union,528
10/18/2018 18:58,WS Outbound-DCL Inbound,Union,528
10/18/2018 18:59,WS Outbound-DCL Inbound,Union,528
10/18/2018 18:59,WS Outbound-DCL Inbound,Union,528
10/18/2018 18:59,WS Outbound-DCL Inbound,Union,528
10/18/2018 18:59,WS Outbound-DCL Inbound,Union,528
10/18/2018 18:59,WS Outbound-DCL Inbound,Union,528
10/18/2018 19:02,WS Outbound-DCL Inbound,Physical Facilities,528
10/18/2018 19:02,WS Outbound-DCL Inbound,Physical Facilities,528
10/18/2018 19:02,WS Outbound-DCL Inbound,Union,43
10/18/2018 19:02,WS Outbound-DCL Inbound,Union,43
10/18/2018 19:03,WS Outbound-DCL Inbound,Union,43
10/18/2018 19:04,WS Outbound-DCL Inbound,Union,43
10/18/2018 19:04,WS Outbound-DCL Inbound,Union,43
10/18/2018 19:04,WS Outbound-DCL Inbound,Union,43
10/18/2018 19:04,WS Outbound-DCL Inbound,Union,43
10/18/2018 19:04,WS Outbound-DCL Inbound,Union,43
10/18/2018 19:05,WS Outbound-DCL Inbound,Union,43
10/18/2018 19:05,WS Outbound-DCL Inbound,Union,43
10/18/2018 19:10,WS Outbound-DCL Inbound,Main and Helen OB,528
10/18/2018 19:13,WS Outbound-DCL Inbound,Main and Arthur,528
10/18/2018 19:13,WS Outbound-DCL Inbound,Floral and Main OB,43
10/18/2018 19:18,WS Outbound-DCL Inbound,UDC,528
10/18/2018 19:23,WS Outbound-DCL Inbound,Leroy St and Front,528
10/18/2018 19:24,WS Outbound-DCL Inbound,Leroy St and Chestnut IB,528
10/18/2018 19:33,WS Outbound-DCL Inbound,Leroy St and Murray IB,43
10/18/2018 19:35,WS Outbound-DCL Inbound,Union,55
10/18/2018 19:35,WS Outbound-DCL Inbound,Union,55
10/18/2018 19:35,WS Outbound-DCL Inbound,Union,55
10/18/2018 19:35,WS Outbound-DCL Inbound,Union,55
10/18/2018 19:35,WS Outbound-DCL Inbound,Union,55
10/18/2018 19:35,WS Outbound-DCL Inbound,Union,55
10/18/2018 19:35,WS Outbound-DCL Inbound,Union,55
10/18/2018 19:35,WS Outbound-DCL Inbound,Union,55
10/18/2018 19:35,WS Outbound-DCL Inbound,Union,55
10/18/2018 19:35,WS Outbound-DCL Inbound,Union,55
10/18/2018 19:35,WS Outbound-DCL Inbound,Union,55
10/18/2018 19:35,WS Outbound-DCL Inbound,Union,55
10/18/2018 19:35,WS Outbound-DCL Inbound,Union,55
10/18/2018 19:35,WS Outbound-DCL Inbound,Union,55
10/18/2018 19:35,WS Outbound-DCL Inbound,Union,55
10/18/2018 19:35,WS Outbound-DCL Inbound,Union,55
10/18/2018 19:35,WS Outbound-DCL Inbound,Union,55
10/18/2018 19:35,WS Outbound-DCL Inbound,Union,55
10/18/2018 19:35,WS Outbound-DCL Inbound,Union,55
10/18/2018 19:35,WS Outbound-DCL Inbound,Union,55
10/18/2018 19:35,WS Outbound-DCL Inbound,Union,55
10/18/2018 19:35,WS Outbound-DCL Inbound,Union,55
10/18/2018 19:35,WS Outbound-DCL Inbound,Union,55
10/18/2018 19:35,WS Outbound-DCL Inbound,Union,55
10/18/2018 19:35,WS Outbound-DCL Inbound,Union,55
10/18/2018 19:35,WS Outbound-DCL Inbound,Union,55
10/18/2018 19:35,WS Outbound-DCL Inbound,Union,55
10/18/2018 19:35,WS Outbound-DCL Inbound,Union,55
10/18/2018 19:35,WS Outbound-DCL Inbound,Union,55
10/18/2018 19:35,WS Outbound-DCL Inbound,Union,55
10/18/2018 19:35,WS Outbound-DCL Inbound,Union,55
10/18/2018 19:35,WS Outbound-DCL Inbound,Union,55
10/18/2018 19:36,WS Outbound-DCL Inbound,Union,55
10/18/2018 19:36,WS Outbound-DCL Inbound,Union,55
10/18/2018 19:36,WS Outbound-DCL Inbound,Union,55
10/18/2018 19:36,WS Outbound-DCL Inbound,Union,55
10/18/2018 19:36,WS Outbound-DCL Inbound,Union,55
10/18/2018 19:36,WS Outbound-DCL Inbound,Union,55
10/18/2018 19:36,WS Outbound-DCL Inbound,Union,55
10/18/2018 19:36,WS Outbound-DCL Inbound,Union,55
10/18/2018 19:36,WS Outbound-DCL Inbound,Union,55
10/18/2018 19:36,WS Outbound-DCL Inbound,Union,55
10/18/2018 19:36,WS Outbound-DCL Inbound,Union,55
10/18/2018 19:36,WS Outbound-DCL Inbound,Union,55
10/18/2018 19:36,WS Outbound-DCL Inbound,Union,528
10/18/2018 19:36,WS Outbound-DCL Inbound,Union,528
10/18/2018 19:36,WS Outbound-DCL Inbound,Union,528
10/18/2018 19:36,WS Outbound-DCL Inbound,Union,528
10/18/2018 19:36,WS Outbound-DCL Inbound,Union,528
10/18/2018 19:36,WS Outbound-DCL Inbound,Union,528
10/18/2018 19:36,WS Outbound-DCL Inbound,Union,528
10/18/2018 19:36,WS Outbound-DCL Inbound,Union,55
10/18/2018 19:36,WS Outbound-DCL Inbound,Union,528
10/18/2018 19:36,WS Outbound-DCL Inbound,Union,528
10/18/2018 19:36,WS Outbound-DCL Inbound,Union,55
10/18/2018 19:36,WS Outbound-DCL Inbound,Union,55
10/18/2018 19:36,WS Outbound-DCL Inbound,Union,528
10/18/2018 19:36,WS Outbound-DCL Inbound,Union,528
10/18/2018 19:37,WS Outbound-DCL Inbound,Union,55
10/18/2018 19:37,WS Outbound-DCL Inbound,Union,528
10/18/2018 19:37,WS Outbound-DCL Inbound,Union,528
10/18/2018 19:37,WS Outbound-DCL Inbound,Union,528
10/18/2018 19:37,WS Outbound-DCL Inbound,Union,528
10/18/2018 19:38,WS Outbound-DCL Inbound,Union,528
10/18/2018 19:38,WS Outbound-DCL Inbound,Union,528
10/18/2018 19:46,WS Outbound-DCL Inbound,Union,21
10/18/2018 19:46,WS Outbound-DCL Inbound,Union,21
10/18/2018 19:46,WS Outbound-DCL Inbound,Union,21
10/18/2018 19:46,WS Outbound-DCL Inbound,Union,21
10/18/2018 19:46,WS Outbound-DCL Inbound,Union,21
10/18/2018 19:46,WS Outbound-DCL Inbound,Union,21
10/18/2018 19:46,WS Outbound-DCL Inbound,Union,21
10/18/2018 19:46,WS Outbound-DCL Inbound,Union,21
10/18/2018 19:46,WS Outbound-DCL Inbound,Union,21
10/18/2018 19:46,WS Outbound-DCL Inbound,Union,21
10/18/2018 19:46,WS Outbound-DCL Inbound,Union,21
10/18/2018 19:46,WS Outbound-DCL Inbound,Union,21
10/18/2018 19:46,WS Outbound-DCL Inbound,Union,21
10/18/2018 19:46,WS Outbound-DCL Inbound,Union,21
10/18/2018 19:46,WS Outbound-DCL Inbound,Union,21
10/18/2018 19:46,WS Outbound-DCL Inbound,Union,21
10/18/2018 19:52,WS Outbound-DCL Inbound,Main and Arthur,55
10/18/2018 19:58,WS Outbound-DCL Inbound,UDC,55
10/18/2018 19:58,WS Outbound-DCL Inbound,UDC,55
10/18/2018 19:58,WS Outbound-DCL Inbound,UDC,55
10/18/2018 19:58,WS Outbound-DCL Inbound,UDC,55
10/18/2018 19:58,WS Outbound-DCL Inbound,UDC,55
10/18/2018 19:59,WS Outbound-DCL Inbound,Union,43
10/18/2018 19:59,WS Outbound-DCL Inbound,Union,43
10/18/2018 19:59,WS Outbound-DCL Inbound,Union,43
10/18/2018 19:59,WS Outbound-DCL Inbound,Union,43
10/18/2018 19:59,WS Outbound-DCL Inbound,Union,43
10/18/2018 19:59,WS Outbound-DCL Inbound,Union,43
10/18/2018 19:59,WS Outbound-DCL Inbound,Union,43
10/18/2018 19:59,WS Outbound-DCL Inbound,Union,43
10/18/2018 19:59,WS Outbound-DCL Inbound,Union,43
10/18/2018 19:59,WS Outbound-DCL Inbound,Union,43
10/18/2018 19:59,WS Outbound-DCL Inbound,Union,43
10/18/2018 19:59,WS Outbound-DCL Inbound,Union,43
10/18/2018 19:59,WS Outbound-DCL Inbound,Union,43
10/18/2018 19:59,WS Outbound-DCL Inbound,Union,43
10/18/2018 19:59,WS Outbound-DCL Inbound,Union,43
10/18/2018 19:59,WS Outbound-DCL Inbound,Union,43
10/18/2018 19:59,WS Outbound-DCL Inbound,Union,43
10/18/2018 19:59,WS Outbound-DCL Inbound,Union,43
10/18/2018 19:59,WS Outbound-DCL Inbound,Union,43
10/18/2018 19:59,WS Outbound-DCL Inbound,Union,43
10/18/2018 19:59,WS Outbound-DCL Inbound,Union,43
10/18/2018 19:59,WS Outbound-DCL Inbound,Union,43
10/18/2018 19:59,WS Outbound-DCL Inbound,Union,43
