Start Date:10/23/2018 7:00 AM End Date:10/23/2018 8:00 PM,,,
DateTime,CorridorName,StopName,VehicleID
10/23/2018 7:14,WS Outbound-DCL Inbound,Union,526
10/23/2018 7:14,WS Outbound-DCL Inbound,Union,526
10/23/2018 7:36,WS Outbound-DCL Inbound,UDC,526
10/23/2018 7:36,WS Outbound-DCL Inbound,UDC,526
10/23/2018 7:38,WS Outbound-DCL Inbound,UDC,526
10/23/2018 7:39,WS Outbound-DCL Inbound,UDC,526
10/23/2018 7:39,WS Outbound-DCL Inbound,UDC,526
10/23/2018 7:42,WS Outbound-DCL Inbound,Leroy St and Front,526
10/23/2018 7:42,WS Outbound-DCL Inbound,Leroy St and Front,526
10/23/2018 7:43,WS Outbound-DCL Inbound,Leroy St and Murray IB,526
10/23/2018 7:43,WS Outbound-DCL Inbound,Leroy St and Murray IB,526
10/23/2018 7:43,WS Outbound-DCL Inbound,Leroy St and Murray IB,526
10/23/2018 7:43,WS Outbound-DCL Inbound,Leroy St and Murray IB,526
10/23/2018 7:43,WS Outbound-DCL Inbound,Leroy St and Murray IB,526
10/23/2018 7:43,WS Outbound-DCL Inbound,Leroy St and Murray IB,526
10/23/2018 7:43,WS Outbound-DCL Inbound,Leroy St and Murray IB,526
10/23/2018 7:43,WS Outbound-DCL Inbound,Leroy St and Murray IB,526
10/23/2018 7:44,WS Outbound-DCL Inbound,Leroy St and Chestnut IB,526
10/23/2018 7:44,WS Outbound-DCL Inbound,Leroy St and Chestnut IB,526
10/23/2018 7:44,WS Outbound-DCL Inbound,Leroy St and Chestnut IB,526
10/23/2018 7:44,WS Outbound-DCL Inbound,Leroy St and Chestnut IB,526
10/23/2018 7:45,WS Outbound-DCL Inbound,Leroy St and Chestnut IB,526
10/23/2018 7:45,WS Outbound-DCL Inbound,Leroy St and Chestnut IB,526
10/23/2018 7:45,WS Outbound-DCL Inbound,Leroy St and Chestnut IB,526
10/23/2018 7:45,WS Outbound-DCL Inbound,Leroy St and Chestnut IB,526
10/23/2018 7:45,WS Outbound-DCL Inbound,Leroy St and Chestnut IB,526
10/23/2018 7:45,WS Outbound-DCL Inbound,Leroy St and Chestnut IB,526
10/23/2018 7:45,WS Outbound-DCL Inbound,Leroy St and Chestnut IB,526
10/23/2018 7:45,WS Outbound-DCL Inbound,Leroy St and Chestnut IB,526
10/23/2018 7:46,WS Outbound-DCL Inbound,Beethoven and Leroy,526
10/23/2018 7:46,WS Outbound-DCL Inbound,Beethoven and Leroy,526
10/23/2018 8:00,WS Outbound-DCL Inbound,Leroy St and Front,891
10/23/2018 8:00,WS Outbound-DCL Inbound,Leroy St and Front,891
10/23/2018 8:00,WS Outbound-DCL Inbound,Leroy St and Front,891
10/23/2018 8:01,WS Outbound-DCL Inbound,Leroy St and Front,891
10/23/2018 8:01,WS Outbound-DCL Inbound,Leroy St and Front,891
10/23/2018 8:01,WS Outbound-DCL Inbound,Leroy St and Front,891
10/23/2018 8:02,WS Outbound-DCL Inbound,Leroy St and Murray IB,891
10/23/2018 8:02,WS Outbound-DCL Inbound,Leroy St and Murray IB,891
10/23/2018 8:02,WS Outbound-DCL Inbound,Leroy St and Murray IB,891
10/23/2018 8:02,WS Outbound-DCL Inbound,Leroy St and Murray IB,891
10/23/2018 8:02,WS Outbound-DCL Inbound,Leroy St and Murray IB,891
10/23/2018 8:02,WS Outbound-DCL Inbound,Leroy St and Murray IB,891
10/23/2018 8:02,WS Outbound-DCL Inbound,Leroy St and Murray IB,891
10/23/2018 8:02,WS Outbound-DCL Inbound,Leroy St and Murray IB,891
10/23/2018 8:02,WS Outbound-DCL Inbound,Leroy St and Murray IB,891
10/23/2018 8:02,WS Outbound-DCL Inbound,Leroy St and Murray IB,891
10/23/2018 8:02,WS Outbound-DCL Inbound,Leroy St and Murray IB,891
10/23/2018 8:02,WS Outbound-DCL Inbound,Leroy St and Murray IB,891
10/23/2018 8:02,WS Outbound-DCL Inbound,Leroy St and Murray IB,891
10/23/2018 8:02,WS Outbound-DCL Inbound,Leroy St and Murray IB,891
10/23/2018 8:02,WS Outbound-DCL Inbound,Leroy St and Murray IB,891
10/23/2018 8:02,WS Outbound-DCL Inbound,Leroy St and Murray IB,891
10/23/2018 8:02,WS Outbound-DCL Inbound,Leroy St and Murray IB,891
10/23/2018 8:02,WS Outbound-DCL Inbound,Leroy St and Murray IB,891
10/23/2018 8:02,WS Outbound-DCL Inbound,Leroy St and Murray IB,891
10/23/2018 8:02,WS Outbound-DCL Inbound,Leroy St and Murray IB,891
10/23/2018 8:02,WS Outbound-DCL Inbound,Leroy St and Murray IB,891
10/23/2018 8:02,WS Outbound-DCL Inbound,Leroy St and Murray IB,891
10/23/2018 8:03,WS Outbound-DCL Inbound,Leroy St and Chestnut IB,891
10/23/2018 8:03,WS Outbound-DCL Inbound,Leroy St and Chestnut IB,891
10/23/2018 8:03,WS Outbound-DCL Inbound,Leroy St and Chestnut IB,891
10/23/2018 8:03,WS Outbound-DCL Inbound,Leroy St and Chestnut IB,891
10/23/2018 8:03,WS Outbound-DCL Inbound,Leroy St and Chestnut IB,891
10/23/2018 8:03,WS Outbound-DCL Inbound,Leroy St and Chestnut IB,891
10/23/2018 8:04,WS Outbound-DCL Inbound,Leroy St and Chestnut IB,891
10/23/2018 8:04,WS Outbound-DCL Inbound,Leroy St and Chestnut IB,891
10/23/2018 8:04,WS Outbound-DCL Inbound,Leroy St and Chestnut IB,891
10/23/2018 8:04,WS Outbound-DCL Inbound,Leroy St and Chestnut IB,891
10/23/2018 8:04,WS Outbound-DCL Inbound,Leroy St and Chestnut IB,891
10/23/2018 8:05,WS Outbound-DCL Inbound,Leroy St and Laurel IB,891
10/23/2018 8:05,WS Outbound-DCL Inbound,Leroy St and Laurel IB,891
10/23/2018 8:24,WS Outbound-DCL Inbound,UDC,42
10/23/2018 8:24,WS Outbound-DCL Inbound,UDC,42
10/23/2018 8:28,WS Outbound-DCL Inbound,Floral and Harrison IB,891
10/23/2018 8:28,WS Outbound-DCL Inbound,Leroy St and Front,42
10/23/2018 8:30,WS Outbound-DCL Inbound,Leroy St and Murray IB,42
10/23/2018 8:30,WS Outbound-DCL Inbound,Leroy St and Murray IB,42
10/23/2018 8:30,WS Outbound-DCL Inbound,Leroy St and Murray IB,42
10/23/2018 8:30,WS Outbound-DCL Inbound,Leroy St and Murray IB,42
10/23/2018 8:30,WS Outbound-DCL Inbound,Leroy St and Murray IB,42
10/23/2018 8:30,WS Outbound-DCL Inbound,Leroy St and Murray IB,42
10/23/2018 8:30,WS Outbound-DCL Inbound,Leroy St and Murray IB,42
10/23/2018 8:30,WS Outbound-DCL Inbound,Leroy St and Murray IB,42
10/23/2018 8:30,WS Outbound-DCL Inbound,Leroy St and Murray IB,42
10/23/2018 8:31,WS Outbound-DCL Inbound,Leroy St and Chestnut IB,42
10/23/2018 8:31,WS Outbound-DCL Inbound,Leroy St and Chestnut IB,42
10/23/2018 8:31,WS Outbound-DCL Inbound,Leroy St and Chestnut IB,42
10/23/2018 8:31,WS Outbound-DCL Inbound,Leroy St and Chestnut IB,42
10/23/2018 8:31,WS Outbound-DCL Inbound,Leroy St and Chestnut IB,42
10/23/2018 8:31,WS Outbound-DCL Inbound,Leroy St and Chestnut IB,42
10/23/2018 8:31,WS Outbound-DCL Inbound,Leroy St and Chestnut IB,42
10/23/2018 8:35,WS Outbound-DCL Inbound,Main and Murray OB,891
10/23/2018 8:39,WS Outbound-DCL Inbound,UDC,891
10/23/2018 8:39,WS Outbound-DCL Inbound,UDC,891
10/23/2018 8:39,WS Outbound-DCL Inbound,UDC,891
10/23/2018 8:40,WS Outbound-DCL Inbound,UDC,891
10/23/2018 8:43,WS Outbound-DCL Inbound,Leroy St and Front,891
10/23/2018 8:43,WS Outbound-DCL Inbound,Leroy St and Front,891
10/23/2018 8:44,WS Outbound-DCL Inbound,Leroy St and Murray IB,891
10/23/2018 8:44,WS Outbound-DCL Inbound,Leroy St and Murray IB,891
10/23/2018 8:45,WS Outbound-DCL Inbound,Leroy St and Chestnut IB,891
10/23/2018 8:45,WS Outbound-DCL Inbound,Leroy St and Chestnut IB,891
10/23/2018 8:45,WS Outbound-DCL Inbound,Leroy St and Chestnut IB,891
10/23/2018 8:45,WS Outbound-DCL Inbound,Leroy St and Chestnut IB,891
10/23/2018 8:45,WS Outbound-DCL Inbound,Leroy St and Chestnut IB,891
10/23/2018 8:45,WS Outbound-DCL Inbound,Leroy St and Chestnut IB,891
10/23/2018 8:45,WS Outbound-DCL Inbound,Leroy St and Chestnut IB,891
10/23/2018 8:45,WS Outbound-DCL Inbound,Leroy St and Chestnut IB,891
10/23/2018 8:58,WS Outbound-DCL Inbound,Union,891
10/23/2018 8:58,WS Outbound-DCL Inbound,Union,891
10/23/2018 8:59,WS Outbound-DCL Inbound,UDC,526
10/23/2018 8:59,WS Outbound-DCL Inbound,UDC,526
10/23/2018 8:59,WS Outbound-DCL Inbound,UDC,526
10/23/2018 8:59,WS Outbound-DCL Inbound,UDC,526
10/23/2018 9:01,WS Outbound-DCL Inbound,Leroy St and Front,526
10/23/2018 9:02,WS Outbound-DCL Inbound,Leroy St and Murray IB,526
10/23/2018 9:02,WS Outbound-DCL Inbound,Leroy St and Murray IB,526
10/23/2018 9:02,WS Outbound-DCL Inbound,Leroy St and Murray IB,526
10/23/2018 9:02,WS Outbound-DCL Inbound,Leroy St and Murray IB,526
10/23/2018 9:02,WS Outbound-DCL Inbound,Leroy St and Murray IB,526
10/23/2018 9:02,WS Outbound-DCL Inbound,Leroy St and Murray IB,526
10/23/2018 9:02,WS Outbound-DCL Inbound,Leroy St and Murray IB,526
10/23/2018 9:03,WS Outbound-DCL Inbound,Leroy St and Chestnut IB,526
10/23/2018 9:03,WS Outbound-DCL Inbound,Leroy St and Chestnut IB,526
10/23/2018 9:03,WS Outbound-DCL Inbound,Leroy St and Chestnut IB,526
10/23/2018 9:04,WS Outbound-DCL Inbound,Beethoven and Leroy,526
10/23/2018 9:19,WS Outbound-DCL Inbound,UDC,55
10/23/2018 9:21,WS Outbound-DCL Inbound,UDC,55
10/23/2018 9:24,WS Outbound-DCL Inbound,UDC,55
10/23/2018 9:25,WS Outbound-DCL Inbound,UDC,55
10/23/2018 9:29,WS Outbound-DCL Inbound,Leroy St and Front,55
10/23/2018 9:29,WS Outbound-DCL Inbound,Leroy St and Front,55
10/23/2018 9:29,WS Outbound-DCL Inbound,Leroy St and Front,55
10/23/2018 9:29,WS Outbound-DCL Inbound,Leroy St and Front,55
10/23/2018 9:29,WS Outbound-DCL Inbound,Leroy St and Front,55
10/23/2018 9:29,WS Outbound-DCL Inbound,Leroy St and Murray IB,55
10/23/2018 9:30,WS Outbound-DCL Inbound,Leroy St and Murray IB,55
10/23/2018 9:30,WS Outbound-DCL Inbound,Leroy St and Murray IB,55
10/23/2018 9:30,WS Outbound-DCL Inbound,Leroy St and Murray IB,55
10/23/2018 9:30,WS Outbound-DCL Inbound,Leroy St and Murray IB,55
10/23/2018 9:30,WS Outbound-DCL Inbound,Leroy St and Murray IB,55
10/23/2018 9:30,WS Outbound-DCL Inbound,Leroy St and Murray IB,55
10/23/2018 9:30,WS Outbound-DCL Inbound,Leroy St and Murray IB,55
10/23/2018 9:30,WS Outbound-DCL Inbound,Leroy St and Murray IB,55
10/23/2018 9:30,WS Outbound-DCL Inbound,Leroy St and Murray IB,55
10/23/2018 9:30,WS Outbound-DCL Inbound,Leroy St and Murray IB,55
10/23/2018 9:30,WS Outbound-DCL Inbound,Leroy St and Murray IB,55
10/23/2018 9:30,WS Outbound-DCL Inbound,Leroy St and Murray IB,55
10/23/2018 9:30,WS Outbound-DCL Inbound,Leroy St and Murray IB,55
10/23/2018 9:30,WS Outbound-DCL Inbound,Leroy St and Murray IB,55
10/23/2018 9:30,WS Outbound-DCL Inbound,Leroy St and Murray IB,55
10/23/2018 9:30,WS Outbound-DCL Inbound,Leroy St and Murray IB,55
10/23/2018 9:30,WS Outbound-DCL Inbound,Leroy St and Murray IB,55
10/23/2018 9:30,WS Outbound-DCL Inbound,Leroy St and Murray IB,55
10/23/2018 9:30,WS Outbound-DCL Inbound,Leroy St and Murray IB,55
10/23/2018 9:30,WS Outbound-DCL Inbound,Leroy St and Murray IB,55
10/23/2018 9:30,WS Outbound-DCL Inbound,Leroy St and Murray IB,55
10/23/2018 9:30,WS Outbound-DCL Inbound,Leroy St and Murray IB,55
10/23/2018 9:30,WS Outbound-DCL Inbound,Leroy St and Murray IB,55
10/23/2018 9:30,WS Outbound-DCL Inbound,Leroy St and Murray IB,55
10/23/2018 9:31,WS Outbound-DCL Inbound,Leroy St and Chestnut IB,55
10/23/2018 9:31,WS Outbound-DCL Inbound,Leroy St and Chestnut IB,55
10/23/2018 9:31,WS Outbound-DCL Inbound,Leroy St and Chestnut IB,55
10/23/2018 9:31,WS Outbound-DCL Inbound,Leroy St and Chestnut IB,55
10/23/2018 9:31,WS Outbound-DCL Inbound,Leroy St and Chestnut IB,55
10/23/2018 9:31,WS Outbound-DCL Inbound,Leroy St and Chestnut IB,55
10/23/2018 9:31,WS Outbound-DCL Inbound,Leroy St and Chestnut IB,55
10/23/2018 9:31,WS Outbound-DCL Inbound,Leroy St and Chestnut IB,55
10/23/2018 9:31,WS Outbound-DCL Inbound,Leroy St and Chestnut IB,55
10/23/2018 9:31,WS Outbound-DCL Inbound,Leroy St and Chestnut IB,55
10/23/2018 9:32,WS Outbound-DCL Inbound,Leroy St and Chestnut IB,55
10/23/2018 9:32,WS Outbound-DCL Inbound,Leroy St and Chestnut IB,55
10/23/2018 9:43,WS Outbound-DCL Inbound,Leroy St and Front,21
10/23/2018 9:43,WS Outbound-DCL Inbound,Leroy St and Front,21
10/23/2018 9:43,WS Outbound-DCL Inbound,Leroy St and Front,21
10/23/2018 9:44,WS Outbound-DCL Inbound,Leroy St and Murray IB,21
10/23/2018 9:44,WS Outbound-DCL Inbound,Leroy St and Murray IB,21
10/23/2018 9:44,WS Outbound-DCL Inbound,Leroy St and Murray IB,21
10/23/2018 9:44,WS Outbound-DCL Inbound,Leroy St and Murray IB,21
10/23/2018 9:44,WS Outbound-DCL Inbound,Leroy St and Murray IB,21
10/23/2018 9:44,WS Outbound-DCL Inbound,Leroy St and Murray IB,21
10/23/2018 9:45,WS Outbound-DCL Inbound,Leroy St and Murray IB,21
10/23/2018 9:45,WS Outbound-DCL Inbound,Leroy St and Murray IB,21
10/23/2018 9:45,WS Outbound-DCL Inbound,Leroy St and Murray IB,21
10/23/2018 9:45,WS Outbound-DCL Inbound,Leroy St and Murray IB,21
10/23/2018 9:45,WS Outbound-DCL Inbound,Leroy St and Murray IB,21
10/23/2018 9:45,WS Outbound-DCL Inbound,Leroy St and Murray IB,21
10/23/2018 9:45,WS Outbound-DCL Inbound,Leroy St and Murray IB,21
10/23/2018 9:45,WS Outbound-DCL Inbound,Leroy St and Murray IB,21
10/23/2018 9:45,WS Outbound-DCL Inbound,Leroy St and Murray IB,21
10/23/2018 9:45,WS Outbound-DCL Inbound,Leroy St and Murray IB,21
10/23/2018 9:45,WS Outbound-DCL Inbound,Leroy St and Murray IB,21
10/23/2018 9:45,WS Outbound-DCL Inbound,Leroy St and Murray IB,21
10/23/2018 9:45,WS Outbound-DCL Inbound,Leroy St and Murray IB,21
10/23/2018 9:45,WS Outbound-DCL Inbound,Leroy St and Murray IB,21
10/23/2018 9:45,WS Outbound-DCL Inbound,Leroy St and Murray IB,21
10/23/2018 9:45,WS Outbound-DCL Inbound,Leroy St and Murray IB,21
10/23/2018 9:46,WS Outbound-DCL Inbound,Union,891
10/23/2018 9:46,WS Outbound-DCL Inbound,Union,891
10/23/2018 9:46,WS Outbound-DCL Inbound,Union,891
10/23/2018 9:46,WS Outbound-DCL Inbound,Union,891
10/23/2018 9:46,WS Outbound-DCL Inbound,Union,891
10/23/2018 9:46,WS Outbound-DCL Inbound,Union,891
10/23/2018 9:46,WS Outbound-DCL Inbound,Leroy St and Chestnut IB,21
10/23/2018 9:46,WS Outbound-DCL Inbound,Leroy St and Chestnut IB,21
10/23/2018 9:46,WS Outbound-DCL Inbound,Leroy St and Chestnut IB,21
10/23/2018 9:46,WS Outbound-DCL Inbound,Leroy St and Chestnut IB,21
10/23/2018 9:46,WS Outbound-DCL Inbound,Leroy St and Chestnut IB,21
10/23/2018 9:46,WS Outbound-DCL Inbound,Leroy St and Chestnut IB,21
10/23/2018 9:46,WS Outbound-DCL Inbound,Leroy St and Chestnut IB,21
10/23/2018 9:46,WS Outbound-DCL Inbound,Leroy St and Chestnut IB,21
10/23/2018 9:46,WS Outbound-DCL Inbound,Leroy St and Chestnut IB,21
10/23/2018 9:46,WS Outbound-DCL Inbound,Leroy St and Chestnut IB,21
10/23/2018 9:46,WS Outbound-DCL Inbound,Leroy St and Chestnut IB,21
10/23/2018 9:47,WS Outbound-DCL Inbound,Leroy St and Chestnut IB,21
10/23/2018 9:47,WS Outbound-DCL Inbound,Leroy St and Chestnut IB,21
10/23/2018 9:47,WS Outbound-DCL Inbound,Leroy St and Chestnut IB,21
10/23/2018 9:47,WS Outbound-DCL Inbound,Leroy St and Chestnut IB,21
10/23/2018 9:47,WS Outbound-DCL Inbound,Leroy St and Chestnut IB,21
10/23/2018 9:48,WS Outbound-DCL Inbound,Leroy St and Laurel IB,21
10/23/2018 9:51,WS Outbound-DCL Inbound,UDC,787
10/23/2018 9:51,WS Outbound-DCL Inbound,UDC,787
10/23/2018 9:52,WS Outbound-DCL Inbound,Riverside and Columbus IB,21
10/23/2018 9:52,WS Outbound-DCL Inbound,Riverside and Columbus IB,21
10/23/2018 9:55,WS Outbound-DCL Inbound,UDC,787
10/23/2018 9:59,WS Outbound-DCL Inbound,Leroy St and Murray IB,787
10/23/2018 9:59,WS Outbound-DCL Inbound,Leroy St and Murray IB,787
10/23/2018 10:00,WS Outbound-DCL Inbound,Leroy St and Chestnut IB,787
10/23/2018 10:00,WS Outbound-DCL Inbound,Leroy St and Chestnut IB,787
10/23/2018 10:00,WS Outbound-DCL Inbound,Leroy St and Chestnut IB,787
10/23/2018 10:00,WS Outbound-DCL Inbound,Leroy St and Chestnut IB,787
10/23/2018 10:01,WS Outbound-DCL Inbound,Leroy St and Laurel IB,787
10/23/2018 10:01,WS Outbound-DCL Inbound,Leroy St and Laurel IB,787
10/23/2018 10:13,WS Outbound-DCL Inbound,Leroy St and Front,891
10/23/2018 10:13,WS Outbound-DCL Inbound,Leroy St and Front,891
10/23/2018 10:14,WS Outbound-DCL Inbound,Union,787
10/23/2018 10:14,WS Outbound-DCL Inbound,Union,787
10/23/2018 10:14,WS Outbound-DCL Inbound,Union,787
10/23/2018 10:14,WS Outbound-DCL Inbound,Union,787
10/23/2018 10:14,WS Outbound-DCL Inbound,Union,787
10/23/2018 10:14,WS Outbound-DCL Inbound,Union,787
10/23/2018 10:14,WS Outbound-DCL Inbound,Union,787
10/23/2018 10:14,WS Outbound-DCL Inbound,Union,787
10/23/2018 10:14,WS Outbound-DCL Inbound,Union,787
10/23/2018 10:14,WS Outbound-DCL Inbound,Union,787
10/23/2018 10:14,WS Outbound-DCL Inbound,Union,787
10/23/2018 10:14,WS Outbound-DCL Inbound,Union,787
10/23/2018 10:14,WS Outbound-DCL Inbound,Union,787
10/23/2018 10:15,WS Outbound-DCL Inbound,Leroy St and Chestnut IB,891
10/23/2018 10:15,WS Outbound-DCL Inbound,Leroy St and Chestnut IB,891
10/23/2018 10:15,WS Outbound-DCL Inbound,Leroy St and Chestnut IB,891
10/23/2018 10:15,WS Outbound-DCL Inbound,Leroy St and Chestnut IB,891
10/23/2018 10:17,WS Outbound-DCL Inbound,Beethoven and Leroy,891
10/23/2018 10:22,WS Outbound-DCL Inbound,UDC,889
10/23/2018 10:27,WS Outbound-DCL Inbound,Leroy St and Murray IB,889
10/23/2018 10:27,WS Outbound-DCL Inbound,Leroy St and Murray IB,889
10/23/2018 10:28,WS Outbound-DCL Inbound,Leroy St and Chestnut IB,889
10/23/2018 10:28,WS Outbound-DCL Inbound,Leroy St and Chestnut IB,889
10/23/2018 10:29,WS Outbound-DCL Inbound,Leroy St and Laurel IB,889
10/23/2018 10:29,WS Outbound-DCL Inbound,Union,891
10/23/2018 10:29,WS Outbound-DCL Inbound,Union,891
10/23/2018 10:29,WS Outbound-DCL Inbound,Union,891
10/23/2018 10:29,WS Outbound-DCL Inbound,Union,891
10/23/2018 10:30,WS Outbound-DCL Inbound,Union,891
10/23/2018 10:38,WS Outbound-DCL Inbound,UDC,21
10/23/2018 10:39,WS Outbound-DCL Inbound,UDC,21
10/23/2018 10:40,WS Outbound-DCL Inbound,Union,889
10/23/2018 10:40,WS Outbound-DCL Inbound,Union,889
10/23/2018 10:41,WS Outbound-DCL Inbound,Union,889
10/23/2018 10:41,WS Outbound-DCL Inbound,Union,889
10/23/2018 10:41,WS Outbound-DCL Inbound,Union,889
10/23/2018 10:42,WS Outbound-DCL Inbound,Leroy St and Murray IB,21
10/23/2018 10:42,WS Outbound-DCL Inbound,Leroy St and Murray IB,21
10/23/2018 10:43,WS Outbound-DCL Inbound,Leroy St and Murray IB,21
10/23/2018 10:43,WS Outbound-DCL Inbound,Leroy St and Murray IB,21
10/23/2018 10:43,WS Outbound-DCL Inbound,Leroy St and Murray IB,21
10/23/2018 10:43,WS Outbound-DCL Inbound,Leroy St and Chestnut IB,21
10/23/2018 10:43,WS Outbound-DCL Inbound,Leroy St and Chestnut IB,21
10/23/2018 10:43,WS Outbound-DCL Inbound,Leroy St and Chestnut IB,21
10/23/2018 10:43,WS Outbound-DCL Inbound,Leroy St and Chestnut IB,21
10/23/2018 10:43,WS Outbound-DCL Inbound,Leroy St and Chestnut IB,21
10/23/2018 10:44,WS Outbound-DCL Inbound,Union,889
10/23/2018 10:46,WS Outbound-DCL Inbound,Union,889
10/23/2018 10:46,WS Outbound-DCL Inbound,Engineering Bldg,889
10/23/2018 10:46,WS Outbound-DCL Inbound,Engineering Bldg,889
10/23/2018 10:48,WS Outbound-DCL Inbound,Riverside and Margaret OB,21
10/23/2018 10:51,WS Outbound-DCL Inbound,UDC,42
10/23/2018 10:52,WS Outbound-DCL Inbound,UDC,42
10/23/2018 10:54,WS Outbound-DCL Inbound,UDC,42
10/23/2018 10:55,WS Outbound-DCL Inbound,Floral and Cleveland OB,889
10/23/2018 10:55,WS Outbound-DCL Inbound,UDC,42
10/23/2018 10:57,WS Outbound-DCL Inbound,Union,21
10/23/2018 10:57,WS Outbound-DCL Inbound,Union,21
10/23/2018 10:57,WS Outbound-DCL Inbound,Union,21
10/23/2018 10:58,WS Outbound-DCL Inbound,Main and Schiller OB,889
10/23/2018 10:58,WS Outbound-DCL Inbound,Leroy St and Front,42
10/23/2018 10:59,WS Outbound-DCL Inbound,Leroy St and Murray IB,42
10/23/2018 10:59,WS Outbound-DCL Inbound,Leroy St and Murray IB,42
10/23/2018 10:59,WS Outbound-DCL Inbound,Leroy St and Murray IB,42
10/23/2018 10:59,WS Outbound-DCL Inbound,Leroy St and Murray IB,42
10/23/2018 10:59,WS Outbound-DCL Inbound,Leroy St and Murray IB,42
10/23/2018 10:59,WS Outbound-DCL Inbound,Leroy St and Murray IB,42
10/23/2018 10:59,WS Outbound-DCL Inbound,Leroy St and Murray IB,42
10/23/2018 10:59,WS Outbound-DCL Inbound,Leroy St and Murray IB,42
10/23/2018 10:59,WS Outbound-DCL Inbound,Leroy St and Murray IB,42
10/23/2018 10:59,WS Outbound-DCL Inbound,Leroy St and Murray IB,42
10/23/2018 11:00,WS Outbound-DCL Inbound,Leroy St and Chestnut OB,42
10/23/2018 11:00,WS Outbound-DCL Inbound,Leroy St and Chestnut OB,42
10/23/2018 11:00,WS Outbound-DCL Inbound,Leroy St and Chestnut OB,42
10/23/2018 11:01,WS Outbound-DCL Inbound,Main and Arthur,889
10/23/2018 11:06,WS Outbound-DCL Inbound,UDC,889
10/23/2018 11:06,WS Outbound-DCL Inbound,UDC,889
10/23/2018 11:08,WS Outbound-DCL Inbound,UDC,889
10/23/2018 11:08,WS Outbound-DCL Inbound,UDC,889
10/23/2018 11:12,WS Outbound-DCL Inbound,Leroy St and Front,889
10/23/2018 11:12,WS Outbound-DCL Inbound,Leroy St and Front,889
10/23/2018 11:12,WS Outbound-DCL Inbound,Leroy St and Front,889
10/23/2018 11:12,WS Outbound-DCL Inbound,Leroy St and Front,889
10/23/2018 11:13,WS Outbound-DCL Inbound,Leroy St and Murray IB,889
10/23/2018 11:13,WS Outbound-DCL Inbound,Leroy St and Murray IB,889
10/23/2018 11:13,WS Outbound-DCL Inbound,Leroy St and Murray IB,889
10/23/2018 11:13,WS Outbound-DCL Inbound,Leroy St and Murray IB,889
10/23/2018 11:13,WS Outbound-DCL Inbound,Leroy St and Murray IB,889
10/23/2018 11:13,WS Outbound-DCL Inbound,Leroy St and Murray IB,889
10/23/2018 11:13,WS Outbound-DCL Inbound,Leroy St and Murray IB,889
10/23/2018 11:13,WS Outbound-DCL Inbound,Leroy St and Murray IB,889
10/23/2018 11:13,WS Outbound-DCL Inbound,Leroy St and Murray IB,889
10/23/2018 11:13,WS Outbound-DCL Inbound,Leroy St and Murray IB,889
10/23/2018 11:13,WS Outbound-DCL Inbound,Leroy St and Murray IB,889
10/23/2018 11:13,WS Outbound-DCL Inbound,Leroy St and Murray IB,889
10/23/2018 11:13,WS Outbound-DCL Inbound,Leroy St and Murray IB,889
10/23/2018 11:13,WS Outbound-DCL Inbound,Leroy St and Murray IB,889
10/23/2018 11:13,WS Outbound-DCL Inbound,Leroy St and Murray IB,889
10/23/2018 11:13,WS Outbound-DCL Inbound,Leroy St and Murray IB,889
10/23/2018 11:14,WS Outbound-DCL Inbound,Leroy St and Chestnut IB,889
10/23/2018 11:14,WS Outbound-DCL Inbound,Leroy St and Chestnut IB,889
10/23/2018 11:14,WS Outbound-DCL Inbound,Leroy St and Chestnut IB,889
10/23/2018 11:14,WS Outbound-DCL Inbound,Leroy St and Chestnut IB,889
10/23/2018 11:14,WS Outbound-DCL Inbound,Leroy St and Chestnut IB,889
10/23/2018 11:14,WS Outbound-DCL Inbound,Leroy St and Chestnut IB,889
10/23/2018 11:14,WS Outbound-DCL Inbound,Leroy St and Chestnut IB,889
10/23/2018 11:14,WS Outbound-DCL Inbound,Leroy St and Chestnut IB,889
10/23/2018 11:14,WS Outbound-DCL Inbound,Leroy St and Chestnut IB,889
10/23/2018 11:14,WS Outbound-DCL Inbound,Leroy St and Chestnut IB,889
10/23/2018 11:15,WS Outbound-DCL Inbound,Leroy St and Chestnut IB,889
10/23/2018 11:15,WS Outbound-DCL Inbound,Leroy St and Chestnut IB,889
10/23/2018 11:15,WS Outbound-DCL Inbound,Leroy St and Chestnut IB,889
10/23/2018 11:15,WS Outbound-DCL Inbound,Leroy St and Chestnut IB,889
10/23/2018 11:15,WS Outbound-DCL Inbound,Leroy St and Chestnut IB,889
10/23/2018 11:15,WS Outbound-DCL Inbound,Union,891
10/23/2018 11:15,WS Outbound-DCL Inbound,Union,891
10/23/2018 11:15,WS Outbound-DCL Inbound,Union,891
10/23/2018 11:15,WS Outbound-DCL Inbound,Union,891
10/23/2018 11:15,WS Outbound-DCL Inbound,Union,891
10/23/2018 11:16,WS Outbound-DCL Inbound,Union,891
10/23/2018 11:16,WS Outbound-DCL Inbound,Beethoven and Leroy,889
10/23/2018 11:17,WS Outbound-DCL Inbound,Union,891
10/23/2018 11:20,WS Outbound-DCL Inbound,Riverside and Columbus IB,889
10/23/2018 11:20,WS Outbound-DCL Inbound,Riverside and Columbus IB,889
10/23/2018 11:20,WS Outbound-DCL Inbound,Physical Facilities,891
10/23/2018 11:34,WS Outbound-DCL Inbound,Main and Murray OB,891
10/23/2018 11:34,WS Outbound-DCL Inbound,Main and Murray OB,891
10/23/2018 11:38,WS Outbound-DCL Inbound,UDC,891
10/23/2018 11:38,WS Outbound-DCL Inbound,UDC,891
10/23/2018 11:38,WS Outbound-DCL Inbound,UDC,891
10/23/2018 11:38,WS Outbound-DCL Inbound,UDC,891
10/23/2018 11:40,WS Outbound-DCL Inbound,UDC,891
10/23/2018 11:42,WS Outbound-DCL Inbound,Union,21
10/23/2018 11:43,WS Outbound-DCL Inbound,Union,21
10/23/2018 11:43,WS Outbound-DCL Inbound,Union,21
10/23/2018 11:43,WS Outbound-DCL Inbound,Union,21
10/23/2018 11:43,WS Outbound-DCL Inbound,Union,21
10/23/2018 11:43,WS Outbound-DCL Inbound,Union,21
10/23/2018 11:43,WS Outbound-DCL Inbound,Union,21
10/23/2018 11:43,WS Outbound-DCL Inbound,Union,21
10/23/2018 11:43,WS Outbound-DCL Inbound,Union,21
10/23/2018 11:43,WS Outbound-DCL Inbound,Union,21
10/23/2018 11:43,WS Outbound-DCL Inbound,Union,21
10/23/2018 11:43,WS Outbound-DCL Inbound,Union,21
10/23/2018 11:43,WS Outbound-DCL Inbound,Union,21
10/23/2018 11:43,WS Outbound-DCL Inbound,Union,21
10/23/2018 11:43,WS Outbound-DCL Inbound,Union,21
10/23/2018 11:43,WS Outbound-DCL Inbound,Union,21
10/23/2018 11:43,WS Outbound-DCL Inbound,Union,21
10/23/2018 11:43,WS Outbound-DCL Inbound,Union,21
10/23/2018 11:43,WS Outbound-DCL Inbound,Union,21
10/23/2018 11:43,WS Outbound-DCL Inbound,Leroy St and Front,891
10/23/2018 11:44,WS Outbound-DCL Inbound,Union,21
10/23/2018 11:44,WS Outbound-DCL Inbound,Leroy St and Murray OB,891
10/23/2018 11:44,WS Outbound-DCL Inbound,Leroy St and Murray OB,891
10/23/2018 11:44,WS Outbound-DCL Inbound,Leroy St and Murray OB,891
10/23/2018 11:44,WS Outbound-DCL Inbound,Union,21
10/23/2018 11:44,WS Outbound-DCL Inbound,Union,21
10/23/2018 11:44,WS Outbound-DCL Inbound,Union,21
10/23/2018 11:45,WS Outbound-DCL Inbound,Leroy St and Chestnut OB,891
10/23/2018 11:45,WS Outbound-DCL Inbound,Leroy St and Chestnut OB,891
10/23/2018 11:45,WS Outbound-DCL Inbound,Leroy St and Chestnut OB,891
10/23/2018 11:45,WS Outbound-DCL Inbound,Leroy St and Chestnut OB,891
10/23/2018 11:45,WS Outbound-DCL Inbound,Leroy St and Chestnut OB,891
10/23/2018 11:45,WS Outbound-DCL Inbound,Leroy St and Chestnut OB,891
10/23/2018 11:49,WS Outbound-DCL Inbound,Denny''s,21
10/23/2018 11:51,WS Outbound-DCL Inbound,Riverside and Ethel OB,891
10/23/2018 11:53,WS Outbound-DCL Inbound,Floral and Harrison IB,21
10/23/2018 11:59,WS Outbound-DCL Inbound,Main and Schiller OB,21
10/23/2018 11:59,WS Outbound-DCL Inbound,Union,891
10/23/2018 11:59,WS Outbound-DCL Inbound,Union,891
10/23/2018 11:59,WS Outbound-DCL Inbound,Union,891
10/23/2018 11:59,WS Outbound-DCL Inbound,Union,891
10/23/2018 11:59,WS Outbound-DCL Inbound,Union,891
10/23/2018 11:59,WS Outbound-DCL Inbound,Union,891
10/23/2018 12:00,WS Outbound-DCL Inbound,Union,891
10/23/2018 12:00,WS Outbound-DCL Inbound,Union,891
10/23/2018 12:00,WS Outbound-DCL Inbound,Union,891
10/23/2018 12:00,WS Outbound-DCL Inbound,Main and Clarke OB,21
10/23/2018 12:00,WS Outbound-DCL Inbound,Union,891
10/23/2018 12:03,WS Outbound-DCL Inbound,Main and Murray OB,21
10/23/2018 12:13,WS Outbound-DCL Inbound,Leroy St and Murray IB,21
10/23/2018 12:13,WS Outbound-DCL Inbound,Leroy St and Murray IB,21
10/23/2018 12:13,WS Outbound-DCL Inbound,Leroy St and Murray IB,21
10/23/2018 12:14,WS Outbound-DCL Inbound,Leroy St and Chestnut OB,21
10/23/2018 12:14,WS Outbound-DCL Inbound,Leroy St and Chestnut OB,21
10/23/2018 12:15,WS Outbound-DCL Inbound,Union,787
10/23/2018 12:15,WS Outbound-DCL Inbound,Union,787
10/23/2018 12:15,WS Outbound-DCL Inbound,Union,787
10/23/2018 12:15,WS Outbound-DCL Inbound,Union,787
10/23/2018 12:15,WS Outbound-DCL Inbound,Union,787
10/23/2018 12:15,WS Outbound-DCL Inbound,Union,787
10/23/2018 12:15,WS Outbound-DCL Inbound,Union,787
10/23/2018 12:15,WS Outbound-DCL Inbound,Union,787
10/23/2018 12:15,WS Outbound-DCL Inbound,Union,787
10/23/2018 12:15,WS Outbound-DCL Inbound,Union,787
10/23/2018 12:16,WS Outbound-DCL Inbound,Union,787
10/23/2018 12:21,WS Outbound-DCL Inbound,UDC,55
10/23/2018 12:22,WS Outbound-DCL Inbound,UDC,55
10/23/2018 12:29,WS Outbound-DCL Inbound,Union,21
10/23/2018 12:29,WS Outbound-DCL Inbound,Union,21
10/23/2018 12:29,WS Outbound-DCL Inbound,Union,21
10/23/2018 12:29,WS Outbound-DCL Inbound,Leroy St and Murray IB,55
10/23/2018 12:29,WS Outbound-DCL Inbound,Leroy St and Murray IB,55
10/23/2018 12:29,WS Outbound-DCL Inbound,Leroy St and Murray IB,55
10/23/2018 12:29,WS Outbound-DCL Inbound,Leroy St and Murray IB,55
10/23/2018 12:29,WS Outbound-DCL Inbound,Leroy St and Murray IB,55
10/23/2018 12:30,WS Outbound-DCL Inbound,Leroy St and Chestnut OB,55
10/23/2018 12:30,WS Outbound-DCL Inbound,Leroy St and Chestnut OB,55
10/23/2018 12:30,WS Outbound-DCL Inbound,Leroy St and Chestnut OB,55
10/23/2018 12:30,WS Outbound-DCL Inbound,Leroy St and Chestnut OB,55
10/23/2018 12:30,WS Outbound-DCL Inbound,Leroy St and Chestnut OB,55
10/23/2018 12:30,WS Outbound-DCL Inbound,Leroy St and Chestnut OB,55
10/23/2018 12:30,WS Outbound-DCL Inbound,Leroy St and Chestnut OB,55
10/23/2018 12:30,WS Outbound-DCL Inbound,Main and Clarke IB,787
10/23/2018 12:30,WS Outbound-DCL Inbound,Leroy St and Chestnut OB,55
10/23/2018 12:32,WS Outbound-DCL Inbound,Beethoven and Leroy,55
10/23/2018 12:37,WS Outbound-DCL Inbound,UDC,787
10/23/2018 12:37,WS Outbound-DCL Inbound,UDC,787
10/23/2018 12:42,WS Outbound-DCL Inbound,Leroy St and Front,787
10/23/2018 12:42,WS Outbound-DCL Inbound,Leroy St and Front,787
10/23/2018 12:42,WS Outbound-DCL Inbound,Leroy St and Front,787
10/23/2018 12:43,WS Outbound-DCL Inbound,Leroy St and Murray IB,787
10/23/2018 12:43,WS Outbound-DCL Inbound,Leroy St and Murray IB,787
10/23/2018 12:43,WS Outbound-DCL Inbound,Leroy St and Murray IB,787
10/23/2018 12:43,WS Outbound-DCL Inbound,Leroy St and Murray IB,787
10/23/2018 12:43,WS Outbound-DCL Inbound,Leroy St and Murray IB,787
10/23/2018 12:43,WS Outbound-DCL Inbound,Leroy St and Murray IB,787
10/23/2018 12:43,WS Outbound-DCL Inbound,Leroy St and Murray IB,787
10/23/2018 12:43,WS Outbound-DCL Inbound,Leroy St and Murray IB,787
10/23/2018 12:43,WS Outbound-DCL Inbound,Leroy St and Murray IB,787
10/23/2018 12:44,WS Outbound-DCL Inbound,Leroy St and Murray IB,787
10/23/2018 12:44,WS Outbound-DCL Inbound,Leroy St and Murray IB,787
10/23/2018 12:44,WS Outbound-DCL Inbound,Leroy St and Murray IB,787
10/23/2018 12:44,WS Outbound-DCL Inbound,Leroy St and Murray IB,787
10/23/2018 12:44,WS Outbound-DCL Inbound,Leroy St and Murray IB,787
10/23/2018 12:44,WS Outbound-DCL Inbound,Leroy St and Murray IB,787
10/23/2018 12:44,WS Outbound-DCL Inbound,Leroy St and Murray IB,787
10/23/2018 12:44,WS Outbound-DCL Inbound,Leroy St and Murray IB,787
10/23/2018 12:44,WS Outbound-DCL Inbound,Leroy St and Murray IB,787
10/23/2018 12:44,WS Outbound-DCL Inbound,Leroy St and Murray IB,787
10/23/2018 12:44,WS Outbound-DCL Inbound,Leroy St and Murray IB,787
10/23/2018 12:44,WS Outbound-DCL Inbound,Leroy St and Murray IB,787
10/23/2018 12:44,WS Outbound-DCL Inbound,Leroy St and Murray IB,787
10/23/2018 12:44,WS Outbound-DCL Inbound,Leroy St and Murray IB,787
10/23/2018 12:45,WS Outbound-DCL Inbound,Union,891
10/23/2018 12:45,WS Outbound-DCL Inbound,Union,891
10/23/2018 12:45,WS Outbound-DCL Inbound,Union,891
10/23/2018 12:45,WS Outbound-DCL Inbound,Union,891
10/23/2018 12:45,WS Outbound-DCL Inbound,Union,891
10/23/2018 12:45,WS Outbound-DCL Inbound,Leroy St and Chestnut IB,787
10/23/2018 12:45,WS Outbound-DCL Inbound,Union,891
10/23/2018 12:45,WS Outbound-DCL Inbound,Union,891
10/23/2018 12:45,WS Outbound-DCL Inbound,Leroy St and Chestnut IB,787
10/23/2018 12:45,WS Outbound-DCL Inbound,Leroy St and Chestnut IB,787
10/23/2018 12:45,WS Outbound-DCL Inbound,Union,891
10/23/2018 12:45,WS Outbound-DCL Inbound,Leroy St and Chestnut IB,787
10/23/2018 12:45,WS Outbound-DCL Inbound,Leroy St and Chestnut IB,787
10/23/2018 12:45,WS Outbound-DCL Inbound,Union,891
10/23/2018 12:45,WS Outbound-DCL Inbound,Leroy St and Chestnut IB,787
10/23/2018 12:45,WS Outbound-DCL Inbound,Leroy St and Chestnut IB,787
10/23/2018 12:45,WS Outbound-DCL Inbound,Leroy St and Chestnut IB,787
10/23/2018 12:45,WS Outbound-DCL Inbound,Union,891
10/23/2018 12:45,WS Outbound-DCL Inbound,Leroy St and Chestnut IB,787
10/23/2018 12:46,WS Outbound-DCL Inbound,Leroy St and Chestnut IB,787
10/23/2018 12:46,WS Outbound-DCL Inbound,Leroy St and Chestnut IB,787
10/23/2018 12:46,WS Outbound-DCL Inbound,Union,891
10/23/2018 12:46,WS Outbound-DCL Inbound,Leroy St and Chestnut IB,787
10/23/2018 12:46,WS Outbound-DCL Inbound,Union,891
10/23/2018 12:46,WS Outbound-DCL Inbound,Leroy St and Chestnut IB,787
10/23/2018 12:46,WS Outbound-DCL Inbound,Leroy St and Chestnut IB,787
10/23/2018 12:46,WS Outbound-DCL Inbound,Union,891
10/23/2018 12:46,WS Outbound-DCL Inbound,Leroy St and Chestnut IB,787
10/23/2018 12:51,WS Outbound-DCL Inbound,Riverside and Columbus IB,787
10/23/2018 13:00,WS Outbound-DCL Inbound,Main and Clarke OB,891
10/23/2018 13:00,WS Outbound-DCL Inbound,Union,42
10/23/2018 13:00,WS Outbound-DCL Inbound,Union,42
10/23/2018 13:00,WS Outbound-DCL Inbound,Union,42
10/23/2018 13:01,WS Outbound-DCL Inbound,Union,42
10/23/2018 13:01,WS Outbound-DCL Inbound,Union,42
10/23/2018 13:01,WS Outbound-DCL Inbound,Union,42
10/23/2018 13:01,WS Outbound-DCL Inbound,Union,42
10/23/2018 13:01,WS Outbound-DCL Inbound,Union,42
10/23/2018 13:01,WS Outbound-DCL Inbound,Union,42
10/23/2018 13:01,WS Outbound-DCL Inbound,Union,42
10/23/2018 13:01,WS Outbound-DCL Inbound,Union,42
10/23/2018 13:01,WS Outbound-DCL Inbound,Union,42
10/23/2018 13:01,WS Outbound-DCL Inbound,Union,42
10/23/2018 13:01,WS Outbound-DCL Inbound,Union,42
10/23/2018 13:01,WS Outbound-DCL Inbound,Union,42
10/23/2018 13:01,WS Outbound-DCL Inbound,Union,42
10/23/2018 13:01,WS Outbound-DCL Inbound,Union,42
10/23/2018 13:02,WS Outbound-DCL Inbound,Union,42
10/23/2018 13:05,WS Outbound-DCL Inbound,Physical Facilities,42
10/23/2018 13:05,WS Outbound-DCL Inbound,Physical Facilities,42
10/23/2018 13:05,WS Outbound-DCL Inbound,Physical Facilities,42
10/23/2018 13:10,WS Outbound-DCL Inbound,Floral and Willow OB,42
10/23/2018 13:13,WS Outbound-DCL Inbound,Union,21
10/23/2018 13:13,WS Outbound-DCL Inbound,Union,21
10/23/2018 13:13,WS Outbound-DCL Inbound,Union,21
10/23/2018 13:13,WS Outbound-DCL Inbound,Union,21
10/23/2018 13:13,WS Outbound-DCL Inbound,Union,21
10/23/2018 13:13,WS Outbound-DCL Inbound,Union,21
10/23/2018 13:13,WS Outbound-DCL Inbound,Union,21
10/23/2018 13:13,WS Outbound-DCL Inbound,Union,21
10/23/2018 13:13,WS Outbound-DCL Inbound,Union,21
10/23/2018 13:13,WS Outbound-DCL Inbound,Union,21
10/23/2018 13:13,WS Outbound-DCL Inbound,Union,21
10/23/2018 13:13,WS Outbound-DCL Inbound,Union,21
10/23/2018 13:13,WS Outbound-DCL Inbound,Union,21
10/23/2018 13:13,WS Outbound-DCL Inbound,Union,21
10/23/2018 13:14,WS Outbound-DCL Inbound,Union,21
10/23/2018 13:14,WS Outbound-DCL Inbound,Union,21
10/23/2018 13:14,WS Outbound-DCL Inbound,Union,21
10/23/2018 13:14,WS Outbound-DCL Inbound,Union,21
10/23/2018 13:14,WS Outbound-DCL Inbound,Union,21
10/23/2018 13:14,WS Outbound-DCL Inbound,Union,21
10/23/2018 13:14,WS Outbound-DCL Inbound,Union,21
10/23/2018 13:14,WS Outbound-DCL Inbound,Leroy St and Murray IB,891
10/23/2018 13:14,WS Outbound-DCL Inbound,Leroy St and Murray IB,891
10/23/2018 13:14,WS Outbound-DCL Inbound,Leroy St and Murray IB,891
10/23/2018 13:14,WS Outbound-DCL Inbound,Union,21
10/23/2018 13:14,WS Outbound-DCL Inbound,Leroy St and Murray IB,891
10/23/2018 13:15,WS Outbound-DCL Inbound,Union,21
10/23/2018 13:15,WS Outbound-DCL Inbound,Union,21
10/23/2018 13:15,WS Outbound-DCL Inbound,Union,21
10/23/2018 13:15,WS Outbound-DCL Inbound,Leroy St and Chestnut IB,891
10/23/2018 13:17,WS Outbound-DCL Inbound,Physical Facilities,21
10/23/2018 13:21,WS Outbound-DCL Inbound,UDC,42
10/23/2018 13:22,WS Outbound-DCL Inbound,UDC,42
10/23/2018 13:26,WS Outbound-DCL Inbound,Academic A,891
10/23/2018 13:27,WS Outbound-DCL Inbound,Leroy St and Front,42
10/23/2018 13:28,WS Outbound-DCL Inbound,Leroy St and Murray IB,42
10/23/2018 13:28,WS Outbound-DCL Inbound,Leroy St and Murray IB,42
10/23/2018 13:28,WS Outbound-DCL Inbound,Leroy St and Murray IB,42
10/23/2018 13:29,WS Outbound-DCL Inbound,Main and Helen OB,21
10/23/2018 13:29,WS Outbound-DCL Inbound,Leroy St and Chestnut IB,42
10/23/2018 13:38,WS Outbound-DCL Inbound,UDC,21
10/23/2018 13:40,WS Outbound-DCL Inbound,UDC,21
10/23/2018 13:43,WS Outbound-DCL Inbound,Leroy St and Murray IB,21
10/23/2018 13:43,WS Outbound-DCL Inbound,Leroy St and Chestnut IB,21
10/23/2018 13:45,WS Outbound-DCL Inbound,Union,787
10/23/2018 13:45,WS Outbound-DCL Inbound,Union,787
10/23/2018 13:45,WS Outbound-DCL Inbound,Union,787
10/23/2018 13:45,WS Outbound-DCL Inbound,Union,787
10/23/2018 13:45,WS Outbound-DCL Inbound,Union,787
10/23/2018 13:46,WS Outbound-DCL Inbound,Union,787
10/23/2018 13:49,WS Outbound-DCL Inbound,Physical Facilities,787
10/23/2018 14:00,WS Outbound-DCL Inbound,Union,526
10/23/2018 14:02,WS Outbound-DCL Inbound,Physical Facilities,526
10/23/2018 14:06,WS Outbound-DCL Inbound,Hawley OB,787
10/23/2018 14:09,WS Outbound-DCL Inbound,UDC,787
10/23/2018 14:12,WS Outbound-DCL Inbound,Leroy St and Front,787
10/23/2018 14:12,WS Outbound-DCL Inbound,Leroy St and Front,787
10/23/2018 14:12,WS Outbound-DCL Inbound,Leroy St and Front,787
10/23/2018 14:13,WS Outbound-DCL Inbound,Leroy St and Murray IB,787
10/23/2018 14:13,WS Outbound-DCL Inbound,Leroy St and Murray IB,787
10/23/2018 14:13,WS Outbound-DCL Inbound,Leroy St and Murray IB,787
10/23/2018 14:13,WS Outbound-DCL Inbound,Leroy St and Murray IB,787
10/23/2018 14:13,WS Outbound-DCL Inbound,Leroy St and Murray IB,787
10/23/2018 14:14,WS Outbound-DCL Inbound,Leroy St and Murray IB,787
10/23/2018 14:15,WS Outbound-DCL Inbound,Leroy St and Chestnut IB,787
10/23/2018 14:15,WS Outbound-DCL Inbound,Leroy St and Chestnut IB,787
10/23/2018 14:15,WS Outbound-DCL Inbound,Leroy St and Chestnut IB,787
10/23/2018 14:15,WS Outbound-DCL Inbound,Leroy St and Chestnut IB,787
10/23/2018 14:15,WS Outbound-DCL Inbound,Leroy St and Chestnut IB,787
10/23/2018 14:15,WS Outbound-DCL Inbound,Leroy St and Chestnut IB,787
10/23/2018 14:16,WS Outbound-DCL Inbound,Leroy St and Chestnut IB,787
10/23/2018 14:16,WS Outbound-DCL Inbound,Leroy St and Laurel IB,787
10/23/2018 14:18,WS Outbound-DCL Inbound,UDC,526
10/23/2018 14:20,WS Outbound-DCL Inbound,UDC,526
10/23/2018 14:24,WS Outbound-DCL Inbound,UDC,526
10/23/2018 14:24,WS Outbound-DCL Inbound,UDC,526
10/23/2018 14:24,WS Outbound-DCL Inbound,UDC,526
10/23/2018 14:25,WS Outbound-DCL Inbound,UDC,526
10/23/2018 14:26,WS Outbound-DCL Inbound,UDC,526
10/23/2018 14:29,WS Outbound-DCL Inbound,Leroy St and Front,526
10/23/2018 14:29,WS Outbound-DCL Inbound,Union,55
10/23/2018 14:29,WS Outbound-DCL Inbound,Union,55
10/23/2018 14:29,WS Outbound-DCL Inbound,Union,55
10/23/2018 14:29,WS Outbound-DCL Inbound,Union,55
10/23/2018 14:29,WS Outbound-DCL Inbound,Union,55
10/23/2018 14:29,WS Outbound-DCL Inbound,Union,55
10/23/2018 14:29,WS Outbound-DCL Inbound,Union,55
10/23/2018 14:30,WS Outbound-DCL Inbound,Union,55
10/23/2018 14:30,WS Outbound-DCL Inbound,Union,55
10/23/2018 14:30,WS Outbound-DCL Inbound,Union,55
10/23/2018 14:30,WS Outbound-DCL Inbound,Union,55
10/23/2018 14:30,WS Outbound-DCL Inbound,Union,55
10/23/2018 14:30,WS Outbound-DCL Inbound,Union,55
10/23/2018 14:30,WS Outbound-DCL Inbound,Union,55
10/23/2018 14:30,WS Outbound-DCL Inbound,Leroy St and Murray IB,526
10/23/2018 14:30,WS Outbound-DCL Inbound,Leroy St and Murray IB,526
10/23/2018 14:30,WS Outbound-DCL Inbound,Leroy St and Murray IB,526
10/23/2018 14:30,WS Outbound-DCL Inbound,Leroy St and Murray IB,526
10/23/2018 14:30,WS Outbound-DCL Inbound,Leroy St and Murray IB,526
10/23/2018 14:30,WS Outbound-DCL Inbound,Leroy St and Murray IB,526
10/23/2018 14:30,WS Outbound-DCL Inbound,Leroy St and Murray IB,526
10/23/2018 14:30,WS Outbound-DCL Inbound,Leroy St and Murray IB,526
10/23/2018 14:30,WS Outbound-DCL Inbound,Leroy St and Murray IB,526
10/23/2018 14:30,WS Outbound-DCL Inbound,Leroy St and Murray IB,526
10/23/2018 14:30,WS Outbound-DCL Inbound,Leroy St and Murray IB,526
10/23/2018 14:30,WS Outbound-DCL Inbound,Union,55
10/23/2018 14:30,WS Outbound-DCL Inbound,Leroy St and Murray IB,526
10/23/2018 14:30,WS Outbound-DCL Inbound,Leroy St and Murray IB,526
10/23/2018 14:30,WS Outbound-DCL Inbound,Leroy St and Murray IB,526
10/23/2018 14:30,WS Outbound-DCL Inbound,Leroy St and Murray IB,526
10/23/2018 14:31,WS Outbound-DCL Inbound,Leroy St and Murray IB,526
10/23/2018 14:31,WS Outbound-DCL Inbound,Leroy St and Murray IB,526
10/23/2018 14:31,WS Outbound-DCL Inbound,Leroy St and Chestnut IB,526
10/23/2018 14:31,WS Outbound-DCL Inbound,Leroy St and Chestnut IB,526
10/23/2018 14:31,WS Outbound-DCL Inbound,Leroy St and Chestnut IB,526
10/23/2018 14:32,WS Outbound-DCL Inbound,Leroy St and Chestnut IB,526
10/23/2018 14:32,WS Outbound-DCL Inbound,Leroy St and Chestnut IB,526
10/23/2018 14:32,WS Outbound-DCL Inbound,Leroy St and Chestnut IB,526
10/23/2018 14:32,WS Outbound-DCL Inbound,Leroy St and Chestnut IB,526
10/23/2018 14:32,WS Outbound-DCL Inbound,Leroy St and Chestnut IB,526
10/23/2018 14:33,WS Outbound-DCL Inbound,Leroy St and Laurel IB,526
10/23/2018 14:33,WS Outbound-DCL Inbound,Beethoven and Leroy,526
10/23/2018 14:43,WS Outbound-DCL Inbound,Union,42
10/23/2018 14:43,WS Outbound-DCL Inbound,Union,42
10/23/2018 14:43,WS Outbound-DCL Inbound,Union,42
10/23/2018 14:43,WS Outbound-DCL Inbound,Union,42
10/23/2018 14:43,WS Outbound-DCL Inbound,Union,42
10/23/2018 14:43,WS Outbound-DCL Inbound,Union,42
10/23/2018 14:43,WS Outbound-DCL Inbound,Union,42
10/23/2018 14:43,WS Outbound-DCL Inbound,Union,42
10/23/2018 14:43,WS Outbound-DCL Inbound,Union,42
10/23/2018 14:43,WS Outbound-DCL Inbound,Union,42
10/23/2018 14:43,WS Outbound-DCL Inbound,Union,42
10/23/2018 14:43,WS Outbound-DCL Inbound,Union,42
10/23/2018 14:43,WS Outbound-DCL Inbound,Union,42
10/23/2018 14:43,WS Outbound-DCL Inbound,Union,42
10/23/2018 14:43,WS Outbound-DCL Inbound,Union,42
10/23/2018 14:43,WS Outbound-DCL Inbound,Union,42
10/23/2018 14:43,WS Outbound-DCL Inbound,Union,42
10/23/2018 14:43,WS Outbound-DCL Inbound,Union,42
10/23/2018 14:43,WS Outbound-DCL Inbound,Union,42
10/23/2018 14:43,WS Outbound-DCL Inbound,Union,42
10/23/2018 14:43,WS Outbound-DCL Inbound,Union,42
10/23/2018 14:43,WS Outbound-DCL Inbound,Union,42
10/23/2018 14:43,WS Outbound-DCL Inbound,Union,42
10/23/2018 14:43,WS Outbound-DCL Inbound,Union,42
10/23/2018 14:43,WS Outbound-DCL Inbound,Union,42
10/23/2018 14:43,WS Outbound-DCL Inbound,Union,42
10/23/2018 14:43,WS Outbound-DCL Inbound,Union,42
10/23/2018 14:43,WS Outbound-DCL Inbound,Union,42
10/23/2018 14:43,WS Outbound-DCL Inbound,Union,42
10/23/2018 14:43,WS Outbound-DCL Inbound,Union,42
10/23/2018 14:43,WS Outbound-DCL Inbound,Union,42
10/23/2018 14:44,WS Outbound-DCL Inbound,Union,42
10/23/2018 14:44,WS Outbound-DCL Inbound,Union,42
10/23/2018 14:44,WS Outbound-DCL Inbound,Union,42
10/23/2018 14:44,WS Outbound-DCL Inbound,Union,42
10/23/2018 14:44,WS Outbound-DCL Inbound,Union,42
10/23/2018 14:44,WS Outbound-DCL Inbound,Union,42
10/23/2018 14:44,WS Outbound-DCL Inbound,Union,42
10/23/2018 14:44,WS Outbound-DCL Inbound,Union,42
10/23/2018 14:44,WS Outbound-DCL Inbound,Union,42
10/23/2018 14:44,WS Outbound-DCL Inbound,Union,42
10/23/2018 14:44,WS Outbound-DCL Inbound,Union,42
10/23/2018 14:44,WS Outbound-DCL Inbound,Union,42
10/23/2018 14:44,WS Outbound-DCL Inbound,Union,42
10/23/2018 14:44,WS Outbound-DCL Inbound,Union,42
10/23/2018 14:44,WS Outbound-DCL Inbound,Union,42
10/23/2018 14:44,WS Outbound-DCL Inbound,Union,42
10/23/2018 14:44,WS Outbound-DCL Inbound,Union,42
10/23/2018 14:44,WS Outbound-DCL Inbound,Union,42
10/23/2018 14:44,WS Outbound-DCL Inbound,Union,42
10/23/2018 14:44,WS Outbound-DCL Inbound,Union,42
10/23/2018 14:44,WS Outbound-DCL Inbound,Union,42
10/23/2018 14:44,WS Outbound-DCL Inbound,Union,42
10/23/2018 14:45,WS Outbound-DCL Inbound,Union,42
10/23/2018 14:45,WS Outbound-DCL Inbound,Union,42
10/23/2018 14:58,WS Outbound-DCL Inbound,Leroy St and Murray IB,55
10/23/2018 14:58,WS Outbound-DCL Inbound,Leroy St and Murray IB,55
10/23/2018 14:59,WS Outbound-DCL Inbound,Leroy St and Chestnut IB,55
10/23/2018 15:01,WS Outbound-DCL Inbound,Beethoven and Leroy,55
10/23/2018 15:12,WS Outbound-DCL Inbound,Union,787
10/23/2018 15:12,WS Outbound-DCL Inbound,Union,787
10/23/2018 15:12,WS Outbound-DCL Inbound,Union,787
10/23/2018 15:12,WS Outbound-DCL Inbound,Union,787
10/23/2018 15:13,WS Outbound-DCL Inbound,Union,787
10/23/2018 15:13,WS Outbound-DCL Inbound,Union,787
10/23/2018 15:13,WS Outbound-DCL Inbound,Union,787
10/23/2018 15:13,WS Outbound-DCL Inbound,Union,787
10/23/2018 15:13,WS Outbound-DCL Inbound,Union,787
10/23/2018 15:13,WS Outbound-DCL Inbound,Union,787
10/23/2018 15:13,WS Outbound-DCL Inbound,Union,787
10/23/2018 15:13,WS Outbound-DCL Inbound,Union,787
10/23/2018 15:13,WS Outbound-DCL Inbound,Union,787
10/23/2018 15:13,WS Outbound-DCL Inbound,Union,787
10/23/2018 15:13,WS Outbound-DCL Inbound,UDC,42
10/23/2018 15:13,WS Outbound-DCL Inbound,Union,787
10/23/2018 15:13,WS Outbound-DCL Inbound,Union,787
10/23/2018 15:13,WS Outbound-DCL Inbound,Union,787
10/23/2018 15:13,WS Outbound-DCL Inbound,Union,787
10/23/2018 15:13,WS Outbound-DCL Inbound,Union,787
10/23/2018 15:13,WS Outbound-DCL Inbound,Union,787
10/23/2018 15:13,WS Outbound-DCL Inbound,Union,787
10/23/2018 15:13,WS Outbound-DCL Inbound,Union,787
10/23/2018 15:13,WS Outbound-DCL Inbound,Union,787
10/23/2018 15:13,WS Outbound-DCL Inbound,Union,787
10/23/2018 15:13,WS Outbound-DCL Inbound,Union,787
10/23/2018 15:14,WS Outbound-DCL Inbound,Union,787
10/23/2018 15:14,WS Outbound-DCL Inbound,Union,787
10/23/2018 15:15,WS Outbound-DCL Inbound,Union,787
10/23/2018 15:15,WS Outbound-DCL Inbound,Union,787
10/23/2018 15:15,WS Outbound-DCL Inbound,Union,787
10/23/2018 15:15,WS Outbound-DCL Inbound,Union,787
10/23/2018 15:15,WS Outbound-DCL Inbound,Union,787
10/23/2018 15:17,WS Outbound-DCL Inbound,Leroy St and Murray IB,42
10/23/2018 15:17,WS Outbound-DCL Inbound,Leroy St and Murray IB,42
10/23/2018 15:17,WS Outbound-DCL Inbound,Leroy St and Murray IB,42
10/23/2018 15:17,WS Outbound-DCL Inbound,Physical Facilities,787
10/23/2018 15:17,WS Outbound-DCL Inbound,Leroy St and Chestnut IB,42
10/23/2018 15:18,WS Outbound-DCL Inbound,Leroy St and Chestnut IB,42
10/23/2018 15:18,WS Outbound-DCL Inbound,Leroy St and Chestnut IB,42
10/23/2018 15:23,WS Outbound-DCL Inbound,Floral and Cleveland IB,787
10/23/2018 15:27,WS Outbound-DCL Inbound,Union,21
10/23/2018 15:27,WS Outbound-DCL Inbound,Union,21
10/23/2018 15:27,WS Outbound-DCL Inbound,Union,21
10/23/2018 15:27,WS Outbound-DCL Inbound,Union,21
10/23/2018 15:27,WS Outbound-DCL Inbound,Union,21
10/23/2018 15:27,WS Outbound-DCL Inbound,Union,21
10/23/2018 15:27,WS Outbound-DCL Inbound,Union,21
10/23/2018 15:27,WS Outbound-DCL Inbound,Union,21
10/23/2018 15:27,WS Outbound-DCL Inbound,Union,21
10/23/2018 15:27,WS Outbound-DCL Inbound,Union,21
10/23/2018 15:27,WS Outbound-DCL Inbound,Union,21
10/23/2018 15:28,WS Outbound-DCL Inbound,Union,21
10/23/2018 15:29,WS Outbound-DCL Inbound,Union,21
10/23/2018 15:29,WS Outbound-DCL Inbound,Union,21
10/23/2018 15:30,WS Outbound-DCL Inbound,Union,21
10/23/2018 15:30,WS Outbound-DCL Inbound,Union,21
10/23/2018 15:33,WS Outbound-DCL Inbound,Main and Front OB,787
10/23/2018 15:35,WS Outbound-DCL Inbound,Hawley OB,787
10/23/2018 15:36,WS Outbound-DCL Inbound,UDC,787
10/23/2018 15:37,WS Outbound-DCL Inbound,UDC,787
10/23/2018 15:38,WS Outbound-DCL Inbound,UDC,787
10/23/2018 15:40,WS Outbound-DCL Inbound,UDC,787
10/23/2018 15:43,WS Outbound-DCL Inbound,Leroy St and Front,787
10/23/2018 15:44,WS Outbound-DCL Inbound,Leroy St and Murray IB,787
10/23/2018 15:44,WS Outbound-DCL Inbound,Leroy St and Murray IB,787
10/23/2018 15:44,WS Outbound-DCL Inbound,Leroy St and Murray IB,787
10/23/2018 15:44,WS Outbound-DCL Inbound,Leroy St and Murray IB,787
10/23/2018 15:44,WS Outbound-DCL Inbound,Leroy St and Murray IB,787
10/23/2018 15:45,WS Outbound-DCL Inbound,Leroy St and Chestnut IB,787
10/23/2018 15:45,WS Outbound-DCL Inbound,Leroy St and Chestnut IB,787
10/23/2018 15:45,WS Outbound-DCL Inbound,Leroy St and Chestnut IB,787
10/23/2018 15:45,WS Outbound-DCL Inbound,Leroy St and Chestnut IB,787
10/23/2018 15:46,WS Outbound-DCL Inbound,Leroy St and Chestnut IB,787
10/23/2018 15:47,WS Outbound-DCL Inbound,Beethoven and Leroy,787
10/23/2018 15:52,WS Outbound-DCL Inbound,UDC,21
10/23/2018 15:52,WS Outbound-DCL Inbound,UDC,21
10/23/2018 15:52,WS Outbound-DCL Inbound,UDC,21
10/23/2018 15:52,WS Outbound-DCL Inbound,UDC,21
10/23/2018 15:53,WS Outbound-DCL Inbound,UDC,21
10/23/2018 15:53,WS Outbound-DCL Inbound,UDC,21
10/23/2018 15:54,WS Outbound-DCL Inbound,UDC,21
10/23/2018 15:54,WS Outbound-DCL Inbound,UDC,21
10/23/2018 15:54,WS Outbound-DCL Inbound,UDC,21
10/23/2018 15:54,WS Outbound-DCL Inbound,UDC,21
10/23/2018 15:57,WS Outbound-DCL Inbound,Union,42
10/23/2018 15:57,WS Outbound-DCL Inbound,Union,42
10/23/2018 15:57,WS Outbound-DCL Inbound,Union,42
10/23/2018 15:57,WS Outbound-DCL Inbound,Leroy St and Front,21
10/23/2018 15:57,WS Outbound-DCL Inbound,Union,42
10/23/2018 15:57,WS Outbound-DCL Inbound,Union,42
10/23/2018 15:58,WS Outbound-DCL Inbound,Leroy St and Front,21
10/23/2018 15:58,WS Outbound-DCL Inbound,Union,42
10/23/2018 15:58,WS Outbound-DCL Inbound,Union,42
10/23/2018 15:58,WS Outbound-DCL Inbound,Union,42
10/23/2018 15:58,WS Outbound-DCL Inbound,Union,42
10/23/2018 15:58,WS Outbound-DCL Inbound,Union,42
10/23/2018 15:58,WS Outbound-DCL Inbound,Union,42
10/23/2018 15:58,WS Outbound-DCL Inbound,Union,42
10/23/2018 15:58,WS Outbound-DCL Inbound,Union,42
10/23/2018 15:58,WS Outbound-DCL Inbound,Union,42
10/23/2018 15:58,WS Outbound-DCL Inbound,Union,42
10/23/2018 15:58,WS Outbound-DCL Inbound,Union,42
10/23/2018 15:58,WS Outbound-DCL Inbound,Union,42
10/23/2018 15:58,WS Outbound-DCL Inbound,Union,42
10/23/2018 15:58,WS Outbound-DCL Inbound,Union,42
10/23/2018 15:58,WS Outbound-DCL Inbound,Union,42
10/23/2018 15:58,WS Outbound-DCL Inbound,Union,42
10/23/2018 15:58,WS Outbound-DCL Inbound,Union,42
10/23/2018 15:58,WS Outbound-DCL Inbound,Union,42
10/23/2018 15:58,WS Outbound-DCL Inbound,Union,42
10/23/2018 15:58,WS Outbound-DCL Inbound,Union,42
10/23/2018 15:58,WS Outbound-DCL Inbound,Leroy St and Murray IB,21
10/23/2018 15:58,WS Outbound-DCL Inbound,Leroy St and Murray IB,21
10/23/2018 15:58,WS Outbound-DCL Inbound,Leroy St and Murray IB,21
10/23/2018 15:59,WS Outbound-DCL Inbound,Union,42
10/23/2018 15:59,WS Outbound-DCL Inbound,Leroy St and Murray IB,21
10/23/2018 15:59,WS Outbound-DCL Inbound,Leroy St and Murray IB,21
10/23/2018 15:59,WS Outbound-DCL Inbound,Leroy St and Murray IB,21
10/23/2018 15:59,WS Outbound-DCL Inbound,Leroy St and Murray IB,21
10/23/2018 15:59,WS Outbound-DCL Inbound,Leroy St and Murray IB,21
10/23/2018 15:59,WS Outbound-DCL Inbound,Leroy St and Murray IB,21
10/23/2018 15:59,WS Outbound-DCL Inbound,Leroy St and Murray IB,21
10/23/2018 15:59,WS Outbound-DCL Inbound,Union,42
10/23/2018 16:00,WS Outbound-DCL Inbound,Union,42
10/23/2018 16:00,WS Outbound-DCL Inbound,Union,42
10/23/2018 16:00,WS Outbound-DCL Inbound,Leroy St and Chestnut IB,21
10/23/2018 16:00,WS Outbound-DCL Inbound,Leroy St and Chestnut IB,21
10/23/2018 16:00,WS Outbound-DCL Inbound,Leroy St and Chestnut IB,21
10/23/2018 16:00,WS Outbound-DCL Inbound,Leroy St and Chestnut IB,21
10/23/2018 16:00,WS Outbound-DCL Inbound,Leroy St and Chestnut IB,21
10/23/2018 16:00,WS Outbound-DCL Inbound,Leroy St and Chestnut IB,21
10/23/2018 16:00,WS Outbound-DCL Inbound,Leroy St and Chestnut IB,21
10/23/2018 16:00,WS Outbound-DCL Inbound,Leroy St and Chestnut IB,21
10/23/2018 16:00,WS Outbound-DCL Inbound,Leroy St and Chestnut IB,21
10/23/2018 16:01,WS Outbound-DCL Inbound,Leroy St and Chestnut IB,21
10/23/2018 16:10,WS Outbound-DCL Inbound,Main and Helen OB,42
10/23/2018 16:13,WS Outbound-DCL Inbound,Union,526
10/23/2018 16:13,WS Outbound-DCL Inbound,Union,526
10/23/2018 16:13,WS Outbound-DCL Inbound,Union,526
10/23/2018 16:13,WS Outbound-DCL Inbound,Union,526
10/23/2018 16:13,WS Outbound-DCL Inbound,Union,526
10/23/2018 16:13,WS Outbound-DCL Inbound,Union,526
10/23/2018 16:13,WS Outbound-DCL Inbound,Union,526
10/23/2018 16:13,WS Outbound-DCL Inbound,Union,526
10/23/2018 16:13,WS Outbound-DCL Inbound,Union,526
10/23/2018 16:13,WS Outbound-DCL Inbound,Union,526
10/23/2018 16:13,WS Outbound-DCL Inbound,Union,526
10/23/2018 16:13,WS Outbound-DCL Inbound,Union,526
10/23/2018 16:13,WS Outbound-DCL Inbound,Union,526
10/23/2018 16:13,WS Outbound-DCL Inbound,Union,526
10/23/2018 16:13,WS Outbound-DCL Inbound,Union,526
10/23/2018 16:13,WS Outbound-DCL Inbound,Union,526
10/23/2018 16:13,WS Outbound-DCL Inbound,Union,526
10/23/2018 16:13,WS Outbound-DCL Inbound,Union,526
10/23/2018 16:14,WS Outbound-DCL Inbound,Union,526
10/23/2018 16:14,WS Outbound-DCL Inbound,Union,526
10/23/2018 16:14,WS Outbound-DCL Inbound,Union,526
10/23/2018 16:14,WS Outbound-DCL Inbound,Union,526
10/23/2018 16:14,WS Outbound-DCL Inbound,Union,526
10/23/2018 16:14,WS Outbound-DCL Inbound,Union,526
10/23/2018 16:14,WS Outbound-DCL Inbound,Union,526
10/23/2018 16:14,WS Outbound-DCL Inbound,Union,526
10/23/2018 16:14,WS Outbound-DCL Inbound,Union,526
10/23/2018 16:14,WS Outbound-DCL Inbound,Union,526
10/23/2018 16:14,WS Outbound-DCL Inbound,Union,526
10/23/2018 16:14,WS Outbound-DCL Inbound,Union,526
10/23/2018 16:14,WS Outbound-DCL Inbound,Union,526
10/23/2018 16:14,WS Outbound-DCL Inbound,Union,526
10/23/2018 16:14,WS Outbound-DCL Inbound,Union,526
10/23/2018 16:14,WS Outbound-DCL Inbound,Union,526
10/23/2018 16:14,WS Outbound-DCL Inbound,Union,526
10/23/2018 16:14,WS Outbound-DCL Inbound,Union,526
10/23/2018 16:14,WS Outbound-DCL Inbound,Union,526
10/23/2018 16:14,WS Outbound-DCL Inbound,Union,526
10/23/2018 16:15,WS Outbound-DCL Inbound,Union,526
10/23/2018 16:15,WS Outbound-DCL Inbound,Union,526
10/23/2018 16:15,WS Outbound-DCL Inbound,Union,526
10/23/2018 16:16,WS Outbound-DCL Inbound,Main and Front OB,42
10/23/2018 16:18,WS Outbound-DCL Inbound,Physical Facilities,526
10/23/2018 16:21,WS Outbound-DCL Inbound,UDC,42
10/23/2018 16:29,WS Outbound-DCL Inbound,Main and Helen OB,526
10/23/2018 16:29,WS Outbound-DCL Inbound,Union,787
10/23/2018 16:29,WS Outbound-DCL Inbound,Union,787
10/23/2018 16:29,WS Outbound-DCL Inbound,Union,787
10/23/2018 16:29,WS Outbound-DCL Inbound,Union,787
10/23/2018 16:29,WS Outbound-DCL Inbound,Union,787
10/23/2018 16:30,WS Outbound-DCL Inbound,Union,787
10/23/2018 16:30,WS Outbound-DCL Inbound,Union,787
10/23/2018 16:30,WS Outbound-DCL Inbound,Union,787
10/23/2018 16:30,WS Outbound-DCL Inbound,Union,787
10/23/2018 16:30,WS Outbound-DCL Inbound,Union,787
10/23/2018 16:30,WS Outbound-DCL Inbound,Union,787
10/23/2018 16:30,WS Outbound-DCL Inbound,Union,787
10/23/2018 16:30,WS Outbound-DCL Inbound,Union,787
10/23/2018 16:30,WS Outbound-DCL Inbound,Union,787
10/23/2018 16:30,WS Outbound-DCL Inbound,Union,787
10/23/2018 16:30,WS Outbound-DCL Inbound,Union,787
10/23/2018 16:30,WS Outbound-DCL Inbound,Union,787
10/23/2018 16:30,WS Outbound-DCL Inbound,Union,787
10/23/2018 16:30,WS Outbound-DCL Inbound,Union,787
10/23/2018 16:30,WS Outbound-DCL Inbound,Union,787
10/23/2018 16:30,WS Outbound-DCL Inbound,Union,787
10/23/2018 16:30,WS Outbound-DCL Inbound,Union,787
10/23/2018 16:30,WS Outbound-DCL Inbound,Union,787
10/23/2018 16:30,WS Outbound-DCL Inbound,Union,787
10/23/2018 16:30,WS Outbound-DCL Inbound,Union,787
10/23/2018 16:30,WS Outbound-DCL Inbound,Union,787
10/23/2018 16:30,WS Outbound-DCL Inbound,Union,787
10/23/2018 16:30,WS Outbound-DCL Inbound,Union,787
10/23/2018 16:30,WS Outbound-DCL Inbound,Union,787
10/23/2018 16:30,WS Outbound-DCL Inbound,Union,787
10/23/2018 16:30,WS Outbound-DCL Inbound,Union,787
10/23/2018 16:30,WS Outbound-DCL Inbound,Union,787
10/23/2018 16:30,WS Outbound-DCL Inbound,Union,787
10/23/2018 16:30,WS Outbound-DCL Inbound,Union,787
10/23/2018 16:31,WS Outbound-DCL Inbound,Union,787
10/23/2018 16:31,WS Outbound-DCL Inbound,Union,787
10/23/2018 16:31,WS Outbound-DCL Inbound,Union,787
10/23/2018 16:31,WS Outbound-DCL Inbound,Union,787
10/23/2018 16:31,WS Outbound-DCL Inbound,Union,787
10/23/2018 16:31,WS Outbound-DCL Inbound,Union,787
10/23/2018 16:31,WS Outbound-DCL Inbound,Union,787
10/23/2018 16:31,WS Outbound-DCL Inbound,Union,787
10/23/2018 16:33,WS Outbound-DCL Inbound,Physical Facilities OB,787
10/23/2018 16:33,WS Outbound-DCL Inbound,Physical Facilities OB,787
10/23/2018 16:37,WS Outbound-DCL Inbound,UDC,526
10/23/2018 16:38,WS Outbound-DCL Inbound,UDC,526
10/23/2018 16:38,WS Outbound-DCL Inbound,UDC,526
10/23/2018 16:38,WS Outbound-DCL Inbound,UDC,526
10/23/2018 16:38,WS Outbound-DCL Inbound,UDC,526
10/23/2018 16:38,WS Outbound-DCL Inbound,UDC,526
10/23/2018 16:38,WS Outbound-DCL Inbound,UDC,526
10/23/2018 16:38,WS Outbound-DCL Inbound,UDC,526
10/23/2018 16:38,WS Outbound-DCL Inbound,UDC,526
10/23/2018 16:38,WS Outbound-DCL Inbound,UDC,526
10/23/2018 16:38,WS Outbound-DCL Inbound,UDC,526
10/23/2018 16:38,WS Outbound-DCL Inbound,UDC,526
10/23/2018 16:38,WS Outbound-DCL Inbound,UDC,526
10/23/2018 16:38,WS Outbound-DCL Inbound,UDC,526
10/23/2018 16:42,WS Outbound-DCL Inbound,Leroy St and Front,526
10/23/2018 16:42,WS Outbound-DCL Inbound,Leroy St and Murray IB,526
10/23/2018 16:42,WS Outbound-DCL Inbound,Leroy St and Murray IB,526
10/23/2018 16:43,WS Outbound-DCL Inbound,Leroy St and Murray IB,526
10/23/2018 16:43,WS Outbound-DCL Inbound,Leroy St and Chestnut IB,526
10/23/2018 16:44,WS Outbound-DCL Inbound,Leroy St and Chestnut IB,526
10/23/2018 16:45,WS Outbound-DCL Inbound,Union,55
10/23/2018 16:45,WS Outbound-DCL Inbound,Union,55
10/23/2018 16:45,WS Outbound-DCL Inbound,Union,55
10/23/2018 16:45,WS Outbound-DCL Inbound,Union,55
10/23/2018 16:45,WS Outbound-DCL Inbound,Union,55
10/23/2018 16:45,WS Outbound-DCL Inbound,Union,55
10/23/2018 16:45,WS Outbound-DCL Inbound,Union,55
10/23/2018 16:45,WS Outbound-DCL Inbound,Union,55
10/23/2018 16:45,WS Outbound-DCL Inbound,Union,55
10/23/2018 16:45,WS Outbound-DCL Inbound,Union,55
10/23/2018 16:45,WS Outbound-DCL Inbound,Union,55
10/23/2018 16:45,WS Outbound-DCL Inbound,Union,55
10/23/2018 16:45,WS Outbound-DCL Inbound,Union,55
10/23/2018 16:45,WS Outbound-DCL Inbound,Union,55
10/23/2018 16:46,WS Outbound-DCL Inbound,Union,55
10/23/2018 16:46,WS Outbound-DCL Inbound,Union,55
10/23/2018 16:47,WS Outbound-DCL Inbound,Union,55
10/23/2018 16:48,WS Outbound-DCL Inbound,Union,55
10/23/2018 16:50,WS Outbound-DCL Inbound,Physical Facilities,55
10/23/2018 17:02,WS Outbound-DCL Inbound,Main and Clarke IB,55
10/23/2018 17:04,WS Outbound-DCL Inbound,Union,889
10/23/2018 17:04,WS Outbound-DCL Inbound,Union,889
10/23/2018 17:05,WS Outbound-DCL Inbound,Union,889
10/23/2018 17:07,WS Outbound-DCL Inbound,Main and Front OB,55
10/23/2018 17:08,WS Outbound-DCL Inbound,Denny''s,889
10/23/2018 17:10,WS Outbound-DCL Inbound,UDC,55
10/23/2018 17:10,WS Outbound-DCL Inbound,UDC,55
10/23/2018 17:10,WS Outbound-DCL Inbound,UDC,55
10/23/2018 17:10,WS Outbound-DCL Inbound,UDC,55
10/23/2018 17:10,WS Outbound-DCL Inbound,UDC,55
10/23/2018 17:13,WS Outbound-DCL Inbound,Union,891
10/23/2018 17:13,WS Outbound-DCL Inbound,Union,891
10/23/2018 17:13,WS Outbound-DCL Inbound,Union,891
10/23/2018 17:13,WS Outbound-DCL Inbound,Union,891
10/23/2018 17:13,WS Outbound-DCL Inbound,Union,891
10/23/2018 17:13,WS Outbound-DCL Inbound,Union,891
10/23/2018 17:13,WS Outbound-DCL Inbound,Union,891
10/23/2018 17:13,WS Outbound-DCL Inbound,Union,891
10/23/2018 17:13,WS Outbound-DCL Inbound,Union,891
10/23/2018 17:13,WS Outbound-DCL Inbound,Union,891
10/23/2018 17:13,WS Outbound-DCL Inbound,Union,891
10/23/2018 17:13,WS Outbound-DCL Inbound,Union,891
10/23/2018 17:14,WS Outbound-DCL Inbound,Union,891
10/23/2018 17:14,WS Outbound-DCL Inbound,Leroy St and Front,55
10/23/2018 17:14,WS Outbound-DCL Inbound,Leroy St and Front,55
10/23/2018 17:14,WS Outbound-DCL Inbound,Union,891
10/23/2018 17:14,WS Outbound-DCL Inbound,Union,891
10/23/2018 17:15,WS Outbound-DCL Inbound,Leroy St and Murray IB,55
10/23/2018 17:15,WS Outbound-DCL Inbound,Leroy St and Murray IB,55
10/23/2018 17:15,WS Outbound-DCL Inbound,Union,891
10/23/2018 17:15,WS Outbound-DCL Inbound,Leroy St and Murray IB,55
10/23/2018 17:15,WS Outbound-DCL Inbound,Leroy St and Murray IB,55
10/23/2018 17:16,WS Outbound-DCL Inbound,Union,891
10/23/2018 17:16,WS Outbound-DCL Inbound,Leroy St and Chestnut IB,55
10/23/2018 17:17,WS Outbound-DCL Inbound,Union,891
10/23/2018 17:17,WS Outbound-DCL Inbound,Union,891
10/23/2018 17:17,WS Outbound-DCL Inbound,Union,891
10/23/2018 17:18,WS Outbound-DCL Inbound,Union,891
10/23/2018 17:19,WS Outbound-DCL Inbound,Riverside and Beethoven,55
10/23/2018 17:20,WS Outbound-DCL Inbound,Physical Facilities,891
10/23/2018 17:20,WS Outbound-DCL Inbound,Main and Cedar OB,889
10/23/2018 17:20,WS Outbound-DCL Inbound,Main and Cedar OB,889
10/23/2018 17:21,WS Outbound-DCL Inbound,Riverside and Margaret OB,55
10/23/2018 17:22,WS Outbound-DCL Inbound,Riverside and Columbus IB,55
10/23/2018 17:30,WS Outbound-DCL Inbound,Mohawk,55
10/23/2018 17:30,WS Outbound-DCL Inbound,Mohawk,55
10/23/2018 17:30,WS Outbound-DCL Inbound,Mohawk,55
10/23/2018 17:30,WS Outbound-DCL Inbound,Mohawk,55
10/23/2018 17:30,WS Outbound-DCL Inbound,Mohawk,55
10/23/2018 17:30,WS Outbound-DCL Inbound,Mohawk,55
10/23/2018 17:30,WS Outbound-DCL Inbound,Mohawk,55
10/23/2018 17:30,WS Outbound-DCL Inbound,Mohawk,55
10/23/2018 17:30,WS Outbound-DCL Inbound,Mohawk,55
10/23/2018 17:30,WS Outbound-DCL Inbound,Mohawk,55
10/23/2018 17:30,WS Outbound-DCL Inbound,Mohawk,55
10/23/2018 17:30,WS Outbound-DCL Inbound,Mohawk,55
10/23/2018 17:30,WS Outbound-DCL Inbound,Mohawk,55
10/23/2018 17:30,WS Outbound-DCL Inbound,Mohawk,55
10/23/2018 17:30,WS Outbound-DCL Inbound,Mohawk,55
10/23/2018 17:30,WS Outbound-DCL Inbound,Mohawk,55
10/23/2018 17:30,WS Outbound-DCL Inbound,Mohawk,55
10/23/2018 17:30,WS Outbound-DCL Inbound,Mohawk,55
10/23/2018 17:30,WS Outbound-DCL Inbound,Mohawk,55
10/23/2018 17:31,WS Outbound-DCL Inbound,Union,526
10/23/2018 17:31,WS Outbound-DCL Inbound,Union,526
10/23/2018 17:31,WS Outbound-DCL Inbound,Union,526
10/23/2018 17:31,WS Outbound-DCL Inbound,Union,526
10/23/2018 17:31,WS Outbound-DCL Inbound,Union,526
10/23/2018 17:31,WS Outbound-DCL Inbound,Union,526
10/23/2018 17:31,WS Outbound-DCL Inbound,Union,526
10/23/2018 17:31,WS Outbound-DCL Inbound,Union,526
10/23/2018 17:31,WS Outbound-DCL Inbound,Union,526
10/23/2018 17:32,WS Outbound-DCL Inbound,Union,526
10/23/2018 17:32,WS Outbound-DCL Inbound,Union,526
10/23/2018 17:32,WS Outbound-DCL Inbound,Union,526
10/23/2018 17:32,WS Outbound-DCL Inbound,Union,526
10/23/2018 17:32,WS Outbound-DCL Inbound,Union,526
10/23/2018 17:32,WS Outbound-DCL Inbound,Union,526
10/23/2018 17:32,WS Outbound-DCL Inbound,Union,526
10/23/2018 17:32,WS Outbound-DCL Inbound,Union,526
10/23/2018 17:32,WS Outbound-DCL Inbound,Union,526
10/23/2018 17:32,WS Outbound-DCL Inbound,Union,526
10/23/2018 17:32,WS Outbound-DCL Inbound,Union,526
10/23/2018 17:32,WS Outbound-DCL Inbound,Union,526
10/23/2018 17:32,WS Outbound-DCL Inbound,Union,526
10/23/2018 17:32,WS Outbound-DCL Inbound,Union,526
10/23/2018 17:32,WS Outbound-DCL Inbound,Union,526
10/23/2018 17:32,WS Outbound-DCL Inbound,Union,526
10/23/2018 17:32,WS Outbound-DCL Inbound,Main and Cedar OB,891
10/23/2018 17:32,WS Outbound-DCL Inbound,Main and Cedar OB,891
10/23/2018 17:33,WS Outbound-DCL Inbound,Union,526
10/23/2018 17:33,WS Outbound-DCL Inbound,Mohawk,55
10/23/2018 17:34,WS Outbound-DCL Inbound,Main and Arthur,891
10/23/2018 17:34,WS Outbound-DCL Inbound,Main and Arthur,891
10/23/2018 17:34,WS Outbound-DCL Inbound,Main and Arthur,891
10/23/2018 17:34,WS Outbound-DCL Inbound,Union,526
10/23/2018 17:34,WS Outbound-DCL Inbound,Mohawk,55
10/23/2018 17:34,WS Outbound-DCL Inbound,Union,526
10/23/2018 17:34,WS Outbound-DCL Inbound,Union,526
10/23/2018 17:34,WS Outbound-DCL Inbound,Union,526
10/23/2018 17:35,WS Outbound-DCL Inbound,Union,526
10/23/2018 17:35,WS Outbound-DCL Inbound,Union,526
10/23/2018 17:35,WS Outbound-DCL Inbound,Main and Murray OB,891
10/23/2018 17:36,WS Outbound-DCL Inbound,Union,526
10/23/2018 17:36,WS Outbound-DCL Inbound,Union,526
10/23/2018 17:36,WS Outbound-DCL Inbound,Newing,55
10/23/2018 17:36,WS Outbound-DCL Inbound,Newing,55
10/23/2018 17:36,WS Outbound-DCL Inbound,Newing,55
10/23/2018 17:37,WS Outbound-DCL Inbound,Union,526
10/23/2018 17:39,WS Outbound-DCL Inbound,Hawley OB,891
10/23/2018 17:39,WS Outbound-DCL Inbound,Hawley OB,891
10/23/2018 17:39,WS Outbound-DCL Inbound,Hawley OB,891
10/23/2018 17:39,WS Outbound-DCL Inbound,Physical Facilities,526
10/23/2018 17:39,WS Outbound-DCL Inbound,Union,889
10/23/2018 17:39,WS Outbound-DCL Inbound,Union,889
10/23/2018 17:39,WS Outbound-DCL Inbound,Union,889
10/23/2018 17:39,WS Outbound-DCL Inbound,Union,889
10/23/2018 17:40,WS Outbound-DCL Inbound,UDC,891
10/23/2018 17:40,WS Outbound-DCL Inbound,UDC,891
10/23/2018 17:40,WS Outbound-DCL Inbound,Union,889
10/23/2018 17:40,WS Outbound-DCL Inbound,Union,889
10/23/2018 17:40,WS Outbound-DCL Inbound,UDC,891
10/23/2018 17:41,WS Outbound-DCL Inbound,Union,889
10/23/2018 17:42,WS Outbound-DCL Inbound,Union,889
10/23/2018 17:42,WS Outbound-DCL Inbound,Union,889
10/23/2018 17:43,WS Outbound-DCL Inbound,Union,889
10/23/2018 17:44,WS Outbound-DCL Inbound,Leroy St and Front,891
10/23/2018 17:44,WS Outbound-DCL Inbound,Union,889
10/23/2018 17:44,WS Outbound-DCL Inbound,Union,889
10/23/2018 17:44,WS Outbound-DCL Inbound,Union,889
10/23/2018 17:44,WS Outbound-DCL Inbound,Union,889
10/23/2018 17:45,WS Outbound-DCL Inbound,Leroy St and Murray IB,891
10/23/2018 17:45,WS Outbound-DCL Inbound,Leroy St and Murray IB,891
10/23/2018 17:45,WS Outbound-DCL Inbound,Leroy St and Murray IB,891
10/23/2018 17:45,WS Outbound-DCL Inbound,Leroy St and Murray IB,891
10/23/2018 17:45,WS Outbound-DCL Inbound,Leroy St and Murray IB,891
10/23/2018 17:45,WS Outbound-DCL Inbound,Leroy St and Murray IB,891
10/23/2018 17:45,WS Outbound-DCL Inbound,Leroy St and Murray IB,891
10/23/2018 17:46,WS Outbound-DCL Inbound,Leroy St and Chestnut IB,891
10/23/2018 17:46,WS Outbound-DCL Inbound,Leroy St and Chestnut IB,891
10/23/2018 17:47,WS Outbound-DCL Inbound,Physical Facilities ITC,889
10/23/2018 17:48,WS Outbound-DCL Inbound,Beethoven and Leroy,891
10/23/2018 17:49,WS Outbound-DCL Inbound,Riverside and Beethoven,891
10/23/2018 17:51,WS Outbound-DCL Inbound,Main and Cedar OB,526
10/23/2018 17:51,WS Outbound-DCL Inbound,Main and Cedar OB,526
10/23/2018 18:01,WS Outbound-DCL Inbound,Union,891
10/23/2018 18:01,WS Outbound-DCL Inbound,Union,891
10/23/2018 18:01,WS Outbound-DCL Inbound,Union,891
10/23/2018 18:01,WS Outbound-DCL Inbound,Union,891
10/23/2018 18:01,WS Outbound-DCL Inbound,Union,891
10/23/2018 18:01,WS Outbound-DCL Inbound,Union,891
10/23/2018 18:01,WS Outbound-DCL Inbound,Union,891
10/23/2018 18:01,WS Outbound-DCL Inbound,Union,891
10/23/2018 18:01,WS Outbound-DCL Inbound,Union,891
10/23/2018 18:01,WS Outbound-DCL Inbound,Union,891
10/23/2018 18:02,WS Outbound-DCL Inbound,Union,891
10/23/2018 18:02,WS Outbound-DCL Inbound,Union,891
10/23/2018 18:02,WS Outbound-DCL Inbound,Union,891
10/23/2018 18:02,WS Outbound-DCL Inbound,Union,891
10/23/2018 18:02,WS Outbound-DCL Inbound,Union,891
10/23/2018 18:02,WS Outbound-DCL Inbound,Union,891
10/23/2018 18:02,WS Outbound-DCL Inbound,Union,891
10/23/2018 18:02,WS Outbound-DCL Inbound,Union,891
10/23/2018 18:02,WS Outbound-DCL Inbound,Union,891
10/23/2018 18:02,WS Outbound-DCL Inbound,Union,891
10/23/2018 18:02,WS Outbound-DCL Inbound,Union,891
10/23/2018 18:02,WS Outbound-DCL Inbound,Union,891
10/23/2018 18:02,WS Outbound-DCL Inbound,Union,891
10/23/2018 18:02,WS Outbound-DCL Inbound,Union,891
10/23/2018 18:02,WS Outbound-DCL Inbound,Union,891
10/23/2018 18:04,WS Outbound-DCL Inbound,Union,42
10/23/2018 18:04,WS Outbound-DCL Inbound,Union,42
10/23/2018 18:04,WS Outbound-DCL Inbound,Union,42
10/23/2018 18:04,WS Outbound-DCL Inbound,Union,42
10/23/2018 18:04,WS Outbound-DCL Inbound,Union,42
10/23/2018 18:04,WS Outbound-DCL Inbound,Union,42
10/23/2018 18:04,WS Outbound-DCL Inbound,Union,42
10/23/2018 18:04,WS Outbound-DCL Inbound,Union,42
10/23/2018 18:04,WS Outbound-DCL Inbound,Union,42
10/23/2018 18:04,WS Outbound-DCL Inbound,Union,42
10/23/2018 18:04,WS Outbound-DCL Inbound,Union,42
10/23/2018 18:04,WS Outbound-DCL Inbound,Union,42
10/23/2018 18:04,WS Outbound-DCL Inbound,Union,42
10/23/2018 18:04,WS Outbound-DCL Inbound,Union,42
10/23/2018 18:04,WS Outbound-DCL Inbound,UDC,889
10/23/2018 18:04,WS Outbound-DCL Inbound,UDC,889
10/23/2018 18:04,WS Outbound-DCL Inbound,Union,42
10/23/2018 18:04,WS Outbound-DCL Inbound,Union,42
10/23/2018 18:04,WS Outbound-DCL Inbound,Union,42
10/23/2018 18:04,WS Outbound-DCL Inbound,Union,42
10/23/2018 18:04,WS Outbound-DCL Inbound,Union,42
10/23/2018 18:04,WS Outbound-DCL Inbound,Union,42
10/23/2018 18:04,WS Outbound-DCL Inbound,Union,42
10/23/2018 18:04,WS Outbound-DCL Inbound,Union,42
10/23/2018 18:05,WS Outbound-DCL Inbound,Union,42
10/23/2018 18:05,WS Outbound-DCL Inbound,Union,42
10/23/2018 18:05,WS Outbound-DCL Inbound,Union,42
10/23/2018 18:05,WS Outbound-DCL Inbound,Union,42
10/23/2018 18:05,WS Outbound-DCL Inbound,Union,42
10/23/2018 18:05,WS Outbound-DCL Inbound,Union,42
10/23/2018 18:05,WS Outbound-DCL Inbound,Union,42
10/23/2018 18:05,WS Outbound-DCL Inbound,Union,42
10/23/2018 18:05,WS Outbound-DCL Inbound,Union,42
10/23/2018 18:05,WS Outbound-DCL Inbound,Union,42
10/23/2018 18:05,WS Outbound-DCL Inbound,Union,42
10/23/2018 18:05,WS Outbound-DCL Inbound,Union,42
10/23/2018 18:05,WS Outbound-DCL Inbound,UDC,889
10/23/2018 18:05,WS Outbound-DCL Inbound,Union,42
10/23/2018 18:05,WS Outbound-DCL Inbound,Union,42
10/23/2018 18:05,WS Outbound-DCL Inbound,Union,42
10/23/2018 18:05,WS Outbound-DCL Inbound,Union,42
10/23/2018 18:05,WS Outbound-DCL Inbound,Union,42
10/23/2018 18:05,WS Outbound-DCL Inbound,Union,42
10/23/2018 18:06,WS Outbound-DCL Inbound,Union,42
10/23/2018 18:09,WS Outbound-DCL Inbound,UDC,889
10/23/2018 18:10,WS Outbound-DCL Inbound,UDC,889
10/23/2018 18:10,WS Outbound-DCL Inbound,UDC,889
10/23/2018 18:10,WS Outbound-DCL Inbound,UDC,889
10/23/2018 18:13,WS Outbound-DCL Inbound,Leroy St and Murray IB,889
10/23/2018 18:13,WS Outbound-DCL Inbound,Leroy St and Murray IB,889
10/23/2018 18:13,WS Outbound-DCL Inbound,Leroy St and Murray IB,889
10/23/2018 18:13,WS Outbound-DCL Inbound,Leroy St and Chestnut IB,889
10/23/2018 18:13,WS Outbound-DCL Inbound,Leroy St and Chestnut IB,889
10/23/2018 18:14,WS Outbound-DCL Inbound,Leroy St and Chestnut IB,889
10/23/2018 18:15,WS Outbound-DCL Inbound,Leroy St and Laurel IB,889
10/23/2018 18:15,WS Outbound-DCL Inbound,Leroy St and Laurel IB,889
10/23/2018 18:15,WS Outbound-DCL Inbound,Union,21
10/23/2018 18:15,WS Outbound-DCL Inbound,Union,21
10/23/2018 18:15,WS Outbound-DCL Inbound,Union,21
10/23/2018 18:15,WS Outbound-DCL Inbound,Union,21
10/23/2018 18:15,WS Outbound-DCL Inbound,Union,21
10/23/2018 18:15,WS Outbound-DCL Inbound,Union,21
10/23/2018 18:15,WS Outbound-DCL Inbound,Union,21
10/23/2018 18:15,WS Outbound-DCL Inbound,Union,21
10/23/2018 18:15,WS Outbound-DCL Inbound,Union,21
10/23/2018 18:15,WS Outbound-DCL Inbound,Union,21
10/23/2018 18:18,WS Outbound-DCL Inbound,Physical Facilities,21
10/23/2018 18:19,WS Outbound-DCL Inbound,Floral and Main OB,42
10/23/2018 18:20,WS Outbound-DCL Inbound,Main and Crestmont IB,42
10/23/2018 18:20,WS Outbound-DCL Inbound,Main and Crestmont IB,42
10/23/2018 18:20,WS Outbound-DCL Inbound,Main and Crestmont IB,42
10/23/2018 18:20,WS Outbound-DCL Inbound,Main and Crestmont IB,42
10/23/2018 18:22,WS Outbound-DCL Inbound,Main and Helen OB,42
10/23/2018 18:25,WS Outbound-DCL Inbound,Main and Cedar OB,42
10/23/2018 18:32,WS Outbound-DCL Inbound,Union,55
10/23/2018 18:32,WS Outbound-DCL Inbound,Union,55
10/23/2018 18:32,WS Outbound-DCL Inbound,Union,55
10/23/2018 18:32,WS Outbound-DCL Inbound,Union,55
10/23/2018 18:32,WS Outbound-DCL Inbound,Union,55
10/23/2018 18:32,WS Outbound-DCL Inbound,Union,55
10/23/2018 18:32,WS Outbound-DCL Inbound,Union,55
10/23/2018 18:32,WS Outbound-DCL Inbound,Union,55
10/23/2018 18:32,WS Outbound-DCL Inbound,Union,55
10/23/2018 18:32,WS Outbound-DCL Inbound,Union,55
10/23/2018 18:32,WS Outbound-DCL Inbound,Union,55
10/23/2018 18:33,WS Outbound-DCL Inbound,Union,55
10/23/2018 18:33,WS Outbound-DCL Inbound,Union,55
10/23/2018 18:33,WS Outbound-DCL Inbound,Union,55
10/23/2018 18:33,WS Outbound-DCL Inbound,Union,55
10/23/2018 18:33,WS Outbound-DCL Inbound,Union,55
10/23/2018 18:33,WS Outbound-DCL Inbound,Union,55
10/23/2018 18:33,WS Outbound-DCL Inbound,Union,55
10/23/2018 18:33,WS Outbound-DCL Inbound,Union,55
10/23/2018 18:34,WS Outbound-DCL Inbound,Union,55
10/23/2018 18:35,WS Outbound-DCL Inbound,Union,55
10/23/2018 18:35,WS Outbound-DCL Inbound,Union,55
10/23/2018 18:36,WS Outbound-DCL Inbound,Union,55
10/23/2018 18:36,WS Outbound-DCL Inbound,State and Washington,21
10/23/2018 18:37,WS Outbound-DCL Inbound,UDC,21
10/23/2018 18:38,WS Outbound-DCL Inbound,UDC,21
10/23/2018 18:44,WS Outbound-DCL Inbound,Leroy St and Murray IB,21
10/23/2018 18:44,WS Outbound-DCL Inbound,Leroy St and Murray IB,21
10/23/2018 18:44,WS Outbound-DCL Inbound,Leroy St and Murray IB,21
10/23/2018 18:44,WS Outbound-DCL Inbound,Leroy St and Murray IB,21
10/23/2018 18:44,WS Outbound-DCL Inbound,Leroy St and Chestnut IB,21
10/23/2018 18:45,WS Outbound-DCL Inbound,Leroy St and Chestnut IB,21
10/23/2018 18:48,WS Outbound-DCL Inbound,Union,42
10/23/2018 18:48,WS Outbound-DCL Inbound,Union,42
10/23/2018 18:48,WS Outbound-DCL Inbound,Union,42
10/23/2018 18:48,WS Outbound-DCL Inbound,Union,42
10/23/2018 18:48,WS Outbound-DCL Inbound,Union,42
10/23/2018 18:48,WS Outbound-DCL Inbound,Union,42
10/23/2018 18:48,WS Outbound-DCL Inbound,Union,42
10/23/2018 18:48,WS Outbound-DCL Inbound,Union,42
10/23/2018 18:48,WS Outbound-DCL Inbound,Union,42
10/23/2018 18:48,WS Outbound-DCL Inbound,Union,42
10/23/2018 18:49,WS Outbound-DCL Inbound,Union,42
10/23/2018 18:49,WS Outbound-DCL Inbound,Union,42
10/23/2018 18:49,WS Outbound-DCL Inbound,Union,42
10/23/2018 18:49,WS Outbound-DCL Inbound,Union,42
10/23/2018 18:49,WS Outbound-DCL Inbound,Union,42
10/23/2018 18:49,WS Outbound-DCL Inbound,Union,42
10/23/2018 18:49,WS Outbound-DCL Inbound,Union,42
10/23/2018 18:49,WS Outbound-DCL Inbound,Union,42
10/23/2018 18:49,WS Outbound-DCL Inbound,Union,42
10/23/2018 18:50,WS Outbound-DCL Inbound,Union,42
10/23/2018 18:50,WS Outbound-DCL Inbound,Union,42
10/23/2018 18:50,WS Outbound-DCL Inbound,Union,42
10/23/2018 19:00,WS Outbound-DCL Inbound,Floral and Cleveland IB,42
10/23/2018 19:00,WS Outbound-DCL Inbound,Floral and Cleveland IB,42
10/23/2018 19:02,WS Outbound-DCL Inbound,Main and Helen OB,42
10/23/2018 19:04,WS Outbound-DCL Inbound,Main and Clarke IB,42
10/23/2018 19:11,WS Outbound-DCL Inbound,UDC,42
10/23/2018 19:17,WS Outbound-DCL Inbound,Leroy St and Front,42
10/23/2018 19:18,WS Outbound-DCL Inbound,Leroy St and Murray IB,42
10/23/2018 19:18,WS Outbound-DCL Inbound,Leroy St and Murray IB,42
10/23/2018 19:18,WS Outbound-DCL Inbound,Leroy St and Murray IB,42
10/23/2018 19:18,WS Outbound-DCL Inbound,Leroy St and Murray IB,42
10/23/2018 19:19,WS Outbound-DCL Inbound,Leroy St and Chestnut IB,42
10/23/2018 19:19,WS Outbound-DCL Inbound,Leroy St and Chestnut IB,42
10/23/2018 19:28,WS Outbound-DCL Inbound,UDC,787
10/23/2018 19:28,WS Outbound-DCL Inbound,UDC,787
10/23/2018 19:29,WS Outbound-DCL Inbound,Union,21
10/23/2018 19:29,WS Outbound-DCL Inbound,Union,21
10/23/2018 19:29,WS Outbound-DCL Inbound,Union,21
10/23/2018 19:29,WS Outbound-DCL Inbound,Union,21
10/23/2018 19:29,WS Outbound-DCL Inbound,Union,21
10/23/2018 19:29,WS Outbound-DCL Inbound,Union,21
10/23/2018 19:29,WS Outbound-DCL Inbound,Union,21
10/23/2018 19:29,WS Outbound-DCL Inbound,Union,21
10/23/2018 19:29,WS Outbound-DCL Inbound,Union,21
10/23/2018 19:29,WS Outbound-DCL Inbound,Union,21
10/23/2018 19:29,WS Outbound-DCL Inbound,Union,21
10/23/2018 19:29,WS Outbound-DCL Inbound,Union,21
10/23/2018 19:29,WS Outbound-DCL Inbound,Union,21
10/23/2018 19:29,WS Outbound-DCL Inbound,Union,21
10/23/2018 19:29,WS Outbound-DCL Inbound,Union,21
10/23/2018 19:29,WS Outbound-DCL Inbound,Union,21
10/23/2018 19:29,WS Outbound-DCL Inbound,Union,21
10/23/2018 19:29,WS Outbound-DCL Inbound,Union,21
10/23/2018 19:30,WS Outbound-DCL Inbound,Union,21
10/23/2018 19:30,WS Outbound-DCL Inbound,Union,21
10/23/2018 19:30,WS Outbound-DCL Inbound,Union,21
10/23/2018 19:30,WS Outbound-DCL Inbound,Union,21
10/23/2018 19:30,WS Outbound-DCL Inbound,Union,21
10/23/2018 19:30,WS Outbound-DCL Inbound,Union,21
10/23/2018 19:30,WS Outbound-DCL Inbound,Union,21
10/23/2018 19:30,WS Outbound-DCL Inbound,Union,21
10/23/2018 19:30,WS Outbound-DCL Inbound,Union,21
10/23/2018 19:30,WS Outbound-DCL Inbound,Union,21
10/23/2018 19:30,WS Outbound-DCL Inbound,Union,21
10/23/2018 19:30,WS Outbound-DCL Inbound,Union,21
10/23/2018 19:30,WS Outbound-DCL Inbound,Union,21
10/23/2018 19:30,WS Outbound-DCL Inbound,Union,21
10/23/2018 19:30,WS Outbound-DCL Inbound,Union,21
10/23/2018 19:30,WS Outbound-DCL Inbound,Union,21
10/23/2018 19:30,WS Outbound-DCL Inbound,Union,21
10/23/2018 19:30,WS Outbound-DCL Inbound,Union,21
10/23/2018 19:30,WS Outbound-DCL Inbound,Union,21
10/23/2018 19:30,WS Outbound-DCL Inbound,Union,21
10/23/2018 19:30,WS Outbound-DCL Inbound,Union,21
10/23/2018 19:30,WS Outbound-DCL Inbound,Union,21
10/23/2018 19:30,WS Outbound-DCL Inbound,Union,21
10/23/2018 19:30,WS Outbound-DCL Inbound,Union,21
10/23/2018 19:31,WS Outbound-DCL Inbound,Union,21
10/23/2018 19:31,WS Outbound-DCL Inbound,Union,21
10/23/2018 19:31,WS Outbound-DCL Inbound,Union,21
10/23/2018 19:31,WS Outbound-DCL Inbound,Union,21
10/23/2018 19:33,WS Outbound-DCL Inbound,Leroy St and Murray IB,787
10/23/2018 19:33,WS Outbound-DCL Inbound,Leroy St and Murray IB,787
10/23/2018 19:33,WS Outbound-DCL Inbound,Leroy St and Murray IB,787
10/23/2018 19:33,WS Outbound-DCL Inbound,Leroy St and Murray IB,787
10/23/2018 19:34,WS Outbound-DCL Inbound,Leroy St and Chestnut IB,787
10/23/2018 19:49,WS Outbound-DCL Inbound,Union,55
10/23/2018 19:49,WS Outbound-DCL Inbound,Union,55
10/23/2018 19:49,WS Outbound-DCL Inbound,Union,55
10/23/2018 19:49,WS Outbound-DCL Inbound,Union,55
10/23/2018 19:49,WS Outbound-DCL Inbound,Union,55
10/23/2018 19:49,WS Outbound-DCL Inbound,Union,55
10/23/2018 19:49,WS Outbound-DCL Inbound,Union,55
10/23/2018 19:49,WS Outbound-DCL Inbound,Union,55
10/23/2018 19:49,WS Outbound-DCL Inbound,Union,55
10/23/2018 19:50,WS Outbound-DCL Inbound,Union,55
10/23/2018 19:50,WS Outbound-DCL Inbound,Union,55
10/23/2018 19:50,WS Outbound-DCL Inbound,Union,55
10/23/2018 19:50,WS Outbound-DCL Inbound,Union,55
10/23/2018 19:50,WS Outbound-DCL Inbound,Union,55
10/23/2018 19:50,WS Outbound-DCL Inbound,Union,55
10/23/2018 19:50,WS Outbound-DCL Inbound,Union,55
10/23/2018 19:50,WS Outbound-DCL Inbound,Union,55
10/23/2018 19:50,WS Outbound-DCL Inbound,Union,55
10/23/2018 19:50,WS Outbound-DCL Inbound,Union,55
10/23/2018 19:50,WS Outbound-DCL Inbound,Union,55
10/23/2018 19:50,WS Outbound-DCL Inbound,Union,55
10/23/2018 19:50,WS Outbound-DCL Inbound,Union,55
10/23/2018 19:50,WS Outbound-DCL Inbound,Union,55
10/23/2018 19:50,WS Outbound-DCL Inbound,Union,55
10/23/2018 19:50,WS Outbound-DCL Inbound,Union,55
10/23/2018 19:50,WS Outbound-DCL Inbound,Union,55
10/23/2018 19:50,WS Outbound-DCL Inbound,Union,55
10/23/2018 19:50,WS Outbound-DCL Inbound,Union,55
10/23/2018 19:51,WS Outbound-DCL Inbound,Main and Cedar OB,21
10/23/2018 19:56,WS Outbound-DCL Inbound,UDC,21
10/23/2018 19:56,WS Outbound-DCL Inbound,UDC,21
10/23/2018 19:57,WS Outbound-DCL Inbound,UDC,21
10/23/2018 19:57,WS Outbound-DCL Inbound,UDC,21
10/23/2018 19:59,WS Outbound-DCL Inbound,Union,787
10/23/2018 19:59,WS Outbound-DCL Inbound,Union,787
10/23/2018 19:59,WS Outbound-DCL Inbound,Union,787
10/23/2018 19:59,WS Outbound-DCL Inbound,Union,787
10/23/2018 19:59,WS Outbound-DCL Inbound,Union,787
10/23/2018 19:59,WS Outbound-DCL Inbound,Union,787
10/23/2018 19:59,WS Outbound-DCL Inbound,Union,787
10/23/2018 19:59,WS Outbound-DCL Inbound,Union,787
10/23/2018 19:59,WS Outbound-DCL Inbound,Union,787
10/23/2018 19:59,WS Outbound-DCL Inbound,Union,787
10/23/2018 19:59,WS Outbound-DCL Inbound,Union,787
10/23/2018 19:59,WS Outbound-DCL Inbound,Union,787
10/23/2018 19:59,WS Outbound-DCL Inbound,Union,787
10/23/2018 19:59,WS Outbound-DCL Inbound,Union,787
10/23/2018 19:59,WS Outbound-DCL Inbound,Union,787
