Start Date:10/05/2018 7:00 AM End Date:10/05/2018 8:00 PM,,,
DateTime,CorridorName,StopName,VehicleID
10/5/2018 7:15,WS Outbound-DCL Inbound,Union,526
10/5/2018 7:23,WS Outbound-DCL Inbound,Floral and Harrison IB,526
10/5/2018 7:23,WS Outbound-DCL Inbound,Floral and Harrison IB,526
10/5/2018 7:28,WS Outbound-DCL Inbound,Main and Cedar OB,526
10/5/2018 7:29,WS Outbound-DCL Inbound,Main and Arthur,526
10/5/2018 7:30,WS Outbound-DCL Inbound,Main and Murray OB,526
10/5/2018 7:41,WS Outbound-DCL Inbound,Leroy St and Front,526
10/5/2018 7:42,WS Outbound-DCL Inbound,Leroy St and Murray IB,526
10/5/2018 7:42,WS Outbound-DCL Inbound,Leroy St and Murray IB,526
10/5/2018 7:42,WS Outbound-DCL Inbound,Leroy St and Murray IB,526
10/5/2018 7:43,WS Outbound-DCL Inbound,Leroy St and Murray IB,526
10/5/2018 7:43,WS Outbound-DCL Inbound,Leroy St and Chestnut OB,526
10/5/2018 7:43,WS Outbound-DCL Inbound,Leroy St and Chestnut OB,526
10/5/2018 7:43,WS Outbound-DCL Inbound,Leroy St and Chestnut OB,526
10/5/2018 7:43,WS Outbound-DCL Inbound,Leroy St and Chestnut OB,526
10/5/2018 7:43,WS Outbound-DCL Inbound,Leroy St and Chestnut OB,526
10/5/2018 7:44,WS Outbound-DCL Inbound,Leroy St and Laurel IB,526
10/5/2018 7:51,WS Outbound-DCL Inbound,UDC,891
10/5/2018 7:51,WS Outbound-DCL Inbound,UDC,891
10/5/2018 7:54,WS Outbound-DCL Inbound,UDC,891
10/5/2018 7:55,WS Outbound-DCL Inbound,UDC,891
10/5/2018 7:55,WS Outbound-DCL Inbound,UDC,891
10/5/2018 7:58,WS Outbound-DCL Inbound,Leroy St and Murray IB,891
10/5/2018 7:58,WS Outbound-DCL Inbound,Leroy St and Murray IB,891
10/5/2018 7:58,WS Outbound-DCL Inbound,Leroy St and Murray IB,891
10/5/2018 7:58,WS Outbound-DCL Inbound,Leroy St and Murray IB,891
10/5/2018 7:58,WS Outbound-DCL Inbound,Leroy St and Murray IB,891
10/5/2018 7:58,WS Outbound-DCL Inbound,Leroy St and Murray IB,891
10/5/2018 7:58,WS Outbound-DCL Inbound,Leroy St and Murray IB,891
10/5/2018 7:58,WS Outbound-DCL Inbound,Leroy St and Murray IB,891
10/5/2018 7:58,WS Outbound-DCL Inbound,Leroy St and Murray IB,891
10/5/2018 7:58,WS Outbound-DCL Inbound,Leroy St and Murray IB,891
10/5/2018 7:59,WS Outbound-DCL Inbound,Leroy St and Chestnut IB,891
10/5/2018 7:59,WS Outbound-DCL Inbound,Leroy St and Chestnut IB,891
10/5/2018 7:59,WS Outbound-DCL Inbound,Leroy St and Chestnut IB,891
10/5/2018 7:59,WS Outbound-DCL Inbound,Leroy St and Chestnut IB,891
10/5/2018 7:59,WS Outbound-DCL Inbound,Leroy St and Chestnut IB,891
10/5/2018 7:59,WS Outbound-DCL Inbound,Leroy St and Chestnut IB,891
10/5/2018 7:59,WS Outbound-DCL Inbound,Leroy St and Chestnut IB,891
10/5/2018 8:00,WS Outbound-DCL Inbound,Leroy St and Chestnut IB,891
10/5/2018 8:12,WS Outbound-DCL Inbound,Union,891
10/5/2018 8:12,WS Outbound-DCL Inbound,Union,891
10/5/2018 8:13,WS Outbound-DCL Inbound,Union,891
10/5/2018 8:29,WS Outbound-DCL Inbound,Main and Arthur,891
10/5/2018 8:37,WS Outbound-DCL Inbound,UDC,891
10/5/2018 8:38,WS Outbound-DCL Inbound,UDC,891
10/5/2018 8:43,WS Outbound-DCL Inbound,Leroy St and Front,891
10/5/2018 8:43,WS Outbound-DCL Inbound,Leroy St and Front,891
10/5/2018 8:44,WS Outbound-DCL Inbound,Leroy St and Murray IB,891
10/5/2018 8:44,WS Outbound-DCL Inbound,Leroy St and Murray IB,891
10/5/2018 8:44,WS Outbound-DCL Inbound,Leroy St and Murray IB,891
10/5/2018 8:44,WS Outbound-DCL Inbound,Leroy St and Murray IB,891
10/5/2018 8:44,WS Outbound-DCL Inbound,Leroy St and Murray IB,891
10/5/2018 8:44,WS Outbound-DCL Inbound,Leroy St and Murray IB,891
10/5/2018 8:44,WS Outbound-DCL Inbound,Leroy St and Murray IB,891
10/5/2018 8:44,WS Outbound-DCL Inbound,Leroy St and Murray IB,891
10/5/2018 8:44,WS Outbound-DCL Inbound,Leroy St and Murray IB,891
10/5/2018 8:45,WS Outbound-DCL Inbound,Leroy St and Chestnut IB,891
10/5/2018 8:45,WS Outbound-DCL Inbound,Leroy St and Chestnut IB,891
10/5/2018 8:45,WS Outbound-DCL Inbound,Leroy St and Chestnut IB,891
10/5/2018 8:45,WS Outbound-DCL Inbound,Leroy St and Chestnut IB,891
10/5/2018 8:45,WS Outbound-DCL Inbound,Leroy St and Chestnut IB,891
10/5/2018 8:45,WS Outbound-DCL Inbound,Leroy St and Chestnut IB,891
10/5/2018 8:47,WS Outbound-DCL Inbound,Beethoven and Leroy,891
10/5/2018 9:04,WS Outbound-DCL Inbound,Riverside and Margaret OB,526
10/5/2018 9:13,WS Outbound-DCL Inbound,Union,55
10/5/2018 9:13,WS Outbound-DCL Inbound,Union,55
10/5/2018 9:20,WS Outbound-DCL Inbound,UDC,21
10/5/2018 9:20,WS Outbound-DCL Inbound,UDC,21
10/5/2018 9:20,WS Outbound-DCL Inbound,UDC,21
10/5/2018 9:20,WS Outbound-DCL Inbound,UDC,21
10/5/2018 9:20,WS Outbound-DCL Inbound,UDC,21
10/5/2018 9:22,WS Outbound-DCL Inbound,UDC,21
10/5/2018 9:22,WS Outbound-DCL Inbound,UDC,21
10/5/2018 9:22,WS Outbound-DCL Inbound,UDC,21
10/5/2018 9:24,WS Outbound-DCL Inbound,UDC,21
10/5/2018 9:27,WS Outbound-DCL Inbound,Leroy St and Front,21
10/5/2018 9:27,WS Outbound-DCL Inbound,Leroy St and Front,21
10/5/2018 9:27,WS Outbound-DCL Inbound,Leroy St and Front,21
10/5/2018 9:27,WS Outbound-DCL Inbound,Leroy St and Front,21
10/5/2018 9:27,WS Outbound-DCL Inbound,Leroy St and Front,21
10/5/2018 9:28,WS Outbound-DCL Inbound,Leroy St and Murray IB,21
10/5/2018 9:28,WS Outbound-DCL Inbound,Leroy St and Murray IB,21
10/5/2018 9:28,WS Outbound-DCL Inbound,Leroy St and Murray IB,21
10/5/2018 9:28,WS Outbound-DCL Inbound,Leroy St and Murray IB,21
10/5/2018 9:28,WS Outbound-DCL Inbound,Leroy St and Murray IB,21
10/5/2018 9:28,WS Outbound-DCL Inbound,Leroy St and Murray IB,21
10/5/2018 9:28,WS Outbound-DCL Inbound,Leroy St and Murray IB,21
10/5/2018 9:28,WS Outbound-DCL Inbound,Leroy St and Murray IB,21
10/5/2018 9:28,WS Outbound-DCL Inbound,Leroy St and Murray IB,21
10/5/2018 9:29,WS Outbound-DCL Inbound,Leroy St and Chestnut IB,21
10/5/2018 9:29,WS Outbound-DCL Inbound,Leroy St and Chestnut IB,21
10/5/2018 9:29,WS Outbound-DCL Inbound,Leroy St and Chestnut IB,21
10/5/2018 9:29,WS Outbound-DCL Inbound,Leroy St and Chestnut IB,21
10/5/2018 9:29,WS Outbound-DCL Inbound,Leroy St and Chestnut IB,21
10/5/2018 9:29,WS Outbound-DCL Inbound,Leroy St and Chestnut IB,21
10/5/2018 9:29,WS Outbound-DCL Inbound,Leroy St and Chestnut IB,21
10/5/2018 9:29,WS Outbound-DCL Inbound,Leroy St and Chestnut IB,21
10/5/2018 9:29,WS Outbound-DCL Inbound,Leroy St and Chestnut IB,21
10/5/2018 9:30,WS Outbound-DCL Inbound,Main and Murray OB,55
10/5/2018 9:30,WS Outbound-DCL Inbound,Leroy St and Laurel IB,21
10/5/2018 9:33,WS Outbound-DCL Inbound,UDC,55
10/5/2018 9:33,WS Outbound-DCL Inbound,UDC,55
10/5/2018 9:33,WS Outbound-DCL Inbound,UDC,55
10/5/2018 9:34,WS Outbound-DCL Inbound,Riverside and Ethel IB,21
10/5/2018 9:36,WS Outbound-DCL Inbound,UDC,55
10/5/2018 9:39,WS Outbound-DCL Inbound,UDC,55
10/5/2018 9:42,WS Outbound-DCL Inbound,Leroy St and Front,55
10/5/2018 9:42,WS Outbound-DCL Inbound,Leroy St and Front,55
10/5/2018 9:42,WS Outbound-DCL Inbound,Leroy St and Front,55
10/5/2018 9:43,WS Outbound-DCL Inbound,Leroy St and Murray IB,55
10/5/2018 9:43,WS Outbound-DCL Inbound,Leroy St and Murray IB,55
10/5/2018 9:44,WS Outbound-DCL Inbound,Leroy St and Chestnut IB,55
10/5/2018 9:44,WS Outbound-DCL Inbound,Leroy St and Chestnut IB,55
10/5/2018 9:44,WS Outbound-DCL Inbound,Union,891
10/5/2018 9:44,WS Outbound-DCL Inbound,Union,891
10/5/2018 9:45,WS Outbound-DCL Inbound,Union,891
10/5/2018 9:46,WS Outbound-DCL Inbound,Union,891
10/5/2018 9:46,WS Outbound-DCL Inbound,Union,891
10/5/2018 9:46,WS Outbound-DCL Inbound,Union,891
10/5/2018 9:49,WS Outbound-DCL Inbound,Physical Facilities,891
10/5/2018 9:49,WS Outbound-DCL Inbound,Physical Facilities,891
10/5/2018 9:49,WS Outbound-DCL Inbound,Physical Facilities,891
10/5/2018 9:50,WS Outbound-DCL Inbound,Riverside and Columbus,55
10/5/2018 9:51,WS Outbound-DCL Inbound,Riverside and Ethel IB,55
10/5/2018 9:57,WS Outbound-DCL Inbound,Leroy St and Front,37
10/5/2018 9:59,WS Outbound-DCL Inbound,Leroy St and Chestnut IB,37
10/5/2018 9:59,WS Outbound-DCL Inbound,Leroy St and Chestnut IB,37
10/5/2018 10:00,WS Outbound-DCL Inbound,Leroy St and Laurel IB,37
10/5/2018 10:01,WS Outbound-DCL Inbound,Main and Arthur,891
10/5/2018 10:01,WS Outbound-DCL Inbound,Main and Arthur,891
10/5/2018 10:01,WS Outbound-DCL Inbound,Main and Arthur,891
10/5/2018 10:03,WS Outbound-DCL Inbound,Riverside and Margaret OB,37
10/5/2018 10:05,WS Outbound-DCL Inbound,Hawley OB,891
10/5/2018 10:07,WS Outbound-DCL Inbound,UDC,891
10/5/2018 10:12,WS Outbound-DCL Inbound,Leroy St and Front,891
10/5/2018 10:13,WS Outbound-DCL Inbound,Union,55
10/5/2018 10:13,WS Outbound-DCL Inbound,Union,55
10/5/2018 10:13,WS Outbound-DCL Inbound,Leroy St and Murray IB,891
10/5/2018 10:13,WS Outbound-DCL Inbound,Union,55
10/5/2018 10:13,WS Outbound-DCL Inbound,Leroy St and Murray IB,891
10/5/2018 10:13,WS Outbound-DCL Inbound,Leroy St and Murray IB,891
10/5/2018 10:13,WS Outbound-DCL Inbound,Leroy St and Murray IB,891
10/5/2018 10:13,WS Outbound-DCL Inbound,Leroy St and Murray IB,891
10/5/2018 10:13,WS Outbound-DCL Inbound,Leroy St and Murray IB,891
10/5/2018 10:13,WS Outbound-DCL Inbound,Union,55
10/5/2018 10:13,WS Outbound-DCL Inbound,Leroy St and Murray IB,891
10/5/2018 10:13,WS Outbound-DCL Inbound,Leroy St and Murray IB,891
10/5/2018 10:13,WS Outbound-DCL Inbound,Leroy St and Murray IB,891
10/5/2018 10:13,WS Outbound-DCL Inbound,Leroy St and Murray IB,891
10/5/2018 10:13,WS Outbound-DCL Inbound,Leroy St and Murray IB,891
10/5/2018 10:13,WS Outbound-DCL Inbound,Leroy St and Murray IB,891
10/5/2018 10:14,WS Outbound-DCL Inbound,Leroy St and Chestnut IB,891
10/5/2018 10:14,WS Outbound-DCL Inbound,Leroy St and Chestnut IB,891
10/5/2018 10:14,WS Outbound-DCL Inbound,Leroy St and Chestnut IB,891
10/5/2018 10:14,WS Outbound-DCL Inbound,Leroy St and Chestnut IB,891
10/5/2018 10:14,WS Outbound-DCL Inbound,Leroy St and Chestnut IB,891
10/5/2018 10:14,WS Outbound-DCL Inbound,Leroy St and Chestnut IB,891
10/5/2018 10:14,WS Outbound-DCL Inbound,Leroy St and Chestnut IB,891
10/5/2018 10:14,WS Outbound-DCL Inbound,Leroy St and Chestnut IB,891
10/5/2018 10:14,WS Outbound-DCL Inbound,Leroy St and Chestnut IB,891
10/5/2018 10:14,WS Outbound-DCL Inbound,Leroy St and Chestnut IB,891
10/5/2018 10:14,WS Outbound-DCL Inbound,Leroy St and Chestnut IB,891
10/5/2018 10:15,WS Outbound-DCL Inbound,Leroy St and Laurel IB,891
10/5/2018 10:20,WS Outbound-DCL Inbound,Riverside and Columbus IB,891
10/5/2018 10:28,WS Outbound-DCL Inbound,Main and Schiller OB,55
10/5/2018 10:28,WS Outbound-DCL Inbound,Union,891
10/5/2018 10:28,WS Outbound-DCL Inbound,Union,891
10/5/2018 10:29,WS Outbound-DCL Inbound,Union,891
10/5/2018 10:29,WS Outbound-DCL Inbound,Main and Clarke IB,55
10/5/2018 10:30,WS Outbound-DCL Inbound,Main and Cedar OB,55
10/5/2018 10:31,WS Outbound-DCL Inbound,Main and Arthur,55
10/5/2018 10:32,WS Outbound-DCL Inbound,Main and Murray OB,55
10/5/2018 10:32,WS Outbound-DCL Inbound,Main and Murray OB,55
10/5/2018 10:36,WS Outbound-DCL Inbound,UDC,55
10/5/2018 10:39,WS Outbound-DCL Inbound,UDC,55
10/5/2018 10:43,WS Outbound-DCL Inbound,Leroy St and Front,55
10/5/2018 10:43,WS Outbound-DCL Inbound,Leroy St and Front,55
10/5/2018 10:44,WS Outbound-DCL Inbound,Leroy St and Murray IB,55
10/5/2018 10:44,WS Outbound-DCL Inbound,Leroy St and Murray IB,55
10/5/2018 10:44,WS Outbound-DCL Inbound,Leroy St and Murray IB,55
10/5/2018 10:44,WS Outbound-DCL Inbound,Leroy St and Murray IB,55
10/5/2018 10:45,WS Outbound-DCL Inbound,Leroy St and Chestnut IB,55
10/5/2018 10:46,WS Outbound-DCL Inbound,Leroy St and Laurel IB,55
10/5/2018 10:54,WS Outbound-DCL Inbound,UDC,527
10/5/2018 10:57,WS Outbound-DCL Inbound,Leroy St and Front,527
10/5/2018 10:58,WS Outbound-DCL Inbound,Leroy St and Murray IB,527
10/5/2018 10:58,WS Outbound-DCL Inbound,Leroy St and Murray IB,527
10/5/2018 10:58,WS Outbound-DCL Inbound,Leroy St and Murray IB,527
10/5/2018 11:23,WS Outbound-DCL Inbound,Floral and Willow OB,891
10/5/2018 11:24,WS Outbound-DCL Inbound,Floral and Cleveland OB,891
10/5/2018 11:36,WS Outbound-DCL Inbound,UDC,891
10/5/2018 11:36,WS Outbound-DCL Inbound,UDC,891
10/5/2018 11:42,WS Outbound-DCL Inbound,Leroy St and Front,891
10/5/2018 11:42,WS Outbound-DCL Inbound,Leroy St and Front,891
10/5/2018 11:42,WS Outbound-DCL Inbound,Leroy St and Front,891
10/5/2018 11:42,WS Outbound-DCL Inbound,Leroy St and Front,891
10/5/2018 11:42,WS Outbound-DCL Inbound,Leroy St and Front,891
10/5/2018 11:43,WS Outbound-DCL Inbound,Union,55
10/5/2018 11:43,WS Outbound-DCL Inbound,Union,55
10/5/2018 11:43,WS Outbound-DCL Inbound,Leroy St and Murray IB,891
10/5/2018 11:43,WS Outbound-DCL Inbound,Leroy St and Murray IB,891
10/5/2018 11:43,WS Outbound-DCL Inbound,Leroy St and Murray IB,891
10/5/2018 11:43,WS Outbound-DCL Inbound,Leroy St and Murray IB,891
10/5/2018 11:43,WS Outbound-DCL Inbound,Leroy St and Murray IB,891
10/5/2018 11:44,WS Outbound-DCL Inbound,Leroy St and Murray IB,891
10/5/2018 11:44,WS Outbound-DCL Inbound,Leroy St and Murray IB,891
10/5/2018 11:44,WS Outbound-DCL Inbound,Leroy St and Murray IB,891
10/5/2018 11:44,WS Outbound-DCL Inbound,Leroy St and Murray IB,891
10/5/2018 11:44,WS Outbound-DCL Inbound,Leroy St and Murray IB,891
10/5/2018 11:44,WS Outbound-DCL Inbound,Leroy St and Murray IB,891
10/5/2018 11:44,WS Outbound-DCL Inbound,Leroy St and Murray IB,891
10/5/2018 11:44,WS Outbound-DCL Inbound,Leroy St and Murray IB,891
10/5/2018 11:44,WS Outbound-DCL Inbound,Leroy St and Murray IB,891
10/5/2018 11:44,WS Outbound-DCL Inbound,Union,55
10/5/2018 11:45,WS Outbound-DCL Inbound,Leroy St and Chestnut IB,891
10/5/2018 11:45,WS Outbound-DCL Inbound,Leroy St and Chestnut IB,891
10/5/2018 11:45,WS Outbound-DCL Inbound,Union,55
10/5/2018 11:45,WS Outbound-DCL Inbound,Leroy St and Chestnut IB,891
10/5/2018 11:45,WS Outbound-DCL Inbound,Leroy St and Chestnut IB,891
10/5/2018 11:45,WS Outbound-DCL Inbound,Leroy St and Chestnut IB,891
10/5/2018 11:45,WS Outbound-DCL Inbound,Leroy St and Chestnut IB,891
10/5/2018 11:45,WS Outbound-DCL Inbound,Leroy St and Chestnut IB,891
10/5/2018 11:45,WS Outbound-DCL Inbound,Leroy St and Chestnut IB,891
10/5/2018 11:45,WS Outbound-DCL Inbound,Leroy St and Chestnut IB,891
10/5/2018 11:47,WS Outbound-DCL Inbound,Beethoven and Leroy,891
10/5/2018 11:47,WS Outbound-DCL Inbound,Beethoven and Leroy,891
10/5/2018 11:56,WS Outbound-DCL Inbound,Floral and Cleveland OB,55
10/5/2018 11:57,WS Outbound-DCL Inbound,Floral and Main OB,55
10/5/2018 11:58,WS Outbound-DCL Inbound,Main and Matthews,55
10/5/2018 12:06,WS Outbound-DCL Inbound,Union,21
10/5/2018 12:07,WS Outbound-DCL Inbound,Union,21
10/5/2018 12:07,WS Outbound-DCL Inbound,Union,21
10/5/2018 12:07,WS Outbound-DCL Inbound,Union,21
10/5/2018 12:08,WS Outbound-DCL Inbound,Hawley OB,55
10/5/2018 12:09,WS Outbound-DCL Inbound,UDC,55
10/5/2018 12:09,WS Outbound-DCL Inbound,Physical Facilities,21
10/5/2018 12:09,WS Outbound-DCL Inbound,Physical Facilities,21
10/5/2018 12:10,WS Outbound-DCL Inbound,UDC,55
10/5/2018 12:13,WS Outbound-DCL Inbound,Union,37
10/5/2018 12:14,WS Outbound-DCL Inbound,Union,37
10/5/2018 12:14,WS Outbound-DCL Inbound,Union,37
10/5/2018 12:14,WS Outbound-DCL Inbound,Leroy St and Murray IB,55
10/5/2018 12:14,WS Outbound-DCL Inbound,Leroy St and Murray IB,55
10/5/2018 12:14,WS Outbound-DCL Inbound,Leroy St and Murray IB,55
10/5/2018 12:14,WS Outbound-DCL Inbound,Leroy St and Murray IB,55
10/5/2018 12:14,WS Outbound-DCL Inbound,Leroy St and Murray IB,55
10/5/2018 12:14,WS Outbound-DCL Inbound,Leroy St and Murray IB,55
10/5/2018 12:14,WS Outbound-DCL Inbound,Leroy St and Murray IB,55
10/5/2018 12:14,WS Outbound-DCL Inbound,Leroy St and Murray IB,55
10/5/2018 12:15,WS Outbound-DCL Inbound,Union,37
10/5/2018 12:15,WS Outbound-DCL Inbound,Union,37
10/5/2018 12:15,WS Outbound-DCL Inbound,Leroy St and Chestnut IB,55
10/5/2018 12:15,WS Outbound-DCL Inbound,Leroy St and Chestnut IB,55
10/5/2018 12:15,WS Outbound-DCL Inbound,Leroy St and Chestnut IB,55
10/5/2018 12:15,WS Outbound-DCL Inbound,Leroy St and Chestnut IB,55
10/5/2018 12:17,WS Outbound-DCL Inbound,Beethoven and Leroy,55
10/5/2018 12:18,WS Outbound-DCL Inbound,Physical Facilities,37
10/5/2018 12:23,WS Outbound-DCL Inbound,Main and Arthur,21
10/5/2018 12:28,WS Outbound-DCL Inbound,UDC,21
10/5/2018 12:28,WS Outbound-DCL Inbound,UDC,21
10/5/2018 12:28,WS Outbound-DCL Inbound,UDC,21
10/5/2018 12:28,WS Outbound-DCL Inbound,UDC,21
10/5/2018 12:31,WS Outbound-DCL Inbound,Leroy St and Front,21
10/5/2018 12:31,WS Outbound-DCL Inbound,Leroy St and Front,21
10/5/2018 12:32,WS Outbound-DCL Inbound,Leroy St and Murray IB,21
10/5/2018 12:32,WS Outbound-DCL Inbound,Leroy St and Murray IB,21
10/5/2018 12:32,WS Outbound-DCL Inbound,Leroy St and Murray IB,21
10/5/2018 12:32,WS Outbound-DCL Inbound,Leroy St and Murray IB,21
10/5/2018 12:32,WS Outbound-DCL Inbound,Leroy St and Murray IB,21
10/5/2018 12:32,WS Outbound-DCL Inbound,Leroy St and Murray IB,21
10/5/2018 12:33,WS Outbound-DCL Inbound,Leroy St and Chestnut IB,21
10/5/2018 12:33,WS Outbound-DCL Inbound,Leroy St and Chestnut IB,21
10/5/2018 12:33,WS Outbound-DCL Inbound,Leroy St and Chestnut IB,21
10/5/2018 12:33,WS Outbound-DCL Inbound,Leroy St and Chestnut IB,21
10/5/2018 12:33,WS Outbound-DCL Inbound,Leroy St and Chestnut IB,21
10/5/2018 12:34,WS Outbound-DCL Inbound,Leroy St and Laurel IB,21
10/5/2018 12:40,WS Outbound-DCL Inbound,UDC,37
10/5/2018 12:41,WS Outbound-DCL Inbound,UDC,37
10/5/2018 12:41,WS Outbound-DCL Inbound,UDC,37
10/5/2018 12:44,WS Outbound-DCL Inbound,Leroy St and Front,37
10/5/2018 12:44,WS Outbound-DCL Inbound,Leroy St and Front,37
10/5/2018 12:44,WS Outbound-DCL Inbound,Leroy St and Front,37
10/5/2018 12:44,WS Outbound-DCL Inbound,Leroy St and Front,37
10/5/2018 12:45,WS Outbound-DCL Inbound,Leroy St and Murray IB,37
10/5/2018 12:45,WS Outbound-DCL Inbound,Leroy St and Murray IB,37
10/5/2018 12:45,WS Outbound-DCL Inbound,Leroy St and Murray IB,37
10/5/2018 12:45,WS Outbound-DCL Inbound,Leroy St and Murray IB,37
10/5/2018 12:45,WS Outbound-DCL Inbound,Leroy St and Murray IB,37
10/5/2018 12:45,WS Outbound-DCL Inbound,Leroy St and Murray IB,37
10/5/2018 12:45,WS Outbound-DCL Inbound,Leroy St and Murray IB,37
10/5/2018 12:45,WS Outbound-DCL Inbound,Leroy St and Murray IB,37
10/5/2018 12:45,WS Outbound-DCL Inbound,Leroy St and Murray IB,37
10/5/2018 12:45,WS Outbound-DCL Inbound,Leroy St and Murray IB,37
10/5/2018 12:45,WS Outbound-DCL Inbound,Leroy St and Murray IB,37
10/5/2018 12:45,WS Outbound-DCL Inbound,Leroy St and Murray IB,37
10/5/2018 12:45,WS Outbound-DCL Inbound,Leroy St and Murray IB,37
10/5/2018 12:45,WS Outbound-DCL Inbound,Leroy St and Murray IB,37
10/5/2018 12:46,WS Outbound-DCL Inbound,Leroy St and Chestnut OB,37
10/5/2018 12:46,WS Outbound-DCL Inbound,Leroy St and Chestnut OB,37
10/5/2018 12:46,WS Outbound-DCL Inbound,Leroy St and Chestnut OB,37
10/5/2018 12:46,WS Outbound-DCL Inbound,Leroy St and Chestnut OB,37
10/5/2018 12:46,WS Outbound-DCL Inbound,Leroy St and Chestnut OB,37
10/5/2018 12:46,WS Outbound-DCL Inbound,Leroy St and Chestnut OB,37
10/5/2018 12:53,WS Outbound-DCL Inbound,Floral and Main OB,891
10/5/2018 12:58,WS Outbound-DCL Inbound,Main and Cedar OB,891
10/5/2018 12:59,WS Outbound-DCL Inbound,Union,527
10/5/2018 12:59,WS Outbound-DCL Inbound,Union,527
10/5/2018 12:59,WS Outbound-DCL Inbound,Union,527
10/5/2018 12:59,WS Outbound-DCL Inbound,Union,527
10/5/2018 12:59,WS Outbound-DCL Inbound,Union,527
10/5/2018 12:59,WS Outbound-DCL Inbound,Union,527
10/5/2018 12:59,WS Outbound-DCL Inbound,Union,527
10/5/2018 12:59,WS Outbound-DCL Inbound,Union,527
10/5/2018 12:59,WS Outbound-DCL Inbound,Union,527
10/5/2018 12:59,WS Outbound-DCL Inbound,Union,527
10/5/2018 12:59,WS Outbound-DCL Inbound,Union,527
10/5/2018 12:59,WS Outbound-DCL Inbound,Union,527
10/5/2018 12:59,WS Outbound-DCL Inbound,Union,527
10/5/2018 12:59,WS Outbound-DCL Inbound,Union,527
10/5/2018 13:00,WS Outbound-DCL Inbound,Union,527
10/5/2018 13:00,WS Outbound-DCL Inbound,Union,527
10/5/2018 13:00,WS Outbound-DCL Inbound,Union,527
10/5/2018 13:00,WS Outbound-DCL Inbound,Union,527
10/5/2018 13:00,WS Outbound-DCL Inbound,Union,527
10/5/2018 13:00,WS Outbound-DCL Inbound,Union,527
10/5/2018 13:00,WS Outbound-DCL Inbound,Union,527
10/5/2018 13:00,WS Outbound-DCL Inbound,Union,527
10/5/2018 13:00,WS Outbound-DCL Inbound,Union,527
10/5/2018 13:00,WS Outbound-DCL Inbound,Union,527
10/5/2018 13:01,WS Outbound-DCL Inbound,Union,527
10/5/2018 13:02,WS Outbound-DCL Inbound,Union,37
10/5/2018 13:02,WS Outbound-DCL Inbound,Union,37
10/5/2018 13:02,WS Outbound-DCL Inbound,Union,37
10/5/2018 13:02,WS Outbound-DCL Inbound,Union,37
10/5/2018 13:04,WS Outbound-DCL Inbound,Physical Facilities,527
10/5/2018 13:06,WS Outbound-DCL Inbound,UDC,891
10/5/2018 13:11,WS Outbound-DCL Inbound,Floral and Willow OB,527
10/5/2018 13:14,WS Outbound-DCL Inbound,Leroy St and Murray IB,891
10/5/2018 13:14,WS Outbound-DCL Inbound,Leroy St and Murray IB,891
10/5/2018 13:14,WS Outbound-DCL Inbound,Leroy St and Murray IB,891
10/5/2018 13:14,WS Outbound-DCL Inbound,Leroy St and Murray IB,891
10/5/2018 13:14,WS Outbound-DCL Inbound,Leroy St and Murray IB,891
10/5/2018 13:14,WS Outbound-DCL Inbound,Leroy St and Murray IB,891
10/5/2018 13:14,WS Outbound-DCL Inbound,Leroy St and Murray IB,891
10/5/2018 13:14,WS Outbound-DCL Inbound,Leroy St and Murray IB,891
10/5/2018 13:15,WS Outbound-DCL Inbound,Leroy St and Chestnut IB,891
10/5/2018 13:15,WS Outbound-DCL Inbound,Leroy St and Chestnut IB,891
10/5/2018 13:15,WS Outbound-DCL Inbound,Leroy St and Chestnut IB,891
10/5/2018 13:16,WS Outbound-DCL Inbound,Union,55
10/5/2018 13:16,WS Outbound-DCL Inbound,Union,55
10/5/2018 13:16,WS Outbound-DCL Inbound,Union,55
10/5/2018 13:16,WS Outbound-DCL Inbound,Union,55
10/5/2018 13:16,WS Outbound-DCL Inbound,Union,55
10/5/2018 13:16,WS Outbound-DCL Inbound,Union,55
10/5/2018 13:16,WS Outbound-DCL Inbound,Union,55
10/5/2018 13:16,WS Outbound-DCL Inbound,Union,55
10/5/2018 13:16,WS Outbound-DCL Inbound,Union,55
10/5/2018 13:16,WS Outbound-DCL Inbound,Union,55
10/5/2018 13:16,WS Outbound-DCL Inbound,Union,55
10/5/2018 13:16,WS Outbound-DCL Inbound,Union,55
10/5/2018 13:16,WS Outbound-DCL Inbound,Union,55
10/5/2018 13:16,WS Outbound-DCL Inbound,Union,55
10/5/2018 13:16,WS Outbound-DCL Inbound,Union,55
10/5/2018 13:16,WS Outbound-DCL Inbound,Union,55
10/5/2018 13:16,WS Outbound-DCL Inbound,Union,55
10/5/2018 13:16,WS Outbound-DCL Inbound,Union,55
10/5/2018 13:16,WS Outbound-DCL Inbound,Union,55
10/5/2018 13:16,WS Outbound-DCL Inbound,Union,55
10/5/2018 13:16,WS Outbound-DCL Inbound,Union,55
10/5/2018 13:17,WS Outbound-DCL Inbound,Union,55
10/5/2018 13:17,WS Outbound-DCL Inbound,Union,55
10/5/2018 13:17,WS Outbound-DCL Inbound,Union,55
10/5/2018 13:17,WS Outbound-DCL Inbound,Union,55
10/5/2018 13:17,WS Outbound-DCL Inbound,Union,55
10/5/2018 13:17,WS Outbound-DCL Inbound,Union,55
10/5/2018 13:17,WS Outbound-DCL Inbound,Union,55
10/5/2018 13:17,WS Outbound-DCL Inbound,Union,55
10/5/2018 13:17,WS Outbound-DCL Inbound,Union,55
10/5/2018 13:17,WS Outbound-DCL Inbound,Union,55
10/5/2018 13:17,WS Outbound-DCL Inbound,Union,55
10/5/2018 13:17,WS Outbound-DCL Inbound,Union,55
10/5/2018 13:17,WS Outbound-DCL Inbound,Union,55
10/5/2018 13:17,WS Outbound-DCL Inbound,Union,55
10/5/2018 13:17,WS Outbound-DCL Inbound,Union,55
10/5/2018 13:17,WS Outbound-DCL Inbound,Union,55
10/5/2018 13:17,WS Outbound-DCL Inbound,Union,55
10/5/2018 13:20,WS Outbound-DCL Inbound,Physical Facilities,55
10/5/2018 13:20,WS Outbound-DCL Inbound,Physical Facilities,55
10/5/2018 13:20,WS Outbound-DCL Inbound,Physical Facilities,55
10/5/2018 13:23,WS Outbound-DCL Inbound,Hawley OB,527
10/5/2018 13:24,WS Outbound-DCL Inbound,UDC,527
10/5/2018 13:24,WS Outbound-DCL Inbound,UDC,527
10/5/2018 13:24,WS Outbound-DCL Inbound,UDC,527
10/5/2018 13:25,WS Outbound-DCL Inbound,UDC,527
10/5/2018 13:25,WS Outbound-DCL Inbound,UDC,527
10/5/2018 13:28,WS Outbound-DCL Inbound,Leroy St and Murray IB,527
10/5/2018 13:28,WS Outbound-DCL Inbound,Leroy St and Murray IB,527
10/5/2018 13:28,WS Outbound-DCL Inbound,Leroy St and Murray IB,527
10/5/2018 13:28,WS Outbound-DCL Inbound,Leroy St and Murray IB,527
10/5/2018 13:29,WS Outbound-DCL Inbound,Leroy St and Chestnut OB,527
10/5/2018 13:29,WS Outbound-DCL Inbound,Leroy St and Chestnut OB,527
10/5/2018 13:29,WS Outbound-DCL Inbound,Leroy St and Chestnut OB,527
10/5/2018 13:38,WS Outbound-DCL Inbound,Main and Murray OB,55
10/5/2018 13:45,WS Outbound-DCL Inbound,Leroy St and Front,55
10/5/2018 13:46,WS Outbound-DCL Inbound,Leroy St and Murray IB,55
10/5/2018 13:46,WS Outbound-DCL Inbound,Leroy St and Murray IB,55
10/5/2018 13:46,WS Outbound-DCL Inbound,Leroy St and Murray IB,55
10/5/2018 13:46,WS Outbound-DCL Inbound,Leroy St and Murray IB,55
10/5/2018 13:46,WS Outbound-DCL Inbound,Leroy St and Murray IB,55
10/5/2018 13:46,WS Outbound-DCL Inbound,Leroy St and Murray IB,55
10/5/2018 13:46,WS Outbound-DCL Inbound,Leroy St and Murray IB,55
10/5/2018 13:46,WS Outbound-DCL Inbound,Leroy St and Murray IB,55
10/5/2018 13:46,WS Outbound-DCL Inbound,Leroy St and Murray IB,55
10/5/2018 13:46,WS Outbound-DCL Inbound,Leroy St and Murray IB,55
10/5/2018 13:46,WS Outbound-DCL Inbound,Leroy St and Murray IB,55
10/5/2018 13:46,WS Outbound-DCL Inbound,Leroy St and Murray IB,55
10/5/2018 13:47,WS Outbound-DCL Inbound,Union,37
10/5/2018 13:47,WS Outbound-DCL Inbound,Union,37
10/5/2018 13:47,WS Outbound-DCL Inbound,Union,37
10/5/2018 13:47,WS Outbound-DCL Inbound,Union,37
10/5/2018 13:47,WS Outbound-DCL Inbound,Union,37
10/5/2018 13:47,WS Outbound-DCL Inbound,Union,37
10/5/2018 13:47,WS Outbound-DCL Inbound,Union,37
10/5/2018 13:47,WS Outbound-DCL Inbound,Union,37
10/5/2018 13:47,WS Outbound-DCL Inbound,Union,37
10/5/2018 13:47,WS Outbound-DCL Inbound,Union,37
10/5/2018 13:47,WS Outbound-DCL Inbound,Union,37
10/5/2018 13:47,WS Outbound-DCL Inbound,Leroy St and Chestnut IB,55
10/5/2018 13:47,WS Outbound-DCL Inbound,Union,37
10/5/2018 13:47,WS Outbound-DCL Inbound,Leroy St and Chestnut IB,55
10/5/2018 13:47,WS Outbound-DCL Inbound,Union,37
10/5/2018 13:48,WS Outbound-DCL Inbound,Leroy St and Laurel IB,55
10/5/2018 13:49,WS Outbound-DCL Inbound,Beethoven and Leroy,55
10/5/2018 13:51,WS Outbound-DCL Inbound,Physical Facilities,37
10/5/2018 13:52,WS Outbound-DCL Inbound,Denny''s,37
10/5/2018 13:52,WS Outbound-DCL Inbound,Denny''s,37
10/5/2018 14:01,WS Outbound-DCL Inbound,Union,526
10/5/2018 14:01,WS Outbound-DCL Inbound,Union,526
10/5/2018 14:01,WS Outbound-DCL Inbound,Union,526
10/5/2018 14:01,WS Outbound-DCL Inbound,Union,526
10/5/2018 14:02,WS Outbound-DCL Inbound,Union,526
10/5/2018 14:02,WS Outbound-DCL Inbound,Union,526
10/5/2018 14:02,WS Outbound-DCL Inbound,Union,526
10/5/2018 14:02,WS Outbound-DCL Inbound,Union,526
10/5/2018 14:02,WS Outbound-DCL Inbound,Union,526
10/5/2018 14:02,WS Outbound-DCL Inbound,Union,526
10/5/2018 14:02,WS Outbound-DCL Inbound,Union,526
10/5/2018 14:02,WS Outbound-DCL Inbound,Union,526
10/5/2018 14:02,WS Outbound-DCL Inbound,Union,526
10/5/2018 14:02,WS Outbound-DCL Inbound,Union,526
10/5/2018 14:02,WS Outbound-DCL Inbound,Union,526
10/5/2018 14:04,WS Outbound-DCL Inbound,Union,526
10/5/2018 14:04,WS Outbound-DCL Inbound,Union,526
10/5/2018 14:04,WS Outbound-DCL Inbound,Union,526
10/5/2018 14:04,WS Outbound-DCL Inbound,Union,526
10/5/2018 14:04,WS Outbound-DCL Inbound,Union,526
10/5/2018 14:10,WS Outbound-DCL Inbound,UDC,37
10/5/2018 14:10,WS Outbound-DCL Inbound,UDC,37
10/5/2018 14:10,WS Outbound-DCL Inbound,UDC,37
10/5/2018 14:10,WS Outbound-DCL Inbound,UDC,37
10/5/2018 14:11,WS Outbound-DCL Inbound,UDC,37
10/5/2018 14:14,WS Outbound-DCL Inbound,Leroy St and Murray IB,37
10/5/2018 14:14,WS Outbound-DCL Inbound,Leroy St and Murray IB,37
10/5/2018 14:14,WS Outbound-DCL Inbound,Leroy St and Murray IB,37
10/5/2018 14:14,WS Outbound-DCL Inbound,Leroy St and Murray IB,37
10/5/2018 14:14,WS Outbound-DCL Inbound,Leroy St and Murray IB,37
10/5/2018 14:14,WS Outbound-DCL Inbound,Leroy St and Murray IB,37
10/5/2018 14:14,WS Outbound-DCL Inbound,Leroy St and Murray IB,37
10/5/2018 14:14,WS Outbound-DCL Inbound,Leroy St and Murray IB,37
10/5/2018 14:15,WS Outbound-DCL Inbound,Leroy St and Chestnut IB,37
10/5/2018 14:15,WS Outbound-DCL Inbound,Leroy St and Chestnut IB,37
10/5/2018 14:15,WS Outbound-DCL Inbound,Leroy St and Chestnut IB,37
10/5/2018 14:20,WS Outbound-DCL Inbound,Main and Helen OB,526
10/5/2018 14:21,WS Outbound-DCL Inbound,Riverside and Ethel IB,37
10/5/2018 14:22,WS Outbound-DCL Inbound,Main and Clarke OB,526
10/5/2018 14:29,WS Outbound-DCL Inbound,UDC,526
10/5/2018 14:29,WS Outbound-DCL Inbound,UDC,526
10/5/2018 14:33,WS Outbound-DCL Inbound,Leroy St and Front,526
10/5/2018 14:33,WS Outbound-DCL Inbound,Leroy St and Front,526
10/5/2018 14:33,WS Outbound-DCL Inbound,Physical Facilities,21
10/5/2018 14:34,WS Outbound-DCL Inbound,Leroy St and Murray IB,526
10/5/2018 14:34,WS Outbound-DCL Inbound,Leroy St and Murray IB,526
10/5/2018 14:34,WS Outbound-DCL Inbound,Leroy St and Murray IB,526
10/5/2018 14:34,WS Outbound-DCL Inbound,Leroy St and Murray IB,526
10/5/2018 14:34,WS Outbound-DCL Inbound,Leroy St and Murray IB,526
10/5/2018 14:34,WS Outbound-DCL Inbound,Leroy St and Murray IB,526
10/5/2018 14:34,WS Outbound-DCL Inbound,Leroy St and Murray IB,526
10/5/2018 14:34,WS Outbound-DCL Inbound,Leroy St and Murray IB,526
10/5/2018 14:34,WS Outbound-DCL Inbound,Leroy St and Murray IB,526
10/5/2018 14:34,WS Outbound-DCL Inbound,Leroy St and Murray IB,526
10/5/2018 14:34,WS Outbound-DCL Inbound,Leroy St and Murray IB,526
10/5/2018 14:34,WS Outbound-DCL Inbound,Leroy St and Murray IB,526
10/5/2018 14:35,WS Outbound-DCL Inbound,Leroy St and Chestnut IB,526
10/5/2018 14:35,WS Outbound-DCL Inbound,Leroy St and Chestnut IB,526
10/5/2018 14:35,WS Outbound-DCL Inbound,Leroy St and Chestnut IB,526
10/5/2018 14:35,WS Outbound-DCL Inbound,Leroy St and Chestnut IB,526
10/5/2018 14:35,WS Outbound-DCL Inbound,Leroy St and Chestnut IB,526
10/5/2018 14:40,WS Outbound-DCL Inbound,Floral and Willow OB,21
10/5/2018 14:40,WS Outbound-DCL Inbound,Floral and Burbank OB,21
10/5/2018 14:40,WS Outbound-DCL Inbound,Floral and Burbank OB,21
10/5/2018 14:40,WS Outbound-DCL Inbound,Floral and Burbank OB,21
10/5/2018 14:44,WS Outbound-DCL Inbound,Union,527
10/5/2018 14:44,WS Outbound-DCL Inbound,Union,527
10/5/2018 14:44,WS Outbound-DCL Inbound,Union,527
10/5/2018 14:44,WS Outbound-DCL Inbound,Union,527
10/5/2018 14:44,WS Outbound-DCL Inbound,Union,527
10/5/2018 14:44,WS Outbound-DCL Inbound,Union,527
10/5/2018 14:45,WS Outbound-DCL Inbound,Union,527
10/5/2018 14:45,WS Outbound-DCL Inbound,Union,527
10/5/2018 14:45,WS Outbound-DCL Inbound,Union,527
10/5/2018 14:45,WS Outbound-DCL Inbound,Union,527
10/5/2018 14:45,WS Outbound-DCL Inbound,Union,527
10/5/2018 14:45,WS Outbound-DCL Inbound,Union,527
10/5/2018 14:45,WS Outbound-DCL Inbound,Union,527
10/5/2018 14:45,WS Outbound-DCL Inbound,Union,527
10/5/2018 14:45,WS Outbound-DCL Inbound,Union,527
10/5/2018 14:45,WS Outbound-DCL Inbound,Union,527
10/5/2018 14:45,WS Outbound-DCL Inbound,Union,527
10/5/2018 14:45,WS Outbound-DCL Inbound,Union,527
10/5/2018 14:45,WS Outbound-DCL Inbound,Union,527
10/5/2018 14:45,WS Outbound-DCL Inbound,Union,527
10/5/2018 14:45,WS Outbound-DCL Inbound,Union,527
10/5/2018 14:55,WS Outbound-DCL Inbound,Hawley OB,21
10/5/2018 14:55,WS Outbound-DCL Inbound,Hawley OB,21
10/5/2018 14:56,WS Outbound-DCL Inbound,Floral and Willow IB,527
10/5/2018 14:57,WS Outbound-DCL Inbound,UDC,21
10/5/2018 14:57,WS Outbound-DCL Inbound,UDC,21
10/5/2018 14:57,WS Outbound-DCL Inbound,UDC,21
10/5/2018 14:57,WS Outbound-DCL Inbound,UDC,21
10/5/2018 14:57,WS Outbound-DCL Inbound,UDC,21
10/5/2018 15:00,WS Outbound-DCL Inbound,Leroy St and Front,21
10/5/2018 15:01,WS Outbound-DCL Inbound,Leroy St and Murray IB,21
10/5/2018 15:01,WS Outbound-DCL Inbound,Leroy St and Murray IB,21
10/5/2018 15:01,WS Outbound-DCL Inbound,Leroy St and Murray IB,21
10/5/2018 15:01,WS Outbound-DCL Inbound,Leroy St and Murray IB,21
10/5/2018 15:01,WS Outbound-DCL Inbound,Leroy St and Murray IB,21
10/5/2018 15:01,WS Outbound-DCL Inbound,Leroy St and Murray IB,21
10/5/2018 15:02,WS Outbound-DCL Inbound,Leroy St and Murray IB,21
10/5/2018 15:02,WS Outbound-DCL Inbound,Leroy St and Murray IB,21
10/5/2018 15:02,WS Outbound-DCL Inbound,Leroy St and Murray IB,21
10/5/2018 15:03,WS Outbound-DCL Inbound,Leroy St and Chestnut IB,21
10/5/2018 15:03,WS Outbound-DCL Inbound,Leroy St and Chestnut IB,21
10/5/2018 15:03,WS Outbound-DCL Inbound,Leroy St and Chestnut IB,21
10/5/2018 15:03,WS Outbound-DCL Inbound,Leroy St and Chestnut IB,21
10/5/2018 15:03,WS Outbound-DCL Inbound,Leroy St and Chestnut IB,21
10/5/2018 15:03,WS Outbound-DCL Inbound,Leroy St and Chestnut IB,21
10/5/2018 15:05,WS Outbound-DCL Inbound,Beethoven and Leroy,21
10/5/2018 15:05,WS Outbound-DCL Inbound,Beethoven and Leroy,21
10/5/2018 15:05,WS Outbound-DCL Inbound,Beethoven and Leroy,21
10/5/2018 15:06,WS Outbound-DCL Inbound,Main and Murray OB,527
10/5/2018 15:06,WS Outbound-DCL Inbound,Main and Murray OB,527
10/5/2018 15:11,WS Outbound-DCL Inbound,UDC,527
10/5/2018 15:11,WS Outbound-DCL Inbound,UDC,527
10/5/2018 15:13,WS Outbound-DCL Inbound,Leroy St and Front,527
10/5/2018 15:14,WS Outbound-DCL Inbound,Leroy St and Murray IB,527
10/5/2018 15:14,WS Outbound-DCL Inbound,Leroy St and Murray IB,527
10/5/2018 15:14,WS Outbound-DCL Inbound,Leroy St and Murray IB,527
10/5/2018 15:14,WS Outbound-DCL Inbound,Leroy St and Murray IB,527
10/5/2018 15:14,WS Outbound-DCL Inbound,Union,37
10/5/2018 15:15,WS Outbound-DCL Inbound,Union,37
10/5/2018 15:15,WS Outbound-DCL Inbound,Union,37
10/5/2018 15:15,WS Outbound-DCL Inbound,Union,37
10/5/2018 15:15,WS Outbound-DCL Inbound,Union,37
10/5/2018 15:15,WS Outbound-DCL Inbound,Union,37
10/5/2018 15:15,WS Outbound-DCL Inbound,Union,37
10/5/2018 15:15,WS Outbound-DCL Inbound,Union,37
10/5/2018 15:15,WS Outbound-DCL Inbound,Union,37
10/5/2018 15:15,WS Outbound-DCL Inbound,Union,37
10/5/2018 15:15,WS Outbound-DCL Inbound,Union,37
10/5/2018 15:15,WS Outbound-DCL Inbound,Union,37
10/5/2018 15:15,WS Outbound-DCL Inbound,Union,37
10/5/2018 15:15,WS Outbound-DCL Inbound,Leroy St and Chestnut IB,527
10/5/2018 15:15,WS Outbound-DCL Inbound,Leroy St and Chestnut IB,527
10/5/2018 15:15,WS Outbound-DCL Inbound,Leroy St and Chestnut IB,527
10/5/2018 15:16,WS Outbound-DCL Inbound,Union,37
10/5/2018 15:16,WS Outbound-DCL Inbound,Union,37
10/5/2018 15:18,WS Outbound-DCL Inbound,Physical Facilities,37
10/5/2018 15:32,WS Outbound-DCL Inbound,Union,55
10/5/2018 15:32,WS Outbound-DCL Inbound,Union,55
10/5/2018 15:32,WS Outbound-DCL Inbound,Union,55
10/5/2018 15:32,WS Outbound-DCL Inbound,Union,55
10/5/2018 15:32,WS Outbound-DCL Inbound,Union,55
10/5/2018 15:32,WS Outbound-DCL Inbound,Union,55
10/5/2018 15:32,WS Outbound-DCL Inbound,Union,55
10/5/2018 15:32,WS Outbound-DCL Inbound,Union,55
10/5/2018 15:32,WS Outbound-DCL Inbound,Union,55
10/5/2018 15:32,WS Outbound-DCL Inbound,Union,55
10/5/2018 15:32,WS Outbound-DCL Inbound,Union,55
10/5/2018 15:32,WS Outbound-DCL Inbound,Union,55
10/5/2018 15:32,WS Outbound-DCL Inbound,Union,55
10/5/2018 15:32,WS Outbound-DCL Inbound,Union,55
10/5/2018 15:32,WS Outbound-DCL Inbound,Union,55
10/5/2018 15:32,WS Outbound-DCL Inbound,Union,55
10/5/2018 15:32,WS Outbound-DCL Inbound,Union,55
10/5/2018 15:32,WS Outbound-DCL Inbound,Union,55
10/5/2018 15:32,WS Outbound-DCL Inbound,Union,55
10/5/2018 15:32,WS Outbound-DCL Inbound,Union,55
10/5/2018 15:32,WS Outbound-DCL Inbound,Union,55
10/5/2018 15:32,WS Outbound-DCL Inbound,Union,55
10/5/2018 15:32,WS Outbound-DCL Inbound,Union,55
10/5/2018 15:32,WS Outbound-DCL Inbound,Union,55
10/5/2018 15:33,WS Outbound-DCL Inbound,Union,55
10/5/2018 15:33,WS Outbound-DCL Inbound,Union,55
10/5/2018 15:33,WS Outbound-DCL Inbound,Union,55
10/5/2018 15:33,WS Outbound-DCL Inbound,Union,55
10/5/2018 15:33,WS Outbound-DCL Inbound,Union,55
10/5/2018 15:33,WS Outbound-DCL Inbound,Union,55
10/5/2018 15:33,WS Outbound-DCL Inbound,Union,55
10/5/2018 15:33,WS Outbound-DCL Inbound,Union,55
10/5/2018 15:33,WS Outbound-DCL Inbound,Union,55
10/5/2018 15:33,WS Outbound-DCL Inbound,Union,55
10/5/2018 15:33,WS Outbound-DCL Inbound,Union,55
10/5/2018 15:33,WS Outbound-DCL Inbound,Union,55
10/5/2018 15:33,WS Outbound-DCL Inbound,Union,55
10/5/2018 15:33,WS Outbound-DCL Inbound,Union,55
10/5/2018 15:33,WS Outbound-DCL Inbound,Union,55
10/5/2018 15:33,WS Outbound-DCL Inbound,Union,55
10/5/2018 15:33,WS Outbound-DCL Inbound,Union,55
10/5/2018 15:33,WS Outbound-DCL Inbound,Union,55
10/5/2018 15:33,WS Outbound-DCL Inbound,Union,55
10/5/2018 15:33,WS Outbound-DCL Inbound,Union,55
10/5/2018 15:33,WS Outbound-DCL Inbound,Union,55
10/5/2018 15:33,WS Outbound-DCL Inbound,Union,55
10/5/2018 15:33,WS Outbound-DCL Inbound,Union,55
10/5/2018 15:34,WS Outbound-DCL Inbound,Union,55
10/5/2018 15:34,WS Outbound-DCL Inbound,Union,55
10/5/2018 15:34,WS Outbound-DCL Inbound,Union,55
10/5/2018 15:34,WS Outbound-DCL Inbound,Union,55
10/5/2018 15:37,WS Outbound-DCL Inbound,Physical Facilities OB,55
10/5/2018 15:37,WS Outbound-DCL Inbound,Hawley OB,37
10/5/2018 15:39,WS Outbound-DCL Inbound,UDC,37
10/5/2018 15:42,WS Outbound-DCL Inbound,Leroy St and Murray OB,37
10/5/2018 15:42,WS Outbound-DCL Inbound,Leroy St and Murray OB,37
10/5/2018 15:45,WS Outbound-DCL Inbound,Riverside and Beethoven,37
10/5/2018 15:45,WS Outbound-DCL Inbound,Floral and Burbank OB,55
10/5/2018 15:48,WS Outbound-DCL Inbound,Riverside and Columbus IB,37
10/5/2018 15:48,WS Outbound-DCL Inbound,Riverside and Columbus IB,37
10/5/2018 15:49,WS Outbound-DCL Inbound,Main and Helen OB,55
10/5/2018 15:52,WS Outbound-DCL Inbound,Main and Clarke OB,55
10/5/2018 15:56,WS Outbound-DCL Inbound,Main and Murray OB,55
10/5/2018 16:03,WS Outbound-DCL Inbound,Union,527
10/5/2018 16:03,WS Outbound-DCL Inbound,Union,527
10/5/2018 16:03,WS Outbound-DCL Inbound,Union,527
10/5/2018 16:03,WS Outbound-DCL Inbound,Union,527
10/5/2018 16:03,WS Outbound-DCL Inbound,Union,527
10/5/2018 16:03,WS Outbound-DCL Inbound,Union,527
10/5/2018 16:03,WS Outbound-DCL Inbound,Union,527
10/5/2018 16:03,WS Outbound-DCL Inbound,Union,527
10/5/2018 16:03,WS Outbound-DCL Inbound,Union,527
10/5/2018 16:03,WS Outbound-DCL Inbound,Union,527
10/5/2018 16:03,WS Outbound-DCL Inbound,Union,527
10/5/2018 16:03,WS Outbound-DCL Inbound,Union,527
10/5/2018 16:03,WS Outbound-DCL Inbound,Union,527
10/5/2018 16:03,WS Outbound-DCL Inbound,Union,527
10/5/2018 16:03,WS Outbound-DCL Inbound,Union,527
10/5/2018 16:03,WS Outbound-DCL Inbound,Union,527
10/5/2018 16:03,WS Outbound-DCL Inbound,Union,527
10/5/2018 16:03,WS Outbound-DCL Inbound,Union,527
10/5/2018 16:04,WS Outbound-DCL Inbound,Union,527
10/5/2018 16:04,WS Outbound-DCL Inbound,Union,527
10/5/2018 16:04,WS Outbound-DCL Inbound,Union,527
10/5/2018 16:04,WS Outbound-DCL Inbound,Union,527
10/5/2018 16:04,WS Outbound-DCL Inbound,Union,527
10/5/2018 16:04,WS Outbound-DCL Inbound,Union,527
10/5/2018 16:04,WS Outbound-DCL Inbound,Union,527
10/5/2018 16:04,WS Outbound-DCL Inbound,Union,527
10/5/2018 16:04,WS Outbound-DCL Inbound,Union,527
10/5/2018 16:04,WS Outbound-DCL Inbound,Union,527
10/5/2018 16:04,WS Outbound-DCL Inbound,Union,527
10/5/2018 16:04,WS Outbound-DCL Inbound,Union,527
10/5/2018 16:04,WS Outbound-DCL Inbound,Union,527
10/5/2018 16:05,WS Outbound-DCL Inbound,Leroy St and Murray IB,55
10/5/2018 16:05,WS Outbound-DCL Inbound,Leroy St and Murray IB,55
10/5/2018 16:05,WS Outbound-DCL Inbound,Leroy St and Murray IB,55
10/5/2018 16:05,WS Outbound-DCL Inbound,Leroy St and Murray IB,55
10/5/2018 16:05,WS Outbound-DCL Inbound,Leroy St and Murray IB,55
10/5/2018 16:05,WS Outbound-DCL Inbound,Leroy St and Murray IB,55
10/5/2018 16:07,WS Outbound-DCL Inbound,Physical Facilities,527
10/5/2018 16:16,WS Outbound-DCL Inbound,Floral and Main OB,527
10/5/2018 16:16,WS Outbound-DCL Inbound,Floral and Main OB,527
10/5/2018 16:18,WS Outbound-DCL Inbound,Union,526
10/5/2018 16:18,WS Outbound-DCL Inbound,Union,526
10/5/2018 16:18,WS Outbound-DCL Inbound,Union,526
10/5/2018 16:18,WS Outbound-DCL Inbound,Union,526
10/5/2018 16:18,WS Outbound-DCL Inbound,Union,526
10/5/2018 16:18,WS Outbound-DCL Inbound,Union,526
10/5/2018 16:18,WS Outbound-DCL Inbound,Union,526
10/5/2018 16:19,WS Outbound-DCL Inbound,Union,526
10/5/2018 16:19,WS Outbound-DCL Inbound,Union,526
10/5/2018 16:19,WS Outbound-DCL Inbound,Union,526
10/5/2018 16:19,WS Outbound-DCL Inbound,Union,526
10/5/2018 16:19,WS Outbound-DCL Inbound,Union,526
10/5/2018 16:19,WS Outbound-DCL Inbound,Union,526
10/5/2018 16:19,WS Outbound-DCL Inbound,Union,526
10/5/2018 16:19,WS Outbound-DCL Inbound,Union,526
10/5/2018 16:19,WS Outbound-DCL Inbound,Main and Helen OB,527
10/5/2018 16:19,WS Outbound-DCL Inbound,Union,526
10/5/2018 16:19,WS Outbound-DCL Inbound,Main and Helen OB,527
10/5/2018 16:19,WS Outbound-DCL Inbound,Union,526
10/5/2018 16:19,WS Outbound-DCL Inbound,Main and Helen OB,527
10/5/2018 16:19,WS Outbound-DCL Inbound,Union,526
10/5/2018 16:19,WS Outbound-DCL Inbound,Union,526
10/5/2018 16:19,WS Outbound-DCL Inbound,Union,526
10/5/2018 16:20,WS Outbound-DCL Inbound,Main and Schiller OB,527
10/5/2018 16:24,WS Outbound-DCL Inbound,Main and Murray OB,527
10/5/2018 16:24,WS Outbound-DCL Inbound,Main and Murray OB,527
10/5/2018 16:31,WS Outbound-DCL Inbound,Main and Helen OB,526
10/5/2018 16:36,WS Outbound-DCL Inbound,Main and Murray OB,526
10/5/2018 16:41,WS Outbound-DCL Inbound,UDC,526
10/5/2018 16:41,WS Outbound-DCL Inbound,UDC,526
10/5/2018 16:41,WS Outbound-DCL Inbound,UDC,526
10/5/2018 16:41,WS Outbound-DCL Inbound,UDC,526
10/5/2018 16:41,WS Outbound-DCL Inbound,UDC,526
10/5/2018 16:41,WS Outbound-DCL Inbound,UDC,526
10/5/2018 16:41,WS Outbound-DCL Inbound,UDC,526
10/5/2018 16:41,WS Outbound-DCL Inbound,UDC,526
10/5/2018 16:43,WS Outbound-DCL Inbound,Union,21
10/5/2018 16:43,WS Outbound-DCL Inbound,Union,21
10/5/2018 16:43,WS Outbound-DCL Inbound,Union,21
10/5/2018 16:43,WS Outbound-DCL Inbound,Union,21
10/5/2018 16:43,WS Outbound-DCL Inbound,Union,21
10/5/2018 16:44,WS Outbound-DCL Inbound,Union,21
10/5/2018 16:44,WS Outbound-DCL Inbound,Union,21
10/5/2018 16:44,WS Outbound-DCL Inbound,Union,21
10/5/2018 16:44,WS Outbound-DCL Inbound,Union,21
10/5/2018 16:44,WS Outbound-DCL Inbound,Union,21
10/5/2018 16:44,WS Outbound-DCL Inbound,Union,21
10/5/2018 16:44,WS Outbound-DCL Inbound,Union,21
10/5/2018 16:44,WS Outbound-DCL Inbound,Union,21
10/5/2018 16:44,WS Outbound-DCL Inbound,Union,21
10/5/2018 16:44,WS Outbound-DCL Inbound,Union,21
10/5/2018 16:44,WS Outbound-DCL Inbound,Union,21
10/5/2018 16:44,WS Outbound-DCL Inbound,Union,21
10/5/2018 16:44,WS Outbound-DCL Inbound,Union,21
10/5/2018 16:44,WS Outbound-DCL Inbound,Union,21
10/5/2018 16:44,WS Outbound-DCL Inbound,Union,21
10/5/2018 16:44,WS Outbound-DCL Inbound,Union,21
10/5/2018 16:44,WS Outbound-DCL Inbound,Union,21
10/5/2018 16:44,WS Outbound-DCL Inbound,Union,21
10/5/2018 16:44,WS Outbound-DCL Inbound,Union,21
10/5/2018 16:44,WS Outbound-DCL Inbound,Union,21
10/5/2018 16:44,WS Outbound-DCL Inbound,Union,21
10/5/2018 16:44,WS Outbound-DCL Inbound,Union,21
10/5/2018 16:44,WS Outbound-DCL Inbound,Union,21
10/5/2018 16:45,WS Outbound-DCL Inbound,Union,21
10/5/2018 16:45,WS Outbound-DCL Inbound,Union,21
10/5/2018 16:45,WS Outbound-DCL Inbound,Union,21
10/5/2018 16:45,WS Outbound-DCL Inbound,Union,21
10/5/2018 16:45,WS Outbound-DCL Inbound,Leroy St and Murray IB,526
10/5/2018 16:45,WS Outbound-DCL Inbound,Leroy St and Murray IB,526
10/5/2018 16:46,WS Outbound-DCL Inbound,Union,21
10/5/2018 16:46,WS Outbound-DCL Inbound,Leroy St and Chestnut IB,526
10/5/2018 16:46,WS Outbound-DCL Inbound,Union,21
10/5/2018 16:46,WS Outbound-DCL Inbound,Leroy St and Chestnut IB,526
10/5/2018 16:47,WS Outbound-DCL Inbound,Union,21
10/5/2018 16:47,WS Outbound-DCL Inbound,Leroy St and Laurel IB,526
10/5/2018 16:50,WS Outbound-DCL Inbound,Denny''s,21
10/5/2018 16:50,WS Outbound-DCL Inbound,Denny''s,21
10/5/2018 16:52,WS Outbound-DCL Inbound,Riverside and Margaret OB,526
10/5/2018 16:52,WS Outbound-DCL Inbound,Hawley OB,37
10/5/2018 16:54,WS Outbound-DCL Inbound,UDC,37
10/5/2018 16:54,WS Outbound-DCL Inbound,UDC,37
10/5/2018 16:54,WS Outbound-DCL Inbound,UDC,37
10/5/2018 16:56,WS Outbound-DCL Inbound,Floral and Harrison OB,21
10/5/2018 17:06,WS Outbound-DCL Inbound,Union,526
10/5/2018 17:06,WS Outbound-DCL Inbound,Union,526
10/5/2018 17:06,WS Outbound-DCL Inbound,Union,526
10/5/2018 17:06,WS Outbound-DCL Inbound,Union,526
10/5/2018 17:06,WS Outbound-DCL Inbound,Union,526
10/5/2018 17:06,WS Outbound-DCL Inbound,Union,526
10/5/2018 17:06,WS Outbound-DCL Inbound,Union,526
10/5/2018 17:06,WS Outbound-DCL Inbound,Union,526
10/5/2018 17:06,WS Outbound-DCL Inbound,Union,526
10/5/2018 17:06,WS Outbound-DCL Inbound,Union,526
10/5/2018 17:06,WS Outbound-DCL Inbound,Union,526
10/5/2018 17:06,WS Outbound-DCL Inbound,Union,526
10/5/2018 17:06,WS Outbound-DCL Inbound,Union,526
10/5/2018 17:06,WS Outbound-DCL Inbound,Union,526
10/5/2018 17:08,WS Outbound-DCL Inbound,Union,889
10/5/2018 17:08,WS Outbound-DCL Inbound,Union,889
10/5/2018 17:08,WS Outbound-DCL Inbound,Union,889
10/5/2018 17:08,WS Outbound-DCL Inbound,Union,889
10/5/2018 17:08,WS Outbound-DCL Inbound,Union,889
10/5/2018 17:08,WS Outbound-DCL Inbound,Union,889
10/5/2018 17:08,WS Outbound-DCL Inbound,Union,889
10/5/2018 17:08,WS Outbound-DCL Inbound,Union,889
10/5/2018 17:08,WS Outbound-DCL Inbound,Union,889
10/5/2018 17:08,WS Outbound-DCL Inbound,Union,889
10/5/2018 17:08,WS Outbound-DCL Inbound,Union,889
10/5/2018 17:08,WS Outbound-DCL Inbound,Union,889
10/5/2018 17:08,WS Outbound-DCL Inbound,Union,889
10/5/2018 17:08,WS Outbound-DCL Inbound,Union,889
10/5/2018 17:09,WS Outbound-DCL Inbound,Union,889
10/5/2018 17:09,WS Outbound-DCL Inbound,Union,889
10/5/2018 17:09,WS Outbound-DCL Inbound,Union,889
10/5/2018 17:09,WS Outbound-DCL Inbound,Union,889
10/5/2018 17:09,WS Outbound-DCL Inbound,Union,889
10/5/2018 17:09,WS Outbound-DCL Inbound,Union,889
10/5/2018 17:09,WS Outbound-DCL Inbound,Union,889
10/5/2018 17:09,WS Outbound-DCL Inbound,Main and Front IB,21
10/5/2018 17:09,WS Outbound-DCL Inbound,Union,889
10/5/2018 17:09,WS Outbound-DCL Inbound,Main and Front IB,21
10/5/2018 17:09,WS Outbound-DCL Inbound,Union,889
10/5/2018 17:09,WS Outbound-DCL Inbound,Union,889
10/5/2018 17:09,WS Outbound-DCL Inbound,Union,889
10/5/2018 17:09,WS Outbound-DCL Inbound,Union,889
10/5/2018 17:09,WS Outbound-DCL Inbound,Union,889
10/5/2018 17:09,WS Outbound-DCL Inbound,Union,889
10/5/2018 17:09,WS Outbound-DCL Inbound,Union,889
10/5/2018 17:09,WS Outbound-DCL Inbound,Union,889
10/5/2018 17:10,WS Outbound-DCL Inbound,Union,889
10/5/2018 17:16,WS Outbound-DCL Inbound,Union,891
10/5/2018 17:16,WS Outbound-DCL Inbound,Union,891
10/5/2018 17:16,WS Outbound-DCL Inbound,Union,891
10/5/2018 17:17,WS Outbound-DCL Inbound,Union,891
10/5/2018 17:17,WS Outbound-DCL Inbound,Union,891
10/5/2018 17:17,WS Outbound-DCL Inbound,Union,891
10/5/2018 17:17,WS Outbound-DCL Inbound,Union,891
10/5/2018 17:17,WS Outbound-DCL Inbound,Union,891
10/5/2018 17:17,WS Outbound-DCL Inbound,Union,891
10/5/2018 17:17,WS Outbound-DCL Inbound,Union,891
10/5/2018 17:17,WS Outbound-DCL Inbound,Union,891
10/5/2018 17:17,WS Outbound-DCL Inbound,Union,891
10/5/2018 17:17,WS Outbound-DCL Inbound,Union,891
10/5/2018 17:17,WS Outbound-DCL Inbound,Union,891
10/5/2018 17:17,WS Outbound-DCL Inbound,Union,891
10/5/2018 17:17,WS Outbound-DCL Inbound,Union,891
10/5/2018 17:17,WS Outbound-DCL Inbound,Union,891
10/5/2018 17:17,WS Outbound-DCL Inbound,Union,891
10/5/2018 17:17,WS Outbound-DCL Inbound,Union,891
10/5/2018 17:17,WS Outbound-DCL Inbound,Leroy St and Murray IB,21
10/5/2018 17:17,WS Outbound-DCL Inbound,Union,891
10/5/2018 17:17,WS Outbound-DCL Inbound,Leroy St and Murray IB,21
10/5/2018 17:17,WS Outbound-DCL Inbound,Union,891
10/5/2018 17:17,WS Outbound-DCL Inbound,Leroy St and Murray IB,21
10/5/2018 17:17,WS Outbound-DCL Inbound,Leroy St and Murray IB,21
10/5/2018 17:18,WS Outbound-DCL Inbound,Union,891
10/5/2018 17:19,WS Outbound-DCL Inbound,Engineering Bldg,891
10/5/2018 17:19,WS Outbound-DCL Inbound,Engineering Bldg,891
10/5/2018 17:19,WS Outbound-DCL Inbound,Engineering Bldg,891
10/5/2018 17:19,WS Outbound-DCL Inbound,Engineering Bldg,891
10/5/2018 17:19,WS Outbound-DCL Inbound,Leroy St and Chestnut IB,21
10/5/2018 17:19,WS Outbound-DCL Inbound,Leroy St and Chestnut IB,21
10/5/2018 17:20,WS Outbound-DCL Inbound,Physical Facilities,891
10/5/2018 17:20,WS Outbound-DCL Inbound,Physical Facilities,891
10/5/2018 17:26,WS Outbound-DCL Inbound,Main and Helen OB,889
10/5/2018 17:26,WS Outbound-DCL Inbound,Main and Helen OB,889
10/5/2018 17:26,WS Outbound-DCL Inbound,Main and Helen OB,889
10/5/2018 17:27,WS Outbound-DCL Inbound,Main and Schiller OB,889
10/5/2018 17:32,WS Outbound-DCL Inbound,Floral and Main OB,891
10/5/2018 17:36,WS Outbound-DCL Inbound,Union,526
10/5/2018 17:36,WS Outbound-DCL Inbound,Union,526
10/5/2018 17:36,WS Outbound-DCL Inbound,Union,526
10/5/2018 17:36,WS Outbound-DCL Inbound,Union,526
10/5/2018 17:36,WS Outbound-DCL Inbound,Union,526
10/5/2018 17:36,WS Outbound-DCL Inbound,Union,526
10/5/2018 17:36,WS Outbound-DCL Inbound,Union,526
10/5/2018 17:36,WS Outbound-DCL Inbound,Union,526
10/5/2018 17:36,WS Outbound-DCL Inbound,Union,526
10/5/2018 17:36,WS Outbound-DCL Inbound,Union,526
10/5/2018 17:36,WS Outbound-DCL Inbound,Union,526
10/5/2018 17:36,WS Outbound-DCL Inbound,Union,526
10/5/2018 17:36,WS Outbound-DCL Inbound,Union,526
10/5/2018 17:36,WS Outbound-DCL Inbound,Union,526
10/5/2018 17:36,WS Outbound-DCL Inbound,Union,526
10/5/2018 17:36,WS Outbound-DCL Inbound,Union,526
10/5/2018 17:36,WS Outbound-DCL Inbound,Union,526
10/5/2018 17:36,WS Outbound-DCL Inbound,Union,526
10/5/2018 17:36,WS Outbound-DCL Inbound,Union,526
10/5/2018 17:36,WS Outbound-DCL Inbound,Union,526
10/5/2018 17:36,WS Outbound-DCL Inbound,Union,526
10/5/2018 17:36,WS Outbound-DCL Inbound,Union,526
10/5/2018 17:39,WS Outbound-DCL Inbound,Physical Facilities,526
10/5/2018 17:39,WS Outbound-DCL Inbound,Physical Facilities,526
10/5/2018 17:42,WS Outbound-DCL Inbound,UDC,891
10/5/2018 17:44,WS Outbound-DCL Inbound,Floral and Harrison IB,526
10/5/2018 17:48,WS Outbound-DCL Inbound,Leroy St and Chestnut IB,891
10/5/2018 17:50,WS Outbound-DCL Inbound,Union,889
10/5/2018 17:50,WS Outbound-DCL Inbound,Union,889
10/5/2018 17:50,WS Outbound-DCL Inbound,Union,889
10/5/2018 17:50,WS Outbound-DCL Inbound,Union,889
10/5/2018 17:50,WS Outbound-DCL Inbound,Main and Clarke IB,526
10/5/2018 17:50,WS Outbound-DCL Inbound,Union,889
10/5/2018 17:50,WS Outbound-DCL Inbound,Union,889
10/5/2018 17:50,WS Outbound-DCL Inbound,Union,889
10/5/2018 17:50,WS Outbound-DCL Inbound,Union,889
10/5/2018 17:50,WS Outbound-DCL Inbound,Main and Clarke IB,526
10/5/2018 17:50,WS Outbound-DCL Inbound,Union,889
10/5/2018 17:50,WS Outbound-DCL Inbound,Main and Clarke IB,526
10/5/2018 17:50,WS Outbound-DCL Inbound,Union,889
10/5/2018 17:50,WS Outbound-DCL Inbound,Main and Clarke IB,526
10/5/2018 17:50,WS Outbound-DCL Inbound,Union,889
10/5/2018 17:50,WS Outbound-DCL Inbound,Union,889
10/5/2018 17:50,WS Outbound-DCL Inbound,Union,889
10/5/2018 17:50,WS Outbound-DCL Inbound,Union,889
10/5/2018 17:50,WS Outbound-DCL Inbound,Union,889
10/5/2018 17:50,WS Outbound-DCL Inbound,Union,889
10/5/2018 17:51,WS Outbound-DCL Inbound,Union,889
10/5/2018 17:51,WS Outbound-DCL Inbound,Union,889
10/5/2018 17:51,WS Outbound-DCL Inbound,Union,889
10/5/2018 17:51,WS Outbound-DCL Inbound,Union,889
10/5/2018 17:51,WS Outbound-DCL Inbound,Union,889
10/5/2018 17:51,WS Outbound-DCL Inbound,Union,889
10/5/2018 17:51,WS Outbound-DCL Inbound,Union,889
10/5/2018 17:51,WS Outbound-DCL Inbound,Union,889
10/5/2018 17:51,WS Outbound-DCL Inbound,Union,889
10/5/2018 17:51,WS Outbound-DCL Inbound,Union,889
10/5/2018 17:51,WS Outbound-DCL Inbound,Union,889
10/5/2018 17:51,WS Outbound-DCL Inbound,Union,889
10/5/2018 17:52,WS Outbound-DCL Inbound,Union,889
10/5/2018 17:52,WS Outbound-DCL Inbound,Union,889
10/5/2018 17:53,WS Outbound-DCL Inbound,Main and Arthur,526
10/5/2018 17:54,WS Outbound-DCL Inbound,Physical Facilities,889
10/5/2018 17:55,WS Outbound-DCL Inbound,Denny's OB,889
10/5/2018 17:59,WS Outbound-DCL Inbound,UDC,526
10/5/2018 17:59,WS Outbound-DCL Inbound,UDC,526
10/5/2018 17:59,WS Outbound-DCL Inbound,UDC,526
10/5/2018 17:59,WS Outbound-DCL Inbound,UDC,526
10/5/2018 18:07,WS Outbound-DCL Inbound,Main and Murray OB,889
10/5/2018 18:08,WS Outbound-DCL Inbound,Union,527
10/5/2018 18:08,WS Outbound-DCL Inbound,Union,527
10/5/2018 18:09,WS Outbound-DCL Inbound,Union,527
10/5/2018 18:09,WS Outbound-DCL Inbound,Union,527
10/5/2018 18:09,WS Outbound-DCL Inbound,Union,527
10/5/2018 18:09,WS Outbound-DCL Inbound,Union,527
10/5/2018 18:09,WS Outbound-DCL Inbound,Union,527
10/5/2018 18:09,WS Outbound-DCL Inbound,Union,527
10/5/2018 18:09,WS Outbound-DCL Inbound,Union,527
10/5/2018 18:09,WS Outbound-DCL Inbound,Union,527
10/5/2018 18:09,WS Outbound-DCL Inbound,Union,527
10/5/2018 18:09,WS Outbound-DCL Inbound,Union,527
10/5/2018 18:09,WS Outbound-DCL Inbound,Union,527
10/5/2018 18:09,WS Outbound-DCL Inbound,Union,527
10/5/2018 18:09,WS Outbound-DCL Inbound,Union,527
10/5/2018 18:09,WS Outbound-DCL Inbound,Union,527
10/5/2018 18:09,WS Outbound-DCL Inbound,Union,527
10/5/2018 18:09,WS Outbound-DCL Inbound,Union,527
10/5/2018 18:09,WS Outbound-DCL Inbound,Union,527
10/5/2018 18:09,WS Outbound-DCL Inbound,Union,527
10/5/2018 18:09,WS Outbound-DCL Inbound,Union,527
10/5/2018 18:09,WS Outbound-DCL Inbound,Union,527
10/5/2018 18:09,WS Outbound-DCL Inbound,Union,527
10/5/2018 18:12,WS Outbound-DCL Inbound,Union,55
10/5/2018 18:12,WS Outbound-DCL Inbound,Union,55
10/5/2018 18:12,WS Outbound-DCL Inbound,Union,55
10/5/2018 18:12,WS Outbound-DCL Inbound,Union,55
10/5/2018 18:12,WS Outbound-DCL Inbound,Union,55
10/5/2018 18:12,WS Outbound-DCL Inbound,Union,55
10/5/2018 18:13,WS Outbound-DCL Inbound,Union,55
10/5/2018 18:13,WS Outbound-DCL Inbound,Union,55
10/5/2018 18:13,WS Outbound-DCL Inbound,Union,55
10/5/2018 18:13,WS Outbound-DCL Inbound,Union,55
10/5/2018 18:13,WS Outbound-DCL Inbound,Union,55
10/5/2018 18:14,WS Outbound-DCL Inbound,Union,55
10/5/2018 18:14,WS Outbound-DCL Inbound,Union,55
10/5/2018 18:14,WS Outbound-DCL Inbound,Union,55
10/5/2018 18:14,WS Outbound-DCL Inbound,Union,55
10/5/2018 18:14,WS Outbound-DCL Inbound,Union,55
10/5/2018 18:15,WS Outbound-DCL Inbound,Union,55
10/5/2018 18:15,WS Outbound-DCL Inbound,Union,55
10/5/2018 18:15,WS Outbound-DCL Inbound,Union,55
10/5/2018 18:15,WS Outbound-DCL Inbound,Leroy St and Murray IB,889
10/5/2018 18:15,WS Outbound-DCL Inbound,Leroy St and Murray IB,889
10/5/2018 18:15,WS Outbound-DCL Inbound,Leroy St and Murray IB,889
10/5/2018 18:16,WS Outbound-DCL Inbound,Leroy St and Chestnut IB,889
10/5/2018 18:18,WS Outbound-DCL Inbound,Beethoven and Leroy,889
10/5/2018 18:18,WS Outbound-DCL Inbound,Physical Facilities,55
10/5/2018 18:19,WS Outbound-DCL Inbound,Denny's OB,55
10/5/2018 18:19,WS Outbound-DCL Inbound,Denny's OB,55
10/5/2018 18:19,WS Outbound-DCL Inbound,Denny's OB,55
10/5/2018 18:19,WS Outbound-DCL Inbound,Denny's OB,55
10/5/2018 18:20,WS Outbound-DCL Inbound,Main and Helen OB,527
10/5/2018 18:28,WS Outbound-DCL Inbound,Main and Helen OB,55
10/5/2018 18:28,WS Outbound-DCL Inbound,Main and Helen OB,55
10/5/2018 18:28,WS Outbound-DCL Inbound,Mohawk,889
10/5/2018 18:28,WS Outbound-DCL Inbound,Mohawk,889
10/5/2018 18:28,WS Outbound-DCL Inbound,Mohawk,889
10/5/2018 18:29,WS Outbound-DCL Inbound,Mohawk,889
10/5/2018 18:30,WS Outbound-DCL Inbound,Mohawk,889
10/5/2018 18:30,WS Outbound-DCL Inbound,Mohawk,889
10/5/2018 18:30,WS Outbound-DCL Inbound,Mohawk,889
10/5/2018 18:32,WS Outbound-DCL Inbound,Mohawk,889
10/5/2018 18:33,WS Outbound-DCL Inbound,Union,21
10/5/2018 18:33,WS Outbound-DCL Inbound,Union,21
10/5/2018 18:33,WS Outbound-DCL Inbound,Union,21
10/5/2018 18:33,WS Outbound-DCL Inbound,Union,21
10/5/2018 18:34,WS Outbound-DCL Inbound,Union,21
10/5/2018 18:34,WS Outbound-DCL Inbound,Union,21
10/5/2018 18:34,WS Outbound-DCL Inbound,Union,21
10/5/2018 18:34,WS Outbound-DCL Inbound,Union,21
10/5/2018 18:34,WS Outbound-DCL Inbound,Union,21
10/5/2018 18:34,WS Outbound-DCL Inbound,Union,21
10/5/2018 18:34,WS Outbound-DCL Inbound,Union,21
10/5/2018 18:34,WS Outbound-DCL Inbound,Union,21
10/5/2018 18:34,WS Outbound-DCL Inbound,Union,21
10/5/2018 18:35,WS Outbound-DCL Inbound,Union,21
10/5/2018 18:35,WS Outbound-DCL Inbound,Union,21
10/5/2018 18:35,WS Outbound-DCL Inbound,Union,21
10/5/2018 18:35,WS Outbound-DCL Inbound,Union,21
10/5/2018 18:35,WS Outbound-DCL Inbound,Union,21
10/5/2018 18:35,WS Outbound-DCL Inbound,Union,21
10/5/2018 18:36,WS Outbound-DCL Inbound,Union,21
10/5/2018 18:37,WS Outbound-DCL Inbound,UDC,55
10/5/2018 18:37,WS Outbound-DCL Inbound,UDC,55
10/5/2018 18:44,WS Outbound-DCL Inbound,Leroy St and Chestnut IB,55
10/5/2018 18:44,WS Outbound-DCL Inbound,Leroy St and Chestnut IB,55
10/5/2018 18:44,WS Outbound-DCL Inbound,Leroy St and Chestnut IB,55
10/5/2018 18:44,WS Outbound-DCL Inbound,Leroy St and Chestnut IB,55
10/5/2018 18:44,WS Outbound-DCL Inbound,Leroy St and Chestnut IB,55
10/5/2018 18:45,WS Outbound-DCL Inbound,Union,527
10/5/2018 18:45,WS Outbound-DCL Inbound,Union,527
10/5/2018 18:45,WS Outbound-DCL Inbound,Union,527
10/5/2018 18:45,WS Outbound-DCL Inbound,Union,527
10/5/2018 18:45,WS Outbound-DCL Inbound,Union,527
10/5/2018 18:45,WS Outbound-DCL Inbound,Union,527
10/5/2018 18:45,WS Outbound-DCL Inbound,Union,527
10/5/2018 18:45,WS Outbound-DCL Inbound,Union,527
10/5/2018 18:45,WS Outbound-DCL Inbound,Union,527
10/5/2018 18:45,WS Outbound-DCL Inbound,Union,527
10/5/2018 18:45,WS Outbound-DCL Inbound,Union,527
10/5/2018 18:45,WS Outbound-DCL Inbound,Union,527
10/5/2018 18:45,WS Outbound-DCL Inbound,Union,527
10/5/2018 18:45,WS Outbound-DCL Inbound,Union,527
10/5/2018 18:45,WS Outbound-DCL Inbound,Union,527
10/5/2018 18:45,WS Outbound-DCL Inbound,Union,527
10/5/2018 18:45,WS Outbound-DCL Inbound,Union,527
10/5/2018 18:45,WS Outbound-DCL Inbound,Union,527
10/5/2018 18:45,WS Outbound-DCL Inbound,Union,527
10/5/2018 18:45,WS Outbound-DCL Inbound,Union,527
10/5/2018 18:46,WS Outbound-DCL Inbound,Union,527
10/5/2018 18:46,WS Outbound-DCL Inbound,Union,527
10/5/2018 18:47,WS Outbound-DCL Inbound,Union,527
10/5/2018 18:47,WS Outbound-DCL Inbound,Union,527
10/5/2018 18:48,WS Outbound-DCL Inbound,Union,527
10/5/2018 18:48,WS Outbound-DCL Inbound,Main and Helen OB,21
10/5/2018 18:48,WS Outbound-DCL Inbound,Main and Helen OB,21
10/5/2018 18:48,WS Outbound-DCL Inbound,Union,527
10/5/2018 18:48,WS Outbound-DCL Inbound,Union,527
10/5/2018 18:48,WS Outbound-DCL Inbound,Union,527
10/5/2018 18:49,WS Outbound-DCL Inbound,Union,527
10/5/2018 18:49,WS Outbound-DCL Inbound,Union,527
10/5/2018 18:53,WS Outbound-DCL Inbound,Physical Facilities,527
10/5/2018 18:58,WS Outbound-DCL Inbound,Hawley OB,21
10/5/2018 19:01,WS Outbound-DCL Inbound,Floral and Main OB,527
10/5/2018 19:01,WS Outbound-DCL Inbound,Floral and Main OB,527
10/5/2018 19:03,WS Outbound-DCL Inbound,Main and Matthews,527
10/5/2018 19:12,WS Outbound-DCL Inbound,Union,37
10/5/2018 19:12,WS Outbound-DCL Inbound,Union,37
10/5/2018 19:12,WS Outbound-DCL Inbound,Union,37
10/5/2018 19:12,WS Outbound-DCL Inbound,Union,37
10/5/2018 19:12,WS Outbound-DCL Inbound,Union,37
10/5/2018 19:12,WS Outbound-DCL Inbound,Union,37
10/5/2018 19:12,WS Outbound-DCL Inbound,Union,37
10/5/2018 19:12,WS Outbound-DCL Inbound,Union,37
10/5/2018 19:12,WS Outbound-DCL Inbound,Union,37
10/5/2018 19:12,WS Outbound-DCL Inbound,Union,37
10/5/2018 19:12,WS Outbound-DCL Inbound,Union,37
10/5/2018 19:12,WS Outbound-DCL Inbound,Union,37
10/5/2018 19:12,WS Outbound-DCL Inbound,Union,37
10/5/2018 19:12,WS Outbound-DCL Inbound,Union,37
10/5/2018 19:13,WS Outbound-DCL Inbound,Union,37
10/5/2018 19:13,WS Outbound-DCL Inbound,Union,37
10/5/2018 19:13,WS Outbound-DCL Inbound,Union,37
10/5/2018 19:13,WS Outbound-DCL Inbound,Union,37
10/5/2018 19:13,WS Outbound-DCL Inbound,Union,37
10/5/2018 19:13,WS Outbound-DCL Inbound,Union,37
10/5/2018 19:13,WS Outbound-DCL Inbound,Union,37
10/5/2018 19:13,WS Outbound-DCL Inbound,UDC,527
10/5/2018 19:14,WS Outbound-DCL Inbound,UDC,527
10/5/2018 19:14,WS Outbound-DCL Inbound,UDC,527
10/5/2018 19:18,WS Outbound-DCL Inbound,Leroy St and Murray IB,527
10/5/2018 19:25,WS Outbound-DCL Inbound,Main and Helen OB,37
10/5/2018 19:27,WS Outbound-DCL Inbound,Main and Cedar OB,37
10/5/2018 19:27,WS Outbound-DCL Inbound,Main and Cedar OB,37
10/5/2018 19:27,WS Outbound-DCL Inbound,Main and Cedar OB,37
10/5/2018 19:27,WS Outbound-DCL Inbound,Main and Cedar OB,37
10/5/2018 19:27,WS Outbound-DCL Inbound,Union,55
10/5/2018 19:27,WS Outbound-DCL Inbound,Union,55
10/5/2018 19:27,WS Outbound-DCL Inbound,Union,55
10/5/2018 19:27,WS Outbound-DCL Inbound,Main and Cedar OB,37
10/5/2018 19:27,WS Outbound-DCL Inbound,Main and Cedar OB,37
10/5/2018 19:27,WS Outbound-DCL Inbound,Union,55
10/5/2018 19:27,WS Outbound-DCL Inbound,Union,55
10/5/2018 19:27,WS Outbound-DCL Inbound,Union,55
10/5/2018 19:28,WS Outbound-DCL Inbound,Union,55
10/5/2018 19:28,WS Outbound-DCL Inbound,Union,55
10/5/2018 19:28,WS Outbound-DCL Inbound,Union,55
10/5/2018 19:28,WS Outbound-DCL Inbound,Union,55
10/5/2018 19:28,WS Outbound-DCL Inbound,Union,55
10/5/2018 19:28,WS Outbound-DCL Inbound,Union,55
10/5/2018 19:28,WS Outbound-DCL Inbound,Union,55
10/5/2018 19:28,WS Outbound-DCL Inbound,Union,55
10/5/2018 19:28,WS Outbound-DCL Inbound,Union,55
10/5/2018 19:28,WS Outbound-DCL Inbound,Union,55
10/5/2018 19:28,WS Outbound-DCL Inbound,Union,55
10/5/2018 19:28,WS Outbound-DCL Inbound,Union,55
10/5/2018 19:29,WS Outbound-DCL Inbound,Union,55
10/5/2018 19:29,WS Outbound-DCL Inbound,Union,55
10/5/2018 19:30,WS Outbound-DCL Inbound,Union,55
10/5/2018 19:30,WS Outbound-DCL Inbound,Main and Front OB,37
10/5/2018 19:30,WS Outbound-DCL Inbound,Union,55
10/5/2018 19:31,WS Outbound-DCL Inbound,Union,55
10/5/2018 19:31,WS Outbound-DCL Inbound,Union,55
10/5/2018 19:32,WS Outbound-DCL Inbound,Union,55
10/5/2018 19:32,WS Outbound-DCL Inbound,Union,55
10/5/2018 19:32,WS Outbound-DCL Inbound,Union,55
10/5/2018 19:33,WS Outbound-DCL Inbound,UDC,37
10/5/2018 19:33,WS Outbound-DCL Inbound,UDC,37
10/5/2018 19:33,WS Outbound-DCL Inbound,UDC,37
10/5/2018 19:33,WS Outbound-DCL Inbound,Union,55
10/5/2018 19:33,WS Outbound-DCL Inbound,UDC,37
10/5/2018 19:34,WS Outbound-DCL Inbound,Union,55
10/5/2018 19:34,WS Outbound-DCL Inbound,Union,55
10/5/2018 19:34,WS Outbound-DCL Inbound,Union,55
10/5/2018 19:37,WS Outbound-DCL Inbound,Leroy St and Murray IB,37
10/5/2018 19:38,WS Outbound-DCL Inbound,Leroy St and Chestnut IB,37
10/5/2018 19:38,WS Outbound-DCL Inbound,Leroy St and Chestnut IB,37
10/5/2018 19:40,WS Outbound-DCL Inbound,Beethoven and Leroy,37
10/5/2018 19:40,WS Outbound-DCL Inbound,Beethoven and Leroy,37
10/5/2018 19:45,WS Outbound-DCL Inbound,Main and Helen OB,55
10/5/2018 19:45,WS Outbound-DCL Inbound,Main and Helen OB,55
10/5/2018 19:45,WS Outbound-DCL Inbound,Main and Helen OB,55
10/5/2018 19:49,WS Outbound-DCL Inbound,Main and Cedar OB,55
10/5/2018 19:49,WS Outbound-DCL Inbound,Union,21
10/5/2018 19:49,WS Outbound-DCL Inbound,Main and Cedar OB,55
10/5/2018 19:49,WS Outbound-DCL Inbound,Main and Cedar OB,55
10/5/2018 19:49,WS Outbound-DCL Inbound,Union,21
10/5/2018 19:49,WS Outbound-DCL Inbound,Union,21
10/5/2018 19:49,WS Outbound-DCL Inbound,Main and Cedar OB,55
10/5/2018 19:49,WS Outbound-DCL Inbound,Union,21
10/5/2018 19:49,WS Outbound-DCL Inbound,Union,21
10/5/2018 19:49,WS Outbound-DCL Inbound,Union,21
10/5/2018 19:49,WS Outbound-DCL Inbound,Union,21
10/5/2018 19:49,WS Outbound-DCL Inbound,Union,21
10/5/2018 19:49,WS Outbound-DCL Inbound,Union,21
10/5/2018 19:49,WS Outbound-DCL Inbound,Union,21
10/5/2018 19:49,WS Outbound-DCL Inbound,Union,21
10/5/2018 19:49,WS Outbound-DCL Inbound,Union,21
10/5/2018 19:49,WS Outbound-DCL Inbound,Union,21
10/5/2018 19:50,WS Outbound-DCL Inbound,Union,21
10/5/2018 19:50,WS Outbound-DCL Inbound,Union,21
10/5/2018 19:52,WS Outbound-DCL Inbound,Physical Facilities,21
10/5/2018 19:52,WS Outbound-DCL Inbound,Physical Facilities,21
10/5/2018 19:53,WS Outbound-DCL Inbound,Hawley OB,55
10/5/2018 19:55,WS Outbound-DCL Inbound,UDC,55
10/5/2018 19:55,WS Outbound-DCL Inbound,UDC,55
10/5/2018 19:55,WS Outbound-DCL Inbound,UDC,55
10/5/2018 19:55,WS Outbound-DCL Inbound,UDC,55
10/5/2018 19:55,WS Outbound-DCL Inbound,UDC,55
10/5/2018 19:55,WS Outbound-DCL Inbound,UDC,55
10/5/2018 19:55,WS Outbound-DCL Inbound,UDC,55
10/5/2018 19:55,WS Outbound-DCL Inbound,UDC,55
10/5/2018 19:55,WS Outbound-DCL Inbound,UDC,55
10/5/2018 19:55,WS Outbound-DCL Inbound,Union,37
10/5/2018 19:55,WS Outbound-DCL Inbound,Union,37
10/5/2018 19:55,WS Outbound-DCL Inbound,Union,37
10/5/2018 19:55,WS Outbound-DCL Inbound,Union,37
10/5/2018 19:55,WS Outbound-DCL Inbound,Union,37
10/5/2018 19:55,WS Outbound-DCL Inbound,Union,37
10/5/2018 19:55,WS Outbound-DCL Inbound,Union,37
10/5/2018 19:55,WS Outbound-DCL Inbound,Union,37
10/5/2018 19:55,WS Outbound-DCL Inbound,Union,37
10/5/2018 19:56,WS Outbound-DCL Inbound,Union,37
10/5/2018 19:56,WS Outbound-DCL Inbound,Union,37
10/5/2018 19:56,WS Outbound-DCL Inbound,UDC,55
10/5/2018 19:57,WS Outbound-DCL Inbound,Union,37
10/5/2018 19:57,WS Outbound-DCL Inbound,Union,37
10/5/2018 19:58,WS Outbound-DCL Inbound,Union,37
10/5/2018 19:58,WS Outbound-DCL Inbound,Union,37
10/5/2018 19:58,WS Outbound-DCL Inbound,Union,37
10/5/2018 19:58,WS Outbound-DCL Inbound,Union,37
10/5/2018 19:58,WS Outbound-DCL Inbound,Union,37
10/5/2018 19:58,WS Outbound-DCL Inbound,Union,37
10/5/2018 19:58,WS Outbound-DCL Inbound,Union,37
10/5/2018 19:58,WS Outbound-DCL Inbound,Union,37
10/5/2018 19:58,WS Outbound-DCL Inbound,Union,37
10/5/2018 19:58,WS Outbound-DCL Inbound,Union,37
10/5/2018 19:58,WS Outbound-DCL Inbound,Union,37
10/5/2018 19:58,WS Outbound-DCL Inbound,Union,37
10/5/2018 19:58,WS Outbound-DCL Inbound,Union,37
10/5/2018 19:59,WS Outbound-DCL Inbound,Union,37
10/5/2018 19:59,WS Outbound-DCL Inbound,Union,37
10/5/2018 19:59,WS Outbound-DCL Inbound,Union,37
10/5/2018 19:59,WS Outbound-DCL Inbound,Union,37
10/5/2018 19:59,WS Outbound-DCL Inbound,Union,37
