Start Date:10/04/2018 7:00 AM End Date:10/04/2018 8:00 PM,,,
DateTime,CorridorName,StopName,VehicleID
10/4/2018 7:30,WS Outbound-DCL Inbound,Main and Arthur,42
10/4/2018 7:30,WS Outbound-DCL Inbound,Main and Murray OB,42
10/4/2018 7:31,WS Outbound-DCL Inbound,Main and Murray OB,42
10/4/2018 7:35,WS Outbound-DCL Inbound,UDC,42
10/4/2018 7:35,WS Outbound-DCL Inbound,UDC,42
10/4/2018 7:35,WS Outbound-DCL Inbound,UDC,42
10/4/2018 7:35,WS Outbound-DCL Inbound,UDC,42
10/4/2018 7:37,WS Outbound-DCL Inbound,UDC,42
10/4/2018 7:38,WS Outbound-DCL Inbound,UDC,42
10/4/2018 7:43,WS Outbound-DCL Inbound,Leroy St and Murray IB,42
10/4/2018 7:43,WS Outbound-DCL Inbound,Leroy St and Murray IB,42
10/4/2018 7:43,WS Outbound-DCL Inbound,Leroy St and Murray IB,42
10/4/2018 7:43,WS Outbound-DCL Inbound,Leroy St and Murray IB,42
10/4/2018 7:43,WS Outbound-DCL Inbound,Leroy St and Murray IB,42
10/4/2018 7:43,WS Outbound-DCL Inbound,Leroy St and Murray IB,42
10/4/2018 7:43,WS Outbound-DCL Inbound,Leroy St and Murray IB,42
10/4/2018 7:43,WS Outbound-DCL Inbound,Leroy St and Murray IB,42
10/4/2018 7:43,WS Outbound-DCL Inbound,Leroy St and Murray IB,42
10/4/2018 7:44,WS Outbound-DCL Inbound,Leroy St and Chestnut IB,42
10/4/2018 7:44,WS Outbound-DCL Inbound,Leroy St and Chestnut IB,42
10/4/2018 7:44,WS Outbound-DCL Inbound,Leroy St and Chestnut IB,42
10/4/2018 7:44,WS Outbound-DCL Inbound,Leroy St and Chestnut IB,42
10/4/2018 7:44,WS Outbound-DCL Inbound,Leroy St and Chestnut IB,42
10/4/2018 7:44,WS Outbound-DCL Inbound,Leroy St and Chestnut IB,42
10/4/2018 7:44,WS Outbound-DCL Inbound,Leroy St and Chestnut IB,42
10/4/2018 7:45,WS Outbound-DCL Inbound,Leroy St and Laurel IB,42
10/4/2018 7:46,WS Outbound-DCL Inbound,Beethoven and Leroy,42
10/4/2018 7:46,WS Outbound-DCL Inbound,Beethoven and Leroy,42
10/4/2018 7:49,WS Outbound-DCL Inbound,Riverside and Margaret OB,42
10/4/2018 7:59,WS Outbound-DCL Inbound,Leroy St and Front,891
10/4/2018 7:59,WS Outbound-DCL Inbound,Leroy St and Front,891
10/4/2018 7:59,WS Outbound-DCL Inbound,Leroy St and Front,891
10/4/2018 7:59,WS Outbound-DCL Inbound,Leroy St and Front,891
10/4/2018 7:59,WS Outbound-DCL Inbound,Leroy St and Front,891
10/4/2018 7:59,WS Outbound-DCL Inbound,Leroy St and Front,891
10/4/2018 7:59,WS Outbound-DCL Inbound,Leroy St and Front,891
10/4/2018 8:00,WS Outbound-DCL Inbound,Leroy St and Murray IB,891
10/4/2018 8:00,WS Outbound-DCL Inbound,Leroy St and Murray IB,891
10/4/2018 8:00,WS Outbound-DCL Inbound,Leroy St and Murray IB,891
10/4/2018 8:00,WS Outbound-DCL Inbound,Leroy St and Murray IB,891
10/4/2018 8:00,WS Outbound-DCL Inbound,Leroy St and Murray IB,891
10/4/2018 8:00,WS Outbound-DCL Inbound,Leroy St and Murray IB,891
10/4/2018 8:00,WS Outbound-DCL Inbound,Leroy St and Murray IB,891
10/4/2018 8:00,WS Outbound-DCL Inbound,Leroy St and Murray IB,891
10/4/2018 8:00,WS Outbound-DCL Inbound,Leroy St and Murray IB,891
10/4/2018 8:00,WS Outbound-DCL Inbound,Leroy St and Murray IB,891
10/4/2018 8:00,WS Outbound-DCL Inbound,Leroy St and Murray IB,891
10/4/2018 8:00,WS Outbound-DCL Inbound,Leroy St and Murray IB,891
10/4/2018 8:00,WS Outbound-DCL Inbound,Leroy St and Murray IB,891
10/4/2018 8:00,WS Outbound-DCL Inbound,Leroy St and Murray IB,891
10/4/2018 8:00,WS Outbound-DCL Inbound,Leroy St and Murray IB,891
10/4/2018 8:00,WS Outbound-DCL Inbound,Leroy St and Murray IB,891
10/4/2018 8:01,WS Outbound-DCL Inbound,Leroy St and Murray IB,891
10/4/2018 8:01,WS Outbound-DCL Inbound,Leroy St and Murray IB,891
10/4/2018 8:01,WS Outbound-DCL Inbound,Leroy St and Murray IB,891
10/4/2018 8:01,WS Outbound-DCL Inbound,Leroy St and Murray IB,891
10/4/2018 8:01,WS Outbound-DCL Inbound,Leroy St and Murray IB,891
10/4/2018 8:02,WS Outbound-DCL Inbound,Leroy St and Chestnut IB,891
10/4/2018 8:02,WS Outbound-DCL Inbound,Leroy St and Chestnut IB,891
10/4/2018 8:02,WS Outbound-DCL Inbound,Leroy St and Chestnut IB,891
10/4/2018 8:02,WS Outbound-DCL Inbound,Leroy St and Chestnut IB,891
10/4/2018 8:02,WS Outbound-DCL Inbound,Leroy St and Chestnut IB,891
10/4/2018 8:02,WS Outbound-DCL Inbound,Leroy St and Chestnut IB,891
10/4/2018 8:02,WS Outbound-DCL Inbound,Leroy St and Chestnut IB,891
10/4/2018 8:02,WS Outbound-DCL Inbound,Leroy St and Chestnut IB,891
10/4/2018 8:02,WS Outbound-DCL Inbound,Leroy St and Chestnut IB,891
10/4/2018 8:02,WS Outbound-DCL Inbound,Leroy St and Chestnut IB,891
10/4/2018 8:02,WS Outbound-DCL Inbound,Leroy St and Chestnut IB,891
10/4/2018 8:04,WS Outbound-DCL Inbound,Beethoven and Leroy,891
10/4/2018 8:17,WS Outbound-DCL Inbound,Union,891
10/4/2018 8:17,WS Outbound-DCL Inbound,Union,891
10/4/2018 8:28,WS Outbound-DCL Inbound,Leroy St and Front,37
10/4/2018 8:29,WS Outbound-DCL Inbound,Leroy St and Murray IB,37
10/4/2018 8:29,WS Outbound-DCL Inbound,Leroy St and Murray IB,37
10/4/2018 8:29,WS Outbound-DCL Inbound,Leroy St and Murray IB,37
10/4/2018 8:30,WS Outbound-DCL Inbound,Leroy St and Chestnut IB,37
10/4/2018 8:30,WS Outbound-DCL Inbound,Leroy St and Chestnut IB,37
10/4/2018 8:30,WS Outbound-DCL Inbound,Leroy St and Chestnut IB,37
10/4/2018 8:30,WS Outbound-DCL Inbound,Leroy St and Chestnut IB,37
10/4/2018 8:30,WS Outbound-DCL Inbound,Leroy St and Chestnut IB,37
10/4/2018 8:30,WS Outbound-DCL Inbound,Leroy St and Chestnut IB,37
10/4/2018 8:30,WS Outbound-DCL Inbound,Leroy St and Chestnut IB,37
10/4/2018 8:30,WS Outbound-DCL Inbound,Leroy St and Chestnut IB,37
10/4/2018 8:30,WS Outbound-DCL Inbound,Leroy St and Chestnut IB,37
10/4/2018 8:30,WS Outbound-DCL Inbound,Leroy St and Chestnut IB,37
10/4/2018 8:45,WS Outbound-DCL Inbound,Leroy St and Front,891
10/4/2018 8:46,WS Outbound-DCL Inbound,Leroy St and Murray IB,891
10/4/2018 8:46,WS Outbound-DCL Inbound,Leroy St and Murray IB,891
10/4/2018 8:46,WS Outbound-DCL Inbound,Leroy St and Murray IB,891
10/4/2018 8:46,WS Outbound-DCL Inbound,Leroy St and Murray IB,891
10/4/2018 8:46,WS Outbound-DCL Inbound,Leroy St and Murray IB,891
10/4/2018 8:46,WS Outbound-DCL Inbound,Leroy St and Murray IB,891
10/4/2018 8:47,WS Outbound-DCL Inbound,Leroy St and Chestnut IB,891
10/4/2018 8:47,WS Outbound-DCL Inbound,Leroy St and Chestnut IB,891
10/4/2018 8:47,WS Outbound-DCL Inbound,Leroy St and Chestnut IB,891
10/4/2018 8:47,WS Outbound-DCL Inbound,Leroy St and Chestnut IB,891
10/4/2018 8:47,WS Outbound-DCL Inbound,Leroy St and Chestnut IB,891
10/4/2018 8:47,WS Outbound-DCL Inbound,Leroy St and Chestnut IB,891
10/4/2018 8:48,WS Outbound-DCL Inbound,Leroy St and Chestnut OB,891
10/4/2018 8:49,WS Outbound-DCL Inbound,Leroy St and Laurel IB,891
10/4/2018 8:52,WS Outbound-DCL Inbound,UDC,42
10/4/2018 8:58,WS Outbound-DCL Inbound,Leroy St and Front,42
10/4/2018 8:59,WS Outbound-DCL Inbound,Leroy St and Murray IB,42
10/4/2018 8:59,WS Outbound-DCL Inbound,Leroy St and Murray IB,42
10/4/2018 9:00,WS Outbound-DCL Inbound,Leroy St and Chestnut IB,42
10/4/2018 9:00,WS Outbound-DCL Inbound,Leroy St and Chestnut IB,42
10/4/2018 9:00,WS Outbound-DCL Inbound,Leroy St and Chestnut IB,42
10/4/2018 9:02,WS Outbound-DCL Inbound,Leroy St and Laurel IB,42
10/4/2018 9:06,WS Outbound-DCL Inbound,Riverside and Columbus IB,42
10/4/2018 9:13,WS Outbound-DCL Inbound,Union,21
10/4/2018 9:15,WS Outbound-DCL Inbound,Union,21
10/4/2018 9:24,WS Outbound-DCL Inbound,UDC,526
10/4/2018 9:24,WS Outbound-DCL Inbound,UDC,526
10/4/2018 9:24,WS Outbound-DCL Inbound,UDC,526
10/4/2018 9:24,WS Outbound-DCL Inbound,UDC,526
10/4/2018 9:24,WS Outbound-DCL Inbound,UDC,526
10/4/2018 9:24,WS Outbound-DCL Inbound,UDC,526
10/4/2018 9:25,WS Outbound-DCL Inbound,Main and Clarke OB,21
10/4/2018 9:26,WS Outbound-DCL Inbound,Main and Clarke OB,21
10/4/2018 9:26,WS Outbound-DCL Inbound,Main and Cedar OB,21
10/4/2018 9:26,WS Outbound-DCL Inbound,Main and Cedar OB,21
10/4/2018 9:28,WS Outbound-DCL Inbound,Main and Arthur,21
10/4/2018 9:28,WS Outbound-DCL Inbound,Leroy St and Front,526
10/4/2018 9:28,WS Outbound-DCL Inbound,Leroy St and Front,526
10/4/2018 9:28,WS Outbound-DCL Inbound,Leroy St and Front,526
10/4/2018 9:28,WS Outbound-DCL Inbound,Leroy St and Front,526
10/4/2018 9:28,WS Outbound-DCL Inbound,Leroy St and Front,526
10/4/2018 9:29,WS Outbound-DCL Inbound,Leroy St and Murray IB,526
10/4/2018 9:29,WS Outbound-DCL Inbound,Leroy St and Murray IB,526
10/4/2018 9:29,WS Outbound-DCL Inbound,Leroy St and Murray IB,526
10/4/2018 9:29,WS Outbound-DCL Inbound,Leroy St and Murray IB,526
10/4/2018 9:29,WS Outbound-DCL Inbound,Leroy St and Murray IB,526
10/4/2018 9:29,WS Outbound-DCL Inbound,Leroy St and Murray IB,526
10/4/2018 9:29,WS Outbound-DCL Inbound,Leroy St and Murray IB,526
10/4/2018 9:29,WS Outbound-DCL Inbound,Leroy St and Murray IB,526
10/4/2018 9:30,WS Outbound-DCL Inbound,Leroy St and Murray IB,526
10/4/2018 9:30,WS Outbound-DCL Inbound,Leroy St and Murray IB,526
10/4/2018 9:30,WS Outbound-DCL Inbound,Leroy St and Murray IB,526
10/4/2018 9:30,WS Outbound-DCL Inbound,Leroy St and Murray IB,526
10/4/2018 9:30,WS Outbound-DCL Inbound,Leroy St and Murray IB,526
10/4/2018 9:30,WS Outbound-DCL Inbound,Leroy St and Murray IB,526
10/4/2018 9:30,WS Outbound-DCL Inbound,Leroy St and Murray IB,526
10/4/2018 9:30,WS Outbound-DCL Inbound,Leroy St and Murray IB,526
10/4/2018 9:30,WS Outbound-DCL Inbound,Leroy St and Murray IB,526
10/4/2018 9:30,WS Outbound-DCL Inbound,Leroy St and Murray IB,526
10/4/2018 9:31,WS Outbound-DCL Inbound,Leroy St and Chestnut IB,526
10/4/2018 9:31,WS Outbound-DCL Inbound,Leroy St and Chestnut IB,526
10/4/2018 9:31,WS Outbound-DCL Inbound,Leroy St and Chestnut IB,526
10/4/2018 9:31,WS Outbound-DCL Inbound,Leroy St and Chestnut IB,526
10/4/2018 9:31,WS Outbound-DCL Inbound,Leroy St and Chestnut IB,526
10/4/2018 9:31,WS Outbound-DCL Inbound,Leroy St and Chestnut IB,526
10/4/2018 9:31,WS Outbound-DCL Inbound,Leroy St and Chestnut IB,526
10/4/2018 9:31,WS Outbound-DCL Inbound,Leroy St and Chestnut IB,526
10/4/2018 9:31,WS Outbound-DCL Inbound,Leroy St and Chestnut IB,526
10/4/2018 9:31,WS Outbound-DCL Inbound,Leroy St and Chestnut IB,526
10/4/2018 9:31,WS Outbound-DCL Inbound,Leroy St and Chestnut IB,526
10/4/2018 9:31,WS Outbound-DCL Inbound,Leroy St and Chestnut IB,526
10/4/2018 9:32,WS Outbound-DCL Inbound,Leroy St and Laurel IB,526
10/4/2018 9:43,WS Outbound-DCL Inbound,Leroy St and Front,21
10/4/2018 9:43,WS Outbound-DCL Inbound,Leroy St and Front,21
10/4/2018 9:43,WS Outbound-DCL Inbound,Leroy St and Front,21
10/4/2018 9:43,WS Outbound-DCL Inbound,Leroy St and Front,21
10/4/2018 9:44,WS Outbound-DCL Inbound,Leroy St and Murray IB,21
10/4/2018 9:44,WS Outbound-DCL Inbound,Leroy St and Murray IB,21
10/4/2018 9:44,WS Outbound-DCL Inbound,Leroy St and Murray IB,21
10/4/2018 9:44,WS Outbound-DCL Inbound,Leroy St and Murray IB,21
10/4/2018 9:44,WS Outbound-DCL Inbound,Leroy St and Murray IB,21
10/4/2018 9:44,WS Outbound-DCL Inbound,Leroy St and Murray IB,21
10/4/2018 9:44,WS Outbound-DCL Inbound,Leroy St and Murray IB,21
10/4/2018 9:44,WS Outbound-DCL Inbound,Leroy St and Murray IB,21
10/4/2018 9:44,WS Outbound-DCL Inbound,Leroy St and Murray IB,21
10/4/2018 9:44,WS Outbound-DCL Inbound,Leroy St and Murray IB,21
10/4/2018 9:44,WS Outbound-DCL Inbound,Leroy St and Murray IB,21
10/4/2018 9:44,WS Outbound-DCL Inbound,Leroy St and Murray IB,21
10/4/2018 9:44,WS Outbound-DCL Inbound,Leroy St and Murray IB,21
10/4/2018 9:44,WS Outbound-DCL Inbound,Leroy St and Murray IB,21
10/4/2018 9:45,WS Outbound-DCL Inbound,Leroy St and Chestnut IB,21
10/4/2018 9:45,WS Outbound-DCL Inbound,Leroy St and Chestnut IB,21
10/4/2018 9:45,WS Outbound-DCL Inbound,Leroy St and Chestnut IB,21
10/4/2018 9:45,WS Outbound-DCL Inbound,Leroy St and Chestnut IB,21
10/4/2018 9:45,WS Outbound-DCL Inbound,Leroy St and Chestnut IB,21
10/4/2018 9:45,WS Outbound-DCL Inbound,Leroy St and Chestnut IB,21
10/4/2018 9:46,WS Outbound-DCL Inbound,Leroy St and Chestnut IB,21
10/4/2018 9:46,WS Outbound-DCL Inbound,Leroy St and Chestnut IB,21
10/4/2018 9:46,WS Outbound-DCL Inbound,Leroy St and Chestnut IB,21
10/4/2018 9:46,WS Outbound-DCL Inbound,Leroy St and Chestnut IB,21
10/4/2018 9:46,WS Outbound-DCL Inbound,Leroy St and Chestnut IB,21
10/4/2018 9:46,WS Outbound-DCL Inbound,Leroy St and Chestnut IB,21
10/4/2018 9:47,WS Outbound-DCL Inbound,Leroy St and Laurel IB,21
10/4/2018 9:58,WS Outbound-DCL Inbound,Leroy St and Murray IB,43
10/4/2018 9:58,WS Outbound-DCL Inbound,Leroy St and Murray IB,43
10/4/2018 9:58,WS Outbound-DCL Inbound,Academic A,21
10/4/2018 9:59,WS Outbound-DCL Inbound,Leroy St and Chestnut OB,43
10/4/2018 9:59,WS Outbound-DCL Inbound,Leroy St and Chestnut OB,43
10/4/2018 10:01,WS Outbound-DCL Inbound,Mohawk,21
10/4/2018 10:01,WS Outbound-DCL Inbound,Mohawk,21
10/4/2018 10:01,WS Outbound-DCL Inbound,Mohawk,21
10/4/2018 10:01,WS Outbound-DCL Inbound,Mohawk,21
10/4/2018 10:02,WS Outbound-DCL Inbound,Mohawk,21
10/4/2018 10:02,WS Outbound-DCL Inbound,Mohawk,21
10/4/2018 10:02,WS Outbound-DCL Inbound,Mohawk,21
10/4/2018 10:02,WS Outbound-DCL Inbound,Mohawk,21
10/4/2018 10:02,WS Outbound-DCL Inbound,Mohawk,21
10/4/2018 10:02,WS Outbound-DCL Inbound,Mohawk,21
10/4/2018 10:02,WS Outbound-DCL Inbound,Mohawk,21
10/4/2018 10:02,WS Outbound-DCL Inbound,Mohawk,21
10/4/2018 10:02,WS Outbound-DCL Inbound,Mohawk,21
10/4/2018 10:02,WS Outbound-DCL Inbound,Mohawk,21
10/4/2018 10:02,WS Outbound-DCL Inbound,Mohawk,21
10/4/2018 10:02,WS Outbound-DCL Inbound,Mohawk,21
10/4/2018 10:08,WS Outbound-DCL Inbound,Union,889
10/4/2018 10:09,WS Outbound-DCL Inbound,Union,889
10/4/2018 10:10,WS Outbound-DCL Inbound,Union,889
10/4/2018 10:10,WS Outbound-DCL Inbound,Union,889
10/4/2018 10:14,WS Outbound-DCL Inbound,Leroy St and Front,891
10/4/2018 10:14,WS Outbound-DCL Inbound,Union,21
10/4/2018 10:14,WS Outbound-DCL Inbound,Union,21
10/4/2018 10:14,WS Outbound-DCL Inbound,Union,21
10/4/2018 10:14,WS Outbound-DCL Inbound,Union,21
10/4/2018 10:14,WS Outbound-DCL Inbound,Union,21
10/4/2018 10:14,WS Outbound-DCL Inbound,Union,21
10/4/2018 10:14,WS Outbound-DCL Inbound,Union,21
10/4/2018 10:14,WS Outbound-DCL Inbound,Union,21
10/4/2018 10:14,WS Outbound-DCL Inbound,Union,21
10/4/2018 10:14,WS Outbound-DCL Inbound,Union,21
10/4/2018 10:14,WS Outbound-DCL Inbound,Union,21
10/4/2018 10:15,WS Outbound-DCL Inbound,Union,21
10/4/2018 10:15,WS Outbound-DCL Inbound,Union,21
10/4/2018 10:15,WS Outbound-DCL Inbound,Union,21
10/4/2018 10:15,WS Outbound-DCL Inbound,Union,21
10/4/2018 10:15,WS Outbound-DCL Inbound,Leroy St and Murray IB,891
10/4/2018 10:15,WS Outbound-DCL Inbound,Leroy St and Murray IB,891
10/4/2018 10:16,WS Outbound-DCL Inbound,Union,21
10/4/2018 10:16,WS Outbound-DCL Inbound,Leroy St and Chestnut IB,891
10/4/2018 10:16,WS Outbound-DCL Inbound,Leroy St and Chestnut IB,891
10/4/2018 10:16,WS Outbound-DCL Inbound,Leroy St and Chestnut IB,891
10/4/2018 10:16,WS Outbound-DCL Inbound,Leroy St and Chestnut IB,891
10/4/2018 10:16,WS Outbound-DCL Inbound,Leroy St and Chestnut IB,891
10/4/2018 10:16,WS Outbound-DCL Inbound,Leroy St and Chestnut IB,891
10/4/2018 10:16,WS Outbound-DCL Inbound,Leroy St and Chestnut IB,891
10/4/2018 10:16,WS Outbound-DCL Inbound,Leroy St and Chestnut IB,891
10/4/2018 10:18,WS Outbound-DCL Inbound,Physical Facilities,21
10/4/2018 10:22,WS Outbound-DCL Inbound,Riverside and Ethel IB,891
10/4/2018 10:25,WS Outbound-DCL Inbound,UDC,889
10/4/2018 10:27,WS Outbound-DCL Inbound,Main and Helen OB,21
10/4/2018 10:27,WS Outbound-DCL Inbound,Main and Helen OB,21
10/4/2018 10:29,WS Outbound-DCL Inbound,Leroy St and Murray IB,889
10/4/2018 10:29,WS Outbound-DCL Inbound,Leroy St and Murray IB,889
10/4/2018 10:29,WS Outbound-DCL Inbound,Leroy St and Murray IB,889
10/4/2018 10:30,WS Outbound-DCL Inbound,Leroy St and Chestnut IB,889
10/4/2018 10:30,WS Outbound-DCL Inbound,Leroy St and Chestnut IB,889
10/4/2018 10:30,WS Outbound-DCL Inbound,Leroy St and Chestnut IB,889
10/4/2018 10:31,WS Outbound-DCL Inbound,Leroy St and Laurel IB,889
10/4/2018 10:36,WS Outbound-DCL Inbound,UDC,21
10/4/2018 10:36,WS Outbound-DCL Inbound,UDC,21
10/4/2018 10:36,WS Outbound-DCL Inbound,UDC,21
10/4/2018 10:37,WS Outbound-DCL Inbound,UDC,21
10/4/2018 10:38,WS Outbound-DCL Inbound,UDC,21
10/4/2018 10:42,WS Outbound-DCL Inbound,Leroy St and Front,21
10/4/2018 10:42,WS Outbound-DCL Inbound,Union,889
10/4/2018 10:42,WS Outbound-DCL Inbound,Union,889
10/4/2018 10:42,WS Outbound-DCL Inbound,Union,889
10/4/2018 10:45,WS Outbound-DCL Inbound,Union,889
10/4/2018 10:47,WS Outbound-DCL Inbound,Leroy St and Murray IB,21
10/4/2018 10:47,WS Outbound-DCL Inbound,Leroy St and Murray IB,21
10/4/2018 10:48,WS Outbound-DCL Inbound,Leroy St and Murray IB,21
10/4/2018 10:48,WS Outbound-DCL Inbound,Leroy St and Murray IB,21
10/4/2018 10:48,WS Outbound-DCL Inbound,Leroy St and Murray IB,21
10/4/2018 10:48,WS Outbound-DCL Inbound,Leroy St and Murray IB,21
10/4/2018 10:49,WS Outbound-DCL Inbound,Leroy St and Chestnut IB,21
10/4/2018 10:49,WS Outbound-DCL Inbound,Leroy St and Chestnut IB,21
10/4/2018 10:49,WS Outbound-DCL Inbound,Leroy St and Chestnut IB,21
10/4/2018 10:49,WS Outbound-DCL Inbound,Leroy St and Chestnut IB,21
10/4/2018 10:49,WS Outbound-DCL Inbound,Leroy St and Chestnut IB,21
10/4/2018 10:49,WS Outbound-DCL Inbound,Leroy St and Laurel IB,21
10/4/2018 10:50,WS Outbound-DCL Inbound,UDC,37
10/4/2018 10:52,WS Outbound-DCL Inbound,UDC,37
10/4/2018 10:53,WS Outbound-DCL Inbound,UDC,37
10/4/2018 10:53,WS Outbound-DCL Inbound,UDC,37
10/4/2018 10:54,WS Outbound-DCL Inbound,UDC,37
10/4/2018 10:54,WS Outbound-DCL Inbound,UDC,37
10/4/2018 10:54,WS Outbound-DCL Inbound,UDC,37
10/4/2018 10:54,WS Outbound-DCL Inbound,UDC,37
10/4/2018 10:55,WS Outbound-DCL Inbound,Riverside and Ethel IB,21
10/4/2018 10:58,WS Outbound-DCL Inbound,Leroy St and Front,37
10/4/2018 10:58,WS Outbound-DCL Inbound,Leroy St and Front,37
10/4/2018 10:59,WS Outbound-DCL Inbound,Main and Schiller OB,889
10/4/2018 11:00,WS Outbound-DCL Inbound,Leroy St and Front,37
10/4/2018 11:01,WS Outbound-DCL Inbound,Leroy St and Murray IB,37
10/4/2018 11:01,WS Outbound-DCL Inbound,Leroy St and Murray IB,37
10/4/2018 11:01,WS Outbound-DCL Inbound,Leroy St and Murray IB,37
10/4/2018 11:01,WS Outbound-DCL Inbound,Leroy St and Murray IB,37
10/4/2018 11:01,WS Outbound-DCL Inbound,Leroy St and Murray IB,37
10/4/2018 11:01,WS Outbound-DCL Inbound,Leroy St and Murray IB,37
10/4/2018 11:01,WS Outbound-DCL Inbound,Leroy St and Murray IB,37
10/4/2018 11:01,WS Outbound-DCL Inbound,Leroy St and Murray IB,37
10/4/2018 11:01,WS Outbound-DCL Inbound,Leroy St and Murray IB,37
10/4/2018 11:01,WS Outbound-DCL Inbound,Leroy St and Murray IB,37
10/4/2018 11:01,WS Outbound-DCL Inbound,Leroy St and Murray IB,37
10/4/2018 11:02,WS Outbound-DCL Inbound,Leroy St and Chestnut OB,37
10/4/2018 11:12,WS Outbound-DCL Inbound,Academic A,37
10/4/2018 11:12,WS Outbound-DCL Inbound,Leroy St and Front,889
10/4/2018 11:12,WS Outbound-DCL Inbound,Leroy St and Front,889
10/4/2018 11:12,WS Outbound-DCL Inbound,Leroy St and Front,889
10/4/2018 11:12,WS Outbound-DCL Inbound,Leroy St and Front,889
10/4/2018 11:12,WS Outbound-DCL Inbound,Leroy St and Front,889
10/4/2018 11:13,WS Outbound-DCL Inbound,Leroy St and Front,889
10/4/2018 11:13,WS Outbound-DCL Inbound,Leroy St and Murray IB,889
10/4/2018 11:13,WS Outbound-DCL Inbound,Leroy St and Murray IB,889
10/4/2018 11:13,WS Outbound-DCL Inbound,Leroy St and Murray IB,889
10/4/2018 11:13,WS Outbound-DCL Inbound,Leroy St and Murray IB,889
10/4/2018 11:13,WS Outbound-DCL Inbound,Leroy St and Murray IB,889
10/4/2018 11:14,WS Outbound-DCL Inbound,Leroy St and Murray IB,889
10/4/2018 11:14,WS Outbound-DCL Inbound,Leroy St and Murray IB,889
10/4/2018 11:14,WS Outbound-DCL Inbound,Leroy St and Murray IB,889
10/4/2018 11:14,WS Outbound-DCL Inbound,Leroy St and Murray IB,889
10/4/2018 11:14,WS Outbound-DCL Inbound,Leroy St and Murray IB,889
10/4/2018 11:14,WS Outbound-DCL Inbound,Leroy St and Murray IB,889
10/4/2018 11:14,WS Outbound-DCL Inbound,Leroy St and Murray IB,889
10/4/2018 11:14,WS Outbound-DCL Inbound,Leroy St and Murray IB,889
10/4/2018 11:14,WS Outbound-DCL Inbound,Leroy St and Murray IB,889
10/4/2018 11:14,WS Outbound-DCL Inbound,Leroy St and Murray IB,889
10/4/2018 11:14,WS Outbound-DCL Inbound,Leroy St and Murray IB,889
10/4/2018 11:14,WS Outbound-DCL Inbound,Leroy St and Murray IB,889
10/4/2018 11:14,WS Outbound-DCL Inbound,Leroy St and Murray IB,889
10/4/2018 11:15,WS Outbound-DCL Inbound,Leroy St and Chestnut IB,889
10/4/2018 11:15,WS Outbound-DCL Inbound,Leroy St and Chestnut IB,889
10/4/2018 11:15,WS Outbound-DCL Inbound,Leroy St and Chestnut IB,889
10/4/2018 11:15,WS Outbound-DCL Inbound,Leroy St and Chestnut IB,889
10/4/2018 11:15,WS Outbound-DCL Inbound,Leroy St and Chestnut IB,889
10/4/2018 11:15,WS Outbound-DCL Inbound,Leroy St and Chestnut IB,889
10/4/2018 11:15,WS Outbound-DCL Inbound,Leroy St and Chestnut IB,889
10/4/2018 11:15,WS Outbound-DCL Inbound,Leroy St and Chestnut IB,889
10/4/2018 11:15,WS Outbound-DCL Inbound,Leroy St and Chestnut IB,889
10/4/2018 11:15,WS Outbound-DCL Inbound,Leroy St and Chestnut IB,889
10/4/2018 11:16,WS Outbound-DCL Inbound,Leroy St and Chestnut IB,889
10/4/2018 11:16,WS Outbound-DCL Inbound,Leroy St and Chestnut OB,889
10/4/2018 11:16,WS Outbound-DCL Inbound,Leroy St and Chestnut OB,889
10/4/2018 11:16,WS Outbound-DCL Inbound,Leroy St and Chestnut OB,889
10/4/2018 11:16,WS Outbound-DCL Inbound,Union,891
10/4/2018 11:16,WS Outbound-DCL Inbound,Union,891
10/4/2018 11:16,WS Outbound-DCL Inbound,Union,891
10/4/2018 11:16,WS Outbound-DCL Inbound,Union,891
10/4/2018 11:16,WS Outbound-DCL Inbound,Union,891
10/4/2018 11:16,WS Outbound-DCL Inbound,Union,891
10/4/2018 11:17,WS Outbound-DCL Inbound,Beethoven and Leroy,889
10/4/2018 11:17,WS Outbound-DCL Inbound,Beethoven and Leroy,889
10/4/2018 11:17,WS Outbound-DCL Inbound,Union,891
10/4/2018 11:17,WS Outbound-DCL Inbound,Union,891
10/4/2018 11:21,WS Outbound-DCL Inbound,Riverside and Columbus IB,889
10/4/2018 11:29,WS Outbound-DCL Inbound,Floral and Main OB,891
10/4/2018 11:30,WS Outbound-DCL Inbound,Union,889
10/4/2018 11:30,WS Outbound-DCL Inbound,Union,889
10/4/2018 11:30,WS Outbound-DCL Inbound,Union,889
10/4/2018 11:30,WS Outbound-DCL Inbound,Union,889
10/4/2018 11:30,WS Outbound-DCL Inbound,Union,889
10/4/2018 11:30,WS Outbound-DCL Inbound,Union,889
10/4/2018 11:30,WS Outbound-DCL Inbound,Union,889
10/4/2018 11:30,WS Outbound-DCL Inbound,Union,889
10/4/2018 11:30,WS Outbound-DCL Inbound,Union,889
10/4/2018 11:30,WS Outbound-DCL Inbound,Union,889
10/4/2018 11:30,WS Outbound-DCL Inbound,Union,889
10/4/2018 11:31,WS Outbound-DCL Inbound,Union,889
10/4/2018 11:31,WS Outbound-DCL Inbound,Union,889
10/4/2018 11:32,WS Outbound-DCL Inbound,Union,889
10/4/2018 11:40,WS Outbound-DCL Inbound,Hawley OB,891
10/4/2018 11:42,WS Outbound-DCL Inbound,UDC,891
10/4/2018 11:42,WS Outbound-DCL Inbound,UDC,891
10/4/2018 11:42,WS Outbound-DCL Inbound,UDC,891
10/4/2018 11:42,WS Outbound-DCL Inbound,UDC,891
10/4/2018 11:45,WS Outbound-DCL Inbound,UDC,889
10/4/2018 11:45,WS Outbound-DCL Inbound,UDC,889
10/4/2018 11:45,WS Outbound-DCL Inbound,UDC,889
10/4/2018 11:47,WS Outbound-DCL Inbound,Leroy St and Murray IB,891
10/4/2018 11:47,WS Outbound-DCL Inbound,Leroy St and Murray IB,891
10/4/2018 11:47,WS Outbound-DCL Inbound,Union,21
10/4/2018 11:47,WS Outbound-DCL Inbound,Leroy St and Murray IB,891
10/4/2018 11:47,WS Outbound-DCL Inbound,Leroy St and Murray IB,891
10/4/2018 11:47,WS Outbound-DCL Inbound,Leroy St and Murray IB,891
10/4/2018 11:47,WS Outbound-DCL Inbound,Leroy St and Murray IB,891
10/4/2018 11:47,WS Outbound-DCL Inbound,Leroy St and Murray IB,891
10/4/2018 11:47,WS Outbound-DCL Inbound,Leroy St and Murray IB,891
10/4/2018 11:47,WS Outbound-DCL Inbound,Leroy St and Murray IB,891
10/4/2018 11:47,WS Outbound-DCL Inbound,Leroy St and Murray IB,891
10/4/2018 11:47,WS Outbound-DCL Inbound,Leroy St and Murray IB,891
10/4/2018 11:48,WS Outbound-DCL Inbound,Leroy St and Chestnut IB,891
10/4/2018 11:48,WS Outbound-DCL Inbound,Leroy St and Chestnut IB,891
10/4/2018 11:48,WS Outbound-DCL Inbound,Leroy St and Chestnut IB,891
10/4/2018 11:48,WS Outbound-DCL Inbound,Leroy St and Chestnut IB,891
10/4/2018 11:48,WS Outbound-DCL Inbound,Leroy St and Chestnut IB,891
10/4/2018 11:48,WS Outbound-DCL Inbound,Leroy St and Chestnut IB,891
10/4/2018 11:48,WS Outbound-DCL Inbound,Leroy St and Chestnut IB,891
10/4/2018 11:50,WS Outbound-DCL Inbound,Physical Facilities,21
10/4/2018 11:50,WS Outbound-DCL Inbound,Beethoven and Leroy,891
10/4/2018 11:51,WS Outbound-DCL Inbound,Riverside and Beethoven,891
10/4/2018 11:54,WS Outbound-DCL Inbound,Riverside and Columbus IB,891
10/4/2018 11:54,WS Outbound-DCL Inbound,Riverside and Columbus IB,891
10/4/2018 11:54,WS Outbound-DCL Inbound,Riverside and Columbus IB,891
10/4/2018 11:54,WS Outbound-DCL Inbound,Union,526
10/4/2018 11:54,WS Outbound-DCL Inbound,Union,526
10/4/2018 11:55,WS Outbound-DCL Inbound,Union,526
10/4/2018 11:55,WS Outbound-DCL Inbound,Union,526
10/4/2018 11:55,WS Outbound-DCL Inbound,Union,526
10/4/2018 11:55,WS Outbound-DCL Inbound,Union,526
10/4/2018 11:56,WS Outbound-DCL Inbound,Union,526
10/4/2018 11:57,WS Outbound-DCL Inbound,Union,526
10/4/2018 11:57,WS Outbound-DCL Inbound,Union,526
10/4/2018 11:59,WS Outbound-DCL Inbound,Union,526
10/4/2018 12:00,WS Outbound-DCL Inbound,Main and Schiller OB,21
10/4/2018 12:02,WS Outbound-DCL Inbound,Main and Cedar OB,21
10/4/2018 12:02,WS Outbound-DCL Inbound,Main and Cedar OB,21
10/4/2018 12:03,WS Outbound-DCL Inbound,Union,891
10/4/2018 12:03,WS Outbound-DCL Inbound,Union,891
10/4/2018 12:03,WS Outbound-DCL Inbound,Union,891
10/4/2018 12:03,WS Outbound-DCL Inbound,Union,891
10/4/2018 12:11,WS Outbound-DCL Inbound,UDC,21
10/4/2018 12:11,WS Outbound-DCL Inbound,UDC,21
10/4/2018 12:11,WS Outbound-DCL Inbound,UDC,21
10/4/2018 12:11,WS Outbound-DCL Inbound,Main and Helen OB,526
10/4/2018 12:11,WS Outbound-DCL Inbound,UDC,21
10/4/2018 12:15,WS Outbound-DCL Inbound,Leroy St and Murray IB,21
10/4/2018 12:15,WS Outbound-DCL Inbound,Leroy St and Murray IB,21
10/4/2018 12:15,WS Outbound-DCL Inbound,Leroy St and Murray IB,21
10/4/2018 12:15,WS Outbound-DCL Inbound,Leroy St and Murray IB,21
10/4/2018 12:15,WS Outbound-DCL Inbound,Leroy St and Murray IB,21
10/4/2018 12:15,WS Outbound-DCL Inbound,Leroy St and Murray IB,21
10/4/2018 12:15,WS Outbound-DCL Inbound,Leroy St and Murray IB,21
10/4/2018 12:15,WS Outbound-DCL Inbound,Leroy St and Murray IB,21
10/4/2018 12:16,WS Outbound-DCL Inbound,Leroy St and Chestnut IB,21
10/4/2018 12:17,WS Outbound-DCL Inbound,Leroy St and Laurel IB,21
10/4/2018 12:18,WS Outbound-DCL Inbound,Beethoven and Leroy,21
10/4/2018 12:21,WS Outbound-DCL Inbound,Riverside and Columbus IB,21
10/4/2018 12:23,WS Outbound-DCL Inbound,UDC,526
10/4/2018 12:23,WS Outbound-DCL Inbound,Floral and Main OB,43
10/4/2018 12:24,WS Outbound-DCL Inbound,UDC,526
10/4/2018 12:27,WS Outbound-DCL Inbound,Leroy St and Front,526
10/4/2018 12:28,WS Outbound-DCL Inbound,Leroy St and Murray IB,526
10/4/2018 12:28,WS Outbound-DCL Inbound,Leroy St and Murray IB,526
10/4/2018 12:28,WS Outbound-DCL Inbound,Leroy St and Murray IB,526
10/4/2018 12:28,WS Outbound-DCL Inbound,Leroy St and Murray IB,526
10/4/2018 12:28,WS Outbound-DCL Inbound,Leroy St and Murray IB,526
10/4/2018 12:28,WS Outbound-DCL Inbound,Leroy St and Murray IB,526
10/4/2018 12:28,WS Outbound-DCL Inbound,Leroy St and Murray IB,526
10/4/2018 12:29,WS Outbound-DCL Inbound,Leroy St and Chestnut OB,526
10/4/2018 12:29,WS Outbound-DCL Inbound,Leroy St and Chestnut OB,526
10/4/2018 12:37,WS Outbound-DCL Inbound,UDC,43
10/4/2018 12:39,WS Outbound-DCL Inbound,UDC,43
10/4/2018 12:42,WS Outbound-DCL Inbound,Leroy St and Front,43
10/4/2018 12:42,WS Outbound-DCL Inbound,Leroy St and Front,43
10/4/2018 12:42,WS Outbound-DCL Inbound,Leroy St and Front,43
10/4/2018 12:42,WS Outbound-DCL Inbound,Leroy St and Front,43
10/4/2018 12:42,WS Outbound-DCL Inbound,Leroy St and Front,43
10/4/2018 12:42,WS Outbound-DCL Inbound,Leroy St and Front,43
10/4/2018 12:42,WS Outbound-DCL Inbound,Leroy St and Front,43
10/4/2018 12:42,WS Outbound-DCL Inbound,Leroy St and Front,43
10/4/2018 12:43,WS Outbound-DCL Inbound,Union,526
10/4/2018 12:43,WS Outbound-DCL Inbound,Union,526
10/4/2018 12:43,WS Outbound-DCL Inbound,Union,526
10/4/2018 12:43,WS Outbound-DCL Inbound,Union,891
10/4/2018 12:43,WS Outbound-DCL Inbound,Union,891
10/4/2018 12:43,WS Outbound-DCL Inbound,Union,891
10/4/2018 12:43,WS Outbound-DCL Inbound,Union,891
10/4/2018 12:43,WS Outbound-DCL Inbound,Union,891
10/4/2018 12:43,WS Outbound-DCL Inbound,Union,891
10/4/2018 12:43,WS Outbound-DCL Inbound,Union,891
10/4/2018 12:43,WS Outbound-DCL Inbound,Union,891
10/4/2018 12:43,WS Outbound-DCL Inbound,Union,891
10/4/2018 12:43,WS Outbound-DCL Inbound,Leroy St and Murray IB,43
10/4/2018 12:43,WS Outbound-DCL Inbound,Leroy St and Murray IB,43
10/4/2018 12:44,WS Outbound-DCL Inbound,Leroy St and Murray IB,43
10/4/2018 12:44,WS Outbound-DCL Inbound,Leroy St and Murray IB,43
10/4/2018 12:44,WS Outbound-DCL Inbound,Leroy St and Murray IB,43
10/4/2018 12:44,WS Outbound-DCL Inbound,Leroy St and Murray IB,43
10/4/2018 12:44,WS Outbound-DCL Inbound,Union,891
10/4/2018 12:44,WS Outbound-DCL Inbound,Leroy St and Murray IB,43
10/4/2018 12:44,WS Outbound-DCL Inbound,Leroy St and Murray IB,43
10/4/2018 12:44,WS Outbound-DCL Inbound,Union,891
10/4/2018 12:44,WS Outbound-DCL Inbound,Leroy St and Murray IB,43
10/4/2018 12:44,WS Outbound-DCL Inbound,Leroy St and Murray IB,43
10/4/2018 12:44,WS Outbound-DCL Inbound,Leroy St and Murray IB,43
10/4/2018 12:44,WS Outbound-DCL Inbound,Leroy St and Murray IB,43
10/4/2018 12:44,WS Outbound-DCL Inbound,Leroy St and Murray IB,43
10/4/2018 12:44,WS Outbound-DCL Inbound,Leroy St and Murray IB,43
10/4/2018 12:44,WS Outbound-DCL Inbound,Union,891
10/4/2018 12:44,WS Outbound-DCL Inbound,Leroy St and Murray IB,43
10/4/2018 12:44,WS Outbound-DCL Inbound,Leroy St and Murray IB,43
10/4/2018 12:44,WS Outbound-DCL Inbound,Leroy St and Murray IB,43
10/4/2018 12:45,WS Outbound-DCL Inbound,Union,891
10/4/2018 12:45,WS Outbound-DCL Inbound,Leroy St and Chestnut IB,43
10/4/2018 12:45,WS Outbound-DCL Inbound,Leroy St and Chestnut IB,43
10/4/2018 12:45,WS Outbound-DCL Inbound,Leroy St and Chestnut IB,43
10/4/2018 12:45,WS Outbound-DCL Inbound,Leroy St and Chestnut IB,43
10/4/2018 12:45,WS Outbound-DCL Inbound,Leroy St and Chestnut IB,43
10/4/2018 12:45,WS Outbound-DCL Inbound,Leroy St and Chestnut IB,43
10/4/2018 12:45,WS Outbound-DCL Inbound,Leroy St and Chestnut IB,43
10/4/2018 12:45,WS Outbound-DCL Inbound,Leroy St and Chestnut IB,43
10/4/2018 12:45,WS Outbound-DCL Inbound,Leroy St and Chestnut IB,43
10/4/2018 12:45,WS Outbound-DCL Inbound,Leroy St and Chestnut IB,43
10/4/2018 12:45,WS Outbound-DCL Inbound,Leroy St and Chestnut IB,43
10/4/2018 12:56,WS Outbound-DCL Inbound,Union,37
10/4/2018 12:56,WS Outbound-DCL Inbound,Union,37
10/4/2018 12:56,WS Outbound-DCL Inbound,Union,37
10/4/2018 12:56,WS Outbound-DCL Inbound,Union,37
10/4/2018 12:57,WS Outbound-DCL Inbound,Union,37
10/4/2018 12:57,WS Outbound-DCL Inbound,Union,37
10/4/2018 12:57,WS Outbound-DCL Inbound,Union,37
10/4/2018 12:57,WS Outbound-DCL Inbound,Floral and Main OB,891
10/4/2018 12:57,WS Outbound-DCL Inbound,Union,37
10/4/2018 12:57,WS Outbound-DCL Inbound,Union,37
10/4/2018 12:57,WS Outbound-DCL Inbound,Union,37
10/4/2018 12:57,WS Outbound-DCL Inbound,Union,37
10/4/2018 12:57,WS Outbound-DCL Inbound,Union,37
10/4/2018 12:58,WS Outbound-DCL Inbound,Union,37
10/4/2018 12:58,WS Outbound-DCL Inbound,Union,37
10/4/2018 12:58,WS Outbound-DCL Inbound,Union,37
10/4/2018 12:58,WS Outbound-DCL Inbound,Union,37
10/4/2018 12:59,WS Outbound-DCL Inbound,Main and Helen OB,891
10/4/2018 13:00,WS Outbound-DCL Inbound,Union,37
10/4/2018 13:03,WS Outbound-DCL Inbound,Main and Arthur,891
10/4/2018 13:09,WS Outbound-DCL Inbound,UDC,891
10/4/2018 13:13,WS Outbound-DCL Inbound,Leroy St and Front,891
10/4/2018 13:14,WS Outbound-DCL Inbound,Leroy St and Murray IB,891
10/4/2018 13:14,WS Outbound-DCL Inbound,Leroy St and Murray IB,891
10/4/2018 13:14,WS Outbound-DCL Inbound,Leroy St and Murray IB,891
10/4/2018 13:14,WS Outbound-DCL Inbound,Leroy St and Murray IB,891
10/4/2018 13:14,WS Outbound-DCL Inbound,Leroy St and Murray IB,891
10/4/2018 13:15,WS Outbound-DCL Inbound,Leroy St and Chestnut IB,891
10/4/2018 13:17,WS Outbound-DCL Inbound,Union,21
10/4/2018 13:17,WS Outbound-DCL Inbound,Union,21
10/4/2018 13:17,WS Outbound-DCL Inbound,Union,21
10/4/2018 13:17,WS Outbound-DCL Inbound,Union,21
10/4/2018 13:17,WS Outbound-DCL Inbound,Union,21
10/4/2018 13:17,WS Outbound-DCL Inbound,Union,21
10/4/2018 13:17,WS Outbound-DCL Inbound,Union,21
10/4/2018 13:17,WS Outbound-DCL Inbound,Union,21
10/4/2018 13:18,WS Outbound-DCL Inbound,Union,21
10/4/2018 13:18,WS Outbound-DCL Inbound,Union,21
10/4/2018 13:18,WS Outbound-DCL Inbound,Union,21
10/4/2018 13:18,WS Outbound-DCL Inbound,Union,21
10/4/2018 13:18,WS Outbound-DCL Inbound,Union,21
10/4/2018 13:18,WS Outbound-DCL Inbound,Union,21
10/4/2018 13:18,WS Outbound-DCL Inbound,Union,21
10/4/2018 13:18,WS Outbound-DCL Inbound,Union,21
10/4/2018 13:18,WS Outbound-DCL Inbound,Union,21
10/4/2018 13:18,WS Outbound-DCL Inbound,Union,21
10/4/2018 13:18,WS Outbound-DCL Inbound,Union,21
10/4/2018 13:18,WS Outbound-DCL Inbound,Union,21
10/4/2018 13:18,WS Outbound-DCL Inbound,Union,21
10/4/2018 13:18,WS Outbound-DCL Inbound,Union,21
10/4/2018 13:18,WS Outbound-DCL Inbound,Union,21
10/4/2018 13:18,WS Outbound-DCL Inbound,Union,21
10/4/2018 13:18,WS Outbound-DCL Inbound,Union,21
10/4/2018 13:18,WS Outbound-DCL Inbound,Union,21
10/4/2018 13:18,WS Outbound-DCL Inbound,Union,21
10/4/2018 13:18,WS Outbound-DCL Inbound,Union,21
10/4/2018 13:18,WS Outbound-DCL Inbound,Union,21
10/4/2018 13:18,WS Outbound-DCL Inbound,Union,21
10/4/2018 13:22,WS Outbound-DCL Inbound,Physical Facilities,21
10/4/2018 13:29,WS Outbound-DCL Inbound,Leroy St and Murray IB,37
10/4/2018 13:29,WS Outbound-DCL Inbound,Leroy St and Murray IB,37
10/4/2018 13:30,WS Outbound-DCL Inbound,Leroy St and Chestnut OB,37
10/4/2018 13:31,WS Outbound-DCL Inbound,Leroy St and Laurel IB,37
10/4/2018 13:38,WS Outbound-DCL Inbound,Main and Cedar OB,21
10/4/2018 13:40,WS Outbound-DCL Inbound,Main and Arthur,21
10/4/2018 13:42,WS Outbound-DCL Inbound,Union,43
10/4/2018 13:42,WS Outbound-DCL Inbound,Union,43
10/4/2018 13:42,WS Outbound-DCL Inbound,Union,43
10/4/2018 13:42,WS Outbound-DCL Inbound,Union,43
10/4/2018 13:43,WS Outbound-DCL Inbound,Union,43
10/4/2018 13:43,WS Outbound-DCL Inbound,Union,43
10/4/2018 13:43,WS Outbound-DCL Inbound,Union,43
10/4/2018 13:43,WS Outbound-DCL Inbound,Union,43
10/4/2018 13:43,WS Outbound-DCL Inbound,Union,43
10/4/2018 13:43,WS Outbound-DCL Inbound,Union,43
10/4/2018 13:43,WS Outbound-DCL Inbound,Union,43
10/4/2018 13:44,WS Outbound-DCL Inbound,Union,43
10/4/2018 13:44,WS Outbound-DCL Inbound,Union,43
10/4/2018 13:48,WS Outbound-DCL Inbound,Leroy St and Murray IB,21
10/4/2018 13:49,WS Outbound-DCL Inbound,Leroy St and Chestnut IB,21
10/4/2018 13:49,WS Outbound-DCL Inbound,Leroy St and Chestnut IB,21
10/4/2018 13:49,WS Outbound-DCL Inbound,Leroy St and Chestnut IB,21
10/4/2018 13:49,WS Outbound-DCL Inbound,Leroy St and Chestnut IB,21
10/4/2018 14:07,WS Outbound-DCL Inbound,UDC,43
10/4/2018 14:07,WS Outbound-DCL Inbound,UDC,43
10/4/2018 14:08,WS Outbound-DCL Inbound,UDC,43
10/4/2018 14:09,WS Outbound-DCL Inbound,UDC,43
10/4/2018 14:13,WS Outbound-DCL Inbound,Leroy St and Front,43
10/4/2018 14:14,WS Outbound-DCL Inbound,Leroy St and Murray IB,43
10/4/2018 14:14,WS Outbound-DCL Inbound,Leroy St and Murray IB,43
10/4/2018 14:14,WS Outbound-DCL Inbound,Leroy St and Murray IB,43
10/4/2018 14:14,WS Outbound-DCL Inbound,Leroy St and Murray IB,43
10/4/2018 14:14,WS Outbound-DCL Inbound,Leroy St and Murray IB,43
10/4/2018 14:14,WS Outbound-DCL Inbound,Leroy St and Murray IB,43
10/4/2018 14:15,WS Outbound-DCL Inbound,Leroy St and Chestnut IB,43
10/4/2018 14:15,WS Outbound-DCL Inbound,Leroy St and Chestnut IB,43
10/4/2018 14:17,WS Outbound-DCL Inbound,Main and Schiller OB,890
10/4/2018 14:18,WS Outbound-DCL Inbound,Main and Clarke OB,890
10/4/2018 14:19,WS Outbound-DCL Inbound,Union,526
10/4/2018 14:19,WS Outbound-DCL Inbound,Union,526
10/4/2018 14:19,WS Outbound-DCL Inbound,Union,526
10/4/2018 14:20,WS Outbound-DCL Inbound,Union,526
10/4/2018 14:20,WS Outbound-DCL Inbound,Union,526
10/4/2018 14:20,WS Outbound-DCL Inbound,Union,526
10/4/2018 14:20,WS Outbound-DCL Inbound,Riverside and Margaret OB,43
10/4/2018 14:21,WS Outbound-DCL Inbound,Riverside and Columbus IB,43
10/4/2018 14:21,WS Outbound-DCL Inbound,Union,526
10/4/2018 14:21,WS Outbound-DCL Inbound,Union,526
10/4/2018 14:23,WS Outbound-DCL Inbound,Union,526
10/4/2018 14:23,WS Outbound-DCL Inbound,Union,526
10/4/2018 14:23,WS Outbound-DCL Inbound,Union,526
10/4/2018 14:24,WS Outbound-DCL Inbound,UDC,890
10/4/2018 14:24,WS Outbound-DCL Inbound,UDC,890
10/4/2018 14:24,WS Outbound-DCL Inbound,UDC,890
10/4/2018 14:24,WS Outbound-DCL Inbound,UDC,890
10/4/2018 14:24,WS Outbound-DCL Inbound,UDC,890
10/4/2018 14:24,WS Outbound-DCL Inbound,Union,526
10/4/2018 14:25,WS Outbound-DCL Inbound,Union,526
10/4/2018 14:25,WS Outbound-DCL Inbound,Union,526
10/4/2018 14:26,WS Outbound-DCL Inbound,Union,526
10/4/2018 14:26,WS Outbound-DCL Inbound,Union,526
10/4/2018 14:26,WS Outbound-DCL Inbound,Union,526
10/4/2018 14:26,WS Outbound-DCL Inbound,Union,526
10/4/2018 14:27,WS Outbound-DCL Inbound,Union,526
10/4/2018 14:27,WS Outbound-DCL Inbound,Union,526
10/4/2018 14:27,WS Outbound-DCL Inbound,Leroy St and Front,890
10/4/2018 14:28,WS Outbound-DCL Inbound,Union,526
10/4/2018 14:28,WS Outbound-DCL Inbound,Union,526
10/4/2018 14:28,WS Outbound-DCL Inbound,Union,526
10/4/2018 14:28,WS Outbound-DCL Inbound,Union,526
10/4/2018 14:28,WS Outbound-DCL Inbound,Leroy St and Murray IB,890
10/4/2018 14:28,WS Outbound-DCL Inbound,Leroy St and Murray IB,890
10/4/2018 14:28,WS Outbound-DCL Inbound,Leroy St and Murray IB,890
10/4/2018 14:28,WS Outbound-DCL Inbound,Leroy St and Murray IB,890
10/4/2018 14:28,WS Outbound-DCL Inbound,Leroy St and Murray IB,890
10/4/2018 14:28,WS Outbound-DCL Inbound,Leroy St and Murray IB,890
10/4/2018 14:29,WS Outbound-DCL Inbound,Leroy St and Murray IB,890
10/4/2018 14:30,WS Outbound-DCL Inbound,Union,526
10/4/2018 14:30,WS Outbound-DCL Inbound,Union,526
10/4/2018 14:30,WS Outbound-DCL Inbound,Leroy St and Chestnut IB,890
10/4/2018 14:30,WS Outbound-DCL Inbound,Leroy St and Chestnut IB,890
10/4/2018 14:30,WS Outbound-DCL Inbound,Leroy St and Chestnut IB,890
10/4/2018 14:30,WS Outbound-DCL Inbound,Leroy St and Chestnut IB,890
10/4/2018 14:30,WS Outbound-DCL Inbound,Union,526
10/4/2018 14:30,WS Outbound-DCL Inbound,Union,526
10/4/2018 14:31,WS Outbound-DCL Inbound,Union,526
10/4/2018 14:41,WS Outbound-DCL Inbound,Academic A,890
10/4/2018 14:44,WS Outbound-DCL Inbound,Union,37
10/4/2018 14:44,WS Outbound-DCL Inbound,Union,37
10/4/2018 14:45,WS Outbound-DCL Inbound,Union,37
10/4/2018 14:45,WS Outbound-DCL Inbound,Union,37
10/4/2018 14:45,WS Outbound-DCL Inbound,Union,37
10/4/2018 14:45,WS Outbound-DCL Inbound,Union,37
10/4/2018 14:45,WS Outbound-DCL Inbound,Union,37
10/4/2018 14:45,WS Outbound-DCL Inbound,Union,37
10/4/2018 14:45,WS Outbound-DCL Inbound,Union,37
10/4/2018 14:45,WS Outbound-DCL Inbound,Union,37
10/4/2018 14:45,WS Outbound-DCL Inbound,Union,37
10/4/2018 14:45,WS Outbound-DCL Inbound,Union,37
10/4/2018 14:45,WS Outbound-DCL Inbound,Union,37
10/4/2018 14:45,WS Outbound-DCL Inbound,Union,37
10/4/2018 14:45,WS Outbound-DCL Inbound,Union,37
10/4/2018 14:45,WS Outbound-DCL Inbound,Union,37
10/4/2018 14:45,WS Outbound-DCL Inbound,Union,37
10/4/2018 14:45,WS Outbound-DCL Inbound,Union,37
10/4/2018 14:45,WS Outbound-DCL Inbound,Union,37
10/4/2018 14:45,WS Outbound-DCL Inbound,Union,37
10/4/2018 14:45,WS Outbound-DCL Inbound,Union,37
10/4/2018 14:45,WS Outbound-DCL Inbound,Union,37
10/4/2018 14:45,WS Outbound-DCL Inbound,Union,37
10/4/2018 14:45,WS Outbound-DCL Inbound,Union,37
10/4/2018 14:45,WS Outbound-DCL Inbound,Union,37
10/4/2018 14:45,WS Outbound-DCL Inbound,Union,37
10/4/2018 14:45,WS Outbound-DCL Inbound,Union,37
10/4/2018 14:45,WS Outbound-DCL Inbound,Union,37
10/4/2018 14:45,WS Outbound-DCL Inbound,Union,37
10/4/2018 14:45,WS Outbound-DCL Inbound,Union,37
10/4/2018 14:45,WS Outbound-DCL Inbound,Main and Helen OB,526
10/4/2018 14:45,WS Outbound-DCL Inbound,Union,37
10/4/2018 14:46,WS Outbound-DCL Inbound,Union,37
10/4/2018 14:46,WS Outbound-DCL Inbound,Union,37
10/4/2018 14:46,WS Outbound-DCL Inbound,Union,37
10/4/2018 14:46,WS Outbound-DCL Inbound,Union,37
10/4/2018 14:46,WS Outbound-DCL Inbound,Union,37
10/4/2018 14:46,WS Outbound-DCL Inbound,Union,37
10/4/2018 14:46,WS Outbound-DCL Inbound,Union,37
10/4/2018 14:46,WS Outbound-DCL Inbound,Union,37
10/4/2018 14:46,WS Outbound-DCL Inbound,Union,37
10/4/2018 14:46,WS Outbound-DCL Inbound,Union,37
10/4/2018 14:46,WS Outbound-DCL Inbound,Union,37
10/4/2018 14:46,WS Outbound-DCL Inbound,Union,37
10/4/2018 14:46,WS Outbound-DCL Inbound,Union,37
10/4/2018 14:46,WS Outbound-DCL Inbound,Union,37
10/4/2018 14:46,WS Outbound-DCL Inbound,Union,37
10/4/2018 14:46,WS Outbound-DCL Inbound,Union,37
10/4/2018 14:46,WS Outbound-DCL Inbound,Union,37
10/4/2018 14:46,WS Outbound-DCL Inbound,Main and Schiller OB,526
10/4/2018 14:46,WS Outbound-DCL Inbound,Union,37
10/4/2018 14:47,WS Outbound-DCL Inbound,Union,37
10/4/2018 14:47,WS Outbound-DCL Inbound,Union,37
10/4/2018 14:47,WS Outbound-DCL Inbound,Union,37
10/4/2018 14:47,WS Outbound-DCL Inbound,Union,37
10/4/2018 14:47,WS Outbound-DCL Inbound,Union,37
10/4/2018 14:48,WS Outbound-DCL Inbound,Union,890
10/4/2018 14:48,WS Outbound-DCL Inbound,Union,890
10/4/2018 14:48,WS Outbound-DCL Inbound,Union,890
10/4/2018 14:48,WS Outbound-DCL Inbound,Union,890
10/4/2018 14:48,WS Outbound-DCL Inbound,Union,890
10/4/2018 14:48,WS Outbound-DCL Inbound,Union,890
10/4/2018 14:48,WS Outbound-DCL Inbound,Union,890
10/4/2018 14:48,WS Outbound-DCL Inbound,Union,890
10/4/2018 14:48,WS Outbound-DCL Inbound,Union,890
10/4/2018 14:48,WS Outbound-DCL Inbound,Union,890
10/4/2018 14:48,WS Outbound-DCL Inbound,Union,890
10/4/2018 14:48,WS Outbound-DCL Inbound,Union,890
10/4/2018 14:48,WS Outbound-DCL Inbound,Union,890
10/4/2018 14:49,WS Outbound-DCL Inbound,Union,890
10/4/2018 14:49,WS Outbound-DCL Inbound,Union,890
10/4/2018 14:49,WS Outbound-DCL Inbound,Union,890
10/4/2018 14:49,WS Outbound-DCL Inbound,Union,890
10/4/2018 14:49,WS Outbound-DCL Inbound,Union,890
10/4/2018 14:49,WS Outbound-DCL Inbound,Union,890
10/4/2018 14:49,WS Outbound-DCL Inbound,Union,890
10/4/2018 14:49,WS Outbound-DCL Inbound,Union,890
10/4/2018 14:49,WS Outbound-DCL Inbound,Union,890
10/4/2018 14:49,WS Outbound-DCL Inbound,Union,890
10/4/2018 14:49,WS Outbound-DCL Inbound,Union,890
10/4/2018 14:49,WS Outbound-DCL Inbound,Union,890
10/4/2018 14:49,WS Outbound-DCL Inbound,Union,890
10/4/2018 14:49,WS Outbound-DCL Inbound,Union,890
10/4/2018 14:49,WS Outbound-DCL Inbound,Union,890
10/4/2018 14:49,WS Outbound-DCL Inbound,Union,890
10/4/2018 14:49,WS Outbound-DCL Inbound,Union,890
10/4/2018 14:49,WS Outbound-DCL Inbound,Union,890
10/4/2018 14:49,WS Outbound-DCL Inbound,Union,890
10/4/2018 14:49,WS Outbound-DCL Inbound,Union,890
10/4/2018 14:49,WS Outbound-DCL Inbound,Union,890
10/4/2018 14:49,WS Outbound-DCL Inbound,Union,890
10/4/2018 14:49,WS Outbound-DCL Inbound,Union,890
10/4/2018 14:49,WS Outbound-DCL Inbound,Union,890
10/4/2018 14:49,WS Outbound-DCL Inbound,Union,890
10/4/2018 14:49,WS Outbound-DCL Inbound,Union,890
10/4/2018 14:50,WS Outbound-DCL Inbound,Union,890
10/4/2018 14:50,WS Outbound-DCL Inbound,Union,890
10/4/2018 14:50,WS Outbound-DCL Inbound,Union,890
10/4/2018 14:50,WS Outbound-DCL Inbound,Union,890
10/4/2018 14:50,WS Outbound-DCL Inbound,Union,890
10/4/2018 14:50,WS Outbound-DCL Inbound,Union,890
10/4/2018 14:50,WS Outbound-DCL Inbound,Union,890
10/4/2018 14:53,WS Outbound-DCL Inbound,Physical Facilities,890
10/4/2018 14:56,WS Outbound-DCL Inbound,UDC,526
10/4/2018 14:57,WS Outbound-DCL Inbound,UDC,526
10/4/2018 15:00,WS Outbound-DCL Inbound,Leroy St and Front,526
10/4/2018 15:00,WS Outbound-DCL Inbound,Leroy St and Front,526
10/4/2018 15:02,WS Outbound-DCL Inbound,Leroy St and Chestnut IB,526
10/4/2018 15:11,WS Outbound-DCL Inbound,Main and Schiller OB,37
10/4/2018 15:14,WS Outbound-DCL Inbound,Union,43
10/4/2018 15:14,WS Outbound-DCL Inbound,Union,43
10/4/2018 15:14,WS Outbound-DCL Inbound,Union,43
10/4/2018 15:14,WS Outbound-DCL Inbound,Union,43
10/4/2018 15:14,WS Outbound-DCL Inbound,Union,43
10/4/2018 15:14,WS Outbound-DCL Inbound,Union,43
10/4/2018 15:14,WS Outbound-DCL Inbound,Union,43
10/4/2018 15:14,WS Outbound-DCL Inbound,Union,43
10/4/2018 15:14,WS Outbound-DCL Inbound,Union,43
10/4/2018 15:14,WS Outbound-DCL Inbound,Union,43
10/4/2018 15:14,WS Outbound-DCL Inbound,Union,43
10/4/2018 15:14,WS Outbound-DCL Inbound,Union,43
10/4/2018 15:14,WS Outbound-DCL Inbound,Union,43
10/4/2018 15:14,WS Outbound-DCL Inbound,Union,43
10/4/2018 15:15,WS Outbound-DCL Inbound,Union,43
10/4/2018 15:15,WS Outbound-DCL Inbound,Union,43
10/4/2018 15:15,WS Outbound-DCL Inbound,Union,43
10/4/2018 15:15,WS Outbound-DCL Inbound,Union,43
10/4/2018 15:15,WS Outbound-DCL Inbound,Union,43
10/4/2018 15:15,WS Outbound-DCL Inbound,Union,43
10/4/2018 15:15,WS Outbound-DCL Inbound,Union,43
10/4/2018 15:15,WS Outbound-DCL Inbound,Union,43
10/4/2018 15:15,WS Outbound-DCL Inbound,Union,43
10/4/2018 15:15,WS Outbound-DCL Inbound,Union,43
10/4/2018 15:15,WS Outbound-DCL Inbound,Union,43
10/4/2018 15:15,WS Outbound-DCL Inbound,Union,43
10/4/2018 15:15,WS Outbound-DCL Inbound,Union,43
10/4/2018 15:15,WS Outbound-DCL Inbound,Union,43
10/4/2018 15:15,WS Outbound-DCL Inbound,Union,43
10/4/2018 15:15,WS Outbound-DCL Inbound,Union,43
10/4/2018 15:15,WS Outbound-DCL Inbound,Union,43
10/4/2018 15:15,WS Outbound-DCL Inbound,Union,43
10/4/2018 15:15,WS Outbound-DCL Inbound,Union,43
10/4/2018 15:15,WS Outbound-DCL Inbound,Union,43
10/4/2018 15:15,WS Outbound-DCL Inbound,Union,43
10/4/2018 15:15,WS Outbound-DCL Inbound,Union,43
10/4/2018 15:15,WS Outbound-DCL Inbound,Union,43
10/4/2018 15:15,WS Outbound-DCL Inbound,Union,43
10/4/2018 15:16,WS Outbound-DCL Inbound,Main and Murray OB,37
10/4/2018 15:18,WS Outbound-DCL Inbound,Physical Facilities,43
10/4/2018 15:22,WS Outbound-DCL Inbound,Leroy St and Front,37
10/4/2018 15:24,WS Outbound-DCL Inbound,Leroy St and Chestnut IB,37
10/4/2018 15:24,WS Outbound-DCL Inbound,Leroy St and Chestnut IB,37
10/4/2018 15:26,WS Outbound-DCL Inbound,Beethoven and Leroy,37
10/4/2018 15:28,WS Outbound-DCL Inbound,Floral and Willow IB,43
10/4/2018 15:28,WS Outbound-DCL Inbound,Floral and Burbank IB,43
10/4/2018 15:31,WS Outbound-DCL Inbound,Union,21
10/4/2018 15:31,WS Outbound-DCL Inbound,Union,21
10/4/2018 15:31,WS Outbound-DCL Inbound,Union,21
10/4/2018 15:31,WS Outbound-DCL Inbound,Union,21
10/4/2018 15:31,WS Outbound-DCL Inbound,Union,21
10/4/2018 15:31,WS Outbound-DCL Inbound,Union,21
10/4/2018 15:32,WS Outbound-DCL Inbound,Union,21
10/4/2018 15:32,WS Outbound-DCL Inbound,Union,21
10/4/2018 15:32,WS Outbound-DCL Inbound,Union,21
10/4/2018 15:32,WS Outbound-DCL Inbound,Union,21
10/4/2018 15:32,WS Outbound-DCL Inbound,Union,21
10/4/2018 15:32,WS Outbound-DCL Inbound,Union,21
10/4/2018 15:32,WS Outbound-DCL Inbound,Union,21
10/4/2018 15:32,WS Outbound-DCL Inbound,Union,21
10/4/2018 15:32,WS Outbound-DCL Inbound,Union,21
10/4/2018 15:32,WS Outbound-DCL Inbound,Union,21
10/4/2018 15:32,WS Outbound-DCL Inbound,Union,21
10/4/2018 15:32,WS Outbound-DCL Inbound,Union,21
10/4/2018 15:32,WS Outbound-DCL Inbound,Union,21
10/4/2018 15:32,WS Outbound-DCL Inbound,Union,21
10/4/2018 15:32,WS Outbound-DCL Inbound,Union,21
10/4/2018 15:32,WS Outbound-DCL Inbound,Union,21
10/4/2018 15:32,WS Outbound-DCL Inbound,Union,21
10/4/2018 15:32,WS Outbound-DCL Inbound,Union,21
10/4/2018 15:33,WS Outbound-DCL Inbound,Union,21
10/4/2018 15:37,WS Outbound-DCL Inbound,Main and Murray OB,43
10/4/2018 15:42,WS Outbound-DCL Inbound,UDC,43
10/4/2018 15:42,WS Outbound-DCL Inbound,UDC,43
10/4/2018 15:44,WS Outbound-DCL Inbound,Floral and Burbank OB,21
10/4/2018 15:44,WS Outbound-DCL Inbound,Leroy St and Murray OB,43
10/4/2018 15:44,WS Outbound-DCL Inbound,Leroy St and Murray OB,43
10/4/2018 15:45,WS Outbound-DCL Inbound,Leroy St and Murray OB,43
10/4/2018 15:45,WS Outbound-DCL Inbound,Leroy St and Murray OB,43
10/4/2018 15:45,WS Outbound-DCL Inbound,Floral and Main IB,21
10/4/2018 15:45,WS Outbound-DCL Inbound,Leroy St and Chestnut IB,43
10/4/2018 15:45,WS Outbound-DCL Inbound,Leroy St and Chestnut IB,43
10/4/2018 15:45,WS Outbound-DCL Inbound,Leroy St and Chestnut IB,43
10/4/2018 15:45,WS Outbound-DCL Inbound,Leroy St and Chestnut IB,43
10/4/2018 15:45,WS Outbound-DCL Inbound,Leroy St and Chestnut IB,43
10/4/2018 15:48,WS Outbound-DCL Inbound,Riverside and Beethoven,43
10/4/2018 15:50,WS Outbound-DCL Inbound,Riverside and Margaret OB,43
10/4/2018 15:52,WS Outbound-DCL Inbound,Riverside and Ethel IB,43
10/4/2018 15:57,WS Outbound-DCL Inbound,UDC,21
10/4/2018 15:57,WS Outbound-DCL Inbound,UDC,21
10/4/2018 15:58,WS Outbound-DCL Inbound,UDC,21
10/4/2018 16:00,WS Outbound-DCL Inbound,Leroy St and Front,21
10/4/2018 16:00,WS Outbound-DCL Inbound,Leroy St and Front,21
10/4/2018 16:01,WS Outbound-DCL Inbound,Union,37
10/4/2018 16:01,WS Outbound-DCL Inbound,Union,37
10/4/2018 16:01,WS Outbound-DCL Inbound,Leroy St and Murray OB,21
10/4/2018 16:01,WS Outbound-DCL Inbound,Union,37
10/4/2018 16:01,WS Outbound-DCL Inbound,Union,37
10/4/2018 16:01,WS Outbound-DCL Inbound,Leroy St and Murray OB,21
10/4/2018 16:01,WS Outbound-DCL Inbound,Union,37
10/4/2018 16:01,WS Outbound-DCL Inbound,Leroy St and Murray OB,21
10/4/2018 16:01,WS Outbound-DCL Inbound,Leroy St and Murray OB,21
10/4/2018 16:01,WS Outbound-DCL Inbound,Union,37
10/4/2018 16:01,WS Outbound-DCL Inbound,Union,37
10/4/2018 16:01,WS Outbound-DCL Inbound,Leroy St and Murray OB,21
10/4/2018 16:01,WS Outbound-DCL Inbound,Leroy St and Murray OB,21
10/4/2018 16:01,WS Outbound-DCL Inbound,Leroy St and Murray OB,21
10/4/2018 16:01,WS Outbound-DCL Inbound,Union,37
10/4/2018 16:01,WS Outbound-DCL Inbound,Union,37
10/4/2018 16:01,WS Outbound-DCL Inbound,Union,37
10/4/2018 16:01,WS Outbound-DCL Inbound,Union,37
10/4/2018 16:01,WS Outbound-DCL Inbound,Union,37
10/4/2018 16:01,WS Outbound-DCL Inbound,Union,37
10/4/2018 16:01,WS Outbound-DCL Inbound,Union,37
10/4/2018 16:01,WS Outbound-DCL Inbound,Union,37
10/4/2018 16:01,WS Outbound-DCL Inbound,Union,37
10/4/2018 16:01,WS Outbound-DCL Inbound,Union,37
10/4/2018 16:01,WS Outbound-DCL Inbound,Union,37
10/4/2018 16:01,WS Outbound-DCL Inbound,Union,37
10/4/2018 16:01,WS Outbound-DCL Inbound,Union,37
10/4/2018 16:02,WS Outbound-DCL Inbound,Union,37
10/4/2018 16:02,WS Outbound-DCL Inbound,Union,37
10/4/2018 16:02,WS Outbound-DCL Inbound,Union,37
10/4/2018 16:02,WS Outbound-DCL Inbound,Union,37
10/4/2018 16:02,WS Outbound-DCL Inbound,Union,37
10/4/2018 16:02,WS Outbound-DCL Inbound,Union,37
10/4/2018 16:02,WS Outbound-DCL Inbound,Union,37
10/4/2018 16:02,WS Outbound-DCL Inbound,Union,37
10/4/2018 16:02,WS Outbound-DCL Inbound,Union,37
10/4/2018 16:02,WS Outbound-DCL Inbound,Union,37
10/4/2018 16:02,WS Outbound-DCL Inbound,Leroy St and Chestnut IB,21
10/4/2018 16:02,WS Outbound-DCL Inbound,Leroy St and Chestnut IB,21
10/4/2018 16:02,WS Outbound-DCL Inbound,Union,37
10/4/2018 16:02,WS Outbound-DCL Inbound,Leroy St and Chestnut IB,21
10/4/2018 16:02,WS Outbound-DCL Inbound,Union,37
10/4/2018 16:02,WS Outbound-DCL Inbound,Union,37
10/4/2018 16:02,WS Outbound-DCL Inbound,Leroy St and Chestnut IB,21
10/4/2018 16:02,WS Outbound-DCL Inbound,Union,37
10/4/2018 16:02,WS Outbound-DCL Inbound,Union,37
10/4/2018 16:02,WS Outbound-DCL Inbound,Union,37
10/4/2018 16:02,WS Outbound-DCL Inbound,Union,37
10/4/2018 16:02,WS Outbound-DCL Inbound,Union,37
10/4/2018 16:02,WS Outbound-DCL Inbound,Union,37
10/4/2018 16:02,WS Outbound-DCL Inbound,Union,37
10/4/2018 16:03,WS Outbound-DCL Inbound,Union,37
10/4/2018 16:03,WS Outbound-DCL Inbound,Union,37
10/4/2018 16:03,WS Outbound-DCL Inbound,Union,37
10/4/2018 16:06,WS Outbound-DCL Inbound,Physical Facilities,37
10/4/2018 16:06,WS Outbound-DCL Inbound,Denny''s,37
10/4/2018 16:28,WS Outbound-DCL Inbound,UDC,37
10/4/2018 16:28,WS Outbound-DCL Inbound,UDC,37
10/4/2018 16:28,WS Outbound-DCL Inbound,UDC,37
10/4/2018 16:28,WS Outbound-DCL Inbound,UDC,37
10/4/2018 16:28,WS Outbound-DCL Inbound,UDC,37
10/4/2018 16:28,WS Outbound-DCL Inbound,Union,43
10/4/2018 16:28,WS Outbound-DCL Inbound,Union,43
10/4/2018 16:28,WS Outbound-DCL Inbound,Union,43
10/4/2018 16:28,WS Outbound-DCL Inbound,Union,43
10/4/2018 16:28,WS Outbound-DCL Inbound,Union,43
10/4/2018 16:28,WS Outbound-DCL Inbound,Union,43
10/4/2018 16:28,WS Outbound-DCL Inbound,Union,43
10/4/2018 16:28,WS Outbound-DCL Inbound,Union,43
10/4/2018 16:28,WS Outbound-DCL Inbound,Union,43
10/4/2018 16:28,WS Outbound-DCL Inbound,Union,43
10/4/2018 16:29,WS Outbound-DCL Inbound,Union,43
10/4/2018 16:29,WS Outbound-DCL Inbound,Union,43
10/4/2018 16:29,WS Outbound-DCL Inbound,Union,43
10/4/2018 16:29,WS Outbound-DCL Inbound,Union,43
10/4/2018 16:29,WS Outbound-DCL Inbound,Union,43
10/4/2018 16:29,WS Outbound-DCL Inbound,Union,43
10/4/2018 16:29,WS Outbound-DCL Inbound,Union,43
10/4/2018 16:29,WS Outbound-DCL Inbound,Union,43
10/4/2018 16:29,WS Outbound-DCL Inbound,Union,43
10/4/2018 16:29,WS Outbound-DCL Inbound,Union,43
10/4/2018 16:29,WS Outbound-DCL Inbound,Union,43
10/4/2018 16:29,WS Outbound-DCL Inbound,UDC,37
10/4/2018 16:29,WS Outbound-DCL Inbound,Union,43
10/4/2018 16:29,WS Outbound-DCL Inbound,UDC,37
10/4/2018 16:29,WS Outbound-DCL Inbound,Union,43
10/4/2018 16:29,WS Outbound-DCL Inbound,Union,43
10/4/2018 16:29,WS Outbound-DCL Inbound,Union,43
10/4/2018 16:29,WS Outbound-DCL Inbound,Union,43
10/4/2018 16:29,WS Outbound-DCL Inbound,Union,43
10/4/2018 16:29,WS Outbound-DCL Inbound,Union,43
10/4/2018 16:29,WS Outbound-DCL Inbound,Union,43
10/4/2018 16:29,WS Outbound-DCL Inbound,Union,43
10/4/2018 16:30,WS Outbound-DCL Inbound,Union,43
10/4/2018 16:30,WS Outbound-DCL Inbound,Union,43
10/4/2018 16:30,WS Outbound-DCL Inbound,Union,43
10/4/2018 16:30,WS Outbound-DCL Inbound,Union,43
10/4/2018 16:30,WS Outbound-DCL Inbound,Union,43
10/4/2018 16:30,WS Outbound-DCL Inbound,UDC,37
10/4/2018 16:30,WS Outbound-DCL Inbound,Union,43
10/4/2018 16:30,WS Outbound-DCL Inbound,Union,43
10/4/2018 16:31,WS Outbound-DCL Inbound,Union,43
10/4/2018 16:31,WS Outbound-DCL Inbound,Union,43
10/4/2018 16:31,WS Outbound-DCL Inbound,UDC,37
10/4/2018 16:32,WS Outbound-DCL Inbound,UDC,37
10/4/2018 16:33,WS Outbound-DCL Inbound,Physical Facilities,43
10/4/2018 16:48,WS Outbound-DCL Inbound,Main and Clarke OB,43
10/4/2018 16:49,WS Outbound-DCL Inbound,Union,526
10/4/2018 16:49,WS Outbound-DCL Inbound,Union,526
10/4/2018 16:49,WS Outbound-DCL Inbound,Union,526
10/4/2018 16:49,WS Outbound-DCL Inbound,Union,526
10/4/2018 16:49,WS Outbound-DCL Inbound,Union,526
10/4/2018 16:49,WS Outbound-DCL Inbound,Union,526
10/4/2018 16:49,WS Outbound-DCL Inbound,Union,526
10/4/2018 16:49,WS Outbound-DCL Inbound,Union,526
10/4/2018 16:49,WS Outbound-DCL Inbound,Union,526
10/4/2018 16:49,WS Outbound-DCL Inbound,Union,526
10/4/2018 16:50,WS Outbound-DCL Inbound,Union,526
10/4/2018 16:50,WS Outbound-DCL Inbound,Union,526
10/4/2018 16:50,WS Outbound-DCL Inbound,Union,526
10/4/2018 16:50,WS Outbound-DCL Inbound,Union,526
10/4/2018 16:50,WS Outbound-DCL Inbound,Main and Arthur,43
10/4/2018 16:51,WS Outbound-DCL Inbound,Union,526
10/4/2018 16:54,WS Outbound-DCL Inbound,Denny''s,526
10/4/2018 16:54,WS Outbound-DCL Inbound,Beethoven and Leroy,890
10/4/2018 16:55,WS Outbound-DCL Inbound,Riverside and Beethoven,890
10/4/2018 16:56,WS Outbound-DCL Inbound,UDC,43
10/4/2018 16:56,WS Outbound-DCL Inbound,UDC,43
10/4/2018 16:56,WS Outbound-DCL Inbound,UDC,43
10/4/2018 16:58,WS Outbound-DCL Inbound,Floral and Burbank OB,526
10/4/2018 16:58,WS Outbound-DCL Inbound,Floral and Burbank OB,526
10/4/2018 16:59,WS Outbound-DCL Inbound,Union,889
10/4/2018 16:59,WS Outbound-DCL Inbound,Union,889
10/4/2018 17:00,WS Outbound-DCL Inbound,Union,889
10/4/2018 17:00,WS Outbound-DCL Inbound,Union,889
10/4/2018 17:00,WS Outbound-DCL Inbound,Union,889
10/4/2018 17:00,WS Outbound-DCL Inbound,Union,889
10/4/2018 17:00,WS Outbound-DCL Inbound,Union,889
10/4/2018 17:00,WS Outbound-DCL Inbound,Union,889
10/4/2018 17:00,WS Outbound-DCL Inbound,Union,889
10/4/2018 17:00,WS Outbound-DCL Inbound,Union,889
10/4/2018 17:00,WS Outbound-DCL Inbound,Union,889
10/4/2018 17:00,WS Outbound-DCL Inbound,Union,889
10/4/2018 17:00,WS Outbound-DCL Inbound,Union,889
10/4/2018 17:00,WS Outbound-DCL Inbound,Union,889
10/4/2018 17:00,WS Outbound-DCL Inbound,Union,889
10/4/2018 17:00,WS Outbound-DCL Inbound,Union,889
10/4/2018 17:00,WS Outbound-DCL Inbound,Union,889
10/4/2018 17:00,WS Outbound-DCL Inbound,Union,889
10/4/2018 17:00,WS Outbound-DCL Inbound,Union,889
10/4/2018 17:02,WS Outbound-DCL Inbound,Main and Helen OB,526
10/4/2018 17:02,WS Outbound-DCL Inbound,Main and Helen OB,526
10/4/2018 17:02,WS Outbound-DCL Inbound,Main and Helen OB,526
10/4/2018 17:05,WS Outbound-DCL Inbound,Union,890
10/4/2018 17:05,WS Outbound-DCL Inbound,Union,890
10/4/2018 17:06,WS Outbound-DCL Inbound,Union,890
10/4/2018 17:06,WS Outbound-DCL Inbound,Union,890
10/4/2018 17:06,WS Outbound-DCL Inbound,Union,890
10/4/2018 17:06,WS Outbound-DCL Inbound,Union,890
10/4/2018 17:06,WS Outbound-DCL Inbound,Union,890
10/4/2018 17:06,WS Outbound-DCL Inbound,Union,890
10/4/2018 17:06,WS Outbound-DCL Inbound,Union,890
10/4/2018 17:06,WS Outbound-DCL Inbound,Union,890
10/4/2018 17:07,WS Outbound-DCL Inbound,Main and Murray OB,526
10/4/2018 17:13,WS Outbound-DCL Inbound,Union,891
10/4/2018 17:13,WS Outbound-DCL Inbound,Union,891
10/4/2018 17:13,WS Outbound-DCL Inbound,Union,891
10/4/2018 17:13,WS Outbound-DCL Inbound,Union,891
10/4/2018 17:13,WS Outbound-DCL Inbound,Leroy St and Front,526
10/4/2018 17:13,WS Outbound-DCL Inbound,Union,891
10/4/2018 17:13,WS Outbound-DCL Inbound,Union,891
10/4/2018 17:13,WS Outbound-DCL Inbound,Union,891
10/4/2018 17:13,WS Outbound-DCL Inbound,Union,891
10/4/2018 17:13,WS Outbound-DCL Inbound,Union,891
10/4/2018 17:14,WS Outbound-DCL Inbound,Leroy St and Murray IB,526
10/4/2018 17:14,WS Outbound-DCL Inbound,Leroy St and Murray IB,526
10/4/2018 17:14,WS Outbound-DCL Inbound,Leroy St and Murray IB,526
10/4/2018 17:14,WS Outbound-DCL Inbound,Floral and Burbank OB,889
10/4/2018 17:14,WS Outbound-DCL Inbound,Union,891
10/4/2018 17:15,WS Outbound-DCL Inbound,Leroy St and Chestnut OB,526
10/4/2018 17:15,WS Outbound-DCL Inbound,Leroy St and Chestnut OB,526
10/4/2018 17:16,WS Outbound-DCL Inbound,Union,891
10/4/2018 17:16,WS Outbound-DCL Inbound,Beethoven and Leroy,526
10/4/2018 17:21,WS Outbound-DCL Inbound,Oakdale Mall,890
10/4/2018 17:21,WS Outbound-DCL Inbound,Oakdale Mall,890
10/4/2018 17:21,WS Outbound-DCL Inbound,Oakdale Mall,890
10/4/2018 17:21,WS Outbound-DCL Inbound,Oakdale Mall,890
10/4/2018 17:21,WS Outbound-DCL Inbound,Oakdale Mall,890
10/4/2018 17:21,WS Outbound-DCL Inbound,Main and Arthur,889
10/4/2018 17:22,WS Outbound-DCL Inbound,Main and Arthur,889
10/4/2018 17:22,WS Outbound-DCL Inbound,Main and Arthur,889
10/4/2018 17:22,WS Outbound-DCL Inbound,Main and Arthur,889
10/4/2018 17:25,WS Outbound-DCL Inbound,Wegmans,890
10/4/2018 17:25,WS Outbound-DCL Inbound,Wegmans,890
10/4/2018 17:25,WS Outbound-DCL Inbound,Wegmans,890
10/4/2018 17:26,WS Outbound-DCL Inbound,Wegmans,890
10/4/2018 17:35,WS Outbound-DCL Inbound,Union,890
10/4/2018 17:35,WS Outbound-DCL Inbound,Union,890
10/4/2018 17:35,WS Outbound-DCL Inbound,Union,890
10/4/2018 17:35,WS Outbound-DCL Inbound,Union,890
10/4/2018 17:35,WS Outbound-DCL Inbound,Union,890
10/4/2018 17:35,WS Outbound-DCL Inbound,Union,890
10/4/2018 17:35,WS Outbound-DCL Inbound,Union,890
10/4/2018 17:35,WS Outbound-DCL Inbound,Union,890
10/4/2018 17:35,WS Outbound-DCL Inbound,Union,890
10/4/2018 17:35,WS Outbound-DCL Inbound,Union,890
10/4/2018 17:35,WS Outbound-DCL Inbound,Union,890
10/4/2018 17:35,WS Outbound-DCL Inbound,Union,890
10/4/2018 17:35,WS Outbound-DCL Inbound,Union,890
10/4/2018 17:36,WS Outbound-DCL Inbound,Union,890
10/4/2018 17:36,WS Outbound-DCL Inbound,Union,890
10/4/2018 17:36,WS Outbound-DCL Inbound,Union,890
10/4/2018 17:36,WS Outbound-DCL Inbound,Union,890
10/4/2018 17:36,WS Outbound-DCL Inbound,Union,890
10/4/2018 17:36,WS Outbound-DCL Inbound,Union,890
10/4/2018 17:36,WS Outbound-DCL Inbound,Union,890
10/4/2018 17:36,WS Outbound-DCL Inbound,Union,890
10/4/2018 17:36,WS Outbound-DCL Inbound,Union,890
10/4/2018 17:36,WS Outbound-DCL Inbound,Union,890
10/4/2018 17:36,WS Outbound-DCL Inbound,Union,890
10/4/2018 17:36,WS Outbound-DCL Inbound,Union,890
10/4/2018 17:36,WS Outbound-DCL Inbound,Union,890
10/4/2018 17:36,WS Outbound-DCL Inbound,Union,890
10/4/2018 17:36,WS Outbound-DCL Inbound,Union,890
10/4/2018 17:36,WS Outbound-DCL Inbound,Union,890
10/4/2018 17:36,WS Outbound-DCL Inbound,UDC,891
10/4/2018 17:36,WS Outbound-DCL Inbound,UDC,891
10/4/2018 17:36,WS Outbound-DCL Inbound,UDC,891
10/4/2018 17:37,WS Outbound-DCL Inbound,UDC,891
10/4/2018 17:38,WS Outbound-DCL Inbound,UDC,891
10/4/2018 17:39,WS Outbound-DCL Inbound,UDC,891
10/4/2018 17:40,WS Outbound-DCL Inbound,UDC,891
10/4/2018 17:40,WS Outbound-DCL Inbound,Denny's OB,890
10/4/2018 17:40,WS Outbound-DCL Inbound,Union,889
10/4/2018 17:40,WS Outbound-DCL Inbound,Union,889
10/4/2018 17:40,WS Outbound-DCL Inbound,Union,889
10/4/2018 17:40,WS Outbound-DCL Inbound,Union,889
10/4/2018 17:40,WS Outbound-DCL Inbound,Union,889
10/4/2018 17:41,WS Outbound-DCL Inbound,Union,889
10/4/2018 17:41,WS Outbound-DCL Inbound,Union,889
10/4/2018 17:41,WS Outbound-DCL Inbound,Union,889
10/4/2018 17:41,WS Outbound-DCL Inbound,Union,889
10/4/2018 17:42,WS Outbound-DCL Inbound,Union,889
10/4/2018 17:42,WS Outbound-DCL Inbound,Union,889
10/4/2018 17:42,WS Outbound-DCL Inbound,Union,889
10/4/2018 17:42,WS Outbound-DCL Inbound,Union,889
10/4/2018 17:43,WS Outbound-DCL Inbound,Union,889
10/4/2018 17:43,WS Outbound-DCL Inbound,Union,889
10/4/2018 17:43,WS Outbound-DCL Inbound,Union,889
10/4/2018 17:44,WS Outbound-DCL Inbound,Union,889
10/4/2018 17:45,WS Outbound-DCL Inbound,Union,889
10/4/2018 17:45,WS Outbound-DCL Inbound,Leroy St and Murray OB,891
10/4/2018 17:45,WS Outbound-DCL Inbound,Leroy St and Murray OB,891
10/4/2018 17:45,WS Outbound-DCL Inbound,Leroy St and Murray OB,891
10/4/2018 17:45,WS Outbound-DCL Inbound,Leroy St and Murray OB,891
10/4/2018 17:45,WS Outbound-DCL Inbound,Leroy St and Murray OB,891
10/4/2018 17:45,WS Outbound-DCL Inbound,Leroy St and Murray OB,891
10/4/2018 17:45,WS Outbound-DCL Inbound,Leroy St and Murray OB,891
10/4/2018 17:46,WS Outbound-DCL Inbound,Leroy St and Chestnut IB,891
10/4/2018 17:46,WS Outbound-DCL Inbound,Leroy St and Chestnut IB,891
10/4/2018 17:46,WS Outbound-DCL Inbound,Leroy St and Chestnut IB,891
10/4/2018 17:46,WS Outbound-DCL Inbound,Leroy St and Chestnut IB,891
10/4/2018 17:46,WS Outbound-DCL Inbound,Leroy St and Chestnut IB,891
10/4/2018 17:46,WS Outbound-DCL Inbound,Leroy St and Chestnut IB,891
10/4/2018 17:47,WS Outbound-DCL Inbound,Physical Facilities OB,889
10/4/2018 17:48,WS Outbound-DCL Inbound,Denny's OB,889
10/4/2018 17:48,WS Outbound-DCL Inbound,Denny's OB,889
10/4/2018 17:53,WS Outbound-DCL Inbound,Main and Arthur,890
10/4/2018 17:57,WS Outbound-DCL Inbound,UDC,890
10/4/2018 17:58,WS Outbound-DCL Inbound,UDC,890
10/4/2018 17:58,WS Outbound-DCL Inbound,Main and Helen OB,889
10/4/2018 17:59,WS Outbound-DCL Inbound,Main and Schiller OB,889
10/4/2018 17:59,WS Outbound-DCL Inbound,Main and Schiller OB,889
10/4/2018 17:59,WS Outbound-DCL Inbound,Main and Schiller OB,889
10/4/2018 17:59,WS Outbound-DCL Inbound,Main and Schiller OB,889
10/4/2018 17:59,WS Outbound-DCL Inbound,Main and Schiller OB,889
10/4/2018 18:00,WS Outbound-DCL Inbound,Academic A,37
10/4/2018 18:02,WS Outbound-DCL Inbound,Main and Murray OB,889
10/4/2018 18:03,WS Outbound-DCL Inbound,Union,37
10/4/2018 18:03,WS Outbound-DCL Inbound,Union,37
10/4/2018 18:03,WS Outbound-DCL Inbound,Union,37
10/4/2018 18:03,WS Outbound-DCL Inbound,Union,37
10/4/2018 18:03,WS Outbound-DCL Inbound,Union,37
10/4/2018 18:03,WS Outbound-DCL Inbound,Union,37
10/4/2018 18:03,WS Outbound-DCL Inbound,Union,37
10/4/2018 18:03,WS Outbound-DCL Inbound,Union,37
10/4/2018 18:03,WS Outbound-DCL Inbound,Union,37
10/4/2018 18:03,WS Outbound-DCL Inbound,Union,37
10/4/2018 18:03,WS Outbound-DCL Inbound,Union,37
10/4/2018 18:03,WS Outbound-DCL Inbound,Union,37
10/4/2018 18:03,WS Outbound-DCL Inbound,Union,37
10/4/2018 18:03,WS Outbound-DCL Inbound,Union,37
10/4/2018 18:03,WS Outbound-DCL Inbound,Union,37
10/4/2018 18:03,WS Outbound-DCL Inbound,Union,37
10/4/2018 18:03,WS Outbound-DCL Inbound,Union,37
10/4/2018 18:03,WS Outbound-DCL Inbound,Union,37
10/4/2018 18:03,WS Outbound-DCL Inbound,Union,37
10/4/2018 18:03,WS Outbound-DCL Inbound,Union,37
10/4/2018 18:03,WS Outbound-DCL Inbound,Union,37
10/4/2018 18:03,WS Outbound-DCL Inbound,Union,37
10/4/2018 18:03,WS Outbound-DCL Inbound,Union,37
10/4/2018 18:03,WS Outbound-DCL Inbound,Union,37
10/4/2018 18:03,WS Outbound-DCL Inbound,Union,37
10/4/2018 18:03,WS Outbound-DCL Inbound,Union,37
10/4/2018 18:03,WS Outbound-DCL Inbound,Union,37
10/4/2018 18:04,WS Outbound-DCL Inbound,Union,37
10/4/2018 18:04,WS Outbound-DCL Inbound,Union,37
10/4/2018 18:04,WS Outbound-DCL Inbound,Union,37
10/4/2018 18:04,WS Outbound-DCL Inbound,Union,37
10/4/2018 18:04,WS Outbound-DCL Inbound,Union,37
10/4/2018 18:04,WS Outbound-DCL Inbound,Union,37
10/4/2018 18:04,WS Outbound-DCL Inbound,Union,37
10/4/2018 18:04,WS Outbound-DCL Inbound,Union,37
10/4/2018 18:04,WS Outbound-DCL Inbound,Union,37
10/4/2018 18:04,WS Outbound-DCL Inbound,Union,37
10/4/2018 18:04,WS Outbound-DCL Inbound,Union,37
10/4/2018 18:04,WS Outbound-DCL Inbound,Union,37
10/4/2018 18:04,WS Outbound-DCL Inbound,Union,37
10/4/2018 18:04,WS Outbound-DCL Inbound,Union,37
10/4/2018 18:04,WS Outbound-DCL Inbound,Union,37
10/4/2018 18:04,WS Outbound-DCL Inbound,Union,37
10/4/2018 18:04,WS Outbound-DCL Inbound,Union,37
10/4/2018 18:04,WS Outbound-DCL Inbound,Union,37
10/4/2018 18:05,WS Outbound-DCL Inbound,Union,37
10/4/2018 18:08,WS Outbound-DCL Inbound,Physical Facilities,37
10/4/2018 18:12,WS Outbound-DCL Inbound,Union,890
10/4/2018 18:12,WS Outbound-DCL Inbound,Union,890
10/4/2018 18:12,WS Outbound-DCL Inbound,Union,890
10/4/2018 18:12,WS Outbound-DCL Inbound,Union,890
10/4/2018 18:12,WS Outbound-DCL Inbound,Union,890
10/4/2018 18:12,WS Outbound-DCL Inbound,Union,890
10/4/2018 18:12,WS Outbound-DCL Inbound,Union,890
10/4/2018 18:12,WS Outbound-DCL Inbound,Union,890
10/4/2018 18:12,WS Outbound-DCL Inbound,Union,890
10/4/2018 18:12,WS Outbound-DCL Inbound,Union,890
10/4/2018 18:12,WS Outbound-DCL Inbound,Union,890
10/4/2018 18:12,WS Outbound-DCL Inbound,Union,890
10/4/2018 18:12,WS Outbound-DCL Inbound,Union,890
10/4/2018 18:12,WS Outbound-DCL Inbound,Union,890
10/4/2018 18:13,WS Outbound-DCL Inbound,Union,890
10/4/2018 18:13,WS Outbound-DCL Inbound,Union,890
10/4/2018 18:14,WS Outbound-DCL Inbound,Union,890
10/4/2018 18:14,WS Outbound-DCL Inbound,Union,890
10/4/2018 18:14,WS Outbound-DCL Inbound,Union,890
10/4/2018 18:14,WS Outbound-DCL Inbound,Union,890
10/4/2018 18:14,WS Outbound-DCL Inbound,Leroy St and Murray IB,889
10/4/2018 18:14,WS Outbound-DCL Inbound,Leroy St and Murray IB,889
10/4/2018 18:14,WS Outbound-DCL Inbound,Leroy St and Murray IB,889
10/4/2018 18:15,WS Outbound-DCL Inbound,Leroy St and Murray IB,889
10/4/2018 18:15,WS Outbound-DCL Inbound,Leroy St and Chestnut IB,889
10/4/2018 18:15,WS Outbound-DCL Inbound,Leroy St and Chestnut IB,889
10/4/2018 18:15,WS Outbound-DCL Inbound,Leroy St and Chestnut IB,889
10/4/2018 18:16,WS Outbound-DCL Inbound,Leroy St and Chestnut IB,889
10/4/2018 18:16,WS Outbound-DCL Inbound,Union,890
10/4/2018 18:17,WS Outbound-DCL Inbound,Union,890
10/4/2018 18:17,WS Outbound-DCL Inbound,Union,890
10/4/2018 18:17,WS Outbound-DCL Inbound,Union,890
10/4/2018 18:17,WS Outbound-DCL Inbound,Union,890
10/4/2018 18:17,WS Outbound-DCL Inbound,Union,890
10/4/2018 18:18,WS Outbound-DCL Inbound,Union,527
10/4/2018 18:18,WS Outbound-DCL Inbound,Union,527
10/4/2018 18:18,WS Outbound-DCL Inbound,Union,527
10/4/2018 18:18,WS Outbound-DCL Inbound,Union,527
10/4/2018 18:18,WS Outbound-DCL Inbound,Union,527
10/4/2018 18:18,WS Outbound-DCL Inbound,Union,527
10/4/2018 18:18,WS Outbound-DCL Inbound,Union,527
10/4/2018 18:18,WS Outbound-DCL Inbound,Union,527
10/4/2018 18:18,WS Outbound-DCL Inbound,Union,527
10/4/2018 18:18,WS Outbound-DCL Inbound,Union,527
10/4/2018 18:18,WS Outbound-DCL Inbound,Union,527
10/4/2018 18:18,WS Outbound-DCL Inbound,Union,527
10/4/2018 18:18,WS Outbound-DCL Inbound,Union,527
10/4/2018 18:18,WS Outbound-DCL Inbound,Union,527
10/4/2018 18:18,WS Outbound-DCL Inbound,Union,527
10/4/2018 18:18,WS Outbound-DCL Inbound,Union,890
10/4/2018 18:18,WS Outbound-DCL Inbound,Union,527
10/4/2018 18:18,WS Outbound-DCL Inbound,Union,890
10/4/2018 18:18,WS Outbound-DCL Inbound,Union,890
10/4/2018 18:19,WS Outbound-DCL Inbound,Union,890
10/4/2018 18:19,WS Outbound-DCL Inbound,Union,890
10/4/2018 18:19,WS Outbound-DCL Inbound,Union,890
10/4/2018 18:19,WS Outbound-DCL Inbound,Union,890
10/4/2018 18:19,WS Outbound-DCL Inbound,Union,890
10/4/2018 18:19,WS Outbound-DCL Inbound,Union,890
10/4/2018 18:27,WS Outbound-DCL Inbound,Mohawk,889
10/4/2018 18:30,WS Outbound-DCL Inbound,UDC,37
10/4/2018 18:30,WS Outbound-DCL Inbound,UDC,37
10/4/2018 18:30,WS Outbound-DCL Inbound,UDC,37
10/4/2018 18:30,WS Outbound-DCL Inbound,Main and Helen OB,527
10/4/2018 18:30,WS Outbound-DCL Inbound,UDC,37
10/4/2018 18:30,WS Outbound-DCL Inbound,Main and Helen OB,527
10/4/2018 18:30,WS Outbound-DCL Inbound,UDC,37
10/4/2018 18:35,WS Outbound-DCL Inbound,Union,526
10/4/2018 18:35,WS Outbound-DCL Inbound,Union,526
10/4/2018 18:35,WS Outbound-DCL Inbound,Union,526
10/4/2018 18:35,WS Outbound-DCL Inbound,Union,526
10/4/2018 18:35,WS Outbound-DCL Inbound,Union,526
10/4/2018 18:35,WS Outbound-DCL Inbound,Union,526
10/4/2018 18:35,WS Outbound-DCL Inbound,Union,526
10/4/2018 18:35,WS Outbound-DCL Inbound,Union,526
10/4/2018 18:35,WS Outbound-DCL Inbound,Union,526
10/4/2018 18:35,WS Outbound-DCL Inbound,Union,526
10/4/2018 18:35,WS Outbound-DCL Inbound,Union,526
10/4/2018 18:35,WS Outbound-DCL Inbound,Union,526
10/4/2018 18:35,WS Outbound-DCL Inbound,Union,526
10/4/2018 18:35,WS Outbound-DCL Inbound,Union,526
10/4/2018 18:35,WS Outbound-DCL Inbound,Union,526
10/4/2018 18:35,WS Outbound-DCL Inbound,Union,526
10/4/2018 18:35,WS Outbound-DCL Inbound,Union,526
10/4/2018 18:35,WS Outbound-DCL Inbound,Main and Murray OB,527
10/4/2018 18:35,WS Outbound-DCL Inbound,Union,526
10/4/2018 18:35,WS Outbound-DCL Inbound,Union,526
10/4/2018 18:36,WS Outbound-DCL Inbound,Union,526
10/4/2018 18:39,WS Outbound-DCL Inbound,UDC,527
10/4/2018 18:39,WS Outbound-DCL Inbound,UDC,527
10/4/2018 18:40,WS Outbound-DCL Inbound,UDC,527
10/4/2018 18:43,WS Outbound-DCL Inbound,Leroy St and Murray IB,527
10/4/2018 18:43,WS Outbound-DCL Inbound,Leroy St and Murray IB,527
10/4/2018 18:43,WS Outbound-DCL Inbound,Leroy St and Murray IB,527
10/4/2018 18:44,WS Outbound-DCL Inbound,Leroy St and Chestnut IB,527
10/4/2018 18:44,WS Outbound-DCL Inbound,Leroy St and Chestnut IB,527
10/4/2018 18:48,WS Outbound-DCL Inbound,Main and Helen OB,526
10/4/2018 18:49,WS Outbound-DCL Inbound,Union,37
10/4/2018 18:49,WS Outbound-DCL Inbound,Union,37
10/4/2018 18:49,WS Outbound-DCL Inbound,Union,37
10/4/2018 18:49,WS Outbound-DCL Inbound,Union,37
10/4/2018 18:49,WS Outbound-DCL Inbound,Union,37
10/4/2018 18:49,WS Outbound-DCL Inbound,Union,37
10/4/2018 18:49,WS Outbound-DCL Inbound,Union,37
10/4/2018 18:49,WS Outbound-DCL Inbound,Union,37
10/4/2018 18:50,WS Outbound-DCL Inbound,Union,37
10/4/2018 18:50,WS Outbound-DCL Inbound,Union,37
10/4/2018 18:50,WS Outbound-DCL Inbound,Union,37
10/4/2018 18:50,WS Outbound-DCL Inbound,Union,37
10/4/2018 18:50,WS Outbound-DCL Inbound,Union,37
10/4/2018 18:50,WS Outbound-DCL Inbound,Union,37
10/4/2018 18:50,WS Outbound-DCL Inbound,Union,37
10/4/2018 18:50,WS Outbound-DCL Inbound,Union,37
10/4/2018 18:50,WS Outbound-DCL Inbound,Union,37
10/4/2018 18:50,WS Outbound-DCL Inbound,Union,37
10/4/2018 18:50,WS Outbound-DCL Inbound,Union,37
10/4/2018 18:50,WS Outbound-DCL Inbound,Union,37
10/4/2018 18:51,WS Outbound-DCL Inbound,Union,37
10/4/2018 18:57,WS Outbound-DCL Inbound,UDC,526
10/4/2018 18:57,WS Outbound-DCL Inbound,UDC,526
10/4/2018 18:57,WS Outbound-DCL Inbound,UDC,526
10/4/2018 18:57,WS Outbound-DCL Inbound,UDC,526
10/4/2018 18:57,WS Outbound-DCL Inbound,UDC,526
10/4/2018 18:58,WS Outbound-DCL Inbound,UDC,526
10/4/2018 18:58,WS Outbound-DCL Inbound,Union,43
10/4/2018 18:58,WS Outbound-DCL Inbound,Union,43
10/4/2018 18:58,WS Outbound-DCL Inbound,Union,43
10/4/2018 18:59,WS Outbound-DCL Inbound,Union,43
10/4/2018 18:59,WS Outbound-DCL Inbound,Union,43
10/4/2018 18:59,WS Outbound-DCL Inbound,Union,43
10/4/2018 18:59,WS Outbound-DCL Inbound,Union,43
10/4/2018 18:59,WS Outbound-DCL Inbound,Union,43
10/4/2018 18:59,WS Outbound-DCL Inbound,Union,43
10/4/2018 18:59,WS Outbound-DCL Inbound,Union,43
10/4/2018 18:59,WS Outbound-DCL Inbound,Union,43
10/4/2018 18:59,WS Outbound-DCL Inbound,Union,43
10/4/2018 18:59,WS Outbound-DCL Inbound,Union,43
10/4/2018 18:59,WS Outbound-DCL Inbound,Union,43
10/4/2018 18:59,WS Outbound-DCL Inbound,Union,43
10/4/2018 19:00,WS Outbound-DCL Inbound,Union,43
10/4/2018 19:01,WS Outbound-DCL Inbound,Union,43
10/4/2018 19:01,WS Outbound-DCL Inbound,Union,43
10/4/2018 19:02,WS Outbound-DCL Inbound,Union,43
10/4/2018 19:02,WS Outbound-DCL Inbound,Union,43
10/4/2018 19:03,WS Outbound-DCL Inbound,Union,43
10/4/2018 19:04,WS Outbound-DCL Inbound,Union,43
10/4/2018 19:04,WS Outbound-DCL Inbound,Main and Clarke IB,37
10/4/2018 19:04,WS Outbound-DCL Inbound,Main and Clarke IB,37
10/4/2018 19:05,WS Outbound-DCL Inbound,Union,43
10/4/2018 19:05,WS Outbound-DCL Inbound,Main and Cedar OB,37
10/4/2018 19:05,WS Outbound-DCL Inbound,Main and Cedar OB,37
10/4/2018 19:06,WS Outbound-DCL Inbound,Union,43
10/4/2018 19:07,WS Outbound-DCL Inbound,Union,43
10/4/2018 19:08,WS Outbound-DCL Inbound,Union,43
10/4/2018 19:11,WS Outbound-DCL Inbound,UDC,37
10/4/2018 19:11,WS Outbound-DCL Inbound,UDC,37
10/4/2018 19:16,WS Outbound-DCL Inbound,Floral and Roberts IB,43
10/4/2018 19:16,WS Outbound-DCL Inbound,Floral and Roberts IB,43
10/4/2018 19:17,WS Outbound-DCL Inbound,UDC,37
10/4/2018 19:21,WS Outbound-DCL Inbound,Main and Schiller OB,43
10/4/2018 19:22,WS Outbound-DCL Inbound,Main and Clarke OB,43
10/4/2018 19:22,WS Outbound-DCL Inbound,Main and Clarke OB,43
10/4/2018 19:22,WS Outbound-DCL Inbound,Main and Clarke OB,43
10/4/2018 19:25,WS Outbound-DCL Inbound,Main and Murray OB,43
10/4/2018 19:26,WS Outbound-DCL Inbound,Leroy St and Chestnut OB,37
10/4/2018 19:26,WS Outbound-DCL Inbound,Leroy St and Chestnut OB,37
10/4/2018 19:26,WS Outbound-DCL Inbound,Leroy St and Chestnut OB,37
10/4/2018 19:26,WS Outbound-DCL Inbound,Leroy St and Chestnut OB,37
10/4/2018 19:29,WS Outbound-DCL Inbound,UDC,43
10/4/2018 19:32,WS Outbound-DCL Inbound,Leroy St and Front,43
10/4/2018 19:32,WS Outbound-DCL Inbound,Leroy St and Front,43
10/4/2018 19:33,WS Outbound-DCL Inbound,Leroy St and Murray IB,43
10/4/2018 19:33,WS Outbound-DCL Inbound,Leroy St and Murray IB,43
10/4/2018 19:33,WS Outbound-DCL Inbound,Leroy St and Murray IB,43
10/4/2018 19:33,WS Outbound-DCL Inbound,Leroy St and Murray IB,43
10/4/2018 19:36,WS Outbound-DCL Inbound,Union,527
10/4/2018 19:36,WS Outbound-DCL Inbound,Union,527
10/4/2018 19:36,WS Outbound-DCL Inbound,Union,527
10/4/2018 19:36,WS Outbound-DCL Inbound,Union,527
10/4/2018 19:36,WS Outbound-DCL Inbound,Union,527
10/4/2018 19:36,WS Outbound-DCL Inbound,Union,527
10/4/2018 19:36,WS Outbound-DCL Inbound,Union,527
10/4/2018 19:36,WS Outbound-DCL Inbound,Union,527
10/4/2018 19:37,WS Outbound-DCL Inbound,Union,527
10/4/2018 19:37,WS Outbound-DCL Inbound,Union,527
10/4/2018 19:37,WS Outbound-DCL Inbound,Union,527
10/4/2018 19:37,WS Outbound-DCL Inbound,Union,527
10/4/2018 19:37,WS Outbound-DCL Inbound,Union,527
10/4/2018 19:37,WS Outbound-DCL Inbound,Union,527
10/4/2018 19:37,WS Outbound-DCL Inbound,Union,527
10/4/2018 19:37,WS Outbound-DCL Inbound,Union,527
10/4/2018 19:37,WS Outbound-DCL Inbound,Union,527
10/4/2018 19:37,WS Outbound-DCL Inbound,Union,527
10/4/2018 19:37,WS Outbound-DCL Inbound,Union,527
10/4/2018 19:37,WS Outbound-DCL Inbound,Union,527
10/4/2018 19:37,WS Outbound-DCL Inbound,Union,527
10/4/2018 19:37,WS Outbound-DCL Inbound,Union,527
10/4/2018 19:37,WS Outbound-DCL Inbound,Union,527
10/4/2018 19:37,WS Outbound-DCL Inbound,Union,527
10/4/2018 19:37,WS Outbound-DCL Inbound,Union,527
10/4/2018 19:37,WS Outbound-DCL Inbound,Union,527
10/4/2018 19:37,WS Outbound-DCL Inbound,Union,527
10/4/2018 19:37,WS Outbound-DCL Inbound,Union,527
10/4/2018 19:37,WS Outbound-DCL Inbound,Union,527
10/4/2018 19:37,WS Outbound-DCL Inbound,Union,527
10/4/2018 19:37,WS Outbound-DCL Inbound,Union,527
10/4/2018 19:37,WS Outbound-DCL Inbound,Union,527
10/4/2018 19:37,WS Outbound-DCL Inbound,Union,527
10/4/2018 19:37,WS Outbound-DCL Inbound,Union,527
10/4/2018 19:37,WS Outbound-DCL Inbound,Union,527
10/4/2018 19:37,WS Outbound-DCL Inbound,Union,527
10/4/2018 19:38,WS Outbound-DCL Inbound,Union,527
10/4/2018 19:38,WS Outbound-DCL Inbound,Union,527
10/4/2018 19:38,WS Outbound-DCL Inbound,Union,527
10/4/2018 19:38,WS Outbound-DCL Inbound,Union,527
10/4/2018 19:38,WS Outbound-DCL Inbound,Union,527
10/4/2018 19:38,WS Outbound-DCL Inbound,Union,527
10/4/2018 19:38,WS Outbound-DCL Inbound,Union,527
10/4/2018 19:38,WS Outbound-DCL Inbound,Union,527
10/4/2018 19:38,WS Outbound-DCL Inbound,Union,527
10/4/2018 19:38,WS Outbound-DCL Inbound,Union,527
10/4/2018 19:38,WS Outbound-DCL Inbound,Union,527
10/4/2018 19:38,WS Outbound-DCL Inbound,Union,527
10/4/2018 19:38,WS Outbound-DCL Inbound,Union,527
10/4/2018 19:38,WS Outbound-DCL Inbound,Union,527
10/4/2018 19:38,WS Outbound-DCL Inbound,Union,527
10/4/2018 19:38,WS Outbound-DCL Inbound,Union,527
10/4/2018 19:39,WS Outbound-DCL Inbound,Union,527
10/4/2018 19:44,WS Outbound-DCL Inbound,Union,526
10/4/2018 19:44,WS Outbound-DCL Inbound,Union,526
10/4/2018 19:44,WS Outbound-DCL Inbound,Union,526
10/4/2018 19:44,WS Outbound-DCL Inbound,Union,526
10/4/2018 19:44,WS Outbound-DCL Inbound,Union,526
10/4/2018 19:44,WS Outbound-DCL Inbound,Union,526
10/4/2018 19:44,WS Outbound-DCL Inbound,Union,526
10/4/2018 19:44,WS Outbound-DCL Inbound,Union,526
10/4/2018 19:44,WS Outbound-DCL Inbound,Union,526
10/4/2018 19:44,WS Outbound-DCL Inbound,Union,526
10/4/2018 19:44,WS Outbound-DCL Inbound,Union,526
10/4/2018 19:44,WS Outbound-DCL Inbound,Union,526
10/4/2018 19:44,WS Outbound-DCL Inbound,Union,526
10/4/2018 19:44,WS Outbound-DCL Inbound,Union,526
10/4/2018 19:45,WS Outbound-DCL Inbound,Union,526
10/4/2018 19:45,WS Outbound-DCL Inbound,Union,526
10/4/2018 19:45,WS Outbound-DCL Inbound,Union,526
10/4/2018 19:45,WS Outbound-DCL Inbound,Union,526
10/4/2018 19:45,WS Outbound-DCL Inbound,Union,526
10/4/2018 19:45,WS Outbound-DCL Inbound,Union,526
10/4/2018 19:46,WS Outbound-DCL Inbound,Union,526
10/4/2018 19:46,WS Outbound-DCL Inbound,Union,526
10/4/2018 19:48,WS Outbound-DCL Inbound,Physical Facilities,526
10/4/2018 19:54,WS Outbound-DCL Inbound,Main and Murray OB,527
10/4/2018 19:59,WS Outbound-DCL Inbound,UDC,527
10/4/2018 19:59,WS Outbound-DCL Inbound,UDC,527
10/4/2018 19:59,WS Outbound-DCL Inbound,UDC,527
