Start Date:10/19/2018 7:00 AM End Date:10/19/2018 8:00 PM,,,
DateTime,CorridorName,StopName,VehicleID
10/19/2018 7:10,WS Outbound-DCL Inbound,Union,526
10/19/2018 7:29,WS Outbound-DCL Inbound,Main and Helen OB,526
10/19/2018 7:31,WS Outbound-DCL Inbound,Main and Clarke OB,526
10/19/2018 7:32,WS Outbound-DCL Inbound,Main and Arthur,526
10/19/2018 7:36,WS Outbound-DCL Inbound,UDC,526
10/19/2018 7:36,WS Outbound-DCL Inbound,UDC,526
10/19/2018 7:38,WS Outbound-DCL Inbound,UDC,526
10/19/2018 7:42,WS Outbound-DCL Inbound,UDC,526
10/19/2018 7:44,WS Outbound-DCL Inbound,Leroy St and Murray IB,526
10/19/2018 7:44,WS Outbound-DCL Inbound,Leroy St and Murray IB,526
10/19/2018 7:44,WS Outbound-DCL Inbound,Leroy St and Murray IB,526
10/19/2018 7:44,WS Outbound-DCL Inbound,Leroy St and Murray IB,526
10/19/2018 7:45,WS Outbound-DCL Inbound,Leroy St and Chestnut IB,526
10/19/2018 7:45,WS Outbound-DCL Inbound,Leroy St and Chestnut IB,526
10/19/2018 7:45,WS Outbound-DCL Inbound,Leroy St and Chestnut IB,526
10/19/2018 7:45,WS Outbound-DCL Inbound,Leroy St and Chestnut IB,526
10/19/2018 7:45,WS Outbound-DCL Inbound,Leroy St and Chestnut IB,526
10/19/2018 7:45,WS Outbound-DCL Inbound,Leroy St and Chestnut IB,526
10/19/2018 7:45,WS Outbound-DCL Inbound,Leroy St and Chestnut IB,526
10/19/2018 7:45,WS Outbound-DCL Inbound,Leroy St and Chestnut IB,526
10/19/2018 7:46,WS Outbound-DCL Inbound,Leroy St and Chestnut IB,526
10/19/2018 7:47,WS Outbound-DCL Inbound,Beethoven and Leroy,526
10/19/2018 7:47,WS Outbound-DCL Inbound,Beethoven and Leroy,526
10/19/2018 7:50,WS Outbound-DCL Inbound,UDC,889
10/19/2018 7:50,WS Outbound-DCL Inbound,UDC,889
10/19/2018 7:50,WS Outbound-DCL Inbound,UDC,889
10/19/2018 7:51,WS Outbound-DCL Inbound,Riverside and Columbus IB,526
10/19/2018 7:51,WS Outbound-DCL Inbound,UDC,889
10/19/2018 7:53,WS Outbound-DCL Inbound,UDC,889
10/19/2018 7:55,WS Outbound-DCL Inbound,UDC,889
10/19/2018 7:57,WS Outbound-DCL Inbound,Leroy St and Front,889
10/19/2018 7:58,WS Outbound-DCL Inbound,Leroy St and Murray IB,889
10/19/2018 7:58,WS Outbound-DCL Inbound,Leroy St and Murray IB,889
10/19/2018 7:58,WS Outbound-DCL Inbound,Leroy St and Murray IB,889
10/19/2018 7:58,WS Outbound-DCL Inbound,Leroy St and Murray IB,889
10/19/2018 7:58,WS Outbound-DCL Inbound,Leroy St and Murray IB,889
10/19/2018 7:58,WS Outbound-DCL Inbound,Leroy St and Murray IB,889
10/19/2018 7:58,WS Outbound-DCL Inbound,Leroy St and Murray IB,889
10/19/2018 7:58,WS Outbound-DCL Inbound,Leroy St and Murray IB,889
10/19/2018 7:58,WS Outbound-DCL Inbound,Leroy St and Murray IB,889
10/19/2018 7:58,WS Outbound-DCL Inbound,Leroy St and Murray IB,889
10/19/2018 7:59,WS Outbound-DCL Inbound,Leroy St and Murray IB,889
10/19/2018 7:59,WS Outbound-DCL Inbound,Leroy St and Murray IB,889
10/19/2018 7:59,WS Outbound-DCL Inbound,Leroy St and Murray IB,889
10/19/2018 7:59,WS Outbound-DCL Inbound,Leroy St and Murray IB,889
10/19/2018 7:59,WS Outbound-DCL Inbound,Leroy St and Murray IB,889
10/19/2018 8:00,WS Outbound-DCL Inbound,Leroy St and Chestnut IB,889
10/19/2018 8:00,WS Outbound-DCL Inbound,Leroy St and Chestnut IB,889
10/19/2018 8:00,WS Outbound-DCL Inbound,Leroy St and Chestnut IB,889
10/19/2018 8:00,WS Outbound-DCL Inbound,Leroy St and Chestnut IB,889
10/19/2018 8:00,WS Outbound-DCL Inbound,Leroy St and Chestnut IB,889
10/19/2018 8:00,WS Outbound-DCL Inbound,Leroy St and Chestnut IB,889
10/19/2018 8:00,WS Outbound-DCL Inbound,Leroy St and Chestnut IB,889
10/19/2018 8:00,WS Outbound-DCL Inbound,Leroy St and Chestnut IB,889
10/19/2018 8:00,WS Outbound-DCL Inbound,Leroy St and Chestnut IB,889
10/19/2018 8:00,WS Outbound-DCL Inbound,Leroy St and Chestnut IB,889
10/19/2018 8:00,WS Outbound-DCL Inbound,Leroy St and Chestnut IB,889
10/19/2018 8:01,WS Outbound-DCL Inbound,Leroy St and Laurel IB,889
10/19/2018 8:13,WS Outbound-DCL Inbound,Union,889
10/19/2018 8:14,WS Outbound-DCL Inbound,Union,889
10/19/2018 8:14,WS Outbound-DCL Inbound,Union,889
10/19/2018 8:14,WS Outbound-DCL Inbound,Union,889
10/19/2018 8:23,WS Outbound-DCL Inbound,Floral and Harrison IB,889
10/19/2018 8:28,WS Outbound-DCL Inbound,UDC,528
10/19/2018 8:28,WS Outbound-DCL Inbound,UDC,528
10/19/2018 8:32,WS Outbound-DCL Inbound,Leroy St and Murray IB,528
10/19/2018 8:32,WS Outbound-DCL Inbound,Leroy St and Murray IB,528
10/19/2018 8:32,WS Outbound-DCL Inbound,Leroy St and Murray IB,528
10/19/2018 8:32,WS Outbound-DCL Inbound,Leroy St and Murray IB,528
10/19/2018 8:32,WS Outbound-DCL Inbound,Leroy St and Murray IB,528
10/19/2018 8:32,WS Outbound-DCL Inbound,Leroy St and Murray IB,528
10/19/2018 8:32,WS Outbound-DCL Inbound,Leroy St and Murray IB,528
10/19/2018 8:32,WS Outbound-DCL Inbound,Leroy St and Murray IB,528
10/19/2018 8:33,WS Outbound-DCL Inbound,Leroy St and Chestnut OB,528
10/19/2018 8:33,WS Outbound-DCL Inbound,Leroy St and Chestnut OB,528
10/19/2018 8:33,WS Outbound-DCL Inbound,Leroy St and Chestnut OB,528
10/19/2018 8:33,WS Outbound-DCL Inbound,Leroy St and Chestnut OB,528
10/19/2018 8:33,WS Outbound-DCL Inbound,Leroy St and Chestnut OB,528
10/19/2018 8:33,WS Outbound-DCL Inbound,Leroy St and Chestnut OB,528
10/19/2018 8:42,WS Outbound-DCL Inbound,Leroy St and Front,889
10/19/2018 8:42,WS Outbound-DCL Inbound,Leroy St and Front,889
10/19/2018 8:43,WS Outbound-DCL Inbound,Leroy St and Murray IB,889
10/19/2018 8:43,WS Outbound-DCL Inbound,Leroy St and Murray IB,889
10/19/2018 8:43,WS Outbound-DCL Inbound,Leroy St and Murray IB,889
10/19/2018 8:43,WS Outbound-DCL Inbound,Leroy St and Murray IB,889
10/19/2018 8:43,WS Outbound-DCL Inbound,Leroy St and Murray IB,889
10/19/2018 8:43,WS Outbound-DCL Inbound,Leroy St and Murray IB,889
10/19/2018 8:43,WS Outbound-DCL Inbound,Leroy St and Murray IB,889
10/19/2018 8:44,WS Outbound-DCL Inbound,Leroy St and Chestnut IB,889
10/19/2018 8:44,WS Outbound-DCL Inbound,Leroy St and Chestnut IB,889
10/19/2018 8:46,WS Outbound-DCL Inbound,Beethoven and Leroy,889
10/19/2018 8:50,WS Outbound-DCL Inbound,UDC,526
10/19/2018 8:50,WS Outbound-DCL Inbound,UDC,526
10/19/2018 8:53,WS Outbound-DCL Inbound,UDC,526
10/19/2018 8:53,WS Outbound-DCL Inbound,UDC,526
10/19/2018 8:53,WS Outbound-DCL Inbound,UDC,526
10/19/2018 8:53,WS Outbound-DCL Inbound,UDC,526
10/19/2018 8:55,WS Outbound-DCL Inbound,UDC,526
10/19/2018 8:55,WS Outbound-DCL Inbound,UDC,526
10/19/2018 8:56,WS Outbound-DCL Inbound,UDC,526
10/19/2018 8:56,WS Outbound-DCL Inbound,UDC,526
10/19/2018 8:56,WS Outbound-DCL Inbound,UDC,526
10/19/2018 8:57,WS Outbound-DCL Inbound,Union,889
10/19/2018 8:57,WS Outbound-DCL Inbound,Leroy St and Front,526
10/19/2018 8:57,WS Outbound-DCL Inbound,Leroy St and Front,526
10/19/2018 8:57,WS Outbound-DCL Inbound,Leroy St and Front,526
10/19/2018 8:57,WS Outbound-DCL Inbound,Leroy St and Front,526
10/19/2018 8:57,WS Outbound-DCL Inbound,Leroy St and Front,526
10/19/2018 8:58,WS Outbound-DCL Inbound,Leroy St and Murray IB,526
10/19/2018 8:58,WS Outbound-DCL Inbound,Leroy St and Murray IB,526
10/19/2018 8:58,WS Outbound-DCL Inbound,Leroy St and Murray IB,526
10/19/2018 8:58,WS Outbound-DCL Inbound,Leroy St and Murray IB,526
10/19/2018 8:58,WS Outbound-DCL Inbound,Leroy St and Murray IB,526
10/19/2018 8:58,WS Outbound-DCL Inbound,Leroy St and Murray IB,526
10/19/2018 8:58,WS Outbound-DCL Inbound,Leroy St and Murray IB,526
10/19/2018 8:58,WS Outbound-DCL Inbound,Leroy St and Murray IB,526
10/19/2018 8:59,WS Outbound-DCL Inbound,Leroy St and Murray IB,526
10/19/2018 8:59,WS Outbound-DCL Inbound,Leroy St and Murray IB,526
10/19/2018 8:59,WS Outbound-DCL Inbound,Leroy St and Murray IB,526
10/19/2018 8:59,WS Outbound-DCL Inbound,Leroy St and Murray IB,526
10/19/2018 8:59,WS Outbound-DCL Inbound,Leroy St and Murray IB,526
10/19/2018 8:59,WS Outbound-DCL Inbound,Leroy St and Murray IB,526
10/19/2018 8:59,WS Outbound-DCL Inbound,Leroy St and Murray IB,526
10/19/2018 8:59,WS Outbound-DCL Inbound,Leroy St and Murray IB,526
10/19/2018 8:59,WS Outbound-DCL Inbound,Leroy St and Murray IB,526
10/19/2018 8:59,WS Outbound-DCL Inbound,Leroy St and Murray IB,526
10/19/2018 8:59,WS Outbound-DCL Inbound,Leroy St and Murray IB,526
10/19/2018 8:59,WS Outbound-DCL Inbound,Leroy St and Murray IB,526
10/19/2018 8:59,WS Outbound-DCL Inbound,Leroy St and Murray IB,526
10/19/2018 8:59,WS Outbound-DCL Inbound,Leroy St and Murray IB,526
10/19/2018 8:59,WS Outbound-DCL Inbound,Leroy St and Murray IB,526
10/19/2018 8:59,WS Outbound-DCL Inbound,Leroy St and Murray IB,526
10/19/2018 8:59,WS Outbound-DCL Inbound,Leroy St and Murray IB,526
10/19/2018 9:00,WS Outbound-DCL Inbound,Leroy St and Chestnut IB,526
10/19/2018 9:00,WS Outbound-DCL Inbound,Leroy St and Chestnut IB,526
10/19/2018 9:00,WS Outbound-DCL Inbound,Leroy St and Chestnut IB,526
10/19/2018 9:01,WS Outbound-DCL Inbound,Leroy St and Chestnut IB,526
10/19/2018 9:01,WS Outbound-DCL Inbound,Leroy St and Chestnut IB,526
10/19/2018 9:01,WS Outbound-DCL Inbound,Leroy St and Chestnut IB,526
10/19/2018 9:01,WS Outbound-DCL Inbound,Leroy St and Chestnut IB,526
10/19/2018 9:01,WS Outbound-DCL Inbound,Leroy St and Chestnut IB,526
10/19/2018 9:01,WS Outbound-DCL Inbound,Leroy St and Chestnut IB,526
10/19/2018 9:01,WS Outbound-DCL Inbound,Leroy St and Chestnut IB,526
10/19/2018 9:01,WS Outbound-DCL Inbound,Leroy St and Chestnut IB,526
10/19/2018 9:01,WS Outbound-DCL Inbound,Leroy St and Chestnut IB,526
10/19/2018 9:02,WS Outbound-DCL Inbound,Beethoven and Leroy,526
10/19/2018 9:25,WS Outbound-DCL Inbound,Floral and Cleveland OB,21
10/19/2018 9:29,WS Outbound-DCL Inbound,Leroy St and Murray IB,55
10/19/2018 9:29,WS Outbound-DCL Inbound,Leroy St and Murray IB,55
10/19/2018 9:29,WS Outbound-DCL Inbound,Leroy St and Murray IB,55
10/19/2018 9:29,WS Outbound-DCL Inbound,Leroy St and Murray IB,55
10/19/2018 9:29,WS Outbound-DCL Inbound,Leroy St and Murray IB,55
10/19/2018 9:29,WS Outbound-DCL Inbound,Leroy St and Murray IB,55
10/19/2018 9:29,WS Outbound-DCL Inbound,Leroy St and Murray IB,55
10/19/2018 9:29,WS Outbound-DCL Inbound,Leroy St and Murray IB,55
10/19/2018 9:29,WS Outbound-DCL Inbound,Leroy St and Murray IB,55
10/19/2018 9:30,WS Outbound-DCL Inbound,Leroy St and Chestnut IB,55
10/19/2018 9:30,WS Outbound-DCL Inbound,Leroy St and Chestnut IB,55
10/19/2018 9:30,WS Outbound-DCL Inbound,Leroy St and Chestnut IB,55
10/19/2018 9:31,WS Outbound-DCL Inbound,Main and Murray OB,21
10/19/2018 9:31,WS Outbound-DCL Inbound,Leroy St and Laurel IB,55
10/19/2018 9:34,WS Outbound-DCL Inbound,UDC,21
10/19/2018 9:35,WS Outbound-DCL Inbound,UDC,21
10/19/2018 9:37,WS Outbound-DCL Inbound,UDC,21
10/19/2018 9:37,WS Outbound-DCL Inbound,UDC,21
10/19/2018 9:38,WS Outbound-DCL Inbound,UDC,21
10/19/2018 9:42,WS Outbound-DCL Inbound,Leroy St and Front,21
10/19/2018 9:43,WS Outbound-DCL Inbound,Leroy St and Murray IB,21
10/19/2018 9:43,WS Outbound-DCL Inbound,Leroy St and Murray IB,21
10/19/2018 9:44,WS Outbound-DCL Inbound,Leroy St and Chestnut IB,21
10/19/2018 9:44,WS Outbound-DCL Inbound,Leroy St and Chestnut IB,21
10/19/2018 9:44,WS Outbound-DCL Inbound,Leroy St and Chestnut IB,21
10/19/2018 9:44,WS Outbound-DCL Inbound,Leroy St and Chestnut IB,21
10/19/2018 9:45,WS Outbound-DCL Inbound,Leroy St and Laurel IB,21
10/19/2018 9:45,WS Outbound-DCL Inbound,Leroy St and Laurel IB,21
10/19/2018 9:48,WS Outbound-DCL Inbound,Union,889
10/19/2018 9:48,WS Outbound-DCL Inbound,Union,889
10/19/2018 9:48,WS Outbound-DCL Inbound,Union,889
10/19/2018 9:48,WS Outbound-DCL Inbound,Union,889
10/19/2018 9:48,WS Outbound-DCL Inbound,Union,889
10/19/2018 9:48,WS Outbound-DCL Inbound,Union,889
10/19/2018 9:48,WS Outbound-DCL Inbound,Union,889
10/19/2018 9:48,WS Outbound-DCL Inbound,Union,889
10/19/2018 9:48,WS Outbound-DCL Inbound,Union,889
10/19/2018 9:48,WS Outbound-DCL Inbound,Union,889
10/19/2018 9:48,WS Outbound-DCL Inbound,Union,889
10/19/2018 9:48,WS Outbound-DCL Inbound,Union,889
10/19/2018 9:50,WS Outbound-DCL Inbound,Physical Facilities,889
10/19/2018 9:51,WS Outbound-DCL Inbound,UDC,43
10/19/2018 9:53,WS Outbound-DCL Inbound,UDC,43
10/19/2018 9:54,WS Outbound-DCL Inbound,UDC,43
10/19/2018 9:54,WS Outbound-DCL Inbound,UDC,43
10/19/2018 9:57,WS Outbound-DCL Inbound,Mohawk,21
10/19/2018 9:57,WS Outbound-DCL Inbound,Mohawk,21
10/19/2018 9:57,WS Outbound-DCL Inbound,Leroy St and Murray IB,43
10/19/2018 9:57,WS Outbound-DCL Inbound,Leroy St and Murray IB,43
10/19/2018 9:57,WS Outbound-DCL Inbound,Leroy St and Murray IB,43
10/19/2018 9:57,WS Outbound-DCL Inbound,Leroy St and Murray IB,43
10/19/2018 9:57,WS Outbound-DCL Inbound,Leroy St and Murray IB,43
10/19/2018 9:58,WS Outbound-DCL Inbound,Mohawk,21
10/19/2018 9:58,WS Outbound-DCL Inbound,Leroy St and Chestnut IB,43
10/19/2018 9:58,WS Outbound-DCL Inbound,Leroy St and Chestnut IB,43
10/19/2018 9:59,WS Outbound-DCL Inbound,Leroy St and Laurel IB,43
10/19/2018 9:59,WS Outbound-DCL Inbound,Mohawk,21
10/19/2018 10:00,WS Outbound-DCL Inbound,Main and Helen OB,889
10/19/2018 10:03,WS Outbound-DCL Inbound,Riverside and Elfred IB,43
10/19/2018 10:06,WS Outbound-DCL Inbound,Main and Murray OB,889
10/19/2018 10:09,WS Outbound-DCL Inbound,UDC,889
10/19/2018 10:12,WS Outbound-DCL Inbound,Leroy St and Front,889
10/19/2018 10:13,WS Outbound-DCL Inbound,Leroy St and Chestnut IB,889
10/19/2018 10:13,WS Outbound-DCL Inbound,Leroy St and Chestnut IB,889
10/19/2018 10:13,WS Outbound-DCL Inbound,Leroy St and Chestnut IB,889
10/19/2018 10:13,WS Outbound-DCL Inbound,Leroy St and Chestnut IB,889
10/19/2018 10:13,WS Outbound-DCL Inbound,Union,21
10/19/2018 10:13,WS Outbound-DCL Inbound,Union,21
10/19/2018 10:13,WS Outbound-DCL Inbound,Union,21
10/19/2018 10:14,WS Outbound-DCL Inbound,Leroy St and Chestnut IB,889
10/19/2018 10:21,WS Outbound-DCL Inbound,UDC,37
10/19/2018 10:21,WS Outbound-DCL Inbound,UDC,37
10/19/2018 10:21,WS Outbound-DCL Inbound,UDC,37
10/19/2018 10:21,WS Outbound-DCL Inbound,UDC,37
10/19/2018 10:23,WS Outbound-DCL Inbound,UDC,37
10/19/2018 10:23,WS Outbound-DCL Inbound,UDC,37
10/19/2018 10:23,WS Outbound-DCL Inbound,UDC,37
10/19/2018 10:24,WS Outbound-DCL Inbound,UDC,37
10/19/2018 10:24,WS Outbound-DCL Inbound,UDC,37
10/19/2018 10:27,WS Outbound-DCL Inbound,Leroy St and Front,37
10/19/2018 10:27,WS Outbound-DCL Inbound,Main and Schiller OB,21
10/19/2018 10:27,WS Outbound-DCL Inbound,Leroy St and Murray IB,37
10/19/2018 10:27,WS Outbound-DCL Inbound,Leroy St and Murray IB,37
10/19/2018 10:27,WS Outbound-DCL Inbound,Leroy St and Murray IB,37
10/19/2018 10:28,WS Outbound-DCL Inbound,Leroy St and Murray IB,37
10/19/2018 10:28,WS Outbound-DCL Inbound,Leroy St and Murray IB,37
10/19/2018 10:28,WS Outbound-DCL Inbound,Leroy St and Murray IB,37
10/19/2018 10:28,WS Outbound-DCL Inbound,Leroy St and Murray IB,37
10/19/2018 10:28,WS Outbound-DCL Inbound,Leroy St and Murray IB,37
10/19/2018 10:28,WS Outbound-DCL Inbound,Leroy St and Murray IB,37
10/19/2018 10:28,WS Outbound-DCL Inbound,Leroy St and Murray IB,37
10/19/2018 10:28,WS Outbound-DCL Inbound,Leroy St and Murray IB,37
10/19/2018 10:28,WS Outbound-DCL Inbound,Leroy St and Murray IB,37
10/19/2018 10:28,WS Outbound-DCL Inbound,Leroy St and Murray IB,37
10/19/2018 10:28,WS Outbound-DCL Inbound,Leroy St and Murray IB,37
10/19/2018 10:28,WS Outbound-DCL Inbound,Leroy St and Murray IB,37
10/19/2018 10:28,WS Outbound-DCL Inbound,Leroy St and Murray IB,37
10/19/2018 10:28,WS Outbound-DCL Inbound,Leroy St and Murray IB,37
10/19/2018 10:28,WS Outbound-DCL Inbound,Leroy St and Murray IB,37
10/19/2018 10:29,WS Outbound-DCL Inbound,Leroy St and Chestnut IB,37
10/19/2018 10:29,WS Outbound-DCL Inbound,Leroy St and Chestnut IB,37
10/19/2018 10:29,WS Outbound-DCL Inbound,Leroy St and Chestnut IB,37
10/19/2018 10:29,WS Outbound-DCL Inbound,Leroy St and Chestnut IB,37
10/19/2018 10:29,WS Outbound-DCL Inbound,Leroy St and Chestnut IB,37
10/19/2018 10:29,WS Outbound-DCL Inbound,Leroy St and Chestnut IB,37
10/19/2018 10:29,WS Outbound-DCL Inbound,Leroy St and Chestnut IB,37
10/19/2018 10:29,WS Outbound-DCL Inbound,Leroy St and Chestnut IB,37
10/19/2018 10:33,WS Outbound-DCL Inbound,UDC,21
10/19/2018 10:33,WS Outbound-DCL Inbound,UDC,21
10/19/2018 10:33,WS Outbound-DCL Inbound,UDC,21
10/19/2018 10:38,WS Outbound-DCL Inbound,UDC,21
10/19/2018 10:39,WS Outbound-DCL Inbound,UDC,21
10/19/2018 10:42,WS Outbound-DCL Inbound,Leroy St and Front,21
10/19/2018 10:42,WS Outbound-DCL Inbound,Leroy St and Front,21
10/19/2018 10:43,WS Outbound-DCL Inbound,Leroy St and Murray IB,21
10/19/2018 10:43,WS Outbound-DCL Inbound,Leroy St and Murray IB,21
10/19/2018 10:43,WS Outbound-DCL Inbound,Leroy St and Murray IB,21
10/19/2018 10:43,WS Outbound-DCL Inbound,Leroy St and Murray IB,21
10/19/2018 10:43,WS Outbound-DCL Inbound,Leroy St and Murray IB,21
10/19/2018 10:43,WS Outbound-DCL Inbound,Leroy St and Murray IB,21
10/19/2018 10:43,WS Outbound-DCL Inbound,Leroy St and Murray IB,21
10/19/2018 10:43,WS Outbound-DCL Inbound,Leroy St and Murray IB,21
10/19/2018 10:44,WS Outbound-DCL Inbound,Leroy St and Murray IB,21
10/19/2018 10:45,WS Outbound-DCL Inbound,Leroy St and Chestnut IB,21
10/19/2018 10:45,WS Outbound-DCL Inbound,Leroy St and Chestnut IB,21
10/19/2018 10:45,WS Outbound-DCL Inbound,Leroy St and Chestnut IB,21
10/19/2018 10:45,WS Outbound-DCL Inbound,Leroy St and Chestnut IB,21
10/19/2018 10:45,WS Outbound-DCL Inbound,Leroy St and Laurel IB,21
10/19/2018 10:46,WS Outbound-DCL Inbound,Union,37
10/19/2018 10:46,WS Outbound-DCL Inbound,Union,37
10/19/2018 10:46,WS Outbound-DCL Inbound,Union,37
10/19/2018 10:46,WS Outbound-DCL Inbound,Union,37
10/19/2018 10:46,WS Outbound-DCL Inbound,Union,37
10/19/2018 10:46,WS Outbound-DCL Inbound,Union,37
10/19/2018 10:46,WS Outbound-DCL Inbound,Union,37
10/19/2018 10:46,WS Outbound-DCL Inbound,Union,37
10/19/2018 10:46,WS Outbound-DCL Inbound,Union,37
10/19/2018 10:46,WS Outbound-DCL Inbound,Union,37
10/19/2018 10:46,WS Outbound-DCL Inbound,Union,37
10/19/2018 10:46,WS Outbound-DCL Inbound,Union,37
10/19/2018 10:46,WS Outbound-DCL Inbound,Union,37
10/19/2018 10:46,WS Outbound-DCL Inbound,Union,37
10/19/2018 10:46,WS Outbound-DCL Inbound,Union,37
10/19/2018 10:46,WS Outbound-DCL Inbound,Union,37
10/19/2018 10:47,WS Outbound-DCL Inbound,Union,37
10/19/2018 10:47,WS Outbound-DCL Inbound,Union,37
10/19/2018 10:47,WS Outbound-DCL Inbound,Union,37
10/19/2018 10:47,WS Outbound-DCL Inbound,Union,37
10/19/2018 10:47,WS Outbound-DCL Inbound,Union,37
10/19/2018 10:47,WS Outbound-DCL Inbound,Union,37
10/19/2018 10:47,WS Outbound-DCL Inbound,Union,37
10/19/2018 10:47,WS Outbound-DCL Inbound,Union,37
10/19/2018 10:47,WS Outbound-DCL Inbound,Union,37
10/19/2018 10:48,WS Outbound-DCL Inbound,Union,37
10/19/2018 10:48,WS Outbound-DCL Inbound,Union,37
10/19/2018 10:48,WS Outbound-DCL Inbound,Union,37
10/19/2018 10:48,WS Outbound-DCL Inbound,Union,37
10/19/2018 10:49,WS Outbound-DCL Inbound,Union,37
10/19/2018 10:49,WS Outbound-DCL Inbound,Riverside and Columbus IB,21
10/19/2018 10:49,WS Outbound-DCL Inbound,Riverside and Columbus IB,21
10/19/2018 10:49,WS Outbound-DCL Inbound,Union,37
10/19/2018 10:54,WS Outbound-DCL Inbound,Physical Facilities OB,37
10/19/2018 10:57,WS Outbound-DCL Inbound,Leroy St and Murray IB,528
10/19/2018 10:57,WS Outbound-DCL Inbound,Leroy St and Murray IB,528
10/19/2018 10:58,WS Outbound-DCL Inbound,Leroy St and Chestnut OB,528
10/19/2018 10:58,WS Outbound-DCL Inbound,Leroy St and Laurel IB,528
10/19/2018 10:59,WS Outbound-DCL Inbound,Floral and Willow OB,37
10/19/2018 11:01,WS Outbound-DCL Inbound,Union,21
10/19/2018 11:01,WS Outbound-DCL Inbound,Union,21
10/19/2018 11:01,WS Outbound-DCL Inbound,Union,21
10/19/2018 11:01,WS Outbound-DCL Inbound,Union,21
10/19/2018 11:01,WS Outbound-DCL Inbound,Union,21
10/19/2018 11:01,WS Outbound-DCL Inbound,Union,21
10/19/2018 11:01,WS Outbound-DCL Inbound,Union,21
10/19/2018 11:01,WS Outbound-DCL Inbound,Union,21
10/19/2018 11:01,WS Outbound-DCL Inbound,Union,21
10/19/2018 11:02,WS Outbound-DCL Inbound,Union,21
10/19/2018 11:03,WS Outbound-DCL Inbound,Main and Helen OB,37
10/19/2018 11:03,WS Outbound-DCL Inbound,Main and Helen OB,37
10/19/2018 11:04,WS Outbound-DCL Inbound,Union,21
10/19/2018 11:07,WS Outbound-DCL Inbound,Union,21
10/19/2018 11:10,WS Outbound-DCL Inbound,Union,528
10/19/2018 11:12,WS Outbound-DCL Inbound,UDC,37
10/19/2018 11:12,WS Outbound-DCL Inbound,UDC,37
10/19/2018 11:12,WS Outbound-DCL Inbound,UDC,37
10/19/2018 11:12,WS Outbound-DCL Inbound,UDC,37
10/19/2018 11:15,WS Outbound-DCL Inbound,Leroy St and Front,37
10/19/2018 11:15,WS Outbound-DCL Inbound,Leroy St and Front,37
10/19/2018 11:15,WS Outbound-DCL Inbound,Leroy St and Front,37
10/19/2018 11:15,WS Outbound-DCL Inbound,Leroy St and Front,37
10/19/2018 11:16,WS Outbound-DCL Inbound,Leroy St and Murray IB,37
10/19/2018 11:16,WS Outbound-DCL Inbound,Leroy St and Murray IB,37
10/19/2018 11:16,WS Outbound-DCL Inbound,Leroy St and Murray IB,37
10/19/2018 11:16,WS Outbound-DCL Inbound,Leroy St and Murray IB,37
10/19/2018 11:16,WS Outbound-DCL Inbound,Leroy St and Murray IB,37
10/19/2018 11:16,WS Outbound-DCL Inbound,Leroy St and Murray IB,37
10/19/2018 11:16,WS Outbound-DCL Inbound,Leroy St and Murray IB,37
10/19/2018 11:16,WS Outbound-DCL Inbound,Leroy St and Murray IB,37
10/19/2018 11:16,WS Outbound-DCL Inbound,Leroy St and Murray IB,37
10/19/2018 11:17,WS Outbound-DCL Inbound,Leroy St and Chestnut IB,37
10/19/2018 11:17,WS Outbound-DCL Inbound,Leroy St and Chestnut IB,37
10/19/2018 11:17,WS Outbound-DCL Inbound,Physical Facilities,889
10/19/2018 11:35,WS Outbound-DCL Inbound,UDC,889
10/19/2018 11:35,WS Outbound-DCL Inbound,UDC,889
10/19/2018 11:37,WS Outbound-DCL Inbound,UDC,889
10/19/2018 11:37,WS Outbound-DCL Inbound,UDC,889
10/19/2018 11:40,WS Outbound-DCL Inbound,UDC,889
10/19/2018 11:40,WS Outbound-DCL Inbound,UDC,889
10/19/2018 11:43,WS Outbound-DCL Inbound,Leroy St and Front,889
10/19/2018 11:43,WS Outbound-DCL Inbound,Leroy St and Front,889
10/19/2018 11:43,WS Outbound-DCL Inbound,Leroy St and Front,889
10/19/2018 11:44,WS Outbound-DCL Inbound,Leroy St and Murray IB,889
10/19/2018 11:44,WS Outbound-DCL Inbound,Leroy St and Murray IB,889
10/19/2018 11:44,WS Outbound-DCL Inbound,Leroy St and Murray IB,889
10/19/2018 11:44,WS Outbound-DCL Inbound,Leroy St and Murray IB,889
10/19/2018 11:44,WS Outbound-DCL Inbound,Leroy St and Murray IB,889
10/19/2018 11:44,WS Outbound-DCL Inbound,Leroy St and Murray IB,889
10/19/2018 11:44,WS Outbound-DCL Inbound,Leroy St and Murray IB,889
10/19/2018 11:44,WS Outbound-DCL Inbound,Leroy St and Murray IB,889
10/19/2018 11:44,WS Outbound-DCL Inbound,Leroy St and Murray IB,889
10/19/2018 11:44,WS Outbound-DCL Inbound,Leroy St and Murray IB,889
10/19/2018 11:45,WS Outbound-DCL Inbound,Leroy St and Chestnut OB,889
10/19/2018 11:45,WS Outbound-DCL Inbound,Leroy St and Chestnut OB,889
10/19/2018 11:45,WS Outbound-DCL Inbound,Leroy St and Chestnut OB,889
10/19/2018 11:45,WS Outbound-DCL Inbound,Leroy St and Chestnut OB,889
10/19/2018 11:46,WS Outbound-DCL Inbound,Leroy St and Chestnut OB,889
10/19/2018 11:46,WS Outbound-DCL Inbound,Leroy St and Chestnut OB,889
10/19/2018 11:46,WS Outbound-DCL Inbound,Leroy St and Chestnut OB,889
10/19/2018 11:46,WS Outbound-DCL Inbound,Leroy St and Chestnut OB,889
10/19/2018 11:46,WS Outbound-DCL Inbound,Leroy St and Chestnut OB,889
10/19/2018 11:46,WS Outbound-DCL Inbound,Leroy St and Chestnut OB,889
10/19/2018 11:46,WS Outbound-DCL Inbound,Leroy St and Chestnut OB,889
10/19/2018 11:46,WS Outbound-DCL Inbound,Leroy St and Chestnut OB,889
10/19/2018 11:47,WS Outbound-DCL Inbound,Beethoven and Leroy,889
10/19/2018 11:48,WS Outbound-DCL Inbound,Physical Facilities,21
10/19/2018 11:57,WS Outbound-DCL Inbound,Union,55
10/19/2018 11:57,WS Outbound-DCL Inbound,Union,55
10/19/2018 11:57,WS Outbound-DCL Inbound,Union,55
10/19/2018 11:57,WS Outbound-DCL Inbound,Union,55
10/19/2018 11:58,WS Outbound-DCL Inbound,Union,55
10/19/2018 11:58,WS Outbound-DCL Inbound,Union,55
10/19/2018 11:58,WS Outbound-DCL Inbound,Union,55
10/19/2018 11:58,WS Outbound-DCL Inbound,Union,55
10/19/2018 11:58,WS Outbound-DCL Inbound,Union,55
10/19/2018 11:58,WS Outbound-DCL Inbound,Union,55
10/19/2018 11:58,WS Outbound-DCL Inbound,Union,55
10/19/2018 11:58,WS Outbound-DCL Inbound,Union,55
10/19/2018 11:59,WS Outbound-DCL Inbound,Union,55
10/19/2018 11:59,WS Outbound-DCL Inbound,Union,55
10/19/2018 12:00,WS Outbound-DCL Inbound,Union,55
10/19/2018 12:00,WS Outbound-DCL Inbound,Union,55
10/19/2018 12:00,WS Outbound-DCL Inbound,Union,55
10/19/2018 12:01,WS Outbound-DCL Inbound,Union,55
10/19/2018 12:01,WS Outbound-DCL Inbound,Union,55
10/19/2018 12:01,WS Outbound-DCL Inbound,Main and Schiller OB,21
10/19/2018 12:03,WS Outbound-DCL Inbound,Main and Cedar OB,21
10/19/2018 12:03,WS Outbound-DCL Inbound,Physical Facilities,55
10/19/2018 12:10,WS Outbound-DCL Inbound,UDC,21
10/19/2018 12:10,WS Outbound-DCL Inbound,Union,43
10/19/2018 12:11,WS Outbound-DCL Inbound,Union,43
10/19/2018 12:11,WS Outbound-DCL Inbound,Union,43
10/19/2018 12:11,WS Outbound-DCL Inbound,Union,43
10/19/2018 12:11,WS Outbound-DCL Inbound,Union,43
10/19/2018 12:11,WS Outbound-DCL Inbound,Union,43
10/19/2018 12:11,WS Outbound-DCL Inbound,Union,43
10/19/2018 12:11,WS Outbound-DCL Inbound,Union,43
10/19/2018 12:11,WS Outbound-DCL Inbound,Union,43
10/19/2018 12:11,WS Outbound-DCL Inbound,Union,43
10/19/2018 12:11,WS Outbound-DCL Inbound,Union,43
10/19/2018 12:11,WS Outbound-DCL Inbound,Union,43
10/19/2018 12:11,WS Outbound-DCL Inbound,Union,43
10/19/2018 12:11,WS Outbound-DCL Inbound,Union,43
10/19/2018 12:11,WS Outbound-DCL Inbound,Union,43
10/19/2018 12:11,WS Outbound-DCL Inbound,Union,43
10/19/2018 12:12,WS Outbound-DCL Inbound,Union,43
10/19/2018 12:12,WS Outbound-DCL Inbound,Union,43
10/19/2018 12:12,WS Outbound-DCL Inbound,Union,43
10/19/2018 12:13,WS Outbound-DCL Inbound,Union,43
10/19/2018 12:13,WS Outbound-DCL Inbound,Union,43
10/19/2018 12:13,WS Outbound-DCL Inbound,Union,43
10/19/2018 12:13,WS Outbound-DCL Inbound,Union,43
10/19/2018 12:13,WS Outbound-DCL Inbound,Leroy St and Front,21
10/19/2018 12:13,WS Outbound-DCL Inbound,Union,43
10/19/2018 12:13,WS Outbound-DCL Inbound,Union,43
10/19/2018 12:13,WS Outbound-DCL Inbound,Union,43
10/19/2018 12:14,WS Outbound-DCL Inbound,Union,43
10/19/2018 12:14,WS Outbound-DCL Inbound,Union,43
10/19/2018 12:14,WS Outbound-DCL Inbound,Union,43
10/19/2018 12:14,WS Outbound-DCL Inbound,Leroy St and Murray IB,21
10/19/2018 12:14,WS Outbound-DCL Inbound,Union,43
10/19/2018 12:14,WS Outbound-DCL Inbound,Union,43
10/19/2018 12:14,WS Outbound-DCL Inbound,Union,43
10/19/2018 12:14,WS Outbound-DCL Inbound,Union,43
10/19/2018 12:15,WS Outbound-DCL Inbound,Leroy St and Chestnut IB,21
10/19/2018 12:15,WS Outbound-DCL Inbound,Leroy St and Chestnut IB,21
10/19/2018 12:15,WS Outbound-DCL Inbound,Leroy St and Chestnut IB,21
10/19/2018 12:15,WS Outbound-DCL Inbound,Leroy St and Chestnut IB,21
10/19/2018 12:15,WS Outbound-DCL Inbound,Leroy St and Chestnut IB,21
10/19/2018 12:15,WS Outbound-DCL Inbound,Leroy St and Chestnut IB,21
10/19/2018 12:15,WS Outbound-DCL Inbound,Leroy St and Chestnut IB,21
10/19/2018 12:16,WS Outbound-DCL Inbound,Union,43
10/19/2018 12:18,WS Outbound-DCL Inbound,Physical Facilities,43
10/19/2018 12:18,WS Outbound-DCL Inbound,Physical Facilities,43
10/19/2018 12:20,WS Outbound-DCL Inbound,Denny''s,43
10/19/2018 12:20,WS Outbound-DCL Inbound,Denny''s,43
10/19/2018 12:20,WS Outbound-DCL Inbound,Denny''s,43
10/19/2018 12:42,WS Outbound-DCL Inbound,UDC,43
10/19/2018 12:42,WS Outbound-DCL Inbound,UDC,43
10/19/2018 12:42,WS Outbound-DCL Inbound,UDC,43
10/19/2018 12:42,WS Outbound-DCL Inbound,UDC,43
10/19/2018 12:45,WS Outbound-DCL Inbound,Leroy St and Front,43
10/19/2018 12:45,WS Outbound-DCL Inbound,Leroy St and Front,43
10/19/2018 12:46,WS Outbound-DCL Inbound,Leroy St and Murray IB,43
10/19/2018 12:46,WS Outbound-DCL Inbound,Leroy St and Murray IB,43
10/19/2018 12:46,WS Outbound-DCL Inbound,Leroy St and Murray IB,43
10/19/2018 12:46,WS Outbound-DCL Inbound,Leroy St and Murray IB,43
10/19/2018 12:46,WS Outbound-DCL Inbound,Leroy St and Murray IB,43
10/19/2018 12:46,WS Outbound-DCL Inbound,Leroy St and Murray IB,43
10/19/2018 12:46,WS Outbound-DCL Inbound,Leroy St and Murray IB,43
10/19/2018 12:46,WS Outbound-DCL Inbound,Leroy St and Murray IB,43
10/19/2018 12:46,WS Outbound-DCL Inbound,Leroy St and Murray IB,43
10/19/2018 12:46,WS Outbound-DCL Inbound,Leroy St and Murray IB,43
10/19/2018 12:46,WS Outbound-DCL Inbound,Leroy St and Murray IB,43
10/19/2018 12:46,WS Outbound-DCL Inbound,Leroy St and Murray IB,43
10/19/2018 12:46,WS Outbound-DCL Inbound,Leroy St and Murray IB,43
10/19/2018 12:46,WS Outbound-DCL Inbound,Leroy St and Murray IB,43
10/19/2018 12:46,WS Outbound-DCL Inbound,Leroy St and Murray IB,43
10/19/2018 12:46,WS Outbound-DCL Inbound,Leroy St and Murray IB,43
10/19/2018 12:46,WS Outbound-DCL Inbound,Leroy St and Murray IB,43
10/19/2018 12:46,WS Outbound-DCL Inbound,Leroy St and Murray IB,43
10/19/2018 12:46,WS Outbound-DCL Inbound,Leroy St and Murray IB,43
10/19/2018 12:46,WS Outbound-DCL Inbound,Leroy St and Murray IB,43
10/19/2018 12:47,WS Outbound-DCL Inbound,Leroy St and Chestnut IB,43
10/19/2018 12:47,WS Outbound-DCL Inbound,Leroy St and Chestnut IB,43
10/19/2018 12:47,WS Outbound-DCL Inbound,Leroy St and Chestnut IB,43
10/19/2018 12:47,WS Outbound-DCL Inbound,Leroy St and Chestnut IB,43
10/19/2018 12:48,WS Outbound-DCL Inbound,Leroy St and Laurel IB,43
10/19/2018 12:49,WS Outbound-DCL Inbound,Beethoven and Leroy,43
10/19/2018 12:53,WS Outbound-DCL Inbound,Riverside and Columbus IB,43
10/19/2018 13:00,WS Outbound-DCL Inbound,Union,528
10/19/2018 13:00,WS Outbound-DCL Inbound,Union,528
10/19/2018 13:00,WS Outbound-DCL Inbound,Union,528
10/19/2018 13:00,WS Outbound-DCL Inbound,Union,528
10/19/2018 13:00,WS Outbound-DCL Inbound,Union,528
10/19/2018 13:00,WS Outbound-DCL Inbound,Union,528
10/19/2018 13:00,WS Outbound-DCL Inbound,Union,528
10/19/2018 13:00,WS Outbound-DCL Inbound,Union,528
10/19/2018 13:00,WS Outbound-DCL Inbound,Union,528
10/19/2018 13:00,WS Outbound-DCL Inbound,Union,528
10/19/2018 13:00,WS Outbound-DCL Inbound,Union,528
10/19/2018 13:00,WS Outbound-DCL Inbound,Union,528
10/19/2018 13:00,WS Outbound-DCL Inbound,Union,528
10/19/2018 13:00,WS Outbound-DCL Inbound,Union,528
10/19/2018 13:00,WS Outbound-DCL Inbound,Union,528
10/19/2018 13:00,WS Outbound-DCL Inbound,Union,528
10/19/2018 13:00,WS Outbound-DCL Inbound,Union,528
10/19/2018 13:00,WS Outbound-DCL Inbound,Union,528
10/19/2018 13:02,WS Outbound-DCL Inbound,Union,528
10/19/2018 13:05,WS Outbound-DCL Inbound,Physical Facilities,528
10/19/2018 13:05,WS Outbound-DCL Inbound,Physical Facilities,528
10/19/2018 13:11,WS Outbound-DCL Inbound,Union,21
10/19/2018 13:11,WS Outbound-DCL Inbound,Union,21
10/19/2018 13:11,WS Outbound-DCL Inbound,Union,21
10/19/2018 13:11,WS Outbound-DCL Inbound,Union,21
10/19/2018 13:11,WS Outbound-DCL Inbound,Union,21
10/19/2018 13:11,WS Outbound-DCL Inbound,Union,21
10/19/2018 13:11,WS Outbound-DCL Inbound,Union,21
10/19/2018 13:11,WS Outbound-DCL Inbound,Union,21
10/19/2018 13:11,WS Outbound-DCL Inbound,Union,21
10/19/2018 13:11,WS Outbound-DCL Inbound,Union,21
10/19/2018 13:11,WS Outbound-DCL Inbound,Union,21
10/19/2018 13:11,WS Outbound-DCL Inbound,Union,21
10/19/2018 13:11,WS Outbound-DCL Inbound,Union,21
10/19/2018 13:11,WS Outbound-DCL Inbound,Union,21
10/19/2018 13:11,WS Outbound-DCL Inbound,Union,21
10/19/2018 13:12,WS Outbound-DCL Inbound,Union,21
10/19/2018 13:12,WS Outbound-DCL Inbound,Union,21
10/19/2018 13:13,WS Outbound-DCL Inbound,Union,21
10/19/2018 13:14,WS Outbound-DCL Inbound,Union,21
10/19/2018 13:14,WS Outbound-DCL Inbound,Union,21
10/19/2018 13:14,WS Outbound-DCL Inbound,Union,21
10/19/2018 13:17,WS Outbound-DCL Inbound,Physical Facilities,21
10/19/2018 13:22,WS Outbound-DCL Inbound,UDC,528
10/19/2018 13:22,WS Outbound-DCL Inbound,UDC,528
10/19/2018 13:24,WS Outbound-DCL Inbound,Floral and Ackley,21
10/19/2018 13:26,WS Outbound-DCL Inbound,Floral and Willow OB,21
10/19/2018 13:29,WS Outbound-DCL Inbound,Leroy St and Chestnut IB,528
10/19/2018 13:29,WS Outbound-DCL Inbound,Leroy St and Chestnut IB,528
10/19/2018 13:29,WS Outbound-DCL Inbound,Leroy St and Chestnut IB,528
10/19/2018 13:30,WS Outbound-DCL Inbound,Leroy St and Chestnut OB,528
10/19/2018 13:33,WS Outbound-DCL Inbound,Main and Murray OB,21
10/19/2018 13:33,WS Outbound-DCL Inbound,Main and Murray OB,21
10/19/2018 13:33,WS Outbound-DCL Inbound,Main and Murray OB,21
10/19/2018 13:39,WS Outbound-DCL Inbound,UDC,21
10/19/2018 13:40,WS Outbound-DCL Inbound,UDC,21
10/19/2018 13:43,WS Outbound-DCL Inbound,Leroy St and Front,21
10/19/2018 13:43,WS Outbound-DCL Inbound,Leroy St and Front,21
10/19/2018 13:44,WS Outbound-DCL Inbound,Leroy St and Murray IB,21
10/19/2018 13:44,WS Outbound-DCL Inbound,Leroy St and Murray IB,21
10/19/2018 13:44,WS Outbound-DCL Inbound,Leroy St and Murray IB,21
10/19/2018 13:44,WS Outbound-DCL Inbound,Leroy St and Murray IB,21
10/19/2018 13:44,WS Outbound-DCL Inbound,Leroy St and Murray IB,21
10/19/2018 13:44,WS Outbound-DCL Inbound,Leroy St and Murray IB,21
10/19/2018 13:44,WS Outbound-DCL Inbound,Leroy St and Murray IB,21
10/19/2018 13:44,WS Outbound-DCL Inbound,Leroy St and Murray IB,21
10/19/2018 13:44,WS Outbound-DCL Inbound,Leroy St and Murray IB,21
10/19/2018 13:44,WS Outbound-DCL Inbound,Leroy St and Murray IB,21
10/19/2018 13:44,WS Outbound-DCL Inbound,Leroy St and Murray IB,21
10/19/2018 13:45,WS Outbound-DCL Inbound,Union,43
10/19/2018 13:45,WS Outbound-DCL Inbound,Union,43
10/19/2018 13:45,WS Outbound-DCL Inbound,Leroy St and Chestnut IB,21
10/19/2018 13:45,WS Outbound-DCL Inbound,Leroy St and Chestnut IB,21
10/19/2018 13:45,WS Outbound-DCL Inbound,Leroy St and Chestnut IB,21
10/19/2018 13:45,WS Outbound-DCL Inbound,Union,43
10/19/2018 13:45,WS Outbound-DCL Inbound,Leroy St and Chestnut IB,21
10/19/2018 13:45,WS Outbound-DCL Inbound,Union,43
10/19/2018 13:45,WS Outbound-DCL Inbound,Leroy St and Chestnut IB,21
10/19/2018 13:45,WS Outbound-DCL Inbound,Leroy St and Chestnut IB,21
10/19/2018 13:45,WS Outbound-DCL Inbound,Union,43
10/19/2018 13:45,WS Outbound-DCL Inbound,Leroy St and Chestnut IB,21
10/19/2018 13:45,WS Outbound-DCL Inbound,Union,43
10/19/2018 13:45,WS Outbound-DCL Inbound,Leroy St and Chestnut IB,21
10/19/2018 13:45,WS Outbound-DCL Inbound,Leroy St and Chestnut IB,21
10/19/2018 13:46,WS Outbound-DCL Inbound,Leroy St and Chestnut IB,21
10/19/2018 13:46,WS Outbound-DCL Inbound,Leroy St and Chestnut IB,21
10/19/2018 13:46,WS Outbound-DCL Inbound,Leroy St and Laurel IB,21
10/19/2018 13:47,WS Outbound-DCL Inbound,Beethoven and Leroy,21
10/19/2018 14:02,WS Outbound-DCL Inbound,Union,526
10/19/2018 14:02,WS Outbound-DCL Inbound,Union,526
10/19/2018 14:02,WS Outbound-DCL Inbound,Union,526
10/19/2018 14:02,WS Outbound-DCL Inbound,Union,526
10/19/2018 14:02,WS Outbound-DCL Inbound,Union,526
10/19/2018 14:02,WS Outbound-DCL Inbound,Union,526
10/19/2018 14:02,WS Outbound-DCL Inbound,Main and Clarke OB,43
10/19/2018 14:02,WS Outbound-DCL Inbound,Union,526
10/19/2018 14:02,WS Outbound-DCL Inbound,Union,526
10/19/2018 14:02,WS Outbound-DCL Inbound,Union,526
10/19/2018 14:03,WS Outbound-DCL Inbound,Union,526
10/19/2018 14:03,WS Outbound-DCL Inbound,Union,526
10/19/2018 14:03,WS Outbound-DCL Inbound,Union,526
10/19/2018 14:03,WS Outbound-DCL Inbound,Union,526
10/19/2018 14:04,WS Outbound-DCL Inbound,Union,526
10/19/2018 14:09,WS Outbound-DCL Inbound,UDC,43
10/19/2018 14:09,WS Outbound-DCL Inbound,UDC,43
10/19/2018 14:09,WS Outbound-DCL Inbound,UDC,43
10/19/2018 14:09,WS Outbound-DCL Inbound,UDC,43
10/19/2018 14:14,WS Outbound-DCL Inbound,Leroy St and Murray IB,43
10/19/2018 14:21,WS Outbound-DCL Inbound,Main and Murray OB,526
10/19/2018 14:24,WS Outbound-DCL Inbound,UDC IB,526
10/19/2018 14:27,WS Outbound-DCL Inbound,Union,891
10/19/2018 14:28,WS Outbound-DCL Inbound,Union,891
10/19/2018 14:28,WS Outbound-DCL Inbound,Leroy St and Murray IB,526
10/19/2018 14:28,WS Outbound-DCL Inbound,Leroy St and Murray IB,526
10/19/2018 14:28,WS Outbound-DCL Inbound,Leroy St and Murray IB,526
10/19/2018 14:28,WS Outbound-DCL Inbound,Leroy St and Murray IB,526
10/19/2018 14:29,WS Outbound-DCL Inbound,Union,891
10/19/2018 14:29,WS Outbound-DCL Inbound,Leroy St and Chestnut IB,526
10/19/2018 14:30,WS Outbound-DCL Inbound,Union,891
10/19/2018 14:30,WS Outbound-DCL Inbound,Union,891
10/19/2018 14:31,WS Outbound-DCL Inbound,Union,891
10/19/2018 14:31,WS Outbound-DCL Inbound,Union,891
10/19/2018 14:31,WS Outbound-DCL Inbound,Union,891
10/19/2018 14:31,WS Outbound-DCL Inbound,Union,891
10/19/2018 14:31,WS Outbound-DCL Inbound,Union,891
10/19/2018 14:41,WS Outbound-DCL Inbound,Union,526
10/19/2018 14:41,WS Outbound-DCL Inbound,Union,526
10/19/2018 14:41,WS Outbound-DCL Inbound,Union,526
10/19/2018 14:41,WS Outbound-DCL Inbound,Union,526
10/19/2018 14:41,WS Outbound-DCL Inbound,Union,526
10/19/2018 14:41,WS Outbound-DCL Inbound,Union,526
10/19/2018 14:41,WS Outbound-DCL Inbound,Union,526
10/19/2018 14:41,WS Outbound-DCL Inbound,Union,526
10/19/2018 14:41,WS Outbound-DCL Inbound,Union,526
10/19/2018 14:41,WS Outbound-DCL Inbound,Union,526
10/19/2018 14:41,WS Outbound-DCL Inbound,Union,526
10/19/2018 14:41,WS Outbound-DCL Inbound,Union,526
10/19/2018 14:43,WS Outbound-DCL Inbound,Union,528
10/19/2018 14:43,WS Outbound-DCL Inbound,Union,528
10/19/2018 14:43,WS Outbound-DCL Inbound,Union,528
10/19/2018 14:43,WS Outbound-DCL Inbound,Union,528
10/19/2018 14:43,WS Outbound-DCL Inbound,Union,528
10/19/2018 14:44,WS Outbound-DCL Inbound,Union,528
10/19/2018 14:44,WS Outbound-DCL Inbound,Union,528
10/19/2018 14:44,WS Outbound-DCL Inbound,Union,528
10/19/2018 14:44,WS Outbound-DCL Inbound,Union,528
10/19/2018 14:44,WS Outbound-DCL Inbound,Union,528
10/19/2018 14:45,WS Outbound-DCL Inbound,Union,528
10/19/2018 14:45,WS Outbound-DCL Inbound,Union,528
10/19/2018 14:45,WS Outbound-DCL Inbound,Union,528
10/19/2018 14:46,WS Outbound-DCL Inbound,Union,528
10/19/2018 14:46,WS Outbound-DCL Inbound,Union,528
10/19/2018 14:59,WS Outbound-DCL Inbound,UDC,891
10/19/2018 14:59,WS Outbound-DCL Inbound,UDC,891
10/19/2018 14:59,WS Outbound-DCL Inbound,UDC,891
10/19/2018 14:59,WS Outbound-DCL Inbound,UDC,891
10/19/2018 15:02,WS Outbound-DCL Inbound,Leroy St and Front,891
10/19/2018 15:03,WS Outbound-DCL Inbound,Main and Clarke IB,528
10/19/2018 15:03,WS Outbound-DCL Inbound,Leroy St and Murray IB,891
10/19/2018 15:03,WS Outbound-DCL Inbound,Leroy St and Murray IB,891
10/19/2018 15:03,WS Outbound-DCL Inbound,Leroy St and Murray IB,891
10/19/2018 15:03,WS Outbound-DCL Inbound,Leroy St and Murray IB,891
10/19/2018 15:03,WS Outbound-DCL Inbound,Leroy St and Murray IB,891
10/19/2018 15:04,WS Outbound-DCL Inbound,Leroy St and Chestnut IB,891
10/19/2018 15:04,WS Outbound-DCL Inbound,Leroy St and Chestnut IB,891
10/19/2018 15:04,WS Outbound-DCL Inbound,Leroy St and Chestnut IB,891
10/19/2018 15:06,WS Outbound-DCL Inbound,Beethoven and Leroy,891
10/19/2018 15:06,WS Outbound-DCL Inbound,Beethoven and Leroy,891
10/19/2018 15:06,WS Outbound-DCL Inbound,Beethoven and Leroy,891
10/19/2018 15:07,WS Outbound-DCL Inbound,Riverside and Beethoven,891
10/19/2018 15:10,WS Outbound-DCL Inbound,Hawley OB,528
10/19/2018 15:11,WS Outbound-DCL Inbound,UDC,528
10/19/2018 15:12,WS Outbound-DCL Inbound,UDC,528
10/19/2018 15:12,WS Outbound-DCL Inbound,UDC,528
10/19/2018 15:14,WS Outbound-DCL Inbound,Union,43
10/19/2018 15:14,WS Outbound-DCL Inbound,Union,43
10/19/2018 15:14,WS Outbound-DCL Inbound,Union,43
10/19/2018 15:14,WS Outbound-DCL Inbound,Union,43
10/19/2018 15:14,WS Outbound-DCL Inbound,Union,43
10/19/2018 15:14,WS Outbound-DCL Inbound,Union,43
10/19/2018 15:14,WS Outbound-DCL Inbound,Union,43
10/19/2018 15:14,WS Outbound-DCL Inbound,Union,43
10/19/2018 15:14,WS Outbound-DCL Inbound,Union,43
10/19/2018 15:14,WS Outbound-DCL Inbound,Union,43
10/19/2018 15:15,WS Outbound-DCL Inbound,Union,43
10/19/2018 15:15,WS Outbound-DCL Inbound,Union,43
10/19/2018 15:15,WS Outbound-DCL Inbound,Union,43
10/19/2018 15:15,WS Outbound-DCL Inbound,Union,43
10/19/2018 15:15,WS Outbound-DCL Inbound,Union,43
10/19/2018 15:15,WS Outbound-DCL Inbound,Union,43
10/19/2018 15:15,WS Outbound-DCL Inbound,Union,43
10/19/2018 15:15,WS Outbound-DCL Inbound,Union,43
10/19/2018 15:15,WS Outbound-DCL Inbound,Union,43
10/19/2018 15:15,WS Outbound-DCL Inbound,Union,43
10/19/2018 15:15,WS Outbound-DCL Inbound,Union,43
10/19/2018 15:15,WS Outbound-DCL Inbound,Union,43
10/19/2018 15:15,WS Outbound-DCL Inbound,Union,43
10/19/2018 15:15,WS Outbound-DCL Inbound,Union,43
10/19/2018 15:15,WS Outbound-DCL Inbound,Union,43
10/19/2018 15:15,WS Outbound-DCL Inbound,Union,43
10/19/2018 15:15,WS Outbound-DCL Inbound,Union,43
10/19/2018 15:15,WS Outbound-DCL Inbound,Union,43
10/19/2018 15:15,WS Outbound-DCL Inbound,Union,43
10/19/2018 15:15,WS Outbound-DCL Inbound,Union,43
10/19/2018 15:15,WS Outbound-DCL Inbound,Union,43
10/19/2018 15:15,WS Outbound-DCL Inbound,Union,43
10/19/2018 15:15,WS Outbound-DCL Inbound,Union,43
10/19/2018 15:15,WS Outbound-DCL Inbound,Union,43
10/19/2018 15:16,WS Outbound-DCL Inbound,Union,43
10/19/2018 15:17,WS Outbound-DCL Inbound,Leroy St and Murray IB,528
10/19/2018 15:17,WS Outbound-DCL Inbound,Leroy St and Murray IB,528
10/19/2018 15:17,WS Outbound-DCL Inbound,Leroy St and Murray IB,528
10/19/2018 15:17,WS Outbound-DCL Inbound,Leroy St and Murray IB,528
10/19/2018 15:17,WS Outbound-DCL Inbound,Leroy St and Murray IB,528
10/19/2018 15:18,WS Outbound-DCL Inbound,Leroy St and Chestnut IB,528
10/19/2018 15:18,WS Outbound-DCL Inbound,Leroy St and Chestnut IB,528
10/19/2018 15:18,WS Outbound-DCL Inbound,Leroy St and Chestnut IB,528
10/19/2018 15:28,WS Outbound-DCL Inbound,Union,21
10/19/2018 15:28,WS Outbound-DCL Inbound,Union,21
10/19/2018 15:28,WS Outbound-DCL Inbound,Union,21
10/19/2018 15:28,WS Outbound-DCL Inbound,Union,21
10/19/2018 15:28,WS Outbound-DCL Inbound,Union,21
10/19/2018 15:28,WS Outbound-DCL Inbound,Union,21
10/19/2018 15:29,WS Outbound-DCL Inbound,Union,21
10/19/2018 15:29,WS Outbound-DCL Inbound,Union,21
10/19/2018 15:29,WS Outbound-DCL Inbound,Union,21
10/19/2018 15:29,WS Outbound-DCL Inbound,Union,21
10/19/2018 15:29,WS Outbound-DCL Inbound,Union,21
10/19/2018 15:29,WS Outbound-DCL Inbound,Union,21
10/19/2018 15:29,WS Outbound-DCL Inbound,Union,21
10/19/2018 15:29,WS Outbound-DCL Inbound,Union,21
10/19/2018 15:29,WS Outbound-DCL Inbound,Union,21
10/19/2018 15:29,WS Outbound-DCL Inbound,Union,21
10/19/2018 15:29,WS Outbound-DCL Inbound,Union,21
10/19/2018 15:29,WS Outbound-DCL Inbound,Union,21
10/19/2018 15:29,WS Outbound-DCL Inbound,Union,21
10/19/2018 15:29,WS Outbound-DCL Inbound,Union,21
10/19/2018 15:29,WS Outbound-DCL Inbound,Union,21
10/19/2018 15:29,WS Outbound-DCL Inbound,Union,21
10/19/2018 15:29,WS Outbound-DCL Inbound,Union,21
10/19/2018 15:29,WS Outbound-DCL Inbound,Union,21
10/19/2018 15:29,WS Outbound-DCL Inbound,Union,21
10/19/2018 15:29,WS Outbound-DCL Inbound,Union,21
10/19/2018 15:29,WS Outbound-DCL Inbound,Union,21
10/19/2018 15:29,WS Outbound-DCL Inbound,Union,21
10/19/2018 15:29,WS Outbound-DCL Inbound,Union,21
10/19/2018 15:29,WS Outbound-DCL Inbound,Union,21
10/19/2018 15:30,WS Outbound-DCL Inbound,Union,21
10/19/2018 15:30,WS Outbound-DCL Inbound,Union,21
10/19/2018 15:30,WS Outbound-DCL Inbound,Main and Schiller OB,43
10/19/2018 15:30,WS Outbound-DCL Inbound,Union,21
10/19/2018 15:32,WS Outbound-DCL Inbound,Union,528
10/19/2018 15:32,WS Outbound-DCL Inbound,Union,528
10/19/2018 15:32,WS Outbound-DCL Inbound,Union,528
10/19/2018 15:32,WS Outbound-DCL Inbound,Union,528
10/19/2018 15:32,WS Outbound-DCL Inbound,Union,528
10/19/2018 15:32,WS Outbound-DCL Inbound,Union,528
10/19/2018 15:32,WS Outbound-DCL Inbound,Union,528
10/19/2018 15:32,WS Outbound-DCL Inbound,Union,528
10/19/2018 15:32,WS Outbound-DCL Inbound,Union,528
10/19/2018 15:32,WS Outbound-DCL Inbound,Union,528
10/19/2018 15:32,WS Outbound-DCL Inbound,Union,528
10/19/2018 15:32,WS Outbound-DCL Inbound,Union,528
10/19/2018 15:32,WS Outbound-DCL Inbound,Union,528
10/19/2018 15:32,WS Outbound-DCL Inbound,Union,528
10/19/2018 15:32,WS Outbound-DCL Inbound,Union,528
10/19/2018 15:32,WS Outbound-DCL Inbound,Union,528
10/19/2018 15:32,WS Outbound-DCL Inbound,Union,528
10/19/2018 15:32,WS Outbound-DCL Inbound,Union,528
10/19/2018 15:32,WS Outbound-DCL Inbound,Union,528
10/19/2018 15:32,WS Outbound-DCL Inbound,Union,528
10/19/2018 15:32,WS Outbound-DCL Inbound,Union,528
10/19/2018 15:32,WS Outbound-DCL Inbound,Union,528
10/19/2018 15:32,WS Outbound-DCL Inbound,Union,528
10/19/2018 15:32,WS Outbound-DCL Inbound,Union,528
10/19/2018 15:32,WS Outbound-DCL Inbound,Union,528
10/19/2018 15:32,WS Outbound-DCL Inbound,Union,528
10/19/2018 15:32,WS Outbound-DCL Inbound,Union,528
10/19/2018 15:32,WS Outbound-DCL Inbound,Union,528
10/19/2018 15:32,WS Outbound-DCL Inbound,Union,528
10/19/2018 15:33,WS Outbound-DCL Inbound,Union,528
10/19/2018 15:33,WS Outbound-DCL Inbound,Union,528
10/19/2018 15:33,WS Outbound-DCL Inbound,Union,528
10/19/2018 15:33,WS Outbound-DCL Inbound,Union,528
10/19/2018 15:33,WS Outbound-DCL Inbound,Union,528
10/19/2018 15:33,WS Outbound-DCL Inbound,Union,528
10/19/2018 15:33,WS Outbound-DCL Inbound,Union,528
10/19/2018 15:33,WS Outbound-DCL Inbound,Union,528
10/19/2018 15:33,WS Outbound-DCL Inbound,Union,528
10/19/2018 15:33,WS Outbound-DCL Inbound,Union,528
10/19/2018 15:33,WS Outbound-DCL Inbound,Union,528
10/19/2018 15:33,WS Outbound-DCL Inbound,Union,528
10/19/2018 15:33,WS Outbound-DCL Inbound,Union,528
10/19/2018 15:33,WS Outbound-DCL Inbound,Union,528
10/19/2018 15:33,WS Outbound-DCL Inbound,Physical Facilities,21
10/19/2018 15:33,WS Outbound-DCL Inbound,Union,528
10/19/2018 15:33,WS Outbound-DCL Inbound,Union,528
10/19/2018 15:33,WS Outbound-DCL Inbound,Physical Facilities,21
10/19/2018 15:33,WS Outbound-DCL Inbound,Union,528
10/19/2018 15:33,WS Outbound-DCL Inbound,Union,528
10/19/2018 15:33,WS Outbound-DCL Inbound,Union,528
10/19/2018 15:33,WS Outbound-DCL Inbound,Union,528
10/19/2018 15:33,WS Outbound-DCL Inbound,Union,528
10/19/2018 15:33,WS Outbound-DCL Inbound,Union,528
10/19/2018 15:33,WS Outbound-DCL Inbound,Union,528
10/19/2018 15:34,WS Outbound-DCL Inbound,Union,528
10/19/2018 15:34,WS Outbound-DCL Inbound,Union,528
10/19/2018 15:34,WS Outbound-DCL Inbound,Union,528
10/19/2018 15:34,WS Outbound-DCL Inbound,Union,528
10/19/2018 15:34,WS Outbound-DCL Inbound,Union,528
10/19/2018 15:34,WS Outbound-DCL Inbound,Union,528
10/19/2018 15:34,WS Outbound-DCL Inbound,Main and Murray OB,43
10/19/2018 15:37,WS Outbound-DCL Inbound,Hawley OB,43
10/19/2018 15:37,WS Outbound-DCL Inbound,Hawley OB,43
10/19/2018 15:39,WS Outbound-DCL Inbound,UDC,43
10/19/2018 15:42,WS Outbound-DCL Inbound,Leroy St and Front,43
10/19/2018 15:43,WS Outbound-DCL Inbound,Leroy St and Murray IB,43
10/19/2018 15:43,WS Outbound-DCL Inbound,Leroy St and Murray IB,43
10/19/2018 15:43,WS Outbound-DCL Inbound,Leroy St and Murray IB,43
10/19/2018 15:43,WS Outbound-DCL Inbound,Leroy St and Murray IB,43
10/19/2018 15:43,WS Outbound-DCL Inbound,Leroy St and Murray IB,43
10/19/2018 15:44,WS Outbound-DCL Inbound,Leroy St and Chestnut IB,43
10/19/2018 15:44,WS Outbound-DCL Inbound,Leroy St and Chestnut IB,43
10/19/2018 15:45,WS Outbound-DCL Inbound,Floral and Cleveland OB,21
10/19/2018 15:45,WS Outbound-DCL Inbound,Floral and Cleveland OB,21
10/19/2018 15:46,WS Outbound-DCL Inbound,Beethoven and Leroy,43
10/19/2018 15:52,WS Outbound-DCL Inbound,Target,528
10/19/2018 15:52,WS Outbound-DCL Inbound,Target,528
10/19/2018 15:52,WS Outbound-DCL Inbound,Target,528
10/19/2018 15:56,WS Outbound-DCL Inbound,Barnes and Noble,528
10/19/2018 15:56,WS Outbound-DCL Inbound,Barnes and Noble,528
10/19/2018 15:58,WS Outbound-DCL Inbound,Union,43
10/19/2018 15:58,WS Outbound-DCL Inbound,Union,43
10/19/2018 15:58,WS Outbound-DCL Inbound,Union,43
10/19/2018 15:58,WS Outbound-DCL Inbound,Union,43
10/19/2018 15:58,WS Outbound-DCL Inbound,Union,43
10/19/2018 15:58,WS Outbound-DCL Inbound,Union,43
10/19/2018 15:58,WS Outbound-DCL Inbound,Union,43
10/19/2018 15:58,WS Outbound-DCL Inbound,Union,43
10/19/2018 15:58,WS Outbound-DCL Inbound,Union,43
10/19/2018 15:58,WS Outbound-DCL Inbound,Union,43
10/19/2018 15:58,WS Outbound-DCL Inbound,Walmart,528
10/19/2018 15:58,WS Outbound-DCL Inbound,Union,43
10/19/2018 15:58,WS Outbound-DCL Inbound,Union,43
10/19/2018 15:58,WS Outbound-DCL Inbound,Union,43
10/19/2018 15:59,WS Outbound-DCL Inbound,Union,43
10/19/2018 15:59,WS Outbound-DCL Inbound,Union,43
10/19/2018 15:59,WS Outbound-DCL Inbound,Union,43
10/19/2018 15:59,WS Outbound-DCL Inbound,Union,43
10/19/2018 15:59,WS Outbound-DCL Inbound,Union,43
10/19/2018 15:59,WS Outbound-DCL Inbound,Union,43
10/19/2018 15:59,WS Outbound-DCL Inbound,Union,43
10/19/2018 15:59,WS Outbound-DCL Inbound,Union,43
10/19/2018 15:59,WS Outbound-DCL Inbound,UDC,21
10/19/2018 15:59,WS Outbound-DCL Inbound,Union,43
10/19/2018 16:00,WS Outbound-DCL Inbound,Union,43
10/19/2018 16:00,WS Outbound-DCL Inbound,Union,43
10/19/2018 16:00,WS Outbound-DCL Inbound,Union,43
10/19/2018 16:00,WS Outbound-DCL Inbound,Union,43
10/19/2018 16:00,WS Outbound-DCL Inbound,UDC,21
10/19/2018 16:03,WS Outbound-DCL Inbound,Leroy St and Murray IB,21
10/19/2018 16:03,WS Outbound-DCL Inbound,Leroy St and Murray IB,21
10/19/2018 16:03,WS Outbound-DCL Inbound,Leroy St and Murray IB,21
10/19/2018 16:03,WS Outbound-DCL Inbound,Leroy St and Murray IB,21
10/19/2018 16:03,WS Outbound-DCL Inbound,Leroy St and Murray IB,21
10/19/2018 16:03,WS Outbound-DCL Inbound,Leroy St and Murray IB,21
10/19/2018 16:03,WS Outbound-DCL Inbound,Leroy St and Murray IB,21
10/19/2018 16:03,WS Outbound-DCL Inbound,Leroy St and Murray IB,21
10/19/2018 16:05,WS Outbound-DCL Inbound,Leroy St and Laurel IB,21
10/19/2018 16:10,WS Outbound-DCL Inbound,Union,528
10/19/2018 16:10,WS Outbound-DCL Inbound,Union,528
10/19/2018 16:10,WS Outbound-DCL Inbound,Union,528
10/19/2018 16:10,WS Outbound-DCL Inbound,Union,528
10/19/2018 16:10,WS Outbound-DCL Inbound,Union,528
10/19/2018 16:10,WS Outbound-DCL Inbound,Union,528
10/19/2018 16:10,WS Outbound-DCL Inbound,Union,528
10/19/2018 16:10,WS Outbound-DCL Inbound,Union,528
10/19/2018 16:10,WS Outbound-DCL Inbound,Union,528
10/19/2018 16:10,WS Outbound-DCL Inbound,Union,528
10/19/2018 16:10,WS Outbound-DCL Inbound,Union,528
10/19/2018 16:10,WS Outbound-DCL Inbound,Union,528
10/19/2018 16:10,WS Outbound-DCL Inbound,Union,528
10/19/2018 16:10,WS Outbound-DCL Inbound,Union,528
10/19/2018 16:10,WS Outbound-DCL Inbound,Union,528
10/19/2018 16:10,WS Outbound-DCL Inbound,Union,528
10/19/2018 16:10,WS Outbound-DCL Inbound,Union,528
10/19/2018 16:10,WS Outbound-DCL Inbound,Union,528
10/19/2018 16:10,WS Outbound-DCL Inbound,Union,528
10/19/2018 16:10,WS Outbound-DCL Inbound,Union,528
10/19/2018 16:10,WS Outbound-DCL Inbound,Union,528
10/19/2018 16:10,WS Outbound-DCL Inbound,Union,528
10/19/2018 16:10,WS Outbound-DCL Inbound,Union,528
10/19/2018 16:11,WS Outbound-DCL Inbound,Union,528
10/19/2018 16:11,WS Outbound-DCL Inbound,Union,528
10/19/2018 16:11,WS Outbound-DCL Inbound,Union,528
10/19/2018 16:11,WS Outbound-DCL Inbound,Union,528
10/19/2018 16:11,WS Outbound-DCL Inbound,Union,528
10/19/2018 16:11,WS Outbound-DCL Inbound,Union,528
10/19/2018 16:11,WS Outbound-DCL Inbound,Union,528
10/19/2018 16:11,WS Outbound-DCL Inbound,Union,528
10/19/2018 16:11,WS Outbound-DCL Inbound,Union,528
10/19/2018 16:11,WS Outbound-DCL Inbound,Union,528
10/19/2018 16:11,WS Outbound-DCL Inbound,Union,528
10/19/2018 16:11,WS Outbound-DCL Inbound,Union,528
10/19/2018 16:11,WS Outbound-DCL Inbound,Union,528
10/19/2018 16:11,WS Outbound-DCL Inbound,Union,528
10/19/2018 16:12,WS Outbound-DCL Inbound,Union,526
10/19/2018 16:12,WS Outbound-DCL Inbound,Union,526
10/19/2018 16:13,WS Outbound-DCL Inbound,Physical Facilities,528
10/19/2018 16:14,WS Outbound-DCL Inbound,Union,526
10/19/2018 16:14,WS Outbound-DCL Inbound,Union,526
10/19/2018 16:14,WS Outbound-DCL Inbound,Denny''s,528
10/19/2018 16:14,WS Outbound-DCL Inbound,Union,526
10/19/2018 16:15,WS Outbound-DCL Inbound,Union,526
10/19/2018 16:15,WS Outbound-DCL Inbound,Union,526
10/19/2018 16:15,WS Outbound-DCL Inbound,Union,526
10/19/2018 16:15,WS Outbound-DCL Inbound,Union,526
10/19/2018 16:15,WS Outbound-DCL Inbound,Union,526
10/19/2018 16:15,WS Outbound-DCL Inbound,Union,526
10/19/2018 16:18,WS Outbound-DCL Inbound,Physical Facilities OB,526
10/19/2018 16:24,WS Outbound-DCL Inbound,Union,43
10/19/2018 16:24,WS Outbound-DCL Inbound,Union,43
10/19/2018 16:24,WS Outbound-DCL Inbound,Union,43
10/19/2018 16:24,WS Outbound-DCL Inbound,Union,43
10/19/2018 16:24,WS Outbound-DCL Inbound,Union,43
10/19/2018 16:24,WS Outbound-DCL Inbound,Union,43
10/19/2018 16:24,WS Outbound-DCL Inbound,Union,43
10/19/2018 16:24,WS Outbound-DCL Inbound,Union,43
10/19/2018 16:24,WS Outbound-DCL Inbound,Union,43
10/19/2018 16:24,WS Outbound-DCL Inbound,Union,43
10/19/2018 16:24,WS Outbound-DCL Inbound,Union,43
10/19/2018 16:24,WS Outbound-DCL Inbound,Union,43
10/19/2018 16:25,WS Outbound-DCL Inbound,Union,43
10/19/2018 16:25,WS Outbound-DCL Inbound,Union,43
10/19/2018 16:25,WS Outbound-DCL Inbound,Union,43
10/19/2018 16:26,WS Outbound-DCL Inbound,Union,43
10/19/2018 16:26,WS Outbound-DCL Inbound,Union,43
10/19/2018 16:26,WS Outbound-DCL Inbound,Union,43
10/19/2018 16:26,WS Outbound-DCL Inbound,Union,43
10/19/2018 16:26,WS Outbound-DCL Inbound,Union,43
10/19/2018 16:26,WS Outbound-DCL Inbound,Union,43
10/19/2018 16:26,WS Outbound-DCL Inbound,Main and Arthur,528
10/19/2018 16:26,WS Outbound-DCL Inbound,Union,43
10/19/2018 16:26,WS Outbound-DCL Inbound,Union,43
10/19/2018 16:26,WS Outbound-DCL Inbound,Union,43
10/19/2018 16:26,WS Outbound-DCL Inbound,Union,43
10/19/2018 16:26,WS Outbound-DCL Inbound,Union,43
10/19/2018 16:27,WS Outbound-DCL Inbound,Union,43
10/19/2018 16:27,WS Outbound-DCL Inbound,Union,43
10/19/2018 16:27,WS Outbound-DCL Inbound,Union,43
10/19/2018 16:27,WS Outbound-DCL Inbound,Union,43
10/19/2018 16:27,WS Outbound-DCL Inbound,Union,43
10/19/2018 16:28,WS Outbound-DCL Inbound,Union,43
10/19/2018 16:28,WS Outbound-DCL Inbound,Union,43
10/19/2018 16:28,WS Outbound-DCL Inbound,Union,43
10/19/2018 16:28,WS Outbound-DCL Inbound,Union,43
10/19/2018 16:28,WS Outbound-DCL Inbound,Union,43
10/19/2018 16:29,WS Outbound-DCL Inbound,Union,43
10/19/2018 16:29,WS Outbound-DCL Inbound,Union,43
10/19/2018 16:29,WS Outbound-DCL Inbound,Union,43
10/19/2018 16:29,WS Outbound-DCL Inbound,Union,43
10/19/2018 16:29,WS Outbound-DCL Inbound,Union,43
10/19/2018 16:29,WS Outbound-DCL Inbound,Union,43
10/19/2018 16:33,WS Outbound-DCL Inbound,Main and Arthur,526
10/19/2018 16:37,WS Outbound-DCL Inbound,Hawley OB,526
10/19/2018 16:39,WS Outbound-DCL Inbound,UDC,526
10/19/2018 16:39,WS Outbound-DCL Inbound,UDC,526
10/19/2018 16:41,WS Outbound-DCL Inbound,Floral and Willow OB,43
10/19/2018 16:41,WS Outbound-DCL Inbound,Union,891
10/19/2018 16:41,WS Outbound-DCL Inbound,Union,891
10/19/2018 16:41,WS Outbound-DCL Inbound,Union,891
10/19/2018 16:41,WS Outbound-DCL Inbound,Union,891
10/19/2018 16:41,WS Outbound-DCL Inbound,Union,891
10/19/2018 16:41,WS Outbound-DCL Inbound,Union,891
10/19/2018 16:41,WS Outbound-DCL Inbound,Union,891
10/19/2018 16:41,WS Outbound-DCL Inbound,Union,891
10/19/2018 16:41,WS Outbound-DCL Inbound,Union,891
10/19/2018 16:41,WS Outbound-DCL Inbound,Union,891
10/19/2018 16:41,WS Outbound-DCL Inbound,Union,891
10/19/2018 16:41,WS Outbound-DCL Inbound,Union,891
10/19/2018 16:41,WS Outbound-DCL Inbound,Union,891
10/19/2018 16:41,WS Outbound-DCL Inbound,Union,891
10/19/2018 16:42,WS Outbound-DCL Inbound,Union,891
10/19/2018 16:43,WS Outbound-DCL Inbound,Leroy St and Murray IB,526
10/19/2018 16:43,WS Outbound-DCL Inbound,Leroy St and Murray IB,526
10/19/2018 16:43,WS Outbound-DCL Inbound,Union,891
10/19/2018 16:43,WS Outbound-DCL Inbound,Leroy St and Chestnut IB,526
10/19/2018 16:44,WS Outbound-DCL Inbound,Leroy St and Chestnut IB,526
10/19/2018 16:44,WS Outbound-DCL Inbound,Leroy St and Chestnut IB,526
10/19/2018 16:44,WS Outbound-DCL Inbound,Leroy St and Chestnut IB,526
10/19/2018 16:44,WS Outbound-DCL Inbound,Leroy St and Chestnut IB,526
10/19/2018 16:44,WS Outbound-DCL Inbound,Leroy St and Chestnut IB,526
10/19/2018 16:45,WS Outbound-DCL Inbound,Union,891
10/19/2018 16:45,WS Outbound-DCL Inbound,Union,891
10/19/2018 16:45,WS Outbound-DCL Inbound,Union,891
10/19/2018 16:46,WS Outbound-DCL Inbound,Union,891
10/19/2018 16:46,WS Outbound-DCL Inbound,Union,891
10/19/2018 16:47,WS Outbound-DCL Inbound,Union,891
10/19/2018 16:47,WS Outbound-DCL Inbound,Union,891
10/19/2018 16:47,WS Outbound-DCL Inbound,Union,891
10/19/2018 16:48,WS Outbound-DCL Inbound,Union,891
10/19/2018 16:48,WS Outbound-DCL Inbound,Main and Clarke OB,43
10/19/2018 16:48,WS Outbound-DCL Inbound,Main and Clarke OB,43
10/19/2018 16:52,WS Outbound-DCL Inbound,Main and Front OB,43
10/19/2018 16:52,WS Outbound-DCL Inbound,Main and Front OB,43
10/19/2018 16:56,WS Outbound-DCL Inbound,UDC,43
10/19/2018 16:56,WS Outbound-DCL Inbound,UDC,43
10/19/2018 16:56,WS Outbound-DCL Inbound,UDC,43
10/19/2018 16:56,WS Outbound-DCL Inbound,UDC,43
10/19/2018 16:56,WS Outbound-DCL Inbound,UDC,43
10/19/2018 17:04,WS Outbound-DCL Inbound,Main and Helen OB,891
10/19/2018 17:05,WS Outbound-DCL Inbound,Main and Schiller OB,891
10/19/2018 17:06,WS Outbound-DCL Inbound,Main and Clarke OB,891
10/19/2018 17:07,WS Outbound-DCL Inbound,Main and Cedar OB,891
10/19/2018 17:08,WS Outbound-DCL Inbound,Main and Arthur,891
10/19/2018 17:10,WS Outbound-DCL Inbound,Main and Murray OB,891
10/19/2018 17:14,WS Outbound-DCL Inbound,Union,889
10/19/2018 17:14,WS Outbound-DCL Inbound,Union,889
10/19/2018 17:14,WS Outbound-DCL Inbound,Union,889
10/19/2018 17:14,WS Outbound-DCL Inbound,Union,889
10/19/2018 17:14,WS Outbound-DCL Inbound,Union,889
10/19/2018 17:14,WS Outbound-DCL Inbound,Union,889
10/19/2018 17:14,WS Outbound-DCL Inbound,Union,889
10/19/2018 17:14,WS Outbound-DCL Inbound,Union,889
10/19/2018 17:14,WS Outbound-DCL Inbound,Union,889
10/19/2018 17:14,WS Outbound-DCL Inbound,Union,889
10/19/2018 17:14,WS Outbound-DCL Inbound,Union,889
10/19/2018 17:14,WS Outbound-DCL Inbound,Union,889
10/19/2018 17:14,WS Outbound-DCL Inbound,Union,889
10/19/2018 17:14,WS Outbound-DCL Inbound,Union,889
10/19/2018 17:14,WS Outbound-DCL Inbound,Union,889
10/19/2018 17:14,WS Outbound-DCL Inbound,Union,889
10/19/2018 17:14,WS Outbound-DCL Inbound,Union,889
10/19/2018 17:14,WS Outbound-DCL Inbound,Union,889
10/19/2018 17:15,WS Outbound-DCL Inbound,Union,889
10/19/2018 17:15,WS Outbound-DCL Inbound,Union,889
10/19/2018 17:15,WS Outbound-DCL Inbound,Union,889
10/19/2018 17:15,WS Outbound-DCL Inbound,Union,889
10/19/2018 17:15,WS Outbound-DCL Inbound,Union,889
10/19/2018 17:15,WS Outbound-DCL Inbound,Union,889
10/19/2018 17:17,WS Outbound-DCL Inbound,Physical Facilities,889
10/19/2018 17:30,WS Outbound-DCL Inbound,Union,526
10/19/2018 17:30,WS Outbound-DCL Inbound,Union,526
10/19/2018 17:30,WS Outbound-DCL Inbound,Union,526
10/19/2018 17:30,WS Outbound-DCL Inbound,Union,526
10/19/2018 17:31,WS Outbound-DCL Inbound,Union,526
10/19/2018 17:31,WS Outbound-DCL Inbound,Main and Murray OB,889
10/19/2018 17:31,WS Outbound-DCL Inbound,Union,526
10/19/2018 17:31,WS Outbound-DCL Inbound,Union,526
10/19/2018 17:31,WS Outbound-DCL Inbound,Union,526
10/19/2018 17:31,WS Outbound-DCL Inbound,Union,526
10/19/2018 17:31,WS Outbound-DCL Inbound,Union,526
10/19/2018 17:31,WS Outbound-DCL Inbound,Union,526
10/19/2018 17:31,WS Outbound-DCL Inbound,Union,526
10/19/2018 17:31,WS Outbound-DCL Inbound,Union,526
10/19/2018 17:31,WS Outbound-DCL Inbound,Union,526
10/19/2018 17:31,WS Outbound-DCL Inbound,Union,526
10/19/2018 17:31,WS Outbound-DCL Inbound,Union,526
10/19/2018 17:32,WS Outbound-DCL Inbound,Union,526
10/19/2018 17:33,WS Outbound-DCL Inbound,Union,526
10/19/2018 17:33,WS Outbound-DCL Inbound,Union,526
10/19/2018 17:33,WS Outbound-DCL Inbound,Union,526
10/19/2018 17:33,WS Outbound-DCL Inbound,Union,526
10/19/2018 17:34,WS Outbound-DCL Inbound,Union,526
10/19/2018 17:34,WS Outbound-DCL Inbound,Union,526
10/19/2018 17:34,WS Outbound-DCL Inbound,Union,526
10/19/2018 17:34,WS Outbound-DCL Inbound,Union,526
10/19/2018 17:34,WS Outbound-DCL Inbound,Union,526
10/19/2018 17:35,WS Outbound-DCL Inbound,UDC,889
10/19/2018 17:35,WS Outbound-DCL Inbound,UDC,889
10/19/2018 17:35,WS Outbound-DCL Inbound,UDC,889
10/19/2018 17:35,WS Outbound-DCL Inbound,UDC,889
10/19/2018 17:35,WS Outbound-DCL Inbound,UDC,889
10/19/2018 17:35,WS Outbound-DCL Inbound,UDC,889
10/19/2018 17:35,WS Outbound-DCL Inbound,Union,526
10/19/2018 17:36,WS Outbound-DCL Inbound,Union,526
10/19/2018 17:36,WS Outbound-DCL Inbound,UDC,889
10/19/2018 17:36,WS Outbound-DCL Inbound,Union,526
10/19/2018 17:36,WS Outbound-DCL Inbound,Union,526
10/19/2018 17:36,WS Outbound-DCL Inbound,Union,526
10/19/2018 17:37,WS Outbound-DCL Inbound,Union,526
10/19/2018 17:37,WS Outbound-DCL Inbound,Union,526
10/19/2018 17:37,WS Outbound-DCL Inbound,Union,526
10/19/2018 17:37,WS Outbound-DCL Inbound,Union,526
10/19/2018 17:37,WS Outbound-DCL Inbound,Union,526
10/19/2018 17:39,WS Outbound-DCL Inbound,UDC,889
10/19/2018 17:39,WS Outbound-DCL Inbound,Physical Facilities,526
10/19/2018 17:41,WS Outbound-DCL Inbound,Denny''s,526
10/19/2018 17:43,WS Outbound-DCL Inbound,Leroy St and Murray IB,889
10/19/2018 17:43,WS Outbound-DCL Inbound,Leroy St and Murray IB,889
10/19/2018 17:43,WS Outbound-DCL Inbound,Union,42
10/19/2018 17:43,WS Outbound-DCL Inbound,Union,42
10/19/2018 17:43,WS Outbound-DCL Inbound,Union,42
10/19/2018 17:43,WS Outbound-DCL Inbound,Union,42
10/19/2018 17:43,WS Outbound-DCL Inbound,Union,42
10/19/2018 17:43,WS Outbound-DCL Inbound,Union,42
10/19/2018 17:43,WS Outbound-DCL Inbound,Union,42
10/19/2018 17:43,WS Outbound-DCL Inbound,Union,42
10/19/2018 17:43,WS Outbound-DCL Inbound,Union,42
10/19/2018 17:43,WS Outbound-DCL Inbound,Union,42
10/19/2018 17:43,WS Outbound-DCL Inbound,Union,42
10/19/2018 17:43,WS Outbound-DCL Inbound,Union,42
10/19/2018 17:43,WS Outbound-DCL Inbound,Union,42
10/19/2018 17:43,WS Outbound-DCL Inbound,Union,42
10/19/2018 17:44,WS Outbound-DCL Inbound,Union,42
10/19/2018 17:44,WS Outbound-DCL Inbound,Union,42
10/19/2018 17:44,WS Outbound-DCL Inbound,Union,42
10/19/2018 17:44,WS Outbound-DCL Inbound,Union,42
10/19/2018 17:44,WS Outbound-DCL Inbound,Union,42
10/19/2018 17:44,WS Outbound-DCL Inbound,Union,42
10/19/2018 17:44,WS Outbound-DCL Inbound,Union,42
10/19/2018 17:44,WS Outbound-DCL Inbound,Union,42
10/19/2018 17:44,WS Outbound-DCL Inbound,Union,42
10/19/2018 17:44,WS Outbound-DCL Inbound,Union,42
10/19/2018 17:44,WS Outbound-DCL Inbound,Union,42
10/19/2018 17:44,WS Outbound-DCL Inbound,Union,42
10/19/2018 17:44,WS Outbound-DCL Inbound,Leroy St and Chestnut IB,889
10/19/2018 17:44,WS Outbound-DCL Inbound,Leroy St and Chestnut IB,889
10/19/2018 17:44,WS Outbound-DCL Inbound,Union,42
10/19/2018 17:45,WS Outbound-DCL Inbound,Union,42
10/19/2018 17:46,WS Outbound-DCL Inbound,Union,42
10/19/2018 17:48,WS Outbound-DCL Inbound,Physical Facilities,42
10/19/2018 17:58,WS Outbound-DCL Inbound,Hawley OB,526
10/19/2018 17:58,WS Outbound-DCL Inbound,Hawley OB,526
10/19/2018 18:06,WS Outbound-DCL Inbound,Union,889
10/19/2018 18:06,WS Outbound-DCL Inbound,Union,889
10/19/2018 18:06,WS Outbound-DCL Inbound,Union,889
10/19/2018 18:06,WS Outbound-DCL Inbound,Union,889
10/19/2018 18:07,WS Outbound-DCL Inbound,Union,889
10/19/2018 18:07,WS Outbound-DCL Inbound,Union,889
10/19/2018 18:07,WS Outbound-DCL Inbound,Union,528
10/19/2018 18:07,WS Outbound-DCL Inbound,Union,889
10/19/2018 18:07,WS Outbound-DCL Inbound,Union,528
10/19/2018 18:07,WS Outbound-DCL Inbound,Union,528
10/19/2018 18:07,WS Outbound-DCL Inbound,Union,528
10/19/2018 18:07,WS Outbound-DCL Inbound,Union,528
10/19/2018 18:07,WS Outbound-DCL Inbound,Union,528
10/19/2018 18:07,WS Outbound-DCL Inbound,Union,528
10/19/2018 18:07,WS Outbound-DCL Inbound,Union,528
10/19/2018 18:07,WS Outbound-DCL Inbound,Union,889
10/19/2018 18:07,WS Outbound-DCL Inbound,Union,528
10/19/2018 18:07,WS Outbound-DCL Inbound,Union,528
10/19/2018 18:07,WS Outbound-DCL Inbound,Union,528
10/19/2018 18:07,WS Outbound-DCL Inbound,Union,528
10/19/2018 18:07,WS Outbound-DCL Inbound,Union,528
10/19/2018 18:07,WS Outbound-DCL Inbound,Union,528
10/19/2018 18:07,WS Outbound-DCL Inbound,Union,528
10/19/2018 18:07,WS Outbound-DCL Inbound,Union,528
10/19/2018 18:07,WS Outbound-DCL Inbound,Union,528
10/19/2018 18:07,WS Outbound-DCL Inbound,Union,528
10/19/2018 18:07,WS Outbound-DCL Inbound,Union,528
10/19/2018 18:07,WS Outbound-DCL Inbound,Union,528
10/19/2018 18:07,WS Outbound-DCL Inbound,Union,528
10/19/2018 18:07,WS Outbound-DCL Inbound,Union,528
10/19/2018 18:07,WS Outbound-DCL Inbound,Union,528
10/19/2018 18:07,WS Outbound-DCL Inbound,Union,528
10/19/2018 18:07,WS Outbound-DCL Inbound,Union,528
10/19/2018 18:08,WS Outbound-DCL Inbound,Union,528
10/19/2018 18:09,WS Outbound-DCL Inbound,Union,528
10/19/2018 18:11,WS Outbound-DCL Inbound,Physical Facilities,528
10/19/2018 18:11,WS Outbound-DCL Inbound,UDC,42
10/19/2018 18:11,WS Outbound-DCL Inbound,UDC,42
10/19/2018 18:12,WS Outbound-DCL Inbound,Union,21
10/19/2018 18:13,WS Outbound-DCL Inbound,Union,21
10/19/2018 18:13,WS Outbound-DCL Inbound,Union,21
10/19/2018 18:13,WS Outbound-DCL Inbound,Union,21
10/19/2018 18:15,WS Outbound-DCL Inbound,Union,21
10/19/2018 18:15,WS Outbound-DCL Inbound,Union,21
10/19/2018 18:21,WS Outbound-DCL Inbound,Main and Helen OB,528
10/19/2018 18:22,WS Outbound-DCL Inbound,Main and Schiller OB,528
10/19/2018 18:22,WS Outbound-DCL Inbound,Main and Schiller OB,528
10/19/2018 18:22,WS Outbound-DCL Inbound,Main and Schiller OB,528
10/19/2018 18:27,WS Outbound-DCL Inbound,Mohawk,42
10/19/2018 18:27,WS Outbound-DCL Inbound,Mohawk,42
10/19/2018 18:27,WS Outbound-DCL Inbound,Mohawk,42
10/19/2018 18:27,WS Outbound-DCL Inbound,Mohawk,42
10/19/2018 18:27,WS Outbound-DCL Inbound,Mohawk,42
10/19/2018 18:27,WS Outbound-DCL Inbound,Mohawk,42
10/19/2018 18:27,WS Outbound-DCL Inbound,Mohawk,42
10/19/2018 18:27,WS Outbound-DCL Inbound,Mohawk,42
10/19/2018 18:28,WS Outbound-DCL Inbound,Main and Schiller OB,21
10/19/2018 18:28,WS Outbound-DCL Inbound,Mohawk,42
10/19/2018 18:29,WS Outbound-DCL Inbound,Mohawk,42
10/19/2018 18:30,WS Outbound-DCL Inbound,Main and Cedar OB,21
10/19/2018 18:30,WS Outbound-DCL Inbound,Main and Cedar OB,21
10/19/2018 18:30,WS Outbound-DCL Inbound,Main and Cedar OB,21
10/19/2018 18:30,WS Outbound-DCL Inbound,Main and Cedar OB,21
10/19/2018 18:30,WS Outbound-DCL Inbound,UDC,528
10/19/2018 18:31,WS Outbound-DCL Inbound,Mohawk,42
10/19/2018 18:31,WS Outbound-DCL Inbound,Mohawk,42
10/19/2018 18:32,WS Outbound-DCL Inbound,Union,891
10/19/2018 18:32,WS Outbound-DCL Inbound,Union,891
10/19/2018 18:32,WS Outbound-DCL Inbound,Union,891
10/19/2018 18:32,WS Outbound-DCL Inbound,Union,891
10/19/2018 18:32,WS Outbound-DCL Inbound,Union,891
10/19/2018 18:32,WS Outbound-DCL Inbound,Union,891
10/19/2018 18:32,WS Outbound-DCL Inbound,Union,891
10/19/2018 18:32,WS Outbound-DCL Inbound,Union,891
10/19/2018 18:32,WS Outbound-DCL Inbound,Union,891
10/19/2018 18:32,WS Outbound-DCL Inbound,Union,891
10/19/2018 18:32,WS Outbound-DCL Inbound,Union,891
10/19/2018 18:32,WS Outbound-DCL Inbound,Union,891
10/19/2018 18:33,WS Outbound-DCL Inbound,Union,891
10/19/2018 18:33,WS Outbound-DCL Inbound,Union,891
10/19/2018 18:33,WS Outbound-DCL Inbound,Union,891
10/19/2018 18:33,WS Outbound-DCL Inbound,Union,891
10/19/2018 18:33,WS Outbound-DCL Inbound,Union,891
10/19/2018 18:33,WS Outbound-DCL Inbound,Union,891
10/19/2018 18:33,WS Outbound-DCL Inbound,Union,891
10/19/2018 18:33,WS Outbound-DCL Inbound,Union,891
10/19/2018 18:33,WS Outbound-DCL Inbound,Union,891
10/19/2018 18:33,WS Outbound-DCL Inbound,Union,891
10/19/2018 18:33,WS Outbound-DCL Inbound,Union,891
10/19/2018 18:34,WS Outbound-DCL Inbound,Union,891
10/19/2018 18:34,WS Outbound-DCL Inbound,Mohawk,42
10/19/2018 18:35,WS Outbound-DCL Inbound,Mohawk,42
10/19/2018 18:35,WS Outbound-DCL Inbound,Union,891
10/19/2018 18:35,WS Outbound-DCL Inbound,Union,891
10/19/2018 18:35,WS Outbound-DCL Inbound,Union,891
10/19/2018 18:36,WS Outbound-DCL Inbound,Newing,42
10/19/2018 18:36,WS Outbound-DCL Inbound,Union,891
10/19/2018 18:36,WS Outbound-DCL Inbound,Newing,42
10/19/2018 18:36,WS Outbound-DCL Inbound,Newing,42
10/19/2018 18:36,WS Outbound-DCL Inbound,Newing,42
10/19/2018 18:36,WS Outbound-DCL Inbound,Newing,42
10/19/2018 18:37,WS Outbound-DCL Inbound,Union,891
10/19/2018 18:37,WS Outbound-DCL Inbound,UDC,21
10/19/2018 18:37,WS Outbound-DCL Inbound,UDC,21
10/19/2018 18:38,WS Outbound-DCL Inbound,UDC,21
10/19/2018 18:42,WS Outbound-DCL Inbound,UP,42
10/19/2018 18:42,WS Outbound-DCL Inbound,UP,42
10/19/2018 18:42,WS Outbound-DCL Inbound,UP,42
10/19/2018 18:42,WS Outbound-DCL Inbound,UP,42
10/19/2018 18:42,WS Outbound-DCL Inbound,UP,42
10/19/2018 18:43,WS Outbound-DCL Inbound,UP,42
10/19/2018 18:43,WS Outbound-DCL Inbound,UP,42
10/19/2018 18:43,WS Outbound-DCL Inbound,UP,42
10/19/2018 18:43,WS Outbound-DCL Inbound,UP,42
10/19/2018 18:43,WS Outbound-DCL Inbound,UP,42
10/19/2018 18:43,WS Outbound-DCL Inbound,UP,42
10/19/2018 18:43,WS Outbound-DCL Inbound,UP,42
10/19/2018 18:43,WS Outbound-DCL Inbound,UP,42
10/19/2018 18:43,WS Outbound-DCL Inbound,Leroy St and Front,21
10/19/2018 18:44,WS Outbound-DCL Inbound,Union,528
10/19/2018 18:44,WS Outbound-DCL Inbound,Union,528
10/19/2018 18:44,WS Outbound-DCL Inbound,Union,528
10/19/2018 18:44,WS Outbound-DCL Inbound,Union,528
10/19/2018 18:44,WS Outbound-DCL Inbound,Meadows OB,42
10/19/2018 18:44,WS Outbound-DCL Inbound,Union,528
10/19/2018 18:44,WS Outbound-DCL Inbound,Union,528
10/19/2018 18:45,WS Outbound-DCL Inbound,Union,528
10/19/2018 18:45,WS Outbound-DCL Inbound,Union,528
10/19/2018 18:45,WS Outbound-DCL Inbound,Union,528
10/19/2018 18:45,WS Outbound-DCL Inbound,Hayes IB,42
10/19/2018 18:45,WS Outbound-DCL Inbound,Union,528
10/19/2018 18:45,WS Outbound-DCL Inbound,Union,528
10/19/2018 18:45,WS Outbound-DCL Inbound,Hayes IB,42
10/19/2018 18:45,WS Outbound-DCL Inbound,Union,528
10/19/2018 18:45,WS Outbound-DCL Inbound,Union,528
10/19/2018 18:45,WS Outbound-DCL Inbound,Leroy St and Chestnut IB,21
10/19/2018 18:45,WS Outbound-DCL Inbound,Leroy St and Chestnut IB,21
10/19/2018 18:45,WS Outbound-DCL Inbound,Leroy St and Chestnut IB,21
10/19/2018 18:45,WS Outbound-DCL Inbound,Leroy St and Chestnut IB,21
10/19/2018 18:46,WS Outbound-DCL Inbound,Leroy St and Chestnut IB,21
10/19/2018 18:46,WS Outbound-DCL Inbound,Leroy St and Chestnut IB,21
10/19/2018 18:47,WS Outbound-DCL Inbound,Union,528
10/19/2018 18:47,WS Outbound-DCL Inbound,Union,528
10/19/2018 18:47,WS Outbound-DCL Inbound,Union,528
10/19/2018 18:47,WS Outbound-DCL Inbound,Union,528
10/19/2018 18:48,WS Outbound-DCL Inbound,Union,528
10/19/2018 18:48,WS Outbound-DCL Inbound,Union,528
10/19/2018 18:49,WS Outbound-DCL Inbound,Union,528
10/19/2018 18:50,WS Outbound-DCL Inbound,Union,528
10/19/2018 18:50,WS Outbound-DCL Inbound,Union,528
10/19/2018 18:50,WS Outbound-DCL Inbound,Union,528
10/19/2018 19:04,WS Outbound-DCL Inbound,Main and Clarke IB,528
10/19/2018 19:04,WS Outbound-DCL Inbound,Main and Clarke IB,528
10/19/2018 19:07,WS Outbound-DCL Inbound,Union,43
10/19/2018 19:07,WS Outbound-DCL Inbound,Union,43
10/19/2018 19:07,WS Outbound-DCL Inbound,Union,43
10/19/2018 19:07,WS Outbound-DCL Inbound,Union,43
10/19/2018 19:07,WS Outbound-DCL Inbound,Union,43
10/19/2018 19:08,WS Outbound-DCL Inbound,Oak and Main,528
10/19/2018 19:08,WS Outbound-DCL Inbound,Union,43
10/19/2018 19:08,WS Outbound-DCL Inbound,Union,43
10/19/2018 19:08,WS Outbound-DCL Inbound,Union,43
10/19/2018 19:08,WS Outbound-DCL Inbound,Union,43
10/19/2018 19:08,WS Outbound-DCL Inbound,Union,43
10/19/2018 19:08,WS Outbound-DCL Inbound,Union,43
10/19/2018 19:08,WS Outbound-DCL Inbound,Union,43
10/19/2018 19:08,WS Outbound-DCL Inbound,Union,43
10/19/2018 19:08,WS Outbound-DCL Inbound,Union,43
10/19/2018 19:08,WS Outbound-DCL Inbound,Union,43
10/19/2018 19:08,WS Outbound-DCL Inbound,Union,43
10/19/2018 19:11,WS Outbound-DCL Inbound,UDC,528
10/19/2018 19:11,WS Outbound-DCL Inbound,UDC,528
10/19/2018 19:12,WS Outbound-DCL Inbound,UDC,528
10/19/2018 19:18,WS Outbound-DCL Inbound,Leroy St and Chestnut OB,528
10/19/2018 19:18,WS Outbound-DCL Inbound,Leroy St and Chestnut OB,528
10/19/2018 19:21,WS Outbound-DCL Inbound,Main and Helen OB,43
10/19/2018 19:22,WS Outbound-DCL Inbound,Main and Schiller OB,43
10/19/2018 19:26,WS Outbound-DCL Inbound,Mohawk,891
10/19/2018 19:26,WS Outbound-DCL Inbound,Mohawk,891
10/19/2018 19:26,WS Outbound-DCL Inbound,Mohawk,891
10/19/2018 19:26,WS Outbound-DCL Inbound,Mohawk,891
10/19/2018 19:26,WS Outbound-DCL Inbound,Mohawk,891
10/19/2018 19:26,WS Outbound-DCL Inbound,Mohawk,891
10/19/2018 19:26,WS Outbound-DCL Inbound,Mohawk,891
10/19/2018 19:26,WS Outbound-DCL Inbound,Mohawk,891
10/19/2018 19:26,WS Outbound-DCL Inbound,Mohawk,891
10/19/2018 19:26,WS Outbound-DCL Inbound,Mohawk,891
10/19/2018 19:27,WS Outbound-DCL Inbound,Mohawk,891
10/19/2018 19:27,WS Outbound-DCL Inbound,Mohawk,891
10/19/2018 19:27,WS Outbound-DCL Inbound,Mohawk,891
10/19/2018 19:27,WS Outbound-DCL Inbound,Mohawk,891
10/19/2018 19:27,WS Outbound-DCL Inbound,Mohawk,891
10/19/2018 19:28,WS Outbound-DCL Inbound,Mohawk,891
10/19/2018 19:30,WS Outbound-DCL Inbound,Union,21
10/19/2018 19:30,WS Outbound-DCL Inbound,Union,21
10/19/2018 19:30,WS Outbound-DCL Inbound,Union,21
10/19/2018 19:30,WS Outbound-DCL Inbound,Union,21
10/19/2018 19:30,WS Outbound-DCL Inbound,Union,21
10/19/2018 19:30,WS Outbound-DCL Inbound,Union,21
10/19/2018 19:30,WS Outbound-DCL Inbound,Union,21
10/19/2018 19:30,WS Outbound-DCL Inbound,Union,21
10/19/2018 19:30,WS Outbound-DCL Inbound,Union,21
10/19/2018 19:30,WS Outbound-DCL Inbound,Union,21
10/19/2018 19:30,WS Outbound-DCL Inbound,Union,21
10/19/2018 19:30,WS Outbound-DCL Inbound,Union,21
10/19/2018 19:30,WS Outbound-DCL Inbound,Union,21
10/19/2018 19:30,WS Outbound-DCL Inbound,Union,21
10/19/2018 19:30,WS Outbound-DCL Inbound,Union,21
10/19/2018 19:30,WS Outbound-DCL Inbound,Union,21
10/19/2018 19:30,WS Outbound-DCL Inbound,Union,21
10/19/2018 19:30,WS Outbound-DCL Inbound,Union,21
10/19/2018 19:31,WS Outbound-DCL Inbound,Union,21
10/19/2018 19:31,WS Outbound-DCL Inbound,Union,21
10/19/2018 19:31,WS Outbound-DCL Inbound,Union,21
10/19/2018 19:31,WS Outbound-DCL Inbound,Union,21
10/19/2018 19:31,WS Outbound-DCL Inbound,UDC,43
10/19/2018 19:31,WS Outbound-DCL Inbound,Union,21
10/19/2018 19:31,WS Outbound-DCL Inbound,UDC,43
10/19/2018 19:31,WS Outbound-DCL Inbound,Union,21
10/19/2018 19:31,WS Outbound-DCL Inbound,Union,21
10/19/2018 19:31,WS Outbound-DCL Inbound,Union,21
10/19/2018 19:31,WS Outbound-DCL Inbound,Union,21
10/19/2018 19:32,WS Outbound-DCL Inbound,Union,21
10/19/2018 19:33,WS Outbound-DCL Inbound,Union,21
10/19/2018 19:33,WS Outbound-DCL Inbound,Union,21
10/19/2018 19:33,WS Outbound-DCL Inbound,Union,21
10/19/2018 19:34,WS Outbound-DCL Inbound,Union,21
10/19/2018 19:34,WS Outbound-DCL Inbound,Union,21
10/19/2018 19:34,WS Outbound-DCL Inbound,Union,21
10/19/2018 19:35,WS Outbound-DCL Inbound,Union,21
10/19/2018 19:36,WS Outbound-DCL Inbound,Leroy St and Murray IB,43
10/19/2018 19:37,WS Outbound-DCL Inbound,Physical Facilities,21
10/19/2018 19:37,WS Outbound-DCL Inbound,Physical Facilities,21
10/19/2018 19:37,WS Outbound-DCL Inbound,Physical Facilities,21
10/19/2018 19:37,WS Outbound-DCL Inbound,Physical Facilities,21
10/19/2018 19:43,WS Outbound-DCL Inbound,Floral and Roberts IB,21
10/19/2018 19:43,WS Outbound-DCL Inbound,Floral and Roberts IB,21
10/19/2018 19:43,WS Outbound-DCL Inbound,Floral and Roberts IB,21
10/19/2018 19:45,WS Outbound-DCL Inbound,Floral and Main OB,21
10/19/2018 19:47,WS Outbound-DCL Inbound,Union,891
10/19/2018 19:47,WS Outbound-DCL Inbound,Union,891
10/19/2018 19:47,WS Outbound-DCL Inbound,Union,891
10/19/2018 19:47,WS Outbound-DCL Inbound,Union,891
10/19/2018 19:47,WS Outbound-DCL Inbound,Union,891
10/19/2018 19:47,WS Outbound-DCL Inbound,Union,891
10/19/2018 19:48,WS Outbound-DCL Inbound,Union,891
10/19/2018 19:48,WS Outbound-DCL Inbound,Union,891
10/19/2018 19:48,WS Outbound-DCL Inbound,Union,891
10/19/2018 19:48,WS Outbound-DCL Inbound,Union,891
10/19/2018 19:48,WS Outbound-DCL Inbound,Union,891
10/19/2018 19:48,WS Outbound-DCL Inbound,Union,891
10/19/2018 19:48,WS Outbound-DCL Inbound,Union,891
10/19/2018 19:48,WS Outbound-DCL Inbound,Union,891
10/19/2018 19:48,WS Outbound-DCL Inbound,Union,891
10/19/2018 19:48,WS Outbound-DCL Inbound,Union,891
10/19/2018 19:48,WS Outbound-DCL Inbound,Union,891
10/19/2018 19:48,WS Outbound-DCL Inbound,Union,891
10/19/2018 19:48,WS Outbound-DCL Inbound,Union,891
10/19/2018 19:48,WS Outbound-DCL Inbound,Union,891
10/19/2018 19:48,WS Outbound-DCL Inbound,Union,891
10/19/2018 19:48,WS Outbound-DCL Inbound,Union,891
10/19/2018 19:48,WS Outbound-DCL Inbound,Union,891
10/19/2018 19:48,WS Outbound-DCL Inbound,Union,891
10/19/2018 19:48,WS Outbound-DCL Inbound,Union,891
10/19/2018 19:49,WS Outbound-DCL Inbound,Union,891
10/19/2018 19:49,WS Outbound-DCL Inbound,Union,891
10/19/2018 19:49,WS Outbound-DCL Inbound,Union,891
10/19/2018 19:49,WS Outbound-DCL Inbound,Union,891
10/19/2018 19:49,WS Outbound-DCL Inbound,Union,891
10/19/2018 19:49,WS Outbound-DCL Inbound,Union,891
10/19/2018 19:52,WS Outbound-DCL Inbound,Physical Facilities OB,891
10/19/2018 19:54,WS Outbound-DCL Inbound,Union,43
10/19/2018 19:54,WS Outbound-DCL Inbound,Union,43
10/19/2018 19:54,WS Outbound-DCL Inbound,Union,43
10/19/2018 19:55,WS Outbound-DCL Inbound,Union,43
10/19/2018 19:55,WS Outbound-DCL Inbound,Union,43
10/19/2018 19:55,WS Outbound-DCL Inbound,Union,43
10/19/2018 19:55,WS Outbound-DCL Inbound,Union,43
10/19/2018 19:55,WS Outbound-DCL Inbound,Union,43
10/19/2018 19:55,WS Outbound-DCL Inbound,Union,43
10/19/2018 19:55,WS Outbound-DCL Inbound,Union,43
10/19/2018 19:56,WS Outbound-DCL Inbound,Union,43
10/19/2018 19:56,WS Outbound-DCL Inbound,Union,43
10/19/2018 19:56,WS Outbound-DCL Inbound,Union,43
10/19/2018 19:56,WS Outbound-DCL Inbound,Union,43
10/19/2018 19:56,WS Outbound-DCL Inbound,Union,43
10/19/2018 19:56,WS Outbound-DCL Inbound,Union,43
10/19/2018 19:56,WS Outbound-DCL Inbound,Union,43
10/19/2018 19:57,WS Outbound-DCL Inbound,Union,43
10/19/2018 19:57,WS Outbound-DCL Inbound,Union,43
10/19/2018 19:58,WS Outbound-DCL Inbound,Floral and Roberts OB,891
10/19/2018 19:58,WS Outbound-DCL Inbound,Union,43
10/19/2018 19:58,WS Outbound-DCL Inbound,Union,43
10/19/2018 19:59,WS Outbound-DCL Inbound,Union,43
10/19/2018 19:59,WS Outbound-DCL Inbound,Union,43
10/19/2018 19:59,WS Outbound-DCL Inbound,Union,43
10/19/2018 19:59,WS Outbound-DCL Inbound,Union,43
10/19/2018 19:59,WS Outbound-DCL Inbound,Union,43
10/19/2018 19:59,WS Outbound-DCL Inbound,Union,43
10/19/2018 19:59,WS Outbound-DCL Inbound,Floral and Cleveland IB,891
