Start Date:10/24/2018 7:00 AM End Date:10/24/2018 8:00 PM,,,
DateTime,CorridorName,StopName,VehicleID
10/24/2018 7:30,WS Outbound-DCL Inbound,Main and Murray OB,787
10/24/2018 7:34,WS Outbound-DCL Inbound,UDC,787
10/24/2018 7:37,WS Outbound-DCL Inbound,UDC,787
10/24/2018 7:37,WS Outbound-DCL Inbound,UDC,787
10/24/2018 7:44,WS Outbound-DCL Inbound,Leroy St and Murray IB,787
10/24/2018 7:44,WS Outbound-DCL Inbound,Leroy St and Murray IB,787
10/24/2018 7:44,WS Outbound-DCL Inbound,Leroy St and Murray IB,787
10/24/2018 7:44,WS Outbound-DCL Inbound,Leroy St and Murray IB,787
10/24/2018 7:44,WS Outbound-DCL Inbound,Leroy St and Murray IB,787
10/24/2018 7:44,WS Outbound-DCL Inbound,Leroy St and Murray IB,787
10/24/2018 7:44,WS Outbound-DCL Inbound,Leroy St and Murray IB,787
10/24/2018 7:45,WS Outbound-DCL Inbound,Leroy St and Chestnut IB,787
10/24/2018 7:45,WS Outbound-DCL Inbound,Leroy St and Chestnut IB,787
10/24/2018 7:45,WS Outbound-DCL Inbound,Leroy St and Chestnut IB,787
10/24/2018 7:45,WS Outbound-DCL Inbound,Leroy St and Chestnut IB,787
10/24/2018 7:45,WS Outbound-DCL Inbound,Leroy St and Chestnut IB,787
10/24/2018 7:45,WS Outbound-DCL Inbound,Leroy St and Chestnut IB,787
10/24/2018 7:45,WS Outbound-DCL Inbound,Leroy St and Chestnut IB,787
10/24/2018 7:45,WS Outbound-DCL Inbound,Leroy St and Chestnut IB,787
10/24/2018 7:45,WS Outbound-DCL Inbound,Leroy St and Chestnut IB,787
10/24/2018 7:45,WS Outbound-DCL Inbound,Leroy St and Chestnut IB,787
10/24/2018 7:45,WS Outbound-DCL Inbound,Leroy St and Chestnut IB,787
10/24/2018 7:45,WS Outbound-DCL Inbound,Leroy St and Chestnut IB,787
10/24/2018 7:45,WS Outbound-DCL Inbound,Leroy St and Chestnut IB,787
10/24/2018 7:46,WS Outbound-DCL Inbound,Leroy St and Chestnut IB,787
10/24/2018 7:46,WS Outbound-DCL Inbound,Leroy St and Chestnut IB,787
10/24/2018 7:46,WS Outbound-DCL Inbound,Leroy St and Chestnut IB,787
10/24/2018 7:46,WS Outbound-DCL Inbound,Leroy St and Chestnut IB,787
10/24/2018 7:53,WS Outbound-DCL Inbound,UDC,891
10/24/2018 7:53,WS Outbound-DCL Inbound,UDC,891
10/24/2018 7:53,WS Outbound-DCL Inbound,UDC,891
10/24/2018 7:53,WS Outbound-DCL Inbound,UDC,891
10/24/2018 7:53,WS Outbound-DCL Inbound,UDC,891
10/24/2018 7:53,WS Outbound-DCL Inbound,UDC,891
10/24/2018 7:53,WS Outbound-DCL Inbound,UDC,891
10/24/2018 7:54,WS Outbound-DCL Inbound,UDC,891
10/24/2018 7:54,WS Outbound-DCL Inbound,UDC,891
10/24/2018 8:00,WS Outbound-DCL Inbound,Leroy St and Front,891
10/24/2018 8:00,WS Outbound-DCL Inbound,Leroy St and Front,891
10/24/2018 8:00,WS Outbound-DCL Inbound,Leroy St and Front,891
10/24/2018 8:01,WS Outbound-DCL Inbound,Leroy St and Murray IB,891
10/24/2018 8:01,WS Outbound-DCL Inbound,Leroy St and Murray IB,891
10/24/2018 8:01,WS Outbound-DCL Inbound,Leroy St and Murray IB,891
10/24/2018 8:01,WS Outbound-DCL Inbound,Leroy St and Murray IB,891
10/24/2018 8:01,WS Outbound-DCL Inbound,Leroy St and Murray IB,891
10/24/2018 8:01,WS Outbound-DCL Inbound,Leroy St and Murray IB,891
10/24/2018 8:01,WS Outbound-DCL Inbound,Leroy St and Murray IB,891
10/24/2018 8:01,WS Outbound-DCL Inbound,Leroy St and Murray IB,891
10/24/2018 8:01,WS Outbound-DCL Inbound,Leroy St and Murray IB,891
10/24/2018 8:01,WS Outbound-DCL Inbound,Leroy St and Murray IB,891
10/24/2018 8:01,WS Outbound-DCL Inbound,Leroy St and Murray IB,891
10/24/2018 8:01,WS Outbound-DCL Inbound,Leroy St and Murray IB,891
10/24/2018 8:01,WS Outbound-DCL Inbound,Leroy St and Murray IB,891
10/24/2018 8:01,WS Outbound-DCL Inbound,Leroy St and Murray IB,891
10/24/2018 8:01,WS Outbound-DCL Inbound,Leroy St and Murray IB,891
10/24/2018 8:01,WS Outbound-DCL Inbound,Leroy St and Murray IB,891
10/24/2018 8:01,WS Outbound-DCL Inbound,Leroy St and Murray IB,891
10/24/2018 8:01,WS Outbound-DCL Inbound,Leroy St and Murray IB,891
10/24/2018 8:01,WS Outbound-DCL Inbound,Leroy St and Murray IB,891
10/24/2018 8:01,WS Outbound-DCL Inbound,Leroy St and Murray IB,891
10/24/2018 8:01,WS Outbound-DCL Inbound,Leroy St and Murray IB,891
10/24/2018 8:02,WS Outbound-DCL Inbound,Leroy St and Chestnut IB,891
10/24/2018 8:02,WS Outbound-DCL Inbound,Leroy St and Chestnut IB,891
10/24/2018 8:02,WS Outbound-DCL Inbound,Leroy St and Chestnut IB,891
10/24/2018 8:02,WS Outbound-DCL Inbound,Leroy St and Chestnut IB,891
10/24/2018 8:02,WS Outbound-DCL Inbound,Leroy St and Chestnut IB,891
10/24/2018 8:02,WS Outbound-DCL Inbound,Leroy St and Chestnut IB,891
10/24/2018 8:03,WS Outbound-DCL Inbound,Leroy St and Chestnut IB,891
10/24/2018 8:15,WS Outbound-DCL Inbound,Union,891
10/24/2018 8:26,WS Outbound-DCL Inbound,Floral and Harrison IB,891
10/24/2018 8:29,WS Outbound-DCL Inbound,Main and Schiller OB,891
10/24/2018 8:32,WS Outbound-DCL Inbound,Main and Murray OB,891
10/24/2018 8:37,WS Outbound-DCL Inbound,UDC,891
10/24/2018 8:37,WS Outbound-DCL Inbound,UDC,891
10/24/2018 8:37,WS Outbound-DCL Inbound,UDC,891
10/24/2018 8:39,WS Outbound-DCL Inbound,UDC,891
10/24/2018 8:39,WS Outbound-DCL Inbound,UDC,891
10/24/2018 8:40,WS Outbound-DCL Inbound,UDC,891
10/24/2018 8:44,WS Outbound-DCL Inbound,Leroy St and Murray IB,891
10/24/2018 8:44,WS Outbound-DCL Inbound,Leroy St and Murray IB,891
10/24/2018 8:45,WS Outbound-DCL Inbound,Leroy St and Murray IB,891
10/24/2018 8:45,WS Outbound-DCL Inbound,Leroy St and Murray IB,891
10/24/2018 8:45,WS Outbound-DCL Inbound,Leroy St and Murray IB,891
10/24/2018 8:45,WS Outbound-DCL Inbound,Leroy St and Murray IB,891
10/24/2018 8:45,WS Outbound-DCL Inbound,Leroy St and Chestnut IB,891
10/24/2018 8:45,WS Outbound-DCL Inbound,Leroy St and Chestnut IB,891
10/24/2018 8:46,WS Outbound-DCL Inbound,Leroy St and Chestnut IB,891
10/24/2018 8:46,WS Outbound-DCL Inbound,Leroy St and Chestnut IB,891
10/24/2018 8:46,WS Outbound-DCL Inbound,Leroy St and Chestnut IB,891
10/24/2018 8:46,WS Outbound-DCL Inbound,Leroy St and Chestnut IB,891
10/24/2018 8:51,WS Outbound-DCL Inbound,UDC,41
10/24/2018 8:52,WS Outbound-DCL Inbound,UDC,41
10/24/2018 8:52,WS Outbound-DCL Inbound,UDC,41
10/24/2018 8:52,WS Outbound-DCL Inbound,UDC,41
10/24/2018 8:53,WS Outbound-DCL Inbound,UDC,41
10/24/2018 8:53,WS Outbound-DCL Inbound,UDC,41
10/24/2018 8:54,WS Outbound-DCL Inbound,UDC,41
10/24/2018 8:54,WS Outbound-DCL Inbound,UDC,41
10/24/2018 8:55,WS Outbound-DCL Inbound,UDC,41
10/24/2018 8:55,WS Outbound-DCL Inbound,UDC,41
10/24/2018 8:56,WS Outbound-DCL Inbound,UDC,41
10/24/2018 8:59,WS Outbound-DCL Inbound,Leroy St and Murray IB,41
10/24/2018 8:59,WS Outbound-DCL Inbound,Leroy St and Murray IB,41
10/24/2018 8:59,WS Outbound-DCL Inbound,Leroy St and Murray IB,41
10/24/2018 8:59,WS Outbound-DCL Inbound,Leroy St and Murray IB,41
10/24/2018 8:59,WS Outbound-DCL Inbound,Leroy St and Murray IB,41
10/24/2018 8:59,WS Outbound-DCL Inbound,Leroy St and Murray IB,41
10/24/2018 8:59,WS Outbound-DCL Inbound,Leroy St and Murray IB,41
10/24/2018 8:59,WS Outbound-DCL Inbound,Leroy St and Murray IB,41
10/24/2018 8:59,WS Outbound-DCL Inbound,Leroy St and Murray IB,41
10/24/2018 8:59,WS Outbound-DCL Inbound,Leroy St and Murray IB,41
10/24/2018 9:00,WS Outbound-DCL Inbound,Leroy St and Murray IB,41
10/24/2018 9:00,WS Outbound-DCL Inbound,Leroy St and Murray IB,41
10/24/2018 9:00,WS Outbound-DCL Inbound,Leroy St and Murray IB,41
10/24/2018 9:00,WS Outbound-DCL Inbound,Leroy St and Murray IB,41
10/24/2018 9:00,WS Outbound-DCL Inbound,Leroy St and Murray IB,41
10/24/2018 9:00,WS Outbound-DCL Inbound,Leroy St and Murray IB,41
10/24/2018 9:00,WS Outbound-DCL Inbound,Leroy St and Murray IB,41
10/24/2018 9:00,WS Outbound-DCL Inbound,Leroy St and Murray IB,41
10/24/2018 9:00,WS Outbound-DCL Inbound,Leroy St and Murray IB,41
10/24/2018 9:00,WS Outbound-DCL Inbound,Leroy St and Murray IB,41
10/24/2018 9:01,WS Outbound-DCL Inbound,Leroy St and Chestnut IB,41
10/24/2018 9:01,WS Outbound-DCL Inbound,Leroy St and Chestnut IB,41
10/24/2018 9:01,WS Outbound-DCL Inbound,Leroy St and Chestnut IB,41
10/24/2018 9:01,WS Outbound-DCL Inbound,Leroy St and Chestnut IB,41
10/24/2018 9:01,WS Outbound-DCL Inbound,Leroy St and Chestnut IB,41
10/24/2018 9:01,WS Outbound-DCL Inbound,Leroy St and Chestnut IB,41
10/24/2018 9:01,WS Outbound-DCL Inbound,Leroy St and Chestnut IB,41
10/24/2018 9:01,WS Outbound-DCL Inbound,Leroy St and Chestnut IB,41
10/24/2018 9:01,WS Outbound-DCL Inbound,Leroy St and Chestnut IB,41
10/24/2018 9:01,WS Outbound-DCL Inbound,Leroy St and Chestnut IB,41
10/24/2018 9:01,WS Outbound-DCL Inbound,Leroy St and Chestnut IB,41
10/24/2018 9:02,WS Outbound-DCL Inbound,Leroy St and Chestnut IB,41
10/24/2018 9:02,WS Outbound-DCL Inbound,Leroy St and Chestnut IB,41
10/24/2018 9:02,WS Outbound-DCL Inbound,Leroy St and Chestnut IB,41
10/24/2018 9:02,WS Outbound-DCL Inbound,Leroy St and Chestnut IB,41
10/24/2018 9:02,WS Outbound-DCL Inbound,Leroy St and Chestnut OB,41
10/24/2018 9:06,WS Outbound-DCL Inbound,Riverside and Margaret OB,41
10/24/2018 9:08,WS Outbound-DCL Inbound,Riverside and Ethel IB,41
10/24/2018 9:15,WS Outbound-DCL Inbound,Union,55
10/24/2018 9:16,WS Outbound-DCL Inbound,Union,55
10/24/2018 9:20,WS Outbound-DCL Inbound,UDC,21
10/24/2018 9:21,WS Outbound-DCL Inbound,UDC,21
10/24/2018 9:21,WS Outbound-DCL Inbound,UDC,21
10/24/2018 9:21,WS Outbound-DCL Inbound,UDC,21
10/24/2018 9:21,WS Outbound-DCL Inbound,UDC,21
10/24/2018 9:24,WS Outbound-DCL Inbound,UDC,21
10/24/2018 9:25,WS Outbound-DCL Inbound,UDC,21
10/24/2018 9:27,WS Outbound-DCL Inbound,Leroy St and Front,21
10/24/2018 9:27,WS Outbound-DCL Inbound,Leroy St and Front,21
10/24/2018 9:27,WS Outbound-DCL Inbound,Leroy St and Front,21
10/24/2018 9:28,WS Outbound-DCL Inbound,Leroy St and Murray IB,21
10/24/2018 9:28,WS Outbound-DCL Inbound,Leroy St and Murray IB,21
10/24/2018 9:28,WS Outbound-DCL Inbound,Leroy St and Murray IB,21
10/24/2018 9:28,WS Outbound-DCL Inbound,Leroy St and Murray IB,21
10/24/2018 9:28,WS Outbound-DCL Inbound,Leroy St and Murray IB,21
10/24/2018 9:28,WS Outbound-DCL Inbound,Leroy St and Murray IB,21
10/24/2018 9:30,WS Outbound-DCL Inbound,Main and Murray OB,55
10/24/2018 9:31,WS Outbound-DCL Inbound,Leroy St and Laurel OB,21
10/24/2018 9:32,WS Outbound-DCL Inbound,Leroy St and Laurel OB,21
10/24/2018 9:32,WS Outbound-DCL Inbound,Beethoven and Leroy,21
10/24/2018 9:32,WS Outbound-DCL Inbound,Beethoven and Leroy,21
10/24/2018 9:34,WS Outbound-DCL Inbound,UDC,55
10/24/2018 9:35,WS Outbound-DCL Inbound,Riverside and Columbus IB,21
10/24/2018 9:39,WS Outbound-DCL Inbound,UDC,55
10/24/2018 9:40,WS Outbound-DCL Inbound,UDC,55
10/24/2018 9:44,WS Outbound-DCL Inbound,Union,891
10/24/2018 9:44,WS Outbound-DCL Inbound,Union,891
10/24/2018 9:45,WS Outbound-DCL Inbound,Leroy St and Front,55
10/24/2018 9:45,WS Outbound-DCL Inbound,Leroy St and Front,55
10/24/2018 9:45,WS Outbound-DCL Inbound,Union,891
10/24/2018 9:45,WS Outbound-DCL Inbound,Union,891
10/24/2018 9:45,WS Outbound-DCL Inbound,Union,891
10/24/2018 9:45,WS Outbound-DCL Inbound,Union,891
10/24/2018 9:45,WS Outbound-DCL Inbound,Union,891
10/24/2018 9:45,WS Outbound-DCL Inbound,Union,891
10/24/2018 9:45,WS Outbound-DCL Inbound,Union,891
10/24/2018 9:45,WS Outbound-DCL Inbound,Union,891
10/24/2018 9:45,WS Outbound-DCL Inbound,Union,891
10/24/2018 9:45,WS Outbound-DCL Inbound,Union,891
10/24/2018 9:45,WS Outbound-DCL Inbound,Union,891
10/24/2018 9:45,WS Outbound-DCL Inbound,Union,891
10/24/2018 9:45,WS Outbound-DCL Inbound,Union,891
10/24/2018 9:46,WS Outbound-DCL Inbound,Leroy St and Murray IB,55
10/24/2018 9:46,WS Outbound-DCL Inbound,Union,891
10/24/2018 9:46,WS Outbound-DCL Inbound,Leroy St and Murray IB,55
10/24/2018 9:46,WS Outbound-DCL Inbound,Union,891
10/24/2018 9:46,WS Outbound-DCL Inbound,Union,891
10/24/2018 9:46,WS Outbound-DCL Inbound,Leroy St and Murray IB,55
10/24/2018 9:46,WS Outbound-DCL Inbound,Union,891
10/24/2018 9:46,WS Outbound-DCL Inbound,Leroy St and Murray IB,55
10/24/2018 9:46,WS Outbound-DCL Inbound,Union,891
10/24/2018 9:46,WS Outbound-DCL Inbound,Union,891
10/24/2018 9:46,WS Outbound-DCL Inbound,Union,891
10/24/2018 9:46,WS Outbound-DCL Inbound,Union,891
10/24/2018 9:46,WS Outbound-DCL Inbound,Union,891
10/24/2018 9:46,WS Outbound-DCL Inbound,Union,891
10/24/2018 9:46,WS Outbound-DCL Inbound,Leroy St and Chestnut IB,55
10/24/2018 9:46,WS Outbound-DCL Inbound,Leroy St and Chestnut IB,55
10/24/2018 9:47,WS Outbound-DCL Inbound,Leroy St and Chestnut IB,55
10/24/2018 9:47,WS Outbound-DCL Inbound,Leroy St and Chestnut IB,55
10/24/2018 9:51,WS Outbound-DCL Inbound,Physical Facilities,891
10/24/2018 9:51,WS Outbound-DCL Inbound,Physical Facilities,891
10/24/2018 9:54,WS Outbound-DCL Inbound,UDC,528
10/24/2018 9:57,WS Outbound-DCL Inbound,Leroy St and Front,528
10/24/2018 9:57,WS Outbound-DCL Inbound,Leroy St and Front,528
10/24/2018 9:57,WS Outbound-DCL Inbound,Leroy St and Front,528
10/24/2018 9:58,WS Outbound-DCL Inbound,Floral and Cleveland OB,891
10/24/2018 9:58,WS Outbound-DCL Inbound,Leroy St and Murray IB,528
10/24/2018 9:58,WS Outbound-DCL Inbound,Leroy St and Murray IB,528
10/24/2018 9:58,WS Outbound-DCL Inbound,Leroy St and Murray IB,528
10/24/2018 9:59,WS Outbound-DCL Inbound,Leroy St and Chestnut OB,528
10/24/2018 9:59,WS Outbound-DCL Inbound,Leroy St and Chestnut OB,528
10/24/2018 9:59,WS Outbound-DCL Inbound,Leroy St and Chestnut OB,528
10/24/2018 10:00,WS Outbound-DCL Inbound,Mohawk,55
10/24/2018 10:00,WS Outbound-DCL Inbound,Mohawk,55
10/24/2018 10:00,WS Outbound-DCL Inbound,Mohawk,55
10/24/2018 10:00,WS Outbound-DCL Inbound,Mohawk,55
10/24/2018 10:13,WS Outbound-DCL Inbound,Leroy St and Front,891
10/24/2018 10:13,WS Outbound-DCL Inbound,Leroy St and Front,891
10/24/2018 10:13,WS Outbound-DCL Inbound,Leroy St and Front,891
10/24/2018 10:13,WS Outbound-DCL Inbound,Union,55
10/24/2018 10:13,WS Outbound-DCL Inbound,Union,55
10/24/2018 10:13,WS Outbound-DCL Inbound,Union,55
10/24/2018 10:13,WS Outbound-DCL Inbound,Union,55
10/24/2018 10:13,WS Outbound-DCL Inbound,Union,55
10/24/2018 10:14,WS Outbound-DCL Inbound,Leroy St and Murray IB,891
10/24/2018 10:14,WS Outbound-DCL Inbound,Leroy St and Murray IB,891
10/24/2018 10:14,WS Outbound-DCL Inbound,Leroy St and Murray IB,891
10/24/2018 10:14,WS Outbound-DCL Inbound,Leroy St and Murray IB,891
10/24/2018 10:14,WS Outbound-DCL Inbound,Leroy St and Murray IB,891
10/24/2018 10:14,WS Outbound-DCL Inbound,Leroy St and Murray IB,891
10/24/2018 10:14,WS Outbound-DCL Inbound,Leroy St and Murray IB,891
10/24/2018 10:14,WS Outbound-DCL Inbound,Leroy St and Murray IB,891
10/24/2018 10:15,WS Outbound-DCL Inbound,Leroy St and Chestnut IB,891
10/24/2018 10:15,WS Outbound-DCL Inbound,Leroy St and Chestnut IB,891
10/24/2018 10:15,WS Outbound-DCL Inbound,Leroy St and Chestnut IB,891
10/24/2018 10:15,WS Outbound-DCL Inbound,Leroy St and Chestnut IB,891
10/24/2018 10:15,WS Outbound-DCL Inbound,Leroy St and Chestnut IB,891
10/24/2018 10:15,WS Outbound-DCL Inbound,Leroy St and Chestnut IB,891
10/24/2018 10:15,WS Outbound-DCL Inbound,Leroy St and Chestnut IB,891
10/24/2018 10:15,WS Outbound-DCL Inbound,Leroy St and Chestnut IB,891
10/24/2018 10:15,WS Outbound-DCL Inbound,Leroy St and Chestnut IB,891
10/24/2018 10:16,WS Outbound-DCL Inbound,Leroy St and Laurel IB,891
10/24/2018 10:16,WS Outbound-DCL Inbound,Leroy St and Laurel IB,891
10/24/2018 10:18,WS Outbound-DCL Inbound,Physical Facilities,55
10/24/2018 10:21,WS Outbound-DCL Inbound,UDC,890
10/24/2018 10:22,WS Outbound-DCL Inbound,UDC,890
10/24/2018 10:22,WS Outbound-DCL Inbound,UDC,890
10/24/2018 10:23,WS Outbound-DCL Inbound,UDC,890
10/24/2018 10:25,WS Outbound-DCL Inbound,UDC,890
10/24/2018 10:28,WS Outbound-DCL Inbound,Leroy St and Front,890
10/24/2018 10:28,WS Outbound-DCL Inbound,Leroy St and Front,890
10/24/2018 10:28,WS Outbound-DCL Inbound,Leroy St and Front,890
10/24/2018 10:29,WS Outbound-DCL Inbound,Leroy St and Murray IB,890
10/24/2018 10:29,WS Outbound-DCL Inbound,Leroy St and Murray IB,890
10/24/2018 10:29,WS Outbound-DCL Inbound,Leroy St and Murray IB,890
10/24/2018 10:29,WS Outbound-DCL Inbound,Leroy St and Murray IB,890
10/24/2018 10:29,WS Outbound-DCL Inbound,Leroy St and Murray IB,890
10/24/2018 10:29,WS Outbound-DCL Inbound,Leroy St and Murray IB,890
10/24/2018 10:29,WS Outbound-DCL Inbound,Leroy St and Murray IB,890
10/24/2018 10:29,WS Outbound-DCL Inbound,Leroy St and Murray IB,890
10/24/2018 10:30,WS Outbound-DCL Inbound,Leroy St and Murray IB,890
10/24/2018 10:30,WS Outbound-DCL Inbound,Leroy St and Murray IB,890
10/24/2018 10:30,WS Outbound-DCL Inbound,Leroy St and Murray IB,890
10/24/2018 10:30,WS Outbound-DCL Inbound,Leroy St and Murray IB,890
10/24/2018 10:30,WS Outbound-DCL Inbound,Leroy St and Murray IB,890
10/24/2018 10:30,WS Outbound-DCL Inbound,Leroy St and Murray IB,890
10/24/2018 10:30,WS Outbound-DCL Inbound,Leroy St and Murray IB,890
10/24/2018 10:30,WS Outbound-DCL Inbound,Leroy St and Murray IB,890
10/24/2018 10:30,WS Outbound-DCL Inbound,Leroy St and Murray IB,890
10/24/2018 10:30,WS Outbound-DCL Inbound,Leroy St and Murray IB,890
10/24/2018 10:30,WS Outbound-DCL Inbound,Leroy St and Murray IB,890
10/24/2018 10:30,WS Outbound-DCL Inbound,Main and Cedar OB,55
10/24/2018 10:31,WS Outbound-DCL Inbound,Leroy St and Chestnut IB,890
10/24/2018 10:31,WS Outbound-DCL Inbound,Leroy St and Chestnut IB,890
10/24/2018 10:31,WS Outbound-DCL Inbound,Leroy St and Chestnut IB,890
10/24/2018 10:31,WS Outbound-DCL Inbound,Leroy St and Chestnut IB,890
10/24/2018 10:31,WS Outbound-DCL Inbound,Leroy St and Chestnut IB,890
10/24/2018 10:31,WS Outbound-DCL Inbound,Leroy St and Chestnut IB,890
10/24/2018 10:31,WS Outbound-DCL Inbound,Leroy St and Chestnut IB,890
10/24/2018 10:31,WS Outbound-DCL Inbound,Leroy St and Chestnut IB,890
10/24/2018 10:31,WS Outbound-DCL Inbound,Leroy St and Chestnut IB,890
10/24/2018 10:31,WS Outbound-DCL Inbound,Leroy St and Chestnut IB,890
10/24/2018 10:32,WS Outbound-DCL Inbound,Leroy St and Chestnut IB,890
10/24/2018 10:32,WS Outbound-DCL Inbound,Leroy St and Chestnut IB,890
10/24/2018 10:32,WS Outbound-DCL Inbound,Leroy St and Chestnut IB,890
10/24/2018 10:33,WS Outbound-DCL Inbound,Main and Front OB,55
10/24/2018 10:40,WS Outbound-DCL Inbound,UDC,55
10/24/2018 10:43,WS Outbound-DCL Inbound,Leroy St and Front,55
10/24/2018 10:43,WS Outbound-DCL Inbound,Leroy St and Front,55
10/24/2018 10:44,WS Outbound-DCL Inbound,Leroy St and Murray IB,55
10/24/2018 10:44,WS Outbound-DCL Inbound,Leroy St and Murray IB,55
10/24/2018 10:44,WS Outbound-DCL Inbound,Leroy St and Murray IB,55
10/24/2018 10:45,WS Outbound-DCL Inbound,Leroy St and Chestnut IB,55
10/24/2018 10:45,WS Outbound-DCL Inbound,Leroy St and Chestnut IB,55
10/24/2018 10:45,WS Outbound-DCL Inbound,Leroy St and Chestnut IB,55
10/24/2018 10:45,WS Outbound-DCL Inbound,Leroy St and Chestnut IB,55
10/24/2018 10:45,WS Outbound-DCL Inbound,Leroy St and Chestnut IB,55
10/24/2018 10:45,WS Outbound-DCL Inbound,Leroy St and Chestnut IB,55
10/24/2018 10:45,WS Outbound-DCL Inbound,Leroy St and Chestnut IB,55
10/24/2018 10:45,WS Outbound-DCL Inbound,Leroy St and Chestnut IB,55
10/24/2018 10:48,WS Outbound-DCL Inbound,Union,890
10/24/2018 10:48,WS Outbound-DCL Inbound,Union,890
10/24/2018 10:48,WS Outbound-DCL Inbound,Union,890
10/24/2018 10:48,WS Outbound-DCL Inbound,Union,890
10/24/2018 10:48,WS Outbound-DCL Inbound,Union,890
10/24/2018 10:48,WS Outbound-DCL Inbound,Union,890
10/24/2018 10:48,WS Outbound-DCL Inbound,Union,890
10/24/2018 10:48,WS Outbound-DCL Inbound,Union,890
10/24/2018 10:48,WS Outbound-DCL Inbound,Union,890
10/24/2018 10:48,WS Outbound-DCL Inbound,Union,890
10/24/2018 10:48,WS Outbound-DCL Inbound,Union,890
10/24/2018 10:48,WS Outbound-DCL Inbound,Union,890
10/24/2018 10:48,WS Outbound-DCL Inbound,Union,890
10/24/2018 10:48,WS Outbound-DCL Inbound,Union,890
10/24/2018 10:48,WS Outbound-DCL Inbound,Union,890
10/24/2018 10:48,WS Outbound-DCL Inbound,Union,890
10/24/2018 10:48,WS Outbound-DCL Inbound,Union,890
10/24/2018 10:48,WS Outbound-DCL Inbound,Union,890
10/24/2018 10:48,WS Outbound-DCL Inbound,Union,890
10/24/2018 10:48,WS Outbound-DCL Inbound,Union,890
10/24/2018 10:48,WS Outbound-DCL Inbound,Union,890
10/24/2018 10:48,WS Outbound-DCL Inbound,Union,890
10/24/2018 10:48,WS Outbound-DCL Inbound,Union,890
10/24/2018 10:48,WS Outbound-DCL Inbound,Union,890
10/24/2018 10:49,WS Outbound-DCL Inbound,Union,890
10/24/2018 10:49,WS Outbound-DCL Inbound,Union,890
10/24/2018 10:49,WS Outbound-DCL Inbound,Union,890
10/24/2018 10:49,WS Outbound-DCL Inbound,Union,890
10/24/2018 10:49,WS Outbound-DCL Inbound,Union,890
10/24/2018 10:49,WS Outbound-DCL Inbound,Union,890
10/24/2018 10:49,WS Outbound-DCL Inbound,Union,890
10/24/2018 10:49,WS Outbound-DCL Inbound,Union,890
10/24/2018 10:54,WS Outbound-DCL Inbound,UDC,526
10/24/2018 10:54,WS Outbound-DCL Inbound,UDC,526
10/24/2018 10:54,WS Outbound-DCL Inbound,UDC,526
10/24/2018 10:54,WS Outbound-DCL Inbound,UDC,526
10/24/2018 10:54,WS Outbound-DCL Inbound,UDC,526
10/24/2018 10:54,WS Outbound-DCL Inbound,UDC,526
10/24/2018 10:54,WS Outbound-DCL Inbound,UDC,526
10/24/2018 10:56,WS Outbound-DCL Inbound,Floral and Harrison IB,890
10/24/2018 10:58,WS Outbound-DCL Inbound,Leroy St and Front,526
10/24/2018 10:59,WS Outbound-DCL Inbound,Leroy St and Murray IB,526
10/24/2018 10:59,WS Outbound-DCL Inbound,Leroy St and Murray IB,526
10/24/2018 10:59,WS Outbound-DCL Inbound,Leroy St and Murray IB,526
10/24/2018 11:00,WS Outbound-DCL Inbound,Leroy St and Murray IB,526
10/24/2018 11:00,WS Outbound-DCL Inbound,Leroy St and Chestnut IB,526
10/24/2018 11:01,WS Outbound-DCL Inbound,Main and Schiller OB,890
10/24/2018 11:05,WS Outbound-DCL Inbound,Main and Murray OB,890
10/24/2018 11:13,WS Outbound-DCL Inbound,Leroy St and Front,890
10/24/2018 11:13,WS Outbound-DCL Inbound,Leroy St and Front,890
10/24/2018 11:13,WS Outbound-DCL Inbound,Leroy St and Front,890
10/24/2018 11:13,WS Outbound-DCL Inbound,Leroy St and Front,890
10/24/2018 11:14,WS Outbound-DCL Inbound,Leroy St and Murray IB,890
10/24/2018 11:14,WS Outbound-DCL Inbound,Leroy St and Murray IB,890
10/24/2018 11:14,WS Outbound-DCL Inbound,Leroy St and Murray IB,890
10/24/2018 11:14,WS Outbound-DCL Inbound,Leroy St and Murray IB,890
10/24/2018 11:14,WS Outbound-DCL Inbound,Union,891
10/24/2018 11:14,WS Outbound-DCL Inbound,Union,891
10/24/2018 11:15,WS Outbound-DCL Inbound,Union,891
10/24/2018 11:15,WS Outbound-DCL Inbound,Union,891
10/24/2018 11:15,WS Outbound-DCL Inbound,Union,891
10/24/2018 11:15,WS Outbound-DCL Inbound,Union,891
10/24/2018 11:15,WS Outbound-DCL Inbound,Union,891
10/24/2018 11:15,WS Outbound-DCL Inbound,Union,891
10/24/2018 11:15,WS Outbound-DCL Inbound,Union,891
10/24/2018 11:16,WS Outbound-DCL Inbound,Leroy St and Laurel IB,890
10/24/2018 11:18,WS Outbound-DCL Inbound,Riverside and Beethoven,890
10/24/2018 11:24,WS Outbound-DCL Inbound,Floral and Ackley,891
10/24/2018 11:29,WS Outbound-DCL Inbound,Union,890
10/24/2018 11:29,WS Outbound-DCL Inbound,Union,890
10/24/2018 11:29,WS Outbound-DCL Inbound,Union,890
10/24/2018 11:29,WS Outbound-DCL Inbound,Union,890
10/24/2018 11:29,WS Outbound-DCL Inbound,Union,890
10/24/2018 11:30,WS Outbound-DCL Inbound,Union,890
10/24/2018 11:31,WS Outbound-DCL Inbound,Union,890
10/24/2018 11:40,WS Outbound-DCL Inbound,UDC,891
10/24/2018 11:42,WS Outbound-DCL Inbound,Leroy St and Front,891
10/24/2018 11:43,WS Outbound-DCL Inbound,Leroy St and Murray OB,891
10/24/2018 11:43,WS Outbound-DCL Inbound,Leroy St and Murray OB,891
10/24/2018 11:44,WS Outbound-DCL Inbound,Leroy St and Murray OB,891
10/24/2018 11:44,WS Outbound-DCL Inbound,Leroy St and Murray OB,891
10/24/2018 11:44,WS Outbound-DCL Inbound,Leroy St and Murray OB,891
10/24/2018 11:44,WS Outbound-DCL Inbound,Leroy St and Murray OB,891
10/24/2018 11:44,WS Outbound-DCL Inbound,Leroy St and Murray OB,891
10/24/2018 11:45,WS Outbound-DCL Inbound,Leroy St and Chestnut OB,891
10/24/2018 11:45,WS Outbound-DCL Inbound,Leroy St and Chestnut OB,891
10/24/2018 11:45,WS Outbound-DCL Inbound,Leroy St and Chestnut OB,891
10/24/2018 11:45,WS Outbound-DCL Inbound,Leroy St and Chestnut OB,891
10/24/2018 11:45,WS Outbound-DCL Inbound,Leroy St and Chestnut OB,891
10/24/2018 11:45,WS Outbound-DCL Inbound,Leroy St and Chestnut OB,891
10/24/2018 11:45,WS Outbound-DCL Inbound,Leroy St and Chestnut OB,891
10/24/2018 11:46,WS Outbound-DCL Inbound,Leroy St and Laurel OB,891
10/24/2018 11:47,WS Outbound-DCL Inbound,Beethoven and Leroy,891
10/24/2018 11:47,WS Outbound-DCL Inbound,Beethoven and Leroy,891
10/24/2018 11:47,WS Outbound-DCL Inbound,Beethoven and Leroy,891
10/24/2018 11:52,WS Outbound-DCL Inbound,Physical Facilities,55
10/24/2018 11:52,WS Outbound-DCL Inbound,Physical Facilities,55
10/24/2018 11:52,WS Outbound-DCL Inbound,Physical Facilities,55
10/24/2018 11:58,WS Outbound-DCL Inbound,Union,21
10/24/2018 11:58,WS Outbound-DCL Inbound,Union,21
10/24/2018 11:58,WS Outbound-DCL Inbound,Union,21
10/24/2018 11:58,WS Outbound-DCL Inbound,Union,21
10/24/2018 11:58,WS Outbound-DCL Inbound,Union,21
10/24/2018 11:59,WS Outbound-DCL Inbound,Union,21
10/24/2018 11:59,WS Outbound-DCL Inbound,Union,21
10/24/2018 11:59,WS Outbound-DCL Inbound,Union,21
10/24/2018 11:59,WS Outbound-DCL Inbound,Union,21
10/24/2018 12:00,WS Outbound-DCL Inbound,Union,21
10/24/2018 12:01,WS Outbound-DCL Inbound,Union,21
10/24/2018 12:01,WS Outbound-DCL Inbound,Union,21
10/24/2018 12:01,WS Outbound-DCL Inbound,Union,21
10/24/2018 12:01,WS Outbound-DCL Inbound,Union,21
10/24/2018 12:01,WS Outbound-DCL Inbound,Main and Helen OB,55
10/24/2018 12:04,WS Outbound-DCL Inbound,Physical Facilities,21
10/24/2018 12:05,WS Outbound-DCL Inbound,Main and Murray OB,55
10/24/2018 12:09,WS Outbound-DCL Inbound,UDC,55
10/24/2018 12:12,WS Outbound-DCL Inbound,Union,528
10/24/2018 12:12,WS Outbound-DCL Inbound,Union,528
10/24/2018 12:12,WS Outbound-DCL Inbound,Union,528
10/24/2018 12:12,WS Outbound-DCL Inbound,Union,528
10/24/2018 12:12,WS Outbound-DCL Inbound,Union,528
10/24/2018 12:12,WS Outbound-DCL Inbound,Union,528
10/24/2018 12:12,WS Outbound-DCL Inbound,Union,528
10/24/2018 12:12,WS Outbound-DCL Inbound,Union,528
10/24/2018 12:12,WS Outbound-DCL Inbound,Leroy St and Front,55
10/24/2018 12:12,WS Outbound-DCL Inbound,Union,528
10/24/2018 12:12,WS Outbound-DCL Inbound,Leroy St and Front,55
10/24/2018 12:12,WS Outbound-DCL Inbound,Union,528
10/24/2018 12:12,WS Outbound-DCL Inbound,Union,528
10/24/2018 12:13,WS Outbound-DCL Inbound,Union,528
10/24/2018 12:13,WS Outbound-DCL Inbound,Leroy St and Murray IB,55
10/24/2018 12:13,WS Outbound-DCL Inbound,Leroy St and Murray IB,55
10/24/2018 12:13,WS Outbound-DCL Inbound,Leroy St and Murray IB,55
10/24/2018 12:14,WS Outbound-DCL Inbound,Leroy St and Chestnut IB,55
10/24/2018 12:15,WS Outbound-DCL Inbound,Union,528
10/24/2018 12:15,WS Outbound-DCL Inbound,Union,528
10/24/2018 12:15,WS Outbound-DCL Inbound,Leroy St and Laurel IB,55
10/24/2018 12:15,WS Outbound-DCL Inbound,Leroy St and Laurel IB,55
10/24/2018 12:17,WS Outbound-DCL Inbound,Beethoven and Leroy,55
10/24/2018 12:17,WS Outbound-DCL Inbound,Beethoven and Leroy,55
10/24/2018 12:21,WS Outbound-DCL Inbound,UDC,21
10/24/2018 12:21,WS Outbound-DCL Inbound,UDC,21
10/24/2018 12:21,WS Outbound-DCL Inbound,UDC,21
10/24/2018 12:21,WS Outbound-DCL Inbound,UDC,21
10/24/2018 12:21,WS Outbound-DCL Inbound,Riverside and Columbus IB,55
10/24/2018 12:21,WS Outbound-DCL Inbound,UDC,21
10/24/2018 12:22,WS Outbound-DCL Inbound,UDC,21
10/24/2018 12:22,WS Outbound-DCL Inbound,UDC,21
10/24/2018 12:24,WS Outbound-DCL Inbound,UDC,21
10/24/2018 12:25,WS Outbound-DCL Inbound,UDC,21
10/24/2018 12:25,WS Outbound-DCL Inbound,UDC,21
10/24/2018 12:25,WS Outbound-DCL Inbound,UDC,21
10/24/2018 12:25,WS Outbound-DCL Inbound,UDC,21
10/24/2018 12:28,WS Outbound-DCL Inbound,Leroy St and Front,21
10/24/2018 12:29,WS Outbound-DCL Inbound,Union,55
10/24/2018 12:29,WS Outbound-DCL Inbound,Union,55
10/24/2018 12:29,WS Outbound-DCL Inbound,Leroy St and Murray IB,21
10/24/2018 12:29,WS Outbound-DCL Inbound,Union,55
10/24/2018 12:29,WS Outbound-DCL Inbound,Leroy St and Murray IB,21
10/24/2018 12:29,WS Outbound-DCL Inbound,Leroy St and Murray IB,21
10/24/2018 12:29,WS Outbound-DCL Inbound,Leroy St and Murray IB,21
10/24/2018 12:29,WS Outbound-DCL Inbound,Leroy St and Murray IB,21
10/24/2018 12:29,WS Outbound-DCL Inbound,Leroy St and Murray IB,21
10/24/2018 12:29,WS Outbound-DCL Inbound,Leroy St and Murray IB,21
10/24/2018 12:29,WS Outbound-DCL Inbound,Leroy St and Murray IB,21
10/24/2018 12:29,WS Outbound-DCL Inbound,Union,55
10/24/2018 12:29,WS Outbound-DCL Inbound,Leroy St and Murray IB,21
10/24/2018 12:29,WS Outbound-DCL Inbound,Union,55
10/24/2018 12:30,WS Outbound-DCL Inbound,Leroy St and Chestnut IB,21
10/24/2018 12:30,WS Outbound-DCL Inbound,Leroy St and Chestnut IB,21
10/24/2018 12:30,WS Outbound-DCL Inbound,Leroy St and Chestnut IB,21
10/24/2018 12:30,WS Outbound-DCL Inbound,Leroy St and Chestnut IB,21
10/24/2018 12:30,WS Outbound-DCL Inbound,Leroy St and Chestnut IB,21
10/24/2018 12:30,WS Outbound-DCL Inbound,Leroy St and Chestnut IB,21
10/24/2018 12:30,WS Outbound-DCL Inbound,Leroy St and Chestnut IB,21
10/24/2018 12:44,WS Outbound-DCL Inbound,Leroy St and Front,528
10/24/2018 12:44,WS Outbound-DCL Inbound,Union,891
10/24/2018 12:44,WS Outbound-DCL Inbound,Union,891
10/24/2018 12:44,WS Outbound-DCL Inbound,Union,891
10/24/2018 12:44,WS Outbound-DCL Inbound,Union,891
10/24/2018 12:44,WS Outbound-DCL Inbound,Union,891
10/24/2018 12:44,WS Outbound-DCL Inbound,Union,891
10/24/2018 12:44,WS Outbound-DCL Inbound,Union,891
10/24/2018 12:44,WS Outbound-DCL Inbound,Union,891
10/24/2018 12:44,WS Outbound-DCL Inbound,Union,891
10/24/2018 12:44,WS Outbound-DCL Inbound,Union,891
10/24/2018 12:44,WS Outbound-DCL Inbound,Union,891
10/24/2018 12:45,WS Outbound-DCL Inbound,Union,891
10/24/2018 12:45,WS Outbound-DCL Inbound,Leroy St and Murray OB,528
10/24/2018 12:45,WS Outbound-DCL Inbound,Leroy St and Murray OB,528
10/24/2018 12:45,WS Outbound-DCL Inbound,Leroy St and Murray OB,528
10/24/2018 12:45,WS Outbound-DCL Inbound,Leroy St and Murray OB,528
10/24/2018 12:45,WS Outbound-DCL Inbound,Leroy St and Murray OB,528
10/24/2018 12:45,WS Outbound-DCL Inbound,Leroy St and Murray OB,528
10/24/2018 12:45,WS Outbound-DCL Inbound,Leroy St and Murray OB,528
10/24/2018 12:45,WS Outbound-DCL Inbound,Leroy St and Murray OB,528
10/24/2018 12:45,WS Outbound-DCL Inbound,Leroy St and Murray OB,528
10/24/2018 12:45,WS Outbound-DCL Inbound,Leroy St and Murray OB,528
10/24/2018 12:45,WS Outbound-DCL Inbound,Leroy St and Murray OB,528
10/24/2018 12:45,WS Outbound-DCL Inbound,Leroy St and Murray OB,528
10/24/2018 12:45,WS Outbound-DCL Inbound,Leroy St and Murray OB,528
10/24/2018 12:45,WS Outbound-DCL Inbound,Union,891
10/24/2018 12:45,WS Outbound-DCL Inbound,Leroy St and Murray OB,528
10/24/2018 12:45,WS Outbound-DCL Inbound,Leroy St and Murray OB,528
10/24/2018 12:45,WS Outbound-DCL Inbound,Leroy St and Murray OB,528
10/24/2018 12:45,WS Outbound-DCL Inbound,Leroy St and Murray OB,528
10/24/2018 12:45,WS Outbound-DCL Inbound,Leroy St and Murray OB,528
10/24/2018 12:45,WS Outbound-DCL Inbound,Leroy St and Murray OB,528
10/24/2018 12:46,WS Outbound-DCL Inbound,Union,891
10/24/2018 12:46,WS Outbound-DCL Inbound,Union,891
10/24/2018 12:46,WS Outbound-DCL Inbound,Leroy St and Chestnut IB,528
10/24/2018 12:46,WS Outbound-DCL Inbound,Leroy St and Chestnut IB,528
10/24/2018 12:47,WS Outbound-DCL Inbound,Leroy St and Chestnut IB,528
10/24/2018 12:47,WS Outbound-DCL Inbound,Leroy St and Chestnut IB,528
10/24/2018 12:47,WS Outbound-DCL Inbound,Leroy St and Chestnut IB,528
10/24/2018 12:48,WS Outbound-DCL Inbound,Beethoven and Leroy,528
10/24/2018 12:59,WS Outbound-DCL Inbound,Union,526
10/24/2018 12:59,WS Outbound-DCL Inbound,Union,526
10/24/2018 12:59,WS Outbound-DCL Inbound,Union,526
10/24/2018 13:00,WS Outbound-DCL Inbound,Union,526
10/24/2018 13:00,WS Outbound-DCL Inbound,Union,526
10/24/2018 13:00,WS Outbound-DCL Inbound,Union,526
10/24/2018 13:00,WS Outbound-DCL Inbound,Union,526
10/24/2018 13:00,WS Outbound-DCL Inbound,Union,526
10/24/2018 13:00,WS Outbound-DCL Inbound,Union,526
10/24/2018 13:00,WS Outbound-DCL Inbound,Union,526
10/24/2018 13:00,WS Outbound-DCL Inbound,Union,526
10/24/2018 13:00,WS Outbound-DCL Inbound,Union,526
10/24/2018 13:00,WS Outbound-DCL Inbound,Union,526
10/24/2018 13:00,WS Outbound-DCL Inbound,Union,526
10/24/2018 13:00,WS Outbound-DCL Inbound,Union,526
10/24/2018 13:00,WS Outbound-DCL Inbound,Union,526
10/24/2018 13:00,WS Outbound-DCL Inbound,Union,526
10/24/2018 13:00,WS Outbound-DCL Inbound,Union,526
10/24/2018 13:00,WS Outbound-DCL Inbound,Union,526
10/24/2018 13:00,WS Outbound-DCL Inbound,Union,526
10/24/2018 13:00,WS Outbound-DCL Inbound,Union,526
10/24/2018 13:00,WS Outbound-DCL Inbound,Union,526
10/24/2018 13:00,WS Outbound-DCL Inbound,Union,526
10/24/2018 13:00,WS Outbound-DCL Inbound,Union,526
10/24/2018 13:00,WS Outbound-DCL Inbound,Union,526
10/24/2018 13:00,WS Outbound-DCL Inbound,Union,526
10/24/2018 13:01,WS Outbound-DCL Inbound,Union,526
10/24/2018 13:01,WS Outbound-DCL Inbound,Union,526
10/24/2018 13:02,WS Outbound-DCL Inbound,Union,526
10/24/2018 13:03,WS Outbound-DCL Inbound,Union,526
10/24/2018 13:04,WS Outbound-DCL Inbound,Union,526
10/24/2018 13:04,WS Outbound-DCL Inbound,Union,526
10/24/2018 13:04,WS Outbound-DCL Inbound,Union,526
10/24/2018 13:05,WS Outbound-DCL Inbound,Union,526
10/24/2018 13:05,WS Outbound-DCL Inbound,Union,526
10/24/2018 13:06,WS Outbound-DCL Inbound,Union,526
10/24/2018 13:06,WS Outbound-DCL Inbound,UDC,891
10/24/2018 13:06,WS Outbound-DCL Inbound,UDC,891
10/24/2018 13:09,WS Outbound-DCL Inbound,UDC,891
10/24/2018 13:09,WS Outbound-DCL Inbound,Physical Facilities,526
10/24/2018 13:09,WS Outbound-DCL Inbound,Physical Facilities,526
10/24/2018 13:09,WS Outbound-DCL Inbound,Physical Facilities,526
10/24/2018 13:09,WS Outbound-DCL Inbound,Physical Facilities,526
10/24/2018 13:09,WS Outbound-DCL Inbound,Physical Facilities,526
10/24/2018 13:09,WS Outbound-DCL Inbound,Physical Facilities,526
10/24/2018 13:10,WS Outbound-DCL Inbound,UDC,891
10/24/2018 13:13,WS Outbound-DCL Inbound,Union,55
10/24/2018 13:13,WS Outbound-DCL Inbound,Union,55
10/24/2018 13:14,WS Outbound-DCL Inbound,Leroy St and Murray IB,891
10/24/2018 13:14,WS Outbound-DCL Inbound,Leroy St and Murray IB,891
10/24/2018 13:14,WS Outbound-DCL Inbound,Leroy St and Murray IB,891
10/24/2018 13:14,WS Outbound-DCL Inbound,Leroy St and Murray IB,891
10/24/2018 13:14,WS Outbound-DCL Inbound,Union,55
10/24/2018 13:14,WS Outbound-DCL Inbound,Union,55
10/24/2018 13:14,WS Outbound-DCL Inbound,Union,55
10/24/2018 13:15,WS Outbound-DCL Inbound,Leroy St and Chestnut IB,891
10/24/2018 13:15,WS Outbound-DCL Inbound,Leroy St and Chestnut IB,891
10/24/2018 13:15,WS Outbound-DCL Inbound,Leroy St and Chestnut IB,891
10/24/2018 13:16,WS Outbound-DCL Inbound,Floral and Main OB,526
10/24/2018 13:16,WS Outbound-DCL Inbound,Floral and Main OB,526
10/24/2018 13:17,WS Outbound-DCL Inbound,Physical Facilities,55
10/24/2018 13:18,WS Outbound-DCL Inbound,Riverside and Beethoven,891
10/24/2018 13:23,WS Outbound-DCL Inbound,Main and Arthur,526
10/24/2018 13:28,WS Outbound-DCL Inbound,UDC,526
10/24/2018 13:29,WS Outbound-DCL Inbound,UDC,526
10/24/2018 13:30,WS Outbound-DCL Inbound,Main and Arthur,55
10/24/2018 13:30,WS Outbound-DCL Inbound,Main and Arthur,55
10/24/2018 13:32,WS Outbound-DCL Inbound,Leroy St and Murray IB,526
10/24/2018 13:32,WS Outbound-DCL Inbound,Leroy St and Murray IB,526
10/24/2018 13:32,WS Outbound-DCL Inbound,Leroy St and Murray IB,526
10/24/2018 13:33,WS Outbound-DCL Inbound,Main and Front OB,55
10/24/2018 13:33,WS Outbound-DCL Inbound,Leroy St and Chestnut IB,526
10/24/2018 13:34,WS Outbound-DCL Inbound,Leroy St and Laurel IB,526
10/24/2018 13:36,WS Outbound-DCL Inbound,UDC IB,55
10/24/2018 13:37,WS Outbound-DCL Inbound,UDC IB,55
10/24/2018 13:37,WS Outbound-DCL Inbound,UDC IB,55
10/24/2018 13:38,WS Outbound-DCL Inbound,UDC IB,55
10/24/2018 13:40,WS Outbound-DCL Inbound,UDC IB,55
10/24/2018 13:42,WS Outbound-DCL Inbound,Leroy St and Front,55
10/24/2018 13:42,WS Outbound-DCL Inbound,Leroy St and Murray IB,55
10/24/2018 13:43,WS Outbound-DCL Inbound,Leroy St and Murray IB,55
10/24/2018 13:43,WS Outbound-DCL Inbound,Leroy St and Murray IB,55
10/24/2018 13:43,WS Outbound-DCL Inbound,Leroy St and Murray IB,55
10/24/2018 13:43,WS Outbound-DCL Inbound,Leroy St and Murray IB,55
10/24/2018 13:43,WS Outbound-DCL Inbound,Leroy St and Murray IB,55
10/24/2018 13:43,WS Outbound-DCL Inbound,Leroy St and Murray IB,55
10/24/2018 13:43,WS Outbound-DCL Inbound,Leroy St and Murray IB,55
10/24/2018 13:43,WS Outbound-DCL Inbound,Leroy St and Murray IB,55
10/24/2018 13:43,WS Outbound-DCL Inbound,Leroy St and Murray IB,55
10/24/2018 13:43,WS Outbound-DCL Inbound,Leroy St and Murray IB,55
10/24/2018 13:43,WS Outbound-DCL Inbound,Leroy St and Murray IB,55
10/24/2018 13:43,WS Outbound-DCL Inbound,Leroy St and Murray IB,55
10/24/2018 13:43,WS Outbound-DCL Inbound,Leroy St and Murray IB,55
10/24/2018 13:44,WS Outbound-DCL Inbound,Leroy St and Chestnut IB,55
10/24/2018 13:44,WS Outbound-DCL Inbound,Leroy St and Chestnut IB,55
10/24/2018 13:44,WS Outbound-DCL Inbound,Leroy St and Chestnut IB,55
10/24/2018 13:44,WS Outbound-DCL Inbound,Leroy St and Chestnut IB,55
10/24/2018 13:44,WS Outbound-DCL Inbound,Leroy St and Chestnut IB,55
10/24/2018 13:44,WS Outbound-DCL Inbound,Leroy St and Chestnut IB,55
10/24/2018 13:44,WS Outbound-DCL Inbound,Leroy St and Chestnut IB,55
10/24/2018 13:44,WS Outbound-DCL Inbound,Leroy St and Chestnut IB,55
10/24/2018 13:46,WS Outbound-DCL Inbound,Beethoven and Leroy,55
10/24/2018 13:46,WS Outbound-DCL Inbound,Beethoven and Leroy,55
10/24/2018 13:48,WS Outbound-DCL Inbound,Union,528
10/24/2018 13:48,WS Outbound-DCL Inbound,Union,528
10/24/2018 13:48,WS Outbound-DCL Inbound,Union,528
10/24/2018 13:48,WS Outbound-DCL Inbound,Union,528
10/24/2018 13:48,WS Outbound-DCL Inbound,Union,528
10/24/2018 13:48,WS Outbound-DCL Inbound,Union,528
10/24/2018 13:48,WS Outbound-DCL Inbound,Union,528
10/24/2018 13:48,WS Outbound-DCL Inbound,Union,528
10/24/2018 13:48,WS Outbound-DCL Inbound,Union,528
10/24/2018 13:48,WS Outbound-DCL Inbound,Union,528
10/24/2018 13:48,WS Outbound-DCL Inbound,Union,528
10/24/2018 13:48,WS Outbound-DCL Inbound,Union,528
10/24/2018 13:56,WS Outbound-DCL Inbound,Floral and Cleveland IB,528
10/24/2018 13:57,WS Outbound-DCL Inbound,Union,55
10/24/2018 13:57,WS Outbound-DCL Inbound,Union,55
10/24/2018 13:57,WS Outbound-DCL Inbound,Union,55
10/24/2018 13:57,WS Outbound-DCL Inbound,Union,55
10/24/2018 13:57,WS Outbound-DCL Inbound,Union,55
10/24/2018 13:57,WS Outbound-DCL Inbound,Union,55
10/24/2018 13:57,WS Outbound-DCL Inbound,Union,55
10/24/2018 13:57,WS Outbound-DCL Inbound,Union,55
10/24/2018 13:57,WS Outbound-DCL Inbound,Union,55
10/24/2018 13:57,WS Outbound-DCL Inbound,Union,55
10/24/2018 13:58,WS Outbound-DCL Inbound,Union,55
10/24/2018 13:58,WS Outbound-DCL Inbound,Union,55
10/24/2018 13:58,WS Outbound-DCL Inbound,Main and Helen OB,528
10/24/2018 13:58,WS Outbound-DCL Inbound,Main and Helen OB,528
10/24/2018 14:01,WS Outbound-DCL Inbound,Union,41
10/24/2018 14:01,WS Outbound-DCL Inbound,Union,41
10/24/2018 14:01,WS Outbound-DCL Inbound,Union,41
10/24/2018 14:01,WS Outbound-DCL Inbound,Union,41
10/24/2018 14:01,WS Outbound-DCL Inbound,Union,41
10/24/2018 14:01,WS Outbound-DCL Inbound,Union,41
10/24/2018 14:01,WS Outbound-DCL Inbound,Union,41
10/24/2018 14:01,WS Outbound-DCL Inbound,Union,41
10/24/2018 14:01,WS Outbound-DCL Inbound,Union,41
10/24/2018 14:01,WS Outbound-DCL Inbound,Union,41
10/24/2018 14:01,WS Outbound-DCL Inbound,Union,41
10/24/2018 14:01,WS Outbound-DCL Inbound,Union,41
10/24/2018 14:01,WS Outbound-DCL Inbound,Union,41
10/24/2018 14:01,WS Outbound-DCL Inbound,Union,41
10/24/2018 14:02,WS Outbound-DCL Inbound,Union,41
10/24/2018 14:02,WS Outbound-DCL Inbound,Union,41
10/24/2018 14:02,WS Outbound-DCL Inbound,Union,41
10/24/2018 14:02,WS Outbound-DCL Inbound,Union,41
10/24/2018 14:02,WS Outbound-DCL Inbound,Union,41
10/24/2018 14:02,WS Outbound-DCL Inbound,Union,41
10/24/2018 14:02,WS Outbound-DCL Inbound,Union,41
10/24/2018 14:02,WS Outbound-DCL Inbound,Union,41
10/24/2018 14:02,WS Outbound-DCL Inbound,Union,41
10/24/2018 14:02,WS Outbound-DCL Inbound,Union,41
10/24/2018 14:03,WS Outbound-DCL Inbound,Main and Arthur,528
10/24/2018 14:03,WS Outbound-DCL Inbound,Main and Arthur,528
10/24/2018 14:08,WS Outbound-DCL Inbound,UDC,528
10/24/2018 14:08,WS Outbound-DCL Inbound,UDC,528
10/24/2018 14:12,WS Outbound-DCL Inbound,Leroy St and Front,528
10/24/2018 14:13,WS Outbound-DCL Inbound,Leroy St and Murray IB,528
10/24/2018 14:13,WS Outbound-DCL Inbound,Leroy St and Murray IB,528
10/24/2018 14:13,WS Outbound-DCL Inbound,Leroy St and Murray IB,528
10/24/2018 14:13,WS Outbound-DCL Inbound,Leroy St and Murray IB,528
10/24/2018 14:13,WS Outbound-DCL Inbound,Leroy St and Murray IB,528
10/24/2018 14:13,WS Outbound-DCL Inbound,Leroy St and Murray IB,528
10/24/2018 14:13,WS Outbound-DCL Inbound,Leroy St and Murray IB,528
10/24/2018 14:13,WS Outbound-DCL Inbound,Leroy St and Murray IB,528
10/24/2018 14:13,WS Outbound-DCL Inbound,Leroy St and Murray IB,528
10/24/2018 14:14,WS Outbound-DCL Inbound,Leroy St and Murray IB,528
10/24/2018 14:14,WS Outbound-DCL Inbound,Leroy St and Murray IB,528
10/24/2018 14:14,WS Outbound-DCL Inbound,Leroy St and Murray IB,528
10/24/2018 14:14,WS Outbound-DCL Inbound,Leroy St and Murray IB,528
10/24/2018 14:14,WS Outbound-DCL Inbound,Leroy St and Chestnut OB,528
10/24/2018 14:21,WS Outbound-DCL Inbound,Hawley OB,41
10/24/2018 14:22,WS Outbound-DCL Inbound,Union,21
10/24/2018 14:22,WS Outbound-DCL Inbound,Union,21
10/24/2018 14:22,WS Outbound-DCL Inbound,Union,21
10/24/2018 14:22,WS Outbound-DCL Inbound,Union,21
10/24/2018 14:22,WS Outbound-DCL Inbound,Union,21
10/24/2018 14:22,WS Outbound-DCL Inbound,Union,21
10/24/2018 14:22,WS Outbound-DCL Inbound,Union,21
10/24/2018 14:23,WS Outbound-DCL Inbound,Union,21
10/24/2018 14:23,WS Outbound-DCL Inbound,Union,21
10/24/2018 14:23,WS Outbound-DCL Inbound,Union,21
10/24/2018 14:23,WS Outbound-DCL Inbound,Union,21
10/24/2018 14:23,WS Outbound-DCL Inbound,Union,21
10/24/2018 14:23,WS Outbound-DCL Inbound,Union,21
10/24/2018 14:23,WS Outbound-DCL Inbound,Union,21
10/24/2018 14:23,WS Outbound-DCL Inbound,Union,21
10/24/2018 14:23,WS Outbound-DCL Inbound,Union,21
10/24/2018 14:23,WS Outbound-DCL Inbound,Union,21
10/24/2018 14:23,WS Outbound-DCL Inbound,Union,21
10/24/2018 14:24,WS Outbound-DCL Inbound,UDC,41
10/24/2018 14:24,WS Outbound-DCL Inbound,UDC,41
10/24/2018 14:25,WS Outbound-DCL Inbound,UDC,41
10/24/2018 14:26,WS Outbound-DCL Inbound,Union,21
10/24/2018 14:26,WS Outbound-DCL Inbound,Union,21
10/24/2018 14:26,WS Outbound-DCL Inbound,Union,21
10/24/2018 14:26,WS Outbound-DCL Inbound,Union,21
10/24/2018 14:26,WS Outbound-DCL Inbound,Union,21
10/24/2018 14:26,WS Outbound-DCL Inbound,Union,21
10/24/2018 14:26,WS Outbound-DCL Inbound,Union,21
10/24/2018 14:27,WS Outbound-DCL Inbound,Union,21
10/24/2018 14:27,WS Outbound-DCL Inbound,Leroy St and Front,41
10/24/2018 14:27,WS Outbound-DCL Inbound,Leroy St and Front,41
10/24/2018 14:28,WS Outbound-DCL Inbound,Union,528
10/24/2018 14:28,WS Outbound-DCL Inbound,Union,528
10/24/2018 14:28,WS Outbound-DCL Inbound,Union,21
10/24/2018 14:28,WS Outbound-DCL Inbound,Union,528
10/24/2018 14:28,WS Outbound-DCL Inbound,Union,528
10/24/2018 14:28,WS Outbound-DCL Inbound,Union,528
10/24/2018 14:28,WS Outbound-DCL Inbound,Union,21
10/24/2018 14:28,WS Outbound-DCL Inbound,Union,21
10/24/2018 14:28,WS Outbound-DCL Inbound,Union,528
10/24/2018 14:28,WS Outbound-DCL Inbound,Union,528
10/24/2018 14:28,WS Outbound-DCL Inbound,Leroy St and Murray IB,41
10/24/2018 14:28,WS Outbound-DCL Inbound,Union,21
10/24/2018 14:28,WS Outbound-DCL Inbound,Leroy St and Murray IB,41
10/24/2018 14:29,WS Outbound-DCL Inbound,Union,528
10/24/2018 14:29,WS Outbound-DCL Inbound,Union,21
10/24/2018 14:29,WS Outbound-DCL Inbound,Union,21
10/24/2018 14:29,WS Outbound-DCL Inbound,Leroy St and Chestnut IB,41
10/24/2018 14:29,WS Outbound-DCL Inbound,Leroy St and Chestnut IB,41
10/24/2018 14:29,WS Outbound-DCL Inbound,Union,21
10/24/2018 14:29,WS Outbound-DCL Inbound,Leroy St and Chestnut IB,41
10/24/2018 14:29,WS Outbound-DCL Inbound,Leroy St and Chestnut IB,41
10/24/2018 14:32,WS Outbound-DCL Inbound,Physical Facilities,21
10/24/2018 14:39,WS Outbound-DCL Inbound,Floral and Main OB,21
10/24/2018 14:41,WS Outbound-DCL Inbound,Main and Helen OB,21
10/24/2018 14:43,WS Outbound-DCL Inbound,Union,526
10/24/2018 14:43,WS Outbound-DCL Inbound,Union,526
10/24/2018 14:43,WS Outbound-DCL Inbound,Union,526
10/24/2018 14:43,WS Outbound-DCL Inbound,Union,526
10/24/2018 14:43,WS Outbound-DCL Inbound,Union,526
10/24/2018 14:43,WS Outbound-DCL Inbound,Union,526
10/24/2018 14:43,WS Outbound-DCL Inbound,Union,526
10/24/2018 14:43,WS Outbound-DCL Inbound,Union,526
10/24/2018 14:43,WS Outbound-DCL Inbound,Union,526
10/24/2018 14:43,WS Outbound-DCL Inbound,Union,526
10/24/2018 14:44,WS Outbound-DCL Inbound,Union,526
10/24/2018 14:44,WS Outbound-DCL Inbound,Union,526
10/24/2018 14:44,WS Outbound-DCL Inbound,Union,526
10/24/2018 14:44,WS Outbound-DCL Inbound,Union,526
10/24/2018 14:44,WS Outbound-DCL Inbound,Union,526
10/24/2018 14:45,WS Outbound-DCL Inbound,Union,526
10/24/2018 14:45,WS Outbound-DCL Inbound,Union,526
10/24/2018 14:45,WS Outbound-DCL Inbound,Main and Arthur,21
10/24/2018 14:47,WS Outbound-DCL Inbound,Physical Facilities,526
10/24/2018 14:51,WS Outbound-DCL Inbound,UDC,21
10/24/2018 14:51,WS Outbound-DCL Inbound,UDC,21
10/24/2018 14:51,WS Outbound-DCL Inbound,UDC,21
10/24/2018 14:51,WS Outbound-DCL Inbound,UDC,21
10/24/2018 14:54,WS Outbound-DCL Inbound,UDC,21
10/24/2018 14:56,WS Outbound-DCL Inbound,Main and Helen OB,526
10/24/2018 14:59,WS Outbound-DCL Inbound,Leroy St and Murray IB,21
10/24/2018 14:59,WS Outbound-DCL Inbound,Leroy St and Murray IB,21
10/24/2018 14:59,WS Outbound-DCL Inbound,Leroy St and Murray IB,21
10/24/2018 15:00,WS Outbound-DCL Inbound,Leroy St and Chestnut IB,21
10/24/2018 15:00,WS Outbound-DCL Inbound,Leroy St and Chestnut IB,21
10/24/2018 15:00,WS Outbound-DCL Inbound,Leroy St and Chestnut IB,21
10/24/2018 15:00,WS Outbound-DCL Inbound,Leroy St and Chestnut IB,21
10/24/2018 15:00,WS Outbound-DCL Inbound,Leroy St and Chestnut IB,21
10/24/2018 15:00,WS Outbound-DCL Inbound,Leroy St and Chestnut IB,21
10/24/2018 15:02,WS Outbound-DCL Inbound,Beethoven and Leroy,21
10/24/2018 15:06,WS Outbound-DCL Inbound,UDC,526
10/24/2018 15:06,WS Outbound-DCL Inbound,UDC,526
10/24/2018 15:07,WS Outbound-DCL Inbound,UDC,526
10/24/2018 15:12,WS Outbound-DCL Inbound,Leroy St and Front,526
10/24/2018 15:12,WS Outbound-DCL Inbound,Leroy St and Murray IB,526
10/24/2018 15:12,WS Outbound-DCL Inbound,Leroy St and Murray IB,526
10/24/2018 15:13,WS Outbound-DCL Inbound,Leroy St and Murray IB,526
10/24/2018 15:13,WS Outbound-DCL Inbound,Leroy St and Chestnut IB,526
10/24/2018 15:13,WS Outbound-DCL Inbound,Leroy St and Chestnut IB,526
10/24/2018 15:14,WS Outbound-DCL Inbound,Leroy St and Chestnut IB,526
10/24/2018 15:14,WS Outbound-DCL Inbound,Union,528
10/24/2018 15:14,WS Outbound-DCL Inbound,Union,528
10/24/2018 15:14,WS Outbound-DCL Inbound,Union,528
10/24/2018 15:14,WS Outbound-DCL Inbound,Union,528
10/24/2018 15:14,WS Outbound-DCL Inbound,Union,528
10/24/2018 15:14,WS Outbound-DCL Inbound,Union,528
10/24/2018 15:14,WS Outbound-DCL Inbound,Union,528
10/24/2018 15:14,WS Outbound-DCL Inbound,Union,528
10/24/2018 15:14,WS Outbound-DCL Inbound,Union,528
10/24/2018 15:14,WS Outbound-DCL Inbound,Union,528
10/24/2018 15:14,WS Outbound-DCL Inbound,Union,528
10/24/2018 15:14,WS Outbound-DCL Inbound,Union,528
10/24/2018 15:14,WS Outbound-DCL Inbound,Union,528
10/24/2018 15:14,WS Outbound-DCL Inbound,Union,528
10/24/2018 15:14,WS Outbound-DCL Inbound,Union,528
10/24/2018 15:15,WS Outbound-DCL Inbound,Union,528
10/24/2018 15:15,WS Outbound-DCL Inbound,Union,528
10/24/2018 15:15,WS Outbound-DCL Inbound,Union,528
10/24/2018 15:15,WS Outbound-DCL Inbound,Union,528
10/24/2018 15:15,WS Outbound-DCL Inbound,Union,528
10/24/2018 15:15,WS Outbound-DCL Inbound,Union,528
10/24/2018 15:15,WS Outbound-DCL Inbound,Union,528
10/24/2018 15:16,WS Outbound-DCL Inbound,Union,528
10/24/2018 15:16,WS Outbound-DCL Inbound,Union,528
10/24/2018 15:16,WS Outbound-DCL Inbound,Union,528
10/24/2018 15:16,WS Outbound-DCL Inbound,Riverside and Beethoven,526
10/24/2018 15:17,WS Outbound-DCL Inbound,Union,528
10/24/2018 15:25,WS Outbound-DCL Inbound,Union,55
10/24/2018 15:25,WS Outbound-DCL Inbound,Union,55
10/24/2018 15:25,WS Outbound-DCL Inbound,Union,55
10/24/2018 15:25,WS Outbound-DCL Inbound,Union,55
10/24/2018 15:25,WS Outbound-DCL Inbound,Union,55
10/24/2018 15:26,WS Outbound-DCL Inbound,Union,55
10/24/2018 15:26,WS Outbound-DCL Inbound,Union,55
10/24/2018 15:26,WS Outbound-DCL Inbound,Union,55
10/24/2018 15:26,WS Outbound-DCL Inbound,Union,55
10/24/2018 15:26,WS Outbound-DCL Inbound,Union,55
10/24/2018 15:26,WS Outbound-DCL Inbound,Union,55
10/24/2018 15:26,WS Outbound-DCL Inbound,Union,55
10/24/2018 15:26,WS Outbound-DCL Inbound,Union,55
10/24/2018 15:26,WS Outbound-DCL Inbound,Union,55
10/24/2018 15:26,WS Outbound-DCL Inbound,Union,55
10/24/2018 15:26,WS Outbound-DCL Inbound,Union,55
10/24/2018 15:26,WS Outbound-DCL Inbound,Union,55
10/24/2018 15:26,WS Outbound-DCL Inbound,Union,55
10/24/2018 15:26,WS Outbound-DCL Inbound,Union,55
10/24/2018 15:26,WS Outbound-DCL Inbound,Union,55
10/24/2018 15:26,WS Outbound-DCL Inbound,Union,55
10/24/2018 15:26,WS Outbound-DCL Inbound,Union,55
10/24/2018 15:26,WS Outbound-DCL Inbound,Union,55
10/24/2018 15:26,WS Outbound-DCL Inbound,Union,55
10/24/2018 15:26,WS Outbound-DCL Inbound,Floral and Cleveland OB,528
10/24/2018 15:26,WS Outbound-DCL Inbound,Floral and Cleveland OB,528
10/24/2018 15:26,WS Outbound-DCL Inbound,Union,55
10/24/2018 15:27,WS Outbound-DCL Inbound,Union,55
10/24/2018 15:27,WS Outbound-DCL Inbound,Floral and Main OB,528
10/24/2018 15:27,WS Outbound-DCL Inbound,Union,55
10/24/2018 15:27,WS Outbound-DCL Inbound,Union,55
10/24/2018 15:28,WS Outbound-DCL Inbound,Union,55
10/24/2018 15:28,WS Outbound-DCL Inbound,Union,55
10/24/2018 15:28,WS Outbound-DCL Inbound,Union,55
10/24/2018 15:28,WS Outbound-DCL Inbound,Union,55
10/24/2018 15:28,WS Outbound-DCL Inbound,Union,55
10/24/2018 15:28,WS Outbound-DCL Inbound,Union,55
10/24/2018 15:28,WS Outbound-DCL Inbound,Union,55
10/24/2018 15:29,WS Outbound-DCL Inbound,Union,55
10/24/2018 15:30,WS Outbound-DCL Inbound,Main and Schiller OB,528
10/24/2018 15:38,WS Outbound-DCL Inbound,UDC,528
10/24/2018 15:38,WS Outbound-DCL Inbound,UDC,528
10/24/2018 15:39,WS Outbound-DCL Inbound,UDC,528
10/24/2018 15:40,WS Outbound-DCL Inbound,UDC,528
10/24/2018 15:43,WS Outbound-DCL Inbound,Leroy St and Front,528
10/24/2018 15:43,WS Outbound-DCL Inbound,Floral and Willow OB,55
10/24/2018 15:45,WS Outbound-DCL Inbound,Leroy St and Chestnut IB,528
10/24/2018 15:45,WS Outbound-DCL Inbound,Leroy St and Chestnut IB,528
10/24/2018 15:45,WS Outbound-DCL Inbound,Leroy St and Chestnut IB,528
10/24/2018 15:50,WS Outbound-DCL Inbound,Riverside and Columbus,528
10/24/2018 15:56,WS Outbound-DCL Inbound,UDC,55
10/24/2018 15:56,WS Outbound-DCL Inbound,UDC,55
10/24/2018 15:56,WS Outbound-DCL Inbound,UDC,55
10/24/2018 15:56,WS Outbound-DCL Inbound,UDC,55
10/24/2018 15:56,WS Outbound-DCL Inbound,UDC,55
10/24/2018 15:56,WS Outbound-DCL Inbound,UDC,55
10/24/2018 15:56,WS Outbound-DCL Inbound,UDC,55
10/24/2018 15:57,WS Outbound-DCL Inbound,Union,526
10/24/2018 15:57,WS Outbound-DCL Inbound,Union,526
10/24/2018 15:57,WS Outbound-DCL Inbound,Union,526
10/24/2018 15:57,WS Outbound-DCL Inbound,Union,526
10/24/2018 15:57,WS Outbound-DCL Inbound,Union,526
10/24/2018 15:57,WS Outbound-DCL Inbound,Union,526
10/24/2018 15:57,WS Outbound-DCL Inbound,Union,526
10/24/2018 15:57,WS Outbound-DCL Inbound,Union,526
10/24/2018 15:57,WS Outbound-DCL Inbound,Union,526
10/24/2018 15:57,WS Outbound-DCL Inbound,Union,526
10/24/2018 15:57,WS Outbound-DCL Inbound,Union,526
10/24/2018 15:57,WS Outbound-DCL Inbound,Union,526
10/24/2018 15:57,WS Outbound-DCL Inbound,Union,526
10/24/2018 15:57,WS Outbound-DCL Inbound,Union,526
10/24/2018 15:57,WS Outbound-DCL Inbound,Union,526
10/24/2018 15:58,WS Outbound-DCL Inbound,Union,526
10/24/2018 15:58,WS Outbound-DCL Inbound,Leroy St and Front,55
10/24/2018 15:58,WS Outbound-DCL Inbound,Leroy St and Front,55
10/24/2018 15:58,WS Outbound-DCL Inbound,Union,526
10/24/2018 15:58,WS Outbound-DCL Inbound,Union,526
10/24/2018 15:58,WS Outbound-DCL Inbound,Union,526
10/24/2018 15:59,WS Outbound-DCL Inbound,Union,526
10/24/2018 15:59,WS Outbound-DCL Inbound,Union,526
10/24/2018 15:59,WS Outbound-DCL Inbound,Union,526
10/24/2018 15:59,WS Outbound-DCL Inbound,Union,526
10/24/2018 15:59,WS Outbound-DCL Inbound,Leroy St and Murray IB,55
10/24/2018 15:59,WS Outbound-DCL Inbound,Leroy St and Murray IB,55
10/24/2018 15:59,WS Outbound-DCL Inbound,Leroy St and Murray IB,55
10/24/2018 15:59,WS Outbound-DCL Inbound,Leroy St and Murray IB,55
10/24/2018 15:59,WS Outbound-DCL Inbound,Leroy St and Murray IB,55
10/24/2018 15:59,WS Outbound-DCL Inbound,Leroy St and Murray IB,55
10/24/2018 15:59,WS Outbound-DCL Inbound,Leroy St and Murray IB,55
10/24/2018 15:59,WS Outbound-DCL Inbound,Leroy St and Murray IB,55
10/24/2018 16:00,WS Outbound-DCL Inbound,Leroy St and Murray IB,55
10/24/2018 16:00,WS Outbound-DCL Inbound,Union,526
10/24/2018 16:00,WS Outbound-DCL Inbound,Union,526
10/24/2018 16:00,WS Outbound-DCL Inbound,Union,526
10/24/2018 16:00,WS Outbound-DCL Inbound,Leroy St and Chestnut IB,55
10/24/2018 16:00,WS Outbound-DCL Inbound,Leroy St and Chestnut IB,55
10/24/2018 16:00,WS Outbound-DCL Inbound,Leroy St and Chestnut IB,55
10/24/2018 16:00,WS Outbound-DCL Inbound,Leroy St and Chestnut IB,55
10/24/2018 16:00,WS Outbound-DCL Inbound,Leroy St and Chestnut IB,55
10/24/2018 16:00,WS Outbound-DCL Inbound,Leroy St and Chestnut IB,55
10/24/2018 16:01,WS Outbound-DCL Inbound,Union,526
10/24/2018 16:02,WS Outbound-DCL Inbound,Beethoven and Leroy,55
10/24/2018 16:02,WS Outbound-DCL Inbound,Beethoven and Leroy,55
10/24/2018 16:12,WS Outbound-DCL Inbound,Main and Schiller OB,526
10/24/2018 16:12,WS Outbound-DCL Inbound,Main and Schiller OB,526
10/24/2018 16:14,WS Outbound-DCL Inbound,Main and Arthur,526
10/24/2018 16:18,WS Outbound-DCL Inbound,Union,41
10/24/2018 16:18,WS Outbound-DCL Inbound,Union,41
10/24/2018 16:18,WS Outbound-DCL Inbound,Union,41
10/24/2018 16:18,WS Outbound-DCL Inbound,Union,41
10/24/2018 16:18,WS Outbound-DCL Inbound,Union,41
10/24/2018 16:18,WS Outbound-DCL Inbound,Union,41
10/24/2018 16:18,WS Outbound-DCL Inbound,Union,41
10/24/2018 16:18,WS Outbound-DCL Inbound,Union,41
10/24/2018 16:18,WS Outbound-DCL Inbound,Union,41
10/24/2018 16:18,WS Outbound-DCL Inbound,Union,41
10/24/2018 16:18,WS Outbound-DCL Inbound,Union,41
10/24/2018 16:18,WS Outbound-DCL Inbound,Union,41
10/24/2018 16:18,WS Outbound-DCL Inbound,Union,41
10/24/2018 16:18,WS Outbound-DCL Inbound,Union,41
10/24/2018 16:18,WS Outbound-DCL Inbound,Union,41
10/24/2018 16:18,WS Outbound-DCL Inbound,Union,41
10/24/2018 16:18,WS Outbound-DCL Inbound,Union,41
10/24/2018 16:18,WS Outbound-DCL Inbound,Union,41
10/24/2018 16:18,WS Outbound-DCL Inbound,Union,41
10/24/2018 16:18,WS Outbound-DCL Inbound,Union,41
10/24/2018 16:18,WS Outbound-DCL Inbound,Union,41
10/24/2018 16:18,WS Outbound-DCL Inbound,Union,41
10/24/2018 16:18,WS Outbound-DCL Inbound,Union,41
10/24/2018 16:18,WS Outbound-DCL Inbound,Union,41
10/24/2018 16:19,WS Outbound-DCL Inbound,Union,41
10/24/2018 16:19,WS Outbound-DCL Inbound,Union,41
10/24/2018 16:19,WS Outbound-DCL Inbound,Union,41
10/24/2018 16:19,WS Outbound-DCL Inbound,Union,41
10/24/2018 16:19,WS Outbound-DCL Inbound,Union,41
10/24/2018 16:19,WS Outbound-DCL Inbound,Union,41
10/24/2018 16:19,WS Outbound-DCL Inbound,Union,41
10/24/2018 16:19,WS Outbound-DCL Inbound,Hawley OB,526
10/24/2018 16:20,WS Outbound-DCL Inbound,UDC,526
10/24/2018 16:21,WS Outbound-DCL Inbound,UDC,526
10/24/2018 16:22,WS Outbound-DCL Inbound,Physical Facilities,41
10/24/2018 16:24,WS Outbound-DCL Inbound,UDC,526
10/24/2018 16:25,WS Outbound-DCL Inbound,UDC,526
10/24/2018 16:27,WS Outbound-DCL Inbound,Union,528
10/24/2018 16:27,WS Outbound-DCL Inbound,Union,528
10/24/2018 16:27,WS Outbound-DCL Inbound,Union,528
10/24/2018 16:27,WS Outbound-DCL Inbound,Union,528
10/24/2018 16:27,WS Outbound-DCL Inbound,Union,528
10/24/2018 16:27,WS Outbound-DCL Inbound,Union,528
10/24/2018 16:27,WS Outbound-DCL Inbound,Union,528
10/24/2018 16:28,WS Outbound-DCL Inbound,Union,528
10/24/2018 16:28,WS Outbound-DCL Inbound,Union,528
10/24/2018 16:28,WS Outbound-DCL Inbound,Union,528
10/24/2018 16:28,WS Outbound-DCL Inbound,Union,528
10/24/2018 16:29,WS Outbound-DCL Inbound,Union,528
10/24/2018 16:29,WS Outbound-DCL Inbound,Union,528
10/24/2018 16:29,WS Outbound-DCL Inbound,Union,528
10/24/2018 16:30,WS Outbound-DCL Inbound,Union,528
10/24/2018 16:30,WS Outbound-DCL Inbound,Union,528
10/24/2018 16:31,WS Outbound-DCL Inbound,Union,528
10/24/2018 16:31,WS Outbound-DCL Inbound,Union,528
10/24/2018 16:31,WS Outbound-DCL Inbound,Union,528
10/24/2018 16:35,WS Outbound-DCL Inbound,Physical Facilities,528
10/24/2018 16:35,WS Outbound-DCL Inbound,Physical Facilities,528
10/24/2018 16:35,WS Outbound-DCL Inbound,Physical Facilities,528
10/24/2018 16:40,WS Outbound-DCL Inbound,UDC,41
10/24/2018 16:43,WS Outbound-DCL Inbound,Leroy St and Front,41
10/24/2018 16:43,WS Outbound-DCL Inbound,Union,21
10/24/2018 16:43,WS Outbound-DCL Inbound,Union,21
10/24/2018 16:43,WS Outbound-DCL Inbound,Leroy St and Front,41
10/24/2018 16:43,WS Outbound-DCL Inbound,Union,21
10/24/2018 16:43,WS Outbound-DCL Inbound,Union,21
10/24/2018 16:43,WS Outbound-DCL Inbound,Union,21
10/24/2018 16:43,WS Outbound-DCL Inbound,Union,21
10/24/2018 16:43,WS Outbound-DCL Inbound,Union,21
10/24/2018 16:44,WS Outbound-DCL Inbound,Union,21
10/24/2018 16:44,WS Outbound-DCL Inbound,Union,21
10/24/2018 16:44,WS Outbound-DCL Inbound,Union,21
10/24/2018 16:44,WS Outbound-DCL Inbound,Union,21
10/24/2018 16:44,WS Outbound-DCL Inbound,Union,21
10/24/2018 16:44,WS Outbound-DCL Inbound,Union,21
10/24/2018 16:44,WS Outbound-DCL Inbound,Union,21
10/24/2018 16:44,WS Outbound-DCL Inbound,Union,21
10/24/2018 16:44,WS Outbound-DCL Inbound,Union,21
10/24/2018 16:44,WS Outbound-DCL Inbound,Union,21
10/24/2018 16:44,WS Outbound-DCL Inbound,Union,21
10/24/2018 16:44,WS Outbound-DCL Inbound,Leroy St and Murray IB,41
10/24/2018 16:44,WS Outbound-DCL Inbound,Union,21
10/24/2018 16:44,WS Outbound-DCL Inbound,Leroy St and Murray IB,41
10/24/2018 16:44,WS Outbound-DCL Inbound,Leroy St and Murray IB,41
10/24/2018 16:44,WS Outbound-DCL Inbound,Leroy St and Murray IB,41
10/24/2018 16:44,WS Outbound-DCL Inbound,Leroy St and Murray IB,41
10/24/2018 16:45,WS Outbound-DCL Inbound,Leroy St and Chestnut IB,41
10/24/2018 16:45,WS Outbound-DCL Inbound,Leroy St and Chestnut IB,41
10/24/2018 16:46,WS Outbound-DCL Inbound,Union,21
10/24/2018 16:46,WS Outbound-DCL Inbound,Union,21
10/24/2018 16:59,WS Outbound-DCL Inbound,Union,41
10/24/2018 16:59,WS Outbound-DCL Inbound,Union,41
10/24/2018 16:59,WS Outbound-DCL Inbound,Union,41
10/24/2018 17:00,WS Outbound-DCL Inbound,Union,41
10/24/2018 17:00,WS Outbound-DCL Inbound,Union,41
10/24/2018 17:00,WS Outbound-DCL Inbound,Union,41
10/24/2018 17:05,WS Outbound-DCL Inbound,Hawley OB,21
10/24/2018 17:07,WS Outbound-DCL Inbound,UDC,21
10/24/2018 17:07,WS Outbound-DCL Inbound,UDC,21
10/24/2018 17:07,WS Outbound-DCL Inbound,UDC,21
10/24/2018 17:08,WS Outbound-DCL Inbound,UDC,21
10/24/2018 17:08,WS Outbound-DCL Inbound,UDC,21
10/24/2018 17:08,WS Outbound-DCL Inbound,UDC,21
10/24/2018 17:08,WS Outbound-DCL Inbound,UDC,21
10/24/2018 17:09,WS Outbound-DCL Inbound,UDC,21
10/24/2018 17:09,WS Outbound-DCL Inbound,UDC,21
10/24/2018 17:09,WS Outbound-DCL Inbound,UDC,21
10/24/2018 17:13,WS Outbound-DCL Inbound,Leroy St and Front,21
10/24/2018 17:14,WS Outbound-DCL Inbound,Leroy St and Murray IB,21
10/24/2018 17:14,WS Outbound-DCL Inbound,Leroy St and Murray IB,21
10/24/2018 17:14,WS Outbound-DCL Inbound,Leroy St and Murray IB,21
10/24/2018 17:14,WS Outbound-DCL Inbound,Leroy St and Murray IB,21
10/24/2018 17:14,WS Outbound-DCL Inbound,Leroy St and Murray IB,21
10/24/2018 17:14,WS Outbound-DCL Inbound,Leroy St and Murray IB,21
10/24/2018 17:14,WS Outbound-DCL Inbound,Leroy St and Murray IB,21
10/24/2018 17:14,WS Outbound-DCL Inbound,Leroy St and Murray IB,21
10/24/2018 17:23,WS Outbound-DCL Inbound,Physical Facilities OB,891
10/24/2018 17:24,WS Outbound-DCL Inbound,Physical Facilities OB,891
10/24/2018 17:28,WS Outbound-DCL Inbound,Mohawk,21
10/24/2018 17:28,WS Outbound-DCL Inbound,Mohawk,21
10/24/2018 17:28,WS Outbound-DCL Inbound,Mohawk,21
10/24/2018 17:28,WS Outbound-DCL Inbound,Mohawk,21
10/24/2018 17:28,WS Outbound-DCL Inbound,Mohawk,21
10/24/2018 17:28,WS Outbound-DCL Inbound,Mohawk,21
10/24/2018 17:28,WS Outbound-DCL Inbound,Mohawk,21
10/24/2018 17:28,WS Outbound-DCL Inbound,Mohawk,21
10/24/2018 17:28,WS Outbound-DCL Inbound,Mohawk,21
10/24/2018 17:30,WS Outbound-DCL Inbound,Mohawk,21
10/24/2018 17:34,WS Outbound-DCL Inbound,Union,41
10/24/2018 17:35,WS Outbound-DCL Inbound,Union,41
10/24/2018 17:38,WS Outbound-DCL Inbound,Main and Cedar OB,891
10/24/2018 17:39,WS Outbound-DCL Inbound,Main and Arthur,891
10/24/2018 17:43,WS Outbound-DCL Inbound,Floral and New York,41
10/24/2018 17:44,WS Outbound-DCL Inbound,Hawley OB,891
10/24/2018 17:45,WS Outbound-DCL Inbound,Floral and Cleveland OB,41
10/24/2018 17:46,WS Outbound-DCL Inbound,UDC,891
10/24/2018 17:49,WS Outbound-DCL Inbound,Leroy St and Murray IB,891
10/24/2018 17:49,WS Outbound-DCL Inbound,Leroy St and Murray IB,891
10/24/2018 17:49,WS Outbound-DCL Inbound,Leroy St and Murray IB,891
10/24/2018 17:49,WS Outbound-DCL Inbound,Leroy St and Murray IB,891
10/24/2018 17:49,WS Outbound-DCL Inbound,Leroy St and Murray IB,891
10/24/2018 17:49,WS Outbound-DCL Inbound,Leroy St and Murray IB,891
10/24/2018 17:49,WS Outbound-DCL Inbound,Leroy St and Murray IB,891
10/24/2018 17:49,WS Outbound-DCL Inbound,Leroy St and Murray IB,891
10/24/2018 17:50,WS Outbound-DCL Inbound,Leroy St and Chestnut IB,891
10/24/2018 17:53,WS Outbound-DCL Inbound,Main and Arthur,41
10/24/2018 17:55,WS Outbound-DCL Inbound,Riverside and Margaret OB,891
10/24/2018 17:55,WS Outbound-DCL Inbound,Riverside and Margaret OB,891
10/24/2018 18:04,WS Outbound-DCL Inbound,Union,891
10/24/2018 18:04,WS Outbound-DCL Inbound,Union,891
10/24/2018 18:04,WS Outbound-DCL Inbound,Union,891
10/24/2018 18:04,WS Outbound-DCL Inbound,Union,891
10/24/2018 18:04,WS Outbound-DCL Inbound,Union,891
10/24/2018 18:04,WS Outbound-DCL Inbound,Union,891
10/24/2018 18:04,WS Outbound-DCL Inbound,Union,891
10/24/2018 18:04,WS Outbound-DCL Inbound,Union,891
10/24/2018 18:04,WS Outbound-DCL Inbound,Union,891
10/24/2018 18:04,WS Outbound-DCL Inbound,Union,891
10/24/2018 18:04,WS Outbound-DCL Inbound,Union,891
10/24/2018 18:04,WS Outbound-DCL Inbound,Union,891
10/24/2018 18:04,WS Outbound-DCL Inbound,Union,891
10/24/2018 18:04,WS Outbound-DCL Inbound,Union,891
10/24/2018 18:05,WS Outbound-DCL Inbound,Union,891
10/24/2018 18:05,WS Outbound-DCL Inbound,Union,891
10/24/2018 18:06,WS Outbound-DCL Inbound,Union,891
10/24/2018 18:06,WS Outbound-DCL Inbound,Union,891
10/24/2018 18:07,WS Outbound-DCL Inbound,Union,891
10/24/2018 18:08,WS Outbound-DCL Inbound,Union,891
10/24/2018 18:08,WS Outbound-DCL Inbound,Union,891
10/24/2018 18:12,WS Outbound-DCL Inbound,Union,55
10/24/2018 18:12,WS Outbound-DCL Inbound,Union,55
10/24/2018 18:12,WS Outbound-DCL Inbound,Union,55
10/24/2018 18:12,WS Outbound-DCL Inbound,Union,55
10/24/2018 18:12,WS Outbound-DCL Inbound,Union,55
10/24/2018 18:12,WS Outbound-DCL Inbound,Union,55
10/24/2018 18:12,WS Outbound-DCL Inbound,Union,55
10/24/2018 18:12,WS Outbound-DCL Inbound,Union,55
10/24/2018 18:12,WS Outbound-DCL Inbound,Union,55
10/24/2018 18:12,WS Outbound-DCL Inbound,Union,55
10/24/2018 18:12,WS Outbound-DCL Inbound,Union,55
10/24/2018 18:12,WS Outbound-DCL Inbound,Union,55
10/24/2018 18:12,WS Outbound-DCL Inbound,Union,55
10/24/2018 18:12,WS Outbound-DCL Inbound,Union,55
10/24/2018 18:13,WS Outbound-DCL Inbound,Union,55
10/24/2018 18:13,WS Outbound-DCL Inbound,Union,55
10/24/2018 18:13,WS Outbound-DCL Inbound,Union,55
10/24/2018 18:13,WS Outbound-DCL Inbound,Union,55
10/24/2018 18:13,WS Outbound-DCL Inbound,Union,55
10/24/2018 18:13,WS Outbound-DCL Inbound,Union,55
10/24/2018 18:13,WS Outbound-DCL Inbound,Union,55
10/24/2018 18:13,WS Outbound-DCL Inbound,Union,55
10/24/2018 18:13,WS Outbound-DCL Inbound,Union,55
10/24/2018 18:13,WS Outbound-DCL Inbound,Union,55
10/24/2018 18:13,WS Outbound-DCL Inbound,Union,55
10/24/2018 18:13,WS Outbound-DCL Inbound,Union,55
10/24/2018 18:13,WS Outbound-DCL Inbound,Union,55
10/24/2018 18:13,WS Outbound-DCL Inbound,Union,55
10/24/2018 18:13,WS Outbound-DCL Inbound,Union,55
10/24/2018 18:13,WS Outbound-DCL Inbound,Union,55
10/24/2018 18:13,WS Outbound-DCL Inbound,Union,55
10/24/2018 18:15,WS Outbound-DCL Inbound,Union,55
10/24/2018 18:15,WS Outbound-DCL Inbound,Union,55
10/24/2018 18:15,WS Outbound-DCL Inbound,Union,55
10/24/2018 18:18,WS Outbound-DCL Inbound,Physical Facilities,55
10/24/2018 18:23,WS Outbound-DCL Inbound,Main and Arthur,526
10/24/2018 18:23,WS Outbound-DCL Inbound,Main and Arthur,526
10/24/2018 18:29,WS Outbound-DCL Inbound,UDC,526
10/24/2018 18:29,WS Outbound-DCL Inbound,UDC,526
10/24/2018 18:29,WS Outbound-DCL Inbound,UDC,526
10/24/2018 18:29,WS Outbound-DCL Inbound,UDC,526
10/24/2018 18:29,WS Outbound-DCL Inbound,UDC,526
10/24/2018 18:29,WS Outbound-DCL Inbound,UDC,526
10/24/2018 18:29,WS Outbound-DCL Inbound,UDC,526
10/24/2018 18:30,WS Outbound-DCL Inbound,UDC,526
10/24/2018 18:31,WS Outbound-DCL Inbound,Union,21
10/24/2018 18:31,WS Outbound-DCL Inbound,Union,21
10/24/2018 18:31,WS Outbound-DCL Inbound,Union,21
10/24/2018 18:31,WS Outbound-DCL Inbound,Union,21
10/24/2018 18:31,WS Outbound-DCL Inbound,Union,21
10/24/2018 18:31,WS Outbound-DCL Inbound,Union,21
10/24/2018 18:31,WS Outbound-DCL Inbound,Union,21
10/24/2018 18:31,WS Outbound-DCL Inbound,Union,21
10/24/2018 18:31,WS Outbound-DCL Inbound,Union,21
10/24/2018 18:31,WS Outbound-DCL Inbound,Union,21
10/24/2018 18:31,WS Outbound-DCL Inbound,Union,21
10/24/2018 18:31,WS Outbound-DCL Inbound,Union,21
10/24/2018 18:31,WS Outbound-DCL Inbound,Union,21
10/24/2018 18:31,WS Outbound-DCL Inbound,Union,21
10/24/2018 18:31,WS Outbound-DCL Inbound,Union,21
10/24/2018 18:31,WS Outbound-DCL Inbound,Union,21
10/24/2018 18:31,WS Outbound-DCL Inbound,Union,21
10/24/2018 18:31,WS Outbound-DCL Inbound,Union,21
10/24/2018 18:31,WS Outbound-DCL Inbound,Union,21
10/24/2018 18:32,WS Outbound-DCL Inbound,Union,21
10/24/2018 18:32,WS Outbound-DCL Inbound,Union,21
10/24/2018 18:32,WS Outbound-DCL Inbound,Union,21
10/24/2018 18:32,WS Outbound-DCL Inbound,Union,21
10/24/2018 18:32,WS Outbound-DCL Inbound,Union,21
10/24/2018 18:32,WS Outbound-DCL Inbound,Union,21
10/24/2018 18:33,WS Outbound-DCL Inbound,Union,21
10/24/2018 18:33,WS Outbound-DCL Inbound,Union,21
10/24/2018 18:33,WS Outbound-DCL Inbound,Union,21
10/24/2018 18:33,WS Outbound-DCL Inbound,Union,21
10/24/2018 18:34,WS Outbound-DCL Inbound,Union,21
10/24/2018 18:34,WS Outbound-DCL Inbound,Union,21
10/24/2018 18:34,WS Outbound-DCL Inbound,Union,21
10/24/2018 18:34,WS Outbound-DCL Inbound,Union,21
10/24/2018 18:34,WS Outbound-DCL Inbound,Union,21
10/24/2018 18:34,WS Outbound-DCL Inbound,Union,21
10/24/2018 18:35,WS Outbound-DCL Inbound,Union,21
10/24/2018 18:35,WS Outbound-DCL Inbound,Union,21
10/24/2018 18:35,WS Outbound-DCL Inbound,Union,21
10/24/2018 18:35,WS Outbound-DCL Inbound,Union,21
10/24/2018 18:35,WS Outbound-DCL Inbound,Union,21
10/24/2018 18:35,WS Outbound-DCL Inbound,Union,21
10/24/2018 18:35,WS Outbound-DCL Inbound,Union,21
10/24/2018 18:35,WS Outbound-DCL Inbound,Union,21
10/24/2018 18:37,WS Outbound-DCL Inbound,UDC,55
10/24/2018 18:42,WS Outbound-DCL Inbound,Union,526
10/24/2018 18:42,WS Outbound-DCL Inbound,Union,526
10/24/2018 18:42,WS Outbound-DCL Inbound,Union,526
10/24/2018 18:42,WS Outbound-DCL Inbound,Union,526
10/24/2018 18:42,WS Outbound-DCL Inbound,Union,526
10/24/2018 18:42,WS Outbound-DCL Inbound,Union,526
10/24/2018 18:42,WS Outbound-DCL Inbound,Union,526
10/24/2018 18:42,WS Outbound-DCL Inbound,Union,526
10/24/2018 18:42,WS Outbound-DCL Inbound,Union,526
10/24/2018 18:42,WS Outbound-DCL Inbound,Union,526
10/24/2018 18:42,WS Outbound-DCL Inbound,Union,526
10/24/2018 18:42,WS Outbound-DCL Inbound,Union,526
10/24/2018 18:43,WS Outbound-DCL Inbound,Union,526
10/24/2018 18:43,WS Outbound-DCL Inbound,Union,526
10/24/2018 18:43,WS Outbound-DCL Inbound,Union,526
10/24/2018 18:43,WS Outbound-DCL Inbound,Union,526
10/24/2018 18:43,WS Outbound-DCL Inbound,Union,526
10/24/2018 18:43,WS Outbound-DCL Inbound,Leroy St and Murray IB,55
10/24/2018 18:44,WS Outbound-DCL Inbound,Union,526
10/24/2018 18:44,WS Outbound-DCL Inbound,Union,526
10/24/2018 18:44,WS Outbound-DCL Inbound,Union,526
10/24/2018 18:44,WS Outbound-DCL Inbound,Leroy St and Chestnut IB,55
10/24/2018 18:44,WS Outbound-DCL Inbound,Leroy St and Chestnut IB,55
10/24/2018 18:44,WS Outbound-DCL Inbound,Leroy St and Chestnut IB,55
10/24/2018 18:45,WS Outbound-DCL Inbound,Union,526
10/24/2018 18:45,WS Outbound-DCL Inbound,Union,526
10/24/2018 18:45,WS Outbound-DCL Inbound,Union,526
10/24/2018 18:46,WS Outbound-DCL Inbound,Union,526
10/24/2018 18:46,WS Outbound-DCL Inbound,Union,526
10/24/2018 18:46,WS Outbound-DCL Inbound,Union,526
10/24/2018 18:48,WS Outbound-DCL Inbound,Main and Helen OB,21
10/24/2018 18:48,WS Outbound-DCL Inbound,Union,526
10/24/2018 18:48,WS Outbound-DCL Inbound,Main and Helen OB,21
10/24/2018 18:48,WS Outbound-DCL Inbound,Union,526
10/24/2018 18:48,WS Outbound-DCL Inbound,Main and Helen OB,21
10/24/2018 18:49,WS Outbound-DCL Inbound,Union,526
10/24/2018 18:49,WS Outbound-DCL Inbound,Union,526
10/24/2018 18:49,WS Outbound-DCL Inbound,Union,526
10/24/2018 18:49,WS Outbound-DCL Inbound,Union,526
10/24/2018 18:50,WS Outbound-DCL Inbound,Union,526
10/24/2018 18:50,WS Outbound-DCL Inbound,Union,526
10/24/2018 18:50,WS Outbound-DCL Inbound,Union,526
10/24/2018 18:50,WS Outbound-DCL Inbound,Union,526
10/24/2018 18:50,WS Outbound-DCL Inbound,Union,526
10/24/2018 18:51,WS Outbound-DCL Inbound,Union,526
10/24/2018 18:51,WS Outbound-DCL Inbound,Union,526
10/24/2018 18:51,WS Outbound-DCL Inbound,Union,526
10/24/2018 19:01,WS Outbound-DCL Inbound,Union,528
10/24/2018 19:01,WS Outbound-DCL Inbound,Union,528
10/24/2018 19:01,WS Outbound-DCL Inbound,Union,528
10/24/2018 19:01,WS Outbound-DCL Inbound,Union,528
10/24/2018 19:01,WS Outbound-DCL Inbound,Union,528
10/24/2018 19:01,WS Outbound-DCL Inbound,Union,528
10/24/2018 19:01,WS Outbound-DCL Inbound,Union,528
10/24/2018 19:01,WS Outbound-DCL Inbound,Union,528
10/24/2018 19:01,WS Outbound-DCL Inbound,Union,528
10/24/2018 19:01,WS Outbound-DCL Inbound,Union,528
10/24/2018 19:01,WS Outbound-DCL Inbound,Union,528
10/24/2018 19:01,WS Outbound-DCL Inbound,Union,528
10/24/2018 19:01,WS Outbound-DCL Inbound,Union,528
10/24/2018 19:01,WS Outbound-DCL Inbound,Union,528
10/24/2018 19:01,WS Outbound-DCL Inbound,Union,528
10/24/2018 19:02,WS Outbound-DCL Inbound,Union,528
10/24/2018 19:02,WS Outbound-DCL Inbound,Union,528
10/24/2018 19:02,WS Outbound-DCL Inbound,Union,528
10/24/2018 19:02,WS Outbound-DCL Inbound,Union,528
10/24/2018 19:02,WS Outbound-DCL Inbound,Union,528
10/24/2018 19:02,WS Outbound-DCL Inbound,Union,528
10/24/2018 19:02,WS Outbound-DCL Inbound,Union,528
10/24/2018 19:02,WS Outbound-DCL Inbound,Union,528
10/24/2018 19:02,WS Outbound-DCL Inbound,Union,528
10/24/2018 19:03,WS Outbound-DCL Inbound,Union,528
10/24/2018 19:03,WS Outbound-DCL Inbound,Main and Helen OB,526
10/24/2018 19:03,WS Outbound-DCL Inbound,Main and Helen OB,526
10/24/2018 19:03,WS Outbound-DCL Inbound,Main and Helen OB,526
10/24/2018 19:03,WS Outbound-DCL Inbound,Main and Helen OB,526
10/24/2018 19:03,WS Outbound-DCL Inbound,Main and Helen OB,526
10/24/2018 19:03,WS Outbound-DCL Inbound,Union,528
10/24/2018 19:04,WS Outbound-DCL Inbound,Union,528
10/24/2018 19:04,WS Outbound-DCL Inbound,Union,528
10/24/2018 19:12,WS Outbound-DCL Inbound,UDC,526
10/24/2018 19:13,WS Outbound-DCL Inbound,UDC,526
10/24/2018 19:14,WS Outbound-DCL Inbound,UDC,526
10/24/2018 19:18,WS Outbound-DCL Inbound,Leroy St and Murray IB,526
10/24/2018 19:18,WS Outbound-DCL Inbound,Leroy St and Murray IB,526
10/24/2018 19:18,WS Outbound-DCL Inbound,Leroy St and Murray IB,526
10/24/2018 19:18,WS Outbound-DCL Inbound,Leroy St and Murray IB,526
10/24/2018 19:18,WS Outbound-DCL Inbound,Leroy St and Murray IB,526
10/24/2018 19:19,WS Outbound-DCL Inbound,Leroy St and Chestnut IB,526
10/24/2018 19:19,WS Outbound-DCL Inbound,Leroy St and Chestnut IB,526
10/24/2018 19:19,WS Outbound-DCL Inbound,Leroy St and Chestnut IB,526
10/24/2018 19:19,WS Outbound-DCL Inbound,Leroy St and Chestnut IB,526
10/24/2018 19:19,WS Outbound-DCL Inbound,Leroy St and Chestnut IB,526
10/24/2018 19:20,WS Outbound-DCL Inbound,Main and Front OB,528
10/24/2018 19:24,WS Outbound-DCL Inbound,UDC,528
10/24/2018 19:24,WS Outbound-DCL Inbound,UDC,528
10/24/2018 19:24,WS Outbound-DCL Inbound,UDC,528
10/24/2018 19:25,WS Outbound-DCL Inbound,Riverside and Ethel IB,526
10/24/2018 19:28,WS Outbound-DCL Inbound,UDC,528
10/24/2018 19:31,WS Outbound-DCL Inbound,Union,55
10/24/2018 19:31,WS Outbound-DCL Inbound,Union,55
10/24/2018 19:31,WS Outbound-DCL Inbound,Union,55
10/24/2018 19:31,WS Outbound-DCL Inbound,Union,55
10/24/2018 19:31,WS Outbound-DCL Inbound,Union,55
10/24/2018 19:31,WS Outbound-DCL Inbound,Union,55
10/24/2018 19:31,WS Outbound-DCL Inbound,Union,55
10/24/2018 19:31,WS Outbound-DCL Inbound,Union,55
10/24/2018 19:31,WS Outbound-DCL Inbound,Union,55
10/24/2018 19:31,WS Outbound-DCL Inbound,Union,55
10/24/2018 19:31,WS Outbound-DCL Inbound,Union,55
10/24/2018 19:31,WS Outbound-DCL Inbound,Union,55
10/24/2018 19:31,WS Outbound-DCL Inbound,Union,55
10/24/2018 19:31,WS Outbound-DCL Inbound,Union,55
10/24/2018 19:32,WS Outbound-DCL Inbound,Union,55
10/24/2018 19:32,WS Outbound-DCL Inbound,Union,55
10/24/2018 19:32,WS Outbound-DCL Inbound,Union,55
10/24/2018 19:32,WS Outbound-DCL Inbound,Union,55
10/24/2018 19:32,WS Outbound-DCL Inbound,Union,55
10/24/2018 19:32,WS Outbound-DCL Inbound,Union,55
10/24/2018 19:32,WS Outbound-DCL Inbound,Union,55
10/24/2018 19:32,WS Outbound-DCL Inbound,Union,55
10/24/2018 19:32,WS Outbound-DCL Inbound,Union,55
10/24/2018 19:32,WS Outbound-DCL Inbound,Union,55
10/24/2018 19:32,WS Outbound-DCL Inbound,Union,55
10/24/2018 19:32,WS Outbound-DCL Inbound,Union,55
10/24/2018 19:32,WS Outbound-DCL Inbound,Union,55
10/24/2018 19:32,WS Outbound-DCL Inbound,Union,55
10/24/2018 19:32,WS Outbound-DCL Inbound,Union,55
10/24/2018 19:32,WS Outbound-DCL Inbound,Union,55
10/24/2018 19:32,WS Outbound-DCL Inbound,Union,55
10/24/2018 19:32,WS Outbound-DCL Inbound,Union,55
10/24/2018 19:32,WS Outbound-DCL Inbound,Union,55
10/24/2018 19:32,WS Outbound-DCL Inbound,Union,55
10/24/2018 19:32,WS Outbound-DCL Inbound,Union,55
10/24/2018 19:32,WS Outbound-DCL Inbound,Union,55
10/24/2018 19:32,WS Outbound-DCL Inbound,Union,55
10/24/2018 19:32,WS Outbound-DCL Inbound,Union,55
10/24/2018 19:32,WS Outbound-DCL Inbound,Union,55
10/24/2018 19:32,WS Outbound-DCL Inbound,Union,55
10/24/2018 19:33,WS Outbound-DCL Inbound,Union,55
10/24/2018 19:33,WS Outbound-DCL Inbound,Union,55
10/24/2018 19:33,WS Outbound-DCL Inbound,Union,55
10/24/2018 19:33,WS Outbound-DCL Inbound,Union,55
10/24/2018 19:33,WS Outbound-DCL Inbound,Union,526
10/24/2018 19:33,WS Outbound-DCL Inbound,Union,526
10/24/2018 19:33,WS Outbound-DCL Inbound,Union,526
10/24/2018 19:33,WS Outbound-DCL Inbound,Union,526
10/24/2018 19:33,WS Outbound-DCL Inbound,Union,526
10/24/2018 19:33,WS Outbound-DCL Inbound,Union,526
10/24/2018 19:33,WS Outbound-DCL Inbound,Union,526
10/24/2018 19:33,WS Outbound-DCL Inbound,Union,526
10/24/2018 19:34,WS Outbound-DCL Inbound,Union,526
10/24/2018 19:34,WS Outbound-DCL Inbound,Union,526
10/24/2018 19:34,WS Outbound-DCL Inbound,Union,526
10/24/2018 19:34,WS Outbound-DCL Inbound,Leroy St and Chestnut IB,528
10/24/2018 19:34,WS Outbound-DCL Inbound,Leroy St and Chestnut IB,528
10/24/2018 19:34,WS Outbound-DCL Inbound,Leroy St and Chestnut IB,528
10/24/2018 19:34,WS Outbound-DCL Inbound,Leroy St and Chestnut IB,528
10/24/2018 19:34,WS Outbound-DCL Inbound,Leroy St and Chestnut IB,528
10/24/2018 19:34,WS Outbound-DCL Inbound,Leroy St and Chestnut IB,528
10/24/2018 19:34,WS Outbound-DCL Inbound,Leroy St and Chestnut IB,528
10/24/2018 19:38,WS Outbound-DCL Inbound,Union,55
10/24/2018 19:42,WS Outbound-DCL Inbound,Union,21
10/24/2018 19:42,WS Outbound-DCL Inbound,Union,21
10/24/2018 19:42,WS Outbound-DCL Inbound,Union,21
10/24/2018 19:42,WS Outbound-DCL Inbound,Union,21
10/24/2018 19:42,WS Outbound-DCL Inbound,Union,21
10/24/2018 19:42,WS Outbound-DCL Inbound,Union,21
10/24/2018 19:43,WS Outbound-DCL Inbound,Union,21
10/24/2018 19:43,WS Outbound-DCL Inbound,Union,21
10/24/2018 19:43,WS Outbound-DCL Inbound,Union,21
10/24/2018 19:43,WS Outbound-DCL Inbound,Union,21
10/24/2018 19:44,WS Outbound-DCL Inbound,Union,21
10/24/2018 19:44,WS Outbound-DCL Inbound,Union,21
10/24/2018 19:44,WS Outbound-DCL Inbound,Union,21
10/24/2018 19:44,WS Outbound-DCL Inbound,Union,21
10/24/2018 19:45,WS Outbound-DCL Inbound,Union,21
10/24/2018 19:48,WS Outbound-DCL Inbound,Physical Facilities,21
10/24/2018 19:48,WS Outbound-DCL Inbound,Physical Facilities,21
10/24/2018 19:55,WS Outbound-DCL Inbound,Main and Helen OB,55
10/24/2018 19:55,WS Outbound-DCL Inbound,Main and Helen OB,55
10/24/2018 19:57,WS Outbound-DCL Inbound,Main and Clarke OB,55
10/24/2018 19:58,WS Outbound-DCL Inbound,Main and Cedar OB,55
10/24/2018 19:58,WS Outbound-DCL Inbound,Main and Cedar OB,55
