Start Date:10/01/2018 7:00 AM End Date:10/01/2018 8:00 PM,,,
DateTime,CorridorName,StopName,VehicleID
10/1/2018 7:23,WS Outbound-DCL Inbound,Floral and New York,528
10/1/2018 7:27,WS Outbound-DCL Inbound,Main and Schiller OB,528
10/1/2018 7:28,WS Outbound-DCL Inbound,Main and Cedar OB,528
10/1/2018 7:33,WS Outbound-DCL Inbound,UDC,528
10/1/2018 7:33,WS Outbound-DCL Inbound,UDC,528
10/1/2018 7:34,WS Outbound-DCL Inbound,UDC,528
10/1/2018 7:34,WS Outbound-DCL Inbound,UDC,528
10/1/2018 7:34,WS Outbound-DCL Inbound,UDC,528
10/1/2018 7:34,WS Outbound-DCL Inbound,UDC,528
10/1/2018 7:36,WS Outbound-DCL Inbound,UDC,528
10/1/2018 7:36,WS Outbound-DCL Inbound,UDC,528
10/1/2018 7:44,WS Outbound-DCL Inbound,Leroy St and Murray IB,528
10/1/2018 7:44,WS Outbound-DCL Inbound,Leroy St and Murray IB,528
10/1/2018 7:44,WS Outbound-DCL Inbound,Leroy St and Murray IB,528
10/1/2018 7:44,WS Outbound-DCL Inbound,Leroy St and Murray IB,528
10/1/2018 7:44,WS Outbound-DCL Inbound,Leroy St and Murray IB,528
10/1/2018 7:44,WS Outbound-DCL Inbound,Leroy St and Murray IB,528
10/1/2018 7:44,WS Outbound-DCL Inbound,Leroy St and Murray IB,528
10/1/2018 7:45,WS Outbound-DCL Inbound,Leroy St and Chestnut IB,528
10/1/2018 7:45,WS Outbound-DCL Inbound,Leroy St and Chestnut IB,528
10/1/2018 7:45,WS Outbound-DCL Inbound,Leroy St and Chestnut IB,528
10/1/2018 7:45,WS Outbound-DCL Inbound,Leroy St and Chestnut IB,528
10/1/2018 7:45,WS Outbound-DCL Inbound,Leroy St and Chestnut IB,528
10/1/2018 7:45,WS Outbound-DCL Inbound,Leroy St and Chestnut IB,528
10/1/2018 7:46,WS Outbound-DCL Inbound,Leroy St and Chestnut IB,528
10/1/2018 7:46,WS Outbound-DCL Inbound,Leroy St and Chestnut IB,528
10/1/2018 7:46,WS Outbound-DCL Inbound,Leroy St and Chestnut IB,528
10/1/2018 7:46,WS Outbound-DCL Inbound,Leroy St and Chestnut IB,528
10/1/2018 7:46,WS Outbound-DCL Inbound,Leroy St and Chestnut IB,528
10/1/2018 7:46,WS Outbound-DCL Inbound,Leroy St and Laurel IB,528
10/1/2018 7:55,WS Outbound-DCL Inbound,UDC,891
10/1/2018 7:55,WS Outbound-DCL Inbound,UDC,891
10/1/2018 7:55,WS Outbound-DCL Inbound,UDC,891
10/1/2018 7:56,WS Outbound-DCL Inbound,UDC,891
10/1/2018 7:56,WS Outbound-DCL Inbound,UDC,891
10/1/2018 7:56,WS Outbound-DCL Inbound,UDC,891
10/1/2018 7:56,WS Outbound-DCL Inbound,UDC,891
10/1/2018 7:56,WS Outbound-DCL Inbound,UDC,891
10/1/2018 7:59,WS Outbound-DCL Inbound,Leroy St and Front,891
10/1/2018 7:59,WS Outbound-DCL Inbound,Leroy St and Front,891
10/1/2018 7:59,WS Outbound-DCL Inbound,Leroy St and Front,891
10/1/2018 8:00,WS Outbound-DCL Inbound,Leroy St and Murray IB,891
10/1/2018 8:00,WS Outbound-DCL Inbound,Leroy St and Murray IB,891
10/1/2018 8:00,WS Outbound-DCL Inbound,Leroy St and Murray IB,891
10/1/2018 8:00,WS Outbound-DCL Inbound,Leroy St and Murray IB,891
10/1/2018 8:00,WS Outbound-DCL Inbound,Leroy St and Murray IB,891
10/1/2018 8:00,WS Outbound-DCL Inbound,Leroy St and Murray IB,891
10/1/2018 8:00,WS Outbound-DCL Inbound,Leroy St and Murray IB,891
10/1/2018 8:00,WS Outbound-DCL Inbound,Leroy St and Murray IB,891
10/1/2018 8:00,WS Outbound-DCL Inbound,Leroy St and Murray IB,891
10/1/2018 8:00,WS Outbound-DCL Inbound,Leroy St and Murray IB,891
10/1/2018 8:00,WS Outbound-DCL Inbound,Leroy St and Murray IB,891
10/1/2018 8:00,WS Outbound-DCL Inbound,Leroy St and Murray IB,891
10/1/2018 8:00,WS Outbound-DCL Inbound,Leroy St and Murray IB,891
10/1/2018 8:00,WS Outbound-DCL Inbound,Leroy St and Murray IB,891
10/1/2018 8:00,WS Outbound-DCL Inbound,Leroy St and Murray IB,891
10/1/2018 8:00,WS Outbound-DCL Inbound,Leroy St and Murray IB,891
10/1/2018 8:00,WS Outbound-DCL Inbound,Leroy St and Murray IB,891
10/1/2018 8:00,WS Outbound-DCL Inbound,Leroy St and Murray IB,891
10/1/2018 8:00,WS Outbound-DCL Inbound,Leroy St and Murray IB,891
10/1/2018 8:01,WS Outbound-DCL Inbound,Leroy St and Murray IB,891
10/1/2018 8:01,WS Outbound-DCL Inbound,Leroy St and Murray IB,891
10/1/2018 8:01,WS Outbound-DCL Inbound,Leroy St and Murray IB,891
10/1/2018 8:01,WS Outbound-DCL Inbound,Leroy St and Murray IB,891
10/1/2018 8:01,WS Outbound-DCL Inbound,Leroy St and Murray IB,891
10/1/2018 8:01,WS Outbound-DCL Inbound,Leroy St and Murray IB,891
10/1/2018 8:01,WS Outbound-DCL Inbound,Leroy St and Chestnut IB,891
10/1/2018 8:01,WS Outbound-DCL Inbound,Leroy St and Chestnut IB,891
10/1/2018 8:01,WS Outbound-DCL Inbound,Leroy St and Chestnut IB,891
10/1/2018 8:02,WS Outbound-DCL Inbound,Leroy St and Chestnut IB,891
10/1/2018 8:02,WS Outbound-DCL Inbound,Leroy St and Chestnut IB,891
10/1/2018 8:23,WS Outbound-DCL Inbound,UDC,54
10/1/2018 8:24,WS Outbound-DCL Inbound,UDC,54
10/1/2018 8:26,WS Outbound-DCL Inbound,UDC,54
10/1/2018 8:28,WS Outbound-DCL Inbound,Main and Clarke OB,891
10/1/2018 8:29,WS Outbound-DCL Inbound,Leroy St and Front,54
10/1/2018 8:29,WS Outbound-DCL Inbound,Leroy St and Front,54
10/1/2018 8:30,WS Outbound-DCL Inbound,Leroy St and Murray IB,54
10/1/2018 8:30,WS Outbound-DCL Inbound,Leroy St and Murray IB,54
10/1/2018 8:30,WS Outbound-DCL Inbound,Leroy St and Murray IB,54
10/1/2018 8:30,WS Outbound-DCL Inbound,Leroy St and Murray IB,54
10/1/2018 8:30,WS Outbound-DCL Inbound,Leroy St and Murray IB,54
10/1/2018 8:30,WS Outbound-DCL Inbound,Leroy St and Murray IB,54
10/1/2018 8:30,WS Outbound-DCL Inbound,Main and Murray OB,891
10/1/2018 8:31,WS Outbound-DCL Inbound,Leroy St and Chestnut IB,54
10/1/2018 8:31,WS Outbound-DCL Inbound,Leroy St and Chestnut IB,54
10/1/2018 8:31,WS Outbound-DCL Inbound,Leroy St and Chestnut IB,54
10/1/2018 8:31,WS Outbound-DCL Inbound,Leroy St and Chestnut IB,54
10/1/2018 8:31,WS Outbound-DCL Inbound,Leroy St and Chestnut IB,54
10/1/2018 8:31,WS Outbound-DCL Inbound,Leroy St and Chestnut IB,54
10/1/2018 8:31,WS Outbound-DCL Inbound,Leroy St and Chestnut IB,54
10/1/2018 8:32,WS Outbound-DCL Inbound,Leroy St and Laurel IB,54
10/1/2018 8:33,WS Outbound-DCL Inbound,Beethoven and Leroy,54
10/1/2018 8:33,WS Outbound-DCL Inbound,UDC,891
10/1/2018 8:33,WS Outbound-DCL Inbound,UDC,891
10/1/2018 8:34,WS Outbound-DCL Inbound,UDC,891
10/1/2018 8:39,WS Outbound-DCL Inbound,UDC,891
10/1/2018 8:42,WS Outbound-DCL Inbound,Leroy St and Front,891
10/1/2018 8:42,WS Outbound-DCL Inbound,Leroy St and Front,891
10/1/2018 8:43,WS Outbound-DCL Inbound,Leroy St and Murray IB,891
10/1/2018 8:43,WS Outbound-DCL Inbound,Leroy St and Murray IB,891
10/1/2018 8:43,WS Outbound-DCL Inbound,Leroy St and Murray IB,891
10/1/2018 8:43,WS Outbound-DCL Inbound,Leroy St and Murray IB,891
10/1/2018 8:43,WS Outbound-DCL Inbound,Leroy St and Murray IB,891
10/1/2018 8:44,WS Outbound-DCL Inbound,Leroy St and Chestnut IB,891
10/1/2018 8:44,WS Outbound-DCL Inbound,Leroy St and Chestnut IB,891
10/1/2018 8:44,WS Outbound-DCL Inbound,Leroy St and Chestnut IB,891
10/1/2018 8:44,WS Outbound-DCL Inbound,Leroy St and Chestnut IB,891
10/1/2018 8:44,WS Outbound-DCL Inbound,Leroy St and Chestnut IB,891
10/1/2018 8:44,WS Outbound-DCL Inbound,Leroy St and Chestnut IB,891
10/1/2018 9:14,WS Outbound-DCL Inbound,Union,527
10/1/2018 9:14,WS Outbound-DCL Inbound,Union,527
10/1/2018 9:27,WS Outbound-DCL Inbound,Main and Clarke IB,527
10/1/2018 9:38,WS Outbound-DCL Inbound,UDC,527
10/1/2018 9:38,WS Outbound-DCL Inbound,UDC,527
10/1/2018 9:43,WS Outbound-DCL Inbound,Leroy St and Front,527
10/1/2018 9:43,WS Outbound-DCL Inbound,Leroy St and Front,527
10/1/2018 9:43,WS Outbound-DCL Inbound,Leroy St and Front,527
10/1/2018 9:44,WS Outbound-DCL Inbound,Leroy St and Murray IB,527
10/1/2018 9:44,WS Outbound-DCL Inbound,Leroy St and Murray IB,527
10/1/2018 9:44,WS Outbound-DCL Inbound,Leroy St and Murray IB,527
10/1/2018 9:44,WS Outbound-DCL Inbound,Leroy St and Murray IB,527
10/1/2018 9:44,WS Outbound-DCL Inbound,Leroy St and Murray IB,527
10/1/2018 9:44,WS Outbound-DCL Inbound,Union,891
10/1/2018 9:44,WS Outbound-DCL Inbound,Union,891
10/1/2018 9:45,WS Outbound-DCL Inbound,Union,891
10/1/2018 9:45,WS Outbound-DCL Inbound,Union,891
10/1/2018 9:45,WS Outbound-DCL Inbound,Union,891
10/1/2018 9:45,WS Outbound-DCL Inbound,Union,891
10/1/2018 9:45,WS Outbound-DCL Inbound,Union,891
10/1/2018 9:45,WS Outbound-DCL Inbound,Union,891
10/1/2018 9:45,WS Outbound-DCL Inbound,Union,891
10/1/2018 9:45,WS Outbound-DCL Inbound,Union,891
10/1/2018 9:45,WS Outbound-DCL Inbound,Union,891
10/1/2018 9:45,WS Outbound-DCL Inbound,Union,891
10/1/2018 9:45,WS Outbound-DCL Inbound,Union,891
10/1/2018 9:45,WS Outbound-DCL Inbound,Union,891
10/1/2018 9:45,WS Outbound-DCL Inbound,Union,891
10/1/2018 9:45,WS Outbound-DCL Inbound,Union,891
10/1/2018 9:45,WS Outbound-DCL Inbound,Union,891
10/1/2018 9:45,WS Outbound-DCL Inbound,Union,891
10/1/2018 9:45,WS Outbound-DCL Inbound,Union,891
10/1/2018 9:45,WS Outbound-DCL Inbound,Union,891
10/1/2018 9:45,WS Outbound-DCL Inbound,Union,891
10/1/2018 9:45,WS Outbound-DCL Inbound,Union,891
10/1/2018 9:45,WS Outbound-DCL Inbound,Leroy St and Chestnut OB,527
10/1/2018 9:45,WS Outbound-DCL Inbound,Union,891
10/1/2018 9:45,WS Outbound-DCL Inbound,Leroy St and Chestnut OB,527
10/1/2018 9:45,WS Outbound-DCL Inbound,Leroy St and Chestnut OB,527
10/1/2018 9:45,WS Outbound-DCL Inbound,Union,891
10/1/2018 9:45,WS Outbound-DCL Inbound,Leroy St and Chestnut OB,527
10/1/2018 9:45,WS Outbound-DCL Inbound,Leroy St and Chestnut OB,527
10/1/2018 9:45,WS Outbound-DCL Inbound,Union,891
10/1/2018 9:46,WS Outbound-DCL Inbound,Union,891
10/1/2018 9:46,WS Outbound-DCL Inbound,Union,891
10/1/2018 9:46,WS Outbound-DCL Inbound,Union,891
10/1/2018 9:46,WS Outbound-DCL Inbound,Union,891
10/1/2018 9:46,WS Outbound-DCL Inbound,Union,891
10/1/2018 9:49,WS Outbound-DCL Inbound,Physical Facilities,891
10/1/2018 9:49,WS Outbound-DCL Inbound,Physical Facilities,891
10/1/2018 9:49,WS Outbound-DCL Inbound,Physical Facilities,891
10/1/2018 9:57,WS Outbound-DCL Inbound,Floral and Cleveland OB,891
10/1/2018 9:58,WS Outbound-DCL Inbound,Leroy St and Front,526
10/1/2018 9:59,WS Outbound-DCL Inbound,Leroy St and Murray IB,526
10/1/2018 9:59,WS Outbound-DCL Inbound,Leroy St and Murray IB,526
10/1/2018 9:59,WS Outbound-DCL Inbound,Leroy St and Murray IB,526
10/1/2018 9:59,WS Outbound-DCL Inbound,Leroy St and Murray IB,526
10/1/2018 10:00,WS Outbound-DCL Inbound,Leroy St and Chestnut OB,526
10/1/2018 10:05,WS Outbound-DCL Inbound,Main and Arthur,891
10/1/2018 10:06,WS Outbound-DCL Inbound,Main and Murray OB,891
10/1/2018 10:11,WS Outbound-DCL Inbound,UDC,891
10/1/2018 10:13,WS Outbound-DCL Inbound,Union,527
10/1/2018 10:13,WS Outbound-DCL Inbound,Union,527
10/1/2018 10:13,WS Outbound-DCL Inbound,Union,527
10/1/2018 10:13,WS Outbound-DCL Inbound,Union,527
10/1/2018 10:13,WS Outbound-DCL Inbound,Union,527
10/1/2018 10:13,WS Outbound-DCL Inbound,Union,527
10/1/2018 10:13,WS Outbound-DCL Inbound,Union,527
10/1/2018 10:13,WS Outbound-DCL Inbound,Union,527
10/1/2018 10:13,WS Outbound-DCL Inbound,Union,527
10/1/2018 10:13,WS Outbound-DCL Inbound,Union,527
10/1/2018 10:13,WS Outbound-DCL Inbound,Union,527
10/1/2018 10:13,WS Outbound-DCL Inbound,Union,527
10/1/2018 10:13,WS Outbound-DCL Inbound,Union,527
10/1/2018 10:14,WS Outbound-DCL Inbound,Leroy St and Front,891
10/1/2018 10:14,WS Outbound-DCL Inbound,Leroy St and Front,891
10/1/2018 10:14,WS Outbound-DCL Inbound,Union,527
10/1/2018 10:14,WS Outbound-DCL Inbound,Union,527
10/1/2018 10:15,WS Outbound-DCL Inbound,Leroy St and Murray IB,891
10/1/2018 10:15,WS Outbound-DCL Inbound,Leroy St and Murray IB,891
10/1/2018 10:15,WS Outbound-DCL Inbound,Leroy St and Murray IB,891
10/1/2018 10:15,WS Outbound-DCL Inbound,Leroy St and Murray IB,891
10/1/2018 10:15,WS Outbound-DCL Inbound,Leroy St and Murray IB,891
10/1/2018 10:15,WS Outbound-DCL Inbound,Leroy St and Murray IB,891
10/1/2018 10:15,WS Outbound-DCL Inbound,Leroy St and Murray IB,891
10/1/2018 10:15,WS Outbound-DCL Inbound,Leroy St and Murray IB,891
10/1/2018 10:15,WS Outbound-DCL Inbound,Leroy St and Murray IB,891
10/1/2018 10:16,WS Outbound-DCL Inbound,Leroy St and Chestnut IB,891
10/1/2018 10:16,WS Outbound-DCL Inbound,Leroy St and Chestnut IB,891
10/1/2018 10:16,WS Outbound-DCL Inbound,Leroy St and Chestnut IB,891
10/1/2018 10:16,WS Outbound-DCL Inbound,Leroy St and Chestnut IB,891
10/1/2018 10:16,WS Outbound-DCL Inbound,Leroy St and Chestnut IB,891
10/1/2018 10:16,WS Outbound-DCL Inbound,Leroy St and Chestnut IB,891
10/1/2018 10:16,WS Outbound-DCL Inbound,Leroy St and Chestnut IB,891
10/1/2018 10:16,WS Outbound-DCL Inbound,Leroy St and Chestnut IB,891
10/1/2018 10:21,WS Outbound-DCL Inbound,UDC,43
10/1/2018 10:21,WS Outbound-DCL Inbound,UDC,43
10/1/2018 10:23,WS Outbound-DCL Inbound,UDC,43
10/1/2018 10:27,WS Outbound-DCL Inbound,Main and Helen OB,527
10/1/2018 10:28,WS Outbound-DCL Inbound,Leroy St and Front,43
10/1/2018 10:28,WS Outbound-DCL Inbound,Leroy St and Front,43
10/1/2018 10:28,WS Outbound-DCL Inbound,Leroy St and Front,43
10/1/2018 10:28,WS Outbound-DCL Inbound,Leroy St and Front,43
10/1/2018 10:28,WS Outbound-DCL Inbound,Leroy St and Front,43
10/1/2018 10:29,WS Outbound-DCL Inbound,Leroy St and Murray IB,43
10/1/2018 10:29,WS Outbound-DCL Inbound,Leroy St and Murray IB,43
10/1/2018 10:29,WS Outbound-DCL Inbound,Leroy St and Murray IB,43
10/1/2018 10:29,WS Outbound-DCL Inbound,Leroy St and Murray IB,43
10/1/2018 10:29,WS Outbound-DCL Inbound,Leroy St and Murray IB,43
10/1/2018 10:29,WS Outbound-DCL Inbound,Leroy St and Murray IB,43
10/1/2018 10:29,WS Outbound-DCL Inbound,Leroy St and Murray IB,43
10/1/2018 10:29,WS Outbound-DCL Inbound,Leroy St and Murray IB,43
10/1/2018 10:29,WS Outbound-DCL Inbound,Leroy St and Murray IB,43
10/1/2018 10:29,WS Outbound-DCL Inbound,Leroy St and Murray IB,43
10/1/2018 10:30,WS Outbound-DCL Inbound,Leroy St and Murray IB,43
10/1/2018 10:30,WS Outbound-DCL Inbound,Leroy St and Murray IB,43
10/1/2018 10:30,WS Outbound-DCL Inbound,Leroy St and Murray IB,43
10/1/2018 10:30,WS Outbound-DCL Inbound,Leroy St and Murray IB,43
10/1/2018 10:30,WS Outbound-DCL Inbound,Leroy St and Murray IB,43
10/1/2018 10:30,WS Outbound-DCL Inbound,Leroy St and Murray IB,43
10/1/2018 10:30,WS Outbound-DCL Inbound,Leroy St and Murray IB,43
10/1/2018 10:30,WS Outbound-DCL Inbound,Main and Cedar OB,527
10/1/2018 10:30,WS Outbound-DCL Inbound,Union,891
10/1/2018 10:30,WS Outbound-DCL Inbound,Union,891
10/1/2018 10:30,WS Outbound-DCL Inbound,Union,891
10/1/2018 10:31,WS Outbound-DCL Inbound,Leroy St and Chestnut IB,43
10/1/2018 10:31,WS Outbound-DCL Inbound,Leroy St and Chestnut IB,43
10/1/2018 10:31,WS Outbound-DCL Inbound,Leroy St and Chestnut IB,43
10/1/2018 10:31,WS Outbound-DCL Inbound,Leroy St and Chestnut IB,43
10/1/2018 10:31,WS Outbound-DCL Inbound,Leroy St and Chestnut IB,43
10/1/2018 10:31,WS Outbound-DCL Inbound,Leroy St and Chestnut IB,43
10/1/2018 10:31,WS Outbound-DCL Inbound,Main and Arthur,527
10/1/2018 10:33,WS Outbound-DCL Inbound,Beethoven and Leroy,43
10/1/2018 10:37,WS Outbound-DCL Inbound,UDC,527
10/1/2018 10:37,WS Outbound-DCL Inbound,UDC,527
10/1/2018 10:37,WS Outbound-DCL Inbound,UDC,527
10/1/2018 10:39,WS Outbound-DCL Inbound,UDC,527
10/1/2018 10:40,WS Outbound-DCL Inbound,UDC,527
10/1/2018 10:42,WS Outbound-DCL Inbound,Leroy St and Front,527
10/1/2018 10:42,WS Outbound-DCL Inbound,Leroy St and Front,527
10/1/2018 10:43,WS Outbound-DCL Inbound,Leroy St and Murray IB,527
10/1/2018 10:43,WS Outbound-DCL Inbound,Leroy St and Murray IB,527
10/1/2018 10:43,WS Outbound-DCL Inbound,Leroy St and Murray IB,527
10/1/2018 10:43,WS Outbound-DCL Inbound,Leroy St and Murray IB,527
10/1/2018 10:43,WS Outbound-DCL Inbound,Leroy St and Murray IB,527
10/1/2018 10:44,WS Outbound-DCL Inbound,Leroy St and Chestnut IB,527
10/1/2018 10:44,WS Outbound-DCL Inbound,Leroy St and Chestnut IB,527
10/1/2018 10:44,WS Outbound-DCL Inbound,Leroy St and Chestnut IB,527
10/1/2018 10:44,WS Outbound-DCL Inbound,Leroy St and Chestnut IB,527
10/1/2018 10:44,WS Outbound-DCL Inbound,Leroy St and Chestnut IB,527
10/1/2018 10:44,WS Outbound-DCL Inbound,Leroy St and Chestnut IB,527
10/1/2018 10:44,WS Outbound-DCL Inbound,Leroy St and Chestnut IB,527
10/1/2018 10:49,WS Outbound-DCL Inbound,Union,43
10/1/2018 10:49,WS Outbound-DCL Inbound,Union,43
10/1/2018 10:49,WS Outbound-DCL Inbound,Union,43
10/1/2018 10:49,WS Outbound-DCL Inbound,Union,43
10/1/2018 10:49,WS Outbound-DCL Inbound,Union,43
10/1/2018 10:49,WS Outbound-DCL Inbound,Union,43
10/1/2018 10:49,WS Outbound-DCL Inbound,Union,43
10/1/2018 10:49,WS Outbound-DCL Inbound,Union,43
10/1/2018 10:49,WS Outbound-DCL Inbound,Union,43
10/1/2018 10:49,WS Outbound-DCL Inbound,Union,43
10/1/2018 10:49,WS Outbound-DCL Inbound,Union,43
10/1/2018 10:49,WS Outbound-DCL Inbound,Union,43
10/1/2018 10:49,WS Outbound-DCL Inbound,Union,43
10/1/2018 10:49,WS Outbound-DCL Inbound,Union,43
10/1/2018 10:49,WS Outbound-DCL Inbound,Union,43
10/1/2018 10:50,WS Outbound-DCL Inbound,Union,43
10/1/2018 10:50,WS Outbound-DCL Inbound,Union,43
10/1/2018 10:50,WS Outbound-DCL Inbound,Union,43
10/1/2018 10:52,WS Outbound-DCL Inbound,UDC,54
10/1/2018 10:52,WS Outbound-DCL Inbound,UDC,54
10/1/2018 10:52,WS Outbound-DCL Inbound,UDC,54
10/1/2018 10:52,WS Outbound-DCL Inbound,UDC,54
10/1/2018 10:52,WS Outbound-DCL Inbound,UDC,54
10/1/2018 10:53,WS Outbound-DCL Inbound,UDC,54
10/1/2018 10:53,WS Outbound-DCL Inbound,UDC,54
10/1/2018 10:53,WS Outbound-DCL Inbound,UDC,54
10/1/2018 10:53,WS Outbound-DCL Inbound,UDC,54
10/1/2018 10:53,WS Outbound-DCL Inbound,UDC,54
10/1/2018 10:53,WS Outbound-DCL Inbound,UDC,54
10/1/2018 10:53,WS Outbound-DCL Inbound,UDC,54
10/1/2018 10:53,WS Outbound-DCL Inbound,UDC,54
10/1/2018 10:53,WS Outbound-DCL Inbound,UDC,54
10/1/2018 10:53,WS Outbound-DCL Inbound,UDC,54
10/1/2018 10:53,WS Outbound-DCL Inbound,UDC,54
10/1/2018 10:57,WS Outbound-DCL Inbound,Leroy St and Front,54
10/1/2018 10:58,WS Outbound-DCL Inbound,Leroy St and Murray IB,54
10/1/2018 10:58,WS Outbound-DCL Inbound,Leroy St and Murray IB,54
10/1/2018 10:58,WS Outbound-DCL Inbound,Leroy St and Murray IB,54
10/1/2018 10:59,WS Outbound-DCL Inbound,Leroy St and Chestnut IB,54
10/1/2018 10:59,WS Outbound-DCL Inbound,Leroy St and Chestnut IB,54
10/1/2018 10:59,WS Outbound-DCL Inbound,Leroy St and Chestnut IB,54
10/1/2018 11:07,WS Outbound-DCL Inbound,Main and Murray OB,43
10/1/2018 11:08,WS Outbound-DCL Inbound,Main and Murray OB,43
10/1/2018 11:15,WS Outbound-DCL Inbound,Leroy St and Murray IB,43
10/1/2018 11:15,WS Outbound-DCL Inbound,Leroy St and Murray IB,43
10/1/2018 11:15,WS Outbound-DCL Inbound,Leroy St and Murray IB,43
10/1/2018 11:15,WS Outbound-DCL Inbound,Leroy St and Murray IB,43
10/1/2018 11:15,WS Outbound-DCL Inbound,Leroy St and Murray IB,43
10/1/2018 11:15,WS Outbound-DCL Inbound,Leroy St and Murray IB,43
10/1/2018 11:15,WS Outbound-DCL Inbound,Leroy St and Murray IB,43
10/1/2018 11:16,WS Outbound-DCL Inbound,Leroy St and Murray IB,43
10/1/2018 11:16,WS Outbound-DCL Inbound,Leroy St and Murray IB,43
10/1/2018 11:16,WS Outbound-DCL Inbound,Leroy St and Murray IB,43
10/1/2018 11:16,WS Outbound-DCL Inbound,Leroy St and Murray IB,43
10/1/2018 11:16,WS Outbound-DCL Inbound,Leroy St and Chestnut IB,43
10/1/2018 11:16,WS Outbound-DCL Inbound,Leroy St and Chestnut IB,43
10/1/2018 11:16,WS Outbound-DCL Inbound,Leroy St and Chestnut IB,43
10/1/2018 11:17,WS Outbound-DCL Inbound,Physical Facilities,891
10/1/2018 11:17,WS Outbound-DCL Inbound,Physical Facilities,891
10/1/2018 11:36,WS Outbound-DCL Inbound,UDC,891
10/1/2018 11:41,WS Outbound-DCL Inbound,Union,527
10/1/2018 11:41,WS Outbound-DCL Inbound,Union,527
10/1/2018 11:41,WS Outbound-DCL Inbound,Union,527
10/1/2018 11:41,WS Outbound-DCL Inbound,Union,527
10/1/2018 11:42,WS Outbound-DCL Inbound,Union,527
10/1/2018 11:42,WS Outbound-DCL Inbound,Union,527
10/1/2018 11:42,WS Outbound-DCL Inbound,Union,527
10/1/2018 11:42,WS Outbound-DCL Inbound,Union,527
10/1/2018 11:42,WS Outbound-DCL Inbound,Union,527
10/1/2018 11:43,WS Outbound-DCL Inbound,Leroy St and Front,891
10/1/2018 11:43,WS Outbound-DCL Inbound,Leroy St and Front,891
10/1/2018 11:44,WS Outbound-DCL Inbound,Leroy St and Murray IB,891
10/1/2018 11:44,WS Outbound-DCL Inbound,Leroy St and Murray IB,891
10/1/2018 11:44,WS Outbound-DCL Inbound,Leroy St and Murray IB,891
10/1/2018 11:44,WS Outbound-DCL Inbound,Leroy St and Murray IB,891
10/1/2018 11:44,WS Outbound-DCL Inbound,Leroy St and Murray IB,891
10/1/2018 11:44,WS Outbound-DCL Inbound,Leroy St and Murray IB,891
10/1/2018 11:44,WS Outbound-DCL Inbound,Leroy St and Murray IB,891
10/1/2018 11:44,WS Outbound-DCL Inbound,Leroy St and Murray IB,891
10/1/2018 11:44,WS Outbound-DCL Inbound,Leroy St and Murray IB,891
10/1/2018 11:44,WS Outbound-DCL Inbound,Union,527
10/1/2018 11:45,WS Outbound-DCL Inbound,Union,527
10/1/2018 11:46,WS Outbound-DCL Inbound,Leroy St and Chestnut IB,891
10/1/2018 11:46,WS Outbound-DCL Inbound,Leroy St and Chestnut IB,891
10/1/2018 11:46,WS Outbound-DCL Inbound,Leroy St and Chestnut IB,891
10/1/2018 11:46,WS Outbound-DCL Inbound,Leroy St and Chestnut IB,891
10/1/2018 11:46,WS Outbound-DCL Inbound,Leroy St and Chestnut IB,891
10/1/2018 11:46,WS Outbound-DCL Inbound,Leroy St and Chestnut IB,891
10/1/2018 11:46,WS Outbound-DCL Inbound,Leroy St and Chestnut IB,891
10/1/2018 11:46,WS Outbound-DCL Inbound,Leroy St and Chestnut IB,891
10/1/2018 11:47,WS Outbound-DCL Inbound,Leroy St and Laurel IB,891
10/1/2018 11:48,WS Outbound-DCL Inbound,Physical Facilities,527
10/1/2018 11:48,WS Outbound-DCL Inbound,Beethoven and Leroy,891
10/1/2018 11:48,WS Outbound-DCL Inbound,Beethoven and Leroy,891
10/1/2018 11:57,WS Outbound-DCL Inbound,Main and Schiller OB,527
10/1/2018 12:01,WS Outbound-DCL Inbound,Main and Front OB,527
10/1/2018 12:02,WS Outbound-DCL Inbound,Union,891
10/1/2018 12:03,WS Outbound-DCL Inbound,Union,891
10/1/2018 12:03,WS Outbound-DCL Inbound,Union,891
10/1/2018 12:03,WS Outbound-DCL Inbound,Union,891
10/1/2018 12:03,WS Outbound-DCL Inbound,Union,891
10/1/2018 12:03,WS Outbound-DCL Inbound,Union,891
10/1/2018 12:03,WS Outbound-DCL Inbound,Union,891
10/1/2018 12:03,WS Outbound-DCL Inbound,Union,891
10/1/2018 12:03,WS Outbound-DCL Inbound,Union,891
10/1/2018 12:03,WS Outbound-DCL Inbound,Union,891
10/1/2018 12:03,WS Outbound-DCL Inbound,Union,891
10/1/2018 12:03,WS Outbound-DCL Inbound,UDC,527
10/1/2018 12:03,WS Outbound-DCL Inbound,UDC,527
10/1/2018 12:03,WS Outbound-DCL Inbound,UDC,527
10/1/2018 12:03,WS Outbound-DCL Inbound,UDC,527
10/1/2018 12:12,WS Outbound-DCL Inbound,Union,43
10/1/2018 12:12,WS Outbound-DCL Inbound,Union,43
10/1/2018 12:12,WS Outbound-DCL Inbound,Union,43
10/1/2018 12:12,WS Outbound-DCL Inbound,Leroy St and Front,527
10/1/2018 12:12,WS Outbound-DCL Inbound,Union,43
10/1/2018 12:12,WS Outbound-DCL Inbound,Union,43
10/1/2018 12:12,WS Outbound-DCL Inbound,Union,43
10/1/2018 12:12,WS Outbound-DCL Inbound,Union,43
10/1/2018 12:12,WS Outbound-DCL Inbound,Union,43
10/1/2018 12:12,WS Outbound-DCL Inbound,Union,43
10/1/2018 12:12,WS Outbound-DCL Inbound,Union,43
10/1/2018 12:12,WS Outbound-DCL Inbound,Union,43
10/1/2018 12:12,WS Outbound-DCL Inbound,Union,43
10/1/2018 12:12,WS Outbound-DCL Inbound,Union,43
10/1/2018 12:12,WS Outbound-DCL Inbound,Union,43
10/1/2018 12:13,WS Outbound-DCL Inbound,Union,43
10/1/2018 12:13,WS Outbound-DCL Inbound,Union,43
10/1/2018 12:13,WS Outbound-DCL Inbound,Union,43
10/1/2018 12:13,WS Outbound-DCL Inbound,Main and Helen OB,890
10/1/2018 12:13,WS Outbound-DCL Inbound,Main and Helen OB,890
10/1/2018 12:13,WS Outbound-DCL Inbound,Main and Helen OB,890
10/1/2018 12:14,WS Outbound-DCL Inbound,Union,43
10/1/2018 12:14,WS Outbound-DCL Inbound,Union,43
10/1/2018 12:14,WS Outbound-DCL Inbound,Leroy St and Chestnut IB,527
10/1/2018 12:14,WS Outbound-DCL Inbound,Leroy St and Chestnut IB,527
10/1/2018 12:15,WS Outbound-DCL Inbound,Union,43
10/1/2018 12:18,WS Outbound-DCL Inbound,Physical Facilities OB,43
10/1/2018 12:21,WS Outbound-DCL Inbound,UDC,890
10/1/2018 12:21,WS Outbound-DCL Inbound,UDC,890
10/1/2018 12:21,WS Outbound-DCL Inbound,UDC,890
10/1/2018 12:21,WS Outbound-DCL Inbound,UDC,890
10/1/2018 12:21,WS Outbound-DCL Inbound,UDC,890
10/1/2018 12:21,WS Outbound-DCL Inbound,UDC,890
10/1/2018 12:21,WS Outbound-DCL Inbound,UDC,890
10/1/2018 12:22,WS Outbound-DCL Inbound,UDC,890
10/1/2018 12:22,WS Outbound-DCL Inbound,UDC,890
10/1/2018 12:22,WS Outbound-DCL Inbound,UDC,890
10/1/2018 12:22,WS Outbound-DCL Inbound,UDC,890
10/1/2018 12:22,WS Outbound-DCL Inbound,UDC,890
10/1/2018 12:22,WS Outbound-DCL Inbound,UDC,890
10/1/2018 12:22,WS Outbound-DCL Inbound,UDC,890
10/1/2018 12:23,WS Outbound-DCL Inbound,Floral and Willow OB,43
10/1/2018 12:23,WS Outbound-DCL Inbound,UDC,890
10/1/2018 12:24,WS Outbound-DCL Inbound,UDC,890
10/1/2018 12:24,WS Outbound-DCL Inbound,UDC,890
10/1/2018 12:24,WS Outbound-DCL Inbound,UDC,890
10/1/2018 12:25,WS Outbound-DCL Inbound,UDC,890
10/1/2018 12:25,WS Outbound-DCL Inbound,UDC,890
10/1/2018 12:27,WS Outbound-DCL Inbound,Union,527
10/1/2018 12:27,WS Outbound-DCL Inbound,Union,527
10/1/2018 12:27,WS Outbound-DCL Inbound,Union,527
10/1/2018 12:27,WS Outbound-DCL Inbound,Union,527
10/1/2018 12:27,WS Outbound-DCL Inbound,Union,527
10/1/2018 12:27,WS Outbound-DCL Inbound,Union,527
10/1/2018 12:27,WS Outbound-DCL Inbound,Union,527
10/1/2018 12:27,WS Outbound-DCL Inbound,Union,527
10/1/2018 12:27,WS Outbound-DCL Inbound,Union,527
10/1/2018 12:27,WS Outbound-DCL Inbound,Leroy St and Front,890
10/1/2018 12:27,WS Outbound-DCL Inbound,Union,527
10/1/2018 12:28,WS Outbound-DCL Inbound,Union,527
10/1/2018 12:28,WS Outbound-DCL Inbound,Leroy St and Murray IB,890
10/1/2018 12:28,WS Outbound-DCL Inbound,Leroy St and Murray IB,890
10/1/2018 12:28,WS Outbound-DCL Inbound,Leroy St and Murray IB,890
10/1/2018 12:28,WS Outbound-DCL Inbound,Leroy St and Murray IB,890
10/1/2018 12:28,WS Outbound-DCL Inbound,Leroy St and Murray IB,890
10/1/2018 12:28,WS Outbound-DCL Inbound,Leroy St and Murray IB,890
10/1/2018 12:28,WS Outbound-DCL Inbound,Leroy St and Murray IB,890
10/1/2018 12:29,WS Outbound-DCL Inbound,Leroy St and Murray IB,890
10/1/2018 12:29,WS Outbound-DCL Inbound,Union,527
10/1/2018 12:29,WS Outbound-DCL Inbound,Leroy St and Chestnut IB,890
10/1/2018 12:29,WS Outbound-DCL Inbound,Leroy St and Chestnut IB,890
10/1/2018 12:29,WS Outbound-DCL Inbound,Leroy St and Chestnut IB,890
10/1/2018 12:29,WS Outbound-DCL Inbound,Leroy St and Chestnut IB,890
10/1/2018 12:30,WS Outbound-DCL Inbound,Union,527
10/1/2018 12:30,WS Outbound-DCL Inbound,Union,527
10/1/2018 12:30,WS Outbound-DCL Inbound,Leroy St and Laurel OB,890
10/1/2018 12:35,WS Outbound-DCL Inbound,Riverside and Columbus IB,890
10/1/2018 12:35,WS Outbound-DCL Inbound,UDC,43
10/1/2018 12:35,WS Outbound-DCL Inbound,UDC,43
10/1/2018 12:35,WS Outbound-DCL Inbound,UDC,43
10/1/2018 12:35,WS Outbound-DCL Inbound,UDC,43
10/1/2018 12:38,WS Outbound-DCL Inbound,UDC,43
10/1/2018 12:39,WS Outbound-DCL Inbound,UDC,43
10/1/2018 12:40,WS Outbound-DCL Inbound,UDC,43
10/1/2018 12:40,WS Outbound-DCL Inbound,UDC,43
10/1/2018 12:42,WS Outbound-DCL Inbound,Leroy St and Front,43
10/1/2018 12:43,WS Outbound-DCL Inbound,Leroy St and Murray IB,43
10/1/2018 12:43,WS Outbound-DCL Inbound,Leroy St and Murray IB,43
10/1/2018 12:43,WS Outbound-DCL Inbound,Leroy St and Murray IB,43
10/1/2018 12:43,WS Outbound-DCL Inbound,Leroy St and Murray IB,43
10/1/2018 12:43,WS Outbound-DCL Inbound,Leroy St and Murray IB,43
10/1/2018 12:43,WS Outbound-DCL Inbound,Leroy St and Murray IB,43
10/1/2018 12:43,WS Outbound-DCL Inbound,Leroy St and Murray IB,43
10/1/2018 12:43,WS Outbound-DCL Inbound,Leroy St and Murray IB,43
10/1/2018 12:43,WS Outbound-DCL Inbound,Leroy St and Murray IB,43
10/1/2018 12:43,WS Outbound-DCL Inbound,Leroy St and Murray IB,43
10/1/2018 12:43,WS Outbound-DCL Inbound,Leroy St and Murray IB,43
10/1/2018 12:43,WS Outbound-DCL Inbound,Leroy St and Murray IB,43
10/1/2018 12:43,WS Outbound-DCL Inbound,Leroy St and Murray IB,43
10/1/2018 12:43,WS Outbound-DCL Inbound,Leroy St and Murray IB,43
10/1/2018 12:44,WS Outbound-DCL Inbound,Leroy St and Murray IB,43
10/1/2018 12:44,WS Outbound-DCL Inbound,Leroy St and Murray IB,43
10/1/2018 12:44,WS Outbound-DCL Inbound,Union,890
10/1/2018 12:44,WS Outbound-DCL Inbound,Union,890
10/1/2018 12:44,WS Outbound-DCL Inbound,Leroy St and Murray IB,43
10/1/2018 12:44,WS Outbound-DCL Inbound,Union,890
10/1/2018 12:44,WS Outbound-DCL Inbound,Union,890
10/1/2018 12:44,WS Outbound-DCL Inbound,Leroy St and Murray IB,43
10/1/2018 12:44,WS Outbound-DCL Inbound,Leroy St and Murray IB,43
10/1/2018 12:44,WS Outbound-DCL Inbound,Union,890
10/1/2018 12:44,WS Outbound-DCL Inbound,Union,890
10/1/2018 12:44,WS Outbound-DCL Inbound,Leroy St and Murray IB,43
10/1/2018 12:44,WS Outbound-DCL Inbound,Union,890
10/1/2018 12:44,WS Outbound-DCL Inbound,Union,890
10/1/2018 12:44,WS Outbound-DCL Inbound,Union,890
10/1/2018 12:44,WS Outbound-DCL Inbound,Union,890
10/1/2018 12:45,WS Outbound-DCL Inbound,Leroy St and Chestnut OB,43
10/1/2018 12:45,WS Outbound-DCL Inbound,Leroy St and Chestnut OB,43
10/1/2018 12:45,WS Outbound-DCL Inbound,Leroy St and Chestnut OB,43
10/1/2018 12:45,WS Outbound-DCL Inbound,Leroy St and Chestnut OB,43
10/1/2018 12:45,WS Outbound-DCL Inbound,Leroy St and Chestnut OB,43
10/1/2018 12:45,WS Outbound-DCL Inbound,Leroy St and Chestnut OB,43
10/1/2018 12:45,WS Outbound-DCL Inbound,Leroy St and Chestnut OB,43
10/1/2018 12:45,WS Outbound-DCL Inbound,Leroy St and Chestnut OB,43
10/1/2018 12:45,WS Outbound-DCL Inbound,Leroy St and Chestnut OB,43
10/1/2018 12:46,WS Outbound-DCL Inbound,Union,891
10/1/2018 12:46,WS Outbound-DCL Inbound,Union,891
10/1/2018 12:46,WS Outbound-DCL Inbound,Leroy St and Laurel IB,43
10/1/2018 12:46,WS Outbound-DCL Inbound,Union,891
10/1/2018 12:46,WS Outbound-DCL Inbound,Union,891
10/1/2018 12:46,WS Outbound-DCL Inbound,Union,891
10/1/2018 12:46,WS Outbound-DCL Inbound,Union,891
10/1/2018 12:47,WS Outbound-DCL Inbound,Union,891
10/1/2018 12:47,WS Outbound-DCL Inbound,Union,891
10/1/2018 12:47,WS Outbound-DCL Inbound,Union,891
10/1/2018 12:47,WS Outbound-DCL Inbound,Union,891
10/1/2018 12:47,WS Outbound-DCL Inbound,Union,891
10/1/2018 12:47,WS Outbound-DCL Inbound,Union,891
10/1/2018 12:47,WS Outbound-DCL Inbound,Beethoven and Leroy,43
10/1/2018 12:47,WS Outbound-DCL Inbound,Physical Facilities,890
10/1/2018 12:56,WS Outbound-DCL Inbound,Floral and Cleveland OB,891
10/1/2018 13:00,WS Outbound-DCL Inbound,Union,54
10/1/2018 13:00,WS Outbound-DCL Inbound,Union,54
10/1/2018 13:00,WS Outbound-DCL Inbound,Union,54
10/1/2018 13:00,WS Outbound-DCL Inbound,Union,54
10/1/2018 13:00,WS Outbound-DCL Inbound,Union,54
10/1/2018 13:00,WS Outbound-DCL Inbound,Union,54
10/1/2018 13:00,WS Outbound-DCL Inbound,Union,54
10/1/2018 13:00,WS Outbound-DCL Inbound,Union,54
10/1/2018 13:01,WS Outbound-DCL Inbound,Main and Clarke OB,891
10/1/2018 13:05,WS Outbound-DCL Inbound,Physical Facilities,54
10/1/2018 13:05,WS Outbound-DCL Inbound,Physical Facilities,54
10/1/2018 13:05,WS Outbound-DCL Inbound,Physical Facilities,54
10/1/2018 13:05,WS Outbound-DCL Inbound,Physical Facilities,54
10/1/2018 13:06,WS Outbound-DCL Inbound,Physical Facilities,54
10/1/2018 13:07,WS Outbound-DCL Inbound,Hawley OB,891
10/1/2018 13:08,WS Outbound-DCL Inbound,UDC,891
10/1/2018 13:09,WS Outbound-DCL Inbound,UDC IB,891
10/1/2018 13:10,WS Outbound-DCL Inbound,UDC IB,891
10/1/2018 13:14,WS Outbound-DCL Inbound,Leroy St and Murray OB,891
10/1/2018 13:14,WS Outbound-DCL Inbound,Leroy St and Murray OB,891
10/1/2018 13:14,WS Outbound-DCL Inbound,Leroy St and Murray OB,891
10/1/2018 13:15,WS Outbound-DCL Inbound,Leroy St and Chestnut OB,891
10/1/2018 13:15,WS Outbound-DCL Inbound,Leroy St and Chestnut OB,891
10/1/2018 13:15,WS Outbound-DCL Inbound,Leroy St and Chestnut OB,891
10/1/2018 13:21,WS Outbound-DCL Inbound,UDC,54
10/1/2018 13:21,WS Outbound-DCL Inbound,UDC,54
10/1/2018 13:23,WS Outbound-DCL Inbound,UDC,54
10/1/2018 13:23,WS Outbound-DCL Inbound,UDC,54
10/1/2018 13:24,WS Outbound-DCL Inbound,UDC,54
10/1/2018 13:26,WS Outbound-DCL Inbound,UDC,54
10/1/2018 13:27,WS Outbound-DCL Inbound,Leroy St and Front,54
10/1/2018 13:28,WS Outbound-DCL Inbound,Leroy St and Murray OB,54
10/1/2018 13:29,WS Outbound-DCL Inbound,Leroy St and Murray OB,54
10/1/2018 13:31,WS Outbound-DCL Inbound,Leroy St and Laurel IB,54
10/1/2018 13:41,WS Outbound-DCL Inbound,UDC,527
10/1/2018 13:44,WS Outbound-DCL Inbound,Union,43
10/1/2018 13:44,WS Outbound-DCL Inbound,Union,43
10/1/2018 13:44,WS Outbound-DCL Inbound,Union,43
10/1/2018 13:44,WS Outbound-DCL Inbound,Union,43
10/1/2018 13:44,WS Outbound-DCL Inbound,Union,43
10/1/2018 13:44,WS Outbound-DCL Inbound,Union,43
10/1/2018 13:44,WS Outbound-DCL Inbound,Union,43
10/1/2018 13:44,WS Outbound-DCL Inbound,Union,43
10/1/2018 13:44,WS Outbound-DCL Inbound,Union,43
10/1/2018 13:44,WS Outbound-DCL Inbound,Union,43
10/1/2018 13:44,WS Outbound-DCL Inbound,Union,43
10/1/2018 13:44,WS Outbound-DCL Inbound,Union,43
10/1/2018 13:44,WS Outbound-DCL Inbound,Union,43
10/1/2018 13:44,WS Outbound-DCL Inbound,Union,43
10/1/2018 13:44,WS Outbound-DCL Inbound,Union,43
10/1/2018 13:45,WS Outbound-DCL Inbound,Leroy St and Front,527
10/1/2018 13:45,WS Outbound-DCL Inbound,Union,43
10/1/2018 13:45,WS Outbound-DCL Inbound,Union,43
10/1/2018 13:45,WS Outbound-DCL Inbound,Union,43
10/1/2018 13:45,WS Outbound-DCL Inbound,Leroy St and Front,527
10/1/2018 13:46,WS Outbound-DCL Inbound,Leroy St and Murray OB,527
10/1/2018 13:46,WS Outbound-DCL Inbound,Leroy St and Murray OB,527
10/1/2018 13:46,WS Outbound-DCL Inbound,Leroy St and Murray OB,527
10/1/2018 13:46,WS Outbound-DCL Inbound,Leroy St and Murray OB,527
10/1/2018 13:46,WS Outbound-DCL Inbound,Leroy St and Murray OB,527
10/1/2018 13:46,WS Outbound-DCL Inbound,Leroy St and Murray OB,527
10/1/2018 13:46,WS Outbound-DCL Inbound,Leroy St and Murray OB,527
10/1/2018 13:46,WS Outbound-DCL Inbound,Leroy St and Murray OB,527
10/1/2018 13:46,WS Outbound-DCL Inbound,Leroy St and Murray OB,527
10/1/2018 13:46,WS Outbound-DCL Inbound,Leroy St and Murray OB,527
10/1/2018 13:46,WS Outbound-DCL Inbound,Leroy St and Murray OB,527
10/1/2018 13:46,WS Outbound-DCL Inbound,Leroy St and Murray OB,527
10/1/2018 13:46,WS Outbound-DCL Inbound,Leroy St and Murray OB,527
10/1/2018 13:47,WS Outbound-DCL Inbound,Leroy St and Chestnut IB,527
10/1/2018 13:47,WS Outbound-DCL Inbound,Leroy St and Chestnut IB,527
10/1/2018 13:47,WS Outbound-DCL Inbound,Leroy St and Chestnut IB,527
10/1/2018 13:47,WS Outbound-DCL Inbound,Leroy St and Chestnut IB,527
10/1/2018 13:47,WS Outbound-DCL Inbound,Leroy St and Chestnut IB,527
10/1/2018 13:47,WS Outbound-DCL Inbound,Leroy St and Chestnut IB,527
10/1/2018 13:48,WS Outbound-DCL Inbound,Leroy St and Chestnut IB,527
10/1/2018 13:48,WS Outbound-DCL Inbound,Leroy St and Chestnut IB,527
10/1/2018 13:48,WS Outbound-DCL Inbound,Leroy St and Chestnut IB,527
10/1/2018 13:56,WS Outbound-DCL Inbound,Main and Helen OB,43
10/1/2018 13:59,WS Outbound-DCL Inbound,Union,528
10/1/2018 13:59,WS Outbound-DCL Inbound,Union,528
10/1/2018 13:59,WS Outbound-DCL Inbound,Union,528
10/1/2018 13:59,WS Outbound-DCL Inbound,Union,528
10/1/2018 13:59,WS Outbound-DCL Inbound,Union,528
10/1/2018 13:59,WS Outbound-DCL Inbound,Union,528
10/1/2018 13:59,WS Outbound-DCL Inbound,Union,528
10/1/2018 14:00,WS Outbound-DCL Inbound,Union,528
10/1/2018 14:02,WS Outbound-DCL Inbound,Union,527
10/1/2018 14:02,WS Outbound-DCL Inbound,Union,527
10/1/2018 14:02,WS Outbound-DCL Inbound,Union,527
10/1/2018 14:02,WS Outbound-DCL Inbound,Union,527
10/1/2018 14:04,WS Outbound-DCL Inbound,UDC,43
10/1/2018 14:04,WS Outbound-DCL Inbound,UDC,43
10/1/2018 14:06,WS Outbound-DCL Inbound,UDC,43
10/1/2018 14:07,WS Outbound-DCL Inbound,UDC,43
10/1/2018 14:09,WS Outbound-DCL Inbound,UDC,43
10/1/2018 14:12,WS Outbound-DCL Inbound,Leroy St and Front,43
10/1/2018 14:13,WS Outbound-DCL Inbound,Leroy St and Murray IB,43
10/1/2018 14:13,WS Outbound-DCL Inbound,Leroy St and Murray IB,43
10/1/2018 14:13,WS Outbound-DCL Inbound,Leroy St and Murray IB,43
10/1/2018 14:13,WS Outbound-DCL Inbound,Leroy St and Murray IB,43
10/1/2018 14:13,WS Outbound-DCL Inbound,Leroy St and Murray IB,43
10/1/2018 14:14,WS Outbound-DCL Inbound,Leroy St and Chestnut OB,43
10/1/2018 14:14,WS Outbound-DCL Inbound,Leroy St and Chestnut OB,43
10/1/2018 14:16,WS Outbound-DCL Inbound,Hawley OB,528
10/1/2018 14:17,WS Outbound-DCL Inbound,Hawley OB,528
10/1/2018 14:17,WS Outbound-DCL Inbound,Hawley OB,528
10/1/2018 14:18,WS Outbound-DCL Inbound,UDC,528
10/1/2018 14:24,WS Outbound-DCL Inbound,UDC,528
10/1/2018 14:25,WS Outbound-DCL Inbound,UDC,528
10/1/2018 14:27,WS Outbound-DCL Inbound,Leroy St and Front,528
10/1/2018 14:28,WS Outbound-DCL Inbound,Leroy St and Murray IB,528
10/1/2018 14:28,WS Outbound-DCL Inbound,Leroy St and Murray IB,528
10/1/2018 14:29,WS Outbound-DCL Inbound,Leroy St and Chestnut IB,528
10/1/2018 14:29,WS Outbound-DCL Inbound,Leroy St and Chestnut IB,528
10/1/2018 14:29,WS Outbound-DCL Inbound,Leroy St and Chestnut IB,528
10/1/2018 14:29,WS Outbound-DCL Inbound,Leroy St and Chestnut IB,528
10/1/2018 14:29,WS Outbound-DCL Inbound,Leroy St and Chestnut IB,528
10/1/2018 14:29,WS Outbound-DCL Inbound,Leroy St and Chestnut IB,528
10/1/2018 14:29,WS Outbound-DCL Inbound,Leroy St and Chestnut IB,528
10/1/2018 14:29,WS Outbound-DCL Inbound,Leroy St and Chestnut IB,528
10/1/2018 14:33,WS Outbound-DCL Inbound,Denny''s,890
10/1/2018 14:41,WS Outbound-DCL Inbound,Floral and Burbank OB,890
10/1/2018 14:44,WS Outbound-DCL Inbound,Union,527
10/1/2018 14:44,WS Outbound-DCL Inbound,Union,527
10/1/2018 14:44,WS Outbound-DCL Inbound,Union,527
10/1/2018 14:44,WS Outbound-DCL Inbound,Union,527
10/1/2018 14:44,WS Outbound-DCL Inbound,Union,527
10/1/2018 14:44,WS Outbound-DCL Inbound,Union,527
10/1/2018 14:44,WS Outbound-DCL Inbound,Union,527
10/1/2018 14:45,WS Outbound-DCL Inbound,Union,527
10/1/2018 14:45,WS Outbound-DCL Inbound,Union,527
10/1/2018 14:45,WS Outbound-DCL Inbound,Union,527
10/1/2018 14:55,WS Outbound-DCL Inbound,Hawley OB,890
10/1/2018 14:56,WS Outbound-DCL Inbound,UDC,890
10/1/2018 14:56,WS Outbound-DCL Inbound,UDC,890
10/1/2018 14:56,WS Outbound-DCL Inbound,UDC,890
10/1/2018 14:56,WS Outbound-DCL Inbound,UDC,890
10/1/2018 14:56,WS Outbound-DCL Inbound,UDC,890
10/1/2018 14:56,WS Outbound-DCL Inbound,UDC,890
10/1/2018 14:56,WS Outbound-DCL Inbound,UDC,890
10/1/2018 14:57,WS Outbound-DCL Inbound,UDC,890
10/1/2018 14:59,WS Outbound-DCL Inbound,Leroy St and Front,890
10/1/2018 15:00,WS Outbound-DCL Inbound,Leroy St and Murray IB,890
10/1/2018 15:00,WS Outbound-DCL Inbound,Leroy St and Murray IB,890
10/1/2018 15:00,WS Outbound-DCL Inbound,Leroy St and Murray IB,890
10/1/2018 15:00,WS Outbound-DCL Inbound,Leroy St and Murray IB,890
10/1/2018 15:00,WS Outbound-DCL Inbound,Leroy St and Murray IB,890
10/1/2018 15:00,WS Outbound-DCL Inbound,Leroy St and Murray IB,890
10/1/2018 15:00,WS Outbound-DCL Inbound,Leroy St and Murray IB,890
10/1/2018 15:00,WS Outbound-DCL Inbound,Leroy St and Murray IB,890
10/1/2018 15:00,WS Outbound-DCL Inbound,Leroy St and Murray IB,890
10/1/2018 15:01,WS Outbound-DCL Inbound,Leroy St and Chestnut IB,890
10/1/2018 15:01,WS Outbound-DCL Inbound,Leroy St and Chestnut IB,890
10/1/2018 15:01,WS Outbound-DCL Inbound,Leroy St and Chestnut IB,890
10/1/2018 15:03,WS Outbound-DCL Inbound,Beethoven and Leroy,890
10/1/2018 15:03,WS Outbound-DCL Inbound,Beethoven and Leroy,890
10/1/2018 15:06,WS Outbound-DCL Inbound,Riverside and Margaret OB,890
10/1/2018 15:09,WS Outbound-DCL Inbound,UDC,527
10/1/2018 15:09,WS Outbound-DCL Inbound,UDC,527
10/1/2018 15:10,WS Outbound-DCL Inbound,UDC,527
10/1/2018 15:10,WS Outbound-DCL Inbound,UDC,527
10/1/2018 15:12,WS Outbound-DCL Inbound,Leroy St and Front,527
10/1/2018 15:12,WS Outbound-DCL Inbound,Union,43
10/1/2018 15:12,WS Outbound-DCL Inbound,Union,43
10/1/2018 15:12,WS Outbound-DCL Inbound,Union,43
10/1/2018 15:12,WS Outbound-DCL Inbound,Union,43
10/1/2018 15:12,WS Outbound-DCL Inbound,Union,43
10/1/2018 15:13,WS Outbound-DCL Inbound,Union,43
10/1/2018 15:13,WS Outbound-DCL Inbound,Union,43
10/1/2018 15:13,WS Outbound-DCL Inbound,Union,43
10/1/2018 15:13,WS Outbound-DCL Inbound,Union,43
10/1/2018 15:13,WS Outbound-DCL Inbound,Union,43
10/1/2018 15:13,WS Outbound-DCL Inbound,Union,43
10/1/2018 15:13,WS Outbound-DCL Inbound,Union,43
10/1/2018 15:13,WS Outbound-DCL Inbound,Union,43
10/1/2018 15:13,WS Outbound-DCL Inbound,Union,43
10/1/2018 15:13,WS Outbound-DCL Inbound,Union,43
10/1/2018 15:13,WS Outbound-DCL Inbound,Union,43
10/1/2018 15:13,WS Outbound-DCL Inbound,Union,43
10/1/2018 15:13,WS Outbound-DCL Inbound,Leroy St and Murray IB,527
10/1/2018 15:13,WS Outbound-DCL Inbound,Union,43
10/1/2018 15:13,WS Outbound-DCL Inbound,Leroy St and Murray IB,527
10/1/2018 15:13,WS Outbound-DCL Inbound,Leroy St and Murray IB,527
10/1/2018 15:13,WS Outbound-DCL Inbound,Leroy St and Murray IB,527
10/1/2018 15:14,WS Outbound-DCL Inbound,Union,43
10/1/2018 15:14,WS Outbound-DCL Inbound,Union,43
10/1/2018 15:14,WS Outbound-DCL Inbound,Union,43
10/1/2018 15:14,WS Outbound-DCL Inbound,Leroy St and Chestnut OB,527
10/1/2018 15:14,WS Outbound-DCL Inbound,Union,43
10/1/2018 15:14,WS Outbound-DCL Inbound,Leroy St and Chestnut OB,527
10/1/2018 15:14,WS Outbound-DCL Inbound,Leroy St and Chestnut OB,527
10/1/2018 15:14,WS Outbound-DCL Inbound,Union,43
10/1/2018 15:14,WS Outbound-DCL Inbound,Leroy St and Chestnut OB,527
10/1/2018 15:15,WS Outbound-DCL Inbound,Union,43
10/1/2018 15:15,WS Outbound-DCL Inbound,Union,43
10/1/2018 15:15,WS Outbound-DCL Inbound,Union,43
10/1/2018 15:15,WS Outbound-DCL Inbound,Union,43
10/1/2018 15:15,WS Outbound-DCL Inbound,Union,890
10/1/2018 15:16,WS Outbound-DCL Inbound,Union,890
10/1/2018 15:16,WS Outbound-DCL Inbound,Union,890
10/1/2018 15:16,WS Outbound-DCL Inbound,Union,890
10/1/2018 15:16,WS Outbound-DCL Inbound,Union,890
10/1/2018 15:16,WS Outbound-DCL Inbound,Union,890
10/1/2018 15:16,WS Outbound-DCL Inbound,Union,890
10/1/2018 15:16,WS Outbound-DCL Inbound,Union,890
10/1/2018 15:16,WS Outbound-DCL Inbound,Union,890
10/1/2018 15:16,WS Outbound-DCL Inbound,Union,890
10/1/2018 15:16,WS Outbound-DCL Inbound,Union,890
10/1/2018 15:16,WS Outbound-DCL Inbound,Union,890
10/1/2018 15:16,WS Outbound-DCL Inbound,Union,890
10/1/2018 15:16,WS Outbound-DCL Inbound,Union,890
10/1/2018 15:28,WS Outbound-DCL Inbound,Union,527
10/1/2018 15:28,WS Outbound-DCL Inbound,Union,527
10/1/2018 15:28,WS Outbound-DCL Inbound,Union,527
10/1/2018 15:28,WS Outbound-DCL Inbound,Union,527
10/1/2018 15:28,WS Outbound-DCL Inbound,Union,527
10/1/2018 15:28,WS Outbound-DCL Inbound,Union,527
10/1/2018 15:28,WS Outbound-DCL Inbound,Union,527
10/1/2018 15:28,WS Outbound-DCL Inbound,Union,527
10/1/2018 15:28,WS Outbound-DCL Inbound,Union,527
10/1/2018 15:28,WS Outbound-DCL Inbound,Union,527
10/1/2018 15:28,WS Outbound-DCL Inbound,Union,527
10/1/2018 15:28,WS Outbound-DCL Inbound,Union,527
10/1/2018 15:28,WS Outbound-DCL Inbound,Union,527
10/1/2018 15:28,WS Outbound-DCL Inbound,Union,527
10/1/2018 15:29,WS Outbound-DCL Inbound,Main and Helen OB,43
10/1/2018 15:29,WS Outbound-DCL Inbound,Main and Helen OB,43
10/1/2018 15:29,WS Outbound-DCL Inbound,Main and Helen OB,43
10/1/2018 15:31,WS Outbound-DCL Inbound,Union,54
10/1/2018 15:31,WS Outbound-DCL Inbound,Union,54
10/1/2018 15:31,WS Outbound-DCL Inbound,Union,54
10/1/2018 15:31,WS Outbound-DCL Inbound,Union,54
10/1/2018 15:31,WS Outbound-DCL Inbound,Union,54
10/1/2018 15:31,WS Outbound-DCL Inbound,Union,54
10/1/2018 15:31,WS Outbound-DCL Inbound,Union,54
10/1/2018 15:38,WS Outbound-DCL Inbound,Hawley OB,43
10/1/2018 15:39,WS Outbound-DCL Inbound,UDC,43
10/1/2018 15:39,WS Outbound-DCL Inbound,UDC,43
10/1/2018 15:39,WS Outbound-DCL Inbound,UDC,43
10/1/2018 15:44,WS Outbound-DCL Inbound,Leroy St and Chestnut IB,43
10/1/2018 15:44,WS Outbound-DCL Inbound,Leroy St and Chestnut IB,43
10/1/2018 15:44,WS Outbound-DCL Inbound,Leroy St and Chestnut IB,43
10/1/2018 15:54,WS Outbound-DCL Inbound,Union,527
10/1/2018 15:54,WS Outbound-DCL Inbound,Union,527
10/1/2018 15:54,WS Outbound-DCL Inbound,Union,527
10/1/2018 15:54,WS Outbound-DCL Inbound,Union,527
10/1/2018 15:54,WS Outbound-DCL Inbound,Union,527
10/1/2018 15:54,WS Outbound-DCL Inbound,Union,527
10/1/2018 15:54,WS Outbound-DCL Inbound,Union,527
10/1/2018 15:54,WS Outbound-DCL Inbound,Union,527
10/1/2018 15:54,WS Outbound-DCL Inbound,Union,527
10/1/2018 15:55,WS Outbound-DCL Inbound,Union,527
10/1/2018 15:55,WS Outbound-DCL Inbound,Union,527
10/1/2018 15:55,WS Outbound-DCL Inbound,Union,527
10/1/2018 15:55,WS Outbound-DCL Inbound,Union,527
10/1/2018 15:56,WS Outbound-DCL Inbound,Union,527
10/1/2018 15:56,WS Outbound-DCL Inbound,Union,527
10/1/2018 15:56,WS Outbound-DCL Inbound,Union,527
10/1/2018 15:56,WS Outbound-DCL Inbound,Union,527
10/1/2018 15:56,WS Outbound-DCL Inbound,Union,527
10/1/2018 15:56,WS Outbound-DCL Inbound,Union,527
10/1/2018 15:56,WS Outbound-DCL Inbound,Union,527
10/1/2018 15:56,WS Outbound-DCL Inbound,Union,527
10/1/2018 15:56,WS Outbound-DCL Inbound,Union,43
10/1/2018 15:56,WS Outbound-DCL Inbound,Union,43
10/1/2018 15:56,WS Outbound-DCL Inbound,Union,43
10/1/2018 15:57,WS Outbound-DCL Inbound,Union,527
10/1/2018 15:57,WS Outbound-DCL Inbound,Union,527
10/1/2018 15:58,WS Outbound-DCL Inbound,Union,43
10/1/2018 15:58,WS Outbound-DCL Inbound,UDC,54
10/1/2018 15:58,WS Outbound-DCL Inbound,Union,527
10/1/2018 15:58,WS Outbound-DCL Inbound,UDC,54
10/1/2018 15:58,WS Outbound-DCL Inbound,Union,527
10/1/2018 15:58,WS Outbound-DCL Inbound,Union,527
10/1/2018 15:58,WS Outbound-DCL Inbound,UDC,54
10/1/2018 15:59,WS Outbound-DCL Inbound,UDC,54
10/1/2018 15:59,WS Outbound-DCL Inbound,Union,43
10/1/2018 15:59,WS Outbound-DCL Inbound,Union,527
10/1/2018 16:00,WS Outbound-DCL Inbound,Union,527
10/1/2018 16:01,WS Outbound-DCL Inbound,Leroy St and Front,54
10/1/2018 16:01,WS Outbound-DCL Inbound,Leroy St and Front,54
10/1/2018 16:01,WS Outbound-DCL Inbound,Physical Facilities,527
10/1/2018 16:02,WS Outbound-DCL Inbound,Leroy St and Murray IB,54
10/1/2018 16:02,WS Outbound-DCL Inbound,Leroy St and Murray IB,54
10/1/2018 16:02,WS Outbound-DCL Inbound,Leroy St and Murray IB,54
10/1/2018 16:02,WS Outbound-DCL Inbound,Leroy St and Murray IB,54
10/1/2018 16:02,WS Outbound-DCL Inbound,Leroy St and Murray IB,54
10/1/2018 16:02,WS Outbound-DCL Inbound,Leroy St and Murray IB,54
10/1/2018 16:02,WS Outbound-DCL Inbound,Leroy St and Murray IB,54
10/1/2018 16:03,WS Outbound-DCL Inbound,Leroy St and Murray IB,54
10/1/2018 16:03,WS Outbound-DCL Inbound,Leroy St and Murray IB,54
10/1/2018 16:03,WS Outbound-DCL Inbound,Leroy St and Murray IB,54
10/1/2018 16:03,WS Outbound-DCL Inbound,Leroy St and Murray IB,54
10/1/2018 16:03,WS Outbound-DCL Inbound,Leroy St and Murray IB,54
10/1/2018 16:04,WS Outbound-DCL Inbound,Leroy St and Chestnut IB,54
10/1/2018 16:04,WS Outbound-DCL Inbound,Leroy St and Chestnut IB,54
10/1/2018 16:04,WS Outbound-DCL Inbound,Leroy St and Chestnut IB,54
10/1/2018 16:04,WS Outbound-DCL Inbound,Leroy St and Chestnut IB,54
10/1/2018 16:04,WS Outbound-DCL Inbound,Leroy St and Chestnut IB,54
10/1/2018 16:04,WS Outbound-DCL Inbound,Leroy St and Chestnut IB,54
10/1/2018 16:06,WS Outbound-DCL Inbound,Leroy St and Laurel IB,54
10/1/2018 16:10,WS Outbound-DCL Inbound,Floral and Main OB,527
10/1/2018 16:10,WS Outbound-DCL Inbound,Floral and Main OB,527
10/1/2018 16:14,WS Outbound-DCL Inbound,Union,528
10/1/2018 16:14,WS Outbound-DCL Inbound,Union,528
10/1/2018 16:14,WS Outbound-DCL Inbound,Union,528
10/1/2018 16:14,WS Outbound-DCL Inbound,Union,528
10/1/2018 16:14,WS Outbound-DCL Inbound,Union,528
10/1/2018 16:14,WS Outbound-DCL Inbound,Union,528
10/1/2018 16:14,WS Outbound-DCL Inbound,Union,528
10/1/2018 16:14,WS Outbound-DCL Inbound,Union,528
10/1/2018 16:14,WS Outbound-DCL Inbound,Union,528
10/1/2018 16:14,WS Outbound-DCL Inbound,Union,528
10/1/2018 16:14,WS Outbound-DCL Inbound,Union,528
10/1/2018 16:14,WS Outbound-DCL Inbound,Union,528
10/1/2018 16:14,WS Outbound-DCL Inbound,Union,528
10/1/2018 16:14,WS Outbound-DCL Inbound,Union,528
10/1/2018 16:14,WS Outbound-DCL Inbound,Union,528
10/1/2018 16:14,WS Outbound-DCL Inbound,Union,528
10/1/2018 16:14,WS Outbound-DCL Inbound,Union,528
10/1/2018 16:14,WS Outbound-DCL Inbound,Union,528
10/1/2018 16:14,WS Outbound-DCL Inbound,Union,528
10/1/2018 16:15,WS Outbound-DCL Inbound,Union,528
10/1/2018 16:15,WS Outbound-DCL Inbound,Union,528
10/1/2018 16:15,WS Outbound-DCL Inbound,Union,528
10/1/2018 16:15,WS Outbound-DCL Inbound,Union,528
10/1/2018 16:15,WS Outbound-DCL Inbound,Union,528
10/1/2018 16:15,WS Outbound-DCL Inbound,Union,528
10/1/2018 16:15,WS Outbound-DCL Inbound,Union,528
10/1/2018 16:15,WS Outbound-DCL Inbound,Union,528
10/1/2018 16:15,WS Outbound-DCL Inbound,Union,528
10/1/2018 16:16,WS Outbound-DCL Inbound,Union,528
10/1/2018 16:16,WS Outbound-DCL Inbound,Union,528
10/1/2018 16:16,WS Outbound-DCL Inbound,Union,528
10/1/2018 16:19,WS Outbound-DCL Inbound,Physical Facilities,528
10/1/2018 16:19,WS Outbound-DCL Inbound,Physical Facilities,528
10/1/2018 16:21,WS Outbound-DCL Inbound,UDC,527
10/1/2018 16:23,WS Outbound-DCL Inbound,Union,43
10/1/2018 16:23,WS Outbound-DCL Inbound,Union,43
10/1/2018 16:23,WS Outbound-DCL Inbound,Union,43
10/1/2018 16:24,WS Outbound-DCL Inbound,Union,43
10/1/2018 16:24,WS Outbound-DCL Inbound,Union,43
10/1/2018 16:24,WS Outbound-DCL Inbound,Union,43
10/1/2018 16:24,WS Outbound-DCL Inbound,Union,43
10/1/2018 16:24,WS Outbound-DCL Inbound,UDC,527
10/1/2018 16:24,WS Outbound-DCL Inbound,UDC,527
10/1/2018 16:24,WS Outbound-DCL Inbound,Union,43
10/1/2018 16:24,WS Outbound-DCL Inbound,UDC,527
10/1/2018 16:24,WS Outbound-DCL Inbound,Union,43
10/1/2018 16:24,WS Outbound-DCL Inbound,Union,43
10/1/2018 16:24,WS Outbound-DCL Inbound,Union,43
10/1/2018 16:24,WS Outbound-DCL Inbound,Union,43
10/1/2018 16:24,WS Outbound-DCL Inbound,Union,43
10/1/2018 16:24,WS Outbound-DCL Inbound,Union,43
10/1/2018 16:24,WS Outbound-DCL Inbound,Union,43
10/1/2018 16:24,WS Outbound-DCL Inbound,Union,43
10/1/2018 16:24,WS Outbound-DCL Inbound,Union,43
10/1/2018 16:24,WS Outbound-DCL Inbound,Union,43
10/1/2018 16:24,WS Outbound-DCL Inbound,Union,43
10/1/2018 16:24,WS Outbound-DCL Inbound,Union,43
10/1/2018 16:24,WS Outbound-DCL Inbound,Union,43
10/1/2018 16:24,WS Outbound-DCL Inbound,Union,43
10/1/2018 16:24,WS Outbound-DCL Inbound,Union,43
10/1/2018 16:24,WS Outbound-DCL Inbound,Union,43
10/1/2018 16:24,WS Outbound-DCL Inbound,Union,43
10/1/2018 16:25,WS Outbound-DCL Inbound,Union,43
10/1/2018 16:25,WS Outbound-DCL Inbound,Union,43
10/1/2018 16:25,WS Outbound-DCL Inbound,Union,43
10/1/2018 16:25,WS Outbound-DCL Inbound,Union,43
10/1/2018 16:25,WS Outbound-DCL Inbound,UDC,527
10/1/2018 16:25,WS Outbound-DCL Inbound,Floral and Harrison IB,528
10/1/2018 16:25,WS Outbound-DCL Inbound,Union,43
10/1/2018 16:26,WS Outbound-DCL Inbound,Union,43
10/1/2018 16:26,WS Outbound-DCL Inbound,Union,43
10/1/2018 16:26,WS Outbound-DCL Inbound,Union,43
10/1/2018 16:26,WS Outbound-DCL Inbound,Union,43
10/1/2018 16:26,WS Outbound-DCL Inbound,Union,43
10/1/2018 16:26,WS Outbound-DCL Inbound,Union,43
10/1/2018 16:27,WS Outbound-DCL Inbound,Union,43
10/1/2018 16:27,WS Outbound-DCL Inbound,Union,43
10/1/2018 16:28,WS Outbound-DCL Inbound,Union,43
10/1/2018 16:28,WS Outbound-DCL Inbound,Union,43
10/1/2018 16:28,WS Outbound-DCL Inbound,Union,43
10/1/2018 16:28,WS Outbound-DCL Inbound,Union,43
10/1/2018 16:28,WS Outbound-DCL Inbound,Union,43
10/1/2018 16:28,WS Outbound-DCL Inbound,Union,43
10/1/2018 16:28,WS Outbound-DCL Inbound,Union,43
10/1/2018 16:29,WS Outbound-DCL Inbound,Union,43
10/1/2018 16:29,WS Outbound-DCL Inbound,Union,43
10/1/2018 16:29,WS Outbound-DCL Inbound,Union,43
10/1/2018 16:29,WS Outbound-DCL Inbound,Union,43
10/1/2018 16:29,WS Outbound-DCL Inbound,Leroy St and Murray IB,527
10/1/2018 16:29,WS Outbound-DCL Inbound,Union,43
10/1/2018 16:29,WS Outbound-DCL Inbound,Union,43
10/1/2018 16:29,WS Outbound-DCL Inbound,Union,43
10/1/2018 16:29,WS Outbound-DCL Inbound,Union,43
10/1/2018 16:32,WS Outbound-DCL Inbound,Main and Cedar IB,528
10/1/2018 16:35,WS Outbound-DCL Inbound,Main and Front OB,528
10/1/2018 16:35,WS Outbound-DCL Inbound,Main and Front OB,528
10/1/2018 16:39,WS Outbound-DCL Inbound,UDC,528
10/1/2018 16:39,WS Outbound-DCL Inbound,UDC,528
10/1/2018 16:39,WS Outbound-DCL Inbound,UDC,528
10/1/2018 16:39,WS Outbound-DCL Inbound,UDC,528
10/1/2018 16:39,WS Outbound-DCL Inbound,UDC,528
10/1/2018 16:39,WS Outbound-DCL Inbound,UDC,528
10/1/2018 16:39,WS Outbound-DCL Inbound,UDC,528
10/1/2018 16:39,WS Outbound-DCL Inbound,UDC,528
10/1/2018 16:39,WS Outbound-DCL Inbound,UDC,528
10/1/2018 16:39,WS Outbound-DCL Inbound,UDC,528
10/1/2018 16:40,WS Outbound-DCL Inbound,UDC,528
10/1/2018 16:42,WS Outbound-DCL Inbound,Floral and Main OB,43
10/1/2018 16:42,WS Outbound-DCL Inbound,Leroy St and Front,528
10/1/2018 16:43,WS Outbound-DCL Inbound,Leroy St and Murray IB,528
10/1/2018 16:43,WS Outbound-DCL Inbound,Leroy St and Murray IB,528
10/1/2018 16:43,WS Outbound-DCL Inbound,Leroy St and Murray IB,528
10/1/2018 16:43,WS Outbound-DCL Inbound,Leroy St and Murray IB,528
10/1/2018 16:44,WS Outbound-DCL Inbound,Leroy St and Chestnut IB,528
10/1/2018 16:44,WS Outbound-DCL Inbound,Leroy St and Chestnut IB,528
10/1/2018 16:44,WS Outbound-DCL Inbound,Leroy St and Chestnut IB,528
10/1/2018 16:45,WS Outbound-DCL Inbound,Main and Helen OB,43
10/1/2018 16:49,WS Outbound-DCL Inbound,Physical Facilities,890
10/1/2018 16:49,WS Outbound-DCL Inbound,Physical Facilities,890
10/1/2018 16:49,WS Outbound-DCL Inbound,Physical Facilities,890
10/1/2018 17:07,WS Outbound-DCL Inbound,Main and Front IB,890
10/1/2018 17:07,WS Outbound-DCL Inbound,Main and Front IB,890
10/1/2018 17:10,WS Outbound-DCL Inbound,UDC,890
10/1/2018 17:10,WS Outbound-DCL Inbound,Union,526
10/1/2018 17:10,WS Outbound-DCL Inbound,Union,526
10/1/2018 17:10,WS Outbound-DCL Inbound,Union,526
10/1/2018 17:10,WS Outbound-DCL Inbound,Union,526
10/1/2018 17:10,WS Outbound-DCL Inbound,Union,526
10/1/2018 17:10,WS Outbound-DCL Inbound,Union,526
10/1/2018 17:10,WS Outbound-DCL Inbound,Union,526
10/1/2018 17:11,WS Outbound-DCL Inbound,Union,526
10/1/2018 17:11,WS Outbound-DCL Inbound,Union,526
10/1/2018 17:11,WS Outbound-DCL Inbound,Union,526
10/1/2018 17:11,WS Outbound-DCL Inbound,Union,526
10/1/2018 17:11,WS Outbound-DCL Inbound,Union,526
10/1/2018 17:11,WS Outbound-DCL Inbound,Union,526
10/1/2018 17:11,WS Outbound-DCL Inbound,Union,526
10/1/2018 17:11,WS Outbound-DCL Inbound,Union,526
10/1/2018 17:11,WS Outbound-DCL Inbound,Union,526
10/1/2018 17:11,WS Outbound-DCL Inbound,Union,526
10/1/2018 17:11,WS Outbound-DCL Inbound,Union,526
10/1/2018 17:11,WS Outbound-DCL Inbound,Union,526
10/1/2018 17:11,WS Outbound-DCL Inbound,Union,526
10/1/2018 17:11,WS Outbound-DCL Inbound,Union,526
10/1/2018 17:11,WS Outbound-DCL Inbound,Union,526
10/1/2018 17:11,WS Outbound-DCL Inbound,Union,526
10/1/2018 17:12,WS Outbound-DCL Inbound,Union,526
10/1/2018 17:12,WS Outbound-DCL Inbound,Union,526
10/1/2018 17:12,WS Outbound-DCL Inbound,Union,526
10/1/2018 17:12,WS Outbound-DCL Inbound,Union,526
10/1/2018 17:12,WS Outbound-DCL Inbound,Union,526
10/1/2018 17:13,WS Outbound-DCL Inbound,Leroy St and Murray IB,890
10/1/2018 17:13,WS Outbound-DCL Inbound,Leroy St and Murray IB,890
10/1/2018 17:13,WS Outbound-DCL Inbound,Leroy St and Murray IB,890
10/1/2018 17:13,WS Outbound-DCL Inbound,Leroy St and Murray IB,890
10/1/2018 17:13,WS Outbound-DCL Inbound,Leroy St and Murray IB,890
10/1/2018 17:14,WS Outbound-DCL Inbound,Leroy St and Chestnut IB,890
10/1/2018 17:14,WS Outbound-DCL Inbound,Leroy St and Chestnut IB,890
10/1/2018 17:14,WS Outbound-DCL Inbound,Leroy St and Chestnut IB,890
10/1/2018 17:14,WS Outbound-DCL Inbound,Leroy St and Chestnut IB,890
10/1/2018 17:14,WS Outbound-DCL Inbound,Leroy St and Chestnut IB,890
10/1/2018 17:14,WS Outbound-DCL Inbound,Leroy St and Chestnut IB,890
10/1/2018 17:14,WS Outbound-DCL Inbound,Leroy St and Chestnut IB,890
10/1/2018 17:14,WS Outbound-DCL Inbound,Leroy St and Chestnut IB,890
10/1/2018 17:14,WS Outbound-DCL Inbound,Leroy St and Chestnut IB,890
10/1/2018 17:14,WS Outbound-DCL Inbound,Leroy St and Chestnut IB,890
10/1/2018 17:14,WS Outbound-DCL Inbound,Leroy St and Chestnut IB,890
10/1/2018 17:15,WS Outbound-DCL Inbound,Leroy St and Chestnut IB,890
10/1/2018 17:15,WS Outbound-DCL Inbound,Leroy St and Chestnut IB,890
10/1/2018 17:31,WS Outbound-DCL Inbound,Union,528
10/1/2018 17:31,WS Outbound-DCL Inbound,Union,528
10/1/2018 17:31,WS Outbound-DCL Inbound,Union,528
10/1/2018 17:31,WS Outbound-DCL Inbound,Union,528
10/1/2018 17:31,WS Outbound-DCL Inbound,Union,528
10/1/2018 17:31,WS Outbound-DCL Inbound,Union,528
10/1/2018 17:32,WS Outbound-DCL Inbound,Union,528
10/1/2018 17:32,WS Outbound-DCL Inbound,Union,528
10/1/2018 17:32,WS Outbound-DCL Inbound,Union,528
10/1/2018 17:32,WS Outbound-DCL Inbound,Union,528
10/1/2018 17:32,WS Outbound-DCL Inbound,Union,528
10/1/2018 17:32,WS Outbound-DCL Inbound,Union,528
10/1/2018 17:32,WS Outbound-DCL Inbound,Union,528
10/1/2018 17:32,WS Outbound-DCL Inbound,Union,528
10/1/2018 17:32,WS Outbound-DCL Inbound,Union,528
10/1/2018 17:33,WS Outbound-DCL Inbound,Union,528
10/1/2018 17:33,WS Outbound-DCL Inbound,Union,528
10/1/2018 17:33,WS Outbound-DCL Inbound,Main and Arthur,526
10/1/2018 17:33,WS Outbound-DCL Inbound,Main and Arthur,526
10/1/2018 17:33,WS Outbound-DCL Inbound,Union,528
10/1/2018 17:34,WS Outbound-DCL Inbound,Union,528
10/1/2018 17:35,WS Outbound-DCL Inbound,Union,528
10/1/2018 17:37,WS Outbound-DCL Inbound,Hawley OB,891
10/1/2018 17:37,WS Outbound-DCL Inbound,Hawley OB,891
10/1/2018 17:37,WS Outbound-DCL Inbound,Hawley OB,891
10/1/2018 17:38,WS Outbound-DCL Inbound,Physical Facilities,528
10/1/2018 17:38,WS Outbound-DCL Inbound,Physical Facilities,528
10/1/2018 17:44,WS Outbound-DCL Inbound,Leroy St and Front,891
10/1/2018 17:44,WS Outbound-DCL Inbound,Leroy St and Murray OB,891
10/1/2018 17:45,WS Outbound-DCL Inbound,Leroy St and Murray OB,891
10/1/2018 17:45,WS Outbound-DCL Inbound,Leroy St and Murray OB,891
10/1/2018 17:45,WS Outbound-DCL Inbound,Leroy St and Murray OB,891
10/1/2018 17:45,WS Outbound-DCL Inbound,Leroy St and Murray OB,891
10/1/2018 17:45,WS Outbound-DCL Inbound,Leroy St and Murray OB,891
10/1/2018 17:45,WS Outbound-DCL Inbound,Leroy St and Chestnut OB,891
10/1/2018 17:45,WS Outbound-DCL Inbound,Leroy St and Chestnut OB,891
10/1/2018 17:45,WS Outbound-DCL Inbound,Leroy St and Chestnut OB,891
10/1/2018 17:46,WS Outbound-DCL Inbound,Leroy St and Chestnut OB,891
10/1/2018 17:46,WS Outbound-DCL Inbound,Main and Helen OB,528
10/1/2018 17:46,WS Outbound-DCL Inbound,Main and Helen OB,528
10/1/2018 17:47,WS Outbound-DCL Inbound,Main and Schiller OB,528
10/1/2018 17:50,WS Outbound-DCL Inbound,Riverside and Columbus IB,891
10/1/2018 17:52,WS Outbound-DCL Inbound,Union,526
10/1/2018 17:52,WS Outbound-DCL Inbound,Union,526
10/1/2018 17:52,WS Outbound-DCL Inbound,Union,526
10/1/2018 17:52,WS Outbound-DCL Inbound,Union,526
10/1/2018 17:52,WS Outbound-DCL Inbound,Union,526
10/1/2018 17:52,WS Outbound-DCL Inbound,Union,526
10/1/2018 17:52,WS Outbound-DCL Inbound,Union,526
10/1/2018 17:52,WS Outbound-DCL Inbound,Union,526
10/1/2018 17:52,WS Outbound-DCL Inbound,Union,526
10/1/2018 17:52,WS Outbound-DCL Inbound,Union,526
10/1/2018 17:52,WS Outbound-DCL Inbound,Union,526
10/1/2018 17:52,WS Outbound-DCL Inbound,Union,526
10/1/2018 17:52,WS Outbound-DCL Inbound,Union,526
10/1/2018 17:52,WS Outbound-DCL Inbound,Union,526
10/1/2018 17:52,WS Outbound-DCL Inbound,Union,526
10/1/2018 17:52,WS Outbound-DCL Inbound,Union,526
10/1/2018 17:52,WS Outbound-DCL Inbound,Union,526
10/1/2018 17:52,WS Outbound-DCL Inbound,Union,526
10/1/2018 17:52,WS Outbound-DCL Inbound,Union,526
10/1/2018 17:53,WS Outbound-DCL Inbound,Union,526
10/1/2018 17:53,WS Outbound-DCL Inbound,Union,526
10/1/2018 17:53,WS Outbound-DCL Inbound,Union,526
10/1/2018 17:53,WS Outbound-DCL Inbound,Union,526
10/1/2018 17:55,WS Outbound-DCL Inbound,Physical Facilities,526
10/1/2018 17:59,WS Outbound-DCL Inbound,Union,527
10/1/2018 17:59,WS Outbound-DCL Inbound,Union,527
10/1/2018 17:59,WS Outbound-DCL Inbound,Union,527
10/1/2018 17:59,WS Outbound-DCL Inbound,Union,527
10/1/2018 17:59,WS Outbound-DCL Inbound,Union,527
10/1/2018 17:59,WS Outbound-DCL Inbound,Union,527
10/1/2018 17:59,WS Outbound-DCL Inbound,Union,527
10/1/2018 17:59,WS Outbound-DCL Inbound,Union,527
10/1/2018 17:59,WS Outbound-DCL Inbound,Union,527
10/1/2018 17:59,WS Outbound-DCL Inbound,Union,527
10/1/2018 17:59,WS Outbound-DCL Inbound,Union,527
10/1/2018 17:59,WS Outbound-DCL Inbound,Union,527
10/1/2018 17:59,WS Outbound-DCL Inbound,Union,527
10/1/2018 18:00,WS Outbound-DCL Inbound,Union,527
10/1/2018 18:00,WS Outbound-DCL Inbound,Union,527
10/1/2018 18:01,WS Outbound-DCL Inbound,Union,527
10/1/2018 18:01,WS Outbound-DCL Inbound,Union,527
10/1/2018 18:02,WS Outbound-DCL Inbound,Union,527
10/1/2018 18:02,WS Outbound-DCL Inbound,Union,527
10/1/2018 18:02,WS Outbound-DCL Inbound,Union,527
10/1/2018 18:02,WS Outbound-DCL Inbound,Union,527
10/1/2018 18:02,WS Outbound-DCL Inbound,Union,527
10/1/2018 18:02,WS Outbound-DCL Inbound,Union,527
10/1/2018 18:02,WS Outbound-DCL Inbound,Union,527
10/1/2018 18:03,WS Outbound-DCL Inbound,Union,527
10/1/2018 18:03,WS Outbound-DCL Inbound,Union,527
10/1/2018 18:04,WS Outbound-DCL Inbound,Union,527
10/1/2018 18:05,WS Outbound-DCL Inbound,Union,527
10/1/2018 18:05,WS Outbound-DCL Inbound,Union,527
10/1/2018 18:05,WS Outbound-DCL Inbound,Union,527
10/1/2018 18:09,WS Outbound-DCL Inbound,Main and Helen OB,526
10/1/2018 18:12,WS Outbound-DCL Inbound,Union,54
10/1/2018 18:12,WS Outbound-DCL Inbound,Union,54
10/1/2018 18:12,WS Outbound-DCL Inbound,Union,54
10/1/2018 18:12,WS Outbound-DCL Inbound,Union,54
10/1/2018 18:12,WS Outbound-DCL Inbound,Union,54
10/1/2018 18:12,WS Outbound-DCL Inbound,Union,54
10/1/2018 18:12,WS Outbound-DCL Inbound,Union,54
10/1/2018 18:12,WS Outbound-DCL Inbound,Union,54
10/1/2018 18:12,WS Outbound-DCL Inbound,Union,54
10/1/2018 18:12,WS Outbound-DCL Inbound,Union,54
10/1/2018 18:12,WS Outbound-DCL Inbound,Union,54
10/1/2018 18:12,WS Outbound-DCL Inbound,Union,54
10/1/2018 18:12,WS Outbound-DCL Inbound,Union,54
10/1/2018 18:13,WS Outbound-DCL Inbound,Union,54
10/1/2018 18:13,WS Outbound-DCL Inbound,Union,54
10/1/2018 18:13,WS Outbound-DCL Inbound,Union,54
10/1/2018 18:13,WS Outbound-DCL Inbound,Union,54
10/1/2018 18:13,WS Outbound-DCL Inbound,Union,54
10/1/2018 18:13,WS Outbound-DCL Inbound,Union,54
10/1/2018 18:13,WS Outbound-DCL Inbound,Union,54
10/1/2018 18:14,WS Outbound-DCL Inbound,Union,54
10/1/2018 18:14,WS Outbound-DCL Inbound,Union,54
10/1/2018 18:15,WS Outbound-DCL Inbound,Union,54
10/1/2018 18:15,WS Outbound-DCL Inbound,Union,54
10/1/2018 18:15,WS Outbound-DCL Inbound,Union,54
10/1/2018 18:15,WS Outbound-DCL Inbound,Union,54
10/1/2018 18:16,WS Outbound-DCL Inbound,UDC,526
10/1/2018 18:18,WS Outbound-DCL Inbound,Leroy St and Front,526
10/1/2018 18:19,WS Outbound-DCL Inbound,Leroy St and Murray IB,526
10/1/2018 18:19,WS Outbound-DCL Inbound,Leroy St and Murray IB,526
10/1/2018 18:19,WS Outbound-DCL Inbound,Leroy St and Murray IB,526
10/1/2018 18:19,WS Outbound-DCL Inbound,Leroy St and Murray IB,526
10/1/2018 18:19,WS Outbound-DCL Inbound,Leroy St and Murray IB,526
10/1/2018 18:20,WS Outbound-DCL Inbound,Leroy St and Chestnut OB,526
10/1/2018 18:20,WS Outbound-DCL Inbound,Leroy St and Chestnut OB,526
10/1/2018 18:20,WS Outbound-DCL Inbound,Leroy St and Chestnut OB,526
10/1/2018 18:22,WS Outbound-DCL Inbound,Riverside and Beethoven,526
10/1/2018 18:22,WS Outbound-DCL Inbound,Riverside and Beethoven,526
10/1/2018 18:26,WS Outbound-DCL Inbound,UDC,527
10/1/2018 18:26,WS Outbound-DCL Inbound,UDC,527
10/1/2018 18:30,WS Outbound-DCL Inbound,Main and Clarke IB,54
10/1/2018 18:32,WS Outbound-DCL Inbound,Mohawk,526
10/1/2018 18:32,WS Outbound-DCL Inbound,Mohawk,526
10/1/2018 18:32,WS Outbound-DCL Inbound,Mohawk,526
10/1/2018 18:32,WS Outbound-DCL Inbound,Mohawk,526
10/1/2018 18:32,WS Outbound-DCL Inbound,Mohawk,526
10/1/2018 18:32,WS Outbound-DCL Inbound,Mohawk,526
10/1/2018 18:32,WS Outbound-DCL Inbound,Mohawk,526
10/1/2018 18:32,WS Outbound-DCL Inbound,Mohawk,526
10/1/2018 18:32,WS Outbound-DCL Inbound,Mohawk,526
10/1/2018 18:32,WS Outbound-DCL Inbound,Mohawk,526
10/1/2018 18:32,WS Outbound-DCL Inbound,Mohawk,526
10/1/2018 18:32,WS Outbound-DCL Inbound,Mohawk,526
10/1/2018 18:32,WS Outbound-DCL Inbound,Mohawk,526
10/1/2018 18:32,WS Outbound-DCL Inbound,Mohawk,526
10/1/2018 18:32,WS Outbound-DCL Inbound,Mohawk,526
10/1/2018 18:32,WS Outbound-DCL Inbound,Mohawk,526
10/1/2018 18:33,WS Outbound-DCL Inbound,Mohawk,526
10/1/2018 18:33,WS Outbound-DCL Inbound,Mohawk,526
10/1/2018 18:33,WS Outbound-DCL Inbound,Mohawk,526
10/1/2018 18:34,WS Outbound-DCL Inbound,Mohawk,526
10/1/2018 18:39,WS Outbound-DCL Inbound,UDC,54
10/1/2018 18:42,WS Outbound-DCL Inbound,Leroy St and Front,54
10/1/2018 18:44,WS Outbound-DCL Inbound,Leroy St and Murray IB,54
10/1/2018 18:44,WS Outbound-DCL Inbound,Leroy St and Murray IB,54
10/1/2018 18:45,WS Outbound-DCL Inbound,Union,527
10/1/2018 18:45,WS Outbound-DCL Inbound,Union,527
10/1/2018 18:45,WS Outbound-DCL Inbound,Union,527
10/1/2018 18:45,WS Outbound-DCL Inbound,Union,527
10/1/2018 18:45,WS Outbound-DCL Inbound,Union,527
10/1/2018 18:46,WS Outbound-DCL Inbound,Union,527
10/1/2018 18:46,WS Outbound-DCL Inbound,Union,527
10/1/2018 18:46,WS Outbound-DCL Inbound,Union,527
10/1/2018 18:46,WS Outbound-DCL Inbound,Union,527
10/1/2018 18:46,WS Outbound-DCL Inbound,Union,527
10/1/2018 18:46,WS Outbound-DCL Inbound,Union,527
10/1/2018 18:47,WS Outbound-DCL Inbound,Union,527
10/1/2018 18:47,WS Outbound-DCL Inbound,Union,527
10/1/2018 18:48,WS Outbound-DCL Inbound,Union,527
10/1/2018 18:48,WS Outbound-DCL Inbound,Union,527
10/1/2018 18:48,WS Outbound-DCL Inbound,Union,527
10/1/2018 18:48,WS Outbound-DCL Inbound,Union,527
10/1/2018 18:48,WS Outbound-DCL Inbound,Union,527
10/1/2018 18:49,WS Outbound-DCL Inbound,Union,527
10/1/2018 18:49,WS Outbound-DCL Inbound,Union,527
10/1/2018 18:49,WS Outbound-DCL Inbound,Union,527
10/1/2018 19:03,WS Outbound-DCL Inbound,Union,43
10/1/2018 19:03,WS Outbound-DCL Inbound,Union,43
10/1/2018 19:03,WS Outbound-DCL Inbound,Union,43
10/1/2018 19:03,WS Outbound-DCL Inbound,Union,43
10/1/2018 19:03,WS Outbound-DCL Inbound,Union,43
10/1/2018 19:03,WS Outbound-DCL Inbound,Union,43
10/1/2018 19:03,WS Outbound-DCL Inbound,Union,43
10/1/2018 19:03,WS Outbound-DCL Inbound,Union,43
10/1/2018 19:03,WS Outbound-DCL Inbound,Union,43
10/1/2018 19:03,WS Outbound-DCL Inbound,Union,43
10/1/2018 19:04,WS Outbound-DCL Inbound,Union,43
10/1/2018 19:04,WS Outbound-DCL Inbound,Union,43
10/1/2018 19:04,WS Outbound-DCL Inbound,Union,43
10/1/2018 19:04,WS Outbound-DCL Inbound,Union,43
10/1/2018 19:04,WS Outbound-DCL Inbound,Main and Schiller OB,527
10/1/2018 19:04,WS Outbound-DCL Inbound,Union,43
10/1/2018 19:05,WS Outbound-DCL Inbound,Main and Clarke OB,527
10/1/2018 19:08,WS Outbound-DCL Inbound,Main and Arthur,527
10/1/2018 19:12,WS Outbound-DCL Inbound,Hawley OB,527
10/1/2018 19:14,WS Outbound-DCL Inbound,UDC,527
10/1/2018 19:15,WS Outbound-DCL Inbound,UDC,527
10/1/2018 19:18,WS Outbound-DCL Inbound,Leroy St and Front,527
10/1/2018 19:20,WS Outbound-DCL Inbound,Leroy St and Chestnut IB,527
10/1/2018 19:20,WS Outbound-DCL Inbound,Leroy St and Chestnut IB,527
10/1/2018 19:24,WS Outbound-DCL Inbound,UDC,43
10/1/2018 19:25,WS Outbound-DCL Inbound,UDC,43
10/1/2018 19:29,WS Outbound-DCL Inbound,Union,54
10/1/2018 19:29,WS Outbound-DCL Inbound,Union,54
10/1/2018 19:29,WS Outbound-DCL Inbound,Union,54
10/1/2018 19:29,WS Outbound-DCL Inbound,Union,54
10/1/2018 19:29,WS Outbound-DCL Inbound,Union,54
10/1/2018 19:29,WS Outbound-DCL Inbound,Union,54
10/1/2018 19:29,WS Outbound-DCL Inbound,Union,54
10/1/2018 19:29,WS Outbound-DCL Inbound,Union,54
10/1/2018 19:29,WS Outbound-DCL Inbound,Union,54
10/1/2018 19:29,WS Outbound-DCL Inbound,Union,54
10/1/2018 19:29,WS Outbound-DCL Inbound,Union,54
10/1/2018 19:29,WS Outbound-DCL Inbound,Union,54
10/1/2018 19:29,WS Outbound-DCL Inbound,Union,54
10/1/2018 19:29,WS Outbound-DCL Inbound,Union,54
10/1/2018 19:29,WS Outbound-DCL Inbound,Union,54
10/1/2018 19:29,WS Outbound-DCL Inbound,Union,54
10/1/2018 19:29,WS Outbound-DCL Inbound,Union,54
10/1/2018 19:29,WS Outbound-DCL Inbound,Union,54
10/1/2018 19:29,WS Outbound-DCL Inbound,Union,54
10/1/2018 19:29,WS Outbound-DCL Inbound,Union,54
10/1/2018 19:29,WS Outbound-DCL Inbound,Union,54
10/1/2018 19:29,WS Outbound-DCL Inbound,Union,54
10/1/2018 19:29,WS Outbound-DCL Inbound,Union,54
10/1/2018 19:29,WS Outbound-DCL Inbound,Union,54
10/1/2018 19:29,WS Outbound-DCL Inbound,Union,54
10/1/2018 19:29,WS Outbound-DCL Inbound,Union,54
10/1/2018 19:30,WS Outbound-DCL Inbound,Union,54
10/1/2018 19:30,WS Outbound-DCL Inbound,Union,54
10/1/2018 19:30,WS Outbound-DCL Inbound,Union,54
10/1/2018 19:30,WS Outbound-DCL Inbound,Union,54
10/1/2018 19:30,WS Outbound-DCL Inbound,Union,54
10/1/2018 19:30,WS Outbound-DCL Inbound,Union,54
10/1/2018 19:30,WS Outbound-DCL Inbound,Union,54
10/1/2018 19:30,WS Outbound-DCL Inbound,Union,54
10/1/2018 19:30,WS Outbound-DCL Inbound,Union,54
10/1/2018 19:30,WS Outbound-DCL Inbound,Union,54
10/1/2018 19:30,WS Outbound-DCL Inbound,Union,54
10/1/2018 19:30,WS Outbound-DCL Inbound,Union,54
10/1/2018 19:32,WS Outbound-DCL Inbound,Leroy St and Murray IB,43
10/1/2018 19:32,WS Outbound-DCL Inbound,Leroy St and Murray IB,43
10/1/2018 19:32,WS Outbound-DCL Inbound,Leroy St and Murray IB,43
10/1/2018 19:33,WS Outbound-DCL Inbound,Leroy St and Chestnut IB,43
10/1/2018 19:33,WS Outbound-DCL Inbound,Leroy St and Chestnut IB,43
10/1/2018 19:33,WS Outbound-DCL Inbound,Leroy St and Chestnut IB,43
10/1/2018 19:33,WS Outbound-DCL Inbound,Leroy St and Chestnut IB,43
10/1/2018 19:33,WS Outbound-DCL Inbound,Leroy St and Chestnut IB,43
10/1/2018 19:33,WS Outbound-DCL Inbound,Leroy St and Chestnut IB,43
10/1/2018 19:47,WS Outbound-DCL Inbound,Union,889
10/1/2018 19:48,WS Outbound-DCL Inbound,Union,889
10/1/2018 19:48,WS Outbound-DCL Inbound,Union,889
10/1/2018 19:48,WS Outbound-DCL Inbound,Union,889
10/1/2018 19:48,WS Outbound-DCL Inbound,Union,889
10/1/2018 19:48,WS Outbound-DCL Inbound,Union,889
10/1/2018 19:48,WS Outbound-DCL Inbound,Union,889
10/1/2018 19:48,WS Outbound-DCL Inbound,Main and Clarke IB,54
10/1/2018 19:50,WS Outbound-DCL Inbound,Physical Facilities,889
10/1/2018 19:50,WS Outbound-DCL Inbound,Physical Facilities,889
10/1/2018 19:50,WS Outbound-DCL Inbound,Physical Facilities,889
10/1/2018 19:55,WS Outbound-DCL Inbound,UDC,54
10/1/2018 19:58,WS Outbound-DCL Inbound,UDC,54
10/1/2018 19:58,WS Outbound-DCL Inbound,Floral and Main OB,889
10/1/2018 19:59,WS Outbound-DCL Inbound,UDC,54
10/1/2018 19:59,WS Outbound-DCL Inbound,UDC,54
