Start Date:10/17/2018 7:00 AM End Date:10/17/2018 8:00 PM,,,
DateTime,CorridorName,StopName,VehicleID
10/17/2018 7:15,WS Outbound-DCL Inbound,Union,37
10/17/2018 7:35,WS Outbound-DCL Inbound,UDC,37
10/17/2018 7:35,WS Outbound-DCL Inbound,UDC,37
10/17/2018 7:35,WS Outbound-DCL Inbound,UDC,37
10/17/2018 7:35,WS Outbound-DCL Inbound,UDC,37
10/17/2018 7:36,WS Outbound-DCL Inbound,UDC,37
10/17/2018 7:37,WS Outbound-DCL Inbound,UDC,37
10/17/2018 7:40,WS Outbound-DCL Inbound,UDC,37
10/17/2018 7:42,WS Outbound-DCL Inbound,Leroy St and Front,37
10/17/2018 7:43,WS Outbound-DCL Inbound,Leroy St and Murray IB,37
10/17/2018 7:43,WS Outbound-DCL Inbound,Leroy St and Murray IB,37
10/17/2018 7:43,WS Outbound-DCL Inbound,Leroy St and Murray IB,37
10/17/2018 7:43,WS Outbound-DCL Inbound,Leroy St and Murray IB,37
10/17/2018 7:43,WS Outbound-DCL Inbound,Leroy St and Murray IB,37
10/17/2018 7:43,WS Outbound-DCL Inbound,Leroy St and Murray IB,37
10/17/2018 7:43,WS Outbound-DCL Inbound,Leroy St and Murray IB,37
10/17/2018 7:44,WS Outbound-DCL Inbound,Leroy St and Chestnut IB,37
10/17/2018 7:44,WS Outbound-DCL Inbound,Leroy St and Chestnut IB,37
10/17/2018 7:44,WS Outbound-DCL Inbound,Leroy St and Chestnut IB,37
10/17/2018 7:44,WS Outbound-DCL Inbound,Leroy St and Chestnut IB,37
10/17/2018 7:44,WS Outbound-DCL Inbound,Leroy St and Chestnut IB,37
10/17/2018 7:44,WS Outbound-DCL Inbound,Leroy St and Chestnut IB,37
10/17/2018 7:44,WS Outbound-DCL Inbound,Leroy St and Chestnut IB,37
10/17/2018 7:44,WS Outbound-DCL Inbound,Leroy St and Chestnut IB,37
10/17/2018 7:45,WS Outbound-DCL Inbound,Leroy St and Chestnut IB,37
10/17/2018 7:45,WS Outbound-DCL Inbound,Leroy St and Chestnut IB,37
10/17/2018 7:45,WS Outbound-DCL Inbound,Leroy St and Chestnut IB,37
10/17/2018 7:45,WS Outbound-DCL Inbound,Leroy St and Chestnut IB,37
10/17/2018 7:45,WS Outbound-DCL Inbound,Leroy St and Chestnut OB,37
10/17/2018 7:45,WS Outbound-DCL Inbound,Leroy St and Laurel IB,37
10/17/2018 7:59,WS Outbound-DCL Inbound,Leroy St and Murray IB,891
10/17/2018 7:59,WS Outbound-DCL Inbound,Leroy St and Murray IB,891
10/17/2018 7:59,WS Outbound-DCL Inbound,Leroy St and Murray IB,891
10/17/2018 7:59,WS Outbound-DCL Inbound,Leroy St and Murray IB,891
10/17/2018 7:59,WS Outbound-DCL Inbound,Leroy St and Murray IB,891
10/17/2018 7:59,WS Outbound-DCL Inbound,Leroy St and Murray IB,891
10/17/2018 7:59,WS Outbound-DCL Inbound,Leroy St and Murray IB,891
10/17/2018 7:59,WS Outbound-DCL Inbound,Leroy St and Murray IB,891
10/17/2018 7:59,WS Outbound-DCL Inbound,Leroy St and Murray IB,891
10/17/2018 7:59,WS Outbound-DCL Inbound,Leroy St and Murray IB,891
10/17/2018 7:59,WS Outbound-DCL Inbound,Leroy St and Murray IB,891
10/17/2018 7:59,WS Outbound-DCL Inbound,Leroy St and Murray IB,891
10/17/2018 7:59,WS Outbound-DCL Inbound,Leroy St and Murray IB,891
10/17/2018 8:00,WS Outbound-DCL Inbound,Leroy St and Chestnut IB,891
10/17/2018 8:00,WS Outbound-DCL Inbound,Leroy St and Chestnut IB,891
10/17/2018 8:00,WS Outbound-DCL Inbound,Leroy St and Chestnut IB,891
10/17/2018 8:00,WS Outbound-DCL Inbound,Leroy St and Chestnut IB,891
10/17/2018 8:00,WS Outbound-DCL Inbound,Leroy St and Chestnut IB,891
10/17/2018 8:14,WS Outbound-DCL Inbound,Union,891
10/17/2018 8:14,WS Outbound-DCL Inbound,Union,891
10/17/2018 8:21,WS Outbound-DCL Inbound,Union,891
10/17/2018 8:25,WS Outbound-DCL Inbound,UDC,43
10/17/2018 8:25,WS Outbound-DCL Inbound,UDC,43
10/17/2018 8:25,WS Outbound-DCL Inbound,UDC,43
10/17/2018 8:29,WS Outbound-DCL Inbound,Leroy St and Murray IB,43
10/17/2018 8:29,WS Outbound-DCL Inbound,Leroy St and Murray IB,43
10/17/2018 8:29,WS Outbound-DCL Inbound,Leroy St and Murray IB,43
10/17/2018 8:29,WS Outbound-DCL Inbound,Leroy St and Murray IB,43
10/17/2018 8:29,WS Outbound-DCL Inbound,Leroy St and Murray IB,43
10/17/2018 8:30,WS Outbound-DCL Inbound,Leroy St and Chestnut IB,43
10/17/2018 8:30,WS Outbound-DCL Inbound,Leroy St and Chestnut IB,43
10/17/2018 8:30,WS Outbound-DCL Inbound,Leroy St and Chestnut IB,43
10/17/2018 8:30,WS Outbound-DCL Inbound,Leroy St and Chestnut IB,43
10/17/2018 8:30,WS Outbound-DCL Inbound,Leroy St and Chestnut IB,43
10/17/2018 8:31,WS Outbound-DCL Inbound,Leroy St and Laurel IB,43
10/17/2018 8:34,WS Outbound-DCL Inbound,Main and Arthur,891
10/17/2018 8:37,WS Outbound-DCL Inbound,UDC,891
10/17/2018 8:37,WS Outbound-DCL Inbound,UDC,891
10/17/2018 8:38,WS Outbound-DCL Inbound,UDC,891
10/17/2018 8:42,WS Outbound-DCL Inbound,Leroy St and Front,891
10/17/2018 8:42,WS Outbound-DCL Inbound,Leroy St and Murray OB,891
10/17/2018 8:43,WS Outbound-DCL Inbound,Leroy St and Murray IB,891
10/17/2018 8:43,WS Outbound-DCL Inbound,Leroy St and Murray IB,891
10/17/2018 8:43,WS Outbound-DCL Inbound,Leroy St and Murray IB,891
10/17/2018 8:43,WS Outbound-DCL Inbound,Leroy St and Murray IB,891
10/17/2018 8:43,WS Outbound-DCL Inbound,Leroy St and Murray IB,891
10/17/2018 8:43,WS Outbound-DCL Inbound,Leroy St and Murray IB,891
10/17/2018 8:43,WS Outbound-DCL Inbound,Leroy St and Murray IB,891
10/17/2018 8:43,WS Outbound-DCL Inbound,Leroy St and Murray IB,891
10/17/2018 8:43,WS Outbound-DCL Inbound,Leroy St and Murray IB,891
10/17/2018 8:43,WS Outbound-DCL Inbound,Leroy St and Murray IB,891
10/17/2018 8:44,WS Outbound-DCL Inbound,Union,43
10/17/2018 8:44,WS Outbound-DCL Inbound,Union,43
10/17/2018 8:44,WS Outbound-DCL Inbound,Leroy St and Chestnut IB,891
10/17/2018 8:47,WS Outbound-DCL Inbound,Riverside and Margaret OB,891
10/17/2018 8:51,WS Outbound-DCL Inbound,UDC,37
10/17/2018 8:51,WS Outbound-DCL Inbound,UDC,37
10/17/2018 8:51,WS Outbound-DCL Inbound,UDC,37
10/17/2018 8:52,WS Outbound-DCL Inbound,UDC,37
10/17/2018 8:52,WS Outbound-DCL Inbound,UDC,37
10/17/2018 8:58,WS Outbound-DCL Inbound,Leroy St and Front,37
10/17/2018 8:58,WS Outbound-DCL Inbound,Leroy St and Front,37
10/17/2018 8:58,WS Outbound-DCL Inbound,Leroy St and Front,37
10/17/2018 8:58,WS Outbound-DCL Inbound,Leroy St and Front,37
10/17/2018 8:59,WS Outbound-DCL Inbound,Leroy St and Murray IB,37
10/17/2018 8:59,WS Outbound-DCL Inbound,Leroy St and Murray IB,37
10/17/2018 8:59,WS Outbound-DCL Inbound,Leroy St and Murray IB,37
10/17/2018 8:59,WS Outbound-DCL Inbound,Leroy St and Murray IB,37
10/17/2018 8:59,WS Outbound-DCL Inbound,Leroy St and Murray IB,37
10/17/2018 8:59,WS Outbound-DCL Inbound,Leroy St and Murray IB,37
10/17/2018 8:59,WS Outbound-DCL Inbound,Leroy St and Murray IB,37
10/17/2018 8:59,WS Outbound-DCL Inbound,Leroy St and Murray IB,37
10/17/2018 8:59,WS Outbound-DCL Inbound,Leroy St and Murray IB,37
10/17/2018 8:59,WS Outbound-DCL Inbound,Leroy St and Murray IB,37
10/17/2018 8:59,WS Outbound-DCL Inbound,Leroy St and Murray IB,37
10/17/2018 8:59,WS Outbound-DCL Inbound,Leroy St and Murray IB,37
10/17/2018 9:00,WS Outbound-DCL Inbound,Leroy St and Chestnut IB,37
10/17/2018 9:00,WS Outbound-DCL Inbound,Leroy St and Chestnut IB,37
10/17/2018 9:00,WS Outbound-DCL Inbound,Leroy St and Chestnut IB,37
10/17/2018 9:00,WS Outbound-DCL Inbound,Leroy St and Chestnut IB,37
10/17/2018 9:00,WS Outbound-DCL Inbound,Leroy St and Chestnut IB,37
10/17/2018 9:00,WS Outbound-DCL Inbound,Leroy St and Chestnut IB,37
10/17/2018 9:00,WS Outbound-DCL Inbound,Leroy St and Chestnut IB,37
10/17/2018 9:00,WS Outbound-DCL Inbound,Leroy St and Chestnut IB,37
10/17/2018 9:01,WS Outbound-DCL Inbound,Leroy St and Chestnut IB,37
10/17/2018 9:05,WS Outbound-DCL Inbound,Riverside and Margaret OB,37
10/17/2018 9:22,WS Outbound-DCL Inbound,UDC,21
10/17/2018 9:24,WS Outbound-DCL Inbound,UDC,21
10/17/2018 9:25,WS Outbound-DCL Inbound,UDC,21
10/17/2018 9:27,WS Outbound-DCL Inbound,Leroy St and Front,21
10/17/2018 9:28,WS Outbound-DCL Inbound,Leroy St and Murray IB,21
10/17/2018 9:28,WS Outbound-DCL Inbound,Leroy St and Murray IB,21
10/17/2018 9:28,WS Outbound-DCL Inbound,Leroy St and Murray IB,21
10/17/2018 9:28,WS Outbound-DCL Inbound,Leroy St and Murray IB,21
10/17/2018 9:28,WS Outbound-DCL Inbound,Leroy St and Murray IB,21
10/17/2018 9:29,WS Outbound-DCL Inbound,Leroy St and Murray IB,21
10/17/2018 9:29,WS Outbound-DCL Inbound,Leroy St and Murray IB,21
10/17/2018 9:29,WS Outbound-DCL Inbound,Leroy St and Murray IB,21
10/17/2018 9:29,WS Outbound-DCL Inbound,Leroy St and Murray IB,21
10/17/2018 9:29,WS Outbound-DCL Inbound,Leroy St and Murray IB,21
10/17/2018 9:30,WS Outbound-DCL Inbound,Leroy St and Chestnut IB,21
10/17/2018 9:30,WS Outbound-DCL Inbound,Leroy St and Chestnut IB,21
10/17/2018 9:30,WS Outbound-DCL Inbound,Leroy St and Chestnut IB,21
10/17/2018 9:30,WS Outbound-DCL Inbound,Leroy St and Chestnut IB,21
10/17/2018 9:30,WS Outbound-DCL Inbound,Leroy St and Chestnut IB,21
10/17/2018 9:31,WS Outbound-DCL Inbound,Leroy St and Laurel IB,21
10/17/2018 9:46,WS Outbound-DCL Inbound,Union,891
10/17/2018 9:46,WS Outbound-DCL Inbound,Union,891
10/17/2018 9:46,WS Outbound-DCL Inbound,Union,891
10/17/2018 9:46,WS Outbound-DCL Inbound,Union,891
10/17/2018 9:47,WS Outbound-DCL Inbound,Union,891
10/17/2018 9:50,WS Outbound-DCL Inbound,Physical Facilities,891
10/17/2018 9:50,WS Outbound-DCL Inbound,Physical Facilities,891
10/17/2018 9:54,WS Outbound-DCL Inbound,UDC,526
10/17/2018 9:54,WS Outbound-DCL Inbound,UDC,526
10/17/2018 9:56,WS Outbound-DCL Inbound,UDC,526
10/17/2018 10:00,WS Outbound-DCL Inbound,Leroy St and Murray IB,526
10/17/2018 10:00,WS Outbound-DCL Inbound,Leroy St and Murray IB,526
10/17/2018 10:00,WS Outbound-DCL Inbound,Leroy St and Murray IB,526
10/17/2018 10:01,WS Outbound-DCL Inbound,Leroy St and Chestnut IB,526
10/17/2018 10:01,WS Outbound-DCL Inbound,Leroy St and Chestnut IB,526
10/17/2018 10:01,WS Outbound-DCL Inbound,Leroy St and Chestnut IB,526
10/17/2018 10:01,WS Outbound-DCL Inbound,Leroy St and Chestnut IB,526
10/17/2018 10:05,WS Outbound-DCL Inbound,Main and Front OB,891
10/17/2018 10:12,WS Outbound-DCL Inbound,Academic A,526
10/17/2018 10:13,WS Outbound-DCL Inbound,Leroy St and Front,891
10/17/2018 10:14,WS Outbound-DCL Inbound,Leroy St and Murray IB,891
10/17/2018 10:14,WS Outbound-DCL Inbound,Leroy St and Murray IB,891
10/17/2018 10:14,WS Outbound-DCL Inbound,Leroy St and Murray IB,891
10/17/2018 10:14,WS Outbound-DCL Inbound,Leroy St and Murray IB,891
10/17/2018 10:14,WS Outbound-DCL Inbound,Leroy St and Murray IB,891
10/17/2018 10:14,WS Outbound-DCL Inbound,Leroy St and Murray IB,891
10/17/2018 10:14,WS Outbound-DCL Inbound,Leroy St and Murray IB,891
10/17/2018 10:14,WS Outbound-DCL Inbound,Leroy St and Murray IB,891
10/17/2018 10:15,WS Outbound-DCL Inbound,Union,42
10/17/2018 10:15,WS Outbound-DCL Inbound,Union,42
10/17/2018 10:15,WS Outbound-DCL Inbound,Union,42
10/17/2018 10:15,WS Outbound-DCL Inbound,Union,42
10/17/2018 10:15,WS Outbound-DCL Inbound,Union,42
10/17/2018 10:15,WS Outbound-DCL Inbound,Union,42
10/17/2018 10:15,WS Outbound-DCL Inbound,Union,42
10/17/2018 10:15,WS Outbound-DCL Inbound,Leroy St and Chestnut IB,891
10/17/2018 10:15,WS Outbound-DCL Inbound,Leroy St and Chestnut IB,891
10/17/2018 10:15,WS Outbound-DCL Inbound,Leroy St and Chestnut IB,891
10/17/2018 10:15,WS Outbound-DCL Inbound,Union,42
10/17/2018 10:15,WS Outbound-DCL Inbound,Leroy St and Chestnut IB,891
10/17/2018 10:15,WS Outbound-DCL Inbound,Union,42
10/17/2018 10:15,WS Outbound-DCL Inbound,Union,42
10/17/2018 10:15,WS Outbound-DCL Inbound,Leroy St and Chestnut IB,891
10/17/2018 10:15,WS Outbound-DCL Inbound,Leroy St and Chestnut IB,891
10/17/2018 10:15,WS Outbound-DCL Inbound,Union,42
10/17/2018 10:15,WS Outbound-DCL Inbound,Leroy St and Chestnut IB,891
10/17/2018 10:25,WS Outbound-DCL Inbound,Floral and New York,42
10/17/2018 10:27,WS Outbound-DCL Inbound,Leroy St and Front,889
10/17/2018 10:27,WS Outbound-DCL Inbound,Leroy St and Front,889
10/17/2018 10:27,WS Outbound-DCL Inbound,Leroy St and Front,889
10/17/2018 10:27,WS Outbound-DCL Inbound,Leroy St and Front,889
10/17/2018 10:27,WS Outbound-DCL Inbound,Leroy St and Front,889
10/17/2018 10:27,WS Outbound-DCL Inbound,Leroy St and Front,889
10/17/2018 10:28,WS Outbound-DCL Inbound,Leroy St and Murray IB,889
10/17/2018 10:28,WS Outbound-DCL Inbound,Leroy St and Murray IB,889
10/17/2018 10:28,WS Outbound-DCL Inbound,Leroy St and Murray IB,889
10/17/2018 10:28,WS Outbound-DCL Inbound,Leroy St and Murray IB,889
10/17/2018 10:28,WS Outbound-DCL Inbound,Leroy St and Murray IB,889
10/17/2018 10:28,WS Outbound-DCL Inbound,Leroy St and Murray IB,889
10/17/2018 10:28,WS Outbound-DCL Inbound,Leroy St and Murray IB,889
10/17/2018 10:28,WS Outbound-DCL Inbound,Leroy St and Murray IB,889
10/17/2018 10:28,WS Outbound-DCL Inbound,Leroy St and Murray IB,889
10/17/2018 10:29,WS Outbound-DCL Inbound,Leroy St and Murray IB,889
10/17/2018 10:29,WS Outbound-DCL Inbound,Leroy St and Murray IB,889
10/17/2018 10:29,WS Outbound-DCL Inbound,Main and Schiller OB,42
10/17/2018 10:29,WS Outbound-DCL Inbound,Leroy St and Chestnut IB,889
10/17/2018 10:29,WS Outbound-DCL Inbound,Leroy St and Chestnut IB,889
10/17/2018 10:29,WS Outbound-DCL Inbound,Leroy St and Chestnut IB,889
10/17/2018 10:30,WS Outbound-DCL Inbound,Leroy St and Chestnut IB,889
10/17/2018 10:30,WS Outbound-DCL Inbound,Leroy St and Chestnut IB,889
10/17/2018 10:30,WS Outbound-DCL Inbound,Leroy St and Chestnut IB,889
10/17/2018 10:30,WS Outbound-DCL Inbound,Leroy St and Laurel IB,889
10/17/2018 10:31,WS Outbound-DCL Inbound,Leroy St and Laurel IB,889
10/17/2018 10:31,WS Outbound-DCL Inbound,Main and Cedar OB,42
10/17/2018 10:32,WS Outbound-DCL Inbound,Beethoven and Leroy,889
10/17/2018 10:37,WS Outbound-DCL Inbound,UDC,42
10/17/2018 10:37,WS Outbound-DCL Inbound,UDC,42
10/17/2018 10:38,WS Outbound-DCL Inbound,UDC,42
10/17/2018 10:39,WS Outbound-DCL Inbound,UDC,42
10/17/2018 10:40,WS Outbound-DCL Inbound,UDC IB,42
10/17/2018 10:41,WS Outbound-DCL Inbound,Academic A,889
10/17/2018 10:42,WS Outbound-DCL Inbound,Leroy St and Front,42
10/17/2018 10:43,WS Outbound-DCL Inbound,Leroy St and Murray IB,42
10/17/2018 10:43,WS Outbound-DCL Inbound,Leroy St and Murray IB,42
10/17/2018 10:43,WS Outbound-DCL Inbound,Leroy St and Murray IB,42
10/17/2018 10:43,WS Outbound-DCL Inbound,Leroy St and Murray IB,42
10/17/2018 10:44,WS Outbound-DCL Inbound,Leroy St and Chestnut IB,42
10/17/2018 10:44,WS Outbound-DCL Inbound,Leroy St and Chestnut IB,42
10/17/2018 10:44,WS Outbound-DCL Inbound,Union,889
10/17/2018 10:44,WS Outbound-DCL Inbound,Union,889
10/17/2018 10:44,WS Outbound-DCL Inbound,Union,889
10/17/2018 10:45,WS Outbound-DCL Inbound,Union,889
10/17/2018 10:45,WS Outbound-DCL Inbound,Union,889
10/17/2018 10:45,WS Outbound-DCL Inbound,Union,889
10/17/2018 10:45,WS Outbound-DCL Inbound,Union,889
10/17/2018 10:45,WS Outbound-DCL Inbound,Union,889
10/17/2018 10:45,WS Outbound-DCL Inbound,Union,889
10/17/2018 10:46,WS Outbound-DCL Inbound,Union,889
10/17/2018 10:54,WS Outbound-DCL Inbound,Floral and Cleveland OB,889
10/17/2018 11:00,WS Outbound-DCL Inbound,Main and Cedar OB,889
10/17/2018 11:02,WS Outbound-DCL Inbound,Leroy St and Murray IB,43
10/17/2018 11:02,WS Outbound-DCL Inbound,Leroy St and Murray IB,43
10/17/2018 11:02,WS Outbound-DCL Inbound,Leroy St and Murray IB,43
10/17/2018 11:02,WS Outbound-DCL Inbound,Main and Murray OB,889
10/17/2018 11:02,WS Outbound-DCL Inbound,Main and Murray OB,889
10/17/2018 11:03,WS Outbound-DCL Inbound,Leroy St and Chestnut IB,43
10/17/2018 11:08,WS Outbound-DCL Inbound,UDC,889
10/17/2018 11:12,WS Outbound-DCL Inbound,Union,891
10/17/2018 11:12,WS Outbound-DCL Inbound,Union,891
10/17/2018 11:12,WS Outbound-DCL Inbound,Union,891
10/17/2018 11:13,WS Outbound-DCL Inbound,Union,891
10/17/2018 11:13,WS Outbound-DCL Inbound,Leroy St and Front,889
10/17/2018 11:14,WS Outbound-DCL Inbound,Leroy St and Murray IB,889
10/17/2018 11:14,WS Outbound-DCL Inbound,Leroy St and Murray IB,889
10/17/2018 11:14,WS Outbound-DCL Inbound,Leroy St and Murray IB,889
10/17/2018 11:14,WS Outbound-DCL Inbound,Leroy St and Murray IB,889
10/17/2018 11:14,WS Outbound-DCL Inbound,Leroy St and Murray IB,889
10/17/2018 11:14,WS Outbound-DCL Inbound,Leroy St and Murray IB,889
10/17/2018 11:14,WS Outbound-DCL Inbound,Leroy St and Murray IB,889
10/17/2018 11:15,WS Outbound-DCL Inbound,Leroy St and Chestnut OB,889
10/17/2018 11:15,WS Outbound-DCL Inbound,Leroy St and Chestnut OB,889
10/17/2018 11:15,WS Outbound-DCL Inbound,Leroy St and Chestnut OB,889
10/17/2018 11:15,WS Outbound-DCL Inbound,Leroy St and Chestnut OB,889
10/17/2018 11:15,WS Outbound-DCL Inbound,Leroy St and Chestnut OB,889
10/17/2018 11:15,WS Outbound-DCL Inbound,Leroy St and Chestnut OB,889
10/17/2018 11:18,WS Outbound-DCL Inbound,Physical Facilities,891
10/17/2018 11:20,WS Outbound-DCL Inbound,Riverside and Columbus IB,889
10/17/2018 11:28,WS Outbound-DCL Inbound,Main and Schiller OB,891
10/17/2018 11:28,WS Outbound-DCL Inbound,Main and Schiller OB,891
10/17/2018 11:28,WS Outbound-DCL Inbound,Main and Schiller OB,891
10/17/2018 11:28,WS Outbound-DCL Inbound,Union,889
10/17/2018 11:29,WS Outbound-DCL Inbound,Union,889
10/17/2018 11:29,WS Outbound-DCL Inbound,Union,889
10/17/2018 11:29,WS Outbound-DCL Inbound,Union,889
10/17/2018 11:29,WS Outbound-DCL Inbound,Union,889
10/17/2018 11:30,WS Outbound-DCL Inbound,Main and Cedar OB,891
10/17/2018 11:30,WS Outbound-DCL Inbound,Main and Cedar OB,891
10/17/2018 11:42,WS Outbound-DCL Inbound,Leroy St and Front,891
10/17/2018 11:42,WS Outbound-DCL Inbound,Leroy St and Front,891
10/17/2018 11:42,WS Outbound-DCL Inbound,Leroy St and Front,891
10/17/2018 11:42,WS Outbound-DCL Inbound,Union,42
10/17/2018 11:43,WS Outbound-DCL Inbound,Union,42
10/17/2018 11:43,WS Outbound-DCL Inbound,Union,42
10/17/2018 11:43,WS Outbound-DCL Inbound,Union,42
10/17/2018 11:43,WS Outbound-DCL Inbound,Union,42
10/17/2018 11:43,WS Outbound-DCL Inbound,Leroy St and Murray IB,891
10/17/2018 11:43,WS Outbound-DCL Inbound,Union,42
10/17/2018 11:43,WS Outbound-DCL Inbound,Union,42
10/17/2018 11:43,WS Outbound-DCL Inbound,Leroy St and Murray IB,891
10/17/2018 11:43,WS Outbound-DCL Inbound,Leroy St and Murray IB,891
10/17/2018 11:43,WS Outbound-DCL Inbound,Leroy St and Murray IB,891
10/17/2018 11:43,WS Outbound-DCL Inbound,Union,42
10/17/2018 11:43,WS Outbound-DCL Inbound,Leroy St and Murray IB,891
10/17/2018 11:43,WS Outbound-DCL Inbound,Leroy St and Murray IB,891
10/17/2018 11:43,WS Outbound-DCL Inbound,Leroy St and Murray IB,891
10/17/2018 11:43,WS Outbound-DCL Inbound,Leroy St and Murray IB,891
10/17/2018 11:44,WS Outbound-DCL Inbound,Union,42
10/17/2018 11:44,WS Outbound-DCL Inbound,Leroy St and Chestnut IB,891
10/17/2018 11:44,WS Outbound-DCL Inbound,Leroy St and Chestnut IB,891
10/17/2018 11:44,WS Outbound-DCL Inbound,Leroy St and Chestnut IB,891
10/17/2018 11:44,WS Outbound-DCL Inbound,Leroy St and Chestnut IB,891
10/17/2018 11:44,WS Outbound-DCL Inbound,Leroy St and Chestnut IB,891
10/17/2018 11:44,WS Outbound-DCL Inbound,Leroy St and Chestnut IB,891
10/17/2018 11:45,WS Outbound-DCL Inbound,Leroy St and Chestnut IB,891
10/17/2018 11:49,WS Outbound-DCL Inbound,Physical Facilities,42
10/17/2018 11:57,WS Outbound-DCL Inbound,Main and Helen OB,42
10/17/2018 11:57,WS Outbound-DCL Inbound,Main and Schiller OB,42
10/17/2018 11:58,WS Outbound-DCL Inbound,Union,891
10/17/2018 11:58,WS Outbound-DCL Inbound,Union,891
10/17/2018 11:58,WS Outbound-DCL Inbound,Union,891
10/17/2018 11:58,WS Outbound-DCL Inbound,Union,21
10/17/2018 11:58,WS Outbound-DCL Inbound,Union,891
10/17/2018 11:58,WS Outbound-DCL Inbound,Union,891
10/17/2018 11:58,WS Outbound-DCL Inbound,Union,21
10/17/2018 11:58,WS Outbound-DCL Inbound,Union,891
10/17/2018 11:58,WS Outbound-DCL Inbound,Union,21
10/17/2018 11:58,WS Outbound-DCL Inbound,Union,21
10/17/2018 11:58,WS Outbound-DCL Inbound,Union,891
10/17/2018 11:58,WS Outbound-DCL Inbound,Union,891
10/17/2018 11:58,WS Outbound-DCL Inbound,Union,21
10/17/2018 11:58,WS Outbound-DCL Inbound,Union,891
10/17/2018 11:58,WS Outbound-DCL Inbound,Union,21
10/17/2018 11:58,WS Outbound-DCL Inbound,Union,21
10/17/2018 11:58,WS Outbound-DCL Inbound,Union,891
10/17/2018 11:58,WS Outbound-DCL Inbound,Union,891
10/17/2018 11:58,WS Outbound-DCL Inbound,Union,21
10/17/2018 11:58,WS Outbound-DCL Inbound,Union,21
10/17/2018 11:58,WS Outbound-DCL Inbound,Union,891
10/17/2018 11:58,WS Outbound-DCL Inbound,Union,891
10/17/2018 11:58,WS Outbound-DCL Inbound,Union,21
10/17/2018 11:59,WS Outbound-DCL Inbound,Union,891
10/17/2018 11:59,WS Outbound-DCL Inbound,Union,21
10/17/2018 11:59,WS Outbound-DCL Inbound,Union,891
10/17/2018 11:59,WS Outbound-DCL Inbound,Union,21
10/17/2018 11:59,WS Outbound-DCL Inbound,Union,891
10/17/2018 11:59,WS Outbound-DCL Inbound,Union,21
10/17/2018 11:59,WS Outbound-DCL Inbound,Union,21
10/17/2018 11:59,WS Outbound-DCL Inbound,Union,891
10/17/2018 11:59,WS Outbound-DCL Inbound,Union,21
10/17/2018 11:59,WS Outbound-DCL Inbound,Union,21
10/17/2018 11:59,WS Outbound-DCL Inbound,Union,21
10/17/2018 11:59,WS Outbound-DCL Inbound,Union,21
10/17/2018 11:59,WS Outbound-DCL Inbound,Union,21
10/17/2018 11:59,WS Outbound-DCL Inbound,Union,21
10/17/2018 11:59,WS Outbound-DCL Inbound,Union,891
10/17/2018 11:59,WS Outbound-DCL Inbound,Union,891
10/17/2018 11:59,WS Outbound-DCL Inbound,Union,21
10/17/2018 12:00,WS Outbound-DCL Inbound,Union,21
10/17/2018 12:03,WS Outbound-DCL Inbound,Physical Facilities,21
10/17/2018 12:06,WS Outbound-DCL Inbound,UDC,42
10/17/2018 12:06,WS Outbound-DCL Inbound,UDC,42
10/17/2018 12:07,WS Outbound-DCL Inbound,UDC,42
10/17/2018 12:09,WS Outbound-DCL Inbound,UDC,42
10/17/2018 12:12,WS Outbound-DCL Inbound,Leroy St and Murray OB,42
10/17/2018 12:13,WS Outbound-DCL Inbound,Leroy St and Murray OB,42
10/17/2018 12:13,WS Outbound-DCL Inbound,Leroy St and Murray OB,42
10/17/2018 12:13,WS Outbound-DCL Inbound,Leroy St and Murray OB,42
10/17/2018 12:13,WS Outbound-DCL Inbound,Leroy St and Murray OB,42
10/17/2018 12:13,WS Outbound-DCL Inbound,Leroy St and Murray OB,42
10/17/2018 12:13,WS Outbound-DCL Inbound,Leroy St and Murray OB,42
10/17/2018 12:13,WS Outbound-DCL Inbound,Union,526
10/17/2018 12:14,WS Outbound-DCL Inbound,Union,526
10/17/2018 12:14,WS Outbound-DCL Inbound,Union,526
10/17/2018 12:14,WS Outbound-DCL Inbound,Union,526
10/17/2018 12:14,WS Outbound-DCL Inbound,Union,526
10/17/2018 12:14,WS Outbound-DCL Inbound,Union,526
10/17/2018 12:14,WS Outbound-DCL Inbound,Union,526
10/17/2018 12:14,WS Outbound-DCL Inbound,Union,526
10/17/2018 12:14,WS Outbound-DCL Inbound,Union,526
10/17/2018 12:14,WS Outbound-DCL Inbound,Union,526
10/17/2018 12:14,WS Outbound-DCL Inbound,Union,526
10/17/2018 12:14,WS Outbound-DCL Inbound,Union,526
10/17/2018 12:14,WS Outbound-DCL Inbound,Union,526
10/17/2018 12:14,WS Outbound-DCL Inbound,Leroy St and Chestnut OB,42
10/17/2018 12:14,WS Outbound-DCL Inbound,Leroy St and Chestnut OB,42
10/17/2018 12:14,WS Outbound-DCL Inbound,Leroy St and Chestnut OB,42
10/17/2018 12:14,WS Outbound-DCL Inbound,Leroy St and Chestnut OB,42
10/17/2018 12:14,WS Outbound-DCL Inbound,Leroy St and Chestnut OB,42
10/17/2018 12:14,WS Outbound-DCL Inbound,Union,526
10/17/2018 12:14,WS Outbound-DCL Inbound,Main and Helen OB,21
10/17/2018 12:15,WS Outbound-DCL Inbound,Union,526
10/17/2018 12:22,WS Outbound-DCL Inbound,UDC,21
10/17/2018 12:22,WS Outbound-DCL Inbound,UDC,21
10/17/2018 12:22,WS Outbound-DCL Inbound,UDC,21
10/17/2018 12:22,WS Outbound-DCL Inbound,UDC,21
10/17/2018 12:22,WS Outbound-DCL Inbound,UDC,21
10/17/2018 12:22,WS Outbound-DCL Inbound,UDC,21
10/17/2018 12:22,WS Outbound-DCL Inbound,UDC,21
10/17/2018 12:22,WS Outbound-DCL Inbound,UDC,21
10/17/2018 12:22,WS Outbound-DCL Inbound,UDC,21
10/17/2018 12:22,WS Outbound-DCL Inbound,UDC,21
10/17/2018 12:23,WS Outbound-DCL Inbound,UDC,21
10/17/2018 12:23,WS Outbound-DCL Inbound,UDC,21
10/17/2018 12:23,WS Outbound-DCL Inbound,UDC,21
10/17/2018 12:23,WS Outbound-DCL Inbound,UDC,21
10/17/2018 12:23,WS Outbound-DCL Inbound,UDC,21
10/17/2018 12:23,WS Outbound-DCL Inbound,UDC,21
10/17/2018 12:23,WS Outbound-DCL Inbound,UDC,21
10/17/2018 12:24,WS Outbound-DCL Inbound,UDC,21
10/17/2018 12:25,WS Outbound-DCL Inbound,UDC,21
10/17/2018 12:25,WS Outbound-DCL Inbound,UDC,21
10/17/2018 12:25,WS Outbound-DCL Inbound,UDC,21
10/17/2018 12:25,WS Outbound-DCL Inbound,UDC,21
10/17/2018 12:25,WS Outbound-DCL Inbound,UDC,21
10/17/2018 12:27,WS Outbound-DCL Inbound,Union,42
10/17/2018 12:27,WS Outbound-DCL Inbound,Union,42
10/17/2018 12:27,WS Outbound-DCL Inbound,Union,42
10/17/2018 12:27,WS Outbound-DCL Inbound,Union,42
10/17/2018 12:27,WS Outbound-DCL Inbound,Union,42
10/17/2018 12:28,WS Outbound-DCL Inbound,Leroy St and Murray IB,21
10/17/2018 12:28,WS Outbound-DCL Inbound,Leroy St and Murray IB,21
10/17/2018 12:29,WS Outbound-DCL Inbound,Leroy St and Chestnut OB,21
10/17/2018 12:29,WS Outbound-DCL Inbound,Leroy St and Chestnut OB,21
10/17/2018 12:30,WS Outbound-DCL Inbound,Beethoven and Leroy,21
10/17/2018 12:41,WS Outbound-DCL Inbound,Union,891
10/17/2018 12:41,WS Outbound-DCL Inbound,Union,891
10/17/2018 12:41,WS Outbound-DCL Inbound,Union,891
10/17/2018 12:41,WS Outbound-DCL Inbound,Union,891
10/17/2018 12:41,WS Outbound-DCL Inbound,Union,891
10/17/2018 12:41,WS Outbound-DCL Inbound,Union,891
10/17/2018 12:41,WS Outbound-DCL Inbound,Union,891
10/17/2018 12:41,WS Outbound-DCL Inbound,Union,891
10/17/2018 12:41,WS Outbound-DCL Inbound,Union,891
10/17/2018 12:42,WS Outbound-DCL Inbound,Union,891
10/17/2018 12:42,WS Outbound-DCL Inbound,Union,891
10/17/2018 12:42,WS Outbound-DCL Inbound,Union,891
10/17/2018 12:42,WS Outbound-DCL Inbound,Union,891
10/17/2018 12:42,WS Outbound-DCL Inbound,UDC,526
10/17/2018 12:44,WS Outbound-DCL Inbound,Union,891
10/17/2018 12:45,WS Outbound-DCL Inbound,Leroy St and Front,526
10/17/2018 12:45,WS Outbound-DCL Inbound,Leroy St and Front,526
10/17/2018 12:45,WS Outbound-DCL Inbound,Leroy St and Front,526
10/17/2018 12:45,WS Outbound-DCL Inbound,Leroy St and Murray IB,526
10/17/2018 12:45,WS Outbound-DCL Inbound,Leroy St and Murray IB,526
10/17/2018 12:46,WS Outbound-DCL Inbound,Leroy St and Murray IB,526
10/17/2018 12:46,WS Outbound-DCL Inbound,Leroy St and Murray IB,526
10/17/2018 12:46,WS Outbound-DCL Inbound,Leroy St and Murray IB,526
10/17/2018 12:46,WS Outbound-DCL Inbound,Leroy St and Murray IB,526
10/17/2018 12:46,WS Outbound-DCL Inbound,Leroy St and Murray IB,526
10/17/2018 12:46,WS Outbound-DCL Inbound,Leroy St and Murray IB,526
10/17/2018 12:46,WS Outbound-DCL Inbound,Leroy St and Murray IB,526
10/17/2018 12:46,WS Outbound-DCL Inbound,Leroy St and Murray IB,526
10/17/2018 12:46,WS Outbound-DCL Inbound,Leroy St and Murray IB,526
10/17/2018 12:46,WS Outbound-DCL Inbound,Leroy St and Murray IB,526
10/17/2018 12:46,WS Outbound-DCL Inbound,Leroy St and Murray IB,526
10/17/2018 12:46,WS Outbound-DCL Inbound,Leroy St and Murray IB,526
10/17/2018 12:46,WS Outbound-DCL Inbound,Leroy St and Murray IB,526
10/17/2018 12:46,WS Outbound-DCL Inbound,Leroy St and Murray IB,526
10/17/2018 12:46,WS Outbound-DCL Inbound,Leroy St and Murray IB,526
10/17/2018 12:46,WS Outbound-DCL Inbound,Leroy St and Murray IB,526
10/17/2018 12:46,WS Outbound-DCL Inbound,Leroy St and Murray IB,526
10/17/2018 12:46,WS Outbound-DCL Inbound,Leroy St and Murray IB,526
10/17/2018 12:47,WS Outbound-DCL Inbound,Leroy St and Chestnut IB,526
10/17/2018 12:47,WS Outbound-DCL Inbound,Leroy St and Chestnut IB,526
10/17/2018 12:47,WS Outbound-DCL Inbound,Leroy St and Chestnut IB,526
10/17/2018 12:47,WS Outbound-DCL Inbound,Leroy St and Chestnut IB,526
10/17/2018 12:47,WS Outbound-DCL Inbound,Leroy St and Chestnut IB,526
10/17/2018 12:47,WS Outbound-DCL Inbound,Leroy St and Chestnut IB,526
10/17/2018 12:47,WS Outbound-DCL Inbound,Leroy St and Chestnut IB,526
10/17/2018 12:47,WS Outbound-DCL Inbound,Leroy St and Chestnut IB,526
10/17/2018 12:47,WS Outbound-DCL Inbound,Leroy St and Chestnut IB,526
10/17/2018 12:47,WS Outbound-DCL Inbound,Leroy St and Chestnut IB,526
10/17/2018 12:47,WS Outbound-DCL Inbound,Leroy St and Chestnut IB,526
10/17/2018 12:47,WS Outbound-DCL Inbound,Leroy St and Chestnut IB,526
10/17/2018 12:47,WS Outbound-DCL Inbound,Leroy St and Chestnut IB,526
10/17/2018 12:48,WS Outbound-DCL Inbound,Leroy St and Chestnut OB,526
10/17/2018 12:49,WS Outbound-DCL Inbound,Beethoven and Leroy,526
10/17/2018 12:49,WS Outbound-DCL Inbound,Beethoven and Leroy,526
10/17/2018 12:51,WS Outbound-DCL Inbound,Floral and Harrison IB,891
10/17/2018 12:52,WS Outbound-DCL Inbound,Riverside and Columbus,526
10/17/2018 12:53,WS Outbound-DCL Inbound,Floral and Cleveland IB,891
10/17/2018 12:57,WS Outbound-DCL Inbound,Main and Cedar OB,891
10/17/2018 13:08,WS Outbound-DCL Inbound,Union,43
10/17/2018 13:08,WS Outbound-DCL Inbound,Union,43
10/17/2018 13:08,WS Outbound-DCL Inbound,Union,43
10/17/2018 13:08,WS Outbound-DCL Inbound,Union,43
10/17/2018 13:08,WS Outbound-DCL Inbound,Union,43
10/17/2018 13:08,WS Outbound-DCL Inbound,Union,43
10/17/2018 13:08,WS Outbound-DCL Inbound,Union,43
10/17/2018 13:08,WS Outbound-DCL Inbound,Union,43
10/17/2018 13:08,WS Outbound-DCL Inbound,Union,43
10/17/2018 13:08,WS Outbound-DCL Inbound,Union,43
10/17/2018 13:08,WS Outbound-DCL Inbound,Union,43
10/17/2018 13:08,WS Outbound-DCL Inbound,Union,43
10/17/2018 13:08,WS Outbound-DCL Inbound,Union,43
10/17/2018 13:08,WS Outbound-DCL Inbound,Union,43
10/17/2018 13:08,WS Outbound-DCL Inbound,Union,43
10/17/2018 13:08,WS Outbound-DCL Inbound,Union,43
10/17/2018 13:08,WS Outbound-DCL Inbound,Union,43
10/17/2018 13:08,WS Outbound-DCL Inbound,Union,43
10/17/2018 13:08,WS Outbound-DCL Inbound,Union,43
10/17/2018 13:08,WS Outbound-DCL Inbound,Union,43
10/17/2018 13:11,WS Outbound-DCL Inbound,Physical Facilities OB,43
10/17/2018 13:11,WS Outbound-DCL Inbound,Physical Facilities OB,43
10/17/2018 13:13,WS Outbound-DCL Inbound,Union,42
10/17/2018 13:13,WS Outbound-DCL Inbound,Union,42
10/17/2018 13:13,WS Outbound-DCL Inbound,Union,42
10/17/2018 13:13,WS Outbound-DCL Inbound,Union,42
10/17/2018 13:13,WS Outbound-DCL Inbound,Union,42
10/17/2018 13:13,WS Outbound-DCL Inbound,Union,42
10/17/2018 13:13,WS Outbound-DCL Inbound,Union,42
10/17/2018 13:13,WS Outbound-DCL Inbound,Union,42
10/17/2018 13:13,WS Outbound-DCL Inbound,Union,42
10/17/2018 13:13,WS Outbound-DCL Inbound,Union,42
10/17/2018 13:14,WS Outbound-DCL Inbound,Union,42
10/17/2018 13:14,WS Outbound-DCL Inbound,Union,42
10/17/2018 13:14,WS Outbound-DCL Inbound,Union,42
10/17/2018 13:14,WS Outbound-DCL Inbound,Union,42
10/17/2018 13:14,WS Outbound-DCL Inbound,Union,42
10/17/2018 13:14,WS Outbound-DCL Inbound,Union,42
10/17/2018 13:14,WS Outbound-DCL Inbound,Union,42
10/17/2018 13:14,WS Outbound-DCL Inbound,Leroy St and Murray IB,891
10/17/2018 13:14,WS Outbound-DCL Inbound,Leroy St and Murray IB,891
10/17/2018 13:14,WS Outbound-DCL Inbound,Leroy St and Murray IB,891
10/17/2018 13:14,WS Outbound-DCL Inbound,Leroy St and Murray IB,891
10/17/2018 13:14,WS Outbound-DCL Inbound,Leroy St and Murray IB,891
10/17/2018 13:14,WS Outbound-DCL Inbound,Leroy St and Murray IB,891
10/17/2018 13:15,WS Outbound-DCL Inbound,Leroy St and Chestnut IB,891
10/17/2018 13:15,WS Outbound-DCL Inbound,Leroy St and Chestnut IB,891
10/17/2018 13:15,WS Outbound-DCL Inbound,Leroy St and Chestnut IB,891
10/17/2018 13:15,WS Outbound-DCL Inbound,Union,42
10/17/2018 13:16,WS Outbound-DCL Inbound,Engineering Bldg,42
10/17/2018 13:18,WS Outbound-DCL Inbound,Riverside and Beethoven,891
10/17/2018 13:18,WS Outbound-DCL Inbound,Physical Facilities OB,42
10/17/2018 13:18,WS Outbound-DCL Inbound,Physical Facilities OB,42
10/17/2018 13:20,WS Outbound-DCL Inbound,Main and Clarke OB,43
10/17/2018 13:23,WS Outbound-DCL Inbound,Main and Arthur,43
10/17/2018 13:23,WS Outbound-DCL Inbound,Main and Arthur,43
10/17/2018 13:23,WS Outbound-DCL Inbound,Main and Arthur,43
10/17/2018 13:23,WS Outbound-DCL Inbound,Main and Arthur,43
10/17/2018 13:28,WS Outbound-DCL Inbound,Main and Helen OB,42
10/17/2018 13:28,WS Outbound-DCL Inbound,Main and Helen OB,42
10/17/2018 13:29,WS Outbound-DCL Inbound,UDC,43
10/17/2018 13:29,WS Outbound-DCL Inbound,UDC,43
10/17/2018 13:29,WS Outbound-DCL Inbound,UDC,43
10/17/2018 13:29,WS Outbound-DCL Inbound,Main and Schiller OB,42
10/17/2018 13:32,WS Outbound-DCL Inbound,Leroy St and Front,43
10/17/2018 13:33,WS Outbound-DCL Inbound,Leroy St and Murray IB,43
10/17/2018 13:33,WS Outbound-DCL Inbound,Leroy St and Murray IB,43
10/17/2018 13:33,WS Outbound-DCL Inbound,Leroy St and Murray IB,43
10/17/2018 13:34,WS Outbound-DCL Inbound,Leroy St and Murray IB,43
10/17/2018 13:34,WS Outbound-DCL Inbound,Leroy St and Murray IB,43
10/17/2018 13:39,WS Outbound-DCL Inbound,UDC,42
10/17/2018 13:39,WS Outbound-DCL Inbound,UDC,42
10/17/2018 13:39,WS Outbound-DCL Inbound,UDC,42
10/17/2018 13:39,WS Outbound-DCL Inbound,UDC,42
10/17/2018 13:43,WS Outbound-DCL Inbound,Union,526
10/17/2018 13:43,WS Outbound-DCL Inbound,Union,526
10/17/2018 13:43,WS Outbound-DCL Inbound,Union,526
10/17/2018 13:43,WS Outbound-DCL Inbound,Union,526
10/17/2018 13:43,WS Outbound-DCL Inbound,Union,526
10/17/2018 13:43,WS Outbound-DCL Inbound,Union,526
10/17/2018 13:43,WS Outbound-DCL Inbound,Union,526
10/17/2018 13:44,WS Outbound-DCL Inbound,Union,526
10/17/2018 13:44,WS Outbound-DCL Inbound,Union,526
10/17/2018 13:44,WS Outbound-DCL Inbound,Leroy St and Front,42
10/17/2018 13:44,WS Outbound-DCL Inbound,Union,526
10/17/2018 13:44,WS Outbound-DCL Inbound,Union,526
10/17/2018 13:45,WS Outbound-DCL Inbound,Leroy St and Murray IB,42
10/17/2018 13:45,WS Outbound-DCL Inbound,Leroy St and Murray IB,42
10/17/2018 13:45,WS Outbound-DCL Inbound,Leroy St and Murray IB,42
10/17/2018 13:45,WS Outbound-DCL Inbound,Leroy St and Murray IB,42
10/17/2018 13:45,WS Outbound-DCL Inbound,Union,526
10/17/2018 13:45,WS Outbound-DCL Inbound,Leroy St and Murray IB,42
10/17/2018 13:45,WS Outbound-DCL Inbound,Leroy St and Murray IB,42
10/17/2018 13:45,WS Outbound-DCL Inbound,Leroy St and Murray IB,42
10/17/2018 13:45,WS Outbound-DCL Inbound,Leroy St and Murray IB,42
10/17/2018 13:45,WS Outbound-DCL Inbound,Leroy St and Murray IB,42
10/17/2018 13:45,WS Outbound-DCL Inbound,Leroy St and Murray IB,42
10/17/2018 13:45,WS Outbound-DCL Inbound,Leroy St and Murray IB,42
10/17/2018 13:45,WS Outbound-DCL Inbound,Leroy St and Murray IB,42
10/17/2018 13:46,WS Outbound-DCL Inbound,Leroy St and Chestnut IB,42
10/17/2018 13:46,WS Outbound-DCL Inbound,Leroy St and Chestnut IB,42
10/17/2018 13:46,WS Outbound-DCL Inbound,Leroy St and Chestnut IB,42
10/17/2018 13:46,WS Outbound-DCL Inbound,Leroy St and Chestnut IB,42
10/17/2018 13:46,WS Outbound-DCL Inbound,Leroy St and Chestnut IB,42
10/17/2018 13:46,WS Outbound-DCL Inbound,Union,526
10/17/2018 13:46,WS Outbound-DCL Inbound,Union,526
10/17/2018 13:47,WS Outbound-DCL Inbound,Leroy St and Laurel IB,42
10/17/2018 13:48,WS Outbound-DCL Inbound,Beethoven and Leroy,42
10/17/2018 13:48,WS Outbound-DCL Inbound,Physical Facilities,526
10/17/2018 13:50,WS Outbound-DCL Inbound,Riverside and Beethoven,42
10/17/2018 14:01,WS Outbound-DCL Inbound,Union,37
10/17/2018 14:01,WS Outbound-DCL Inbound,Union,37
10/17/2018 14:01,WS Outbound-DCL Inbound,Union,37
10/17/2018 14:01,WS Outbound-DCL Inbound,Union,37
10/17/2018 14:01,WS Outbound-DCL Inbound,Union,37
10/17/2018 14:01,WS Outbound-DCL Inbound,Union,37
10/17/2018 14:01,WS Outbound-DCL Inbound,Union,37
10/17/2018 14:01,WS Outbound-DCL Inbound,Union,37
10/17/2018 14:01,WS Outbound-DCL Inbound,Union,37
10/17/2018 14:01,WS Outbound-DCL Inbound,Union,37
10/17/2018 14:01,WS Outbound-DCL Inbound,Union,37
10/17/2018 14:01,WS Outbound-DCL Inbound,Union,37
10/17/2018 14:02,WS Outbound-DCL Inbound,Main and Arthur,526
10/17/2018 14:08,WS Outbound-DCL Inbound,UDC,526
10/17/2018 14:08,WS Outbound-DCL Inbound,UDC,526
10/17/2018 14:13,WS Outbound-DCL Inbound,Main and Helen OB,37
10/17/2018 14:14,WS Outbound-DCL Inbound,Leroy St and Murray IB,526
10/17/2018 14:14,WS Outbound-DCL Inbound,Leroy St and Murray IB,526
10/17/2018 14:14,WS Outbound-DCL Inbound,Leroy St and Murray IB,526
10/17/2018 14:14,WS Outbound-DCL Inbound,Leroy St and Murray IB,526
10/17/2018 14:15,WS Outbound-DCL Inbound,Leroy St and Chestnut IB,526
10/17/2018 14:15,WS Outbound-DCL Inbound,Leroy St and Chestnut IB,526
10/17/2018 14:15,WS Outbound-DCL Inbound,Leroy St and Chestnut IB,526
10/17/2018 14:15,WS Outbound-DCL Inbound,Leroy St and Chestnut IB,526
10/17/2018 14:17,WS Outbound-DCL Inbound,Beethoven and Leroy,526
10/17/2018 14:17,WS Outbound-DCL Inbound,Beethoven and Leroy,526
10/17/2018 14:24,WS Outbound-DCL Inbound,UDC,37
10/17/2018 14:24,WS Outbound-DCL Inbound,Union,21
10/17/2018 14:25,WS Outbound-DCL Inbound,Union,21
10/17/2018 14:25,WS Outbound-DCL Inbound,Union,21
10/17/2018 14:27,WS Outbound-DCL Inbound,Union,21
10/17/2018 14:27,WS Outbound-DCL Inbound,Union,21
10/17/2018 14:27,WS Outbound-DCL Inbound,Union,21
10/17/2018 14:28,WS Outbound-DCL Inbound,Union,21
10/17/2018 14:28,WS Outbound-DCL Inbound,Union,21
10/17/2018 14:28,WS Outbound-DCL Inbound,Union,21
10/17/2018 14:29,WS Outbound-DCL Inbound,Leroy St and Murray IB,37
10/17/2018 14:29,WS Outbound-DCL Inbound,Leroy St and Murray IB,37
10/17/2018 14:29,WS Outbound-DCL Inbound,Union,21
10/17/2018 14:29,WS Outbound-DCL Inbound,Union,21
10/17/2018 14:29,WS Outbound-DCL Inbound,Union,526
10/17/2018 14:29,WS Outbound-DCL Inbound,Union,526
10/17/2018 14:29,WS Outbound-DCL Inbound,Union,526
10/17/2018 14:29,WS Outbound-DCL Inbound,Union,526
10/17/2018 14:29,WS Outbound-DCL Inbound,Union,526
10/17/2018 14:29,WS Outbound-DCL Inbound,Union,526
10/17/2018 14:30,WS Outbound-DCL Inbound,Union,526
10/17/2018 14:30,WS Outbound-DCL Inbound,Union,526
10/17/2018 14:30,WS Outbound-DCL Inbound,Union,21
10/17/2018 14:30,WS Outbound-DCL Inbound,Leroy St and Chestnut IB,37
10/17/2018 14:30,WS Outbound-DCL Inbound,Union,21
10/17/2018 14:30,WS Outbound-DCL Inbound,Leroy St and Chestnut IB,37
10/17/2018 14:30,WS Outbound-DCL Inbound,Leroy St and Chestnut IB,37
10/17/2018 14:30,WS Outbound-DCL Inbound,Union,526
10/17/2018 14:30,WS Outbound-DCL Inbound,Union,526
10/17/2018 14:31,WS Outbound-DCL Inbound,Union,21
10/17/2018 14:31,WS Outbound-DCL Inbound,Union,526
10/17/2018 14:40,WS Outbound-DCL Inbound,Floral and Harrison OB,21
10/17/2018 14:43,WS Outbound-DCL Inbound,Union,43
10/17/2018 14:43,WS Outbound-DCL Inbound,Union,43
10/17/2018 14:43,WS Outbound-DCL Inbound,Union,43
10/17/2018 14:43,WS Outbound-DCL Inbound,Union,43
10/17/2018 14:43,WS Outbound-DCL Inbound,Union,43
10/17/2018 14:43,WS Outbound-DCL Inbound,Union,43
10/17/2018 14:43,WS Outbound-DCL Inbound,Union,43
10/17/2018 14:43,WS Outbound-DCL Inbound,Union,43
10/17/2018 14:43,WS Outbound-DCL Inbound,Union,43
10/17/2018 14:43,WS Outbound-DCL Inbound,Union,43
10/17/2018 14:43,WS Outbound-DCL Inbound,Union,43
10/17/2018 14:44,WS Outbound-DCL Inbound,Union,43
10/17/2018 14:44,WS Outbound-DCL Inbound,Union,43
10/17/2018 14:44,WS Outbound-DCL Inbound,Union,43
10/17/2018 14:44,WS Outbound-DCL Inbound,Union,43
10/17/2018 14:44,WS Outbound-DCL Inbound,Union,43
10/17/2018 14:47,WS Outbound-DCL Inbound,Physical Facilities,43
10/17/2018 14:47,WS Outbound-DCL Inbound,Physical Facilities,43
10/17/2018 14:49,WS Outbound-DCL Inbound,Main and Clarke OB,21
10/17/2018 14:51,WS Outbound-DCL Inbound,Main and Arthur,21
10/17/2018 14:58,WS Outbound-DCL Inbound,UDC,21
10/17/2018 14:58,WS Outbound-DCL Inbound,UDC,21
10/17/2018 14:58,WS Outbound-DCL Inbound,UDC,21
10/17/2018 14:58,WS Outbound-DCL Inbound,UDC,21
10/17/2018 14:58,WS Outbound-DCL Inbound,UDC,21
10/17/2018 14:58,WS Outbound-DCL Inbound,UDC,21
10/17/2018 15:02,WS Outbound-DCL Inbound,Leroy St and Murray OB,21
10/17/2018 15:02,WS Outbound-DCL Inbound,Leroy St and Murray OB,21
10/17/2018 15:02,WS Outbound-DCL Inbound,Leroy St and Murray OB,21
10/17/2018 15:02,WS Outbound-DCL Inbound,Leroy St and Murray OB,21
10/17/2018 15:02,WS Outbound-DCL Inbound,Leroy St and Murray OB,21
10/17/2018 15:02,WS Outbound-DCL Inbound,Leroy St and Murray OB,21
10/17/2018 15:03,WS Outbound-DCL Inbound,Leroy St and Chestnut IB,21
10/17/2018 15:03,WS Outbound-DCL Inbound,Leroy St and Chestnut IB,21
10/17/2018 15:03,WS Outbound-DCL Inbound,Leroy St and Chestnut IB,21
10/17/2018 15:03,WS Outbound-DCL Inbound,Leroy St and Chestnut IB,21
10/17/2018 15:05,WS Outbound-DCL Inbound,Beethoven and Leroy,21
10/17/2018 15:05,WS Outbound-DCL Inbound,UDC,43
10/17/2018 15:09,WS Outbound-DCL Inbound,UDC,43
10/17/2018 15:09,WS Outbound-DCL Inbound,UDC,43
10/17/2018 15:13,WS Outbound-DCL Inbound,Union,526
10/17/2018 15:14,WS Outbound-DCL Inbound,Leroy St and Murray IB,43
10/17/2018 15:14,WS Outbound-DCL Inbound,Union,526
10/17/2018 15:14,WS Outbound-DCL Inbound,Leroy St and Murray IB,43
10/17/2018 15:14,WS Outbound-DCL Inbound,Leroy St and Murray IB,43
10/17/2018 15:14,WS Outbound-DCL Inbound,Leroy St and Murray IB,43
10/17/2018 15:14,WS Outbound-DCL Inbound,Union,526
10/17/2018 15:14,WS Outbound-DCL Inbound,Union,526
10/17/2018 15:14,WS Outbound-DCL Inbound,Union,526
10/17/2018 15:14,WS Outbound-DCL Inbound,Union,526
10/17/2018 15:14,WS Outbound-DCL Inbound,Union,526
10/17/2018 15:14,WS Outbound-DCL Inbound,Union,526
10/17/2018 15:14,WS Outbound-DCL Inbound,Union,526
10/17/2018 15:14,WS Outbound-DCL Inbound,Union,526
10/17/2018 15:14,WS Outbound-DCL Inbound,Union,526
10/17/2018 15:14,WS Outbound-DCL Inbound,Union,526
10/17/2018 15:14,WS Outbound-DCL Inbound,Union,526
10/17/2018 15:14,WS Outbound-DCL Inbound,Union,526
10/17/2018 15:14,WS Outbound-DCL Inbound,Union,526
10/17/2018 15:14,WS Outbound-DCL Inbound,Union,526
10/17/2018 15:14,WS Outbound-DCL Inbound,Union,526
10/17/2018 15:14,WS Outbound-DCL Inbound,Leroy St and Chestnut IB,43
10/17/2018 15:14,WS Outbound-DCL Inbound,Union,526
10/17/2018 15:14,WS Outbound-DCL Inbound,Leroy St and Chestnut IB,43
10/17/2018 15:14,WS Outbound-DCL Inbound,Union,526
10/17/2018 15:14,WS Outbound-DCL Inbound,Union,526
10/17/2018 15:15,WS Outbound-DCL Inbound,Union,526
10/17/2018 15:15,WS Outbound-DCL Inbound,Union,526
10/17/2018 15:15,WS Outbound-DCL Inbound,Union,526
10/17/2018 15:15,WS Outbound-DCL Inbound,Union,526
10/17/2018 15:15,WS Outbound-DCL Inbound,Union,526
10/17/2018 15:15,WS Outbound-DCL Inbound,Leroy St and Laurel IB,43
10/17/2018 15:18,WS Outbound-DCL Inbound,Riverside and Beethoven OB,43
10/17/2018 15:25,WS Outbound-DCL Inbound,Floral and Willow OB,526
10/17/2018 15:27,WS Outbound-DCL Inbound,Union,42
10/17/2018 15:27,WS Outbound-DCL Inbound,Union,42
10/17/2018 15:27,WS Outbound-DCL Inbound,Union,42
10/17/2018 15:27,WS Outbound-DCL Inbound,Union,42
10/17/2018 15:27,WS Outbound-DCL Inbound,Union,42
10/17/2018 15:27,WS Outbound-DCL Inbound,Union,42
10/17/2018 15:27,WS Outbound-DCL Inbound,Union,42
10/17/2018 15:27,WS Outbound-DCL Inbound,Union,42
10/17/2018 15:27,WS Outbound-DCL Inbound,Union,42
10/17/2018 15:27,WS Outbound-DCL Inbound,Union,42
10/17/2018 15:27,WS Outbound-DCL Inbound,Union,42
10/17/2018 15:27,WS Outbound-DCL Inbound,Union,42
10/17/2018 15:27,WS Outbound-DCL Inbound,Union,42
10/17/2018 15:27,WS Outbound-DCL Inbound,Union,42
10/17/2018 15:27,WS Outbound-DCL Inbound,Union,42
10/17/2018 15:27,WS Outbound-DCL Inbound,Union,42
10/17/2018 15:27,WS Outbound-DCL Inbound,Union,42
10/17/2018 15:28,WS Outbound-DCL Inbound,Union,42
10/17/2018 15:28,WS Outbound-DCL Inbound,Union,42
10/17/2018 15:28,WS Outbound-DCL Inbound,Union,42
10/17/2018 15:28,WS Outbound-DCL Inbound,Union,42
10/17/2018 15:28,WS Outbound-DCL Inbound,Union,42
10/17/2018 15:28,WS Outbound-DCL Inbound,Union,42
10/17/2018 15:28,WS Outbound-DCL Inbound,Union,42
10/17/2018 15:28,WS Outbound-DCL Inbound,Union,42
10/17/2018 15:28,WS Outbound-DCL Inbound,Union,42
10/17/2018 15:28,WS Outbound-DCL Inbound,Union,42
10/17/2018 15:28,WS Outbound-DCL Inbound,Union,42
10/17/2018 15:28,WS Outbound-DCL Inbound,Union,42
10/17/2018 15:28,WS Outbound-DCL Inbound,Union,42
10/17/2018 15:29,WS Outbound-DCL Inbound,Union,42
10/17/2018 15:31,WS Outbound-DCL Inbound,Main and Schiller OB,526
10/17/2018 15:32,WS Outbound-DCL Inbound,Physical Facilities,42
10/17/2018 15:34,WS Outbound-DCL Inbound,Main and Murray OB,526
10/17/2018 15:34,WS Outbound-DCL Inbound,Main and Murray OB,526
10/17/2018 15:34,WS Outbound-DCL Inbound,Main and Murray OB,526
10/17/2018 15:36,WS Outbound-DCL Inbound,Hawley OB,526
10/17/2018 15:38,WS Outbound-DCL Inbound,UDC,526
10/17/2018 15:38,WS Outbound-DCL Inbound,UDC,526
10/17/2018 15:38,WS Outbound-DCL Inbound,UDC,526
10/17/2018 15:38,WS Outbound-DCL Inbound,UDC,526
10/17/2018 15:38,WS Outbound-DCL Inbound,UDC,526
10/17/2018 15:39,WS Outbound-DCL Inbound,UDC,526
10/17/2018 15:39,WS Outbound-DCL Inbound,UDC,526
10/17/2018 15:39,WS Outbound-DCL Inbound,UDC,526
10/17/2018 15:39,WS Outbound-DCL Inbound,UDC,526
10/17/2018 15:43,WS Outbound-DCL Inbound,Leroy St and Front,526
10/17/2018 15:43,WS Outbound-DCL Inbound,Leroy St and Front,526
10/17/2018 15:44,WS Outbound-DCL Inbound,Leroy St and Murray IB,526
10/17/2018 15:44,WS Outbound-DCL Inbound,Leroy St and Murray IB,526
10/17/2018 15:44,WS Outbound-DCL Inbound,Leroy St and Murray IB,526
10/17/2018 15:48,WS Outbound-DCL Inbound,Main and Helen OB,42
10/17/2018 15:48,WS Outbound-DCL Inbound,Main and Helen OB,42
10/17/2018 15:56,WS Outbound-DCL Inbound,UDC,42
10/17/2018 15:57,WS Outbound-DCL Inbound,UDC,42
10/17/2018 15:57,WS Outbound-DCL Inbound,UDC,42
10/17/2018 15:57,WS Outbound-DCL Inbound,UDC,42
10/17/2018 15:57,WS Outbound-DCL Inbound,UDC,42
10/17/2018 15:57,WS Outbound-DCL Inbound,UDC,42
10/17/2018 15:57,WS Outbound-DCL Inbound,UDC,42
10/17/2018 15:57,WS Outbound-DCL Inbound,UDC,42
10/17/2018 15:59,WS Outbound-DCL Inbound,Leroy St and Front,42
10/17/2018 15:59,WS Outbound-DCL Inbound,Leroy St and Front,42
10/17/2018 15:59,WS Outbound-DCL Inbound,Leroy St and Front,42
10/17/2018 15:59,WS Outbound-DCL Inbound,Leroy St and Front,42
10/17/2018 15:59,WS Outbound-DCL Inbound,Leroy St and Front,42
10/17/2018 15:59,WS Outbound-DCL Inbound,Leroy St and Front,42
10/17/2018 16:00,WS Outbound-DCL Inbound,Leroy St and Murray IB,42
10/17/2018 16:00,WS Outbound-DCL Inbound,Leroy St and Murray IB,42
10/17/2018 16:00,WS Outbound-DCL Inbound,Leroy St and Murray IB,42
10/17/2018 16:00,WS Outbound-DCL Inbound,Leroy St and Murray IB,42
10/17/2018 16:00,WS Outbound-DCL Inbound,Leroy St and Murray IB,42
10/17/2018 16:00,WS Outbound-DCL Inbound,Leroy St and Murray IB,42
10/17/2018 16:00,WS Outbound-DCL Inbound,Leroy St and Murray IB,42
10/17/2018 16:00,WS Outbound-DCL Inbound,Leroy St and Murray IB,42
10/17/2018 16:00,WS Outbound-DCL Inbound,Leroy St and Murray IB,42
10/17/2018 16:00,WS Outbound-DCL Inbound,Leroy St and Murray IB,42
10/17/2018 16:01,WS Outbound-DCL Inbound,Union,43
10/17/2018 16:01,WS Outbound-DCL Inbound,Union,43
10/17/2018 16:01,WS Outbound-DCL Inbound,Union,43
10/17/2018 16:01,WS Outbound-DCL Inbound,Union,43
10/17/2018 16:01,WS Outbound-DCL Inbound,Union,43
10/17/2018 16:01,WS Outbound-DCL Inbound,Union,43
10/17/2018 16:01,WS Outbound-DCL Inbound,Union,43
10/17/2018 16:01,WS Outbound-DCL Inbound,Union,43
10/17/2018 16:01,WS Outbound-DCL Inbound,Union,43
10/17/2018 16:01,WS Outbound-DCL Inbound,Union,43
10/17/2018 16:01,WS Outbound-DCL Inbound,Union,43
10/17/2018 16:01,WS Outbound-DCL Inbound,Leroy St and Chestnut IB,42
10/17/2018 16:01,WS Outbound-DCL Inbound,Leroy St and Chestnut IB,42
10/17/2018 16:01,WS Outbound-DCL Inbound,Leroy St and Chestnut IB,42
10/17/2018 16:01,WS Outbound-DCL Inbound,Leroy St and Chestnut IB,42
10/17/2018 16:02,WS Outbound-DCL Inbound,Leroy St and Chestnut IB,42
10/17/2018 16:16,WS Outbound-DCL Inbound,Main and Clarke OB,43
10/17/2018 16:16,WS Outbound-DCL Inbound,Main and Clarke OB,43
10/17/2018 16:16,WS Outbound-DCL Inbound,Main and Clarke OB,43
10/17/2018 16:16,WS Outbound-DCL Inbound,Main and Clarke OB,43
10/17/2018 16:16,WS Outbound-DCL Inbound,Union,37
10/17/2018 16:17,WS Outbound-DCL Inbound,Union,37
10/17/2018 16:17,WS Outbound-DCL Inbound,Union,37
10/17/2018 16:17,WS Outbound-DCL Inbound,Union,37
10/17/2018 16:17,WS Outbound-DCL Inbound,Union,37
10/17/2018 16:17,WS Outbound-DCL Inbound,Union,37
10/17/2018 16:17,WS Outbound-DCL Inbound,Union,37
10/17/2018 16:17,WS Outbound-DCL Inbound,Union,37
10/17/2018 16:17,WS Outbound-DCL Inbound,Union,37
10/17/2018 16:17,WS Outbound-DCL Inbound,Union,37
10/17/2018 16:17,WS Outbound-DCL Inbound,Union,37
10/17/2018 16:17,WS Outbound-DCL Inbound,Union,37
10/17/2018 16:18,WS Outbound-DCL Inbound,Main and Arthur,43
10/17/2018 16:19,WS Outbound-DCL Inbound,Physical Facilities OB,37
10/17/2018 16:19,WS Outbound-DCL Inbound,Physical Facilities OB,37
10/17/2018 16:19,WS Outbound-DCL Inbound,Physical Facilities OB,37
10/17/2018 16:23,WS Outbound-DCL Inbound,UDC,43
10/17/2018 16:23,WS Outbound-DCL Inbound,UDC,43
10/17/2018 16:23,WS Outbound-DCL Inbound,UDC,43
10/17/2018 16:24,WS Outbound-DCL Inbound,Union,526
10/17/2018 16:24,WS Outbound-DCL Inbound,Union,526
10/17/2018 16:24,WS Outbound-DCL Inbound,Union,526
10/17/2018 16:24,WS Outbound-DCL Inbound,Union,526
10/17/2018 16:24,WS Outbound-DCL Inbound,Union,526
10/17/2018 16:24,WS Outbound-DCL Inbound,Union,526
10/17/2018 16:24,WS Outbound-DCL Inbound,Union,526
10/17/2018 16:24,WS Outbound-DCL Inbound,Union,526
10/17/2018 16:24,WS Outbound-DCL Inbound,Union,526
10/17/2018 16:24,WS Outbound-DCL Inbound,Union,526
10/17/2018 16:24,WS Outbound-DCL Inbound,Union,526
10/17/2018 16:24,WS Outbound-DCL Inbound,Union,526
10/17/2018 16:24,WS Outbound-DCL Inbound,Union,526
10/17/2018 16:25,WS Outbound-DCL Inbound,Union,526
10/17/2018 16:25,WS Outbound-DCL Inbound,Union,526
10/17/2018 16:25,WS Outbound-DCL Inbound,Union,526
10/17/2018 16:25,WS Outbound-DCL Inbound,Union,526
10/17/2018 16:25,WS Outbound-DCL Inbound,Union,526
10/17/2018 16:25,WS Outbound-DCL Inbound,Union,526
10/17/2018 16:25,WS Outbound-DCL Inbound,Union,526
10/17/2018 16:25,WS Outbound-DCL Inbound,Union,526
10/17/2018 16:25,WS Outbound-DCL Inbound,Union,526
10/17/2018 16:25,WS Outbound-DCL Inbound,Union,526
10/17/2018 16:25,WS Outbound-DCL Inbound,Union,526
10/17/2018 16:25,WS Outbound-DCL Inbound,Union,526
10/17/2018 16:26,WS Outbound-DCL Inbound,Union,526
10/17/2018 16:26,WS Outbound-DCL Inbound,Union,526
10/17/2018 16:26,WS Outbound-DCL Inbound,Union,526
10/17/2018 16:27,WS Outbound-DCL Inbound,Union,526
10/17/2018 16:27,WS Outbound-DCL Inbound,Union,526
10/17/2018 16:27,WS Outbound-DCL Inbound,Union,526
10/17/2018 16:27,WS Outbound-DCL Inbound,Union,526
10/17/2018 16:27,WS Outbound-DCL Inbound,Union,526
10/17/2018 16:27,WS Outbound-DCL Inbound,Union,526
10/17/2018 16:27,WS Outbound-DCL Inbound,Union,526
10/17/2018 16:27,WS Outbound-DCL Inbound,Union,526
10/17/2018 16:28,WS Outbound-DCL Inbound,Union,526
10/17/2018 16:28,WS Outbound-DCL Inbound,Union,526
10/17/2018 16:28,WS Outbound-DCL Inbound,Union,526
10/17/2018 16:29,WS Outbound-DCL Inbound,Union,526
10/17/2018 16:29,WS Outbound-DCL Inbound,Union,526
10/17/2018 16:30,WS Outbound-DCL Inbound,Union,526
10/17/2018 16:30,WS Outbound-DCL Inbound,Union,526
10/17/2018 16:30,WS Outbound-DCL Inbound,Union,526
10/17/2018 16:31,WS Outbound-DCL Inbound,Union,526
10/17/2018 16:31,WS Outbound-DCL Inbound,Main and Cedar OB,37
10/17/2018 16:33,WS Outbound-DCL Inbound,Main and Arthur,37
10/17/2018 16:34,WS Outbound-DCL Inbound,Physical Facilities,526
10/17/2018 16:38,WS Outbound-DCL Inbound,UDC,37
10/17/2018 16:38,WS Outbound-DCL Inbound,UDC,37
10/17/2018 16:38,WS Outbound-DCL Inbound,UDC,37
10/17/2018 16:38,WS Outbound-DCL Inbound,UDC,37
10/17/2018 16:38,WS Outbound-DCL Inbound,UDC,37
10/17/2018 16:40,WS Outbound-DCL Inbound,UDC,37
10/17/2018 16:44,WS Outbound-DCL Inbound,Leroy St and Murray IB,37
10/17/2018 16:44,WS Outbound-DCL Inbound,Leroy St and Murray IB,37
10/17/2018 16:44,WS Outbound-DCL Inbound,Leroy St and Murray IB,37
10/17/2018 16:44,WS Outbound-DCL Inbound,Leroy St and Murray IB,37
10/17/2018 16:44,WS Outbound-DCL Inbound,Leroy St and Murray IB,37
10/17/2018 16:44,WS Outbound-DCL Inbound,Leroy St and Murray IB,37
10/17/2018 16:44,WS Outbound-DCL Inbound,Leroy St and Murray IB,37
10/17/2018 16:44,WS Outbound-DCL Inbound,Leroy St and Murray IB,37
10/17/2018 16:44,WS Outbound-DCL Inbound,Leroy St and Murray IB,37
10/17/2018 16:45,WS Outbound-DCL Inbound,Main and Helen OB,526
10/17/2018 16:45,WS Outbound-DCL Inbound,Leroy St and Chestnut IB,37
10/17/2018 16:45,WS Outbound-DCL Inbound,Leroy St and Chestnut IB,37
10/17/2018 16:45,WS Outbound-DCL Inbound,Leroy St and Chestnut IB,37
10/17/2018 16:45,WS Outbound-DCL Inbound,Leroy St and Chestnut IB,37
10/17/2018 16:45,WS Outbound-DCL Inbound,Leroy St and Chestnut IB,37
10/17/2018 16:46,WS Outbound-DCL Inbound,Main and Schiller OB,526
10/17/2018 16:46,WS Outbound-DCL Inbound,Leroy St and Laurel IB,37
10/17/2018 16:47,WS Outbound-DCL Inbound,Main and Schiller OB,526
10/17/2018 16:48,WS Outbound-DCL Inbound,Main and Clarke OB,526
10/17/2018 16:49,WS Outbound-DCL Inbound,Main and Cedar OB,526
10/17/2018 16:50,WS Outbound-DCL Inbound,Main and Arthur,526
10/17/2018 16:51,WS Outbound-DCL Inbound,Main and Murray OB,526
10/17/2018 17:06,WS Outbound-DCL Inbound,Main and Schiller OB,21
10/17/2018 17:13,WS Outbound-DCL Inbound,Hawley OB,21
10/17/2018 17:14,WS Outbound-DCL Inbound,UDC,21
10/17/2018 17:14,WS Outbound-DCL Inbound,UDC,21
10/17/2018 17:14,WS Outbound-DCL Inbound,UDC,21
10/17/2018 17:15,WS Outbound-DCL Inbound,UDC,21
10/17/2018 17:17,WS Outbound-DCL Inbound,Floral and Burbank OB,889
10/17/2018 17:18,WS Outbound-DCL Inbound,Leroy St and Murray IB,21
10/17/2018 17:18,WS Outbound-DCL Inbound,Leroy St and Murray IB,21
10/17/2018 17:18,WS Outbound-DCL Inbound,Leroy St and Murray IB,21
10/17/2018 17:18,WS Outbound-DCL Inbound,Leroy St and Murray IB,21
10/17/2018 17:19,WS Outbound-DCL Inbound,Leroy St and Murray IB,21
10/17/2018 17:19,WS Outbound-DCL Inbound,Leroy St and Murray IB,21
10/17/2018 17:19,WS Outbound-DCL Inbound,Leroy St and Murray IB,21
10/17/2018 17:19,WS Outbound-DCL Inbound,Leroy St and Murray IB,21
10/17/2018 17:20,WS Outbound-DCL Inbound,Leroy St and Chestnut IB,21
10/17/2018 17:22,WS Outbound-DCL Inbound,Riverside and Beethoven,21
10/17/2018 17:25,WS Outbound-DCL Inbound,Riverside and Columbus IB,21
10/17/2018 17:28,WS Outbound-DCL Inbound,Main and Matthews,891
10/17/2018 17:31,WS Outbound-DCL Inbound,Hawley OB,889
10/17/2018 17:33,WS Outbound-DCL Inbound,Main and Arthur,891
10/17/2018 17:34,WS Outbound-DCL Inbound,Union,37
10/17/2018 17:34,WS Outbound-DCL Inbound,Union,37
10/17/2018 17:34,WS Outbound-DCL Inbound,Union,37
10/17/2018 17:34,WS Outbound-DCL Inbound,Union,37
10/17/2018 17:34,WS Outbound-DCL Inbound,Union,37
10/17/2018 17:34,WS Outbound-DCL Inbound,Union,37
10/17/2018 17:34,WS Outbound-DCL Inbound,Union,37
10/17/2018 17:34,WS Outbound-DCL Inbound,Union,37
10/17/2018 17:34,WS Outbound-DCL Inbound,Union,37
10/17/2018 17:34,WS Outbound-DCL Inbound,Union,37
10/17/2018 17:34,WS Outbound-DCL Inbound,Union,37
10/17/2018 17:34,WS Outbound-DCL Inbound,Union,37
10/17/2018 17:35,WS Outbound-DCL Inbound,Union,37
10/17/2018 17:35,WS Outbound-DCL Inbound,Union,37
10/17/2018 17:35,WS Outbound-DCL Inbound,Union,37
10/17/2018 17:35,WS Outbound-DCL Inbound,Union,37
10/17/2018 17:35,WS Outbound-DCL Inbound,Union,37
10/17/2018 17:35,WS Outbound-DCL Inbound,Union,37
10/17/2018 17:35,WS Outbound-DCL Inbound,Union,37
10/17/2018 17:35,WS Outbound-DCL Inbound,Union,37
10/17/2018 17:35,WS Outbound-DCL Inbound,Union,37
10/17/2018 17:35,WS Outbound-DCL Inbound,Union,37
10/17/2018 17:35,WS Outbound-DCL Inbound,Union,37
10/17/2018 17:36,WS Outbound-DCL Inbound,Union,37
10/17/2018 17:36,WS Outbound-DCL Inbound,Union,37
10/17/2018 17:39,WS Outbound-DCL Inbound,Physical Facilities,37
10/17/2018 17:39,WS Outbound-DCL Inbound,Physical Facilities,37
10/17/2018 17:44,WS Outbound-DCL Inbound,Leroy St and Murray IB,891
10/17/2018 17:44,WS Outbound-DCL Inbound,Leroy St and Murray IB,891
10/17/2018 17:44,WS Outbound-DCL Inbound,Leroy St and Murray IB,891
10/17/2018 17:44,WS Outbound-DCL Inbound,Leroy St and Murray IB,891
10/17/2018 17:44,WS Outbound-DCL Inbound,Leroy St and Murray IB,891
10/17/2018 17:44,WS Outbound-DCL Inbound,Leroy St and Murray IB,891
10/17/2018 17:44,WS Outbound-DCL Inbound,Leroy St and Murray IB,891
10/17/2018 17:44,WS Outbound-DCL Inbound,Leroy St and Murray IB,891
10/17/2018 17:44,WS Outbound-DCL Inbound,Leroy St and Murray IB,891
10/17/2018 17:45,WS Outbound-DCL Inbound,Leroy St and Chestnut IB,891
10/17/2018 17:48,WS Outbound-DCL Inbound,Union,889
10/17/2018 17:48,WS Outbound-DCL Inbound,Union,889
10/17/2018 17:49,WS Outbound-DCL Inbound,Union,889
10/17/2018 17:49,WS Outbound-DCL Inbound,Union,889
10/17/2018 17:49,WS Outbound-DCL Inbound,Union,889
10/17/2018 17:49,WS Outbound-DCL Inbound,Union,889
10/17/2018 17:49,WS Outbound-DCL Inbound,Union,889
10/17/2018 17:49,WS Outbound-DCL Inbound,Union,889
10/17/2018 17:49,WS Outbound-DCL Inbound,Union,889
10/17/2018 17:49,WS Outbound-DCL Inbound,Union,889
10/17/2018 17:49,WS Outbound-DCL Inbound,Union,889
10/17/2018 17:49,WS Outbound-DCL Inbound,Union,889
10/17/2018 17:49,WS Outbound-DCL Inbound,Union,889
10/17/2018 17:49,WS Outbound-DCL Inbound,Union,889
10/17/2018 17:49,WS Outbound-DCL Inbound,Union,889
10/17/2018 17:49,WS Outbound-DCL Inbound,Union,889
10/17/2018 17:49,WS Outbound-DCL Inbound,Union,889
10/17/2018 17:49,WS Outbound-DCL Inbound,Union,889
10/17/2018 17:49,WS Outbound-DCL Inbound,Floral and Harrison IB,37
10/17/2018 17:49,WS Outbound-DCL Inbound,Union,889
10/17/2018 17:50,WS Outbound-DCL Inbound,Union,889
10/17/2018 17:50,WS Outbound-DCL Inbound,Union,889
10/17/2018 17:50,WS Outbound-DCL Inbound,Union,889
10/17/2018 17:51,WS Outbound-DCL Inbound,Riverside and Ethel IB,891
10/17/2018 17:53,WS Outbound-DCL Inbound,Physical Facilities,889
10/17/2018 17:54,WS Outbound-DCL Inbound,Main and Matthews,37
10/17/2018 17:56,WS Outbound-DCL Inbound,Main and Schiller OB,37
10/17/2018 17:56,WS Outbound-DCL Inbound,Main and Schiller OB,37
10/17/2018 17:58,WS Outbound-DCL Inbound,Main and Cedar OB,37
10/17/2018 17:58,WS Outbound-DCL Inbound,Main and Cedar OB,37
10/17/2018 18:03,WS Outbound-DCL Inbound,Union,43
10/17/2018 18:04,WS Outbound-DCL Inbound,Union,43
10/17/2018 18:04,WS Outbound-DCL Inbound,Union,43
10/17/2018 18:04,WS Outbound-DCL Inbound,Union,43
10/17/2018 18:04,WS Outbound-DCL Inbound,Union,43
10/17/2018 18:04,WS Outbound-DCL Inbound,Union,43
10/17/2018 18:04,WS Outbound-DCL Inbound,Union,43
10/17/2018 18:04,WS Outbound-DCL Inbound,Union,43
10/17/2018 18:04,WS Outbound-DCL Inbound,Union,43
10/17/2018 18:04,WS Outbound-DCL Inbound,Union,43
10/17/2018 18:04,WS Outbound-DCL Inbound,Union,43
10/17/2018 18:04,WS Outbound-DCL Inbound,Union,43
10/17/2018 18:04,WS Outbound-DCL Inbound,Union,43
10/17/2018 18:04,WS Outbound-DCL Inbound,Union,43
10/17/2018 18:04,WS Outbound-DCL Inbound,Union,43
10/17/2018 18:04,WS Outbound-DCL Inbound,Union,43
10/17/2018 18:04,WS Outbound-DCL Inbound,Union,43
10/17/2018 18:04,WS Outbound-DCL Inbound,Union,43
10/17/2018 18:04,WS Outbound-DCL Inbound,Union,43
10/17/2018 18:04,WS Outbound-DCL Inbound,Union,43
10/17/2018 18:04,WS Outbound-DCL Inbound,Union,43
10/17/2018 18:04,WS Outbound-DCL Inbound,Union,43
10/17/2018 18:04,WS Outbound-DCL Inbound,Union,43
10/17/2018 18:04,WS Outbound-DCL Inbound,Union,43
10/17/2018 18:04,WS Outbound-DCL Inbound,Union,43
10/17/2018 18:04,WS Outbound-DCL Inbound,Union,43
10/17/2018 18:05,WS Outbound-DCL Inbound,Union,43
10/17/2018 18:05,WS Outbound-DCL Inbound,Union,43
10/17/2018 18:05,WS Outbound-DCL Inbound,Union,43
10/17/2018 18:05,WS Outbound-DCL Inbound,Union,43
10/17/2018 18:05,WS Outbound-DCL Inbound,Union,43
10/17/2018 18:05,WS Outbound-DCL Inbound,Union,43
10/17/2018 18:05,WS Outbound-DCL Inbound,Union,43
10/17/2018 18:13,WS Outbound-DCL Inbound,UDC,889
10/17/2018 18:14,WS Outbound-DCL Inbound,Union,42
10/17/2018 18:14,WS Outbound-DCL Inbound,Union,42
10/17/2018 18:14,WS Outbound-DCL Inbound,Union,42
10/17/2018 18:14,WS Outbound-DCL Inbound,Union,42
10/17/2018 18:14,WS Outbound-DCL Inbound,Union,42
10/17/2018 18:14,WS Outbound-DCL Inbound,Union,42
10/17/2018 18:14,WS Outbound-DCL Inbound,Union,42
10/17/2018 18:14,WS Outbound-DCL Inbound,Union,42
10/17/2018 18:14,WS Outbound-DCL Inbound,Union,42
10/17/2018 18:14,WS Outbound-DCL Inbound,Union,42
10/17/2018 18:14,WS Outbound-DCL Inbound,Union,42
10/17/2018 18:14,WS Outbound-DCL Inbound,Union,42
10/17/2018 18:15,WS Outbound-DCL Inbound,Union,42
10/17/2018 18:15,WS Outbound-DCL Inbound,Union,42
10/17/2018 18:15,WS Outbound-DCL Inbound,Union,42
10/17/2018 18:15,WS Outbound-DCL Inbound,Union,42
10/17/2018 18:15,WS Outbound-DCL Inbound,Union,42
10/17/2018 18:15,WS Outbound-DCL Inbound,Union,42
10/17/2018 18:15,WS Outbound-DCL Inbound,Union,42
10/17/2018 18:15,WS Outbound-DCL Inbound,Union,42
10/17/2018 18:15,WS Outbound-DCL Inbound,Union,42
10/17/2018 18:15,WS Outbound-DCL Inbound,Union,42
10/17/2018 18:15,WS Outbound-DCL Inbound,Union,42
10/17/2018 18:15,WS Outbound-DCL Inbound,Union,42
10/17/2018 18:15,WS Outbound-DCL Inbound,Union,42
10/17/2018 18:15,WS Outbound-DCL Inbound,Union,42
10/17/2018 18:15,WS Outbound-DCL Inbound,Union,42
10/17/2018 18:15,WS Outbound-DCL Inbound,Union,42
10/17/2018 18:15,WS Outbound-DCL Inbound,Union,42
10/17/2018 18:15,WS Outbound-DCL Inbound,Union,42
10/17/2018 18:15,WS Outbound-DCL Inbound,Union,42
10/17/2018 18:15,WS Outbound-DCL Inbound,Union,42
10/17/2018 18:15,WS Outbound-DCL Inbound,Union,42
10/17/2018 18:15,WS Outbound-DCL Inbound,Union,42
10/17/2018 18:15,WS Outbound-DCL Inbound,Union,42
10/17/2018 18:15,WS Outbound-DCL Inbound,Union,42
10/17/2018 18:15,WS Outbound-DCL Inbound,Union,42
10/17/2018 18:15,WS Outbound-DCL Inbound,Union,42
10/17/2018 18:15,WS Outbound-DCL Inbound,Union,42
10/17/2018 18:15,WS Outbound-DCL Inbound,Union,42
10/17/2018 18:16,WS Outbound-DCL Inbound,Union,42
10/17/2018 18:16,WS Outbound-DCL Inbound,Union,42
10/17/2018 18:16,WS Outbound-DCL Inbound,Union,42
10/17/2018 18:16,WS Outbound-DCL Inbound,Union,42
10/17/2018 18:16,WS Outbound-DCL Inbound,Union,42
10/17/2018 18:16,WS Outbound-DCL Inbound,Union,42
10/17/2018 18:16,WS Outbound-DCL Inbound,Union,42
10/17/2018 18:16,WS Outbound-DCL Inbound,Union,42
10/17/2018 18:16,WS Outbound-DCL Inbound,Union,42
10/17/2018 18:16,WS Outbound-DCL Inbound,Union,42
10/17/2018 18:16,WS Outbound-DCL Inbound,Union,42
10/17/2018 18:17,WS Outbound-DCL Inbound,Leroy St and Front,889
10/17/2018 18:18,WS Outbound-DCL Inbound,Physical Facilities,42
10/17/2018 18:18,WS Outbound-DCL Inbound,Leroy St and Murray IB,889
10/17/2018 18:19,WS Outbound-DCL Inbound,Leroy St and Murray IB,889
10/17/2018 18:19,WS Outbound-DCL Inbound,Leroy St and Murray IB,889
10/17/2018 18:19,WS Outbound-DCL Inbound,Leroy St and Murray IB,889
10/17/2018 18:19,WS Outbound-DCL Inbound,Main and Clarke IB,43
10/17/2018 18:20,WS Outbound-DCL Inbound,Leroy St and Chestnut IB,889
10/17/2018 18:20,WS Outbound-DCL Inbound,Leroy St and Chestnut IB,889
10/17/2018 18:20,WS Outbound-DCL Inbound,Leroy St and Chestnut IB,889
10/17/2018 18:25,WS Outbound-DCL Inbound,Hawley OB,43
10/17/2018 18:27,WS Outbound-DCL Inbound,UDC,43
10/17/2018 18:27,WS Outbound-DCL Inbound,UDC,43
10/17/2018 18:27,WS Outbound-DCL Inbound,UDC,43
10/17/2018 18:29,WS Outbound-DCL Inbound,UDC,43
10/17/2018 18:29,WS Outbound-DCL Inbound,UDC,43
10/17/2018 18:29,WS Outbound-DCL Inbound,UDC,43
10/17/2018 18:32,WS Outbound-DCL Inbound,Union,21
10/17/2018 18:32,WS Outbound-DCL Inbound,Union,21
10/17/2018 18:32,WS Outbound-DCL Inbound,Union,21
10/17/2018 18:32,WS Outbound-DCL Inbound,Union,21
10/17/2018 18:32,WS Outbound-DCL Inbound,Union,21
10/17/2018 18:32,WS Outbound-DCL Inbound,Union,21
10/17/2018 18:32,WS Outbound-DCL Inbound,Union,21
10/17/2018 18:32,WS Outbound-DCL Inbound,Union,21
10/17/2018 18:32,WS Outbound-DCL Inbound,Union,21
10/17/2018 18:32,WS Outbound-DCL Inbound,Union,21
10/17/2018 18:32,WS Outbound-DCL Inbound,Union,21
10/17/2018 18:32,WS Outbound-DCL Inbound,Union,21
10/17/2018 18:32,WS Outbound-DCL Inbound,Union,21
10/17/2018 18:32,WS Outbound-DCL Inbound,Union,21
10/17/2018 18:32,WS Outbound-DCL Inbound,Union,21
10/17/2018 18:32,WS Outbound-DCL Inbound,Union,21
10/17/2018 18:32,WS Outbound-DCL Inbound,Union,21
10/17/2018 18:32,WS Outbound-DCL Inbound,Union,21
10/17/2018 18:32,WS Outbound-DCL Inbound,Union,21
10/17/2018 18:32,WS Outbound-DCL Inbound,Union,21
10/17/2018 18:32,WS Outbound-DCL Inbound,Union,21
10/17/2018 18:33,WS Outbound-DCL Inbound,Union,21
10/17/2018 18:33,WS Outbound-DCL Inbound,Union,21
10/17/2018 18:33,WS Outbound-DCL Inbound,Union,21
10/17/2018 18:33,WS Outbound-DCL Inbound,Mohawk,889
10/17/2018 18:33,WS Outbound-DCL Inbound,Union,21
10/17/2018 18:33,WS Outbound-DCL Inbound,Mohawk,889
10/17/2018 18:33,WS Outbound-DCL Inbound,Mohawk,889
10/17/2018 18:33,WS Outbound-DCL Inbound,Mohawk,889
10/17/2018 18:33,WS Outbound-DCL Inbound,Mohawk,889
10/17/2018 18:33,WS Outbound-DCL Inbound,Mohawk,889
10/17/2018 18:33,WS Outbound-DCL Inbound,Mohawk,889
10/17/2018 18:34,WS Outbound-DCL Inbound,Mohawk,889
10/17/2018 18:34,WS Outbound-DCL Inbound,Union,21
10/17/2018 18:34,WS Outbound-DCL Inbound,Mohawk,889
10/17/2018 18:34,WS Outbound-DCL Inbound,Mohawk,889
10/17/2018 18:34,WS Outbound-DCL Inbound,Mohawk,889
10/17/2018 18:34,WS Outbound-DCL Inbound,Union,21
10/17/2018 18:34,WS Outbound-DCL Inbound,Union,21
10/17/2018 18:34,WS Outbound-DCL Inbound,Union,21
10/17/2018 18:35,WS Outbound-DCL Inbound,Union,21
10/17/2018 18:35,WS Outbound-DCL Inbound,Union,21
10/17/2018 18:35,WS Outbound-DCL Inbound,Union,21
10/17/2018 18:35,WS Outbound-DCL Inbound,Union,21
10/17/2018 18:35,WS Outbound-DCL Inbound,Union,21
10/17/2018 18:35,WS Outbound-DCL Inbound,Union,21
10/17/2018 18:36,WS Outbound-DCL Inbound,Newing,889
10/17/2018 18:36,WS Outbound-DCL Inbound,Hawley OB,42
10/17/2018 18:36,WS Outbound-DCL Inbound,Hawley OB,42
10/17/2018 18:36,WS Outbound-DCL Inbound,Hawley OB,42
10/17/2018 18:36,WS Outbound-DCL Inbound,Hawley OB,42
10/17/2018 18:36,WS Outbound-DCL Inbound,Union,21
10/17/2018 18:37,WS Outbound-DCL Inbound,UDC,42
10/17/2018 18:38,WS Outbound-DCL Inbound,East Gym,889
10/17/2018 18:38,WS Outbound-DCL Inbound,UDC,42
10/17/2018 18:39,WS Outbound-DCL Inbound,UDC,42
10/17/2018 18:42,WS Outbound-DCL Inbound,UP,889
10/17/2018 18:42,WS Outbound-DCL Inbound,UP,889
10/17/2018 18:42,WS Outbound-DCL Inbound,UP,889
10/17/2018 18:42,WS Outbound-DCL Inbound,UP,889
10/17/2018 18:42,WS Outbound-DCL Inbound,UP,889
10/17/2018 18:42,WS Outbound-DCL Inbound,UP,889
10/17/2018 18:42,WS Outbound-DCL Inbound,UP,889
10/17/2018 18:42,WS Outbound-DCL Inbound,UP,889
10/17/2018 18:42,WS Outbound-DCL Inbound,UP,889
10/17/2018 18:42,WS Outbound-DCL Inbound,UP,889
10/17/2018 18:43,WS Outbound-DCL Inbound,Union,43
10/17/2018 18:43,WS Outbound-DCL Inbound,Union,43
10/17/2018 18:43,WS Outbound-DCL Inbound,Union,43
10/17/2018 18:43,WS Outbound-DCL Inbound,Union,43
10/17/2018 18:43,WS Outbound-DCL Inbound,Union,43
10/17/2018 18:43,WS Outbound-DCL Inbound,Leroy St and Murray IB,42
10/17/2018 18:43,WS Outbound-DCL Inbound,Union,43
10/17/2018 18:44,WS Outbound-DCL Inbound,Leroy St and Murray IB,42
10/17/2018 18:44,WS Outbound-DCL Inbound,Union,43
10/17/2018 18:44,WS Outbound-DCL Inbound,Leroy St and Murray IB,42
10/17/2018 18:44,WS Outbound-DCL Inbound,Leroy St and Murray IB,42
10/17/2018 18:44,WS Outbound-DCL Inbound,Union,43
10/17/2018 18:44,WS Outbound-DCL Inbound,Leroy St and Murray IB,42
10/17/2018 18:44,WS Outbound-DCL Inbound,Union,43
10/17/2018 18:44,WS Outbound-DCL Inbound,Leroy St and Murray IB,42
10/17/2018 18:44,WS Outbound-DCL Inbound,Union,43
10/17/2018 18:44,WS Outbound-DCL Inbound,Leroy St and Murray IB,42
10/17/2018 18:44,WS Outbound-DCL Inbound,Union,43
10/17/2018 18:44,WS Outbound-DCL Inbound,Leroy St and Murray IB,42
10/17/2018 18:44,WS Outbound-DCL Inbound,Union,43
10/17/2018 18:44,WS Outbound-DCL Inbound,Union,43
10/17/2018 18:45,WS Outbound-DCL Inbound,Leroy St and Chestnut IB,42
10/17/2018 18:45,WS Outbound-DCL Inbound,Union,43
10/17/2018 18:45,WS Outbound-DCL Inbound,Union,43
10/17/2018 18:45,WS Outbound-DCL Inbound,Leroy St and Chestnut IB,42
10/17/2018 18:45,WS Outbound-DCL Inbound,Union,43
10/17/2018 18:45,WS Outbound-DCL Inbound,Union,43
10/17/2018 18:46,WS Outbound-DCL Inbound,Union,43
10/17/2018 18:46,WS Outbound-DCL Inbound,Union,43
10/17/2018 18:46,WS Outbound-DCL Inbound,Union,43
10/17/2018 18:46,WS Outbound-DCL Inbound,Union,43
10/17/2018 18:46,WS Outbound-DCL Inbound,Union,43
10/17/2018 18:46,WS Outbound-DCL Inbound,Union,43
10/17/2018 18:46,WS Outbound-DCL Inbound,Union,43
10/17/2018 18:48,WS Outbound-DCL Inbound,Union,43
10/17/2018 18:48,WS Outbound-DCL Inbound,Union,43
10/17/2018 18:49,WS Outbound-DCL Inbound,Union,43
10/17/2018 18:49,WS Outbound-DCL Inbound,Union,889
10/17/2018 18:49,WS Outbound-DCL Inbound,Union,889
10/17/2018 18:49,WS Outbound-DCL Inbound,Union,889
10/17/2018 18:50,WS Outbound-DCL Inbound,Union,43
10/17/2018 18:50,WS Outbound-DCL Inbound,Union,889
10/17/2018 18:50,WS Outbound-DCL Inbound,Union,889
10/17/2018 18:50,WS Outbound-DCL Inbound,Union,889
10/17/2018 18:50,WS Outbound-DCL Inbound,Union,889
10/17/2018 18:50,WS Outbound-DCL Inbound,Union,889
10/17/2018 18:50,WS Outbound-DCL Inbound,Union,889
10/17/2018 18:50,WS Outbound-DCL Inbound,Union,889
10/17/2018 18:50,WS Outbound-DCL Inbound,Union,889
10/17/2018 18:50,WS Outbound-DCL Inbound,Union,889
10/17/2018 18:50,WS Outbound-DCL Inbound,Union,889
10/17/2018 18:50,WS Outbound-DCL Inbound,Union,889
10/17/2018 18:50,WS Outbound-DCL Inbound,Union,889
10/17/2018 18:51,WS Outbound-DCL Inbound,Main and Clarke OB,21
10/17/2018 18:52,WS Outbound-DCL Inbound,Main and Clarke OB,21
10/17/2018 18:59,WS Outbound-DCL Inbound,Union,526
10/17/2018 18:59,WS Outbound-DCL Inbound,Union,526
10/17/2018 18:59,WS Outbound-DCL Inbound,Union,526
10/17/2018 18:59,WS Outbound-DCL Inbound,Union,526
10/17/2018 18:59,WS Outbound-DCL Inbound,Union,526
10/17/2018 18:59,WS Outbound-DCL Inbound,Union,526
10/17/2018 18:59,WS Outbound-DCL Inbound,Union,526
10/17/2018 18:59,WS Outbound-DCL Inbound,Union,526
10/17/2018 18:59,WS Outbound-DCL Inbound,Union,526
10/17/2018 18:59,WS Outbound-DCL Inbound,Union,526
10/17/2018 18:59,WS Outbound-DCL Inbound,Union,526
10/17/2018 18:59,WS Outbound-DCL Inbound,Union,526
10/17/2018 18:59,WS Outbound-DCL Inbound,Union,526
10/17/2018 18:59,WS Outbound-DCL Inbound,Union,526
10/17/2018 18:59,WS Outbound-DCL Inbound,Union,526
10/17/2018 18:59,WS Outbound-DCL Inbound,Union,526
10/17/2018 19:00,WS Outbound-DCL Inbound,Union,526
10/17/2018 19:00,WS Outbound-DCL Inbound,Union,526
10/17/2018 19:00,WS Outbound-DCL Inbound,Union,526
10/17/2018 19:01,WS Outbound-DCL Inbound,Union,526
10/17/2018 19:01,WS Outbound-DCL Inbound,Union,526
10/17/2018 19:01,WS Outbound-DCL Inbound,Union,526
10/17/2018 19:01,WS Outbound-DCL Inbound,Union,526
10/17/2018 19:02,WS Outbound-DCL Inbound,Union,526
10/17/2018 19:03,WS Outbound-DCL Inbound,Union,526
10/17/2018 19:04,WS Outbound-DCL Inbound,Union,526
10/17/2018 19:04,WS Outbound-DCL Inbound,Union,526
10/17/2018 19:04,WS Outbound-DCL Inbound,Union,526
10/17/2018 19:04,WS Outbound-DCL Inbound,Union,526
10/17/2018 19:05,WS Outbound-DCL Inbound,Union,526
10/17/2018 19:08,WS Outbound-DCL Inbound,Physical Facilities,526
10/17/2018 19:08,WS Outbound-DCL Inbound,Physical Facilities,526
10/17/2018 19:11,WS Outbound-DCL Inbound,UDC IB,889
10/17/2018 19:11,WS Outbound-DCL Inbound,UDC IB,889
10/17/2018 19:12,WS Outbound-DCL Inbound,UDC IB,889
10/17/2018 19:12,WS Outbound-DCL Inbound,UDC IB,889
10/17/2018 19:15,WS Outbound-DCL Inbound,Main and Murray IB,889
10/17/2018 19:15,WS Outbound-DCL Inbound,Main and Murray IB,889
10/17/2018 19:16,WS Outbound-DCL Inbound,Main and Mather,889
10/17/2018 19:17,WS Outbound-DCL Inbound,Leroy St and Murray IB,43
10/17/2018 19:17,WS Outbound-DCL Inbound,Main and Cedar IB,889
10/17/2018 19:18,WS Outbound-DCL Inbound,Main and Schiller OB,526
10/17/2018 19:19,WS Outbound-DCL Inbound,Leroy St and Chestnut IB,43
10/17/2018 19:19,WS Outbound-DCL Inbound,Leroy St and Chestnut IB,43
10/17/2018 19:24,WS Outbound-DCL Inbound,Floral and Roberts OB,889
10/17/2018 19:26,WS Outbound-DCL Inbound,Hawley OB,526
10/17/2018 19:27,WS Outbound-DCL Inbound,UDC,526
10/17/2018 19:27,WS Outbound-DCL Inbound,UDC,526
10/17/2018 19:27,WS Outbound-DCL Inbound,UDC,526
10/17/2018 19:28,WS Outbound-DCL Inbound,UDC,526
10/17/2018 19:29,WS Outbound-DCL Inbound,Union,42
10/17/2018 19:29,WS Outbound-DCL Inbound,Union,42
10/17/2018 19:29,WS Outbound-DCL Inbound,Union,42
10/17/2018 19:29,WS Outbound-DCL Inbound,Union,42
10/17/2018 19:29,WS Outbound-DCL Inbound,Union,42
10/17/2018 19:29,WS Outbound-DCL Inbound,UDC,526
10/17/2018 19:29,WS Outbound-DCL Inbound,Union,42
10/17/2018 19:29,WS Outbound-DCL Inbound,Union,42
10/17/2018 19:29,WS Outbound-DCL Inbound,Union,42
10/17/2018 19:30,WS Outbound-DCL Inbound,Union,42
10/17/2018 19:30,WS Outbound-DCL Inbound,Union,42
10/17/2018 19:30,WS Outbound-DCL Inbound,Union,42
10/17/2018 19:30,WS Outbound-DCL Inbound,Union,42
10/17/2018 19:30,WS Outbound-DCL Inbound,Union,42
10/17/2018 19:30,WS Outbound-DCL Inbound,Union,42
10/17/2018 19:30,WS Outbound-DCL Inbound,Union,42
10/17/2018 19:30,WS Outbound-DCL Inbound,Union,42
10/17/2018 19:30,WS Outbound-DCL Inbound,Union,42
10/17/2018 19:30,WS Outbound-DCL Inbound,Union,42
10/17/2018 19:30,WS Outbound-DCL Inbound,Union,42
10/17/2018 19:30,WS Outbound-DCL Inbound,UDC,526
10/17/2018 19:30,WS Outbound-DCL Inbound,Union,42
10/17/2018 19:30,WS Outbound-DCL Inbound,Union,42
10/17/2018 19:30,WS Outbound-DCL Inbound,Union,42
10/17/2018 19:30,WS Outbound-DCL Inbound,Union,42
10/17/2018 19:30,WS Outbound-DCL Inbound,Union,42
10/17/2018 19:30,WS Outbound-DCL Inbound,Union,42
10/17/2018 19:30,WS Outbound-DCL Inbound,Union,42
10/17/2018 19:30,WS Outbound-DCL Inbound,Union,42
10/17/2018 19:30,WS Outbound-DCL Inbound,Union,42
10/17/2018 19:31,WS Outbound-DCL Inbound,Union,42
10/17/2018 19:31,WS Outbound-DCL Inbound,Union,42
10/17/2018 19:31,WS Outbound-DCL Inbound,Union,42
10/17/2018 19:32,WS Outbound-DCL Inbound,Union,42
10/17/2018 19:32,WS Outbound-DCL Inbound,Union,42
10/17/2018 19:32,WS Outbound-DCL Inbound,Leroy St and Front,526
10/17/2018 19:32,WS Outbound-DCL Inbound,Leroy St and Front,526
10/17/2018 19:32,WS Outbound-DCL Inbound,Union,889
10/17/2018 19:32,WS Outbound-DCL Inbound,Union,42
10/17/2018 19:32,WS Outbound-DCL Inbound,Union,889
10/17/2018 19:32,WS Outbound-DCL Inbound,Union,889
10/17/2018 19:32,WS Outbound-DCL Inbound,Union,889
10/17/2018 19:32,WS Outbound-DCL Inbound,Union,889
10/17/2018 19:32,WS Outbound-DCL Inbound,Union,889
10/17/2018 19:32,WS Outbound-DCL Inbound,Union,42
10/17/2018 19:33,WS Outbound-DCL Inbound,Leroy St and Murray IB,526
10/17/2018 19:33,WS Outbound-DCL Inbound,Union,42
10/17/2018 19:33,WS Outbound-DCL Inbound,Union,42
10/17/2018 19:33,WS Outbound-DCL Inbound,Union,42
10/17/2018 19:33,WS Outbound-DCL Inbound,Union,42
10/17/2018 19:33,WS Outbound-DCL Inbound,Union,42
10/17/2018 19:33,WS Outbound-DCL Inbound,Leroy St and Chestnut IB,526
10/17/2018 19:33,WS Outbound-DCL Inbound,Leroy St and Chestnut IB,526
10/17/2018 19:37,WS Outbound-DCL Inbound,Physical Facilities OB,42
10/17/2018 19:43,WS Outbound-DCL Inbound,Floral and Burbank OB,42
10/17/2018 19:46,WS Outbound-DCL Inbound,Target,889
10/17/2018 19:46,WS Outbound-DCL Inbound,Target,889
10/17/2018 19:46,WS Outbound-DCL Inbound,Target,889
10/17/2018 19:46,WS Outbound-DCL Inbound,Main and Crestmont OB,42
10/17/2018 19:47,WS Outbound-DCL Inbound,Barnes and Noble,889
10/17/2018 19:48,WS Outbound-DCL Inbound,Physical Facilities,21
10/17/2018 19:49,WS Outbound-DCL Inbound,Walmart,889
10/17/2018 19:49,WS Outbound-DCL Inbound,Walmart,889
10/17/2018 19:49,WS Outbound-DCL Inbound,Walmart,889
10/17/2018 19:49,WS Outbound-DCL Inbound,Walmart,889
10/17/2018 19:50,WS Outbound-DCL Inbound,Walmart,889
10/17/2018 19:50,WS Outbound-DCL Inbound,Walmart,889
10/17/2018 19:56,WS Outbound-DCL Inbound,UDC,42
10/17/2018 19:56,WS Outbound-DCL Inbound,UDC,42
10/17/2018 19:56,WS Outbound-DCL Inbound,UDC,42
10/17/2018 19:56,WS Outbound-DCL Inbound,UDC,42
10/17/2018 19:56,WS Outbound-DCL Inbound,UDC,42
10/17/2018 19:56,WS Outbound-DCL Inbound,UDC,42
10/17/2018 19:58,WS Outbound-DCL Inbound,Main and Clarke OB,21
10/17/2018 19:59,WS Outbound-DCL Inbound,Main and Cedar OB,21
10/17/2018 19:59,WS Outbound-DCL Inbound,UDC,42
10/17/2018 19:59,WS Outbound-DCL Inbound,Union,526
10/17/2018 19:59,WS Outbound-DCL Inbound,Union,526
10/17/2018 19:59,WS Outbound-DCL Inbound,Union,526
10/17/2018 19:59,WS Outbound-DCL Inbound,Union,526
10/17/2018 19:59,WS Outbound-DCL Inbound,Union,526
10/17/2018 19:59,WS Outbound-DCL Inbound,Union,526
10/17/2018 19:59,WS Outbound-DCL Inbound,Union,526
