Start Date:10/30/2018 7:00 AM End Date:10/30/2018 8:00 PM,,,
DateTime,CorridorName,StopName,VehicleID
10/30/2018 7:16,WS Outbound-DCL Inbound,Union,43
10/30/2018 7:35,WS Outbound-DCL Inbound,Unknown,43
10/30/2018 7:35,WS Outbound-DCL Inbound,Unknown,43
10/30/2018 7:35,WS Outbound-DCL Inbound,Unknown,43
10/30/2018 7:36,WS Outbound-DCL Inbound,Unknown,43
10/30/2018 7:38,WS Outbound-DCL Inbound,Unknown,43
10/30/2018 7:44,WS Outbound-DCL Inbound,Leroy St and Murray IB,43
10/30/2018 7:44,WS Outbound-DCL Inbound,Leroy St and Murray IB,43
10/30/2018 7:44,WS Outbound-DCL Inbound,Leroy St and Murray IB,43
10/30/2018 7:44,WS Outbound-DCL Inbound,Leroy St and Murray IB,43
10/30/2018 7:44,WS Outbound-DCL Inbound,Leroy St and Murray IB,43
10/30/2018 7:44,WS Outbound-DCL Inbound,Leroy St and Murray IB,43
10/30/2018 7:44,WS Outbound-DCL Inbound,Leroy St and Murray IB,43
10/30/2018 7:44,WS Outbound-DCL Inbound,Leroy St and Murray IB,43
10/30/2018 7:45,WS Outbound-DCL Inbound,Leroy St and Chestnut IB,43
10/30/2018 7:45,WS Outbound-DCL Inbound,Leroy St and Chestnut IB,43
10/30/2018 7:45,WS Outbound-DCL Inbound,Leroy St and Chestnut IB,43
10/30/2018 7:45,WS Outbound-DCL Inbound,Leroy St and Chestnut IB,43
10/30/2018 7:45,WS Outbound-DCL Inbound,Leroy St and Chestnut IB,43
10/30/2018 7:45,WS Outbound-DCL Inbound,Leroy St and Chestnut IB,43
10/30/2018 7:45,WS Outbound-DCL Inbound,Leroy St and Chestnut IB,43
10/30/2018 7:45,WS Outbound-DCL Inbound,Leroy St and Chestnut IB,43
10/30/2018 7:45,WS Outbound-DCL Inbound,Leroy St and Chestnut IB,43
10/30/2018 7:45,WS Outbound-DCL Inbound,Leroy St and Chestnut IB,43
10/30/2018 7:46,WS Outbound-DCL Inbound,Leroy St and Chestnut IB,43
10/30/2018 7:47,WS Outbound-DCL Inbound,Leroy St and Laurel IB,43
10/30/2018 7:47,WS Outbound-DCL Inbound,Leroy St and Laurel IB,43
10/30/2018 7:48,WS Outbound-DCL Inbound,Beethoven and Leroy,43
10/30/2018 7:48,WS Outbound-DCL Inbound,Beethoven and Leroy,43
10/30/2018 7:51,WS Outbound-DCL Inbound,Riverside and Margaret IB,43
10/30/2018 7:56,WS Outbound-DCL Inbound,Unknown,889
10/30/2018 7:56,WS Outbound-DCL Inbound,Unknown,889
10/30/2018 7:56,WS Outbound-DCL Inbound,Unknown,889
10/30/2018 7:56,WS Outbound-DCL Inbound,Unknown,889
10/30/2018 7:56,WS Outbound-DCL Inbound,Unknown,889
10/30/2018 7:59,WS Outbound-DCL Inbound,Leroy St and Front,889
10/30/2018 7:59,WS Outbound-DCL Inbound,Leroy St and Front,889
10/30/2018 8:00,WS Outbound-DCL Inbound,Leroy St and Murray IB,889
10/30/2018 8:00,WS Outbound-DCL Inbound,Leroy St and Murray IB,889
10/30/2018 8:00,WS Outbound-DCL Inbound,Leroy St and Murray IB,889
10/30/2018 8:00,WS Outbound-DCL Inbound,Leroy St and Murray IB,889
10/30/2018 8:00,WS Outbound-DCL Inbound,Leroy St and Murray IB,889
10/30/2018 8:00,WS Outbound-DCL Inbound,Leroy St and Murray IB,889
10/30/2018 8:00,WS Outbound-DCL Inbound,Leroy St and Murray IB,889
10/30/2018 8:00,WS Outbound-DCL Inbound,Leroy St and Murray IB,889
10/30/2018 8:00,WS Outbound-DCL Inbound,Leroy St and Murray IB,889
10/30/2018 8:00,WS Outbound-DCL Inbound,Leroy St and Murray IB,889
10/30/2018 8:00,WS Outbound-DCL Inbound,Leroy St and Murray IB,889
10/30/2018 8:00,WS Outbound-DCL Inbound,Leroy St and Murray IB,889
10/30/2018 8:00,WS Outbound-DCL Inbound,Leroy St and Murray IB,889
10/30/2018 8:00,WS Outbound-DCL Inbound,Leroy St and Murray IB,889
10/30/2018 8:01,WS Outbound-DCL Inbound,Leroy St and Murray IB,889
10/30/2018 8:01,WS Outbound-DCL Inbound,Leroy St and Murray IB,889
10/30/2018 8:01,WS Outbound-DCL Inbound,Leroy St and Murray IB,889
10/30/2018 8:01,WS Outbound-DCL Inbound,Leroy St and Murray IB,889
10/30/2018 8:01,WS Outbound-DCL Inbound,Leroy St and Murray IB,889
10/30/2018 8:01,WS Outbound-DCL Inbound,Leroy St and Murray IB,889
10/30/2018 8:01,WS Outbound-DCL Inbound,Leroy St and Murray IB,889
10/30/2018 8:01,WS Outbound-DCL Inbound,Leroy St and Murray IB,889
10/30/2018 8:01,WS Outbound-DCL Inbound,Leroy St and Murray IB,889
10/30/2018 8:01,WS Outbound-DCL Inbound,Leroy St and Murray IB,889
10/30/2018 8:02,WS Outbound-DCL Inbound,Leroy St and Chestnut IB,889
10/30/2018 8:02,WS Outbound-DCL Inbound,Leroy St and Chestnut IB,889
10/30/2018 8:02,WS Outbound-DCL Inbound,Leroy St and Chestnut IB,889
10/30/2018 8:02,WS Outbound-DCL Inbound,Leroy St and Chestnut IB,889
10/30/2018 8:02,WS Outbound-DCL Inbound,Leroy St and Chestnut IB,889
10/30/2018 8:02,WS Outbound-DCL Inbound,Leroy St and Chestnut IB,889
10/30/2018 8:02,WS Outbound-DCL Inbound,Leroy St and Chestnut IB,889
10/30/2018 8:03,WS Outbound-DCL Inbound,Leroy St and Chestnut IB,889
10/30/2018 8:03,WS Outbound-DCL Inbound,Leroy St and Chestnut IB,889
10/30/2018 8:03,WS Outbound-DCL Inbound,Leroy St and Chestnut IB,889
10/30/2018 8:03,WS Outbound-DCL Inbound,Leroy St and Chestnut IB,889
10/30/2018 8:20,WS Outbound-DCL Inbound,UDC,37
10/30/2018 8:21,WS Outbound-DCL Inbound,UDC,37
10/30/2018 8:21,WS Outbound-DCL Inbound,UDC,37
10/30/2018 8:24,WS Outbound-DCL Inbound,UDC,37
10/30/2018 8:25,WS Outbound-DCL Inbound,UDC,37
10/30/2018 8:25,WS Outbound-DCL Inbound,UDC,37
10/30/2018 8:29,WS Outbound-DCL Inbound,Leroy St and Murray IB,37
10/30/2018 8:29,WS Outbound-DCL Inbound,Leroy St and Murray IB,37
10/30/2018 8:29,WS Outbound-DCL Inbound,Leroy St and Murray IB,37
10/30/2018 8:29,WS Outbound-DCL Inbound,Leroy St and Murray IB,37
10/30/2018 8:29,WS Outbound-DCL Inbound,Leroy St and Murray IB,37
10/30/2018 8:30,WS Outbound-DCL Inbound,Leroy St and Chestnut IB,37
10/30/2018 8:30,WS Outbound-DCL Inbound,Leroy St and Chestnut IB,37
10/30/2018 8:30,WS Outbound-DCL Inbound,Leroy St and Chestnut IB,37
10/30/2018 8:30,WS Outbound-DCL Inbound,Leroy St and Chestnut IB,37
10/30/2018 8:30,WS Outbound-DCL Inbound,Leroy St and Chestnut IB,37
10/30/2018 8:30,WS Outbound-DCL Inbound,Leroy St and Chestnut IB,37
10/30/2018 8:30,WS Outbound-DCL Inbound,Leroy St and Chestnut IB,37
10/30/2018 8:30,WS Outbound-DCL Inbound,Leroy St and Chestnut IB,37
10/30/2018 8:34,WS Outbound-DCL Inbound,Main and Schiller OB,889
10/30/2018 8:35,WS Outbound-DCL Inbound,Unknown,37
10/30/2018 8:37,WS Outbound-DCL Inbound,Main and Murray OB,889
10/30/2018 8:41,WS Outbound-DCL Inbound,Unknown,889
10/30/2018 8:44,WS Outbound-DCL Inbound,Leroy St and Murray IB,889
10/30/2018 8:44,WS Outbound-DCL Inbound,Leroy St and Murray IB,889
10/30/2018 8:44,WS Outbound-DCL Inbound,Leroy St and Murray IB,889
10/30/2018 8:45,WS Outbound-DCL Inbound,Leroy St and Chestnut IB,889
10/30/2018 8:45,WS Outbound-DCL Inbound,Leroy St and Chestnut IB,889
10/30/2018 8:45,WS Outbound-DCL Inbound,Leroy St and Chestnut IB,889
10/30/2018 8:45,WS Outbound-DCL Inbound,Leroy St and Chestnut IB,889
10/30/2018 8:47,WS Outbound-DCL Inbound,Beethoven and Leroy,889
10/30/2018 8:52,WS Outbound-DCL Inbound,Unknown,43
10/30/2018 8:52,WS Outbound-DCL Inbound,Unknown,43
10/30/2018 8:52,WS Outbound-DCL Inbound,Unknown,43
10/30/2018 8:52,WS Outbound-DCL Inbound,Unknown,43
10/30/2018 8:55,WS Outbound-DCL Inbound,Unknown,43
10/30/2018 8:58,WS Outbound-DCL Inbound,Leroy St and Front,43
10/30/2018 8:58,WS Outbound-DCL Inbound,Leroy St and Front,43
10/30/2018 8:59,WS Outbound-DCL Inbound,Leroy St and Murray IB,43
10/30/2018 8:59,WS Outbound-DCL Inbound,Leroy St and Murray IB,43
10/30/2018 8:59,WS Outbound-DCL Inbound,Leroy St and Murray IB,43
10/30/2018 8:59,WS Outbound-DCL Inbound,Leroy St and Murray IB,43
10/30/2018 8:59,WS Outbound-DCL Inbound,Leroy St and Murray IB,43
10/30/2018 9:00,WS Outbound-DCL Inbound,Leroy St and Chestnut IB,43
10/30/2018 9:00,WS Outbound-DCL Inbound,Leroy St and Chestnut IB,43
10/30/2018 9:00,WS Outbound-DCL Inbound,Leroy St and Chestnut IB,43
10/30/2018 9:00,WS Outbound-DCL Inbound,Leroy St and Chestnut IB,43
10/30/2018 9:00,WS Outbound-DCL Inbound,Leroy St and Chestnut IB,43
10/30/2018 9:00,WS Outbound-DCL Inbound,Leroy St and Chestnut IB,43
10/30/2018 9:01,WS Outbound-DCL Inbound,Leroy St and Chestnut IB,43
10/30/2018 9:01,WS Outbound-DCL Inbound,Leroy St and Chestnut IB,43
10/30/2018 9:01,WS Outbound-DCL Inbound,Leroy St and Chestnut IB,43
10/30/2018 9:02,WS Outbound-DCL Inbound,Beethoven and Leroy,43
10/30/2018 9:05,WS Outbound-DCL Inbound,Riverside and Margaret IB,43
10/30/2018 9:28,WS Outbound-DCL Inbound,Leroy St and Front,21
10/30/2018 9:28,WS Outbound-DCL Inbound,Leroy St and Front,21
10/30/2018 9:28,WS Outbound-DCL Inbound,Leroy St and Front,21
10/30/2018 9:29,WS Outbound-DCL Inbound,Leroy St and Murray IB,21
10/30/2018 9:29,WS Outbound-DCL Inbound,Leroy St and Murray IB,21
10/30/2018 9:29,WS Outbound-DCL Inbound,Leroy St and Murray IB,21
10/30/2018 9:29,WS Outbound-DCL Inbound,Leroy St and Murray IB,21
10/30/2018 9:29,WS Outbound-DCL Inbound,Leroy St and Murray IB,21
10/30/2018 9:29,WS Outbound-DCL Inbound,Leroy St and Murray IB,21
10/30/2018 9:29,WS Outbound-DCL Inbound,Leroy St and Murray IB,21
10/30/2018 9:29,WS Outbound-DCL Inbound,Leroy St and Murray IB,21
10/30/2018 9:29,WS Outbound-DCL Inbound,Leroy St and Murray IB,21
10/30/2018 9:29,WS Outbound-DCL Inbound,Leroy St and Murray IB,21
10/30/2018 9:29,WS Outbound-DCL Inbound,Leroy St and Murray IB,21
10/30/2018 9:29,WS Outbound-DCL Inbound,Leroy St and Murray IB,21
10/30/2018 9:29,WS Outbound-DCL Inbound,Leroy St and Murray IB,21
10/30/2018 9:29,WS Outbound-DCL Inbound,Leroy St and Murray IB,21
10/30/2018 9:29,WS Outbound-DCL Inbound,Leroy St and Murray IB,21
10/30/2018 9:30,WS Outbound-DCL Inbound,Leroy St and Murray IB,21
10/30/2018 9:30,WS Outbound-DCL Inbound,Leroy St and Murray IB,21
10/30/2018 9:30,WS Outbound-DCL Inbound,Leroy St and Murray IB,21
10/30/2018 9:30,WS Outbound-DCL Inbound,Leroy St and Chestnut IB,21
10/30/2018 9:30,WS Outbound-DCL Inbound,Leroy St and Chestnut IB,21
10/30/2018 9:30,WS Outbound-DCL Inbound,Leroy St and Chestnut IB,21
10/30/2018 9:30,WS Outbound-DCL Inbound,Leroy St and Chestnut IB,21
10/30/2018 9:31,WS Outbound-DCL Inbound,Leroy St and Chestnut IB,21
10/30/2018 9:31,WS Outbound-DCL Inbound,Leroy St and Chestnut IB,21
10/30/2018 9:31,WS Outbound-DCL Inbound,Leroy St and Chestnut IB,21
10/30/2018 9:31,WS Outbound-DCL Inbound,Leroy St and Chestnut IB,21
10/30/2018 9:31,WS Outbound-DCL Inbound,Leroy St and Chestnut IB,21
10/30/2018 9:31,WS Outbound-DCL Inbound,Leroy St and Chestnut IB,21
10/30/2018 9:31,WS Outbound-DCL Inbound,Leroy St and Chestnut IB,21
10/30/2018 9:31,WS Outbound-DCL Inbound,Leroy St and Chestnut IB,21
10/30/2018 9:33,WS Outbound-DCL Inbound,Riverside and Beethoven,21
10/30/2018 9:34,WS Outbound-DCL Inbound,Hawley OB,41
10/30/2018 9:35,WS Outbound-DCL Inbound,Riverside and Columbus,21
10/30/2018 9:42,WS Outbound-DCL Inbound,Leroy St and Front,41
10/30/2018 9:42,WS Outbound-DCL Inbound,Leroy St and Front,41
10/30/2018 9:42,WS Outbound-DCL Inbound,Leroy St and Front,41
10/30/2018 9:43,WS Outbound-DCL Inbound,Leroy St and Murray IB,41
10/30/2018 9:43,WS Outbound-DCL Inbound,Leroy St and Murray IB,41
10/30/2018 9:43,WS Outbound-DCL Inbound,Leroy St and Murray IB,41
10/30/2018 9:43,WS Outbound-DCL Inbound,Leroy St and Murray IB,41
10/30/2018 9:43,WS Outbound-DCL Inbound,Leroy St and Murray IB,41
10/30/2018 9:43,WS Outbound-DCL Inbound,Leroy St and Murray IB,41
10/30/2018 9:44,WS Outbound-DCL Inbound,Leroy St and Murray IB,41
10/30/2018 9:44,WS Outbound-DCL Inbound,Leroy St and Murray IB,41
10/30/2018 9:44,WS Outbound-DCL Inbound,Leroy St and Murray IB,41
10/30/2018 9:44,WS Outbound-DCL Inbound,Leroy St and Murray IB,41
10/30/2018 9:44,WS Outbound-DCL Inbound,Leroy St and Murray IB,41
10/30/2018 9:44,WS Outbound-DCL Inbound,Leroy St and Murray IB,41
10/30/2018 9:44,WS Outbound-DCL Inbound,Leroy St and Murray IB,41
10/30/2018 9:44,WS Outbound-DCL Inbound,Leroy St and Murray IB,41
10/30/2018 9:44,WS Outbound-DCL Inbound,Leroy St and Murray IB,41
10/30/2018 9:44,WS Outbound-DCL Inbound,Leroy St and Murray IB,41
10/30/2018 9:44,WS Outbound-DCL Inbound,Leroy St and Murray IB,41
10/30/2018 9:44,WS Outbound-DCL Inbound,Leroy St and Murray IB,41
10/30/2018 9:44,WS Outbound-DCL Inbound,Leroy St and Murray IB,41
10/30/2018 9:45,WS Outbound-DCL Inbound,Leroy St and Chestnut IB,41
10/30/2018 9:45,WS Outbound-DCL Inbound,Leroy St and Chestnut IB,41
10/30/2018 9:45,WS Outbound-DCL Inbound,Leroy St and Chestnut IB,41
10/30/2018 9:45,WS Outbound-DCL Inbound,Leroy St and Chestnut IB,41
10/30/2018 9:45,WS Outbound-DCL Inbound,Leroy St and Chestnut IB,41
10/30/2018 9:45,WS Outbound-DCL Inbound,Leroy St and Chestnut IB,41
10/30/2018 9:45,WS Outbound-DCL Inbound,Leroy St and Chestnut IB,41
10/30/2018 9:45,WS Outbound-DCL Inbound,Leroy St and Chestnut IB,41
10/30/2018 9:45,WS Outbound-DCL Inbound,Leroy St and Chestnut IB,41
10/30/2018 9:45,WS Outbound-DCL Inbound,Leroy St and Chestnut IB,41
10/30/2018 9:45,WS Outbound-DCL Inbound,Leroy St and Chestnut IB,41
10/30/2018 9:45,WS Outbound-DCL Inbound,Leroy St and Chestnut IB,41
10/30/2018 9:45,WS Outbound-DCL Inbound,Leroy St and Chestnut IB,41
10/30/2018 9:46,WS Outbound-DCL Inbound,Leroy St and Chestnut IB,41
10/30/2018 9:46,WS Outbound-DCL Inbound,Leroy St and Chestnut IB,41
10/30/2018 9:46,WS Outbound-DCL Inbound,Leroy St and Chestnut IB,41
10/30/2018 9:46,WS Outbound-DCL Inbound,Leroy St and Chestnut IB,41
10/30/2018 9:46,WS Outbound-DCL Inbound,Leroy St and Chestnut IB,41
10/30/2018 9:46,WS Outbound-DCL Inbound,Leroy St and Chestnut IB,41
10/30/2018 9:46,WS Outbound-DCL Inbound,Leroy St and Chestnut IB,41
10/30/2018 9:46,WS Outbound-DCL Inbound,Leroy St and Chestnut IB,41
10/30/2018 9:46,WS Outbound-DCL Inbound,Leroy St and Chestnut IB,41
10/30/2018 9:46,WS Outbound-DCL Inbound,Leroy St and Chestnut IB,41
10/30/2018 9:46,WS Outbound-DCL Inbound,Leroy St and Chestnut IB,41
10/30/2018 9:47,WS Outbound-DCL Inbound,Beethoven and Leroy,41
10/30/2018 9:51,WS Outbound-DCL Inbound,Riverside and Columbus,41
10/30/2018 9:53,WS Outbound-DCL Inbound,Denny's OB,889
10/30/2018 10:04,WS Outbound-DCL Inbound,Union,41
10/30/2018 10:04,WS Outbound-DCL Inbound,Union,41
10/30/2018 10:04,WS Outbound-DCL Inbound,Union,41
10/30/2018 10:04,WS Outbound-DCL Inbound,Union,41
10/30/2018 10:04,WS Outbound-DCL Inbound,Union,41
10/30/2018 10:04,WS Outbound-DCL Inbound,Union,41
10/30/2018 10:04,WS Outbound-DCL Inbound,Union,41
10/30/2018 10:04,WS Outbound-DCL Inbound,Union,41
10/30/2018 10:04,WS Outbound-DCL Inbound,Union,41
10/30/2018 10:04,WS Outbound-DCL Inbound,Union,41
10/30/2018 10:04,WS Outbound-DCL Inbound,Union,41
10/30/2018 10:04,WS Outbound-DCL Inbound,Union,41
10/30/2018 10:04,WS Outbound-DCL Inbound,Union,41
10/30/2018 10:04,WS Outbound-DCL Inbound,Union,41
10/30/2018 10:04,WS Outbound-DCL Inbound,Union,41
10/30/2018 10:04,WS Outbound-DCL Inbound,Union,41
10/30/2018 10:04,WS Outbound-DCL Inbound,Union,41
10/30/2018 10:04,WS Outbound-DCL Inbound,Union,41
10/30/2018 10:05,WS Outbound-DCL Inbound,Union,41
10/30/2018 10:13,WS Outbound-DCL Inbound,Unknown,889
10/30/2018 10:13,WS Outbound-DCL Inbound,Unknown,889
10/30/2018 10:14,WS Outbound-DCL Inbound,Unknown,889
10/30/2018 10:15,WS Outbound-DCL Inbound,UDC,889
10/30/2018 10:16,WS Outbound-DCL Inbound,Union,41
10/30/2018 10:16,WS Outbound-DCL Inbound,Union,41
10/30/2018 10:16,WS Outbound-DCL Inbound,Union,41
10/30/2018 10:16,WS Outbound-DCL Inbound,Union,41
10/30/2018 10:17,WS Outbound-DCL Inbound,Union,41
10/30/2018 10:17,WS Outbound-DCL Inbound,Union,41
10/30/2018 10:17,WS Outbound-DCL Inbound,Union,41
10/30/2018 10:17,WS Outbound-DCL Inbound,Union,41
10/30/2018 10:17,WS Outbound-DCL Inbound,Union,41
10/30/2018 10:17,WS Outbound-DCL Inbound,Union,41
10/30/2018 10:17,WS Outbound-DCL Inbound,Union,41
10/30/2018 10:17,WS Outbound-DCL Inbound,Union,41
10/30/2018 10:17,WS Outbound-DCL Inbound,Union,41
10/30/2018 10:17,WS Outbound-DCL Inbound,Union,41
10/30/2018 10:17,WS Outbound-DCL Inbound,Union,41
10/30/2018 10:17,WS Outbound-DCL Inbound,Union,41
10/30/2018 10:17,WS Outbound-DCL Inbound,Union,41
10/30/2018 10:18,WS Outbound-DCL Inbound,Leroy St and Front,889
10/30/2018 10:18,WS Outbound-DCL Inbound,Leroy St and Front,889
10/30/2018 10:19,WS Outbound-DCL Inbound,Leroy St and Murray IB,889
10/30/2018 10:19,WS Outbound-DCL Inbound,Leroy St and Murray IB,889
10/30/2018 10:19,WS Outbound-DCL Inbound,Leroy St and Murray IB,889
10/30/2018 10:19,WS Outbound-DCL Inbound,Leroy St and Murray IB,889
10/30/2018 10:19,WS Outbound-DCL Inbound,Leroy St and Murray IB,889
10/30/2018 10:20,WS Outbound-DCL Inbound,UDC,890
10/30/2018 10:20,WS Outbound-DCL Inbound,Leroy St and Chestnut IB,889
10/30/2018 10:20,WS Outbound-DCL Inbound,Leroy St and Chestnut IB,889
10/30/2018 10:20,WS Outbound-DCL Inbound,Leroy St and Chestnut IB,889
10/30/2018 10:21,WS Outbound-DCL Inbound,Physical Facilities OB,41
10/30/2018 10:21,WS Outbound-DCL Inbound,UDC,890
10/30/2018 10:22,WS Outbound-DCL Inbound,Denny's OB,41
10/30/2018 10:22,WS Outbound-DCL Inbound,UDC,890
10/30/2018 10:22,WS Outbound-DCL Inbound,UDC,890
10/30/2018 10:27,WS Outbound-DCL Inbound,Leroy St and Murray IB,890
10/30/2018 10:27,WS Outbound-DCL Inbound,Leroy St and Murray IB,890
10/30/2018 10:27,WS Outbound-DCL Inbound,Leroy St and Murray IB,890
10/30/2018 10:28,WS Outbound-DCL Inbound,Leroy St and Chestnut IB,890
10/30/2018 10:31,WS Outbound-DCL Inbound,Main and Schiller OB,41
10/30/2018 10:34,WS Outbound-DCL Inbound,Union,889
10/30/2018 10:34,WS Outbound-DCL Inbound,Union,889
10/30/2018 10:36,WS Outbound-DCL Inbound,Main and Front OB,41
10/30/2018 10:43,WS Outbound-DCL Inbound,Leroy St and Front,41
10/30/2018 10:43,WS Outbound-DCL Inbound,Leroy St and Front,41
10/30/2018 10:43,WS Outbound-DCL Inbound,Leroy St and Front,41
10/30/2018 10:44,WS Outbound-DCL Inbound,Leroy St and Murray IB,41
10/30/2018 10:44,WS Outbound-DCL Inbound,Leroy St and Murray IB,41
10/30/2018 10:45,WS Outbound-DCL Inbound,Leroy St and Chestnut IB,41
10/30/2018 10:45,WS Outbound-DCL Inbound,Leroy St and Chestnut IB,41
10/30/2018 10:45,WS Outbound-DCL Inbound,Leroy St and Chestnut IB,41
10/30/2018 10:45,WS Outbound-DCL Inbound,Union,890
10/30/2018 10:45,WS Outbound-DCL Inbound,Union,890
10/30/2018 10:45,WS Outbound-DCL Inbound,Union,890
10/30/2018 10:46,WS Outbound-DCL Inbound,Union,890
10/30/2018 10:50,WS Outbound-DCL Inbound,Unknown,37
10/30/2018 10:50,WS Outbound-DCL Inbound,Unknown,37
10/30/2018 10:53,WS Outbound-DCL Inbound,Unknown,37
10/30/2018 10:55,WS Outbound-DCL Inbound,UDC,37
10/30/2018 10:57,WS Outbound-DCL Inbound,Main and Helen OB,890
10/30/2018 10:58,WS Outbound-DCL Inbound,Main and Schiller OB,890
10/30/2018 10:58,WS Outbound-DCL Inbound,Union,41
10/30/2018 10:59,WS Outbound-DCL Inbound,Leroy St and Front,37
10/30/2018 10:59,WS Outbound-DCL Inbound,Main and Cedar OB,890
10/30/2018 10:59,WS Outbound-DCL Inbound,Leroy St and Murray IB,37
10/30/2018 10:59,WS Outbound-DCL Inbound,Leroy St and Murray IB,37
10/30/2018 11:00,WS Outbound-DCL Inbound,Leroy St and Murray IB,37
10/30/2018 11:00,WS Outbound-DCL Inbound,Leroy St and Murray IB,37
10/30/2018 11:00,WS Outbound-DCL Inbound,Leroy St and Murray IB,37
10/30/2018 11:00,WS Outbound-DCL Inbound,Leroy St and Murray IB,37
10/30/2018 11:00,WS Outbound-DCL Inbound,Leroy St and Murray IB,37
10/30/2018 11:00,WS Outbound-DCL Inbound,Leroy St and Murray IB,37
10/30/2018 11:00,WS Outbound-DCL Inbound,Leroy St and Murray IB,37
10/30/2018 11:00,WS Outbound-DCL Inbound,Leroy St and Murray IB,37
10/30/2018 11:01,WS Outbound-DCL Inbound,Main and Murray OB,890
10/30/2018 11:01,WS Outbound-DCL Inbound,Leroy St and Chestnut IB,37
10/30/2018 11:01,WS Outbound-DCL Inbound,Leroy St and Chestnut IB,37
10/30/2018 11:05,WS Outbound-DCL Inbound,UDC,890
10/30/2018 11:05,WS Outbound-DCL Inbound,UDC,890
10/30/2018 11:05,WS Outbound-DCL Inbound,UDC,890
10/30/2018 11:06,WS Outbound-DCL Inbound,UDC,890
10/30/2018 11:07,WS Outbound-DCL Inbound,UDC,890
10/30/2018 11:09,WS Outbound-DCL Inbound,UDC,890
10/30/2018 11:09,WS Outbound-DCL Inbound,UDC,890
10/30/2018 11:12,WS Outbound-DCL Inbound,Leroy St and Front,890
10/30/2018 11:12,WS Outbound-DCL Inbound,Leroy St and Front,890
10/30/2018 11:13,WS Outbound-DCL Inbound,Leroy St and Murray IB,890
10/30/2018 11:13,WS Outbound-DCL Inbound,Leroy St and Murray IB,890
10/30/2018 11:13,WS Outbound-DCL Inbound,Leroy St and Murray IB,890
10/30/2018 11:13,WS Outbound-DCL Inbound,Leroy St and Murray IB,890
10/30/2018 11:13,WS Outbound-DCL Inbound,Leroy St and Murray IB,890
10/30/2018 11:13,WS Outbound-DCL Inbound,Leroy St and Murray IB,890
10/30/2018 11:14,WS Outbound-DCL Inbound,Leroy St and Murray IB,890
10/30/2018 11:14,WS Outbound-DCL Inbound,Leroy St and Murray IB,890
10/30/2018 11:14,WS Outbound-DCL Inbound,Leroy St and Murray IB,890
10/30/2018 11:14,WS Outbound-DCL Inbound,Leroy St and Murray IB,890
10/30/2018 11:14,WS Outbound-DCL Inbound,Leroy St and Murray IB,890
10/30/2018 11:14,WS Outbound-DCL Inbound,Leroy St and Murray IB,890
10/30/2018 11:14,WS Outbound-DCL Inbound,Leroy St and Murray IB,890
10/30/2018 11:14,WS Outbound-DCL Inbound,Leroy St and Murray IB,890
10/30/2018 11:14,WS Outbound-DCL Inbound,Leroy St and Murray IB,890
10/30/2018 11:14,WS Outbound-DCL Inbound,Leroy St and Murray IB,890
10/30/2018 11:14,WS Outbound-DCL Inbound,Leroy St and Murray IB,890
10/30/2018 11:14,WS Outbound-DCL Inbound,Leroy St and Murray IB,890
10/30/2018 11:14,WS Outbound-DCL Inbound,Leroy St and Murray IB,890
10/30/2018 11:15,WS Outbound-DCL Inbound,Leroy St and Chestnut IB,890
10/30/2018 11:15,WS Outbound-DCL Inbound,Leroy St and Chestnut IB,890
10/30/2018 11:15,WS Outbound-DCL Inbound,Leroy St and Chestnut IB,890
10/30/2018 11:15,WS Outbound-DCL Inbound,Leroy St and Chestnut IB,890
10/30/2018 11:15,WS Outbound-DCL Inbound,Leroy St and Chestnut IB,890
10/30/2018 11:15,WS Outbound-DCL Inbound,Leroy St and Chestnut IB,890
10/30/2018 11:15,WS Outbound-DCL Inbound,Leroy St and Chestnut IB,890
10/30/2018 11:15,WS Outbound-DCL Inbound,Leroy St and Chestnut IB,890
10/30/2018 11:15,WS Outbound-DCL Inbound,Leroy St and Chestnut IB,890
10/30/2018 11:15,WS Outbound-DCL Inbound,Leroy St and Chestnut IB,890
10/30/2018 11:15,WS Outbound-DCL Inbound,Leroy St and Chestnut IB,890
10/30/2018 11:16,WS Outbound-DCL Inbound,Leroy St and Chestnut IB,890
10/30/2018 11:17,WS Outbound-DCL Inbound,Beethoven and Leroy,890
10/30/2018 11:27,WS Outbound-DCL Inbound,Academic A,890
10/30/2018 11:29,WS Outbound-DCL Inbound,Main and Helen OB,889
10/30/2018 11:38,WS Outbound-DCL Inbound,Unknown,889
10/30/2018 11:39,WS Outbound-DCL Inbound,Unknown,889
10/30/2018 11:39,WS Outbound-DCL Inbound,Unknown,889
10/30/2018 11:42,WS Outbound-DCL Inbound,Union,41
10/30/2018 11:42,WS Outbound-DCL Inbound,Union,41
10/30/2018 11:42,WS Outbound-DCL Inbound,Union,41
10/30/2018 11:42,WS Outbound-DCL Inbound,Union,41
10/30/2018 11:42,WS Outbound-DCL Inbound,Union,41
10/30/2018 11:42,WS Outbound-DCL Inbound,Union,41
10/30/2018 11:43,WS Outbound-DCL Inbound,Union,41
10/30/2018 11:43,WS Outbound-DCL Inbound,Union,41
10/30/2018 11:43,WS Outbound-DCL Inbound,Union,41
10/30/2018 11:43,WS Outbound-DCL Inbound,Union,41
10/30/2018 11:43,WS Outbound-DCL Inbound,Union,41
10/30/2018 11:43,WS Outbound-DCL Inbound,Union,41
10/30/2018 11:43,WS Outbound-DCL Inbound,Union,41
10/30/2018 11:43,WS Outbound-DCL Inbound,Union,41
10/30/2018 11:43,WS Outbound-DCL Inbound,Union,41
10/30/2018 11:43,WS Outbound-DCL Inbound,Union,41
10/30/2018 11:43,WS Outbound-DCL Inbound,Union,41
10/30/2018 11:43,WS Outbound-DCL Inbound,Union,41
10/30/2018 11:43,WS Outbound-DCL Inbound,Union,41
10/30/2018 11:43,WS Outbound-DCL Inbound,Union,41
10/30/2018 11:43,WS Outbound-DCL Inbound,Union,41
10/30/2018 11:43,WS Outbound-DCL Inbound,Union,41
10/30/2018 11:43,WS Outbound-DCL Inbound,Union,41
10/30/2018 11:43,WS Outbound-DCL Inbound,Union,41
10/30/2018 11:43,WS Outbound-DCL Inbound,Union,41
10/30/2018 11:43,WS Outbound-DCL Inbound,Union,41
10/30/2018 11:43,WS Outbound-DCL Inbound,Union,41
10/30/2018 11:43,WS Outbound-DCL Inbound,Union,41
10/30/2018 11:43,WS Outbound-DCL Inbound,Union,41
10/30/2018 11:43,WS Outbound-DCL Inbound,Union,41
10/30/2018 11:43,WS Outbound-DCL Inbound,Union,41
10/30/2018 11:43,WS Outbound-DCL Inbound,Union,41
10/30/2018 11:43,WS Outbound-DCL Inbound,Leroy St and Front,889
10/30/2018 11:43,WS Outbound-DCL Inbound,Leroy St and Front,889
10/30/2018 11:43,WS Outbound-DCL Inbound,Union,41
10/30/2018 11:44,WS Outbound-DCL Inbound,Union,41
10/30/2018 11:44,WS Outbound-DCL Inbound,Union,41
10/30/2018 11:44,WS Outbound-DCL Inbound,Union,41
10/30/2018 11:44,WS Outbound-DCL Inbound,Union,41
10/30/2018 11:45,WS Outbound-DCL Inbound,Leroy St and Murray IB,889
10/30/2018 11:45,WS Outbound-DCL Inbound,Leroy St and Murray IB,889
10/30/2018 11:45,WS Outbound-DCL Inbound,Leroy St and Murray IB,889
10/30/2018 11:45,WS Outbound-DCL Inbound,Union,41
10/30/2018 11:45,WS Outbound-DCL Inbound,Leroy St and Murray IB,889
10/30/2018 11:45,WS Outbound-DCL Inbound,Leroy St and Murray IB,889
10/30/2018 11:45,WS Outbound-DCL Inbound,Leroy St and Chestnut IB,889
10/30/2018 11:47,WS Outbound-DCL Inbound,Union,41
10/30/2018 11:50,WS Outbound-DCL Inbound,Physical Facilities OB,41
10/30/2018 11:55,WS Outbound-DCL Inbound,Union,21
10/30/2018 11:55,WS Outbound-DCL Inbound,Union,21
10/30/2018 11:56,WS Outbound-DCL Inbound,Floral and Ackley,41
10/30/2018 11:59,WS Outbound-DCL Inbound,Union,889
10/30/2018 11:59,WS Outbound-DCL Inbound,Union,889
10/30/2018 11:59,WS Outbound-DCL Inbound,Union,21
10/30/2018 11:59,WS Outbound-DCL Inbound,Union,21
10/30/2018 12:00,WS Outbound-DCL Inbound,Union,21
10/30/2018 12:00,WS Outbound-DCL Inbound,Union,21
10/30/2018 12:01,WS Outbound-DCL Inbound,Union,889
10/30/2018 12:01,WS Outbound-DCL Inbound,Union,889
10/30/2018 12:02,WS Outbound-DCL Inbound,Physical Facilities OB,21
10/30/2018 12:10,WS Outbound-DCL Inbound,UDC,41
10/30/2018 12:12,WS Outbound-DCL Inbound,Leroy St and Front,41
10/30/2018 12:12,WS Outbound-DCL Inbound,Leroy St and Front,41
10/30/2018 12:12,WS Outbound-DCL Inbound,Leroy St and Front,41
10/30/2018 12:13,WS Outbound-DCL Inbound,Leroy St and Murray IB,41
10/30/2018 12:13,WS Outbound-DCL Inbound,Main and Arthur,21
10/30/2018 12:14,WS Outbound-DCL Inbound,Leroy St and Chestnut IB,41
10/30/2018 12:14,WS Outbound-DCL Inbound,Leroy St and Chestnut IB,41
10/30/2018 12:23,WS Outbound-DCL Inbound,UDC,21
10/30/2018 12:24,WS Outbound-DCL Inbound,UDC,21
10/30/2018 12:25,WS Outbound-DCL Inbound,UDC,21
10/30/2018 12:25,WS Outbound-DCL Inbound,UDC,21
10/30/2018 12:26,WS Outbound-DCL Inbound,Union,41
10/30/2018 12:26,WS Outbound-DCL Inbound,Union,41
10/30/2018 12:26,WS Outbound-DCL Inbound,Union,41
10/30/2018 12:26,WS Outbound-DCL Inbound,Union,41
10/30/2018 12:26,WS Outbound-DCL Inbound,Union,41
10/30/2018 12:26,WS Outbound-DCL Inbound,Floral and Main OB,526
10/30/2018 12:27,WS Outbound-DCL Inbound,Union,41
10/30/2018 12:27,WS Outbound-DCL Inbound,Union,41
10/30/2018 12:28,WS Outbound-DCL Inbound,Union,41
10/30/2018 12:29,WS Outbound-DCL Inbound,Leroy St and Murray IB,21
10/30/2018 12:29,WS Outbound-DCL Inbound,Leroy St and Murray IB,21
10/30/2018 12:29,WS Outbound-DCL Inbound,Leroy St and Murray IB,21
10/30/2018 12:29,WS Outbound-DCL Inbound,Leroy St and Murray IB,21
10/30/2018 12:29,WS Outbound-DCL Inbound,Leroy St and Murray IB,21
10/30/2018 12:30,WS Outbound-DCL Inbound,Union,41
10/30/2018 12:30,WS Outbound-DCL Inbound,Leroy St and Chestnut IB,21
10/30/2018 12:30,WS Outbound-DCL Inbound,Leroy St and Chestnut IB,21
10/30/2018 12:30,WS Outbound-DCL Inbound,Leroy St and Chestnut IB,21
10/30/2018 12:30,WS Outbound-DCL Inbound,Leroy St and Chestnut IB,21
10/30/2018 12:30,WS Outbound-DCL Inbound,Leroy St and Chestnut IB,21
10/30/2018 12:30,WS Outbound-DCL Inbound,Leroy St and Chestnut IB,21
10/30/2018 12:30,WS Outbound-DCL Inbound,Leroy St and Chestnut IB,21
10/30/2018 12:30,WS Outbound-DCL Inbound,Leroy St and Chestnut IB,21
10/30/2018 12:30,WS Outbound-DCL Inbound,Leroy St and Chestnut IB,21
10/30/2018 12:30,WS Outbound-DCL Inbound,Leroy St and Chestnut IB,21
10/30/2018 12:30,WS Outbound-DCL Inbound,Leroy St and Chestnut IB,21
10/30/2018 12:31,WS Outbound-DCL Inbound,Main and Arthur,526
10/30/2018 12:34,WS Outbound-DCL Inbound,Riverside and Margaret IB,21
10/30/2018 12:42,WS Outbound-DCL Inbound,Leroy St and Front,526
10/30/2018 12:42,WS Outbound-DCL Inbound,Leroy St and Front,526
10/30/2018 12:42,WS Outbound-DCL Inbound,Leroy St and Front,526
10/30/2018 12:42,WS Outbound-DCL Inbound,Leroy St and Front,526
10/30/2018 12:42,WS Outbound-DCL Inbound,Leroy St and Front,526
10/30/2018 12:42,WS Outbound-DCL Inbound,Leroy St and Front,526
10/30/2018 12:43,WS Outbound-DCL Inbound,Leroy St and Murray IB,526
10/30/2018 12:43,WS Outbound-DCL Inbound,Leroy St and Murray IB,526
10/30/2018 12:43,WS Outbound-DCL Inbound,Leroy St and Murray IB,526
10/30/2018 12:43,WS Outbound-DCL Inbound,Leroy St and Murray IB,526
10/30/2018 12:43,WS Outbound-DCL Inbound,Leroy St and Murray IB,526
10/30/2018 12:43,WS Outbound-DCL Inbound,Leroy St and Murray IB,526
10/30/2018 12:43,WS Outbound-DCL Inbound,Leroy St and Murray IB,526
10/30/2018 12:43,WS Outbound-DCL Inbound,Leroy St and Murray IB,526
10/30/2018 12:43,WS Outbound-DCL Inbound,Leroy St and Murray IB,526
10/30/2018 12:43,WS Outbound-DCL Inbound,Leroy St and Murray IB,526
10/30/2018 12:43,WS Outbound-DCL Inbound,Leroy St and Murray IB,526
10/30/2018 12:43,WS Outbound-DCL Inbound,Leroy St and Murray IB,526
10/30/2018 12:43,WS Outbound-DCL Inbound,Leroy St and Murray IB,526
10/30/2018 12:43,WS Outbound-DCL Inbound,Leroy St and Murray IB,526
10/30/2018 12:43,WS Outbound-DCL Inbound,Leroy St and Murray IB,526
10/30/2018 12:43,WS Outbound-DCL Inbound,Leroy St and Murray IB,526
10/30/2018 12:43,WS Outbound-DCL Inbound,Leroy St and Murray IB,526
10/30/2018 12:43,WS Outbound-DCL Inbound,Leroy St and Murray IB,526
10/30/2018 12:43,WS Outbound-DCL Inbound,Leroy St and Murray IB,526
10/30/2018 12:44,WS Outbound-DCL Inbound,Leroy St and Chestnut IB,526
10/30/2018 12:44,WS Outbound-DCL Inbound,Leroy St and Chestnut IB,526
10/30/2018 12:44,WS Outbound-DCL Inbound,Leroy St and Chestnut IB,526
10/30/2018 12:44,WS Outbound-DCL Inbound,Leroy St and Chestnut IB,526
10/30/2018 12:44,WS Outbound-DCL Inbound,Union,889
10/30/2018 12:44,WS Outbound-DCL Inbound,Leroy St and Chestnut IB,526
10/30/2018 12:44,WS Outbound-DCL Inbound,Union,889
10/30/2018 12:44,WS Outbound-DCL Inbound,Union,889
10/30/2018 12:44,WS Outbound-DCL Inbound,Leroy St and Chestnut IB,526
10/30/2018 12:44,WS Outbound-DCL Inbound,Leroy St and Chestnut IB,526
10/30/2018 12:44,WS Outbound-DCL Inbound,Leroy St and Chestnut IB,526
10/30/2018 12:44,WS Outbound-DCL Inbound,Union,889
10/30/2018 12:45,WS Outbound-DCL Inbound,Leroy St and Chestnut IB,526
10/30/2018 12:45,WS Outbound-DCL Inbound,Union,889
10/30/2018 12:45,WS Outbound-DCL Inbound,Union,889
10/30/2018 12:45,WS Outbound-DCL Inbound,Union,889
10/30/2018 12:45,WS Outbound-DCL Inbound,Union,889
10/30/2018 12:45,WS Outbound-DCL Inbound,Union,889
10/30/2018 12:46,WS Outbound-DCL Inbound,Union,889
10/30/2018 12:50,WS Outbound-DCL Inbound,Riverside and Columbus,526
10/30/2018 12:58,WS Outbound-DCL Inbound,Union,891
10/30/2018 12:58,WS Outbound-DCL Inbound,Union,891
10/30/2018 12:58,WS Outbound-DCL Inbound,Union,891
10/30/2018 12:58,WS Outbound-DCL Inbound,Union,891
10/30/2018 12:58,WS Outbound-DCL Inbound,Union,891
10/30/2018 12:58,WS Outbound-DCL Inbound,Union,891
10/30/2018 12:58,WS Outbound-DCL Inbound,Union,891
10/30/2018 13:03,WS Outbound-DCL Inbound,Physical Facilities OB,891
10/30/2018 13:08,WS Outbound-DCL Inbound,UDC,889
10/30/2018 13:08,WS Outbound-DCL Inbound,UDC,889
10/30/2018 13:09,WS Outbound-DCL Inbound,UDC,889
10/30/2018 13:13,WS Outbound-DCL Inbound,Leroy St and Front,889
10/30/2018 13:14,WS Outbound-DCL Inbound,Leroy St and Murray IB,889
10/30/2018 13:14,WS Outbound-DCL Inbound,Leroy St and Murray IB,889
10/30/2018 13:14,WS Outbound-DCL Inbound,Leroy St and Murray IB,889
10/30/2018 13:15,WS Outbound-DCL Inbound,Leroy St and Chestnut IB,889
10/30/2018 13:15,WS Outbound-DCL Inbound,Leroy St and Chestnut IB,889
10/30/2018 13:17,WS Outbound-DCL Inbound,Main and Arthur,891
10/30/2018 13:17,WS Outbound-DCL Inbound,Beethoven and Leroy,889
10/30/2018 13:21,WS Outbound-DCL Inbound,Hawley OB,891
10/30/2018 13:28,WS Outbound-DCL Inbound,Leroy St and Front,891
10/30/2018 13:29,WS Outbound-DCL Inbound,Leroy St and Murray IB,891
10/30/2018 13:29,WS Outbound-DCL Inbound,Leroy St and Murray IB,891
10/30/2018 13:29,WS Outbound-DCL Inbound,Leroy St and Murray IB,891
10/30/2018 13:30,WS Outbound-DCL Inbound,Leroy St and Chestnut IB,891
10/30/2018 13:42,WS Outbound-DCL Inbound,Union,526
10/30/2018 13:42,WS Outbound-DCL Inbound,Union,526
10/30/2018 13:42,WS Outbound-DCL Inbound,Union,526
10/30/2018 13:42,WS Outbound-DCL Inbound,Union,526
10/30/2018 13:42,WS Outbound-DCL Inbound,Union,526
10/30/2018 13:42,WS Outbound-DCL Inbound,Union,526
10/30/2018 13:42,WS Outbound-DCL Inbound,Union,526
10/30/2018 13:42,WS Outbound-DCL Inbound,Union,526
10/30/2018 13:42,WS Outbound-DCL Inbound,Union,526
10/30/2018 13:42,WS Outbound-DCL Inbound,Union,526
10/30/2018 13:42,WS Outbound-DCL Inbound,Union,526
10/30/2018 13:42,WS Outbound-DCL Inbound,Union,526
10/30/2018 13:42,WS Outbound-DCL Inbound,Union,526
10/30/2018 13:42,WS Outbound-DCL Inbound,Union,526
10/30/2018 13:42,WS Outbound-DCL Inbound,Union,526
10/30/2018 13:42,WS Outbound-DCL Inbound,Union,526
10/30/2018 13:42,WS Outbound-DCL Inbound,Union,526
10/30/2018 13:42,WS Outbound-DCL Inbound,Union,526
10/30/2018 13:42,WS Outbound-DCL Inbound,Union,526
10/30/2018 13:42,WS Outbound-DCL Inbound,Union,526
10/30/2018 13:42,WS Outbound-DCL Inbound,Union,526
10/30/2018 13:42,WS Outbound-DCL Inbound,Union,526
10/30/2018 13:42,WS Outbound-DCL Inbound,Union,526
10/30/2018 13:42,WS Outbound-DCL Inbound,Union,526
10/30/2018 13:42,WS Outbound-DCL Inbound,Union,526
10/30/2018 13:43,WS Outbound-DCL Inbound,Union,526
10/30/2018 13:43,WS Outbound-DCL Inbound,Union,526
10/30/2018 13:43,WS Outbound-DCL Inbound,Union,526
10/30/2018 13:45,WS Outbound-DCL Inbound,Union,526
10/30/2018 13:46,WS Outbound-DCL Inbound,Union,526
10/30/2018 13:49,WS Outbound-DCL Inbound,Physical Facilities OB,526
10/30/2018 13:49,WS Outbound-DCL Inbound,Physical Facilities OB,526
10/30/2018 13:55,WS Outbound-DCL Inbound,Floral and Burbank OB,526
10/30/2018 14:13,WS Outbound-DCL Inbound,Leroy St and Front,526
10/30/2018 14:13,WS Outbound-DCL Inbound,Leroy St and Front,526
10/30/2018 14:13,WS Outbound-DCL Inbound,Leroy St and Front,526
10/30/2018 14:14,WS Outbound-DCL Inbound,Leroy St and Murray IB,526
10/30/2018 14:14,WS Outbound-DCL Inbound,Leroy St and Murray IB,526
10/30/2018 14:14,WS Outbound-DCL Inbound,Leroy St and Murray IB,526
10/30/2018 14:15,WS Outbound-DCL Inbound,Leroy St and Chestnut IB,526
10/30/2018 14:15,WS Outbound-DCL Inbound,Leroy St and Chestnut IB,526
10/30/2018 14:15,WS Outbound-DCL Inbound,Leroy St and Chestnut IB,526
10/30/2018 14:15,WS Outbound-DCL Inbound,Leroy St and Chestnut IB,526
10/30/2018 14:15,WS Outbound-DCL Inbound,Leroy St and Chestnut IB,526
10/30/2018 14:16,WS Outbound-DCL Inbound,Leroy St and Laurel IB,526
10/30/2018 14:26,WS Outbound-DCL Inbound,Academic A,526
10/30/2018 14:26,WS Outbound-DCL Inbound,Union,21
10/30/2018 14:26,WS Outbound-DCL Inbound,Union,21
10/30/2018 14:26,WS Outbound-DCL Inbound,Union,21
10/30/2018 14:26,WS Outbound-DCL Inbound,Union,21
10/30/2018 14:26,WS Outbound-DCL Inbound,Unknown,43
10/30/2018 14:26,WS Outbound-DCL Inbound,Union,21
10/30/2018 14:26,WS Outbound-DCL Inbound,Unknown,43
10/30/2018 14:26,WS Outbound-DCL Inbound,Unknown,43
10/30/2018 14:26,WS Outbound-DCL Inbound,Union,21
10/30/2018 14:26,WS Outbound-DCL Inbound,Union,21
10/30/2018 14:26,WS Outbound-DCL Inbound,Unknown,43
10/30/2018 14:26,WS Outbound-DCL Inbound,Unknown,43
10/30/2018 14:26,WS Outbound-DCL Inbound,Union,21
10/30/2018 14:26,WS Outbound-DCL Inbound,Unknown,43
10/30/2018 14:26,WS Outbound-DCL Inbound,Unknown,43
10/30/2018 14:26,WS Outbound-DCL Inbound,Union,21
10/30/2018 14:26,WS Outbound-DCL Inbound,Union,21
10/30/2018 14:26,WS Outbound-DCL Inbound,Unknown,43
10/30/2018 14:26,WS Outbound-DCL Inbound,Unknown,43
10/30/2018 14:26,WS Outbound-DCL Inbound,Unknown,43
10/30/2018 14:26,WS Outbound-DCL Inbound,Unknown,43
10/30/2018 14:26,WS Outbound-DCL Inbound,Union,21
10/30/2018 14:26,WS Outbound-DCL Inbound,Unknown,43
10/30/2018 14:26,WS Outbound-DCL Inbound,Unknown,43
10/30/2018 14:26,WS Outbound-DCL Inbound,Unknown,43
10/30/2018 14:26,WS Outbound-DCL Inbound,Union,21
10/30/2018 14:27,WS Outbound-DCL Inbound,Union,21
10/30/2018 14:27,WS Outbound-DCL Inbound,Unknown,43
10/30/2018 14:27,WS Outbound-DCL Inbound,Union,21
10/30/2018 14:27,WS Outbound-DCL Inbound,Union,21
10/30/2018 14:27,WS Outbound-DCL Inbound,Union,21
10/30/2018 14:27,WS Outbound-DCL Inbound,Unknown,43
10/30/2018 14:27,WS Outbound-DCL Inbound,Unknown,43
10/30/2018 14:27,WS Outbound-DCL Inbound,Unknown,43
10/30/2018 14:28,WS Outbound-DCL Inbound,Unknown,43
10/30/2018 14:28,WS Outbound-DCL Inbound,Union,21
10/30/2018 14:28,WS Outbound-DCL Inbound,Union,21
10/30/2018 14:28,WS Outbound-DCL Inbound,UDC,43
10/30/2018 14:28,WS Outbound-DCL Inbound,Union,21
10/30/2018 14:28,WS Outbound-DCL Inbound,Union,21
10/30/2018 14:29,WS Outbound-DCL Inbound,Union,21
10/30/2018 14:29,WS Outbound-DCL Inbound,Union,21
10/30/2018 14:30,WS Outbound-DCL Inbound,Leroy St and Front,43
10/30/2018 14:30,WS Outbound-DCL Inbound,Leroy St and Front,43
10/30/2018 14:31,WS Outbound-DCL Inbound,Leroy St and Murray IB,43
10/30/2018 14:31,WS Outbound-DCL Inbound,Leroy St and Murray IB,43
10/30/2018 14:31,WS Outbound-DCL Inbound,Leroy St and Murray IB,43
10/30/2018 14:31,WS Outbound-DCL Inbound,Leroy St and Murray IB,43
10/30/2018 14:31,WS Outbound-DCL Inbound,Leroy St and Murray IB,43
10/30/2018 14:31,WS Outbound-DCL Inbound,Leroy St and Murray IB,43
10/30/2018 14:31,WS Outbound-DCL Inbound,Leroy St and Murray IB,43
10/30/2018 14:31,WS Outbound-DCL Inbound,Leroy St and Murray IB,43
10/30/2018 14:31,WS Outbound-DCL Inbound,Leroy St and Murray IB,43
10/30/2018 14:31,WS Outbound-DCL Inbound,Leroy St and Murray IB,43
10/30/2018 14:31,WS Outbound-DCL Inbound,Leroy St and Murray IB,43
10/30/2018 14:32,WS Outbound-DCL Inbound,Leroy St and Murray IB,43
10/30/2018 14:32,WS Outbound-DCL Inbound,Leroy St and Murray IB,43
10/30/2018 14:32,WS Outbound-DCL Inbound,Leroy St and Murray IB,43
10/30/2018 14:32,WS Outbound-DCL Inbound,Leroy St and Murray IB,43
10/30/2018 14:32,WS Outbound-DCL Inbound,Leroy St and Murray IB,43
10/30/2018 14:32,WS Outbound-DCL Inbound,Physical Facilities OB,21
10/30/2018 14:33,WS Outbound-DCL Inbound,Leroy St and Chestnut IB,43
10/30/2018 14:33,WS Outbound-DCL Inbound,Leroy St and Chestnut IB,43
10/30/2018 14:33,WS Outbound-DCL Inbound,Leroy St and Chestnut IB,43
10/30/2018 14:33,WS Outbound-DCL Inbound,Leroy St and Chestnut IB,43
10/30/2018 14:33,WS Outbound-DCL Inbound,Leroy St and Chestnut IB,43
10/30/2018 14:33,WS Outbound-DCL Inbound,Leroy St and Chestnut IB,43
10/30/2018 14:37,WS Outbound-DCL Inbound,Unknown,21
10/30/2018 14:38,WS Outbound-DCL Inbound,Floral and Roberts OB,21
10/30/2018 14:38,WS Outbound-DCL Inbound,Floral and Roberts OB,21
10/30/2018 14:42,WS Outbound-DCL Inbound,Main and Crestmont OB,21
10/30/2018 14:43,WS Outbound-DCL Inbound,Union,891
10/30/2018 14:43,WS Outbound-DCL Inbound,Union,891
10/30/2018 14:43,WS Outbound-DCL Inbound,Union,891
10/30/2018 14:43,WS Outbound-DCL Inbound,Union,891
10/30/2018 14:43,WS Outbound-DCL Inbound,Union,891
10/30/2018 14:43,WS Outbound-DCL Inbound,Union,891
10/30/2018 14:43,WS Outbound-DCL Inbound,Union,891
10/30/2018 14:43,WS Outbound-DCL Inbound,Union,891
10/30/2018 14:43,WS Outbound-DCL Inbound,Union,891
10/30/2018 14:43,WS Outbound-DCL Inbound,Union,891
10/30/2018 14:43,WS Outbound-DCL Inbound,Union,891
10/30/2018 14:43,WS Outbound-DCL Inbound,Union,891
10/30/2018 14:43,WS Outbound-DCL Inbound,Union,891
10/30/2018 14:43,WS Outbound-DCL Inbound,Union,891
10/30/2018 14:43,WS Outbound-DCL Inbound,Union,891
10/30/2018 14:43,WS Outbound-DCL Inbound,Union,891
10/30/2018 14:43,WS Outbound-DCL Inbound,Union,891
10/30/2018 14:43,WS Outbound-DCL Inbound,Union,891
10/30/2018 14:43,WS Outbound-DCL Inbound,Union,891
10/30/2018 14:43,WS Outbound-DCL Inbound,Union,891
10/30/2018 14:43,WS Outbound-DCL Inbound,Union,891
10/30/2018 14:43,WS Outbound-DCL Inbound,Union,891
10/30/2018 14:43,WS Outbound-DCL Inbound,Union,891
10/30/2018 14:43,WS Outbound-DCL Inbound,Union,891
10/30/2018 14:43,WS Outbound-DCL Inbound,Union,891
10/30/2018 14:44,WS Outbound-DCL Inbound,Union,891
10/30/2018 14:44,WS Outbound-DCL Inbound,Union,891
10/30/2018 14:44,WS Outbound-DCL Inbound,Union,891
10/30/2018 14:44,WS Outbound-DCL Inbound,Union,891
10/30/2018 14:44,WS Outbound-DCL Inbound,Union,891
10/30/2018 14:44,WS Outbound-DCL Inbound,Union,891
10/30/2018 14:44,WS Outbound-DCL Inbound,Union,891
10/30/2018 14:44,WS Outbound-DCL Inbound,Union,891
10/30/2018 14:44,WS Outbound-DCL Inbound,Union,891
10/30/2018 14:44,WS Outbound-DCL Inbound,Union,891
10/30/2018 14:44,WS Outbound-DCL Inbound,Union,891
10/30/2018 14:44,WS Outbound-DCL Inbound,Union,891
10/30/2018 14:44,WS Outbound-DCL Inbound,Union,891
10/30/2018 14:44,WS Outbound-DCL Inbound,Union,891
10/30/2018 14:44,WS Outbound-DCL Inbound,Union,891
10/30/2018 14:45,WS Outbound-DCL Inbound,Union,891
10/30/2018 14:45,WS Outbound-DCL Inbound,Union,891
10/30/2018 14:45,WS Outbound-DCL Inbound,Union,891
10/30/2018 14:45,WS Outbound-DCL Inbound,Union,891
10/30/2018 14:45,WS Outbound-DCL Inbound,Union,891
10/30/2018 14:45,WS Outbound-DCL Inbound,Union,891
10/30/2018 14:45,WS Outbound-DCL Inbound,Union,891
10/30/2018 14:48,WS Outbound-DCL Inbound,Physical Facilities OB,891
10/30/2018 14:54,WS Outbound-DCL Inbound,UDC,21
10/30/2018 14:55,WS Outbound-DCL Inbound,UDC,21
10/30/2018 14:59,WS Outbound-DCL Inbound,Leroy St and Murray IB,21
10/30/2018 14:59,WS Outbound-DCL Inbound,Leroy St and Murray IB,21
10/30/2018 15:00,WS Outbound-DCL Inbound,Leroy St and Chestnut IB,21
10/30/2018 15:00,WS Outbound-DCL Inbound,Leroy St and Chestnut IB,21
10/30/2018 15:06,WS Outbound-DCL Inbound,Riverside and Ethel IB,21
10/30/2018 15:10,WS Outbound-DCL Inbound,UDC,891
10/30/2018 15:10,WS Outbound-DCL Inbound,UDC,891
10/30/2018 15:10,WS Outbound-DCL Inbound,UDC,891
10/30/2018 15:12,WS Outbound-DCL Inbound,Union,526
10/30/2018 15:12,WS Outbound-DCL Inbound,Union,526
10/30/2018 15:12,WS Outbound-DCL Inbound,Union,526
10/30/2018 15:12,WS Outbound-DCL Inbound,Union,526
10/30/2018 15:12,WS Outbound-DCL Inbound,Union,526
10/30/2018 15:12,WS Outbound-DCL Inbound,Union,526
10/30/2018 15:12,WS Outbound-DCL Inbound,Union,526
10/30/2018 15:12,WS Outbound-DCL Inbound,Union,526
10/30/2018 15:12,WS Outbound-DCL Inbound,Union,526
10/30/2018 15:13,WS Outbound-DCL Inbound,Union,526
10/30/2018 15:13,WS Outbound-DCL Inbound,Union,526
10/30/2018 15:13,WS Outbound-DCL Inbound,Union,526
10/30/2018 15:13,WS Outbound-DCL Inbound,Union,526
10/30/2018 15:13,WS Outbound-DCL Inbound,Union,526
10/30/2018 15:13,WS Outbound-DCL Inbound,Union,526
10/30/2018 15:13,WS Outbound-DCL Inbound,Union,526
10/30/2018 15:13,WS Outbound-DCL Inbound,Union,526
10/30/2018 15:13,WS Outbound-DCL Inbound,Union,526
10/30/2018 15:13,WS Outbound-DCL Inbound,Leroy St and Murray IB,891
10/30/2018 15:13,WS Outbound-DCL Inbound,Union,526
10/30/2018 15:13,WS Outbound-DCL Inbound,Leroy St and Murray IB,891
10/30/2018 15:13,WS Outbound-DCL Inbound,Leroy St and Murray IB,891
10/30/2018 15:13,WS Outbound-DCL Inbound,Union,526
10/30/2018 15:13,WS Outbound-DCL Inbound,Leroy St and Murray IB,891
10/30/2018 15:13,WS Outbound-DCL Inbound,Leroy St and Murray IB,891
10/30/2018 15:13,WS Outbound-DCL Inbound,Union,526
10/30/2018 15:13,WS Outbound-DCL Inbound,Union,526
10/30/2018 15:13,WS Outbound-DCL Inbound,Union,526
10/30/2018 15:13,WS Outbound-DCL Inbound,Union,526
10/30/2018 15:13,WS Outbound-DCL Inbound,Union,526
10/30/2018 15:13,WS Outbound-DCL Inbound,Union,526
10/30/2018 15:13,WS Outbound-DCL Inbound,Union,526
10/30/2018 15:13,WS Outbound-DCL Inbound,Union,526
10/30/2018 15:13,WS Outbound-DCL Inbound,Union,526
10/30/2018 15:13,WS Outbound-DCL Inbound,Union,526
10/30/2018 15:13,WS Outbound-DCL Inbound,Union,526
10/30/2018 15:14,WS Outbound-DCL Inbound,Union,526
10/30/2018 15:14,WS Outbound-DCL Inbound,Union,526
10/30/2018 15:14,WS Outbound-DCL Inbound,Union,526
10/30/2018 15:14,WS Outbound-DCL Inbound,Union,526
10/30/2018 15:14,WS Outbound-DCL Inbound,Union,526
10/30/2018 15:14,WS Outbound-DCL Inbound,Leroy St and Chestnut IB,891
10/30/2018 15:15,WS Outbound-DCL Inbound,Union,526
10/30/2018 15:15,WS Outbound-DCL Inbound,Union,526
10/30/2018 15:15,WS Outbound-DCL Inbound,Union,526
10/30/2018 15:16,WS Outbound-DCL Inbound,Riverside and Beethoven,891
10/30/2018 15:16,WS Outbound-DCL Inbound,Riverside and Beethoven,891
10/30/2018 15:27,WS Outbound-DCL Inbound,Unknown,42
10/30/2018 15:27,WS Outbound-DCL Inbound,Unknown,42
10/30/2018 15:27,WS Outbound-DCL Inbound,Unknown,42
10/30/2018 15:27,WS Outbound-DCL Inbound,Unknown,42
10/30/2018 15:27,WS Outbound-DCL Inbound,Unknown,42
10/30/2018 15:27,WS Outbound-DCL Inbound,Unknown,42
10/30/2018 15:27,WS Outbound-DCL Inbound,Unknown,42
10/30/2018 15:27,WS Outbound-DCL Inbound,Unknown,42
10/30/2018 15:27,WS Outbound-DCL Inbound,Unknown,42
10/30/2018 15:27,WS Outbound-DCL Inbound,Unknown,42
10/30/2018 15:27,WS Outbound-DCL Inbound,Unknown,42
10/30/2018 15:27,WS Outbound-DCL Inbound,Unknown,42
10/30/2018 15:27,WS Outbound-DCL Inbound,Unknown,42
10/30/2018 15:27,WS Outbound-DCL Inbound,Unknown,42
10/30/2018 15:27,WS Outbound-DCL Inbound,Unknown,42
10/30/2018 15:27,WS Outbound-DCL Inbound,Unknown,42
10/30/2018 15:27,WS Outbound-DCL Inbound,Unknown,42
10/30/2018 15:27,WS Outbound-DCL Inbound,Unknown,42
10/30/2018 15:27,WS Outbound-DCL Inbound,Unknown,42
10/30/2018 15:27,WS Outbound-DCL Inbound,Unknown,42
10/30/2018 15:28,WS Outbound-DCL Inbound,Unknown,42
10/30/2018 15:28,WS Outbound-DCL Inbound,Unknown,42
10/30/2018 15:29,WS Outbound-DCL Inbound,Unknown,42
10/30/2018 15:29,WS Outbound-DCL Inbound,Unknown,42
10/30/2018 15:30,WS Outbound-DCL Inbound,Unknown,42
10/30/2018 15:30,WS Outbound-DCL Inbound,Unknown,42
10/30/2018 15:30,WS Outbound-DCL Inbound,Unknown,42
10/30/2018 15:30,WS Outbound-DCL Inbound,Unknown,42
10/30/2018 15:30,WS Outbound-DCL Inbound,Unknown,42
10/30/2018 15:30,WS Outbound-DCL Inbound,Unknown,42
10/30/2018 15:31,WS Outbound-DCL Inbound,Unknown,42
10/30/2018 15:33,WS Outbound-DCL Inbound,Unknown,42
10/30/2018 15:35,WS Outbound-DCL Inbound,UDC,526
10/30/2018 15:35,WS Outbound-DCL Inbound,UDC,526
10/30/2018 15:35,WS Outbound-DCL Inbound,UDC,526
10/30/2018 15:37,WS Outbound-DCL Inbound,UDC,526
10/30/2018 15:37,WS Outbound-DCL Inbound,UDC,526
10/30/2018 15:37,WS Outbound-DCL Inbound,UDC,526
10/30/2018 15:38,WS Outbound-DCL Inbound,UDC,526
10/30/2018 15:39,WS Outbound-DCL Inbound,UDC,526
10/30/2018 15:39,WS Outbound-DCL Inbound,UDC,526
10/30/2018 15:41,WS Outbound-DCL Inbound,Floral and Cleveland OB,42
10/30/2018 15:43,WS Outbound-DCL Inbound,Leroy St and Murray IB,526
10/30/2018 15:43,WS Outbound-DCL Inbound,Leroy St and Murray IB,526
10/30/2018 15:43,WS Outbound-DCL Inbound,Leroy St and Murray IB,526
10/30/2018 15:43,WS Outbound-DCL Inbound,Leroy St and Murray IB,526
10/30/2018 15:44,WS Outbound-DCL Inbound,Leroy St and Chestnut IB,526
10/30/2018 15:44,WS Outbound-DCL Inbound,Leroy St and Chestnut IB,526
10/30/2018 15:44,WS Outbound-DCL Inbound,Leroy St and Chestnut IB,526
10/30/2018 15:45,WS Outbound-DCL Inbound,Leroy St and Laurel IB,526
10/30/2018 15:53,WS Outbound-DCL Inbound,UDC,42
10/30/2018 15:53,WS Outbound-DCL Inbound,UDC,42
10/30/2018 15:53,WS Outbound-DCL Inbound,UDC,42
10/30/2018 15:54,WS Outbound-DCL Inbound,UDC,42
10/30/2018 15:54,WS Outbound-DCL Inbound,UDC,42
10/30/2018 15:55,WS Outbound-DCL Inbound,UDC,42
10/30/2018 15:55,WS Outbound-DCL Inbound,UDC,42
10/30/2018 15:55,WS Outbound-DCL Inbound,UDC,42
10/30/2018 15:55,WS Outbound-DCL Inbound,UDC,42
10/30/2018 15:57,WS Outbound-DCL Inbound,Union,891
10/30/2018 15:57,WS Outbound-DCL Inbound,Union,891
10/30/2018 15:57,WS Outbound-DCL Inbound,Union,891
10/30/2018 15:57,WS Outbound-DCL Inbound,Union,891
10/30/2018 15:58,WS Outbound-DCL Inbound,Union,891
10/30/2018 15:58,WS Outbound-DCL Inbound,Union,891
10/30/2018 15:58,WS Outbound-DCL Inbound,Union,891
10/30/2018 15:58,WS Outbound-DCL Inbound,Union,891
10/30/2018 15:58,WS Outbound-DCL Inbound,Union,891
10/30/2018 15:58,WS Outbound-DCL Inbound,Union,891
10/30/2018 15:58,WS Outbound-DCL Inbound,Union,891
10/30/2018 15:58,WS Outbound-DCL Inbound,Union,891
10/30/2018 15:58,WS Outbound-DCL Inbound,Union,891
10/30/2018 15:58,WS Outbound-DCL Inbound,Union,891
10/30/2018 15:58,WS Outbound-DCL Inbound,Union,891
10/30/2018 15:58,WS Outbound-DCL Inbound,Union,891
10/30/2018 15:58,WS Outbound-DCL Inbound,Union,891
10/30/2018 15:58,WS Outbound-DCL Inbound,Union,891
10/30/2018 15:58,WS Outbound-DCL Inbound,Union,891
10/30/2018 15:58,WS Outbound-DCL Inbound,Union,891
10/30/2018 15:58,WS Outbound-DCL Inbound,Union,891
10/30/2018 15:58,WS Outbound-DCL Inbound,Union,891
10/30/2018 15:58,WS Outbound-DCL Inbound,Union,891
10/30/2018 15:58,WS Outbound-DCL Inbound,Union,891
10/30/2018 15:58,WS Outbound-DCL Inbound,Union,891
10/30/2018 15:58,WS Outbound-DCL Inbound,Union,891
10/30/2018 15:58,WS Outbound-DCL Inbound,Union,891
10/30/2018 15:59,WS Outbound-DCL Inbound,Leroy St and Murray IB,42
10/30/2018 15:59,WS Outbound-DCL Inbound,Leroy St and Murray IB,42
10/30/2018 15:59,WS Outbound-DCL Inbound,Leroy St and Murray IB,42
10/30/2018 15:59,WS Outbound-DCL Inbound,Leroy St and Murray IB,42
10/30/2018 15:59,WS Outbound-DCL Inbound,Leroy St and Murray IB,42
10/30/2018 15:59,WS Outbound-DCL Inbound,Leroy St and Murray IB,42
10/30/2018 15:59,WS Outbound-DCL Inbound,Leroy St and Murray IB,42
10/30/2018 15:59,WS Outbound-DCL Inbound,Union,891
10/30/2018 15:59,WS Outbound-DCL Inbound,Leroy St and Murray IB,42
10/30/2018 15:59,WS Outbound-DCL Inbound,Leroy St and Murray IB,42
10/30/2018 15:59,WS Outbound-DCL Inbound,Leroy St and Murray IB,42
10/30/2018 15:59,WS Outbound-DCL Inbound,Leroy St and Murray IB,42
10/30/2018 15:59,WS Outbound-DCL Inbound,Leroy St and Murray IB,42
10/30/2018 15:59,WS Outbound-DCL Inbound,Union,891
10/30/2018 15:59,WS Outbound-DCL Inbound,Union,891
10/30/2018 15:59,WS Outbound-DCL Inbound,Union,891
10/30/2018 16:00,WS Outbound-DCL Inbound,Union,891
10/30/2018 16:00,WS Outbound-DCL Inbound,Union,891
10/30/2018 16:00,WS Outbound-DCL Inbound,Union,891
10/30/2018 16:00,WS Outbound-DCL Inbound,Leroy St and Chestnut IB,42
10/30/2018 16:00,WS Outbound-DCL Inbound,Leroy St and Chestnut IB,42
10/30/2018 16:00,WS Outbound-DCL Inbound,Leroy St and Chestnut IB,42
10/30/2018 16:00,WS Outbound-DCL Inbound,Leroy St and Chestnut IB,42
10/30/2018 16:00,WS Outbound-DCL Inbound,Leroy St and Chestnut IB,42
10/30/2018 16:00,WS Outbound-DCL Inbound,Leroy St and Chestnut IB,42
10/30/2018 16:00,WS Outbound-DCL Inbound,Leroy St and Chestnut IB,42
10/30/2018 16:00,WS Outbound-DCL Inbound,Leroy St and Chestnut IB,42
10/30/2018 16:00,WS Outbound-DCL Inbound,Leroy St and Chestnut IB,42
10/30/2018 16:00,WS Outbound-DCL Inbound,Leroy St and Chestnut IB,42
10/30/2018 16:00,WS Outbound-DCL Inbound,Leroy St and Chestnut IB,42
10/30/2018 16:00,WS Outbound-DCL Inbound,Leroy St and Chestnut IB,42
10/30/2018 16:00,WS Outbound-DCL Inbound,Leroy St and Chestnut IB,42
10/30/2018 16:01,WS Outbound-DCL Inbound,Leroy St and Chestnut IB,42
10/30/2018 16:13,WS Outbound-DCL Inbound,Union,43
10/30/2018 16:13,WS Outbound-DCL Inbound,Union,43
10/30/2018 16:13,WS Outbound-DCL Inbound,Union,43
10/30/2018 16:14,WS Outbound-DCL Inbound,Union,43
10/30/2018 16:14,WS Outbound-DCL Inbound,Union,43
10/30/2018 16:14,WS Outbound-DCL Inbound,Union,43
10/30/2018 16:14,WS Outbound-DCL Inbound,Union,43
10/30/2018 16:14,WS Outbound-DCL Inbound,Union,43
10/30/2018 16:14,WS Outbound-DCL Inbound,Union,43
10/30/2018 16:14,WS Outbound-DCL Inbound,Union,43
10/30/2018 16:14,WS Outbound-DCL Inbound,Union,43
10/30/2018 16:14,WS Outbound-DCL Inbound,Union,43
10/30/2018 16:14,WS Outbound-DCL Inbound,Union,43
10/30/2018 16:14,WS Outbound-DCL Inbound,Union,43
10/30/2018 16:14,WS Outbound-DCL Inbound,Union,43
10/30/2018 16:14,WS Outbound-DCL Inbound,Union,43
10/30/2018 16:14,WS Outbound-DCL Inbound,Union,43
10/30/2018 16:14,WS Outbound-DCL Inbound,Union,43
10/30/2018 16:14,WS Outbound-DCL Inbound,Union,43
10/30/2018 16:14,WS Outbound-DCL Inbound,Union,43
10/30/2018 16:14,WS Outbound-DCL Inbound,Union,43
10/30/2018 16:14,WS Outbound-DCL Inbound,Union,43
10/30/2018 16:14,WS Outbound-DCL Inbound,Union,43
10/30/2018 16:14,WS Outbound-DCL Inbound,Union,43
10/30/2018 16:14,WS Outbound-DCL Inbound,Union,43
10/30/2018 16:14,WS Outbound-DCL Inbound,Union,43
10/30/2018 16:14,WS Outbound-DCL Inbound,Union,43
10/30/2018 16:14,WS Outbound-DCL Inbound,Union,43
10/30/2018 16:14,WS Outbound-DCL Inbound,Union,43
10/30/2018 16:14,WS Outbound-DCL Inbound,Union,43
10/30/2018 16:14,WS Outbound-DCL Inbound,Union,43
10/30/2018 16:15,WS Outbound-DCL Inbound,Union,43
10/30/2018 16:15,WS Outbound-DCL Inbound,Union,43
10/30/2018 16:15,WS Outbound-DCL Inbound,Union,43
10/30/2018 16:15,WS Outbound-DCL Inbound,Union,43
10/30/2018 16:15,WS Outbound-DCL Inbound,Union,43
10/30/2018 16:15,WS Outbound-DCL Inbound,Union,43
10/30/2018 16:15,WS Outbound-DCL Inbound,Union,43
10/30/2018 16:23,WS Outbound-DCL Inbound,UDC,891
10/30/2018 16:23,WS Outbound-DCL Inbound,UDC,891
10/30/2018 16:24,WS Outbound-DCL Inbound,UDC,891
10/30/2018 16:24,WS Outbound-DCL Inbound,Floral and Main OB,43
10/30/2018 16:25,WS Outbound-DCL Inbound,Union,526
10/30/2018 16:25,WS Outbound-DCL Inbound,Union,526
10/30/2018 16:25,WS Outbound-DCL Inbound,Union,526
10/30/2018 16:25,WS Outbound-DCL Inbound,Union,526
10/30/2018 16:25,WS Outbound-DCL Inbound,Union,526
10/30/2018 16:25,WS Outbound-DCL Inbound,Union,526
10/30/2018 16:25,WS Outbound-DCL Inbound,Union,526
10/30/2018 16:25,WS Outbound-DCL Inbound,Union,526
10/30/2018 16:25,WS Outbound-DCL Inbound,Union,526
10/30/2018 16:25,WS Outbound-DCL Inbound,Union,526
10/30/2018 16:25,WS Outbound-DCL Inbound,Union,526
10/30/2018 16:25,WS Outbound-DCL Inbound,Union,526
10/30/2018 16:26,WS Outbound-DCL Inbound,Union,526
10/30/2018 16:26,WS Outbound-DCL Inbound,Union,526
10/30/2018 16:26,WS Outbound-DCL Inbound,Union,526
10/30/2018 16:26,WS Outbound-DCL Inbound,Union,526
10/30/2018 16:26,WS Outbound-DCL Inbound,Union,526
10/30/2018 16:26,WS Outbound-DCL Inbound,Union,526
10/30/2018 16:26,WS Outbound-DCL Inbound,Union,526
10/30/2018 16:26,WS Outbound-DCL Inbound,Union,526
10/30/2018 16:26,WS Outbound-DCL Inbound,Union,526
10/30/2018 16:26,WS Outbound-DCL Inbound,Union,526
10/30/2018 16:26,WS Outbound-DCL Inbound,Union,526
10/30/2018 16:26,WS Outbound-DCL Inbound,Union,526
10/30/2018 16:26,WS Outbound-DCL Inbound,Union,526
10/30/2018 16:26,WS Outbound-DCL Inbound,Union,526
10/30/2018 16:26,WS Outbound-DCL Inbound,Union,526
10/30/2018 16:26,WS Outbound-DCL Inbound,Union,526
10/30/2018 16:26,WS Outbound-DCL Inbound,Union,526
10/30/2018 16:26,WS Outbound-DCL Inbound,Union,526
10/30/2018 16:26,WS Outbound-DCL Inbound,Main and Helen OB,43
10/30/2018 16:26,WS Outbound-DCL Inbound,Union,526
10/30/2018 16:26,WS Outbound-DCL Inbound,Union,526
10/30/2018 16:26,WS Outbound-DCL Inbound,Union,526
10/30/2018 16:26,WS Outbound-DCL Inbound,Union,526
10/30/2018 16:26,WS Outbound-DCL Inbound,Union,526
10/30/2018 16:26,WS Outbound-DCL Inbound,Union,526
10/30/2018 16:26,WS Outbound-DCL Inbound,Union,526
10/30/2018 16:27,WS Outbound-DCL Inbound,Union,526
10/30/2018 16:27,WS Outbound-DCL Inbound,Union,526
10/30/2018 16:27,WS Outbound-DCL Inbound,Union,526
10/30/2018 16:27,WS Outbound-DCL Inbound,Union,526
10/30/2018 16:27,WS Outbound-DCL Inbound,Union,526
10/30/2018 16:27,WS Outbound-DCL Inbound,Union,526
10/30/2018 16:27,WS Outbound-DCL Inbound,Union,526
10/30/2018 16:27,WS Outbound-DCL Inbound,Union,526
10/30/2018 16:28,WS Outbound-DCL Inbound,Union,526
10/30/2018 16:29,WS Outbound-DCL Inbound,Union,526
10/30/2018 16:29,WS Outbound-DCL Inbound,Union,526
10/30/2018 16:30,WS Outbound-DCL Inbound,Union,526
10/30/2018 16:30,WS Outbound-DCL Inbound,Union,526
10/30/2018 16:30,WS Outbound-DCL Inbound,Main and Arthur,43
10/30/2018 16:36,WS Outbound-DCL Inbound,Unknown,43
10/30/2018 16:36,WS Outbound-DCL Inbound,Unknown,43
10/30/2018 16:36,WS Outbound-DCL Inbound,Unknown,43
10/30/2018 16:36,WS Outbound-DCL Inbound,Unknown,43
10/30/2018 16:36,WS Outbound-DCL Inbound,Unknown,43
10/30/2018 16:37,WS Outbound-DCL Inbound,Unknown,43
10/30/2018 16:38,WS Outbound-DCL Inbound,Unknown,43
10/30/2018 16:38,WS Outbound-DCL Inbound,Unknown,43
10/30/2018 16:39,WS Outbound-DCL Inbound,Unknown,43
10/30/2018 16:39,WS Outbound-DCL Inbound,Unknown,43
10/30/2018 16:39,WS Outbound-DCL Inbound,Unknown,43
10/30/2018 16:39,WS Outbound-DCL Inbound,Unknown,43
10/30/2018 16:40,WS Outbound-DCL Inbound,Unknown,43
10/30/2018 16:40,WS Outbound-DCL Inbound,Unknown,43
10/30/2018 16:40,WS Outbound-DCL Inbound,Unknown,43
10/30/2018 16:40,WS Outbound-DCL Inbound,Unknown,43
10/30/2018 16:40,WS Outbound-DCL Inbound,Unknown,43
10/30/2018 16:40,WS Outbound-DCL Inbound,Unknown,43
10/30/2018 16:42,WS Outbound-DCL Inbound,Leroy St and Front,43
10/30/2018 16:43,WS Outbound-DCL Inbound,Leroy St and Murray IB,43
10/30/2018 16:44,WS Outbound-DCL Inbound,Leroy St and Chestnut IB,43
10/30/2018 16:45,WS Outbound-DCL Inbound,Union,21
10/30/2018 16:45,WS Outbound-DCL Inbound,Union,21
10/30/2018 16:45,WS Outbound-DCL Inbound,Union,21
10/30/2018 16:45,WS Outbound-DCL Inbound,Union,21
10/30/2018 16:45,WS Outbound-DCL Inbound,Union,21
10/30/2018 16:45,WS Outbound-DCL Inbound,Union,21
10/30/2018 16:45,WS Outbound-DCL Inbound,Union,21
10/30/2018 16:45,WS Outbound-DCL Inbound,Union,21
10/30/2018 16:45,WS Outbound-DCL Inbound,Union,21
10/30/2018 16:45,WS Outbound-DCL Inbound,Union,21
10/30/2018 16:45,WS Outbound-DCL Inbound,Union,21
10/30/2018 16:45,WS Outbound-DCL Inbound,Union,21
10/30/2018 16:45,WS Outbound-DCL Inbound,Union,21
10/30/2018 16:45,WS Outbound-DCL Inbound,Union,21
10/30/2018 16:46,WS Outbound-DCL Inbound,Union,21
10/30/2018 16:46,WS Outbound-DCL Inbound,Main and Helen OB,526
10/30/2018 16:46,WS Outbound-DCL Inbound,Union,21
10/30/2018 16:47,WS Outbound-DCL Inbound,Union,21
10/30/2018 16:58,WS Outbound-DCL Inbound,Floral and Main OB,21
10/30/2018 16:58,WS Outbound-DCL Inbound,Floral and Main OB,21
10/30/2018 16:58,WS Outbound-DCL Inbound,Floral and Main OB,21
10/30/2018 17:00,WS Outbound-DCL Inbound,Main and Crestmont OB,21
10/30/2018 17:02,WS Outbound-DCL Inbound,Union,890
10/30/2018 17:04,WS Outbound-DCL Inbound,Physical Facilities OB,890
10/30/2018 17:05,WS Outbound-DCL Inbound,Main and Arthur,21
10/30/2018 17:10,WS Outbound-DCL Inbound,Unknown,21
10/30/2018 17:10,WS Outbound-DCL Inbound,Unknown,21
10/30/2018 17:10,WS Outbound-DCL Inbound,Unknown,21
10/30/2018 17:10,WS Outbound-DCL Inbound,Unknown,21
10/30/2018 17:10,WS Outbound-DCL Inbound,Unknown,21
10/30/2018 17:12,WS Outbound-DCL Inbound,Floral and Main OB,890
10/30/2018 17:13,WS Outbound-DCL Inbound,Leroy St and Murray IB,21
10/30/2018 17:13,WS Outbound-DCL Inbound,Leroy St and Murray IB,21
10/30/2018 17:13,WS Outbound-DCL Inbound,Leroy St and Murray IB,21
10/30/2018 17:13,WS Outbound-DCL Inbound,Union,889
10/30/2018 17:13,WS Outbound-DCL Inbound,Union,889
10/30/2018 17:13,WS Outbound-DCL Inbound,Leroy St and Murray IB,21
10/30/2018 17:13,WS Outbound-DCL Inbound,Leroy St and Murray IB,21
10/30/2018 17:14,WS Outbound-DCL Inbound,Union,889
10/30/2018 17:14,WS Outbound-DCL Inbound,Union,889
10/30/2018 17:14,WS Outbound-DCL Inbound,Union,889
10/30/2018 17:14,WS Outbound-DCL Inbound,Union,889
10/30/2018 17:14,WS Outbound-DCL Inbound,Union,889
10/30/2018 17:14,WS Outbound-DCL Inbound,Union,889
10/30/2018 17:14,WS Outbound-DCL Inbound,Union,889
10/30/2018 17:14,WS Outbound-DCL Inbound,Union,889
10/30/2018 17:14,WS Outbound-DCL Inbound,Union,889
10/30/2018 17:14,WS Outbound-DCL Inbound,Union,889
10/30/2018 17:14,WS Outbound-DCL Inbound,Leroy St and Chestnut IB,21
10/30/2018 17:14,WS Outbound-DCL Inbound,Union,889
10/30/2018 17:15,WS Outbound-DCL Inbound,Leroy St and Chestnut IB,21
10/30/2018 17:15,WS Outbound-DCL Inbound,Leroy St and Chestnut IB,21
10/30/2018 17:15,WS Outbound-DCL Inbound,Union,889
10/30/2018 17:15,WS Outbound-DCL Inbound,Main and Schiller OB,890
10/30/2018 17:15,WS Outbound-DCL Inbound,Main and Schiller OB,890
10/30/2018 17:16,WS Outbound-DCL Inbound,Union,889
10/30/2018 17:17,WS Outbound-DCL Inbound,Riverside and Beethoven,21
10/30/2018 17:17,WS Outbound-DCL Inbound,Riverside and Beethoven,21
10/30/2018 17:20,WS Outbound-DCL Inbound,Denny's OB,889
10/30/2018 17:24,WS Outbound-DCL Inbound,Unknown,890
10/30/2018 17:24,WS Outbound-DCL Inbound,Unknown,890
10/30/2018 17:25,WS Outbound-DCL Inbound,Unknown,890
10/30/2018 17:32,WS Outbound-DCL Inbound,Union,43
10/30/2018 17:32,WS Outbound-DCL Inbound,Union,43
10/30/2018 17:32,WS Outbound-DCL Inbound,Union,43
10/30/2018 17:32,WS Outbound-DCL Inbound,Union,43
10/30/2018 17:32,WS Outbound-DCL Inbound,Union,43
10/30/2018 17:32,WS Outbound-DCL Inbound,Union,43
10/30/2018 17:32,WS Outbound-DCL Inbound,Union,43
10/30/2018 17:32,WS Outbound-DCL Inbound,Union,43
10/30/2018 17:32,WS Outbound-DCL Inbound,Union,43
10/30/2018 17:32,WS Outbound-DCL Inbound,Union,43
10/30/2018 17:32,WS Outbound-DCL Inbound,Union,43
10/30/2018 17:33,WS Outbound-DCL Inbound,Union,43
10/30/2018 17:33,WS Outbound-DCL Inbound,Union,43
10/30/2018 17:33,WS Outbound-DCL Inbound,Union,43
10/30/2018 17:33,WS Outbound-DCL Inbound,Union,43
10/30/2018 17:33,WS Outbound-DCL Inbound,Union,43
10/30/2018 17:34,WS Outbound-DCL Inbound,Union,43
10/30/2018 17:34,WS Outbound-DCL Inbound,Union,43
10/30/2018 17:35,WS Outbound-DCL Inbound,Main and Arthur,889
10/30/2018 17:35,WS Outbound-DCL Inbound,Union,43
10/30/2018 17:35,WS Outbound-DCL Inbound,Union,43
10/30/2018 17:35,WS Outbound-DCL Inbound,Union,43
10/30/2018 17:40,WS Outbound-DCL Inbound,Unknown,889
10/30/2018 17:40,WS Outbound-DCL Inbound,Unknown,889
10/30/2018 17:40,WS Outbound-DCL Inbound,Unknown,889
10/30/2018 17:40,WS Outbound-DCL Inbound,Unknown,889
10/30/2018 17:41,WS Outbound-DCL Inbound,UDC,889
10/30/2018 17:44,WS Outbound-DCL Inbound,Leroy St and Front,889
10/30/2018 17:45,WS Outbound-DCL Inbound,Leroy St and Murray IB,889
10/30/2018 17:45,WS Outbound-DCL Inbound,Leroy St and Murray IB,889
10/30/2018 17:45,WS Outbound-DCL Inbound,Leroy St and Murray IB,889
10/30/2018 17:45,WS Outbound-DCL Inbound,Leroy St and Murray IB,889
10/30/2018 17:45,WS Outbound-DCL Inbound,Leroy St and Murray IB,889
10/30/2018 17:45,WS Outbound-DCL Inbound,Leroy St and Murray IB,889
10/30/2018 17:45,WS Outbound-DCL Inbound,Leroy St and Murray IB,889
10/30/2018 17:45,WS Outbound-DCL Inbound,Leroy St and Murray IB,889
10/30/2018 17:45,WS Outbound-DCL Inbound,Union,890
10/30/2018 17:45,WS Outbound-DCL Inbound,Leroy St and Murray IB,889
10/30/2018 17:45,WS Outbound-DCL Inbound,Leroy St and Murray IB,889
10/30/2018 17:45,WS Outbound-DCL Inbound,Union,890
10/30/2018 17:45,WS Outbound-DCL Inbound,Union,890
10/30/2018 17:45,WS Outbound-DCL Inbound,Union,890
10/30/2018 17:45,WS Outbound-DCL Inbound,Union,890
10/30/2018 17:45,WS Outbound-DCL Inbound,Union,890
10/30/2018 17:45,WS Outbound-DCL Inbound,Union,890
10/30/2018 17:45,WS Outbound-DCL Inbound,Union,890
10/30/2018 17:45,WS Outbound-DCL Inbound,Union,890
10/30/2018 17:45,WS Outbound-DCL Inbound,Union,890
10/30/2018 17:46,WS Outbound-DCL Inbound,Union,890
10/30/2018 17:46,WS Outbound-DCL Inbound,Union,890
10/30/2018 17:46,WS Outbound-DCL Inbound,Union,890
10/30/2018 17:46,WS Outbound-DCL Inbound,Union,890
10/30/2018 17:46,WS Outbound-DCL Inbound,Union,890
10/30/2018 17:46,WS Outbound-DCL Inbound,Union,890
10/30/2018 17:46,WS Outbound-DCL Inbound,Leroy St and Chestnut IB,889
10/30/2018 17:46,WS Outbound-DCL Inbound,Leroy St and Chestnut IB,889
10/30/2018 17:46,WS Outbound-DCL Inbound,Leroy St and Chestnut IB,889
10/30/2018 17:46,WS Outbound-DCL Inbound,Leroy St and Chestnut IB,889
10/30/2018 17:46,WS Outbound-DCL Inbound,Union,890
10/30/2018 17:46,WS Outbound-DCL Inbound,Union,890
10/30/2018 17:47,WS Outbound-DCL Inbound,Union,890
10/30/2018 17:47,WS Outbound-DCL Inbound,Union,890
10/30/2018 17:50,WS Outbound-DCL Inbound,Physical Facilities OB,890
10/30/2018 18:00,WS Outbound-DCL Inbound,Union,891
10/30/2018 18:00,WS Outbound-DCL Inbound,Union,891
10/30/2018 18:00,WS Outbound-DCL Inbound,Union,891
10/30/2018 18:00,WS Outbound-DCL Inbound,Union,891
10/30/2018 18:00,WS Outbound-DCL Inbound,Union,891
10/30/2018 18:00,WS Outbound-DCL Inbound,Union,891
10/30/2018 18:00,WS Outbound-DCL Inbound,Union,891
10/30/2018 18:00,WS Outbound-DCL Inbound,Union,891
10/30/2018 18:00,WS Outbound-DCL Inbound,Union,891
10/30/2018 18:00,WS Outbound-DCL Inbound,Union,891
10/30/2018 18:00,WS Outbound-DCL Inbound,Union,891
10/30/2018 18:00,WS Outbound-DCL Inbound,Union,891
10/30/2018 18:00,WS Outbound-DCL Inbound,Union,891
10/30/2018 18:00,WS Outbound-DCL Inbound,Union,891
10/30/2018 18:00,WS Outbound-DCL Inbound,Union,891
10/30/2018 18:00,WS Outbound-DCL Inbound,Union,891
10/30/2018 18:00,WS Outbound-DCL Inbound,Union,891
10/30/2018 18:00,WS Outbound-DCL Inbound,Union,891
10/30/2018 18:00,WS Outbound-DCL Inbound,Union,891
10/30/2018 18:00,WS Outbound-DCL Inbound,Union,891
10/30/2018 18:00,WS Outbound-DCL Inbound,Union,891
10/30/2018 18:00,WS Outbound-DCL Inbound,Union,889
10/30/2018 18:00,WS Outbound-DCL Inbound,Union,891
10/30/2018 18:00,WS Outbound-DCL Inbound,Union,891
10/30/2018 18:00,WS Outbound-DCL Inbound,Union,889
10/30/2018 18:00,WS Outbound-DCL Inbound,Union,889
10/30/2018 18:00,WS Outbound-DCL Inbound,Union,891
10/30/2018 18:00,WS Outbound-DCL Inbound,Union,891
10/30/2018 18:00,WS Outbound-DCL Inbound,Union,891
10/30/2018 18:00,WS Outbound-DCL Inbound,Union,889
10/30/2018 18:00,WS Outbound-DCL Inbound,Union,889
10/30/2018 18:00,WS Outbound-DCL Inbound,Union,891
10/30/2018 18:00,WS Outbound-DCL Inbound,Union,889
10/30/2018 18:00,WS Outbound-DCL Inbound,Union,891
10/30/2018 18:00,WS Outbound-DCL Inbound,Union,891
10/30/2018 18:01,WS Outbound-DCL Inbound,Union,889
10/30/2018 18:01,WS Outbound-DCL Inbound,Union,891
10/30/2018 18:01,WS Outbound-DCL Inbound,Union,889
10/30/2018 18:01,WS Outbound-DCL Inbound,Union,889
10/30/2018 18:01,WS Outbound-DCL Inbound,Union,891
10/30/2018 18:01,WS Outbound-DCL Inbound,Union,889
10/30/2018 18:01,WS Outbound-DCL Inbound,Union,891
10/30/2018 18:01,WS Outbound-DCL Inbound,Union,889
10/30/2018 18:01,WS Outbound-DCL Inbound,Union,891
10/30/2018 18:01,WS Outbound-DCL Inbound,Union,889
10/30/2018 18:01,WS Outbound-DCL Inbound,Union,889
10/30/2018 18:01,WS Outbound-DCL Inbound,Union,891
10/30/2018 18:01,WS Outbound-DCL Inbound,Union,889
10/30/2018 18:01,WS Outbound-DCL Inbound,Union,889
10/30/2018 18:01,WS Outbound-DCL Inbound,Union,891
10/30/2018 18:01,WS Outbound-DCL Inbound,Union,889
10/30/2018 18:01,WS Outbound-DCL Inbound,Union,891
10/30/2018 18:01,WS Outbound-DCL Inbound,Union,891
10/30/2018 18:01,WS Outbound-DCL Inbound,Union,889
10/30/2018 18:01,WS Outbound-DCL Inbound,Union,891
10/30/2018 18:01,WS Outbound-DCL Inbound,Union,889
10/30/2018 18:01,WS Outbound-DCL Inbound,Union,889
10/30/2018 18:01,WS Outbound-DCL Inbound,Union,891
10/30/2018 18:01,WS Outbound-DCL Inbound,Union,891
10/30/2018 18:01,WS Outbound-DCL Inbound,Union,889
10/30/2018 18:01,WS Outbound-DCL Inbound,Union,891
10/30/2018 18:01,WS Outbound-DCL Inbound,Union,891
10/30/2018 18:01,WS Outbound-DCL Inbound,Union,891
10/30/2018 18:01,WS Outbound-DCL Inbound,Union,889
10/30/2018 18:01,WS Outbound-DCL Inbound,Union,891
10/30/2018 18:01,WS Outbound-DCL Inbound,Union,889
10/30/2018 18:01,WS Outbound-DCL Inbound,Union,891
10/30/2018 18:01,WS Outbound-DCL Inbound,Union,891
10/30/2018 18:01,WS Outbound-DCL Inbound,Union,889
10/30/2018 18:01,WS Outbound-DCL Inbound,Union,889
10/30/2018 18:01,WS Outbound-DCL Inbound,Union,891
10/30/2018 18:01,WS Outbound-DCL Inbound,Union,891
10/30/2018 18:01,WS Outbound-DCL Inbound,Union,891
10/30/2018 18:04,WS Outbound-DCL Inbound,Main and Murray OB,890
10/30/2018 18:07,WS Outbound-DCL Inbound,Hawley OB,890
10/30/2018 18:07,WS Outbound-DCL Inbound,Hawley OB,890
10/30/2018 18:07,WS Outbound-DCL Inbound,Hawley OB,890
10/30/2018 18:08,WS Outbound-DCL Inbound,UDC,890
10/30/2018 18:08,WS Outbound-DCL Inbound,UDC,890
10/30/2018 18:08,WS Outbound-DCL Inbound,UDC,890
10/30/2018 18:10,WS Outbound-DCL Inbound,UDC,890
10/30/2018 18:13,WS Outbound-DCL Inbound,Leroy St and Murray IB,890
10/30/2018 18:13,WS Outbound-DCL Inbound,Leroy St and Murray IB,890
10/30/2018 18:13,WS Outbound-DCL Inbound,Leroy St and Murray IB,890
10/30/2018 18:13,WS Outbound-DCL Inbound,Union,42
10/30/2018 18:14,WS Outbound-DCL Inbound,Union,42
10/30/2018 18:14,WS Outbound-DCL Inbound,Union,42
10/30/2018 18:14,WS Outbound-DCL Inbound,Union,42
10/30/2018 18:14,WS Outbound-DCL Inbound,Union,42
10/30/2018 18:14,WS Outbound-DCL Inbound,Union,42
10/30/2018 18:14,WS Outbound-DCL Inbound,Union,42
10/30/2018 18:14,WS Outbound-DCL Inbound,Union,42
10/30/2018 18:14,WS Outbound-DCL Inbound,Union,42
10/30/2018 18:14,WS Outbound-DCL Inbound,Union,42
10/30/2018 18:14,WS Outbound-DCL Inbound,Union,42
10/30/2018 18:14,WS Outbound-DCL Inbound,Union,42
10/30/2018 18:14,WS Outbound-DCL Inbound,Union,42
10/30/2018 18:14,WS Outbound-DCL Inbound,Union,42
10/30/2018 18:14,WS Outbound-DCL Inbound,Union,42
10/30/2018 18:14,WS Outbound-DCL Inbound,Leroy St and Chestnut IB,890
10/30/2018 18:14,WS Outbound-DCL Inbound,Union,42
10/30/2018 18:14,WS Outbound-DCL Inbound,Union,42
10/30/2018 18:14,WS Outbound-DCL Inbound,Union,42
10/30/2018 18:14,WS Outbound-DCL Inbound,Union,42
10/30/2018 18:14,WS Outbound-DCL Inbound,Union,42
10/30/2018 18:14,WS Outbound-DCL Inbound,Union,42
10/30/2018 18:15,WS Outbound-DCL Inbound,Union,42
10/30/2018 18:15,WS Outbound-DCL Inbound,Union,42
10/30/2018 18:15,WS Outbound-DCL Inbound,Leroy St and Laurel IB,890
10/30/2018 18:16,WS Outbound-DCL Inbound,Beethoven and Leroy,890
10/30/2018 18:17,WS Outbound-DCL Inbound,Physical Facilities OB,42
10/30/2018 18:17,WS Outbound-DCL Inbound,Physical Facilities OB,42
10/30/2018 18:24,WS Outbound-DCL Inbound,Unknown,891
10/30/2018 18:24,WS Outbound-DCL Inbound,Unknown,891
10/30/2018 18:25,WS Outbound-DCL Inbound,Unknown,891
10/30/2018 18:25,WS Outbound-DCL Inbound,Unknown,891
10/30/2018 18:26,WS Outbound-DCL Inbound,Unknown,891
10/30/2018 18:27,WS Outbound-DCL Inbound,Unknown,891
10/30/2018 18:27,WS Outbound-DCL Inbound,Main and Clarke OB,42
10/30/2018 18:29,WS Outbound-DCL Inbound,Unknown,891
10/30/2018 18:36,WS Outbound-DCL Inbound,Union,21
10/30/2018 18:36,WS Outbound-DCL Inbound,Union,21
10/30/2018 18:36,WS Outbound-DCL Inbound,Union,21
10/30/2018 18:36,WS Outbound-DCL Inbound,Union,21
10/30/2018 18:36,WS Outbound-DCL Inbound,Union,21
10/30/2018 18:36,WS Outbound-DCL Inbound,Union,21
10/30/2018 18:36,WS Outbound-DCL Inbound,Union,21
10/30/2018 18:37,WS Outbound-DCL Inbound,Union,21
10/30/2018 18:37,WS Outbound-DCL Inbound,Union,21
10/30/2018 18:37,WS Outbound-DCL Inbound,Union,21
10/30/2018 18:37,WS Outbound-DCL Inbound,Union,21
10/30/2018 18:37,WS Outbound-DCL Inbound,Union,21
10/30/2018 18:37,WS Outbound-DCL Inbound,Union,21
10/30/2018 18:37,WS Outbound-DCL Inbound,Union,21
10/30/2018 18:37,WS Outbound-DCL Inbound,Union,21
10/30/2018 18:37,WS Outbound-DCL Inbound,Union,21
10/30/2018 18:37,WS Outbound-DCL Inbound,Union,21
10/30/2018 18:37,WS Outbound-DCL Inbound,Union,21
10/30/2018 18:37,WS Outbound-DCL Inbound,Union,21
10/30/2018 18:37,WS Outbound-DCL Inbound,Union,21
10/30/2018 18:37,WS Outbound-DCL Inbound,Union,21
10/30/2018 18:37,WS Outbound-DCL Inbound,Union,21
10/30/2018 18:37,WS Outbound-DCL Inbound,Union,21
10/30/2018 18:37,WS Outbound-DCL Inbound,Union,21
10/30/2018 18:37,WS Outbound-DCL Inbound,Union,21
10/30/2018 18:37,WS Outbound-DCL Inbound,Union,21
10/30/2018 18:37,WS Outbound-DCL Inbound,Union,21
10/30/2018 18:37,WS Outbound-DCL Inbound,Union,21
10/30/2018 18:37,WS Outbound-DCL Inbound,Union,21
10/30/2018 18:38,WS Outbound-DCL Inbound,Union,21
10/30/2018 18:42,WS Outbound-DCL Inbound,Leroy St and Murray IB,42
10/30/2018 18:42,WS Outbound-DCL Inbound,Leroy St and Murray IB,42
10/30/2018 18:42,WS Outbound-DCL Inbound,Leroy St and Murray IB,42
10/30/2018 18:42,WS Outbound-DCL Inbound,Leroy St and Murray IB,42
10/30/2018 18:43,WS Outbound-DCL Inbound,Leroy St and Chestnut IB,42
10/30/2018 18:43,WS Outbound-DCL Inbound,Leroy St and Chestnut IB,42
10/30/2018 18:43,WS Outbound-DCL Inbound,Leroy St and Chestnut IB,42
10/30/2018 18:43,WS Outbound-DCL Inbound,Leroy St and Chestnut IB,42
10/30/2018 18:43,WS Outbound-DCL Inbound,Leroy St and Chestnut IB,42
10/30/2018 18:43,WS Outbound-DCL Inbound,Leroy St and Chestnut IB,42
10/30/2018 18:43,WS Outbound-DCL Inbound,Leroy St and Chestnut IB,42
10/30/2018 18:43,WS Outbound-DCL Inbound,Leroy St and Chestnut IB,42
10/30/2018 18:51,WS Outbound-DCL Inbound,Main and Helen OB,21
10/30/2018 18:51,WS Outbound-DCL Inbound,Main and Helen OB,21
10/30/2018 18:51,WS Outbound-DCL Inbound,Main and Helen OB,21
10/30/2018 18:51,WS Outbound-DCL Inbound,Main and Helen OB,21
10/30/2018 18:51,WS Outbound-DCL Inbound,Union,37
10/30/2018 18:52,WS Outbound-DCL Inbound,Main and Helen OB,21
10/30/2018 18:52,WS Outbound-DCL Inbound,Union,37
10/30/2018 18:52,WS Outbound-DCL Inbound,Union,37
10/30/2018 18:52,WS Outbound-DCL Inbound,Union,37
10/30/2018 18:52,WS Outbound-DCL Inbound,Union,37
10/30/2018 18:52,WS Outbound-DCL Inbound,Union,37
10/30/2018 18:52,WS Outbound-DCL Inbound,Union,37
10/30/2018 18:52,WS Outbound-DCL Inbound,Union,37
10/30/2018 18:52,WS Outbound-DCL Inbound,Union,37
10/30/2018 18:52,WS Outbound-DCL Inbound,Union,37
10/30/2018 18:52,WS Outbound-DCL Inbound,Union,37
10/30/2018 18:52,WS Outbound-DCL Inbound,Union,37
10/30/2018 18:52,WS Outbound-DCL Inbound,Union,37
10/30/2018 18:52,WS Outbound-DCL Inbound,Union,37
10/30/2018 18:52,WS Outbound-DCL Inbound,Union,37
10/30/2018 18:52,WS Outbound-DCL Inbound,Union,37
10/30/2018 18:52,WS Outbound-DCL Inbound,Union,37
10/30/2018 18:52,WS Outbound-DCL Inbound,Union,37
10/30/2018 18:52,WS Outbound-DCL Inbound,Main and Schiller OB,21
10/30/2018 18:53,WS Outbound-DCL Inbound,Union,37
10/30/2018 18:54,WS Outbound-DCL Inbound,Union,37
10/30/2018 18:56,WS Outbound-DCL Inbound,Main and Arthur,21
10/30/2018 18:59,WS Outbound-DCL Inbound,Union,526
10/30/2018 18:59,WS Outbound-DCL Inbound,Union,526
10/30/2018 18:59,WS Outbound-DCL Inbound,Union,526
10/30/2018 18:59,WS Outbound-DCL Inbound,Union,526
10/30/2018 18:59,WS Outbound-DCL Inbound,Union,526
10/30/2018 18:59,WS Outbound-DCL Inbound,Union,526
10/30/2018 18:59,WS Outbound-DCL Inbound,Union,526
10/30/2018 18:59,WS Outbound-DCL Inbound,Union,526
10/30/2018 18:59,WS Outbound-DCL Inbound,Union,526
10/30/2018 19:00,WS Outbound-DCL Inbound,Union,526
10/30/2018 19:00,WS Outbound-DCL Inbound,Union,526
10/30/2018 19:00,WS Outbound-DCL Inbound,Union,526
10/30/2018 19:00,WS Outbound-DCL Inbound,Union,526
10/30/2018 19:00,WS Outbound-DCL Inbound,Union,526
10/30/2018 19:00,WS Outbound-DCL Inbound,Union,526
10/30/2018 19:00,WS Outbound-DCL Inbound,Union,526
10/30/2018 19:01,WS Outbound-DCL Inbound,Hawley OB,21
10/30/2018 19:01,WS Outbound-DCL Inbound,Hawley OB,21
10/30/2018 19:01,WS Outbound-DCL Inbound,Hawley OB,21
10/30/2018 19:01,WS Outbound-DCL Inbound,Union,526
10/30/2018 19:02,WS Outbound-DCL Inbound,Union,526
10/30/2018 19:03,WS Outbound-DCL Inbound,Union,526
10/30/2018 19:03,WS Outbound-DCL Inbound,Union,526
10/30/2018 19:04,WS Outbound-DCL Inbound,Union,526
10/30/2018 19:05,WS Outbound-DCL Inbound,Union,526
10/30/2018 19:05,WS Outbound-DCL Inbound,Union,526
10/30/2018 19:05,WS Outbound-DCL Inbound,Union,526
10/30/2018 19:05,WS Outbound-DCL Inbound,Union,526
10/30/2018 19:05,WS Outbound-DCL Inbound,Main and Helen OB,37
10/30/2018 19:05,WS Outbound-DCL Inbound,Main and Helen OB,37
10/30/2018 19:05,WS Outbound-DCL Inbound,Union,526
10/30/2018 19:07,WS Outbound-DCL Inbound,Main and Clarke OB,37
10/30/2018 19:08,WS Outbound-DCL Inbound,Physical Facilities OB,526
10/30/2018 19:08,WS Outbound-DCL Inbound,Physical Facilities OB,526
10/30/2018 19:13,WS Outbound-DCL Inbound,Hawley OB,37
10/30/2018 19:13,WS Outbound-DCL Inbound,Hawley OB,37
10/30/2018 19:14,WS Outbound-DCL Inbound,UDC,37
10/30/2018 19:14,WS Outbound-DCL Inbound,UDC,37
10/30/2018 19:14,WS Outbound-DCL Inbound,UDC,37
10/30/2018 19:18,WS Outbound-DCL Inbound,Leroy St and Front,37
10/30/2018 19:18,WS Outbound-DCL Inbound,Leroy St and Murray IB,37
10/30/2018 19:19,WS Outbound-DCL Inbound,Leroy St and Chestnut IB,37
10/30/2018 19:19,WS Outbound-DCL Inbound,Leroy St and Chestnut IB,37
10/30/2018 19:19,WS Outbound-DCL Inbound,Leroy St and Chestnut IB,37
10/30/2018 19:19,WS Outbound-DCL Inbound,Leroy St and Chestnut IB,37
10/30/2018 19:19,WS Outbound-DCL Inbound,Leroy St and Chestnut IB,37
10/30/2018 19:20,WS Outbound-DCL Inbound,Main and Helen OB,526
10/30/2018 19:20,WS Outbound-DCL Inbound,Main and Helen OB,526
10/30/2018 19:20,WS Outbound-DCL Inbound,Main and Helen OB,526
10/30/2018 19:21,WS Outbound-DCL Inbound,Main and Schiller OB,526
10/30/2018 19:24,WS Outbound-DCL Inbound,Main and Murray OB,526
10/30/2018 19:30,WS Outbound-DCL Inbound,Union,42
10/30/2018 19:30,WS Outbound-DCL Inbound,Union,42
10/30/2018 19:30,WS Outbound-DCL Inbound,Union,42
10/30/2018 19:30,WS Outbound-DCL Inbound,Union,42
10/30/2018 19:30,WS Outbound-DCL Inbound,Union,42
10/30/2018 19:30,WS Outbound-DCL Inbound,Union,42
10/30/2018 19:30,WS Outbound-DCL Inbound,Union,42
10/30/2018 19:30,WS Outbound-DCL Inbound,Union,42
10/30/2018 19:30,WS Outbound-DCL Inbound,Union,42
10/30/2018 19:30,WS Outbound-DCL Inbound,Union,42
10/30/2018 19:30,WS Outbound-DCL Inbound,Union,42
10/30/2018 19:30,WS Outbound-DCL Inbound,Union,42
10/30/2018 19:30,WS Outbound-DCL Inbound,Union,42
10/30/2018 19:30,WS Outbound-DCL Inbound,Union,42
10/30/2018 19:30,WS Outbound-DCL Inbound,Union,42
10/30/2018 19:30,WS Outbound-DCL Inbound,Union,42
10/30/2018 19:30,WS Outbound-DCL Inbound,Union,42
10/30/2018 19:30,WS Outbound-DCL Inbound,Union,42
10/30/2018 19:31,WS Outbound-DCL Inbound,Union,42
10/30/2018 19:31,WS Outbound-DCL Inbound,Union,42
10/30/2018 19:31,WS Outbound-DCL Inbound,Union,42
10/30/2018 19:31,WS Outbound-DCL Inbound,Union,42
10/30/2018 19:31,WS Outbound-DCL Inbound,Union,42
10/30/2018 19:32,WS Outbound-DCL Inbound,Union,42
10/30/2018 19:32,WS Outbound-DCL Inbound,Union,42
10/30/2018 19:32,WS Outbound-DCL Inbound,Union,42
10/30/2018 19:32,WS Outbound-DCL Inbound,Union,42
10/30/2018 19:32,WS Outbound-DCL Inbound,Union,42
10/30/2018 19:32,WS Outbound-DCL Inbound,Union,42
10/30/2018 19:32,WS Outbound-DCL Inbound,Union,42
10/30/2018 19:32,WS Outbound-DCL Inbound,Union,42
10/30/2018 19:33,WS Outbound-DCL Inbound,Union,42
10/30/2018 19:33,WS Outbound-DCL Inbound,Union,42
10/30/2018 19:33,WS Outbound-DCL Inbound,Leroy St and Murray IB,526
10/30/2018 19:33,WS Outbound-DCL Inbound,Union,42
10/30/2018 19:33,WS Outbound-DCL Inbound,Union,42
10/30/2018 19:33,WS Outbound-DCL Inbound,Leroy St and Chestnut IB,526
10/30/2018 19:34,WS Outbound-DCL Inbound,Union,42
10/30/2018 19:34,WS Outbound-DCL Inbound,Union,42
10/30/2018 19:34,WS Outbound-DCL Inbound,Union,42
10/30/2018 19:35,WS Outbound-DCL Inbound,Union,42
10/30/2018 19:44,WS Outbound-DCL Inbound,Union,21
10/30/2018 19:44,WS Outbound-DCL Inbound,Union,21
10/30/2018 19:44,WS Outbound-DCL Inbound,Union,21
10/30/2018 19:44,WS Outbound-DCL Inbound,Union,21
10/30/2018 19:45,WS Outbound-DCL Inbound,Union,21
10/30/2018 19:45,WS Outbound-DCL Inbound,Union,21
10/30/2018 19:45,WS Outbound-DCL Inbound,Union,21
10/30/2018 19:45,WS Outbound-DCL Inbound,Union,21
10/30/2018 19:45,WS Outbound-DCL Inbound,Union,21
10/30/2018 19:45,WS Outbound-DCL Inbound,Union,21
10/30/2018 19:45,WS Outbound-DCL Inbound,Union,21
10/30/2018 19:45,WS Outbound-DCL Inbound,Union,21
10/30/2018 19:45,WS Outbound-DCL Inbound,Union,21
10/30/2018 19:45,WS Outbound-DCL Inbound,Union,21
10/30/2018 19:45,WS Outbound-DCL Inbound,Union,21
10/30/2018 19:45,WS Outbound-DCL Inbound,Union,21
10/30/2018 19:45,WS Outbound-DCL Inbound,Union,21
10/30/2018 19:45,WS Outbound-DCL Inbound,Union,21
10/30/2018 19:45,WS Outbound-DCL Inbound,Union,21
10/30/2018 19:45,WS Outbound-DCL Inbound,Union,21
10/30/2018 19:45,WS Outbound-DCL Inbound,Union,21
10/30/2018 19:45,WS Outbound-DCL Inbound,Union,21
10/30/2018 19:45,WS Outbound-DCL Inbound,Union,21
10/30/2018 19:45,WS Outbound-DCL Inbound,Union,21
10/30/2018 19:45,WS Outbound-DCL Inbound,Union,21
10/30/2018 19:46,WS Outbound-DCL Inbound,Union,21
10/30/2018 19:46,WS Outbound-DCL Inbound,Union,21
10/30/2018 19:46,WS Outbound-DCL Inbound,Union,21
10/30/2018 19:46,WS Outbound-DCL Inbound,Union,21
10/30/2018 19:46,WS Outbound-DCL Inbound,Union,21
10/30/2018 19:46,WS Outbound-DCL Inbound,Union,21
10/30/2018 19:49,WS Outbound-DCL Inbound,Main and Helen OB,42
10/30/2018 19:49,WS Outbound-DCL Inbound,Main and Helen OB,42
10/30/2018 19:53,WS Outbound-DCL Inbound,Main and Arthur,42
10/30/2018 19:54,WS Outbound-DCL Inbound,Main and Murray OB,42
10/30/2018 19:54,WS Outbound-DCL Inbound,Main and Murray OB,42
10/30/2018 19:55,WS Outbound-DCL Inbound,Floral and Cleveland OB,21
10/30/2018 19:55,WS Outbound-DCL Inbound,Floral and Cleveland OB,21
10/30/2018 19:55,WS Outbound-DCL Inbound,Floral and Cleveland OB,21
10/30/2018 19:55,WS Outbound-DCL Inbound,Main and Front OB,42
10/30/2018 19:57,WS Outbound-DCL Inbound,Unknown,42
10/30/2018 19:57,WS Outbound-DCL Inbound,Unknown,42
10/30/2018 19:58,WS Outbound-DCL Inbound,Unknown,42
10/30/2018 19:58,WS Outbound-DCL Inbound,Union,526
10/30/2018 19:58,WS Outbound-DCL Inbound,Union,526
10/30/2018 19:58,WS Outbound-DCL Inbound,Union,526
10/30/2018 19:58,WS Outbound-DCL Inbound,Union,526
10/30/2018 19:58,WS Outbound-DCL Inbound,Union,526
10/30/2018 19:58,WS Outbound-DCL Inbound,Union,526
10/30/2018 19:58,WS Outbound-DCL Inbound,Union,526
10/30/2018 19:58,WS Outbound-DCL Inbound,Union,526
10/30/2018 19:58,WS Outbound-DCL Inbound,Union,526
10/30/2018 19:58,WS Outbound-DCL Inbound,Union,526
10/30/2018 19:58,WS Outbound-DCL Inbound,Union,526
10/30/2018 19:58,WS Outbound-DCL Inbound,Union,526
10/30/2018 19:58,WS Outbound-DCL Inbound,Union,526
10/30/2018 19:58,WS Outbound-DCL Inbound,Union,526
10/30/2018 19:58,WS Outbound-DCL Inbound,Union,526
10/30/2018 19:58,WS Outbound-DCL Inbound,Union,526
10/30/2018 19:58,WS Outbound-DCL Inbound,Union,526
10/30/2018 19:58,WS Outbound-DCL Inbound,Union,526
10/30/2018 19:59,WS Outbound-DCL Inbound,Union,526
10/30/2018 19:59,WS Outbound-DCL Inbound,Union,526
10/30/2018 19:59,WS Outbound-DCL Inbound,Union,526
10/30/2018 19:59,WS Outbound-DCL Inbound,Union,526
10/30/2018 19:59,WS Outbound-DCL Inbound,Union,526
10/30/2018 19:59,WS Outbound-DCL Inbound,Union,526
