Start Date:10/08/2018 7:00 AM End Date:10/08/2018 8:00 PM,,,
DateTime,CorridorName,StopName,VehicleID
10/8/2018 7:29,WS Outbound-DCL Inbound,UDC,528
10/8/2018 7:30,WS Outbound-DCL Inbound,UDC,528
10/8/2018 7:40,WS Outbound-DCL Inbound,UDC,528
10/8/2018 7:40,WS Outbound-DCL Inbound,UDC,528
10/8/2018 7:42,WS Outbound-DCL Inbound,Leroy St and Front,528
10/8/2018 7:42,WS Outbound-DCL Inbound,Leroy St and Front,528
10/8/2018 7:43,WS Outbound-DCL Inbound,Leroy St and Murray IB,528
10/8/2018 7:43,WS Outbound-DCL Inbound,Leroy St and Murray IB,528
10/8/2018 7:43,WS Outbound-DCL Inbound,Leroy St and Murray IB,528
10/8/2018 7:43,WS Outbound-DCL Inbound,Leroy St and Murray IB,528
10/8/2018 7:43,WS Outbound-DCL Inbound,Leroy St and Murray IB,528
10/8/2018 7:43,WS Outbound-DCL Inbound,Leroy St and Murray IB,528
10/8/2018 7:43,WS Outbound-DCL Inbound,Leroy St and Murray IB,528
10/8/2018 7:43,WS Outbound-DCL Inbound,Leroy St and Murray IB,528
10/8/2018 7:44,WS Outbound-DCL Inbound,Leroy St and Chestnut IB,528
10/8/2018 7:44,WS Outbound-DCL Inbound,Leroy St and Chestnut IB,528
10/8/2018 7:44,WS Outbound-DCL Inbound,Leroy St and Chestnut IB,528
10/8/2018 7:44,WS Outbound-DCL Inbound,Leroy St and Chestnut IB,528
10/8/2018 7:44,WS Outbound-DCL Inbound,Leroy St and Chestnut IB,528
10/8/2018 7:44,WS Outbound-DCL Inbound,Leroy St and Chestnut IB,528
10/8/2018 7:44,WS Outbound-DCL Inbound,Leroy St and Chestnut IB,528
10/8/2018 7:44,WS Outbound-DCL Inbound,Leroy St and Chestnut IB,528
10/8/2018 7:44,WS Outbound-DCL Inbound,Leroy St and Chestnut IB,528
10/8/2018 7:44,WS Outbound-DCL Inbound,Leroy St and Chestnut IB,528
10/8/2018 7:45,WS Outbound-DCL Inbound,Leroy St and Laurel IB,528
10/8/2018 7:46,WS Outbound-DCL Inbound,Beethoven and Leroy,528
10/8/2018 7:49,WS Outbound-DCL Inbound,UDC,889
10/8/2018 7:49,WS Outbound-DCL Inbound,UDC,889
10/8/2018 7:49,WS Outbound-DCL Inbound,UDC,889
10/8/2018 7:50,WS Outbound-DCL Inbound,UDC,889
10/8/2018 7:50,WS Outbound-DCL Inbound,UDC,889
10/8/2018 7:53,WS Outbound-DCL Inbound,UDC,889
10/8/2018 7:53,WS Outbound-DCL Inbound,UDC,889
10/8/2018 7:53,WS Outbound-DCL Inbound,UDC,889
10/8/2018 7:54,WS Outbound-DCL Inbound,UDC,889
10/8/2018 7:54,WS Outbound-DCL Inbound,UDC,889
10/8/2018 7:57,WS Outbound-DCL Inbound,Leroy St and Front,889
10/8/2018 7:57,WS Outbound-DCL Inbound,Leroy St and Front,889
10/8/2018 7:57,WS Outbound-DCL Inbound,Leroy St and Front,889
10/8/2018 7:58,WS Outbound-DCL Inbound,Leroy St and Murray IB,889
10/8/2018 7:58,WS Outbound-DCL Inbound,Leroy St and Murray IB,889
10/8/2018 7:58,WS Outbound-DCL Inbound,Leroy St and Murray IB,889
10/8/2018 7:58,WS Outbound-DCL Inbound,Leroy St and Murray IB,889
10/8/2018 7:58,WS Outbound-DCL Inbound,Leroy St and Murray IB,889
10/8/2018 7:58,WS Outbound-DCL Inbound,Leroy St and Murray IB,889
10/8/2018 7:58,WS Outbound-DCL Inbound,Leroy St and Murray IB,889
10/8/2018 7:58,WS Outbound-DCL Inbound,Leroy St and Murray IB,889
10/8/2018 7:58,WS Outbound-DCL Inbound,Leroy St and Murray IB,889
10/8/2018 7:58,WS Outbound-DCL Inbound,Leroy St and Murray IB,889
10/8/2018 7:58,WS Outbound-DCL Inbound,Leroy St and Murray IB,889
10/8/2018 7:58,WS Outbound-DCL Inbound,Leroy St and Murray IB,889
10/8/2018 7:59,WS Outbound-DCL Inbound,Leroy St and Murray IB,889
10/8/2018 7:59,WS Outbound-DCL Inbound,Leroy St and Murray IB,889
10/8/2018 7:59,WS Outbound-DCL Inbound,Leroy St and Murray IB,889
10/8/2018 7:59,WS Outbound-DCL Inbound,Leroy St and Murray IB,889
10/8/2018 7:59,WS Outbound-DCL Inbound,Leroy St and Chestnut OB,889
10/8/2018 7:59,WS Outbound-DCL Inbound,Leroy St and Chestnut OB,889
10/8/2018 7:59,WS Outbound-DCL Inbound,Leroy St and Chestnut OB,889
10/8/2018 7:59,WS Outbound-DCL Inbound,Leroy St and Chestnut OB,889
10/8/2018 8:00,WS Outbound-DCL Inbound,Leroy St and Chestnut OB,889
10/8/2018 8:00,WS Outbound-DCL Inbound,Leroy St and Chestnut OB,889
10/8/2018 8:00,WS Outbound-DCL Inbound,Leroy St and Chestnut OB,889
10/8/2018 8:00,WS Outbound-DCL Inbound,Leroy St and Chestnut OB,889
10/8/2018 8:00,WS Outbound-DCL Inbound,Leroy St and Chestnut OB,889
10/8/2018 8:24,WS Outbound-DCL Inbound,UDC,526
10/8/2018 8:24,WS Outbound-DCL Inbound,UDC,526
10/8/2018 8:28,WS Outbound-DCL Inbound,Leroy St and Front,526
10/8/2018 8:29,WS Outbound-DCL Inbound,Leroy St and Murray IB,526
10/8/2018 8:29,WS Outbound-DCL Inbound,Leroy St and Murray IB,526
10/8/2018 8:29,WS Outbound-DCL Inbound,Leroy St and Murray IB,526
10/8/2018 8:29,WS Outbound-DCL Inbound,Leroy St and Murray IB,526
10/8/2018 8:29,WS Outbound-DCL Inbound,Main and Schiller OB,889
10/8/2018 8:29,WS Outbound-DCL Inbound,Leroy St and Murray IB,526
10/8/2018 8:29,WS Outbound-DCL Inbound,Leroy St and Murray IB,526
10/8/2018 8:29,WS Outbound-DCL Inbound,Leroy St and Murray IB,526
10/8/2018 8:29,WS Outbound-DCL Inbound,Leroy St and Murray IB,526
10/8/2018 8:29,WS Outbound-DCL Inbound,Leroy St and Murray IB,526
10/8/2018 8:30,WS Outbound-DCL Inbound,Leroy St and Chestnut OB,526
10/8/2018 8:30,WS Outbound-DCL Inbound,Leroy St and Chestnut OB,526
10/8/2018 8:30,WS Outbound-DCL Inbound,Leroy St and Chestnut OB,526
10/8/2018 8:30,WS Outbound-DCL Inbound,Leroy St and Chestnut OB,526
10/8/2018 8:31,WS Outbound-DCL Inbound,Leroy St and Laurel IB,526
10/8/2018 8:32,WS Outbound-DCL Inbound,Beethoven and Leroy,526
10/8/2018 8:36,WS Outbound-DCL Inbound,Riverside and Columbus IB,526
10/8/2018 8:36,WS Outbound-DCL Inbound,UDC,889
10/8/2018 8:37,WS Outbound-DCL Inbound,UDC,889
10/8/2018 8:40,WS Outbound-DCL Inbound,UDC,889
10/8/2018 8:43,WS Outbound-DCL Inbound,Leroy St and Front,889
10/8/2018 8:43,WS Outbound-DCL Inbound,Leroy St and Front,889
10/8/2018 8:44,WS Outbound-DCL Inbound,Leroy St and Murray IB,889
10/8/2018 8:44,WS Outbound-DCL Inbound,Leroy St and Murray IB,889
10/8/2018 8:44,WS Outbound-DCL Inbound,Leroy St and Murray IB,889
10/8/2018 8:45,WS Outbound-DCL Inbound,Leroy St and Chestnut IB,889
10/8/2018 8:45,WS Outbound-DCL Inbound,Leroy St and Chestnut IB,889
10/8/2018 8:45,WS Outbound-DCL Inbound,Leroy St and Chestnut IB,889
10/8/2018 8:45,WS Outbound-DCL Inbound,Leroy St and Chestnut IB,889
10/8/2018 8:45,WS Outbound-DCL Inbound,Leroy St and Chestnut IB,889
10/8/2018 8:45,WS Outbound-DCL Inbound,Leroy St and Chestnut IB,889
10/8/2018 8:47,WS Outbound-DCL Inbound,Beethoven and Leroy,889
10/8/2018 8:48,WS Outbound-DCL Inbound,Riverside and Beethoven,889
10/8/2018 8:50,WS Outbound-DCL Inbound,UDC,528
10/8/2018 8:50,WS Outbound-DCL Inbound,UDC,528
10/8/2018 8:51,WS Outbound-DCL Inbound,UDC,528
10/8/2018 8:51,WS Outbound-DCL Inbound,UDC,528
10/8/2018 8:52,WS Outbound-DCL Inbound,UDC,528
10/8/2018 8:53,WS Outbound-DCL Inbound,UDC,528
10/8/2018 8:53,WS Outbound-DCL Inbound,UDC,528
10/8/2018 8:53,WS Outbound-DCL Inbound,UDC,528
10/8/2018 8:54,WS Outbound-DCL Inbound,UDC,528
10/8/2018 8:55,WS Outbound-DCL Inbound,UDC,528
10/8/2018 8:55,WS Outbound-DCL Inbound,UDC,528
10/8/2018 8:55,WS Outbound-DCL Inbound,UDC,528
10/8/2018 8:58,WS Outbound-DCL Inbound,Leroy St and Front,528
10/8/2018 8:58,WS Outbound-DCL Inbound,Leroy St and Front,528
10/8/2018 8:58,WS Outbound-DCL Inbound,Leroy St and Front,528
10/8/2018 8:58,WS Outbound-DCL Inbound,Leroy St and Front,528
10/8/2018 8:58,WS Outbound-DCL Inbound,Leroy St and Front,528
10/8/2018 8:58,WS Outbound-DCL Inbound,Leroy St and Front,528
10/8/2018 8:59,WS Outbound-DCL Inbound,Leroy St and Murray IB,528
10/8/2018 8:59,WS Outbound-DCL Inbound,Leroy St and Murray IB,528
10/8/2018 8:59,WS Outbound-DCL Inbound,Leroy St and Murray IB,528
10/8/2018 8:59,WS Outbound-DCL Inbound,Leroy St and Murray IB,528
10/8/2018 8:59,WS Outbound-DCL Inbound,Leroy St and Murray IB,528
10/8/2018 8:59,WS Outbound-DCL Inbound,Leroy St and Murray IB,528
10/8/2018 8:59,WS Outbound-DCL Inbound,Leroy St and Murray IB,528
10/8/2018 8:59,WS Outbound-DCL Inbound,Leroy St and Murray IB,528
10/8/2018 8:59,WS Outbound-DCL Inbound,Leroy St and Murray IB,528
10/8/2018 8:59,WS Outbound-DCL Inbound,Leroy St and Murray IB,528
10/8/2018 8:59,WS Outbound-DCL Inbound,Leroy St and Murray IB,528
10/8/2018 8:59,WS Outbound-DCL Inbound,Leroy St and Murray IB,528
10/8/2018 9:00,WS Outbound-DCL Inbound,Leroy St and Chestnut IB,528
10/8/2018 9:00,WS Outbound-DCL Inbound,Leroy St and Chestnut IB,528
10/8/2018 9:00,WS Outbound-DCL Inbound,Leroy St and Chestnut IB,528
10/8/2018 9:00,WS Outbound-DCL Inbound,Leroy St and Chestnut IB,528
10/8/2018 9:00,WS Outbound-DCL Inbound,Leroy St and Chestnut IB,528
10/8/2018 9:00,WS Outbound-DCL Inbound,Leroy St and Chestnut IB,528
10/8/2018 9:00,WS Outbound-DCL Inbound,Leroy St and Chestnut IB,528
10/8/2018 9:00,WS Outbound-DCL Inbound,Leroy St and Chestnut IB,528
10/8/2018 9:00,WS Outbound-DCL Inbound,Leroy St and Chestnut IB,528
10/8/2018 9:00,WS Outbound-DCL Inbound,Leroy St and Chestnut IB,528
10/8/2018 9:01,WS Outbound-DCL Inbound,Leroy St and Chestnut IB,528
10/8/2018 9:01,WS Outbound-DCL Inbound,Leroy St and Laurel IB,528
10/8/2018 9:01,WS Outbound-DCL Inbound,Leroy St and Laurel IB,528
10/8/2018 9:04,WS Outbound-DCL Inbound,Riverside and Margaret OB,528
10/8/2018 9:06,WS Outbound-DCL Inbound,Riverside and Ethel OB,528
10/8/2018 9:15,WS Outbound-DCL Inbound,Union,21
10/8/2018 9:15,WS Outbound-DCL Inbound,Union,21
10/8/2018 9:15,WS Outbound-DCL Inbound,Union,21
10/8/2018 9:23,WS Outbound-DCL Inbound,UDC,55
10/8/2018 9:26,WS Outbound-DCL Inbound,UDC,55
10/8/2018 9:28,WS Outbound-DCL Inbound,Main and Schiller OB,21
10/8/2018 9:28,WS Outbound-DCL Inbound,Main and Schiller OB,21
10/8/2018 9:28,WS Outbound-DCL Inbound,Leroy St and Front,55
10/8/2018 9:28,WS Outbound-DCL Inbound,Leroy St and Front,55
10/8/2018 9:28,WS Outbound-DCL Inbound,Leroy St and Front,55
10/8/2018 9:29,WS Outbound-DCL Inbound,Leroy St and Murray IB,55
10/8/2018 9:29,WS Outbound-DCL Inbound,Leroy St and Murray IB,55
10/8/2018 9:29,WS Outbound-DCL Inbound,Leroy St and Murray IB,55
10/8/2018 9:29,WS Outbound-DCL Inbound,Leroy St and Murray IB,55
10/8/2018 9:29,WS Outbound-DCL Inbound,Leroy St and Murray IB,55
10/8/2018 9:29,WS Outbound-DCL Inbound,Leroy St and Murray IB,55
10/8/2018 9:30,WS Outbound-DCL Inbound,Leroy St and Chestnut IB,55
10/8/2018 9:30,WS Outbound-DCL Inbound,Leroy St and Chestnut IB,55
10/8/2018 9:30,WS Outbound-DCL Inbound,Leroy St and Chestnut IB,55
10/8/2018 9:30,WS Outbound-DCL Inbound,Leroy St and Chestnut IB,55
10/8/2018 9:31,WS Outbound-DCL Inbound,Leroy St and Laurel IB,55
10/8/2018 9:31,WS Outbound-DCL Inbound,Leroy St and Laurel IB,55
10/8/2018 9:44,WS Outbound-DCL Inbound,Leroy St and Murray IB,21
10/8/2018 9:44,WS Outbound-DCL Inbound,Leroy St and Murray IB,21
10/8/2018 9:44,WS Outbound-DCL Inbound,Leroy St and Murray IB,21
10/8/2018 9:45,WS Outbound-DCL Inbound,Leroy St and Chestnut IB,21
10/8/2018 9:45,WS Outbound-DCL Inbound,Leroy St and Chestnut IB,21
10/8/2018 9:45,WS Outbound-DCL Inbound,Leroy St and Chestnut IB,21
10/8/2018 9:45,WS Outbound-DCL Inbound,Leroy St and Chestnut IB,21
10/8/2018 9:45,WS Outbound-DCL Inbound,Leroy St and Chestnut IB,21
10/8/2018 9:45,WS Outbound-DCL Inbound,Leroy St and Chestnut IB,21
10/8/2018 9:58,WS Outbound-DCL Inbound,Leroy St and Murray IB,37
10/8/2018 9:58,WS Outbound-DCL Inbound,Leroy St and Murray IB,37
10/8/2018 9:58,WS Outbound-DCL Inbound,Leroy St and Murray IB,37
10/8/2018 9:58,WS Outbound-DCL Inbound,Leroy St and Murray IB,37
10/8/2018 9:58,WS Outbound-DCL Inbound,Leroy St and Murray IB,37
10/8/2018 9:58,WS Outbound-DCL Inbound,Mohawk,21
10/8/2018 9:58,WS Outbound-DCL Inbound,Leroy St and Murray IB,37
10/8/2018 9:58,WS Outbound-DCL Inbound,Leroy St and Murray IB,37
10/8/2018 9:58,WS Outbound-DCL Inbound,Leroy St and Murray IB,37
10/8/2018 9:58,WS Outbound-DCL Inbound,Leroy St and Murray IB,37
10/8/2018 9:58,WS Outbound-DCL Inbound,Leroy St and Murray IB,37
10/8/2018 9:58,WS Outbound-DCL Inbound,Leroy St and Murray IB,37
10/8/2018 9:58,WS Outbound-DCL Inbound,Leroy St and Murray IB,37
10/8/2018 9:58,WS Outbound-DCL Inbound,Mohawk,21
10/8/2018 9:59,WS Outbound-DCL Inbound,Mohawk,21
10/8/2018 9:59,WS Outbound-DCL Inbound,Mohawk,21
10/8/2018 9:59,WS Outbound-DCL Inbound,Leroy St and Chestnut IB,37
10/8/2018 9:59,WS Outbound-DCL Inbound,Leroy St and Chestnut IB,37
10/8/2018 9:59,WS Outbound-DCL Inbound,Leroy St and Chestnut IB,37
10/8/2018 10:13,WS Outbound-DCL Inbound,Union,21
10/8/2018 10:13,WS Outbound-DCL Inbound,Union,21
10/8/2018 10:14,WS Outbound-DCL Inbound,Union,21
10/8/2018 10:14,WS Outbound-DCL Inbound,Union,21
10/8/2018 10:14,WS Outbound-DCL Inbound,Union,21
10/8/2018 10:19,WS Outbound-DCL Inbound,Physical Facilities,21
10/8/2018 10:32,WS Outbound-DCL Inbound,Main and Cedar OB,21
10/8/2018 10:45,WS Outbound-DCL Inbound,Leroy St and Murray OB,889
10/8/2018 10:45,WS Outbound-DCL Inbound,Leroy St and Murray OB,889
10/8/2018 10:46,WS Outbound-DCL Inbound,Leroy St and Murray IB,21
10/8/2018 10:46,WS Outbound-DCL Inbound,Leroy St and Murray IB,21
10/8/2018 10:46,WS Outbound-DCL Inbound,Leroy St and Murray IB,21
10/8/2018 10:46,WS Outbound-DCL Inbound,Leroy St and Murray IB,21
10/8/2018 10:46,WS Outbound-DCL Inbound,Leroy St and Murray IB,21
10/8/2018 10:46,WS Outbound-DCL Inbound,Leroy St and Murray IB,21
10/8/2018 10:46,WS Outbound-DCL Inbound,Leroy St and Murray IB,21
10/8/2018 10:47,WS Outbound-DCL Inbound,Leroy St and Murray IB,21
10/8/2018 10:47,WS Outbound-DCL Inbound,Leroy St and Murray IB,21
10/8/2018 10:47,WS Outbound-DCL Inbound,Leroy St and Murray IB,21
10/8/2018 10:47,WS Outbound-DCL Inbound,Leroy St and Murray IB,21
10/8/2018 10:47,WS Outbound-DCL Inbound,Leroy St and Murray IB,21
10/8/2018 10:47,WS Outbound-DCL Inbound,Union,890
10/8/2018 10:47,WS Outbound-DCL Inbound,Union,890
10/8/2018 10:47,WS Outbound-DCL Inbound,Union,890
10/8/2018 10:47,WS Outbound-DCL Inbound,Union,890
10/8/2018 10:47,WS Outbound-DCL Inbound,Union,890
10/8/2018 10:47,WS Outbound-DCL Inbound,Union,890
10/8/2018 10:47,WS Outbound-DCL Inbound,Union,890
10/8/2018 10:47,WS Outbound-DCL Inbound,Union,890
10/8/2018 10:47,WS Outbound-DCL Inbound,Union,890
10/8/2018 10:47,WS Outbound-DCL Inbound,Union,890
10/8/2018 10:48,WS Outbound-DCL Inbound,Union,890
10/8/2018 10:48,WS Outbound-DCL Inbound,Union,890
10/8/2018 10:48,WS Outbound-DCL Inbound,Union,890
10/8/2018 10:48,WS Outbound-DCL Inbound,Union,890
10/8/2018 10:48,WS Outbound-DCL Inbound,Union,890
10/8/2018 10:48,WS Outbound-DCL Inbound,Union,890
10/8/2018 10:48,WS Outbound-DCL Inbound,Union,890
10/8/2018 10:48,WS Outbound-DCL Inbound,Union,890
10/8/2018 10:48,WS Outbound-DCL Inbound,Union,890
10/8/2018 10:48,WS Outbound-DCL Inbound,Union,890
10/8/2018 10:48,WS Outbound-DCL Inbound,Union,890
10/8/2018 10:48,WS Outbound-DCL Inbound,Union,890
10/8/2018 10:48,WS Outbound-DCL Inbound,Union,890
10/8/2018 10:48,WS Outbound-DCL Inbound,Union,890
10/8/2018 10:48,WS Outbound-DCL Inbound,Leroy St and Chestnut IB,21
10/8/2018 10:48,WS Outbound-DCL Inbound,Leroy St and Chestnut IB,21
10/8/2018 10:48,WS Outbound-DCL Inbound,Union,890
10/8/2018 10:48,WS Outbound-DCL Inbound,Leroy St and Chestnut IB,21
10/8/2018 10:48,WS Outbound-DCL Inbound,UDC IB,889
10/8/2018 10:48,WS Outbound-DCL Inbound,Union,890
10/8/2018 10:48,WS Outbound-DCL Inbound,Union,890
10/8/2018 10:51,WS Outbound-DCL Inbound,Physical Facilities,890
10/8/2018 10:54,WS Outbound-DCL Inbound,UDC,526
10/8/2018 10:54,WS Outbound-DCL Inbound,UDC,526
10/8/2018 10:54,WS Outbound-DCL Inbound,UDC,526
10/8/2018 10:54,WS Outbound-DCL Inbound,UDC,526
10/8/2018 10:54,WS Outbound-DCL Inbound,UDC,526
10/8/2018 10:54,WS Outbound-DCL Inbound,UDC,526
10/8/2018 10:54,WS Outbound-DCL Inbound,UDC,526
10/8/2018 10:54,WS Outbound-DCL Inbound,UDC,526
10/8/2018 10:54,WS Outbound-DCL Inbound,UDC,526
10/8/2018 10:54,WS Outbound-DCL Inbound,UDC,526
10/8/2018 10:55,WS Outbound-DCL Inbound,UDC,526
10/8/2018 10:55,WS Outbound-DCL Inbound,UDC,526
10/8/2018 10:55,WS Outbound-DCL Inbound,UDC,526
10/8/2018 10:55,WS Outbound-DCL Inbound,Leroy St and Front,889
10/8/2018 10:55,WS Outbound-DCL Inbound,UDC,526
10/8/2018 10:55,WS Outbound-DCL Inbound,UDC,526
10/8/2018 10:55,WS Outbound-DCL Inbound,UDC,526
10/8/2018 10:55,WS Outbound-DCL Inbound,UDC,526
10/8/2018 10:55,WS Outbound-DCL Inbound,UDC,526
10/8/2018 10:55,WS Outbound-DCL Inbound,UDC,526
10/8/2018 10:56,WS Outbound-DCL Inbound,UDC,526
10/8/2018 10:56,WS Outbound-DCL Inbound,UDC,526
10/8/2018 10:58,WS Outbound-DCL Inbound,Main and Clarke IB,889
10/8/2018 10:59,WS Outbound-DCL Inbound,Leroy St and Front,526
10/8/2018 10:59,WS Outbound-DCL Inbound,Leroy St and Front,526
10/8/2018 10:59,WS Outbound-DCL Inbound,Main and Schiller IB,889
10/8/2018 10:59,WS Outbound-DCL Inbound,Main and Schiller IB,889
10/8/2018 10:59,WS Outbound-DCL Inbound,Main and Schiller IB,889
10/8/2018 11:00,WS Outbound-DCL Inbound,Leroy St and Murray IB,526
10/8/2018 11:00,WS Outbound-DCL Inbound,Leroy St and Murray IB,526
10/8/2018 11:00,WS Outbound-DCL Inbound,Leroy St and Murray IB,526
10/8/2018 11:00,WS Outbound-DCL Inbound,Leroy St and Murray IB,526
10/8/2018 11:00,WS Outbound-DCL Inbound,Leroy St and Murray IB,526
10/8/2018 11:00,WS Outbound-DCL Inbound,Leroy St and Murray IB,526
10/8/2018 11:00,WS Outbound-DCL Inbound,Leroy St and Murray IB,526
10/8/2018 11:00,WS Outbound-DCL Inbound,Leroy St and Murray IB,526
10/8/2018 11:00,WS Outbound-DCL Inbound,Leroy St and Murray IB,526
10/8/2018 11:00,WS Outbound-DCL Inbound,Leroy St and Murray IB,526
10/8/2018 11:00,WS Outbound-DCL Inbound,Leroy St and Murray IB,526
10/8/2018 11:01,WS Outbound-DCL Inbound,Main and Schiller OB,890
10/8/2018 11:01,WS Outbound-DCL Inbound,Main and Schiller OB,890
10/8/2018 11:01,WS Outbound-DCL Inbound,Leroy St and Chestnut OB,526
10/8/2018 11:01,WS Outbound-DCL Inbound,Leroy St and Chestnut OB,526
10/8/2018 11:03,WS Outbound-DCL Inbound,Main and Cedar OB,890
10/8/2018 11:05,WS Outbound-DCL Inbound,Main and Arthur,890
10/8/2018 11:11,WS Outbound-DCL Inbound,Union,889
10/8/2018 11:11,WS Outbound-DCL Inbound,Union,889
10/8/2018 11:11,WS Outbound-DCL Inbound,Union,889
10/8/2018 11:12,WS Outbound-DCL Inbound,Union,889
10/8/2018 11:12,WS Outbound-DCL Inbound,Union,889
10/8/2018 11:12,WS Outbound-DCL Inbound,Union,889
10/8/2018 11:12,WS Outbound-DCL Inbound,Union,889
10/8/2018 11:14,WS Outbound-DCL Inbound,UDC,890
10/8/2018 11:15,WS Outbound-DCL Inbound,UDC,890
10/8/2018 11:15,WS Outbound-DCL Inbound,UDC,890
10/8/2018 11:17,WS Outbound-DCL Inbound,Leroy St and Front,890
10/8/2018 11:18,WS Outbound-DCL Inbound,Leroy St and Murray IB,890
10/8/2018 11:18,WS Outbound-DCL Inbound,Leroy St and Murray IB,890
10/8/2018 11:18,WS Outbound-DCL Inbound,Leroy St and Murray IB,890
10/8/2018 11:18,WS Outbound-DCL Inbound,Leroy St and Murray IB,890
10/8/2018 11:18,WS Outbound-DCL Inbound,Leroy St and Murray IB,890
10/8/2018 11:19,WS Outbound-DCL Inbound,Leroy St and Murray IB,890
10/8/2018 11:19,WS Outbound-DCL Inbound,Leroy St and Murray IB,890
10/8/2018 11:19,WS Outbound-DCL Inbound,Leroy St and Murray IB,890
10/8/2018 11:19,WS Outbound-DCL Inbound,Leroy St and Murray IB,890
10/8/2018 11:19,WS Outbound-DCL Inbound,Leroy St and Murray IB,890
10/8/2018 11:19,WS Outbound-DCL Inbound,Leroy St and Murray IB,890
10/8/2018 11:20,WS Outbound-DCL Inbound,Leroy St and Chestnut IB,890
10/8/2018 11:20,WS Outbound-DCL Inbound,Leroy St and Chestnut IB,890
10/8/2018 11:20,WS Outbound-DCL Inbound,Leroy St and Chestnut IB,890
10/8/2018 11:20,WS Outbound-DCL Inbound,Leroy St and Chestnut IB,890
10/8/2018 11:20,WS Outbound-DCL Inbound,Leroy St and Chestnut IB,890
10/8/2018 11:20,WS Outbound-DCL Inbound,Leroy St and Chestnut IB,890
10/8/2018 11:20,WS Outbound-DCL Inbound,Leroy St and Chestnut IB,890
10/8/2018 11:20,WS Outbound-DCL Inbound,Leroy St and Chestnut IB,890
10/8/2018 11:20,WS Outbound-DCL Inbound,Leroy St and Chestnut IB,890
10/8/2018 11:20,WS Outbound-DCL Inbound,Leroy St and Chestnut IB,890
10/8/2018 11:21,WS Outbound-DCL Inbound,Floral and Willow OB,889
10/8/2018 11:25,WS Outbound-DCL Inbound,Riverside and Columbus IB,890
10/8/2018 11:25,WS Outbound-DCL Inbound,Main and Schiller OB,889
10/8/2018 11:33,WS Outbound-DCL Inbound,Union,890
10/8/2018 11:33,WS Outbound-DCL Inbound,Union,890
10/8/2018 11:33,WS Outbound-DCL Inbound,Union,890
10/8/2018 11:33,WS Outbound-DCL Inbound,Union,890
10/8/2018 11:33,WS Outbound-DCL Inbound,Union,890
10/8/2018 11:37,WS Outbound-DCL Inbound,UDC,889
10/8/2018 11:37,WS Outbound-DCL Inbound,UDC,889
10/8/2018 11:37,WS Outbound-DCL Inbound,UDC,889
10/8/2018 11:40,WS Outbound-DCL Inbound,UDC,889
10/8/2018 11:43,WS Outbound-DCL Inbound,Leroy St and Front,889
10/8/2018 11:44,WS Outbound-DCL Inbound,Leroy St and Murray IB,889
10/8/2018 11:44,WS Outbound-DCL Inbound,Leroy St and Murray IB,889
10/8/2018 11:44,WS Outbound-DCL Inbound,Leroy St and Murray IB,889
10/8/2018 11:44,WS Outbound-DCL Inbound,Leroy St and Murray IB,889
10/8/2018 11:44,WS Outbound-DCL Inbound,Leroy St and Murray IB,889
10/8/2018 11:44,WS Outbound-DCL Inbound,Leroy St and Murray IB,889
10/8/2018 11:46,WS Outbound-DCL Inbound,Leroy St and Laurel IB,889
10/8/2018 11:46,WS Outbound-DCL Inbound,Leroy St and Laurel IB,889
10/8/2018 11:48,WS Outbound-DCL Inbound,Union,21
10/8/2018 11:48,WS Outbound-DCL Inbound,Union,21
10/8/2018 11:48,WS Outbound-DCL Inbound,Union,21
10/8/2018 11:48,WS Outbound-DCL Inbound,Union,21
10/8/2018 11:48,WS Outbound-DCL Inbound,Union,21
10/8/2018 11:48,WS Outbound-DCL Inbound,Union,21
10/8/2018 11:48,WS Outbound-DCL Inbound,Union,21
10/8/2018 11:51,WS Outbound-DCL Inbound,Riverside and Ethel OB,889
10/8/2018 11:59,WS Outbound-DCL Inbound,Union,55
10/8/2018 11:59,WS Outbound-DCL Inbound,Union,55
10/8/2018 12:00,WS Outbound-DCL Inbound,Union,55
10/8/2018 12:00,WS Outbound-DCL Inbound,Union,55
10/8/2018 12:00,WS Outbound-DCL Inbound,Union,55
10/8/2018 12:00,WS Outbound-DCL Inbound,Union,55
10/8/2018 12:00,WS Outbound-DCL Inbound,Union,55
10/8/2018 12:00,WS Outbound-DCL Inbound,Union,55
10/8/2018 12:00,WS Outbound-DCL Inbound,Union,55
10/8/2018 12:00,WS Outbound-DCL Inbound,Union,55
10/8/2018 12:00,WS Outbound-DCL Inbound,Union,55
10/8/2018 12:00,WS Outbound-DCL Inbound,Union,55
10/8/2018 12:00,WS Outbound-DCL Inbound,Union,55
10/8/2018 12:00,WS Outbound-DCL Inbound,Union,55
10/8/2018 12:00,WS Outbound-DCL Inbound,Union,55
10/8/2018 12:00,WS Outbound-DCL Inbound,Union,55
10/8/2018 12:00,WS Outbound-DCL Inbound,Union,55
10/8/2018 12:01,WS Outbound-DCL Inbound,Union,55
10/8/2018 12:01,WS Outbound-DCL Inbound,Union,889
10/8/2018 12:01,WS Outbound-DCL Inbound,Union,889
10/8/2018 12:01,WS Outbound-DCL Inbound,Union,55
10/8/2018 12:01,WS Outbound-DCL Inbound,Union,889
10/8/2018 12:01,WS Outbound-DCL Inbound,Union,55
10/8/2018 12:01,WS Outbound-DCL Inbound,Union,889
10/8/2018 12:01,WS Outbound-DCL Inbound,Union,889
10/8/2018 12:01,WS Outbound-DCL Inbound,Union,889
10/8/2018 12:01,WS Outbound-DCL Inbound,Union,889
10/8/2018 12:01,WS Outbound-DCL Inbound,Union,889
10/8/2018 12:01,WS Outbound-DCL Inbound,Union,889
10/8/2018 12:01,WS Outbound-DCL Inbound,Union,889
10/8/2018 12:02,WS Outbound-DCL Inbound,Union,889
10/8/2018 12:03,WS Outbound-DCL Inbound,Physical Facilities,55
10/8/2018 12:03,WS Outbound-DCL Inbound,Physical Facilities,55
10/8/2018 12:03,WS Outbound-DCL Inbound,Physical Facilities,55
10/8/2018 12:11,WS Outbound-DCL Inbound,UDC,21
10/8/2018 12:11,WS Outbound-DCL Inbound,UDC,21
10/8/2018 12:11,WS Outbound-DCL Inbound,UDC,21
10/8/2018 12:13,WS Outbound-DCL Inbound,Leroy St and Front,21
10/8/2018 12:14,WS Outbound-DCL Inbound,Leroy St and Murray IB,21
10/8/2018 12:14,WS Outbound-DCL Inbound,Leroy St and Murray IB,21
10/8/2018 12:14,WS Outbound-DCL Inbound,Leroy St and Murray IB,21
10/8/2018 12:15,WS Outbound-DCL Inbound,Leroy St and Chestnut IB,21
10/8/2018 12:15,WS Outbound-DCL Inbound,Leroy St and Chestnut IB,21
10/8/2018 12:17,WS Outbound-DCL Inbound,Union,37
10/8/2018 12:17,WS Outbound-DCL Inbound,Union,37
10/8/2018 12:17,WS Outbound-DCL Inbound,Union,37
10/8/2018 12:17,WS Outbound-DCL Inbound,Union,37
10/8/2018 12:17,WS Outbound-DCL Inbound,Union,37
10/8/2018 12:17,WS Outbound-DCL Inbound,Union,37
10/8/2018 12:17,WS Outbound-DCL Inbound,Union,37
10/8/2018 12:17,WS Outbound-DCL Inbound,Union,37
10/8/2018 12:19,WS Outbound-DCL Inbound,Main and Cedar OB,55
10/8/2018 12:21,WS Outbound-DCL Inbound,Main and Murray OB,55
10/8/2018 12:28,WS Outbound-DCL Inbound,UDC,55
10/8/2018 12:28,WS Outbound-DCL Inbound,UDC,55
10/8/2018 12:28,WS Outbound-DCL Inbound,UDC,55
10/8/2018 12:28,WS Outbound-DCL Inbound,UDC,55
10/8/2018 12:28,WS Outbound-DCL Inbound,UDC,55
10/8/2018 12:28,WS Outbound-DCL Inbound,UDC,55
10/8/2018 12:28,WS Outbound-DCL Inbound,UDC,55
10/8/2018 12:28,WS Outbound-DCL Inbound,UDC,55
10/8/2018 12:28,WS Outbound-DCL Inbound,UDC,55
10/8/2018 12:28,WS Outbound-DCL Inbound,UDC,55
10/8/2018 12:28,WS Outbound-DCL Inbound,UDC,55
10/8/2018 12:28,WS Outbound-DCL Inbound,UDC,55
10/8/2018 12:28,WS Outbound-DCL Inbound,UDC,55
10/8/2018 12:28,WS Outbound-DCL Inbound,UDC,55
10/8/2018 12:28,WS Outbound-DCL Inbound,UDC,55
10/8/2018 12:28,WS Outbound-DCL Inbound,UDC,55
10/8/2018 12:28,WS Outbound-DCL Inbound,UDC,55
10/8/2018 12:28,WS Outbound-DCL Inbound,UDC,55
10/8/2018 12:28,WS Outbound-DCL Inbound,UDC,55
10/8/2018 12:28,WS Outbound-DCL Inbound,UDC,55
10/8/2018 12:28,WS Outbound-DCL Inbound,UDC,55
10/8/2018 12:28,WS Outbound-DCL Inbound,UDC,55
10/8/2018 12:28,WS Outbound-DCL Inbound,UDC,55
10/8/2018 12:28,WS Outbound-DCL Inbound,UDC,55
10/8/2018 12:28,WS Outbound-DCL Inbound,UDC,55
10/8/2018 12:28,WS Outbound-DCL Inbound,UDC,55
10/8/2018 12:28,WS Outbound-DCL Inbound,UDC,55
10/8/2018 12:28,WS Outbound-DCL Inbound,UDC,55
10/8/2018 12:28,WS Outbound-DCL Inbound,UDC,55
10/8/2018 12:29,WS Outbound-DCL Inbound,UDC,55
10/8/2018 12:29,WS Outbound-DCL Inbound,UDC,55
10/8/2018 12:29,WS Outbound-DCL Inbound,UDC,55
10/8/2018 12:29,WS Outbound-DCL Inbound,UDC,55
10/8/2018 12:29,WS Outbound-DCL Inbound,UDC,55
10/8/2018 12:29,WS Outbound-DCL Inbound,UDC,55
10/8/2018 12:30,WS Outbound-DCL Inbound,Main and Clarke OB,37
10/8/2018 12:31,WS Outbound-DCL Inbound,Leroy St and Front,55
10/8/2018 12:31,WS Outbound-DCL Inbound,Main and Cedar OB,37
10/8/2018 12:31,WS Outbound-DCL Inbound,Main and Cedar OB,37
10/8/2018 12:43,WS Outbound-DCL Inbound,Academic A,55
10/8/2018 12:45,WS Outbound-DCL Inbound,Leroy St and Front,37
10/8/2018 12:45,WS Outbound-DCL Inbound,Leroy St and Front,37
10/8/2018 12:45,WS Outbound-DCL Inbound,Leroy St and Front,37
10/8/2018 12:46,WS Outbound-DCL Inbound,Leroy St and Murray OB,37
10/8/2018 12:46,WS Outbound-DCL Inbound,Leroy St and Murray OB,37
10/8/2018 12:46,WS Outbound-DCL Inbound,Leroy St and Murray OB,37
10/8/2018 12:46,WS Outbound-DCL Inbound,Leroy St and Murray OB,37
10/8/2018 12:46,WS Outbound-DCL Inbound,Leroy St and Murray OB,37
10/8/2018 12:46,WS Outbound-DCL Inbound,Leroy St and Murray OB,37
10/8/2018 12:46,WS Outbound-DCL Inbound,Leroy St and Murray OB,37
10/8/2018 12:46,WS Outbound-DCL Inbound,Leroy St and Murray OB,37
10/8/2018 12:46,WS Outbound-DCL Inbound,Leroy St and Murray OB,37
10/8/2018 12:46,WS Outbound-DCL Inbound,Leroy St and Murray OB,37
10/8/2018 12:46,WS Outbound-DCL Inbound,Leroy St and Murray OB,37
10/8/2018 12:46,WS Outbound-DCL Inbound,Leroy St and Murray OB,37
10/8/2018 12:46,WS Outbound-DCL Inbound,Leroy St and Murray OB,37
10/8/2018 12:46,WS Outbound-DCL Inbound,Leroy St and Murray OB,37
10/8/2018 12:46,WS Outbound-DCL Inbound,Leroy St and Murray OB,37
10/8/2018 12:46,WS Outbound-DCL Inbound,Leroy St and Murray OB,37
10/8/2018 12:46,WS Outbound-DCL Inbound,Leroy St and Murray OB,37
10/8/2018 12:46,WS Outbound-DCL Inbound,Leroy St and Murray OB,37
10/8/2018 12:47,WS Outbound-DCL Inbound,Leroy St and Murray OB,37
10/8/2018 12:47,WS Outbound-DCL Inbound,Leroy St and Murray OB,37
10/8/2018 12:47,WS Outbound-DCL Inbound,Leroy St and Chestnut OB,37
10/8/2018 12:47,WS Outbound-DCL Inbound,Leroy St and Chestnut OB,37
10/8/2018 12:48,WS Outbound-DCL Inbound,Leroy St and Chestnut OB,37
10/8/2018 12:48,WS Outbound-DCL Inbound,Leroy St and Chestnut OB,37
10/8/2018 12:48,WS Outbound-DCL Inbound,Leroy St and Chestnut OB,37
10/8/2018 12:48,WS Outbound-DCL Inbound,Leroy St and Chestnut OB,37
10/8/2018 12:48,WS Outbound-DCL Inbound,Leroy St and Chestnut OB,37
10/8/2018 12:49,WS Outbound-DCL Inbound,Beethoven and Leroy,37
10/8/2018 12:49,WS Outbound-DCL Inbound,Beethoven and Leroy,37
10/8/2018 12:53,WS Outbound-DCL Inbound,Riverside and Margaret,37
10/8/2018 12:53,WS Outbound-DCL Inbound,Riverside and Margaret,37
10/8/2018 12:53,WS Outbound-DCL Inbound,Riverside and Margaret,37
10/8/2018 12:56,WS Outbound-DCL Inbound,Main and Helen OB,889
10/8/2018 13:04,WS Outbound-DCL Inbound,Union,526
10/8/2018 13:04,WS Outbound-DCL Inbound,Union,526
10/8/2018 13:04,WS Outbound-DCL Inbound,Union,526
10/8/2018 13:04,WS Outbound-DCL Inbound,Union,526
10/8/2018 13:04,WS Outbound-DCL Inbound,Union,526
10/8/2018 13:04,WS Outbound-DCL Inbound,Union,526
10/8/2018 13:04,WS Outbound-DCL Inbound,Union,526
10/8/2018 13:04,WS Outbound-DCL Inbound,Union,526
10/8/2018 13:04,WS Outbound-DCL Inbound,Union,526
10/8/2018 13:04,WS Outbound-DCL Inbound,Union,526
10/8/2018 13:04,WS Outbound-DCL Inbound,Union,526
10/8/2018 13:04,WS Outbound-DCL Inbound,Union,526
10/8/2018 13:04,WS Outbound-DCL Inbound,Union,526
10/8/2018 13:04,WS Outbound-DCL Inbound,Union,526
10/8/2018 13:04,WS Outbound-DCL Inbound,Union,526
10/8/2018 13:05,WS Outbound-DCL Inbound,Union,526
10/8/2018 13:05,WS Outbound-DCL Inbound,Union,526
10/8/2018 13:05,WS Outbound-DCL Inbound,Union,526
10/8/2018 13:05,WS Outbound-DCL Inbound,Union,526
10/8/2018 13:05,WS Outbound-DCL Inbound,Union,526
10/8/2018 13:05,WS Outbound-DCL Inbound,Union,526
10/8/2018 13:05,WS Outbound-DCL Inbound,Union,526
10/8/2018 13:05,WS Outbound-DCL Inbound,UDC,889
10/8/2018 13:06,WS Outbound-DCL Inbound,UDC,889
10/8/2018 13:06,WS Outbound-DCL Inbound,UDC,889
10/8/2018 13:06,WS Outbound-DCL Inbound,UDC,889
10/8/2018 13:06,WS Outbound-DCL Inbound,UDC,889
10/8/2018 13:06,WS Outbound-DCL Inbound,UDC,889
10/8/2018 13:06,WS Outbound-DCL Inbound,UDC,889
10/8/2018 13:06,WS Outbound-DCL Inbound,UDC,889
10/8/2018 13:06,WS Outbound-DCL Inbound,UDC,889
10/8/2018 13:07,WS Outbound-DCL Inbound,UDC,889
10/8/2018 13:07,WS Outbound-DCL Inbound,UDC,889
10/8/2018 13:10,WS Outbound-DCL Inbound,Physical Facilities,526
10/8/2018 13:10,WS Outbound-DCL Inbound,Physical Facilities,526
10/8/2018 13:10,WS Outbound-DCL Inbound,UDC,889
10/8/2018 13:13,WS Outbound-DCL Inbound,Leroy St and Murray IB,889
10/8/2018 13:13,WS Outbound-DCL Inbound,Leroy St and Murray IB,889
10/8/2018 13:13,WS Outbound-DCL Inbound,Leroy St and Murray IB,889
10/8/2018 13:14,WS Outbound-DCL Inbound,Leroy St and Chestnut IB,889
10/8/2018 13:14,WS Outbound-DCL Inbound,Leroy St and Chestnut IB,889
10/8/2018 13:14,WS Outbound-DCL Inbound,Leroy St and Chestnut IB,889
10/8/2018 13:14,WS Outbound-DCL Inbound,Leroy St and Chestnut IB,889
10/8/2018 13:14,WS Outbound-DCL Inbound,Leroy St and Chestnut IB,889
10/8/2018 13:15,WS Outbound-DCL Inbound,Leroy St and Laurel IB,889
10/8/2018 13:16,WS Outbound-DCL Inbound,Beethoven and Leroy,889
10/8/2018 13:23,WS Outbound-DCL Inbound,Main and Arthur,526
10/8/2018 13:24,WS Outbound-DCL Inbound,Main and Murray OB,526
10/8/2018 13:29,WS Outbound-DCL Inbound,UDC,526
10/8/2018 13:29,WS Outbound-DCL Inbound,UDC,526
10/8/2018 13:29,WS Outbound-DCL Inbound,UDC,526
10/8/2018 13:29,WS Outbound-DCL Inbound,UDC,526
10/8/2018 13:30,WS Outbound-DCL Inbound,UDC,526
10/8/2018 13:30,WS Outbound-DCL Inbound,UDC,526
10/8/2018 13:30,WS Outbound-DCL Inbound,UDC,526
10/8/2018 13:34,WS Outbound-DCL Inbound,Leroy St and Chestnut OB,526
10/8/2018 13:34,WS Outbound-DCL Inbound,Leroy St and Chestnut OB,526
10/8/2018 13:35,WS Outbound-DCL Inbound,Leroy St and Laurel IB,526
10/8/2018 13:36,WS Outbound-DCL Inbound,Hawley OB,21
10/8/2018 13:37,WS Outbound-DCL Inbound,UDC,21
10/8/2018 13:37,WS Outbound-DCL Inbound,UDC,21
10/8/2018 13:37,WS Outbound-DCL Inbound,UDC,21
10/8/2018 13:37,WS Outbound-DCL Inbound,UDC,21
10/8/2018 13:37,WS Outbound-DCL Inbound,UDC,21
10/8/2018 13:37,WS Outbound-DCL Inbound,Riverside and Beethoven,526
10/8/2018 13:37,WS Outbound-DCL Inbound,UDC,21
10/8/2018 13:38,WS Outbound-DCL Inbound,UDC,21
10/8/2018 13:44,WS Outbound-DCL Inbound,Union,37
10/8/2018 13:44,WS Outbound-DCL Inbound,Union,37
10/8/2018 13:44,WS Outbound-DCL Inbound,Union,37
10/8/2018 13:44,WS Outbound-DCL Inbound,Union,37
10/8/2018 13:44,WS Outbound-DCL Inbound,Union,37
10/8/2018 13:44,WS Outbound-DCL Inbound,Union,37
10/8/2018 13:44,WS Outbound-DCL Inbound,Union,37
10/8/2018 13:44,WS Outbound-DCL Inbound,Union,37
10/8/2018 13:44,WS Outbound-DCL Inbound,Union,37
10/8/2018 13:44,WS Outbound-DCL Inbound,Union,37
10/8/2018 13:44,WS Outbound-DCL Inbound,Union,37
10/8/2018 13:44,WS Outbound-DCL Inbound,Union,37
10/8/2018 13:45,WS Outbound-DCL Inbound,Union,37
10/8/2018 13:45,WS Outbound-DCL Inbound,Union,37
10/8/2018 13:48,WS Outbound-DCL Inbound,Leroy St and Front,21
10/8/2018 13:48,WS Outbound-DCL Inbound,Physical Facilities,37
10/8/2018 13:49,WS Outbound-DCL Inbound,Leroy St and Murray IB,21
10/8/2018 13:49,WS Outbound-DCL Inbound,Leroy St and Murray IB,21
10/8/2018 13:49,WS Outbound-DCL Inbound,Leroy St and Murray IB,21
10/8/2018 13:49,WS Outbound-DCL Inbound,Leroy St and Murray IB,21
10/8/2018 13:49,WS Outbound-DCL Inbound,Leroy St and Murray IB,21
10/8/2018 13:49,WS Outbound-DCL Inbound,Leroy St and Murray IB,21
10/8/2018 13:49,WS Outbound-DCL Inbound,Leroy St and Murray IB,21
10/8/2018 13:49,WS Outbound-DCL Inbound,Leroy St and Murray IB,21
10/8/2018 13:49,WS Outbound-DCL Inbound,Leroy St and Murray IB,21
10/8/2018 13:49,WS Outbound-DCL Inbound,Leroy St and Murray IB,21
10/8/2018 13:49,WS Outbound-DCL Inbound,Leroy St and Murray IB,21
10/8/2018 13:49,WS Outbound-DCL Inbound,Leroy St and Murray IB,21
10/8/2018 13:49,WS Outbound-DCL Inbound,Leroy St and Murray IB,21
10/8/2018 13:49,WS Outbound-DCL Inbound,Leroy St and Murray IB,21
10/8/2018 13:49,WS Outbound-DCL Inbound,Leroy St and Murray IB,21
10/8/2018 13:49,WS Outbound-DCL Inbound,Leroy St and Murray IB,21
10/8/2018 13:50,WS Outbound-DCL Inbound,Leroy St and Chestnut IB,21
10/8/2018 13:50,WS Outbound-DCL Inbound,Leroy St and Chestnut IB,21
10/8/2018 13:50,WS Outbound-DCL Inbound,Leroy St and Chestnut IB,21
10/8/2018 13:50,WS Outbound-DCL Inbound,Leroy St and Chestnut IB,21
10/8/2018 13:50,WS Outbound-DCL Inbound,Leroy St and Chestnut IB,21
10/8/2018 13:56,WS Outbound-DCL Inbound,Mohawk,889
10/8/2018 13:57,WS Outbound-DCL Inbound,Mohawk,889
10/8/2018 13:58,WS Outbound-DCL Inbound,Mohawk,889
10/8/2018 13:58,WS Outbound-DCL Inbound,Union,528
10/8/2018 13:58,WS Outbound-DCL Inbound,Union,528
10/8/2018 13:58,WS Outbound-DCL Inbound,Union,528
10/8/2018 13:58,WS Outbound-DCL Inbound,Union,528
10/8/2018 13:58,WS Outbound-DCL Inbound,Union,528
10/8/2018 13:59,WS Outbound-DCL Inbound,Union,528
10/8/2018 13:59,WS Outbound-DCL Inbound,Union,528
10/8/2018 13:59,WS Outbound-DCL Inbound,Union,528
10/8/2018 13:59,WS Outbound-DCL Inbound,Union,528
10/8/2018 13:59,WS Outbound-DCL Inbound,Union,528
10/8/2018 14:00,WS Outbound-DCL Inbound,Mohawk,889
10/8/2018 14:00,WS Outbound-DCL Inbound,Union,528
10/8/2018 14:00,WS Outbound-DCL Inbound,Union,528
10/8/2018 14:00,WS Outbound-DCL Inbound,Main and Schiller OB,37
10/8/2018 14:09,WS Outbound-DCL Inbound,UDC,37
10/8/2018 14:09,WS Outbound-DCL Inbound,UDC,37
10/8/2018 14:09,WS Outbound-DCL Inbound,UDC,37
10/8/2018 14:09,WS Outbound-DCL Inbound,UDC,37
10/8/2018 14:09,WS Outbound-DCL Inbound,UDC,37
10/8/2018 14:13,WS Outbound-DCL Inbound,Leroy St and Murray IB,37
10/8/2018 14:13,WS Outbound-DCL Inbound,Leroy St and Murray IB,37
10/8/2018 14:13,WS Outbound-DCL Inbound,Leroy St and Murray IB,37
10/8/2018 14:13,WS Outbound-DCL Inbound,Leroy St and Murray IB,37
10/8/2018 14:13,WS Outbound-DCL Inbound,Leroy St and Murray IB,37
10/8/2018 14:13,WS Outbound-DCL Inbound,Leroy St and Murray IB,37
10/8/2018 14:14,WS Outbound-DCL Inbound,Leroy St and Chestnut IB,37
10/8/2018 14:14,WS Outbound-DCL Inbound,Leroy St and Chestnut IB,37
10/8/2018 14:14,WS Outbound-DCL Inbound,Leroy St and Chestnut IB,37
10/8/2018 14:14,WS Outbound-DCL Inbound,Leroy St and Chestnut IB,37
10/8/2018 14:14,WS Outbound-DCL Inbound,Leroy St and Chestnut IB,37
10/8/2018 14:14,WS Outbound-DCL Inbound,Leroy St and Chestnut IB,37
10/8/2018 14:14,WS Outbound-DCL Inbound,Leroy St and Chestnut IB,37
10/8/2018 14:20,WS Outbound-DCL Inbound,UDC,528
10/8/2018 14:21,WS Outbound-DCL Inbound,UDC,528
10/8/2018 14:22,WS Outbound-DCL Inbound,UDC,528
10/8/2018 14:24,WS Outbound-DCL Inbound,UDC,528
10/8/2018 14:24,WS Outbound-DCL Inbound,UDC,528
10/8/2018 14:24,WS Outbound-DCL Inbound,UDC,528
10/8/2018 14:27,WS Outbound-DCL Inbound,Leroy St and Murray IB,528
10/8/2018 14:27,WS Outbound-DCL Inbound,Leroy St and Murray IB,528
10/8/2018 14:27,WS Outbound-DCL Inbound,Leroy St and Murray IB,528
10/8/2018 14:27,WS Outbound-DCL Inbound,Leroy St and Murray IB,528
10/8/2018 14:27,WS Outbound-DCL Inbound,Leroy St and Murray IB,528
10/8/2018 14:28,WS Outbound-DCL Inbound,Leroy St and Murray IB,528
10/8/2018 14:28,WS Outbound-DCL Inbound,Leroy St and Murray IB,528
10/8/2018 14:28,WS Outbound-DCL Inbound,Leroy St and Murray IB,528
10/8/2018 14:29,WS Outbound-DCL Inbound,Leroy St and Chestnut IB,528
10/8/2018 14:29,WS Outbound-DCL Inbound,Leroy St and Chestnut IB,528
10/8/2018 14:29,WS Outbound-DCL Inbound,Leroy St and Chestnut IB,528
10/8/2018 14:29,WS Outbound-DCL Inbound,Leroy St and Chestnut IB,528
10/8/2018 14:29,WS Outbound-DCL Inbound,Leroy St and Chestnut IB,528
10/8/2018 14:29,WS Outbound-DCL Inbound,Leroy St and Chestnut IB,528
10/8/2018 14:34,WS Outbound-DCL Inbound,Riverside and Margaret OB,528
10/8/2018 14:40,WS Outbound-DCL Inbound,Academic A,528
10/8/2018 14:43,WS Outbound-DCL Inbound,Main and Helen OB,55
10/8/2018 14:44,WS Outbound-DCL Inbound,Union,526
10/8/2018 14:44,WS Outbound-DCL Inbound,Union,526
10/8/2018 14:45,WS Outbound-DCL Inbound,Union,526
10/8/2018 14:45,WS Outbound-DCL Inbound,Union,526
10/8/2018 14:46,WS Outbound-DCL Inbound,Main and Cedar OB,55
10/8/2018 14:53,WS Outbound-DCL Inbound,UDC,55
10/8/2018 14:54,WS Outbound-DCL Inbound,UDC,55
10/8/2018 14:57,WS Outbound-DCL Inbound,Leroy St and Front,55
10/8/2018 14:57,WS Outbound-DCL Inbound,Leroy St and Front,55
10/8/2018 14:57,WS Outbound-DCL Inbound,Leroy St and Front,55
10/8/2018 14:58,WS Outbound-DCL Inbound,Leroy St and Murray IB,55
10/8/2018 14:58,WS Outbound-DCL Inbound,Leroy St and Murray IB,55
10/8/2018 14:58,WS Outbound-DCL Inbound,Leroy St and Murray IB,55
10/8/2018 14:58,WS Outbound-DCL Inbound,Leroy St and Murray IB,55
10/8/2018 14:58,WS Outbound-DCL Inbound,Leroy St and Murray IB,55
10/8/2018 14:58,WS Outbound-DCL Inbound,Leroy St and Murray IB,55
10/8/2018 14:58,WS Outbound-DCL Inbound,Leroy St and Murray IB,55
10/8/2018 14:58,WS Outbound-DCL Inbound,Leroy St and Murray IB,55
10/8/2018 14:58,WS Outbound-DCL Inbound,Main and Matthews,526
10/8/2018 14:58,WS Outbound-DCL Inbound,Main and Matthews,526
10/8/2018 14:59,WS Outbound-DCL Inbound,Leroy St and Chestnut IB,55
10/8/2018 14:59,WS Outbound-DCL Inbound,Leroy St and Chestnut IB,55
10/8/2018 14:59,WS Outbound-DCL Inbound,Leroy St and Chestnut IB,55
10/8/2018 15:00,WS Outbound-DCL Inbound,Main and Helen OB,526
10/8/2018 15:01,WS Outbound-DCL Inbound,Beethoven and Leroy,55
10/8/2018 15:01,WS Outbound-DCL Inbound,Beethoven and Leroy,55
10/8/2018 15:01,WS Outbound-DCL Inbound,Beethoven and Leroy,55
10/8/2018 15:13,WS Outbound-DCL Inbound,Union,37
10/8/2018 15:13,WS Outbound-DCL Inbound,Union,37
10/8/2018 15:13,WS Outbound-DCL Inbound,Union,37
10/8/2018 15:13,WS Outbound-DCL Inbound,Union,37
10/8/2018 15:13,WS Outbound-DCL Inbound,Union,37
10/8/2018 15:13,WS Outbound-DCL Inbound,Union,37
10/8/2018 15:13,WS Outbound-DCL Inbound,Union,37
10/8/2018 15:13,WS Outbound-DCL Inbound,Union,37
10/8/2018 15:13,WS Outbound-DCL Inbound,Union,37
10/8/2018 15:13,WS Outbound-DCL Inbound,Union,37
10/8/2018 15:13,WS Outbound-DCL Inbound,Union,37
10/8/2018 15:14,WS Outbound-DCL Inbound,Leroy St and Murray IB,526
10/8/2018 15:14,WS Outbound-DCL Inbound,Leroy St and Murray IB,526
10/8/2018 15:15,WS Outbound-DCL Inbound,Leroy St and Chestnut OB,526
10/8/2018 15:15,WS Outbound-DCL Inbound,Leroy St and Chestnut OB,526
10/8/2018 15:21,WS Outbound-DCL Inbound,Riverside and Ethel OB,526
10/8/2018 15:29,WS Outbound-DCL Inbound,Main and Helen OB,37
10/8/2018 15:34,WS Outbound-DCL Inbound,Union,891
10/8/2018 15:34,WS Outbound-DCL Inbound,Union,891
10/8/2018 15:34,WS Outbound-DCL Inbound,Union,891
10/8/2018 15:34,WS Outbound-DCL Inbound,Union,891
10/8/2018 15:34,WS Outbound-DCL Inbound,Union,891
10/8/2018 15:34,WS Outbound-DCL Inbound,Union,891
10/8/2018 15:34,WS Outbound-DCL Inbound,Union,891
10/8/2018 15:34,WS Outbound-DCL Inbound,Union,891
10/8/2018 15:34,WS Outbound-DCL Inbound,Union,891
10/8/2018 15:34,WS Outbound-DCL Inbound,Union,891
10/8/2018 15:34,WS Outbound-DCL Inbound,Union,891
10/8/2018 15:34,WS Outbound-DCL Inbound,Union,891
10/8/2018 15:34,WS Outbound-DCL Inbound,Union,891
10/8/2018 15:34,WS Outbound-DCL Inbound,Union,891
10/8/2018 15:34,WS Outbound-DCL Inbound,Union,891
10/8/2018 15:34,WS Outbound-DCL Inbound,Union,891
10/8/2018 15:34,WS Outbound-DCL Inbound,Union,891
10/8/2018 15:34,WS Outbound-DCL Inbound,Union,891
10/8/2018 15:34,WS Outbound-DCL Inbound,Union,891
10/8/2018 15:34,WS Outbound-DCL Inbound,Union,891
10/8/2018 15:34,WS Outbound-DCL Inbound,Union,891
10/8/2018 15:34,WS Outbound-DCL Inbound,Union,891
10/8/2018 15:34,WS Outbound-DCL Inbound,Union,891
10/8/2018 15:35,WS Outbound-DCL Inbound,Union,891
10/8/2018 15:35,WS Outbound-DCL Inbound,Union,891
10/8/2018 15:35,WS Outbound-DCL Inbound,Union,891
10/8/2018 15:35,WS Outbound-DCL Inbound,Union,891
10/8/2018 15:35,WS Outbound-DCL Inbound,Union,891
10/8/2018 15:35,WS Outbound-DCL Inbound,Union,891
10/8/2018 15:35,WS Outbound-DCL Inbound,Union,891
10/8/2018 15:35,WS Outbound-DCL Inbound,Union,891
10/8/2018 15:35,WS Outbound-DCL Inbound,Union,891
10/8/2018 15:35,WS Outbound-DCL Inbound,Union,891
10/8/2018 15:35,WS Outbound-DCL Inbound,Union,891
10/8/2018 15:35,WS Outbound-DCL Inbound,Union,891
10/8/2018 15:35,WS Outbound-DCL Inbound,Union,891
10/8/2018 15:35,WS Outbound-DCL Inbound,UDC,37
10/8/2018 15:36,WS Outbound-DCL Inbound,UDC,37
10/8/2018 15:36,WS Outbound-DCL Inbound,UDC,37
10/8/2018 15:36,WS Outbound-DCL Inbound,UDC,37
10/8/2018 15:36,WS Outbound-DCL Inbound,UDC,37
10/8/2018 15:36,WS Outbound-DCL Inbound,UDC,37
10/8/2018 15:36,WS Outbound-DCL Inbound,UDC,37
10/8/2018 15:40,WS Outbound-DCL Inbound,Denny''s,891
10/8/2018 15:42,WS Outbound-DCL Inbound,Leroy St and Front,37
10/8/2018 15:42,WS Outbound-DCL Inbound,Leroy St and Front,37
10/8/2018 15:42,WS Outbound-DCL Inbound,Leroy St and Front,37
10/8/2018 15:43,WS Outbound-DCL Inbound,Leroy St and Murray IB,37
10/8/2018 15:43,WS Outbound-DCL Inbound,Leroy St and Murray IB,37
10/8/2018 15:43,WS Outbound-DCL Inbound,Leroy St and Murray IB,37
10/8/2018 15:43,WS Outbound-DCL Inbound,Leroy St and Murray IB,37
10/8/2018 15:43,WS Outbound-DCL Inbound,Leroy St and Chestnut IB,37
10/8/2018 15:43,WS Outbound-DCL Inbound,Leroy St and Chestnut IB,37
10/8/2018 15:43,WS Outbound-DCL Inbound,Leroy St and Chestnut IB,37
10/8/2018 15:43,WS Outbound-DCL Inbound,Leroy St and Chestnut IB,37
10/8/2018 15:44,WS Outbound-DCL Inbound,Leroy St and Chestnut IB,37
10/8/2018 15:44,WS Outbound-DCL Inbound,Leroy St and Chestnut IB,37
10/8/2018 15:59,WS Outbound-DCL Inbound,Main and Front IB,891
10/8/2018 16:02,WS Outbound-DCL Inbound,UDC,891
10/8/2018 16:02,WS Outbound-DCL Inbound,UDC,891
10/8/2018 16:02,WS Outbound-DCL Inbound,UDC,891
10/8/2018 16:02,WS Outbound-DCL Inbound,UDC,891
10/8/2018 16:02,WS Outbound-DCL Inbound,UDC,891
10/8/2018 16:02,WS Outbound-DCL Inbound,UDC,891
10/8/2018 16:02,WS Outbound-DCL Inbound,UDC,891
10/8/2018 16:02,WS Outbound-DCL Inbound,UDC,891
10/8/2018 16:02,WS Outbound-DCL Inbound,UDC,891
10/8/2018 16:02,WS Outbound-DCL Inbound,Union,526
10/8/2018 16:03,WS Outbound-DCL Inbound,Union,526
10/8/2018 16:03,WS Outbound-DCL Inbound,Union,526
10/8/2018 16:03,WS Outbound-DCL Inbound,Union,526
10/8/2018 16:03,WS Outbound-DCL Inbound,Union,526
10/8/2018 16:03,WS Outbound-DCL Inbound,Union,526
10/8/2018 16:03,WS Outbound-DCL Inbound,Union,526
10/8/2018 16:03,WS Outbound-DCL Inbound,Union,526
10/8/2018 16:03,WS Outbound-DCL Inbound,Union,526
10/8/2018 16:03,WS Outbound-DCL Inbound,Union,526
10/8/2018 16:03,WS Outbound-DCL Inbound,Union,526
10/8/2018 16:03,WS Outbound-DCL Inbound,Union,526
10/8/2018 16:03,WS Outbound-DCL Inbound,Union,526
10/8/2018 16:03,WS Outbound-DCL Inbound,Union,526
10/8/2018 16:03,WS Outbound-DCL Inbound,Union,526
10/8/2018 16:03,WS Outbound-DCL Inbound,Union,526
10/8/2018 16:03,WS Outbound-DCL Inbound,Union,526
10/8/2018 16:03,WS Outbound-DCL Inbound,Union,526
10/8/2018 16:03,WS Outbound-DCL Inbound,Union,526
10/8/2018 16:03,WS Outbound-DCL Inbound,Union,526
10/8/2018 16:03,WS Outbound-DCL Inbound,Union,526
10/8/2018 16:03,WS Outbound-DCL Inbound,Union,526
10/8/2018 16:03,WS Outbound-DCL Inbound,Union,526
10/8/2018 16:04,WS Outbound-DCL Inbound,Leroy St and Front,891
10/8/2018 16:04,WS Outbound-DCL Inbound,Leroy St and Front,891
10/8/2018 16:04,WS Outbound-DCL Inbound,Leroy St and Front,891
10/8/2018 16:04,WS Outbound-DCL Inbound,Leroy St and Front,891
10/8/2018 16:05,WS Outbound-DCL Inbound,Leroy St and Murray IB,891
10/8/2018 16:05,WS Outbound-DCL Inbound,Leroy St and Murray IB,891
10/8/2018 16:05,WS Outbound-DCL Inbound,Leroy St and Murray IB,891
10/8/2018 16:05,WS Outbound-DCL Inbound,Leroy St and Murray IB,891
10/8/2018 16:05,WS Outbound-DCL Inbound,Leroy St and Murray IB,891
10/8/2018 16:06,WS Outbound-DCL Inbound,Leroy St and Murray IB,891
10/8/2018 16:06,WS Outbound-DCL Inbound,Leroy St and Murray IB,891
10/8/2018 16:06,WS Outbound-DCL Inbound,Leroy St and Murray IB,891
10/8/2018 16:06,WS Outbound-DCL Inbound,Leroy St and Murray IB,891
10/8/2018 16:06,WS Outbound-DCL Inbound,Leroy St and Chestnut IB,891
10/8/2018 16:06,WS Outbound-DCL Inbound,Leroy St and Chestnut IB,891
10/8/2018 16:07,WS Outbound-DCL Inbound,Leroy St and Chestnut IB,891
10/8/2018 16:07,WS Outbound-DCL Inbound,Leroy St and Chestnut IB,891
10/8/2018 16:07,WS Outbound-DCL Inbound,Leroy St and Chestnut IB,891
10/8/2018 16:07,WS Outbound-DCL Inbound,Leroy St and Chestnut IB,891
10/8/2018 16:07,WS Outbound-DCL Inbound,Leroy St and Laurel IB,891
10/8/2018 16:07,WS Outbound-DCL Inbound,Leroy St and Laurel IB,891
10/8/2018 16:13,WS Outbound-DCL Inbound,Floral and Harrison OB,526
10/8/2018 16:13,WS Outbound-DCL Inbound,Union,528
10/8/2018 16:13,WS Outbound-DCL Inbound,Union,528
10/8/2018 16:13,WS Outbound-DCL Inbound,Union,528
10/8/2018 16:13,WS Outbound-DCL Inbound,Union,528
10/8/2018 16:13,WS Outbound-DCL Inbound,Union,528
10/8/2018 16:13,WS Outbound-DCL Inbound,Union,528
10/8/2018 16:14,WS Outbound-DCL Inbound,Union,528
10/8/2018 16:14,WS Outbound-DCL Inbound,Union,528
10/8/2018 16:14,WS Outbound-DCL Inbound,Union,528
10/8/2018 16:14,WS Outbound-DCL Inbound,Union,528
10/8/2018 16:14,WS Outbound-DCL Inbound,Union,528
10/8/2018 16:14,WS Outbound-DCL Inbound,Union,528
10/8/2018 16:14,WS Outbound-DCL Inbound,Union,528
10/8/2018 16:14,WS Outbound-DCL Inbound,Union,528
10/8/2018 16:14,WS Outbound-DCL Inbound,Union,528
10/8/2018 16:14,WS Outbound-DCL Inbound,Union,528
10/8/2018 16:14,WS Outbound-DCL Inbound,Union,528
10/8/2018 16:14,WS Outbound-DCL Inbound,Union,528
10/8/2018 16:14,WS Outbound-DCL Inbound,Union,528
10/8/2018 16:14,WS Outbound-DCL Inbound,Union,528
10/8/2018 16:14,WS Outbound-DCL Inbound,Union,528
10/8/2018 16:14,WS Outbound-DCL Inbound,Union,528
10/8/2018 16:14,WS Outbound-DCL Inbound,Union,528
10/8/2018 16:14,WS Outbound-DCL Inbound,Union,528
10/8/2018 16:14,WS Outbound-DCL Inbound,Union,528
10/8/2018 16:14,WS Outbound-DCL Inbound,Union,528
10/8/2018 16:14,WS Outbound-DCL Inbound,Union,528
10/8/2018 16:14,WS Outbound-DCL Inbound,Union,528
10/8/2018 16:14,WS Outbound-DCL Inbound,Union,528
10/8/2018 16:14,WS Outbound-DCL Inbound,Union,528
10/8/2018 16:15,WS Outbound-DCL Inbound,Union,528
10/8/2018 16:15,WS Outbound-DCL Inbound,Union,528
10/8/2018 16:15,WS Outbound-DCL Inbound,Union,528
10/8/2018 16:15,WS Outbound-DCL Inbound,Union,528
10/8/2018 16:16,WS Outbound-DCL Inbound,Union,528
10/8/2018 16:16,WS Outbound-DCL Inbound,Union,528
10/8/2018 16:17,WS Outbound-DCL Inbound,Union,528
10/8/2018 16:19,WS Outbound-DCL Inbound,Physical Facilities,528
10/8/2018 16:19,WS Outbound-DCL Inbound,Physical Facilities,528
10/8/2018 16:20,WS Outbound-DCL Inbound,Main and Cedar OB,526
10/8/2018 16:20,WS Outbound-DCL Inbound,Main and Cedar OB,526
10/8/2018 16:20,WS Outbound-DCL Inbound,Main and Cedar OB,526
10/8/2018 16:21,WS Outbound-DCL Inbound,Main and Arthur,526
10/8/2018 16:26,WS Outbound-DCL Inbound,UDC,526
10/8/2018 16:26,WS Outbound-DCL Inbound,UDC,526
10/8/2018 16:26,WS Outbound-DCL Inbound,UDC,526
10/8/2018 16:26,WS Outbound-DCL Inbound,UDC,526
10/8/2018 16:26,WS Outbound-DCL Inbound,UDC,526
10/8/2018 16:28,WS Outbound-DCL Inbound,Union,37
10/8/2018 16:28,WS Outbound-DCL Inbound,Union,37
10/8/2018 16:28,WS Outbound-DCL Inbound,Union,37
10/8/2018 16:28,WS Outbound-DCL Inbound,Union,37
10/8/2018 16:28,WS Outbound-DCL Inbound,Union,37
10/8/2018 16:28,WS Outbound-DCL Inbound,Union,37
10/8/2018 16:28,WS Outbound-DCL Inbound,Union,37
10/8/2018 16:28,WS Outbound-DCL Inbound,Union,37
10/8/2018 16:28,WS Outbound-DCL Inbound,Union,37
10/8/2018 16:28,WS Outbound-DCL Inbound,Union,37
10/8/2018 16:28,WS Outbound-DCL Inbound,Union,37
10/8/2018 16:28,WS Outbound-DCL Inbound,Union,37
10/8/2018 16:28,WS Outbound-DCL Inbound,Union,37
10/8/2018 16:28,WS Outbound-DCL Inbound,Union,37
10/8/2018 16:28,WS Outbound-DCL Inbound,Union,37
10/8/2018 16:28,WS Outbound-DCL Inbound,Union,37
10/8/2018 16:28,WS Outbound-DCL Inbound,Union,37
10/8/2018 16:29,WS Outbound-DCL Inbound,Union,37
10/8/2018 16:29,WS Outbound-DCL Inbound,Union,37
10/8/2018 16:29,WS Outbound-DCL Inbound,Union,37
10/8/2018 16:29,WS Outbound-DCL Inbound,Union,37
10/8/2018 16:29,WS Outbound-DCL Inbound,Union,37
10/8/2018 16:29,WS Outbound-DCL Inbound,Union,37
10/8/2018 16:29,WS Outbound-DCL Inbound,Union,37
10/8/2018 16:29,WS Outbound-DCL Inbound,Union,37
10/8/2018 16:29,WS Outbound-DCL Inbound,Union,37
10/8/2018 16:29,WS Outbound-DCL Inbound,Union,37
10/8/2018 16:29,WS Outbound-DCL Inbound,Union,37
10/8/2018 16:29,WS Outbound-DCL Inbound,Union,37
10/8/2018 16:29,WS Outbound-DCL Inbound,Union,37
10/8/2018 16:30,WS Outbound-DCL Inbound,Main and Schiller OB,528
10/8/2018 16:30,WS Outbound-DCL Inbound,Union,37
10/8/2018 16:31,WS Outbound-DCL Inbound,Union,37
10/8/2018 16:31,WS Outbound-DCL Inbound,Union,37
10/8/2018 16:31,WS Outbound-DCL Inbound,Union,37
10/8/2018 16:31,WS Outbound-DCL Inbound,Union,37
10/8/2018 16:31,WS Outbound-DCL Inbound,Union,37
10/8/2018 16:32,WS Outbound-DCL Inbound,Main and Cedar OB,528
10/8/2018 16:32,WS Outbound-DCL Inbound,Main and Cedar OB,528
10/8/2018 16:39,WS Outbound-DCL Inbound,UDC,528
10/8/2018 16:39,WS Outbound-DCL Inbound,UDC,528
10/8/2018 16:39,WS Outbound-DCL Inbound,UDC,528
10/8/2018 16:39,WS Outbound-DCL Inbound,UDC,528
10/8/2018 16:39,WS Outbound-DCL Inbound,UDC,528
10/8/2018 16:39,WS Outbound-DCL Inbound,UDC,528
10/8/2018 16:39,WS Outbound-DCL Inbound,UDC,528
10/8/2018 16:39,WS Outbound-DCL Inbound,UDC,528
10/8/2018 16:40,WS Outbound-DCL Inbound,Floral and Willow IB,37
10/8/2018 16:44,WS Outbound-DCL Inbound,Leroy St and Murray IB,528
10/8/2018 16:44,WS Outbound-DCL Inbound,Union,55
10/8/2018 16:44,WS Outbound-DCL Inbound,Union,55
10/8/2018 16:44,WS Outbound-DCL Inbound,Union,55
10/8/2018 16:44,WS Outbound-DCL Inbound,Union,55
10/8/2018 16:44,WS Outbound-DCL Inbound,Union,55
10/8/2018 16:44,WS Outbound-DCL Inbound,Union,55
10/8/2018 16:44,WS Outbound-DCL Inbound,Union,55
10/8/2018 16:44,WS Outbound-DCL Inbound,Union,55
10/8/2018 16:44,WS Outbound-DCL Inbound,Union,55
10/8/2018 16:44,WS Outbound-DCL Inbound,Union,55
10/8/2018 16:44,WS Outbound-DCL Inbound,Union,55
10/8/2018 16:44,WS Outbound-DCL Inbound,Union,55
10/8/2018 16:44,WS Outbound-DCL Inbound,Union,55
10/8/2018 16:44,WS Outbound-DCL Inbound,Union,55
10/8/2018 16:44,WS Outbound-DCL Inbound,Union,55
10/8/2018 16:44,WS Outbound-DCL Inbound,Union,55
10/8/2018 16:44,WS Outbound-DCL Inbound,Union,55
10/8/2018 16:44,WS Outbound-DCL Inbound,Union,55
10/8/2018 16:45,WS Outbound-DCL Inbound,Union,55
10/8/2018 16:45,WS Outbound-DCL Inbound,Union,55
10/8/2018 16:45,WS Outbound-DCL Inbound,Union,55
10/8/2018 16:45,WS Outbound-DCL Inbound,Union,55
10/8/2018 16:45,WS Outbound-DCL Inbound,Union,55
10/8/2018 16:45,WS Outbound-DCL Inbound,Union,55
10/8/2018 16:45,WS Outbound-DCL Inbound,Union,55
10/8/2018 16:45,WS Outbound-DCL Inbound,Union,55
10/8/2018 16:45,WS Outbound-DCL Inbound,Union,55
10/8/2018 16:45,WS Outbound-DCL Inbound,Union,55
10/8/2018 16:45,WS Outbound-DCL Inbound,Union,55
10/8/2018 16:45,WS Outbound-DCL Inbound,Union,55
10/8/2018 16:45,WS Outbound-DCL Inbound,Union,55
10/8/2018 16:45,WS Outbound-DCL Inbound,Union,55
10/8/2018 16:45,WS Outbound-DCL Inbound,Leroy St and Chestnut IB,528
10/8/2018 16:45,WS Outbound-DCL Inbound,Leroy St and Chestnut IB,528
10/8/2018 16:45,WS Outbound-DCL Inbound,Union,55
10/8/2018 16:45,WS Outbound-DCL Inbound,Leroy St and Chestnut IB,528
10/8/2018 16:45,WS Outbound-DCL Inbound,Leroy St and Chestnut IB,528
10/8/2018 16:45,WS Outbound-DCL Inbound,Union,55
10/8/2018 16:45,WS Outbound-DCL Inbound,Union,55
10/8/2018 16:45,WS Outbound-DCL Inbound,Union,55
10/8/2018 16:45,WS Outbound-DCL Inbound,Union,55
10/8/2018 16:45,WS Outbound-DCL Inbound,Union,55
10/8/2018 16:45,WS Outbound-DCL Inbound,Union,55
10/8/2018 16:45,WS Outbound-DCL Inbound,Union,55
10/8/2018 16:45,WS Outbound-DCL Inbound,Union,55
10/8/2018 16:46,WS Outbound-DCL Inbound,Union,55
10/8/2018 16:57,WS Outbound-DCL Inbound,Union,890
10/8/2018 16:57,WS Outbound-DCL Inbound,Union,890
10/8/2018 16:57,WS Outbound-DCL Inbound,Union,890
10/8/2018 16:57,WS Outbound-DCL Inbound,Union,890
10/8/2018 16:57,WS Outbound-DCL Inbound,Union,890
10/8/2018 16:57,WS Outbound-DCL Inbound,Union,890
10/8/2018 16:57,WS Outbound-DCL Inbound,Union,890
10/8/2018 16:57,WS Outbound-DCL Inbound,Union,890
10/8/2018 16:57,WS Outbound-DCL Inbound,Union,890
10/8/2018 16:58,WS Outbound-DCL Inbound,Union,890
10/8/2018 16:58,WS Outbound-DCL Inbound,Union,890
10/8/2018 16:58,WS Outbound-DCL Inbound,Union,890
10/8/2018 16:58,WS Outbound-DCL Inbound,Union,890
10/8/2018 16:58,WS Outbound-DCL Inbound,Union,890
10/8/2018 16:58,WS Outbound-DCL Inbound,Union,890
10/8/2018 16:58,WS Outbound-DCL Inbound,Union,890
10/8/2018 16:58,WS Outbound-DCL Inbound,Union,890
10/8/2018 16:58,WS Outbound-DCL Inbound,Union,890
10/8/2018 16:58,WS Outbound-DCL Inbound,Union,890
10/8/2018 16:58,WS Outbound-DCL Inbound,Union,890
10/8/2018 16:58,WS Outbound-DCL Inbound,Union,890
10/8/2018 16:58,WS Outbound-DCL Inbound,Union,890
10/8/2018 16:58,WS Outbound-DCL Inbound,Union,890
10/8/2018 16:58,WS Outbound-DCL Inbound,Union,890
10/8/2018 16:58,WS Outbound-DCL Inbound,Union,890
10/8/2018 16:59,WS Outbound-DCL Inbound,Union,890
10/8/2018 16:59,WS Outbound-DCL Inbound,Union,890
10/8/2018 16:59,WS Outbound-DCL Inbound,Union,890
10/8/2018 17:00,WS Outbound-DCL Inbound,Union,890
10/8/2018 17:00,WS Outbound-DCL Inbound,Union,890
10/8/2018 17:00,WS Outbound-DCL Inbound,Main and Crestmont OB,55
10/8/2018 17:02,WS Outbound-DCL Inbound,Physical Facilities,890
10/8/2018 17:02,WS Outbound-DCL Inbound,Physical Facilities,890
10/8/2018 17:07,WS Outbound-DCL Inbound,Main and Murray OB,55
10/8/2018 17:08,WS Outbound-DCL Inbound,Floral and Willow OB,890
10/8/2018 17:11,WS Outbound-DCL Inbound,UDC IB,55
10/8/2018 17:11,WS Outbound-DCL Inbound,UDC IB,55
10/8/2018 17:11,WS Outbound-DCL Inbound,UDC IB,55
10/8/2018 17:11,WS Outbound-DCL Inbound,UDC IB,55
10/8/2018 17:11,WS Outbound-DCL Inbound,UDC IB,55
10/8/2018 17:11,WS Outbound-DCL Inbound,UDC IB,55
10/8/2018 17:13,WS Outbound-DCL Inbound,Main and Cedar OB,890
10/8/2018 17:15,WS Outbound-DCL Inbound,Leroy St and Murray IB,55
10/8/2018 17:15,WS Outbound-DCL Inbound,Leroy St and Murray IB,55
10/8/2018 17:15,WS Outbound-DCL Inbound,Leroy St and Murray IB,55
10/8/2018 17:15,WS Outbound-DCL Inbound,Leroy St and Murray IB,55
10/8/2018 17:15,WS Outbound-DCL Inbound,Leroy St and Murray IB,55
10/8/2018 17:15,WS Outbound-DCL Inbound,Leroy St and Murray IB,55
10/8/2018 17:15,WS Outbound-DCL Inbound,Leroy St and Murray IB,55
10/8/2018 17:15,WS Outbound-DCL Inbound,Leroy St and Murray IB,55
10/8/2018 17:16,WS Outbound-DCL Inbound,Leroy St and Chestnut IB,55
10/8/2018 17:16,WS Outbound-DCL Inbound,Leroy St and Chestnut IB,55
10/8/2018 17:16,WS Outbound-DCL Inbound,Leroy St and Chestnut IB,55
10/8/2018 17:19,WS Outbound-DCL Inbound,UDC,890
10/8/2018 17:19,WS Outbound-DCL Inbound,UDC,890
10/8/2018 17:20,WS Outbound-DCL Inbound,UDC,890
10/8/2018 17:22,WS Outbound-DCL Inbound,UDC,890
10/8/2018 17:23,WS Outbound-DCL Inbound,UDC,890
10/8/2018 17:28,WS Outbound-DCL Inbound,Union,528
10/8/2018 17:28,WS Outbound-DCL Inbound,Union,528
10/8/2018 17:28,WS Outbound-DCL Inbound,Main and Helen OB,889
10/8/2018 17:28,WS Outbound-DCL Inbound,Union,528
10/8/2018 17:28,WS Outbound-DCL Inbound,Union,528
10/8/2018 17:28,WS Outbound-DCL Inbound,Union,528
10/8/2018 17:28,WS Outbound-DCL Inbound,Union,528
10/8/2018 17:28,WS Outbound-DCL Inbound,Union,528
10/8/2018 17:28,WS Outbound-DCL Inbound,Union,528
10/8/2018 17:28,WS Outbound-DCL Inbound,Union,528
10/8/2018 17:28,WS Outbound-DCL Inbound,Union,528
10/8/2018 17:28,WS Outbound-DCL Inbound,Union,528
10/8/2018 17:28,WS Outbound-DCL Inbound,Union,528
10/8/2018 17:29,WS Outbound-DCL Inbound,Union,528
10/8/2018 17:30,WS Outbound-DCL Inbound,Main and Cedar OB,889
10/8/2018 17:31,WS Outbound-DCL Inbound,Union,528
10/8/2018 17:31,WS Outbound-DCL Inbound,Main and Arthur,889
10/8/2018 17:32,WS Outbound-DCL Inbound,Union,528
10/8/2018 17:32,WS Outbound-DCL Inbound,Union,528
10/8/2018 17:33,WS Outbound-DCL Inbound,Union,528
10/8/2018 17:34,WS Outbound-DCL Inbound,Union,528
10/8/2018 17:34,WS Outbound-DCL Inbound,Union,528
10/8/2018 17:34,WS Outbound-DCL Inbound,Union,528
10/8/2018 17:35,WS Outbound-DCL Inbound,Engineering Bldg,528
10/8/2018 17:38,WS Outbound-DCL Inbound,Physical Facilities,528
10/8/2018 17:39,WS Outbound-DCL Inbound,Denny''s,528
10/8/2018 17:39,WS Outbound-DCL Inbound,Denny''s,528
10/8/2018 17:43,WS Outbound-DCL Inbound,Leroy St and Front,889
10/8/2018 17:44,WS Outbound-DCL Inbound,Leroy St and Murray IB,889
10/8/2018 17:44,WS Outbound-DCL Inbound,Leroy St and Murray IB,889
10/8/2018 17:44,WS Outbound-DCL Inbound,Leroy St and Murray IB,889
10/8/2018 17:44,WS Outbound-DCL Inbound,Leroy St and Murray IB,889
10/8/2018 17:44,WS Outbound-DCL Inbound,Leroy St and Murray IB,889
10/8/2018 17:44,WS Outbound-DCL Inbound,Leroy St and Murray IB,889
10/8/2018 17:44,WS Outbound-DCL Inbound,Leroy St and Murray IB,889
10/8/2018 17:45,WS Outbound-DCL Inbound,Leroy St and Chestnut IB,889
10/8/2018 17:45,WS Outbound-DCL Inbound,Leroy St and Chestnut IB,889
10/8/2018 17:45,WS Outbound-DCL Inbound,Leroy St and Chestnut IB,889
10/8/2018 17:45,WS Outbound-DCL Inbound,Leroy St and Chestnut IB,889
10/8/2018 17:45,WS Outbound-DCL Inbound,Leroy St and Chestnut IB,889
10/8/2018 17:45,WS Outbound-DCL Inbound,Leroy St and Chestnut IB,889
10/8/2018 17:45,WS Outbound-DCL Inbound,Leroy St and Chestnut IB,889
10/8/2018 17:45,WS Outbound-DCL Inbound,Leroy St and Chestnut IB,889
10/8/2018 17:46,WS Outbound-DCL Inbound,Leroy St and Chestnut IB,889
10/8/2018 17:48,WS Outbound-DCL Inbound,Riverside and Beethoven,889
10/8/2018 17:48,WS Outbound-DCL Inbound,Union,890
10/8/2018 17:48,WS Outbound-DCL Inbound,Union,890
10/8/2018 17:48,WS Outbound-DCL Inbound,Union,890
10/8/2018 17:48,WS Outbound-DCL Inbound,Union,890
10/8/2018 17:48,WS Outbound-DCL Inbound,Union,890
10/8/2018 17:48,WS Outbound-DCL Inbound,Union,890
10/8/2018 17:48,WS Outbound-DCL Inbound,Union,890
10/8/2018 17:48,WS Outbound-DCL Inbound,Union,890
10/8/2018 17:48,WS Outbound-DCL Inbound,Union,890
10/8/2018 17:48,WS Outbound-DCL Inbound,Union,890
10/8/2018 17:48,WS Outbound-DCL Inbound,Union,890
10/8/2018 17:49,WS Outbound-DCL Inbound,Union,890
10/8/2018 17:49,WS Outbound-DCL Inbound,Union,890
10/8/2018 17:49,WS Outbound-DCL Inbound,Union,890
10/8/2018 17:49,WS Outbound-DCL Inbound,Union,890
10/8/2018 17:49,WS Outbound-DCL Inbound,Union,890
10/8/2018 17:49,WS Outbound-DCL Inbound,Union,890
10/8/2018 17:49,WS Outbound-DCL Inbound,Union,890
10/8/2018 17:49,WS Outbound-DCL Inbound,Union,890
10/8/2018 17:49,WS Outbound-DCL Inbound,Union,890
10/8/2018 17:49,WS Outbound-DCL Inbound,Union,890
10/8/2018 17:49,WS Outbound-DCL Inbound,Union,890
10/8/2018 17:49,WS Outbound-DCL Inbound,Union,890
10/8/2018 17:49,WS Outbound-DCL Inbound,Union,890
10/8/2018 17:49,WS Outbound-DCL Inbound,Union,890
10/8/2018 17:49,WS Outbound-DCL Inbound,Union,890
10/8/2018 17:49,WS Outbound-DCL Inbound,Main and Clarke IB,528
10/8/2018 17:49,WS Outbound-DCL Inbound,Main and Clarke IB,528
10/8/2018 17:50,WS Outbound-DCL Inbound,Union,890
10/8/2018 17:50,WS Outbound-DCL Inbound,Union,890
10/8/2018 17:50,WS Outbound-DCL Inbound,Riverside and Margaret OB,889
10/8/2018 17:53,WS Outbound-DCL Inbound,Physical Facilities,890
10/8/2018 18:00,WS Outbound-DCL Inbound,Union,526
10/8/2018 18:00,WS Outbound-DCL Inbound,Union,526
10/8/2018 18:01,WS Outbound-DCL Inbound,Union,526
10/8/2018 18:01,WS Outbound-DCL Inbound,Union,526
10/8/2018 18:01,WS Outbound-DCL Inbound,Union,526
10/8/2018 18:01,WS Outbound-DCL Inbound,Union,526
10/8/2018 18:01,WS Outbound-DCL Inbound,Union,526
10/8/2018 18:01,WS Outbound-DCL Inbound,Union,526
10/8/2018 18:01,WS Outbound-DCL Inbound,Union,526
10/8/2018 18:01,WS Outbound-DCL Inbound,Union,526
10/8/2018 18:01,WS Outbound-DCL Inbound,Union,526
10/8/2018 18:01,WS Outbound-DCL Inbound,Union,526
10/8/2018 18:01,WS Outbound-DCL Inbound,Union,526
10/8/2018 18:01,WS Outbound-DCL Inbound,Union,526
10/8/2018 18:01,WS Outbound-DCL Inbound,Union,526
10/8/2018 18:01,WS Outbound-DCL Inbound,Union,526
10/8/2018 18:01,WS Outbound-DCL Inbound,Union,526
10/8/2018 18:01,WS Outbound-DCL Inbound,Union,526
10/8/2018 18:01,WS Outbound-DCL Inbound,Union,526
10/8/2018 18:01,WS Outbound-DCL Inbound,Union,526
10/8/2018 18:01,WS Outbound-DCL Inbound,Union,526
10/8/2018 18:02,WS Outbound-DCL Inbound,Union,526
10/8/2018 18:02,WS Outbound-DCL Inbound,Union,526
10/8/2018 18:02,WS Outbound-DCL Inbound,Union,526
10/8/2018 18:02,WS Outbound-DCL Inbound,Union,526
10/8/2018 18:02,WS Outbound-DCL Inbound,Union,526
10/8/2018 18:02,WS Outbound-DCL Inbound,Union,526
10/8/2018 18:03,WS Outbound-DCL Inbound,Union,526
10/8/2018 18:04,WS Outbound-DCL Inbound,Union,526
10/8/2018 18:04,WS Outbound-DCL Inbound,Union,526
10/8/2018 18:05,WS Outbound-DCL Inbound,Union,526
10/8/2018 18:05,WS Outbound-DCL Inbound,Main and Clarke OB,890
10/8/2018 18:05,WS Outbound-DCL Inbound,Union,526
10/8/2018 18:05,WS Outbound-DCL Inbound,Union,526
10/8/2018 18:06,WS Outbound-DCL Inbound,Main and Arthur,890
10/8/2018 18:07,WS Outbound-DCL Inbound,Physical Facilities,526
10/8/2018 18:08,WS Outbound-DCL Inbound,Physical Facilities,526
10/8/2018 18:11,WS Outbound-DCL Inbound,UDC,890
10/8/2018 18:12,WS Outbound-DCL Inbound,Union,891
10/8/2018 18:12,WS Outbound-DCL Inbound,Union,891
10/8/2018 18:12,WS Outbound-DCL Inbound,Union,891
10/8/2018 18:12,WS Outbound-DCL Inbound,Union,891
10/8/2018 18:12,WS Outbound-DCL Inbound,Union,891
10/8/2018 18:12,WS Outbound-DCL Inbound,Union,891
10/8/2018 18:12,WS Outbound-DCL Inbound,Union,891
10/8/2018 18:12,WS Outbound-DCL Inbound,Union,891
10/8/2018 18:12,WS Outbound-DCL Inbound,Union,891
10/8/2018 18:12,WS Outbound-DCL Inbound,Union,891
10/8/2018 18:12,WS Outbound-DCL Inbound,Union,891
10/8/2018 18:12,WS Outbound-DCL Inbound,Union,891
10/8/2018 18:12,WS Outbound-DCL Inbound,Union,891
10/8/2018 18:12,WS Outbound-DCL Inbound,Union,891
10/8/2018 18:12,WS Outbound-DCL Inbound,Union,891
10/8/2018 18:12,WS Outbound-DCL Inbound,Union,891
10/8/2018 18:12,WS Outbound-DCL Inbound,Union,891
10/8/2018 18:12,WS Outbound-DCL Inbound,Union,891
10/8/2018 18:12,WS Outbound-DCL Inbound,Union,891
10/8/2018 18:12,WS Outbound-DCL Inbound,Union,891
10/8/2018 18:12,WS Outbound-DCL Inbound,Union,891
10/8/2018 18:12,WS Outbound-DCL Inbound,Union,891
10/8/2018 18:12,WS Outbound-DCL Inbound,Union,891
10/8/2018 18:12,WS Outbound-DCL Inbound,Union,891
10/8/2018 18:12,WS Outbound-DCL Inbound,Union,891
10/8/2018 18:12,WS Outbound-DCL Inbound,Union,891
10/8/2018 18:13,WS Outbound-DCL Inbound,Union,891
10/8/2018 18:13,WS Outbound-DCL Inbound,Union,891
10/8/2018 18:14,WS Outbound-DCL Inbound,Union,891
10/8/2018 18:15,WS Outbound-DCL Inbound,Union,891
10/8/2018 18:16,WS Outbound-DCL Inbound,Floral and Main OB,526
10/8/2018 18:17,WS Outbound-DCL Inbound,Physical Facilities,891
10/8/2018 18:17,WS Outbound-DCL Inbound,Physical Facilities,891
10/8/2018 18:17,WS Outbound-DCL Inbound,Leroy St and Murray IB,890
10/8/2018 18:17,WS Outbound-DCL Inbound,Leroy St and Murray IB,890
10/8/2018 18:17,WS Outbound-DCL Inbound,Leroy St and Murray IB,890
10/8/2018 18:17,WS Outbound-DCL Inbound,Leroy St and Murray IB,890
10/8/2018 18:18,WS Outbound-DCL Inbound,Leroy St and Chestnut IB,890
10/8/2018 18:20,WS Outbound-DCL Inbound,Riverside and Beethoven,890
10/8/2018 18:26,WS Outbound-DCL Inbound,UDC,526
10/8/2018 18:26,WS Outbound-DCL Inbound,UDC,526
10/8/2018 18:27,WS Outbound-DCL Inbound,UDC,526
10/8/2018 18:27,WS Outbound-DCL Inbound,UDC,526
10/8/2018 18:27,WS Outbound-DCL Inbound,Union,55
10/8/2018 18:27,WS Outbound-DCL Inbound,Union,55
10/8/2018 18:27,WS Outbound-DCL Inbound,Union,55
10/8/2018 18:27,WS Outbound-DCL Inbound,Union,55
10/8/2018 18:27,WS Outbound-DCL Inbound,Union,55
10/8/2018 18:27,WS Outbound-DCL Inbound,Union,55
10/8/2018 18:27,WS Outbound-DCL Inbound,Union,55
10/8/2018 18:27,WS Outbound-DCL Inbound,Union,55
10/8/2018 18:28,WS Outbound-DCL Inbound,Union,55
10/8/2018 18:28,WS Outbound-DCL Inbound,Union,55
10/8/2018 18:28,WS Outbound-DCL Inbound,Union,55
10/8/2018 18:28,WS Outbound-DCL Inbound,Union,55
10/8/2018 18:28,WS Outbound-DCL Inbound,UDC,526
10/8/2018 18:28,WS Outbound-DCL Inbound,Main and Cedar OB,891
10/8/2018 18:28,WS Outbound-DCL Inbound,Main and Cedar OB,891
10/8/2018 18:28,WS Outbound-DCL Inbound,Union,55
10/8/2018 18:28,WS Outbound-DCL Inbound,Union,55
10/8/2018 18:28,WS Outbound-DCL Inbound,Union,55
10/8/2018 18:28,WS Outbound-DCL Inbound,UDC,526
10/8/2018 18:29,WS Outbound-DCL Inbound,Union,55
10/8/2018 18:29,WS Outbound-DCL Inbound,Union,55
10/8/2018 18:29,WS Outbound-DCL Inbound,Union,55
10/8/2018 18:29,WS Outbound-DCL Inbound,Mohawk,890
10/8/2018 18:29,WS Outbound-DCL Inbound,Mohawk,890
10/8/2018 18:29,WS Outbound-DCL Inbound,Mohawk,890
10/8/2018 18:30,WS Outbound-DCL Inbound,Union,55
10/8/2018 18:30,WS Outbound-DCL Inbound,Mohawk,890
10/8/2018 18:30,WS Outbound-DCL Inbound,Union,55
10/8/2018 18:30,WS Outbound-DCL Inbound,Mohawk,890
10/8/2018 18:30,WS Outbound-DCL Inbound,Union,55
10/8/2018 18:30,WS Outbound-DCL Inbound,Mohawk,890
10/8/2018 18:30,WS Outbound-DCL Inbound,Mohawk,890
10/8/2018 18:30,WS Outbound-DCL Inbound,Mohawk,890
10/8/2018 18:30,WS Outbound-DCL Inbound,Mohawk,890
10/8/2018 18:30,WS Outbound-DCL Inbound,Mohawk,890
10/8/2018 18:30,WS Outbound-DCL Inbound,Mohawk,890
10/8/2018 18:30,WS Outbound-DCL Inbound,Union,55
10/8/2018 18:31,WS Outbound-DCL Inbound,Union,55
10/8/2018 18:31,WS Outbound-DCL Inbound,Union,55
10/8/2018 18:31,WS Outbound-DCL Inbound,Union,55
10/8/2018 18:31,WS Outbound-DCL Inbound,Union,55
10/8/2018 18:31,WS Outbound-DCL Inbound,Mohawk,890
10/8/2018 18:32,WS Outbound-DCL Inbound,Mohawk,890
10/8/2018 18:32,WS Outbound-DCL Inbound,Union,55
10/8/2018 18:33,WS Outbound-DCL Inbound,Union,55
10/8/2018 18:33,WS Outbound-DCL Inbound,Union,55
10/8/2018 18:33,WS Outbound-DCL Inbound,Union,55
10/8/2018 18:34,WS Outbound-DCL Inbound,Union,55
10/8/2018 18:34,WS Outbound-DCL Inbound,Union,55
10/8/2018 18:34,WS Outbound-DCL Inbound,Union,55
10/8/2018 18:34,WS Outbound-DCL Inbound,Union,55
10/8/2018 18:34,WS Outbound-DCL Inbound,Union,55
10/8/2018 18:36,WS Outbound-DCL Inbound,Mohawk,890
10/8/2018 18:36,WS Outbound-DCL Inbound,Mohawk,890
10/8/2018 18:37,WS Outbound-DCL Inbound,Newing,890
10/8/2018 18:39,WS Outbound-DCL Inbound,East Gym,890
10/8/2018 18:39,WS Outbound-DCL Inbound,East Gym,890
10/8/2018 18:44,WS Outbound-DCL Inbound,Leroy St and Murray IB,891
10/8/2018 18:44,WS Outbound-DCL Inbound,Leroy St and Murray IB,891
10/8/2018 18:44,WS Outbound-DCL Inbound,Leroy St and Murray IB,891
10/8/2018 18:44,WS Outbound-DCL Inbound,Leroy St and Murray IB,891
10/8/2018 18:44,WS Outbound-DCL Inbound,Leroy St and Murray IB,891
10/8/2018 18:44,WS Outbound-DCL Inbound,Leroy St and Murray IB,891
10/8/2018 18:44,WS Outbound-DCL Inbound,Leroy St and Murray IB,891
10/8/2018 18:45,WS Outbound-DCL Inbound,Leroy St and Chestnut IB,891
10/8/2018 18:45,WS Outbound-DCL Inbound,Leroy St and Chestnut IB,891
10/8/2018 18:48,WS Outbound-DCL Inbound,Union,526
10/8/2018 18:48,WS Outbound-DCL Inbound,Union,526
10/8/2018 18:48,WS Outbound-DCL Inbound,Union,526
10/8/2018 18:48,WS Outbound-DCL Inbound,Union,526
10/8/2018 18:48,WS Outbound-DCL Inbound,Union,526
10/8/2018 18:48,WS Outbound-DCL Inbound,Union,526
10/8/2018 18:48,WS Outbound-DCL Inbound,Union,526
10/8/2018 18:48,WS Outbound-DCL Inbound,Union,526
10/8/2018 18:48,WS Outbound-DCL Inbound,Union,526
10/8/2018 18:48,WS Outbound-DCL Inbound,Union,526
10/8/2018 18:48,WS Outbound-DCL Inbound,Union,526
10/8/2018 18:48,WS Outbound-DCL Inbound,Union,526
10/8/2018 18:48,WS Outbound-DCL Inbound,Union,526
10/8/2018 18:49,WS Outbound-DCL Inbound,Union,526
10/8/2018 18:49,WS Outbound-DCL Inbound,Union,526
10/8/2018 18:50,WS Outbound-DCL Inbound,Union,526
10/8/2018 18:50,WS Outbound-DCL Inbound,Union,526
10/8/2018 18:50,WS Outbound-DCL Inbound,Union,526
10/8/2018 18:53,WS Outbound-DCL Inbound,Denny''s,526
10/8/2018 18:54,WS Outbound-DCL Inbound,Denny''s,526
10/8/2018 18:58,WS Outbound-DCL Inbound,Floral and Ackley,526
10/8/2018 18:59,WS Outbound-DCL Inbound,Union,37
10/8/2018 18:59,WS Outbound-DCL Inbound,Union,37
10/8/2018 19:00,WS Outbound-DCL Inbound,Union,37
10/8/2018 19:00,WS Outbound-DCL Inbound,Union,37
10/8/2018 19:00,WS Outbound-DCL Inbound,Union,37
10/8/2018 19:00,WS Outbound-DCL Inbound,Floral and Cleveland OB,526
10/8/2018 19:02,WS Outbound-DCL Inbound,Union,37
10/8/2018 19:02,WS Outbound-DCL Inbound,Union,37
10/8/2018 19:03,WS Outbound-DCL Inbound,Union,37
10/8/2018 19:04,WS Outbound-DCL Inbound,Union,37
10/8/2018 19:04,WS Outbound-DCL Inbound,Union,37
10/8/2018 19:04,WS Outbound-DCL Inbound,Union,37
10/8/2018 19:05,WS Outbound-DCL Inbound,Union,37
10/8/2018 19:06,WS Outbound-DCL Inbound,Main and Cedar OB,526
10/8/2018 19:12,WS Outbound-DCL Inbound,UDC,526
10/8/2018 19:12,WS Outbound-DCL Inbound,UDC,526
10/8/2018 19:13,WS Outbound-DCL Inbound,Floral and Burbank OB,37
10/8/2018 19:13,WS Outbound-DCL Inbound,UDC,526
10/8/2018 19:14,WS Outbound-DCL Inbound,UDC,526
10/8/2018 19:18,WS Outbound-DCL Inbound,Leroy St and Murray IB,526
10/8/2018 19:18,WS Outbound-DCL Inbound,Leroy St and Murray IB,526
10/8/2018 19:18,WS Outbound-DCL Inbound,Leroy St and Murray IB,526
10/8/2018 19:19,WS Outbound-DCL Inbound,Leroy St and Chestnut IB,526
10/8/2018 19:19,WS Outbound-DCL Inbound,Leroy St and Chestnut IB,526
10/8/2018 19:20,WS Outbound-DCL Inbound,Leroy St and Laurel IB,526
10/8/2018 19:23,WS Outbound-DCL Inbound,Hawley OB,37
10/8/2018 19:24,WS Outbound-DCL Inbound,Hawley OB,37
10/8/2018 19:24,WS Outbound-DCL Inbound,Hawley OB,37
10/8/2018 19:25,WS Outbound-DCL Inbound,UDC,37
10/8/2018 19:27,WS Outbound-DCL Inbound,UDC,37
10/8/2018 19:28,WS Outbound-DCL Inbound,Union,891
10/8/2018 19:28,WS Outbound-DCL Inbound,Union,891
10/8/2018 19:28,WS Outbound-DCL Inbound,Union,891
10/8/2018 19:28,WS Outbound-DCL Inbound,Union,891
10/8/2018 19:28,WS Outbound-DCL Inbound,Union,891
10/8/2018 19:28,WS Outbound-DCL Inbound,Union,891
10/8/2018 19:28,WS Outbound-DCL Inbound,Union,891
10/8/2018 19:28,WS Outbound-DCL Inbound,Union,891
10/8/2018 19:28,WS Outbound-DCL Inbound,Union,891
10/8/2018 19:28,WS Outbound-DCL Inbound,Union,891
10/8/2018 19:28,WS Outbound-DCL Inbound,UDC,37
10/8/2018 19:28,WS Outbound-DCL Inbound,Union,891
10/8/2018 19:28,WS Outbound-DCL Inbound,Union,891
10/8/2018 19:28,WS Outbound-DCL Inbound,UDC,37
10/8/2018 19:28,WS Outbound-DCL Inbound,Union,891
10/8/2018 19:28,WS Outbound-DCL Inbound,Union,891
10/8/2018 19:28,WS Outbound-DCL Inbound,Union,891
10/8/2018 19:28,WS Outbound-DCL Inbound,Union,891
10/8/2018 19:29,WS Outbound-DCL Inbound,Union,891
10/8/2018 19:29,WS Outbound-DCL Inbound,Union,891
10/8/2018 19:29,WS Outbound-DCL Inbound,Union,891
10/8/2018 19:29,WS Outbound-DCL Inbound,Union,891
10/8/2018 19:29,WS Outbound-DCL Inbound,Union,891
10/8/2018 19:29,WS Outbound-DCL Inbound,Union,891
10/8/2018 19:29,WS Outbound-DCL Inbound,Union,891
10/8/2018 19:29,WS Outbound-DCL Inbound,Union,891
10/8/2018 19:29,WS Outbound-DCL Inbound,UDC,37
10/8/2018 19:29,WS Outbound-DCL Inbound,Union,891
10/8/2018 19:29,WS Outbound-DCL Inbound,Union,891
10/8/2018 19:29,WS Outbound-DCL Inbound,Union,891
10/8/2018 19:29,WS Outbound-DCL Inbound,Union,891
10/8/2018 19:29,WS Outbound-DCL Inbound,Union,891
10/8/2018 19:29,WS Outbound-DCL Inbound,Union,891
10/8/2018 19:29,WS Outbound-DCL Inbound,Union,891
10/8/2018 19:30,WS Outbound-DCL Inbound,Union,891
10/8/2018 19:30,WS Outbound-DCL Inbound,Union,891
10/8/2018 19:30,WS Outbound-DCL Inbound,Union,891
10/8/2018 19:31,WS Outbound-DCL Inbound,Union,891
10/8/2018 19:31,WS Outbound-DCL Inbound,Union,891
10/8/2018 19:32,WS Outbound-DCL Inbound,Union,891
10/8/2018 19:32,WS Outbound-DCL Inbound,Leroy St and Front,37
10/8/2018 19:32,WS Outbound-DCL Inbound,Union,891
10/8/2018 19:33,WS Outbound-DCL Inbound,Union,891
10/8/2018 19:33,WS Outbound-DCL Inbound,Leroy St and Murray IB,37
10/8/2018 19:34,WS Outbound-DCL Inbound,Leroy St and Chestnut IB,37
10/8/2018 19:34,WS Outbound-DCL Inbound,Leroy St and Chestnut IB,37
10/8/2018 19:34,WS Outbound-DCL Inbound,Leroy St and Chestnut IB,37
10/8/2018 19:34,WS Outbound-DCL Inbound,Leroy St and Chestnut IB,37
10/8/2018 19:34,WS Outbound-DCL Inbound,Leroy St and Chestnut IB,37
10/8/2018 19:34,WS Outbound-DCL Inbound,Leroy St and Chestnut IB,37
10/8/2018 19:34,WS Outbound-DCL Inbound,Leroy St and Chestnut IB,37
10/8/2018 19:34,WS Outbound-DCL Inbound,Union,891
10/8/2018 19:43,WS Outbound-DCL Inbound,Floral and Cleveland IB,891
10/8/2018 19:46,WS Outbound-DCL Inbound,Union,55
10/8/2018 19:46,WS Outbound-DCL Inbound,Union,55
10/8/2018 19:47,WS Outbound-DCL Inbound,Union,55
10/8/2018 19:47,WS Outbound-DCL Inbound,Union,55
10/8/2018 19:47,WS Outbound-DCL Inbound,Union,55
10/8/2018 19:47,WS Outbound-DCL Inbound,Union,55
10/8/2018 19:47,WS Outbound-DCL Inbound,Union,55
10/8/2018 19:47,WS Outbound-DCL Inbound,Union,55
10/8/2018 19:47,WS Outbound-DCL Inbound,Union,55
10/8/2018 19:47,WS Outbound-DCL Inbound,Union,55
10/8/2018 19:47,WS Outbound-DCL Inbound,Union,55
10/8/2018 19:47,WS Outbound-DCL Inbound,Union,55
10/8/2018 19:47,WS Outbound-DCL Inbound,Union,55
10/8/2018 19:47,WS Outbound-DCL Inbound,Union,55
10/8/2018 19:47,WS Outbound-DCL Inbound,Union,55
10/8/2018 19:47,WS Outbound-DCL Inbound,Union,55
10/8/2018 19:47,WS Outbound-DCL Inbound,Union,55
10/8/2018 19:47,WS Outbound-DCL Inbound,Union,55
10/8/2018 19:47,WS Outbound-DCL Inbound,Union,55
10/8/2018 19:47,WS Outbound-DCL Inbound,Union,55
10/8/2018 19:47,WS Outbound-DCL Inbound,Union,55
10/8/2018 19:47,WS Outbound-DCL Inbound,Union,55
10/8/2018 19:47,WS Outbound-DCL Inbound,Union,55
10/8/2018 19:47,WS Outbound-DCL Inbound,Union,55
10/8/2018 19:47,WS Outbound-DCL Inbound,Union,55
10/8/2018 19:47,WS Outbound-DCL Inbound,Union,55
10/8/2018 19:47,WS Outbound-DCL Inbound,Union,55
10/8/2018 19:47,WS Outbound-DCL Inbound,Union,55
10/8/2018 19:47,WS Outbound-DCL Inbound,Union,55
10/8/2018 19:47,WS Outbound-DCL Inbound,Union,55
10/8/2018 19:47,WS Outbound-DCL Inbound,Union,55
10/8/2018 19:48,WS Outbound-DCL Inbound,Union,55
10/8/2018 19:48,WS Outbound-DCL Inbound,Union,55
10/8/2018 19:48,WS Outbound-DCL Inbound,Union,55
10/8/2018 19:48,WS Outbound-DCL Inbound,Union,55
10/8/2018 19:48,WS Outbound-DCL Inbound,Union,37
10/8/2018 19:48,WS Outbound-DCL Inbound,Union,55
10/8/2018 19:48,WS Outbound-DCL Inbound,Union,37
10/8/2018 19:48,WS Outbound-DCL Inbound,Union,37
10/8/2018 19:48,WS Outbound-DCL Inbound,Union,55
10/8/2018 19:48,WS Outbound-DCL Inbound,Union,37
10/8/2018 19:48,WS Outbound-DCL Inbound,Union,37
10/8/2018 19:48,WS Outbound-DCL Inbound,Union,37
10/8/2018 19:48,WS Outbound-DCL Inbound,Union,37
10/8/2018 19:49,WS Outbound-DCL Inbound,Union,37
10/8/2018 19:49,WS Outbound-DCL Inbound,Union,37
10/8/2018 19:49,WS Outbound-DCL Inbound,Union,37
10/8/2018 19:49,WS Outbound-DCL Inbound,Union,37
10/8/2018 19:50,WS Outbound-DCL Inbound,Union,37
10/8/2018 19:51,WS Outbound-DCL Inbound,Physical Facilities,55
10/8/2018 19:51,WS Outbound-DCL Inbound,Physical Facilities,55
10/8/2018 19:51,WS Outbound-DCL Inbound,Union,37
10/8/2018 19:52,WS Outbound-DCL Inbound,Union,37
10/8/2018 19:52,WS Outbound-DCL Inbound,Union,37
10/8/2018 19:52,WS Outbound-DCL Inbound,Union,37
10/8/2018 19:52,WS Outbound-DCL Inbound,Union,37
10/8/2018 19:53,WS Outbound-DCL Inbound,Union,37
10/8/2018 19:53,WS Outbound-DCL Inbound,Union,37
10/8/2018 19:54,WS Outbound-DCL Inbound,Union,37
10/8/2018 19:54,WS Outbound-DCL Inbound,UDC,891
10/8/2018 19:55,WS Outbound-DCL Inbound,UDC,891
10/8/2018 19:55,WS Outbound-DCL Inbound,UDC,891
10/8/2018 19:55,WS Outbound-DCL Inbound,UDC,891
10/8/2018 19:55,WS Outbound-DCL Inbound,Union,37
10/8/2018 19:55,WS Outbound-DCL Inbound,UDC,891
10/8/2018 19:55,WS Outbound-DCL Inbound,UDC,891
10/8/2018 19:55,WS Outbound-DCL Inbound,UDC,891
10/8/2018 19:56,WS Outbound-DCL Inbound,Union,37
10/8/2018 19:56,WS Outbound-DCL Inbound,Union,37
10/8/2018 19:56,WS Outbound-DCL Inbound,Union,37
10/8/2018 19:56,WS Outbound-DCL Inbound,Union,37
10/8/2018 19:57,WS Outbound-DCL Inbound,Union,37
10/8/2018 19:57,WS Outbound-DCL Inbound,Union,37
10/8/2018 19:57,WS Outbound-DCL Inbound,Union,37
10/8/2018 19:58,WS Outbound-DCL Inbound,Floral and Cleveland OB,55
10/8/2018 19:58,WS Outbound-DCL Inbound,Floral and Cleveland OB,55
10/8/2018 19:59,WS Outbound-DCL Inbound,Union,37
10/8/2018 19:59,WS Outbound-DCL Inbound,UDC,891
10/8/2018 19:59,WS Outbound-DCL Inbound,UDC,891
10/8/2018 19:59,WS Outbound-DCL Inbound,Union,37
10/8/2018 19:59,WS Outbound-DCL Inbound,Union,37
10/8/2018 19:59,WS Outbound-DCL Inbound,UDC,891
