Start Date:10/29/2018 7:00 AM End Date:10/29/2018 8:00 PM,,,
DateTime,CorridorName,StopName,VehicleID
10/29/2018 7:37,WS Outbound-DCL Inbound,UDC,43
10/29/2018 7:37,WS Outbound-DCL Inbound,UDC,43
10/29/2018 7:38,WS Outbound-DCL Inbound,UDC,43
10/29/2018 7:43,WS Outbound-DCL Inbound,Leroy St and Front,43
10/29/2018 7:44,WS Outbound-DCL Inbound,Leroy St and Murray IB,43
10/29/2018 7:44,WS Outbound-DCL Inbound,Leroy St and Murray IB,43
10/29/2018 7:44,WS Outbound-DCL Inbound,Leroy St and Murray IB,43
10/29/2018 7:44,WS Outbound-DCL Inbound,Leroy St and Murray IB,43
10/29/2018 7:44,WS Outbound-DCL Inbound,Leroy St and Murray IB,43
10/29/2018 7:44,WS Outbound-DCL Inbound,Leroy St and Murray IB,43
10/29/2018 7:44,WS Outbound-DCL Inbound,Leroy St and Murray IB,43
10/29/2018 7:44,WS Outbound-DCL Inbound,Leroy St and Murray IB,43
10/29/2018 7:44,WS Outbound-DCL Inbound,Leroy St and Murray IB,43
10/29/2018 7:46,WS Outbound-DCL Inbound,Leroy St and Chestnut IB,43
10/29/2018 7:46,WS Outbound-DCL Inbound,Leroy St and Chestnut IB,43
10/29/2018 7:46,WS Outbound-DCL Inbound,Leroy St and Chestnut IB,43
10/29/2018 7:46,WS Outbound-DCL Inbound,Leroy St and Chestnut IB,43
10/29/2018 7:46,WS Outbound-DCL Inbound,Leroy St and Chestnut IB,43
10/29/2018 7:46,WS Outbound-DCL Inbound,Leroy St and Chestnut IB,43
10/29/2018 7:46,WS Outbound-DCL Inbound,Leroy St and Chestnut IB,43
10/29/2018 7:46,WS Outbound-DCL Inbound,Leroy St and Chestnut IB,43
10/29/2018 7:47,WS Outbound-DCL Inbound,Leroy St and Chestnut IB,43
10/29/2018 7:47,WS Outbound-DCL Inbound,Leroy St and Chestnut IB,43
10/29/2018 7:47,WS Outbound-DCL Inbound,Leroy St and Chestnut IB,43
10/29/2018 7:51,WS Outbound-DCL Inbound,UDC,891
10/29/2018 7:51,WS Outbound-DCL Inbound,UDC,891
10/29/2018 7:51,WS Outbound-DCL Inbound,UDC,891
10/29/2018 7:52,WS Outbound-DCL Inbound,UDC,891
10/29/2018 7:52,WS Outbound-DCL Inbound,UDC,891
10/29/2018 7:52,WS Outbound-DCL Inbound,UDC,891
10/29/2018 7:53,WS Outbound-DCL Inbound,UDC,891
10/29/2018 7:54,WS Outbound-DCL Inbound,UDC,891
10/29/2018 7:54,WS Outbound-DCL Inbound,UDC,891
10/29/2018 7:54,WS Outbound-DCL Inbound,UDC,891
10/29/2018 7:54,WS Outbound-DCL Inbound,UDC,891
10/29/2018 7:59,WS Outbound-DCL Inbound,Leroy St and Front,891
10/29/2018 7:59,WS Outbound-DCL Inbound,Leroy St and Front,891
10/29/2018 7:59,WS Outbound-DCL Inbound,Leroy St and Front,891
10/29/2018 7:59,WS Outbound-DCL Inbound,Leroy St and Front,891
10/29/2018 8:00,WS Outbound-DCL Inbound,Leroy St and Murray IB,891
10/29/2018 8:00,WS Outbound-DCL Inbound,Leroy St and Murray IB,891
10/29/2018 8:00,WS Outbound-DCL Inbound,Leroy St and Murray IB,891
10/29/2018 8:00,WS Outbound-DCL Inbound,Leroy St and Murray IB,891
10/29/2018 8:00,WS Outbound-DCL Inbound,Leroy St and Murray IB,891
10/29/2018 8:00,WS Outbound-DCL Inbound,Leroy St and Murray IB,891
10/29/2018 8:00,WS Outbound-DCL Inbound,Leroy St and Murray IB,891
10/29/2018 8:00,WS Outbound-DCL Inbound,Leroy St and Murray IB,891
10/29/2018 8:00,WS Outbound-DCL Inbound,Leroy St and Murray IB,891
10/29/2018 8:00,WS Outbound-DCL Inbound,Leroy St and Murray IB,891
10/29/2018 8:00,WS Outbound-DCL Inbound,Leroy St and Murray IB,891
10/29/2018 8:00,WS Outbound-DCL Inbound,Leroy St and Murray IB,891
10/29/2018 8:00,WS Outbound-DCL Inbound,Leroy St and Murray IB,891
10/29/2018 8:00,WS Outbound-DCL Inbound,Leroy St and Murray IB,891
10/29/2018 8:00,WS Outbound-DCL Inbound,Leroy St and Murray IB,891
10/29/2018 8:01,WS Outbound-DCL Inbound,Leroy St and Chestnut IB,891
10/29/2018 8:01,WS Outbound-DCL Inbound,Leroy St and Chestnut IB,891
10/29/2018 8:01,WS Outbound-DCL Inbound,Leroy St and Chestnut IB,891
10/29/2018 8:01,WS Outbound-DCL Inbound,Leroy St and Chestnut IB,891
10/29/2018 8:01,WS Outbound-DCL Inbound,Leroy St and Chestnut IB,891
10/29/2018 8:01,WS Outbound-DCL Inbound,Leroy St and Chestnut IB,891
10/29/2018 8:01,WS Outbound-DCL Inbound,Leroy St and Chestnut IB,891
10/29/2018 8:20,WS Outbound-DCL Inbound,UDC,526
10/29/2018 8:22,WS Outbound-DCL Inbound,UDC,526
10/29/2018 8:23,WS Outbound-DCL Inbound,UDC,526
10/29/2018 8:23,WS Outbound-DCL Inbound,UDC,526
10/29/2018 8:23,WS Outbound-DCL Inbound,UDC,526
10/29/2018 8:24,WS Outbound-DCL Inbound,UDC,526
10/29/2018 8:25,WS Outbound-DCL Inbound,Floral and Cleveland IB,891
10/29/2018 8:28,WS Outbound-DCL Inbound,Leroy St and Murray IB,526
10/29/2018 8:28,WS Outbound-DCL Inbound,Main and Schiller OB,891
10/29/2018 8:28,WS Outbound-DCL Inbound,Leroy St and Murray IB,526
10/29/2018 8:28,WS Outbound-DCL Inbound,Leroy St and Murray IB,526
10/29/2018 8:28,WS Outbound-DCL Inbound,Leroy St and Murray IB,526
10/29/2018 8:28,WS Outbound-DCL Inbound,Leroy St and Murray IB,526
10/29/2018 8:28,WS Outbound-DCL Inbound,Leroy St and Murray IB,526
10/29/2018 8:29,WS Outbound-DCL Inbound,Leroy St and Chestnut IB,526
10/29/2018 8:29,WS Outbound-DCL Inbound,Leroy St and Chestnut IB,526
10/29/2018 8:29,WS Outbound-DCL Inbound,Leroy St and Chestnut IB,526
10/29/2018 8:29,WS Outbound-DCL Inbound,Leroy St and Chestnut IB,526
10/29/2018 8:29,WS Outbound-DCL Inbound,Leroy St and Chestnut IB,526
10/29/2018 8:32,WS Outbound-DCL Inbound,Main and Murray OB,891
10/29/2018 8:43,WS Outbound-DCL Inbound,Leroy St and Front,891
10/29/2018 8:44,WS Outbound-DCL Inbound,Leroy St and Murray IB,891
10/29/2018 8:44,WS Outbound-DCL Inbound,Leroy St and Murray IB,891
10/29/2018 8:44,WS Outbound-DCL Inbound,Leroy St and Murray IB,891
10/29/2018 8:44,WS Outbound-DCL Inbound,Leroy St and Murray IB,891
10/29/2018 8:44,WS Outbound-DCL Inbound,Leroy St and Murray IB,891
10/29/2018 8:44,WS Outbound-DCL Inbound,Leroy St and Murray IB,891
10/29/2018 8:44,WS Outbound-DCL Inbound,Leroy St and Murray IB,891
10/29/2018 8:45,WS Outbound-DCL Inbound,Leroy St and Chestnut IB,891
10/29/2018 8:45,WS Outbound-DCL Inbound,Leroy St and Chestnut IB,891
10/29/2018 8:45,WS Outbound-DCL Inbound,Leroy St and Chestnut IB,891
10/29/2018 8:45,WS Outbound-DCL Inbound,Leroy St and Chestnut IB,891
10/29/2018 8:45,WS Outbound-DCL Inbound,Leroy St and Chestnut IB,891
10/29/2018 8:45,WS Outbound-DCL Inbound,Leroy St and Chestnut IB,891
10/29/2018 8:46,WS Outbound-DCL Inbound,Leroy St and Chestnut IB,891
10/29/2018 8:47,WS Outbound-DCL Inbound,Beethoven and Leroy,891
10/29/2018 8:51,WS Outbound-DCL Inbound,UDC,43
10/29/2018 8:51,WS Outbound-DCL Inbound,UDC,43
10/29/2018 8:51,WS Outbound-DCL Inbound,UDC,43
10/29/2018 8:53,WS Outbound-DCL Inbound,UDC,43
10/29/2018 8:53,WS Outbound-DCL Inbound,UDC,43
10/29/2018 8:54,WS Outbound-DCL Inbound,UDC,43
10/29/2018 8:55,WS Outbound-DCL Inbound,UDC,43
10/29/2018 8:55,WS Outbound-DCL Inbound,UDC,43
10/29/2018 8:58,WS Outbound-DCL Inbound,Leroy St and Front,43
10/29/2018 8:58,WS Outbound-DCL Inbound,Leroy St and Front,43
10/29/2018 8:58,WS Outbound-DCL Inbound,Leroy St and Front,43
10/29/2018 8:58,WS Outbound-DCL Inbound,Leroy St and Front,43
10/29/2018 8:58,WS Outbound-DCL Inbound,Leroy St and Front,43
10/29/2018 8:58,WS Outbound-DCL Inbound,Leroy St and Front,43
10/29/2018 8:59,WS Outbound-DCL Inbound,Leroy St and Murray IB,43
10/29/2018 8:59,WS Outbound-DCL Inbound,Leroy St and Murray IB,43
10/29/2018 8:59,WS Outbound-DCL Inbound,Leroy St and Murray IB,43
10/29/2018 8:59,WS Outbound-DCL Inbound,Leroy St and Murray IB,43
10/29/2018 8:59,WS Outbound-DCL Inbound,Leroy St and Murray IB,43
10/29/2018 8:59,WS Outbound-DCL Inbound,Leroy St and Murray IB,43
10/29/2018 8:59,WS Outbound-DCL Inbound,Leroy St and Murray IB,43
10/29/2018 8:59,WS Outbound-DCL Inbound,Leroy St and Murray IB,43
10/29/2018 8:59,WS Outbound-DCL Inbound,Leroy St and Murray IB,43
10/29/2018 8:59,WS Outbound-DCL Inbound,Leroy St and Murray IB,43
10/29/2018 8:59,WS Outbound-DCL Inbound,Leroy St and Murray IB,43
10/29/2018 8:59,WS Outbound-DCL Inbound,Leroy St and Murray IB,43
10/29/2018 9:00,WS Outbound-DCL Inbound,Leroy St and Murray IB,43
10/29/2018 9:00,WS Outbound-DCL Inbound,Leroy St and Murray IB,43
10/29/2018 9:01,WS Outbound-DCL Inbound,Leroy St and Chestnut IB,43
10/29/2018 9:01,WS Outbound-DCL Inbound,Leroy St and Chestnut IB,43
10/29/2018 9:01,WS Outbound-DCL Inbound,Leroy St and Chestnut IB,43
10/29/2018 9:01,WS Outbound-DCL Inbound,Leroy St and Chestnut IB,43
10/29/2018 9:01,WS Outbound-DCL Inbound,Leroy St and Chestnut IB,43
10/29/2018 9:01,WS Outbound-DCL Inbound,Leroy St and Chestnut IB,43
10/29/2018 9:01,WS Outbound-DCL Inbound,Leroy St and Chestnut IB,43
10/29/2018 9:01,WS Outbound-DCL Inbound,Leroy St and Chestnut IB,43
10/29/2018 9:01,WS Outbound-DCL Inbound,Leroy St and Chestnut IB,43
10/29/2018 9:01,WS Outbound-DCL Inbound,Leroy St and Chestnut IB,43
10/29/2018 9:01,WS Outbound-DCL Inbound,Leroy St and Chestnut IB,43
10/29/2018 9:01,WS Outbound-DCL Inbound,Leroy St and Chestnut IB,43
10/29/2018 9:05,WS Outbound-DCL Inbound,Riverside and Margaret OB,43
10/29/2018 9:07,WS Outbound-DCL Inbound,Riverside and Ethel OB,43
10/29/2018 9:27,WS Outbound-DCL Inbound,UDC,21
10/29/2018 9:27,WS Outbound-DCL Inbound,UDC,21
10/29/2018 9:28,WS Outbound-DCL Inbound,UDC,21
10/29/2018 9:28,WS Outbound-DCL Inbound,UDC,21
10/29/2018 9:28,WS Outbound-DCL Inbound,UDC,21
10/29/2018 9:28,WS Outbound-DCL Inbound,UDC,21
10/29/2018 9:28,WS Outbound-DCL Inbound,UDC,21
10/29/2018 9:28,WS Outbound-DCL Inbound,UDC,21
10/29/2018 9:28,WS Outbound-DCL Inbound,UDC,21
10/29/2018 9:30,WS Outbound-DCL Inbound,Leroy St and Front,21
10/29/2018 9:30,WS Outbound-DCL Inbound,Leroy St and Front,21
10/29/2018 9:30,WS Outbound-DCL Inbound,Leroy St and Front,21
10/29/2018 9:30,WS Outbound-DCL Inbound,Leroy St and Front,21
10/29/2018 9:30,WS Outbound-DCL Inbound,Leroy St and Front,21
10/29/2018 9:31,WS Outbound-DCL Inbound,Leroy St and Murray IB,21
10/29/2018 9:31,WS Outbound-DCL Inbound,Leroy St and Murray IB,21
10/29/2018 9:31,WS Outbound-DCL Inbound,Leroy St and Murray IB,21
10/29/2018 9:31,WS Outbound-DCL Inbound,Leroy St and Murray IB,21
10/29/2018 9:32,WS Outbound-DCL Inbound,Leroy St and Murray IB,21
10/29/2018 9:33,WS Outbound-DCL Inbound,Leroy St and Chestnut IB,21
10/29/2018 9:33,WS Outbound-DCL Inbound,Leroy St and Chestnut IB,21
10/29/2018 9:33,WS Outbound-DCL Inbound,Leroy St and Chestnut IB,21
10/29/2018 9:33,WS Outbound-DCL Inbound,Leroy St and Chestnut IB,21
10/29/2018 9:33,WS Outbound-DCL Inbound,Leroy St and Chestnut IB,21
10/29/2018 9:33,WS Outbound-DCL Inbound,Leroy St and Chestnut IB,21
10/29/2018 9:33,WS Outbound-DCL Inbound,Leroy St and Chestnut IB,21
10/29/2018 9:33,WS Outbound-DCL Inbound,Leroy St and Chestnut IB,21
10/29/2018 9:34,WS Outbound-DCL Inbound,Leroy St and Chestnut IB,21
10/29/2018 9:34,WS Outbound-DCL Inbound,Leroy St and Chestnut IB,21
10/29/2018 9:34,WS Outbound-DCL Inbound,Leroy St and Chestnut IB,21
10/29/2018 9:34,WS Outbound-DCL Inbound,Leroy St and Chestnut IB,21
10/29/2018 9:34,WS Outbound-DCL Inbound,Leroy St and Chestnut IB,21
10/29/2018 9:34,WS Outbound-DCL Inbound,Leroy St and Chestnut IB,21
10/29/2018 9:34,WS Outbound-DCL Inbound,Leroy St and Chestnut IB,21
10/29/2018 9:34,WS Outbound-DCL Inbound,UDC,55
10/29/2018 9:34,WS Outbound-DCL Inbound,UDC,55
10/29/2018 9:35,WS Outbound-DCL Inbound,Beethoven and Leroy,21
10/29/2018 9:39,WS Outbound-DCL Inbound,UDC,55
10/29/2018 9:44,WS Outbound-DCL Inbound,Leroy St and Murray IB,55
10/29/2018 9:44,WS Outbound-DCL Inbound,Leroy St and Murray IB,55
10/29/2018 9:44,WS Outbound-DCL Inbound,Leroy St and Murray IB,55
10/29/2018 9:44,WS Outbound-DCL Inbound,Leroy St and Murray IB,55
10/29/2018 9:45,WS Outbound-DCL Inbound,Leroy St and Chestnut IB,55
10/29/2018 9:45,WS Outbound-DCL Inbound,Leroy St and Chestnut IB,55
10/29/2018 9:45,WS Outbound-DCL Inbound,Leroy St and Chestnut IB,55
10/29/2018 9:46,WS Outbound-DCL Inbound,Leroy St and Chestnut IB,55
10/29/2018 9:47,WS Outbound-DCL Inbound,Leroy St and Laurel IB,55
10/29/2018 9:48,WS Outbound-DCL Inbound,Union,21
10/29/2018 9:48,WS Outbound-DCL Inbound,Union,21
10/29/2018 9:48,WS Outbound-DCL Inbound,Union,21
10/29/2018 9:48,WS Outbound-DCL Inbound,Union,21
10/29/2018 9:48,WS Outbound-DCL Inbound,Union,21
10/29/2018 9:48,WS Outbound-DCL Inbound,Union,21
10/29/2018 9:48,WS Outbound-DCL Inbound,Union,21
10/29/2018 9:48,WS Outbound-DCL Inbound,Union,21
10/29/2018 9:48,WS Outbound-DCL Inbound,Union,21
10/29/2018 9:49,WS Outbound-DCL Inbound,Union,891
10/29/2018 9:50,WS Outbound-DCL Inbound,Union,21
10/29/2018 9:50,WS Outbound-DCL Inbound,Union,21
10/29/2018 9:51,WS Outbound-DCL Inbound,UDC,42
10/29/2018 9:51,WS Outbound-DCL Inbound,UDC,42
10/29/2018 9:52,WS Outbound-DCL Inbound,Physical Facilities,891
10/29/2018 9:54,WS Outbound-DCL Inbound,UDC,42
10/29/2018 9:56,WS Outbound-DCL Inbound,Floral and Harrison IB,891
10/29/2018 9:56,WS Outbound-DCL Inbound,Floral and Harrison IB,891
10/29/2018 9:58,WS Outbound-DCL Inbound,Leroy St and Murray IB,42
10/29/2018 9:58,WS Outbound-DCL Inbound,Leroy St and Murray IB,42
10/29/2018 9:58,WS Outbound-DCL Inbound,Leroy St and Murray IB,42
10/29/2018 9:58,WS Outbound-DCL Inbound,Leroy St and Murray IB,42
10/29/2018 9:58,WS Outbound-DCL Inbound,Leroy St and Murray IB,42
10/29/2018 9:58,WS Outbound-DCL Inbound,Leroy St and Chestnut IB,42
10/29/2018 9:59,WS Outbound-DCL Inbound,Leroy St and Laurel IB,42
10/29/2018 10:05,WS Outbound-DCL Inbound,Main and Murray OB,891
10/29/2018 10:10,WS Outbound-DCL Inbound,UDC,891
10/29/2018 10:14,WS Outbound-DCL Inbound,Leroy St and Murray IB,891
10/29/2018 10:14,WS Outbound-DCL Inbound,Leroy St and Murray IB,891
10/29/2018 10:14,WS Outbound-DCL Inbound,Leroy St and Murray IB,891
10/29/2018 10:14,WS Outbound-DCL Inbound,Leroy St and Murray IB,891
10/29/2018 10:14,WS Outbound-DCL Inbound,Leroy St and Murray IB,891
10/29/2018 10:14,WS Outbound-DCL Inbound,Leroy St and Murray IB,891
10/29/2018 10:14,WS Outbound-DCL Inbound,Leroy St and Murray IB,891
10/29/2018 10:14,WS Outbound-DCL Inbound,Leroy St and Murray IB,891
10/29/2018 10:14,WS Outbound-DCL Inbound,Leroy St and Murray IB,891
10/29/2018 10:15,WS Outbound-DCL Inbound,Leroy St and Chestnut IB,891
10/29/2018 10:15,WS Outbound-DCL Inbound,Leroy St and Chestnut IB,891
10/29/2018 10:15,WS Outbound-DCL Inbound,Leroy St and Chestnut IB,891
10/29/2018 10:15,WS Outbound-DCL Inbound,Leroy St and Chestnut IB,891
10/29/2018 10:15,WS Outbound-DCL Inbound,Leroy St and Chestnut IB,891
10/29/2018 10:21,WS Outbound-DCL Inbound,UDC,890
10/29/2018 10:23,WS Outbound-DCL Inbound,UDC,890
10/29/2018 10:23,WS Outbound-DCL Inbound,UDC,890
10/29/2018 10:23,WS Outbound-DCL Inbound,UDC,890
10/29/2018 10:23,WS Outbound-DCL Inbound,UDC,890
10/29/2018 10:24,WS Outbound-DCL Inbound,UDC,890
10/29/2018 10:24,WS Outbound-DCL Inbound,UDC,890
10/29/2018 10:28,WS Outbound-DCL Inbound,Union,891
10/29/2018 10:28,WS Outbound-DCL Inbound,Union,891
10/29/2018 10:28,WS Outbound-DCL Inbound,Union,891
10/29/2018 10:28,WS Outbound-DCL Inbound,Union,891
10/29/2018 10:28,WS Outbound-DCL Inbound,Union,891
10/29/2018 10:28,WS Outbound-DCL Inbound,Union,891
10/29/2018 10:28,WS Outbound-DCL Inbound,Union,891
10/29/2018 10:28,WS Outbound-DCL Inbound,Union,891
10/29/2018 10:28,WS Outbound-DCL Inbound,Union,891
10/29/2018 10:28,WS Outbound-DCL Inbound,Leroy St and Front,890
10/29/2018 10:28,WS Outbound-DCL Inbound,Leroy St and Front,890
10/29/2018 10:28,WS Outbound-DCL Inbound,Leroy St and Front,890
10/29/2018 10:29,WS Outbound-DCL Inbound,Union,891
10/29/2018 10:29,WS Outbound-DCL Inbound,Leroy St and Murray IB,890
10/29/2018 10:29,WS Outbound-DCL Inbound,Leroy St and Murray IB,890
10/29/2018 10:29,WS Outbound-DCL Inbound,Leroy St and Murray IB,890
10/29/2018 10:29,WS Outbound-DCL Inbound,Leroy St and Murray IB,890
10/29/2018 10:29,WS Outbound-DCL Inbound,Leroy St and Murray IB,890
10/29/2018 10:29,WS Outbound-DCL Inbound,Leroy St and Murray IB,890
10/29/2018 10:29,WS Outbound-DCL Inbound,Union,891
10/29/2018 10:29,WS Outbound-DCL Inbound,Leroy St and Murray IB,890
10/29/2018 10:29,WS Outbound-DCL Inbound,Leroy St and Murray IB,890
10/29/2018 10:29,WS Outbound-DCL Inbound,Leroy St and Murray IB,890
10/29/2018 10:29,WS Outbound-DCL Inbound,Leroy St and Murray IB,890
10/29/2018 10:29,WS Outbound-DCL Inbound,Leroy St and Murray IB,890
10/29/2018 10:30,WS Outbound-DCL Inbound,Leroy St and Murray IB,890
10/29/2018 10:30,WS Outbound-DCL Inbound,Leroy St and Murray IB,890
10/29/2018 10:30,WS Outbound-DCL Inbound,Leroy St and Murray IB,890
10/29/2018 10:30,WS Outbound-DCL Inbound,Main and Cedar OB,55
10/29/2018 10:30,WS Outbound-DCL Inbound,Union,891
10/29/2018 10:30,WS Outbound-DCL Inbound,Leroy St and Murray IB,890
10/29/2018 10:31,WS Outbound-DCL Inbound,Leroy St and Chestnut IB,890
10/29/2018 10:31,WS Outbound-DCL Inbound,Leroy St and Chestnut IB,890
10/29/2018 10:31,WS Outbound-DCL Inbound,Leroy St and Chestnut IB,890
10/29/2018 10:31,WS Outbound-DCL Inbound,Leroy St and Chestnut IB,890
10/29/2018 10:31,WS Outbound-DCL Inbound,Leroy St and Chestnut IB,890
10/29/2018 10:31,WS Outbound-DCL Inbound,Leroy St and Chestnut IB,890
10/29/2018 10:31,WS Outbound-DCL Inbound,Leroy St and Chestnut IB,890
10/29/2018 10:35,WS Outbound-DCL Inbound,UDC,55
10/29/2018 10:35,WS Outbound-DCL Inbound,UDC,55
10/29/2018 10:35,WS Outbound-DCL Inbound,UDC,55
10/29/2018 10:39,WS Outbound-DCL Inbound,UDC,55
10/29/2018 10:40,WS Outbound-DCL Inbound,UDC,55
10/29/2018 10:43,WS Outbound-DCL Inbound,Leroy St and Front,55
10/29/2018 10:43,WS Outbound-DCL Inbound,Leroy St and Front,55
10/29/2018 10:43,WS Outbound-DCL Inbound,Leroy St and Front,55
10/29/2018 10:44,WS Outbound-DCL Inbound,Leroy St and Murray IB,55
10/29/2018 10:44,WS Outbound-DCL Inbound,Leroy St and Murray IB,55
10/29/2018 10:44,WS Outbound-DCL Inbound,Leroy St and Murray IB,55
10/29/2018 10:44,WS Outbound-DCL Inbound,Leroy St and Murray IB,55
10/29/2018 10:44,WS Outbound-DCL Inbound,Leroy St and Murray IB,55
10/29/2018 10:45,WS Outbound-DCL Inbound,Leroy St and Chestnut IB,55
10/29/2018 10:45,WS Outbound-DCL Inbound,Leroy St and Chestnut IB,55
10/29/2018 10:45,WS Outbound-DCL Inbound,Leroy St and Chestnut IB,55
10/29/2018 10:48,WS Outbound-DCL Inbound,Union,890
10/29/2018 10:48,WS Outbound-DCL Inbound,Union,890
10/29/2018 10:48,WS Outbound-DCL Inbound,Union,890
10/29/2018 10:48,WS Outbound-DCL Inbound,Union,890
10/29/2018 10:48,WS Outbound-DCL Inbound,Union,890
10/29/2018 10:48,WS Outbound-DCL Inbound,Union,890
10/29/2018 10:48,WS Outbound-DCL Inbound,Union,890
10/29/2018 10:48,WS Outbound-DCL Inbound,Union,890
10/29/2018 10:48,WS Outbound-DCL Inbound,Union,890
10/29/2018 10:48,WS Outbound-DCL Inbound,Union,890
10/29/2018 10:48,WS Outbound-DCL Inbound,Union,890
10/29/2018 10:48,WS Outbound-DCL Inbound,Union,890
10/29/2018 10:48,WS Outbound-DCL Inbound,Union,890
10/29/2018 10:48,WS Outbound-DCL Inbound,Union,890
10/29/2018 10:48,WS Outbound-DCL Inbound,Union,890
10/29/2018 10:49,WS Outbound-DCL Inbound,Union,890
10/29/2018 10:49,WS Outbound-DCL Inbound,Union,890
10/29/2018 10:49,WS Outbound-DCL Inbound,Union,890
10/29/2018 10:49,WS Outbound-DCL Inbound,Union,890
10/29/2018 10:49,WS Outbound-DCL Inbound,Union,890
10/29/2018 10:49,WS Outbound-DCL Inbound,Union,890
10/29/2018 10:49,WS Outbound-DCL Inbound,Union,890
10/29/2018 10:52,WS Outbound-DCL Inbound,Physical Facilities,890
10/29/2018 10:52,WS Outbound-DCL Inbound,Physical Facilities,890
10/29/2018 10:52,WS Outbound-DCL Inbound,Physical Facilities,890
10/29/2018 10:52,WS Outbound-DCL Inbound,Physical Facilities,890
10/29/2018 10:53,WS Outbound-DCL Inbound,UDC,526
10/29/2018 10:53,WS Outbound-DCL Inbound,UDC,526
10/29/2018 10:54,WS Outbound-DCL Inbound,UDC,526
10/29/2018 10:54,WS Outbound-DCL Inbound,UDC,526
10/29/2018 10:54,WS Outbound-DCL Inbound,UDC,526
10/29/2018 10:54,WS Outbound-DCL Inbound,UDC,526
10/29/2018 10:54,WS Outbound-DCL Inbound,UDC,526
10/29/2018 10:54,WS Outbound-DCL Inbound,UDC,526
10/29/2018 10:54,WS Outbound-DCL Inbound,UDC,526
10/29/2018 10:54,WS Outbound-DCL Inbound,UDC,526
10/29/2018 10:54,WS Outbound-DCL Inbound,UDC,526
10/29/2018 10:54,WS Outbound-DCL Inbound,UDC,526
10/29/2018 10:55,WS Outbound-DCL Inbound,UDC,526
10/29/2018 10:59,WS Outbound-DCL Inbound,Leroy St and Murray IB,526
10/29/2018 10:59,WS Outbound-DCL Inbound,Leroy St and Murray IB,526
10/29/2018 10:59,WS Outbound-DCL Inbound,Leroy St and Murray IB,526
10/29/2018 10:59,WS Outbound-DCL Inbound,Leroy St and Murray IB,526
10/29/2018 10:59,WS Outbound-DCL Inbound,Leroy St and Murray IB,526
10/29/2018 11:00,WS Outbound-DCL Inbound,Leroy St and Chestnut IB,526
10/29/2018 11:00,WS Outbound-DCL Inbound,Leroy St and Chestnut IB,526
10/29/2018 11:01,WS Outbound-DCL Inbound,Leroy St and Laurel IB,526
10/29/2018 11:04,WS Outbound-DCL Inbound,Main and Cedar OB,890
10/29/2018 11:04,WS Outbound-DCL Inbound,Main and Cedar OB,890
10/29/2018 11:12,WS Outbound-DCL Inbound,Union,891
10/29/2018 11:12,WS Outbound-DCL Inbound,Union,891
10/29/2018 11:12,WS Outbound-DCL Inbound,Union,891
10/29/2018 11:12,WS Outbound-DCL Inbound,Union,891
10/29/2018 11:12,WS Outbound-DCL Inbound,Union,891
10/29/2018 11:12,WS Outbound-DCL Inbound,Union,891
10/29/2018 11:12,WS Outbound-DCL Inbound,Union,891
10/29/2018 11:12,WS Outbound-DCL Inbound,Union,891
10/29/2018 11:12,WS Outbound-DCL Inbound,Union,891
10/29/2018 11:12,WS Outbound-DCL Inbound,Union,891
10/29/2018 11:12,WS Outbound-DCL Inbound,Union,891
10/29/2018 11:13,WS Outbound-DCL Inbound,Leroy St and Front,890
10/29/2018 11:13,WS Outbound-DCL Inbound,Union,891
10/29/2018 11:14,WS Outbound-DCL Inbound,Leroy St and Murray IB,890
10/29/2018 11:15,WS Outbound-DCL Inbound,Leroy St and Chestnut OB,890
10/29/2018 11:15,WS Outbound-DCL Inbound,Leroy St and Chestnut OB,890
10/29/2018 11:15,WS Outbound-DCL Inbound,Leroy St and Chestnut OB,890
10/29/2018 11:15,WS Outbound-DCL Inbound,Leroy St and Chestnut OB,890
10/29/2018 11:15,WS Outbound-DCL Inbound,Union,891
10/29/2018 11:16,WS Outbound-DCL Inbound,Union,891
10/29/2018 11:19,WS Outbound-DCL Inbound,Physical Facilities,891
10/29/2018 11:20,WS Outbound-DCL Inbound,Riverside and Columbus,890
10/29/2018 11:29,WS Outbound-DCL Inbound,Union,890
10/29/2018 11:36,WS Outbound-DCL Inbound,UDC,891
10/29/2018 11:36,WS Outbound-DCL Inbound,UDC,891
10/29/2018 11:36,WS Outbound-DCL Inbound,UDC,891
10/29/2018 11:38,WS Outbound-DCL Inbound,UDC,891
10/29/2018 11:39,WS Outbound-DCL Inbound,UDC,891
10/29/2018 11:39,WS Outbound-DCL Inbound,UDC,891
10/29/2018 11:39,WS Outbound-DCL Inbound,UDC,891
10/29/2018 11:40,WS Outbound-DCL Inbound,UDC,890
10/29/2018 11:40,WS Outbound-DCL Inbound,UDC,890
10/29/2018 11:40,WS Outbound-DCL Inbound,UDC,890
10/29/2018 11:40,WS Outbound-DCL Inbound,UDC,890
10/29/2018 11:41,WS Outbound-DCL Inbound,UDC,890
10/29/2018 11:41,WS Outbound-DCL Inbound,UDC,890
10/29/2018 11:41,WS Outbound-DCL Inbound,UDC,890
10/29/2018 11:41,WS Outbound-DCL Inbound,UDC,890
10/29/2018 11:42,WS Outbound-DCL Inbound,Leroy St and Front,891
10/29/2018 11:42,WS Outbound-DCL Inbound,Leroy St and Front,891
10/29/2018 11:42,WS Outbound-DCL Inbound,Leroy St and Front,891
10/29/2018 11:42,WS Outbound-DCL Inbound,Leroy St and Front,891
10/29/2018 11:42,WS Outbound-DCL Inbound,Leroy St and Front,891
10/29/2018 11:43,WS Outbound-DCL Inbound,UDC,890
10/29/2018 11:43,WS Outbound-DCL Inbound,UDC,890
10/29/2018 11:43,WS Outbound-DCL Inbound,UDC,890
10/29/2018 11:43,WS Outbound-DCL Inbound,Leroy St and Murray OB,891
10/29/2018 11:43,WS Outbound-DCL Inbound,Leroy St and Murray OB,891
10/29/2018 11:43,WS Outbound-DCL Inbound,Leroy St and Murray OB,891
10/29/2018 11:43,WS Outbound-DCL Inbound,Leroy St and Murray OB,891
10/29/2018 11:43,WS Outbound-DCL Inbound,UDC,890
10/29/2018 11:44,WS Outbound-DCL Inbound,UDC,890
10/29/2018 11:44,WS Outbound-DCL Inbound,Leroy St and Murray OB,891
10/29/2018 11:44,WS Outbound-DCL Inbound,Leroy St and Murray OB,891
10/29/2018 11:44,WS Outbound-DCL Inbound,Leroy St and Murray OB,891
10/29/2018 11:44,WS Outbound-DCL Inbound,Leroy St and Murray OB,891
10/29/2018 11:44,WS Outbound-DCL Inbound,Leroy St and Murray OB,891
10/29/2018 11:44,WS Outbound-DCL Inbound,Leroy St and Murray OB,891
10/29/2018 11:44,WS Outbound-DCL Inbound,UDC,890
10/29/2018 11:44,WS Outbound-DCL Inbound,Union,55
10/29/2018 11:44,WS Outbound-DCL Inbound,Union,55
10/29/2018 11:44,WS Outbound-DCL Inbound,Union,55
10/29/2018 11:44,WS Outbound-DCL Inbound,Union,55
10/29/2018 11:44,WS Outbound-DCL Inbound,Union,55
10/29/2018 11:44,WS Outbound-DCL Inbound,UDC,890
10/29/2018 11:44,WS Outbound-DCL Inbound,Union,55
10/29/2018 11:44,WS Outbound-DCL Inbound,Union,55
10/29/2018 11:44,WS Outbound-DCL Inbound,Union,55
10/29/2018 11:44,WS Outbound-DCL Inbound,UDC,890
10/29/2018 11:44,WS Outbound-DCL Inbound,UDC,890
10/29/2018 11:44,WS Outbound-DCL Inbound,Union,55
10/29/2018 11:44,WS Outbound-DCL Inbound,Union,55
10/29/2018 11:44,WS Outbound-DCL Inbound,Union,55
10/29/2018 11:45,WS Outbound-DCL Inbound,Union,55
10/29/2018 11:45,WS Outbound-DCL Inbound,Leroy St and Chestnut IB,891
10/29/2018 11:45,WS Outbound-DCL Inbound,Leroy St and Chestnut IB,891
10/29/2018 11:45,WS Outbound-DCL Inbound,Leroy St and Chestnut IB,891
10/29/2018 11:45,WS Outbound-DCL Inbound,Leroy St and Chestnut IB,891
10/29/2018 11:45,WS Outbound-DCL Inbound,Leroy St and Chestnut IB,891
10/29/2018 11:45,WS Outbound-DCL Inbound,Leroy St and Chestnut IB,891
10/29/2018 11:45,WS Outbound-DCL Inbound,Leroy St and Chestnut IB,891
10/29/2018 11:45,WS Outbound-DCL Inbound,Leroy St and Chestnut IB,891
10/29/2018 11:58,WS Outbound-DCL Inbound,Main and Helen OB,55
10/29/2018 11:58,WS Outbound-DCL Inbound,Main and Helen OB,55
10/29/2018 11:59,WS Outbound-DCL Inbound,Union,21
10/29/2018 11:59,WS Outbound-DCL Inbound,Union,21
10/29/2018 11:59,WS Outbound-DCL Inbound,Union,21
10/29/2018 11:59,WS Outbound-DCL Inbound,Union,890
10/29/2018 11:59,WS Outbound-DCL Inbound,Union,890
10/29/2018 11:59,WS Outbound-DCL Inbound,Union,21
10/29/2018 11:59,WS Outbound-DCL Inbound,Union,890
10/29/2018 11:59,WS Outbound-DCL Inbound,Union,21
10/29/2018 11:59,WS Outbound-DCL Inbound,Union,890
10/29/2018 11:59,WS Outbound-DCL Inbound,Union,890
10/29/2018 11:59,WS Outbound-DCL Inbound,Union,890
10/29/2018 11:59,WS Outbound-DCL Inbound,Union,890
10/29/2018 11:59,WS Outbound-DCL Inbound,Union,890
10/29/2018 11:59,WS Outbound-DCL Inbound,Union,21
10/29/2018 11:59,WS Outbound-DCL Inbound,Union,890
10/29/2018 11:59,WS Outbound-DCL Inbound,Union,21
10/29/2018 11:59,WS Outbound-DCL Inbound,Union,890
10/29/2018 11:59,WS Outbound-DCL Inbound,Union,890
10/29/2018 11:59,WS Outbound-DCL Inbound,Union,890
10/29/2018 11:59,WS Outbound-DCL Inbound,Union,21
10/29/2018 11:59,WS Outbound-DCL Inbound,Union,21
10/29/2018 11:59,WS Outbound-DCL Inbound,Union,890
10/29/2018 11:59,WS Outbound-DCL Inbound,Union,890
10/29/2018 12:00,WS Outbound-DCL Inbound,Union,21
10/29/2018 12:00,WS Outbound-DCL Inbound,Union,891
10/29/2018 12:00,WS Outbound-DCL Inbound,Union,891
10/29/2018 12:00,WS Outbound-DCL Inbound,Union,891
10/29/2018 12:00,WS Outbound-DCL Inbound,Union,891
10/29/2018 12:00,WS Outbound-DCL Inbound,Union,891
10/29/2018 12:00,WS Outbound-DCL Inbound,Union,891
10/29/2018 12:00,WS Outbound-DCL Inbound,Union,891
10/29/2018 12:00,WS Outbound-DCL Inbound,Union,891
10/29/2018 12:00,WS Outbound-DCL Inbound,Union,890
10/29/2018 12:00,WS Outbound-DCL Inbound,Union,891
10/29/2018 12:00,WS Outbound-DCL Inbound,Union,891
10/29/2018 12:00,WS Outbound-DCL Inbound,Union,21
10/29/2018 12:01,WS Outbound-DCL Inbound,Union,21
10/29/2018 12:03,WS Outbound-DCL Inbound,Physical Facilities,890
10/29/2018 12:04,WS Outbound-DCL Inbound,Physical Facilities,21
10/29/2018 12:04,WS Outbound-DCL Inbound,Physical Facilities,21
10/29/2018 12:04,WS Outbound-DCL Inbound,Physical Facilities,21
10/29/2018 12:05,WS Outbound-DCL Inbound,UDC,55
10/29/2018 12:06,WS Outbound-DCL Inbound,UDC,55
10/29/2018 12:06,WS Outbound-DCL Inbound,UDC,55
10/29/2018 12:06,WS Outbound-DCL Inbound,UDC,55
10/29/2018 12:06,WS Outbound-DCL Inbound,UDC,55
10/29/2018 12:06,WS Outbound-DCL Inbound,UDC,55
10/29/2018 12:06,WS Outbound-DCL Inbound,UDC,55
10/29/2018 12:06,WS Outbound-DCL Inbound,UDC,55
10/29/2018 12:07,WS Outbound-DCL Inbound,UDC,55
10/29/2018 12:09,WS Outbound-DCL Inbound,UDC,55
10/29/2018 12:12,WS Outbound-DCL Inbound,Union,42
10/29/2018 12:12,WS Outbound-DCL Inbound,Union,42
10/29/2018 12:12,WS Outbound-DCL Inbound,Union,42
10/29/2018 12:12,WS Outbound-DCL Inbound,Union,42
10/29/2018 12:13,WS Outbound-DCL Inbound,Union,42
10/29/2018 12:13,WS Outbound-DCL Inbound,Union,42
10/29/2018 12:13,WS Outbound-DCL Inbound,Union,42
10/29/2018 12:13,WS Outbound-DCL Inbound,Union,42
10/29/2018 12:13,WS Outbound-DCL Inbound,Union,42
10/29/2018 12:13,WS Outbound-DCL Inbound,Union,42
10/29/2018 12:13,WS Outbound-DCL Inbound,Union,42
10/29/2018 12:13,WS Outbound-DCL Inbound,Union,42
10/29/2018 12:13,WS Outbound-DCL Inbound,Union,42
10/29/2018 12:13,WS Outbound-DCL Inbound,Leroy St and Murray IB,55
10/29/2018 12:13,WS Outbound-DCL Inbound,Union,42
10/29/2018 12:13,WS Outbound-DCL Inbound,Union,42
10/29/2018 12:13,WS Outbound-DCL Inbound,Leroy St and Murray IB,55
10/29/2018 12:13,WS Outbound-DCL Inbound,Leroy St and Murray IB,55
10/29/2018 12:13,WS Outbound-DCL Inbound,Union,42
10/29/2018 12:13,WS Outbound-DCL Inbound,Leroy St and Murray IB,55
10/29/2018 12:13,WS Outbound-DCL Inbound,Union,42
10/29/2018 12:13,WS Outbound-DCL Inbound,Leroy St and Murray IB,55
10/29/2018 12:13,WS Outbound-DCL Inbound,Leroy St and Murray IB,55
10/29/2018 12:13,WS Outbound-DCL Inbound,Leroy St and Murray IB,55
10/29/2018 12:13,WS Outbound-DCL Inbound,Union,42
10/29/2018 12:13,WS Outbound-DCL Inbound,Union,42
10/29/2018 12:14,WS Outbound-DCL Inbound,Main and Helen OB,21
10/29/2018 12:14,WS Outbound-DCL Inbound,Union,42
10/29/2018 12:14,WS Outbound-DCL Inbound,Union,42
10/29/2018 12:14,WS Outbound-DCL Inbound,Leroy St and Chestnut IB,55
10/29/2018 12:14,WS Outbound-DCL Inbound,Leroy St and Chestnut IB,55
10/29/2018 12:14,WS Outbound-DCL Inbound,Leroy St and Chestnut IB,55
10/29/2018 12:14,WS Outbound-DCL Inbound,Leroy St and Chestnut IB,55
10/29/2018 12:14,WS Outbound-DCL Inbound,Leroy St and Chestnut IB,55
10/29/2018 12:14,WS Outbound-DCL Inbound,Leroy St and Chestnut IB,55
10/29/2018 12:14,WS Outbound-DCL Inbound,Leroy St and Chestnut IB,55
10/29/2018 12:14,WS Outbound-DCL Inbound,Union,42
10/29/2018 12:14,WS Outbound-DCL Inbound,Leroy St and Chestnut IB,55
10/29/2018 12:15,WS Outbound-DCL Inbound,Leroy St and Chestnut IB,55
10/29/2018 12:15,WS Outbound-DCL Inbound,Leroy St and Chestnut IB,55
10/29/2018 12:15,WS Outbound-DCL Inbound,Main and Schiller OB,21
10/29/2018 12:17,WS Outbound-DCL Inbound,Leroy St and Murray OB,890
10/29/2018 12:17,WS Outbound-DCL Inbound,Physical Facilities,42
10/29/2018 12:19,WS Outbound-DCL Inbound,Main and Murray OB,21
10/29/2018 12:23,WS Outbound-DCL Inbound,UDC,21
10/29/2018 12:23,WS Outbound-DCL Inbound,UDC,21
10/29/2018 12:23,WS Outbound-DCL Inbound,UDC,21
10/29/2018 12:23,WS Outbound-DCL Inbound,UDC,21
10/29/2018 12:23,WS Outbound-DCL Inbound,UDC,21
10/29/2018 12:23,WS Outbound-DCL Inbound,UDC,21
10/29/2018 12:23,WS Outbound-DCL Inbound,UDC,21
10/29/2018 12:23,WS Outbound-DCL Inbound,UDC,21
10/29/2018 12:23,WS Outbound-DCL Inbound,UDC,21
10/29/2018 12:23,WS Outbound-DCL Inbound,UDC,21
10/29/2018 12:24,WS Outbound-DCL Inbound,UDC,21
10/29/2018 12:24,WS Outbound-DCL Inbound,Main and Murray IB,890
10/29/2018 12:24,WS Outbound-DCL Inbound,UDC,21
10/29/2018 12:25,WS Outbound-DCL Inbound,Main and Mather,890
10/29/2018 12:25,WS Outbound-DCL Inbound,UDC,21
10/29/2018 12:25,WS Outbound-DCL Inbound,UDC,21
10/29/2018 12:26,WS Outbound-DCL Inbound,Main and Cedar IB,890
10/29/2018 12:26,WS Outbound-DCL Inbound,Main and Cedar IB,890
10/29/2018 12:26,WS Outbound-DCL Inbound,Main and Cedar IB,890
10/29/2018 12:26,WS Outbound-DCL Inbound,Main and Cedar IB,890
10/29/2018 12:26,WS Outbound-DCL Inbound,Main and Cedar IB,890
10/29/2018 12:26,WS Outbound-DCL Inbound,Main and Cedar IB,890
10/29/2018 12:28,WS Outbound-DCL Inbound,Main and Schiller IB,890
10/29/2018 12:28,WS Outbound-DCL Inbound,Leroy St and Front,21
10/29/2018 12:28,WS Outbound-DCL Inbound,Main and Schiller IB,890
10/29/2018 12:29,WS Outbound-DCL Inbound,Leroy St and Murray IB,21
10/29/2018 12:29,WS Outbound-DCL Inbound,Leroy St and Murray IB,21
10/29/2018 12:29,WS Outbound-DCL Inbound,Leroy St and Murray IB,21
10/29/2018 12:29,WS Outbound-DCL Inbound,Leroy St and Murray IB,21
10/29/2018 12:30,WS Outbound-DCL Inbound,Leroy St and Chestnut IB,21
10/29/2018 12:30,WS Outbound-DCL Inbound,Leroy St and Chestnut IB,21
10/29/2018 12:30,WS Outbound-DCL Inbound,Leroy St and Chestnut IB,21
10/29/2018 12:32,WS Outbound-DCL Inbound,Beethoven and Leroy,21
10/29/2018 12:32,WS Outbound-DCL Inbound,Floral and Main IB,890
10/29/2018 12:33,WS Outbound-DCL Inbound,Floral and Cleveland IB,890
10/29/2018 12:33,WS Outbound-DCL Inbound,Floral and Cleveland IB,890
10/29/2018 12:34,WS Outbound-DCL Inbound,UDC,42
10/29/2018 12:34,WS Outbound-DCL Inbound,UDC,42
10/29/2018 12:34,WS Outbound-DCL Inbound,UDC,42
10/29/2018 12:34,WS Outbound-DCL Inbound,UDC,42
10/29/2018 12:34,WS Outbound-DCL Inbound,UDC,42
10/29/2018 12:34,WS Outbound-DCL Inbound,UDC,42
10/29/2018 12:34,WS Outbound-DCL Inbound,UDC,42
10/29/2018 12:34,WS Outbound-DCL Inbound,UDC,42
10/29/2018 12:34,WS Outbound-DCL Inbound,UDC,42
10/29/2018 12:34,WS Outbound-DCL Inbound,UDC,42
10/29/2018 12:35,WS Outbound-DCL Inbound,Floral and Roberts IB,890
10/29/2018 12:36,WS Outbound-DCL Inbound,UDC,42
10/29/2018 12:39,WS Outbound-DCL Inbound,UDC,42
10/29/2018 12:40,WS Outbound-DCL Inbound,UDC,42
10/29/2018 12:42,WS Outbound-DCL Inbound,Leroy St and Front,42
10/29/2018 12:43,WS Outbound-DCL Inbound,Leroy St and Murray OB,42
10/29/2018 12:43,WS Outbound-DCL Inbound,Leroy St and Murray OB,42
10/29/2018 12:43,WS Outbound-DCL Inbound,Leroy St and Murray OB,42
10/29/2018 12:43,WS Outbound-DCL Inbound,Leroy St and Murray OB,42
10/29/2018 12:43,WS Outbound-DCL Inbound,Leroy St and Murray OB,42
10/29/2018 12:43,WS Outbound-DCL Inbound,Leroy St and Murray OB,42
10/29/2018 12:43,WS Outbound-DCL Inbound,Leroy St and Murray OB,42
10/29/2018 12:43,WS Outbound-DCL Inbound,Leroy St and Murray OB,42
10/29/2018 12:43,WS Outbound-DCL Inbound,Leroy St and Murray OB,42
10/29/2018 12:43,WS Outbound-DCL Inbound,Leroy St and Murray OB,42
10/29/2018 12:43,WS Outbound-DCL Inbound,Leroy St and Murray OB,42
10/29/2018 12:43,WS Outbound-DCL Inbound,Leroy St and Murray OB,42
10/29/2018 12:43,WS Outbound-DCL Inbound,Leroy St and Murray OB,42
10/29/2018 12:43,WS Outbound-DCL Inbound,Leroy St and Murray OB,42
10/29/2018 12:44,WS Outbound-DCL Inbound,Leroy St and Murray OB,42
10/29/2018 12:45,WS Outbound-DCL Inbound,Leroy St and Chestnut IB,42
10/29/2018 12:45,WS Outbound-DCL Inbound,Leroy St and Chestnut IB,42
10/29/2018 12:45,WS Outbound-DCL Inbound,Leroy St and Chestnut IB,42
10/29/2018 12:45,WS Outbound-DCL Inbound,Leroy St and Chestnut IB,42
10/29/2018 12:45,WS Outbound-DCL Inbound,Union,891
10/29/2018 12:45,WS Outbound-DCL Inbound,Union,891
10/29/2018 12:45,WS Outbound-DCL Inbound,Union,891
10/29/2018 12:45,WS Outbound-DCL Inbound,Union,891
10/29/2018 12:45,WS Outbound-DCL Inbound,Union,891
10/29/2018 12:46,WS Outbound-DCL Inbound,Union,891
10/29/2018 12:46,WS Outbound-DCL Inbound,Leroy St and Laurel IB,42
10/29/2018 12:46,WS Outbound-DCL Inbound,Union,891
10/29/2018 12:46,WS Outbound-DCL Inbound,Union,891
10/29/2018 12:46,WS Outbound-DCL Inbound,Beethoven and Leroy,42
10/29/2018 12:46,WS Outbound-DCL Inbound,Union,891
10/29/2018 12:59,WS Outbound-DCL Inbound,Union,526
10/29/2018 12:59,WS Outbound-DCL Inbound,Union,526
10/29/2018 12:59,WS Outbound-DCL Inbound,Union,526
10/29/2018 12:59,WS Outbound-DCL Inbound,Union,526
10/29/2018 12:59,WS Outbound-DCL Inbound,Union,526
10/29/2018 12:59,WS Outbound-DCL Inbound,Union,526
10/29/2018 12:59,WS Outbound-DCL Inbound,Union,526
10/29/2018 12:59,WS Outbound-DCL Inbound,Union,526
10/29/2018 12:59,WS Outbound-DCL Inbound,Union,526
10/29/2018 12:59,WS Outbound-DCL Inbound,Union,526
10/29/2018 12:59,WS Outbound-DCL Inbound,Union,526
10/29/2018 13:00,WS Outbound-DCL Inbound,Union,526
10/29/2018 13:00,WS Outbound-DCL Inbound,Union,526
10/29/2018 13:00,WS Outbound-DCL Inbound,Union,526
10/29/2018 13:02,WS Outbound-DCL Inbound,Main and Cedar OB,891
10/29/2018 13:02,WS Outbound-DCL Inbound,Main and Cedar OB,891
10/29/2018 13:02,WS Outbound-DCL Inbound,Main and Cedar OB,891
10/29/2018 13:05,WS Outbound-DCL Inbound,Physical Facilities,526
10/29/2018 13:05,WS Outbound-DCL Inbound,Physical Facilities,526
10/29/2018 13:08,WS Outbound-DCL Inbound,UDC,891
10/29/2018 13:09,WS Outbound-DCL Inbound,UDC,891
10/29/2018 13:13,WS Outbound-DCL Inbound,Leroy St and Murray IB,891
10/29/2018 13:13,WS Outbound-DCL Inbound,Leroy St and Murray IB,891
10/29/2018 13:13,WS Outbound-DCL Inbound,Leroy St and Murray IB,891
10/29/2018 13:13,WS Outbound-DCL Inbound,Leroy St and Murray IB,891
10/29/2018 13:14,WS Outbound-DCL Inbound,Leroy St and Chestnut IB,891
10/29/2018 13:14,WS Outbound-DCL Inbound,Leroy St and Chestnut IB,891
10/29/2018 13:14,WS Outbound-DCL Inbound,Leroy St and Chestnut IB,891
10/29/2018 13:15,WS Outbound-DCL Inbound,Leroy St and Chestnut IB,891
10/29/2018 13:15,WS Outbound-DCL Inbound,Leroy St and Chestnut IB,891
10/29/2018 13:17,WS Outbound-DCL Inbound,Riverside and Beethoven,891
10/29/2018 13:17,WS Outbound-DCL Inbound,Main and Cedar OB,526
10/29/2018 13:19,WS Outbound-DCL Inbound,Main and Murray OB,526
10/29/2018 13:19,WS Outbound-DCL Inbound,Main and Murray OB,526
10/29/2018 13:23,WS Outbound-DCL Inbound,UDC,526
10/29/2018 13:23,WS Outbound-DCL Inbound,UDC,526
10/29/2018 13:27,WS Outbound-DCL Inbound,Leroy St and Front,526
10/29/2018 13:28,WS Outbound-DCL Inbound,Leroy St and Murray IB,526
10/29/2018 13:28,WS Outbound-DCL Inbound,Leroy St and Murray IB,526
10/29/2018 13:28,WS Outbound-DCL Inbound,Leroy St and Murray IB,526
10/29/2018 13:29,WS Outbound-DCL Inbound,Leroy St and Murray IB,526
10/29/2018 13:29,WS Outbound-DCL Inbound,Leroy St and Chestnut IB,526
10/29/2018 13:43,WS Outbound-DCL Inbound,Union,42
10/29/2018 13:43,WS Outbound-DCL Inbound,Union,42
10/29/2018 13:43,WS Outbound-DCL Inbound,Union,42
10/29/2018 13:43,WS Outbound-DCL Inbound,Union,42
10/29/2018 13:43,WS Outbound-DCL Inbound,Union,42
10/29/2018 13:44,WS Outbound-DCL Inbound,Union,42
10/29/2018 13:45,WS Outbound-DCL Inbound,Union,42
10/29/2018 13:46,WS Outbound-DCL Inbound,Union,42
10/29/2018 13:46,WS Outbound-DCL Inbound,Union,42
10/29/2018 13:46,WS Outbound-DCL Inbound,Union,42
10/29/2018 13:46,WS Outbound-DCL Inbound,Union,42
10/29/2018 13:47,WS Outbound-DCL Inbound,Union,42
10/29/2018 13:48,WS Outbound-DCL Inbound,Leroy St and Front,55
10/29/2018 13:48,WS Outbound-DCL Inbound,Leroy St and Front,55
10/29/2018 13:48,WS Outbound-DCL Inbound,Leroy St and Front,55
10/29/2018 13:48,WS Outbound-DCL Inbound,Leroy St and Front,55
10/29/2018 13:48,WS Outbound-DCL Inbound,Leroy St and Front,55
10/29/2018 13:49,WS Outbound-DCL Inbound,Leroy St and Murray IB,55
10/29/2018 13:49,WS Outbound-DCL Inbound,Leroy St and Murray IB,55
10/29/2018 13:49,WS Outbound-DCL Inbound,Leroy St and Murray IB,55
10/29/2018 13:49,WS Outbound-DCL Inbound,Leroy St and Murray IB,55
10/29/2018 13:49,WS Outbound-DCL Inbound,Leroy St and Murray IB,55
10/29/2018 13:49,WS Outbound-DCL Inbound,Leroy St and Murray IB,55
10/29/2018 13:49,WS Outbound-DCL Inbound,Leroy St and Murray IB,55
10/29/2018 13:49,WS Outbound-DCL Inbound,Leroy St and Murray IB,55
10/29/2018 13:49,WS Outbound-DCL Inbound,Leroy St and Murray IB,55
10/29/2018 13:49,WS Outbound-DCL Inbound,Leroy St and Murray IB,55
10/29/2018 13:49,WS Outbound-DCL Inbound,Leroy St and Murray IB,55
10/29/2018 13:49,WS Outbound-DCL Inbound,Leroy St and Murray IB,55
10/29/2018 13:50,WS Outbound-DCL Inbound,Leroy St and Chestnut IB,55
10/29/2018 13:50,WS Outbound-DCL Inbound,Leroy St and Chestnut IB,55
10/29/2018 13:50,WS Outbound-DCL Inbound,Leroy St and Chestnut IB,55
10/29/2018 13:50,WS Outbound-DCL Inbound,Leroy St and Chestnut IB,55
10/29/2018 13:50,WS Outbound-DCL Inbound,Leroy St and Chestnut IB,55
10/29/2018 13:50,WS Outbound-DCL Inbound,Leroy St and Chestnut IB,55
10/29/2018 13:52,WS Outbound-DCL Inbound,Beethoven and Leroy,55
10/29/2018 13:53,WS Outbound-DCL Inbound,Riverside and Beethoven,55
10/29/2018 13:56,WS Outbound-DCL Inbound,Riverside and Columbus IB,55
10/29/2018 13:58,WS Outbound-DCL Inbound,Union,43
10/29/2018 13:58,WS Outbound-DCL Inbound,Union,43
10/29/2018 13:58,WS Outbound-DCL Inbound,Union,43
10/29/2018 13:58,WS Outbound-DCL Inbound,Union,43
10/29/2018 13:58,WS Outbound-DCL Inbound,Union,43
10/29/2018 13:58,WS Outbound-DCL Inbound,Union,43
10/29/2018 13:58,WS Outbound-DCL Inbound,Union,43
10/29/2018 13:58,WS Outbound-DCL Inbound,Union,43
10/29/2018 13:59,WS Outbound-DCL Inbound,Union,43
10/29/2018 13:59,WS Outbound-DCL Inbound,Union,43
10/29/2018 13:59,WS Outbound-DCL Inbound,Union,43
10/29/2018 13:59,WS Outbound-DCL Inbound,Union,43
10/29/2018 13:59,WS Outbound-DCL Inbound,Union,43
10/29/2018 14:00,WS Outbound-DCL Inbound,Union,43
10/29/2018 14:01,WS Outbound-DCL Inbound,Main and Cedar OB,42
10/29/2018 14:03,WS Outbound-DCL Inbound,Main and Murray OB,42
10/29/2018 14:05,WS Outbound-DCL Inbound,Union,55
10/29/2018 14:05,WS Outbound-DCL Inbound,Union,55
10/29/2018 14:05,WS Outbound-DCL Inbound,Union,55
10/29/2018 14:05,WS Outbound-DCL Inbound,Union,55
10/29/2018 14:05,WS Outbound-DCL Inbound,Union,55
10/29/2018 14:05,WS Outbound-DCL Inbound,Union,55
10/29/2018 14:05,WS Outbound-DCL Inbound,Union,55
10/29/2018 14:05,WS Outbound-DCL Inbound,Union,55
10/29/2018 14:07,WS Outbound-DCL Inbound,UDC,42
10/29/2018 14:07,WS Outbound-DCL Inbound,UDC,42
10/29/2018 14:07,WS Outbound-DCL Inbound,UDC,42
10/29/2018 14:07,WS Outbound-DCL Inbound,UDC,42
10/29/2018 14:07,WS Outbound-DCL Inbound,UDC,42
10/29/2018 14:09,WS Outbound-DCL Inbound,UDC,42
10/29/2018 14:10,WS Outbound-DCL Inbound,UDC,42
10/29/2018 14:10,WS Outbound-DCL Inbound,UDC,42
10/29/2018 14:13,WS Outbound-DCL Inbound,Leroy St and Murray IB,42
10/29/2018 14:13,WS Outbound-DCL Inbound,Leroy St and Murray IB,42
10/29/2018 14:13,WS Outbound-DCL Inbound,Leroy St and Murray IB,42
10/29/2018 14:13,WS Outbound-DCL Inbound,Leroy St and Murray IB,42
10/29/2018 14:13,WS Outbound-DCL Inbound,Leroy St and Murray IB,42
10/29/2018 14:14,WS Outbound-DCL Inbound,Leroy St and Chestnut IB,42
10/29/2018 14:14,WS Outbound-DCL Inbound,Leroy St and Chestnut IB,42
10/29/2018 14:14,WS Outbound-DCL Inbound,Leroy St and Chestnut IB,42
10/29/2018 14:14,WS Outbound-DCL Inbound,Leroy St and Chestnut IB,42
10/29/2018 14:14,WS Outbound-DCL Inbound,Leroy St and Chestnut IB,42
10/29/2018 14:14,WS Outbound-DCL Inbound,Leroy St and Chestnut IB,42
10/29/2018 14:14,WS Outbound-DCL Inbound,Leroy St and Chestnut IB,42
10/29/2018 14:14,WS Outbound-DCL Inbound,Leroy St and Chestnut IB,42
10/29/2018 14:15,WS Outbound-DCL Inbound,Leroy St and Chestnut IB,42
10/29/2018 14:15,WS Outbound-DCL Inbound,Leroy St and Chestnut IB,42
10/29/2018 14:16,WS Outbound-DCL Inbound,UDC,55
10/29/2018 14:16,WS Outbound-DCL Inbound,UDC,55
10/29/2018 14:16,WS Outbound-DCL Inbound,UDC,55
10/29/2018 14:16,WS Outbound-DCL Inbound,UDC,55
10/29/2018 14:16,WS Outbound-DCL Inbound,UDC,55
10/29/2018 14:24,WS Outbound-DCL Inbound,UDC,43
10/29/2018 14:24,WS Outbound-DCL Inbound,UDC,43
10/29/2018 14:27,WS Outbound-DCL Inbound,Leroy St and Murray IB,43
10/29/2018 14:27,WS Outbound-DCL Inbound,Leroy St and Murray IB,43
10/29/2018 14:27,WS Outbound-DCL Inbound,Leroy St and Murray IB,43
10/29/2018 14:27,WS Outbound-DCL Inbound,Leroy St and Murray IB,43
10/29/2018 14:27,WS Outbound-DCL Inbound,Leroy St and Murray IB,43
10/29/2018 14:28,WS Outbound-DCL Inbound,Leroy St and Murray IB,43
10/29/2018 14:28,WS Outbound-DCL Inbound,Leroy St and Chestnut IB,43
10/29/2018 14:28,WS Outbound-DCL Inbound,Leroy St and Chestnut IB,43
10/29/2018 14:28,WS Outbound-DCL Inbound,Leroy St and Chestnut IB,43
10/29/2018 14:28,WS Outbound-DCL Inbound,Leroy St and Chestnut IB,43
10/29/2018 14:29,WS Outbound-DCL Inbound,Leroy St and Chestnut IB,43
10/29/2018 14:29,WS Outbound-DCL Inbound,Union,21
10/29/2018 14:29,WS Outbound-DCL Inbound,Union,21
10/29/2018 14:29,WS Outbound-DCL Inbound,Union,21
10/29/2018 14:29,WS Outbound-DCL Inbound,Union,21
10/29/2018 14:29,WS Outbound-DCL Inbound,Union,21
10/29/2018 14:29,WS Outbound-DCL Inbound,Union,21
10/29/2018 14:29,WS Outbound-DCL Inbound,Union,21
10/29/2018 14:29,WS Outbound-DCL Inbound,Union,21
10/29/2018 14:29,WS Outbound-DCL Inbound,Union,21
10/29/2018 14:29,WS Outbound-DCL Inbound,Union,21
10/29/2018 14:29,WS Outbound-DCL Inbound,Union,21
10/29/2018 14:29,WS Outbound-DCL Inbound,Union,21
10/29/2018 14:29,WS Outbound-DCL Inbound,Union,21
10/29/2018 14:29,WS Outbound-DCL Inbound,Union,21
10/29/2018 14:29,WS Outbound-DCL Inbound,Union,21
10/29/2018 14:29,WS Outbound-DCL Inbound,Union,21
10/29/2018 14:29,WS Outbound-DCL Inbound,Union,21
10/29/2018 14:29,WS Outbound-DCL Inbound,Union,21
10/29/2018 14:29,WS Outbound-DCL Inbound,Union,21
10/29/2018 14:29,WS Outbound-DCL Inbound,Union,21
10/29/2018 14:29,WS Outbound-DCL Inbound,Union,21
10/29/2018 14:29,WS Outbound-DCL Inbound,Union,21
10/29/2018 14:29,WS Outbound-DCL Inbound,Union,21
10/29/2018 14:29,WS Outbound-DCL Inbound,Union,21
10/29/2018 14:29,WS Outbound-DCL Inbound,Union,21
10/29/2018 14:29,WS Outbound-DCL Inbound,Union,21
10/29/2018 14:30,WS Outbound-DCL Inbound,Union,21
10/29/2018 14:30,WS Outbound-DCL Inbound,Union,21
10/29/2018 14:30,WS Outbound-DCL Inbound,Union,21
10/29/2018 14:30,WS Outbound-DCL Inbound,Union,21
10/29/2018 14:31,WS Outbound-DCL Inbound,Hinman,21
10/29/2018 14:33,WS Outbound-DCL Inbound,Physical Facilities,21
10/29/2018 14:35,WS Outbound-DCL Inbound,Riverside and Ethel OB,43
10/29/2018 14:41,WS Outbound-DCL Inbound,Floral and Roberts IB,21
10/29/2018 14:43,WS Outbound-DCL Inbound,Union,526
10/29/2018 14:43,WS Outbound-DCL Inbound,Union,526
10/29/2018 14:43,WS Outbound-DCL Inbound,Union,526
10/29/2018 14:43,WS Outbound-DCL Inbound,Union,526
10/29/2018 14:43,WS Outbound-DCL Inbound,Union,526
10/29/2018 14:44,WS Outbound-DCL Inbound,Union,526
10/29/2018 14:44,WS Outbound-DCL Inbound,Union,526
10/29/2018 14:44,WS Outbound-DCL Inbound,Union,526
10/29/2018 14:44,WS Outbound-DCL Inbound,Union,526
10/29/2018 14:44,WS Outbound-DCL Inbound,Union,526
10/29/2018 14:44,WS Outbound-DCL Inbound,Union,526
10/29/2018 14:45,WS Outbound-DCL Inbound,Main and Helen OB,21
10/29/2018 14:54,WS Outbound-DCL Inbound,Union,55
10/29/2018 14:54,WS Outbound-DCL Inbound,Union,55
10/29/2018 14:54,WS Outbound-DCL Inbound,Union,55
10/29/2018 14:54,WS Outbound-DCL Inbound,Floral and Main OB,526
10/29/2018 14:54,WS Outbound-DCL Inbound,Union,55
10/29/2018 14:55,WS Outbound-DCL Inbound,UDC,21
10/29/2018 14:56,WS Outbound-DCL Inbound,UDC,21
10/29/2018 14:56,WS Outbound-DCL Inbound,Union,55
10/29/2018 14:56,WS Outbound-DCL Inbound,UDC,21
10/29/2018 14:56,WS Outbound-DCL Inbound,UDC,21
10/29/2018 14:56,WS Outbound-DCL Inbound,UDC,21
10/29/2018 14:56,WS Outbound-DCL Inbound,UDC,21
10/29/2018 14:56,WS Outbound-DCL Inbound,UDC,21
10/29/2018 14:56,WS Outbound-DCL Inbound,Union,55
10/29/2018 14:57,WS Outbound-DCL Inbound,Main and Schiller OB,526
10/29/2018 14:58,WS Outbound-DCL Inbound,Leroy St and Front,21
10/29/2018 15:00,WS Outbound-DCL Inbound,Leroy St and Murray IB,21
10/29/2018 15:00,WS Outbound-DCL Inbound,Leroy St and Murray IB,21
10/29/2018 15:00,WS Outbound-DCL Inbound,Leroy St and Murray IB,21
10/29/2018 15:00,WS Outbound-DCL Inbound,Leroy St and Murray IB,21
10/29/2018 15:00,WS Outbound-DCL Inbound,Leroy St and Murray IB,21
10/29/2018 15:00,WS Outbound-DCL Inbound,Leroy St and Murray IB,21
10/29/2018 15:00,WS Outbound-DCL Inbound,Union,55
10/29/2018 15:00,WS Outbound-DCL Inbound,Leroy St and Murray IB,21
10/29/2018 15:00,WS Outbound-DCL Inbound,Leroy St and Murray IB,21
10/29/2018 15:00,WS Outbound-DCL Inbound,Leroy St and Murray IB,21
10/29/2018 15:00,WS Outbound-DCL Inbound,Leroy St and Murray IB,21
10/29/2018 15:00,WS Outbound-DCL Inbound,Leroy St and Murray IB,21
10/29/2018 15:00,WS Outbound-DCL Inbound,Leroy St and Murray IB,21
10/29/2018 15:00,WS Outbound-DCL Inbound,Leroy St and Murray IB,21
10/29/2018 15:00,WS Outbound-DCL Inbound,Leroy St and Murray IB,21
10/29/2018 15:00,WS Outbound-DCL Inbound,Leroy St and Murray IB,21
10/29/2018 15:00,WS Outbound-DCL Inbound,Union,55
10/29/2018 15:01,WS Outbound-DCL Inbound,Engineering Bldg,55
10/29/2018 15:01,WS Outbound-DCL Inbound,Leroy St and Chestnut IB,21
10/29/2018 15:01,WS Outbound-DCL Inbound,Leroy St and Chestnut IB,21
10/29/2018 15:03,WS Outbound-DCL Inbound,Beethoven and Leroy,21
10/29/2018 15:03,WS Outbound-DCL Inbound,Beethoven and Leroy,21
10/29/2018 15:03,WS Outbound-DCL Inbound,Beethoven and Leroy,21
10/29/2018 15:06,WS Outbound-DCL Inbound,Hawley OB,526
10/29/2018 15:07,WS Outbound-DCL Inbound,UDC,526
10/29/2018 15:07,WS Outbound-DCL Inbound,UDC,526
10/29/2018 15:12,WS Outbound-DCL Inbound,Leroy St and Front,526
10/29/2018 15:13,WS Outbound-DCL Inbound,Leroy St and Murray IB,526
10/29/2018 15:13,WS Outbound-DCL Inbound,Leroy St and Murray IB,526
10/29/2018 15:13,WS Outbound-DCL Inbound,Leroy St and Murray IB,526
10/29/2018 15:13,WS Outbound-DCL Inbound,Leroy St and Murray IB,526
10/29/2018 15:14,WS Outbound-DCL Inbound,Union,42
10/29/2018 15:14,WS Outbound-DCL Inbound,Union,42
10/29/2018 15:14,WS Outbound-DCL Inbound,Union,42
10/29/2018 15:14,WS Outbound-DCL Inbound,Union,42
10/29/2018 15:14,WS Outbound-DCL Inbound,Union,42
10/29/2018 15:14,WS Outbound-DCL Inbound,Union,42
10/29/2018 15:14,WS Outbound-DCL Inbound,Union,42
10/29/2018 15:14,WS Outbound-DCL Inbound,Union,42
10/29/2018 15:14,WS Outbound-DCL Inbound,Union,42
10/29/2018 15:14,WS Outbound-DCL Inbound,Union,42
10/29/2018 15:14,WS Outbound-DCL Inbound,Union,42
10/29/2018 15:14,WS Outbound-DCL Inbound,Union,42
10/29/2018 15:14,WS Outbound-DCL Inbound,Union,42
10/29/2018 15:14,WS Outbound-DCL Inbound,Union,42
10/29/2018 15:14,WS Outbound-DCL Inbound,Leroy St and Chestnut IB,526
10/29/2018 15:14,WS Outbound-DCL Inbound,Leroy St and Chestnut IB,526
10/29/2018 15:14,WS Outbound-DCL Inbound,Leroy St and Chestnut IB,526
10/29/2018 15:14,WS Outbound-DCL Inbound,Leroy St and Chestnut IB,526
10/29/2018 15:14,WS Outbound-DCL Inbound,Leroy St and Chestnut IB,526
10/29/2018 15:30,WS Outbound-DCL Inbound,Union,55
10/29/2018 15:30,WS Outbound-DCL Inbound,Union,55
10/29/2018 15:30,WS Outbound-DCL Inbound,Union,55
10/29/2018 15:30,WS Outbound-DCL Inbound,Union,55
10/29/2018 15:30,WS Outbound-DCL Inbound,Union,55
10/29/2018 15:30,WS Outbound-DCL Inbound,Union,55
10/29/2018 15:30,WS Outbound-DCL Inbound,Union,55
10/29/2018 15:30,WS Outbound-DCL Inbound,Union,55
10/29/2018 15:30,WS Outbound-DCL Inbound,Union,55
10/29/2018 15:30,WS Outbound-DCL Inbound,Union,55
10/29/2018 15:30,WS Outbound-DCL Inbound,Union,55
10/29/2018 15:30,WS Outbound-DCL Inbound,Union,55
10/29/2018 15:30,WS Outbound-DCL Inbound,Union,55
10/29/2018 15:30,WS Outbound-DCL Inbound,Union,55
10/29/2018 15:30,WS Outbound-DCL Inbound,Union,55
10/29/2018 15:30,WS Outbound-DCL Inbound,Union,55
10/29/2018 15:30,WS Outbound-DCL Inbound,Union,55
10/29/2018 15:30,WS Outbound-DCL Inbound,Union,55
10/29/2018 15:30,WS Outbound-DCL Inbound,Union,55
10/29/2018 15:30,WS Outbound-DCL Inbound,Union,55
10/29/2018 15:30,WS Outbound-DCL Inbound,Union,55
10/29/2018 15:30,WS Outbound-DCL Inbound,Union,55
10/29/2018 15:30,WS Outbound-DCL Inbound,Union,55
10/29/2018 15:30,WS Outbound-DCL Inbound,Union,55
10/29/2018 15:30,WS Outbound-DCL Inbound,Union,55
10/29/2018 15:31,WS Outbound-DCL Inbound,Union,55
10/29/2018 15:31,WS Outbound-DCL Inbound,Union,55
10/29/2018 15:31,WS Outbound-DCL Inbound,Union,55
10/29/2018 15:31,WS Outbound-DCL Inbound,Union,55
10/29/2018 15:31,WS Outbound-DCL Inbound,Union,55
10/29/2018 15:31,WS Outbound-DCL Inbound,Union,55
10/29/2018 15:31,WS Outbound-DCL Inbound,Union,55
10/29/2018 15:31,WS Outbound-DCL Inbound,Union,55
10/29/2018 15:31,WS Outbound-DCL Inbound,Union,55
10/29/2018 15:34,WS Outbound-DCL Inbound,Physical Facilities,55
10/29/2018 15:37,WS Outbound-DCL Inbound,UDC,42
10/29/2018 15:40,WS Outbound-DCL Inbound,UDC,42
10/29/2018 15:44,WS Outbound-DCL Inbound,Leroy St and Murray IB,42
10/29/2018 15:44,WS Outbound-DCL Inbound,Leroy St and Murray IB,42
10/29/2018 15:45,WS Outbound-DCL Inbound,Leroy St and Chestnut IB,42
10/29/2018 15:45,WS Outbound-DCL Inbound,Leroy St and Chestnut IB,42
10/29/2018 15:45,WS Outbound-DCL Inbound,Leroy St and Chestnut IB,42
10/29/2018 15:49,WS Outbound-DCL Inbound,Main and Clarke OB,55
10/29/2018 15:52,WS Outbound-DCL Inbound,Main and Murray OB,55
10/29/2018 15:56,WS Outbound-DCL Inbound,UDC,55
10/29/2018 15:57,WS Outbound-DCL Inbound,Union,42
10/29/2018 15:57,WS Outbound-DCL Inbound,Union,42
10/29/2018 15:58,WS Outbound-DCL Inbound,Union,42
10/29/2018 15:58,WS Outbound-DCL Inbound,Union,42
10/29/2018 15:59,WS Outbound-DCL Inbound,Leroy St and Front,55
10/29/2018 16:00,WS Outbound-DCL Inbound,Leroy St and Murray IB,55
10/29/2018 16:00,WS Outbound-DCL Inbound,Leroy St and Murray IB,55
10/29/2018 16:00,WS Outbound-DCL Inbound,Leroy St and Murray IB,55
10/29/2018 16:00,WS Outbound-DCL Inbound,Leroy St and Murray IB,55
10/29/2018 16:00,WS Outbound-DCL Inbound,Leroy St and Murray IB,55
10/29/2018 16:00,WS Outbound-DCL Inbound,Leroy St and Murray IB,55
10/29/2018 16:00,WS Outbound-DCL Inbound,Leroy St and Chestnut OB,55
10/29/2018 16:00,WS Outbound-DCL Inbound,Leroy St and Chestnut OB,55
10/29/2018 16:01,WS Outbound-DCL Inbound,Leroy St and Chestnut OB,55
10/29/2018 16:01,WS Outbound-DCL Inbound,Leroy St and Chestnut OB,55
10/29/2018 16:01,WS Outbound-DCL Inbound,Leroy St and Chestnut OB,55
10/29/2018 16:04,WS Outbound-DCL Inbound,Union,526
10/29/2018 16:04,WS Outbound-DCL Inbound,Union,526
10/29/2018 16:04,WS Outbound-DCL Inbound,Union,526
10/29/2018 16:04,WS Outbound-DCL Inbound,Union,526
10/29/2018 16:04,WS Outbound-DCL Inbound,Union,526
10/29/2018 16:04,WS Outbound-DCL Inbound,Union,526
10/29/2018 16:04,WS Outbound-DCL Inbound,Union,526
10/29/2018 16:04,WS Outbound-DCL Inbound,Union,526
10/29/2018 16:04,WS Outbound-DCL Inbound,Union,526
10/29/2018 16:04,WS Outbound-DCL Inbound,Union,526
10/29/2018 16:04,WS Outbound-DCL Inbound,Union,526
10/29/2018 16:04,WS Outbound-DCL Inbound,Union,526
10/29/2018 16:04,WS Outbound-DCL Inbound,Union,526
10/29/2018 16:04,WS Outbound-DCL Inbound,Union,526
10/29/2018 16:04,WS Outbound-DCL Inbound,Union,526
10/29/2018 16:04,WS Outbound-DCL Inbound,Union,526
10/29/2018 16:04,WS Outbound-DCL Inbound,Union,526
10/29/2018 16:04,WS Outbound-DCL Inbound,Union,526
10/29/2018 16:04,WS Outbound-DCL Inbound,Union,526
10/29/2018 16:04,WS Outbound-DCL Inbound,Union,526
10/29/2018 16:04,WS Outbound-DCL Inbound,Union,526
10/29/2018 16:04,WS Outbound-DCL Inbound,Union,526
10/29/2018 16:04,WS Outbound-DCL Inbound,Union,526
10/29/2018 16:04,WS Outbound-DCL Inbound,Union,526
10/29/2018 16:12,WS Outbound-DCL Inbound,Academic A,55
10/29/2018 16:13,WS Outbound-DCL Inbound,Union,43
10/29/2018 16:13,WS Outbound-DCL Inbound,Union,43
10/29/2018 16:13,WS Outbound-DCL Inbound,Union,43
10/29/2018 16:13,WS Outbound-DCL Inbound,Union,43
10/29/2018 16:14,WS Outbound-DCL Inbound,Union,43
10/29/2018 16:14,WS Outbound-DCL Inbound,Union,43
10/29/2018 16:14,WS Outbound-DCL Inbound,Union,43
10/29/2018 16:14,WS Outbound-DCL Inbound,Union,43
10/29/2018 16:14,WS Outbound-DCL Inbound,Union,43
10/29/2018 16:14,WS Outbound-DCL Inbound,Union,43
10/29/2018 16:14,WS Outbound-DCL Inbound,Union,43
10/29/2018 16:14,WS Outbound-DCL Inbound,Union,43
10/29/2018 16:14,WS Outbound-DCL Inbound,Union,43
10/29/2018 16:14,WS Outbound-DCL Inbound,Union,55
10/29/2018 16:14,WS Outbound-DCL Inbound,Union,55
10/29/2018 16:14,WS Outbound-DCL Inbound,Union,43
10/29/2018 16:14,WS Outbound-DCL Inbound,Union,55
10/29/2018 16:14,WS Outbound-DCL Inbound,Union,55
10/29/2018 16:14,WS Outbound-DCL Inbound,Union,43
10/29/2018 16:14,WS Outbound-DCL Inbound,Union,55
10/29/2018 16:14,WS Outbound-DCL Inbound,Union,43
10/29/2018 16:14,WS Outbound-DCL Inbound,Union,55
10/29/2018 16:14,WS Outbound-DCL Inbound,Union,55
10/29/2018 16:14,WS Outbound-DCL Inbound,Union,43
10/29/2018 16:14,WS Outbound-DCL Inbound,Union,55
10/29/2018 16:14,WS Outbound-DCL Inbound,Union,43
10/29/2018 16:14,WS Outbound-DCL Inbound,Union,55
10/29/2018 16:14,WS Outbound-DCL Inbound,Union,55
10/29/2018 16:14,WS Outbound-DCL Inbound,Union,55
10/29/2018 16:14,WS Outbound-DCL Inbound,Union,55
10/29/2018 16:14,WS Outbound-DCL Inbound,Union,43
10/29/2018 16:15,WS Outbound-DCL Inbound,Union,43
10/29/2018 16:15,WS Outbound-DCL Inbound,Union,43
10/29/2018 16:15,WS Outbound-DCL Inbound,Union,43
10/29/2018 16:17,WS Outbound-DCL Inbound,McGuire Building,43
10/29/2018 16:18,WS Outbound-DCL Inbound,Main and Schiller OB,526
10/29/2018 16:28,WS Outbound-DCL Inbound,Union,42
10/29/2018 16:28,WS Outbound-DCL Inbound,Union,42
10/29/2018 16:28,WS Outbound-DCL Inbound,Union,42
10/29/2018 16:28,WS Outbound-DCL Inbound,Union,42
10/29/2018 16:28,WS Outbound-DCL Inbound,Union,42
10/29/2018 16:28,WS Outbound-DCL Inbound,Union,42
10/29/2018 16:28,WS Outbound-DCL Inbound,Union,42
10/29/2018 16:28,WS Outbound-DCL Inbound,Union,42
10/29/2018 16:28,WS Outbound-DCL Inbound,Union,42
10/29/2018 16:28,WS Outbound-DCL Inbound,Union,42
10/29/2018 16:28,WS Outbound-DCL Inbound,Union,42
10/29/2018 16:28,WS Outbound-DCL Inbound,Union,42
10/29/2018 16:28,WS Outbound-DCL Inbound,Union,42
10/29/2018 16:28,WS Outbound-DCL Inbound,Union,42
10/29/2018 16:28,WS Outbound-DCL Inbound,Union,42
10/29/2018 16:28,WS Outbound-DCL Inbound,Union,42
10/29/2018 16:28,WS Outbound-DCL Inbound,Union,42
10/29/2018 16:28,WS Outbound-DCL Inbound,Union,42
10/29/2018 16:29,WS Outbound-DCL Inbound,Union,42
10/29/2018 16:29,WS Outbound-DCL Inbound,Union,42
10/29/2018 16:29,WS Outbound-DCL Inbound,Union,42
10/29/2018 16:29,WS Outbound-DCL Inbound,Union,42
10/29/2018 16:29,WS Outbound-DCL Inbound,Union,42
10/29/2018 16:29,WS Outbound-DCL Inbound,Union,42
10/29/2018 16:29,WS Outbound-DCL Inbound,Union,42
10/29/2018 16:29,WS Outbound-DCL Inbound,Union,42
10/29/2018 16:29,WS Outbound-DCL Inbound,Union,42
10/29/2018 16:29,WS Outbound-DCL Inbound,Union,42
10/29/2018 16:30,WS Outbound-DCL Inbound,Main and Helen OB,43
10/29/2018 16:30,WS Outbound-DCL Inbound,Union,42
10/29/2018 16:30,WS Outbound-DCL Inbound,Union,42
10/29/2018 16:30,WS Outbound-DCL Inbound,Union,42
10/29/2018 16:30,WS Outbound-DCL Inbound,Union,42
10/29/2018 16:30,WS Outbound-DCL Inbound,Union,42
10/29/2018 16:30,WS Outbound-DCL Inbound,Union,42
10/29/2018 16:30,WS Outbound-DCL Inbound,Union,42
10/29/2018 16:30,WS Outbound-DCL Inbound,Union,42
10/29/2018 16:30,WS Outbound-DCL Inbound,Union,42
10/29/2018 16:30,WS Outbound-DCL Inbound,Union,42
10/29/2018 16:31,WS Outbound-DCL Inbound,Union,42
10/29/2018 16:35,WS Outbound-DCL Inbound,Main and Arthur,43
10/29/2018 16:36,WS Outbound-DCL Inbound,Physical Facilities OB,42
10/29/2018 16:36,WS Outbound-DCL Inbound,Physical Facilities OB,42
10/29/2018 16:36,WS Outbound-DCL Inbound,Physical Facilities OB,42
10/29/2018 16:37,WS Outbound-DCL Inbound,Denny''s,42
10/29/2018 16:37,WS Outbound-DCL Inbound,Denny''s,42
10/29/2018 16:40,WS Outbound-DCL Inbound,UDC,43
10/29/2018 16:40,WS Outbound-DCL Inbound,UDC,43
10/29/2018 16:40,WS Outbound-DCL Inbound,UDC,43
10/29/2018 16:40,WS Outbound-DCL Inbound,UDC,43
10/29/2018 16:40,WS Outbound-DCL Inbound,UDC,43
10/29/2018 16:40,WS Outbound-DCL Inbound,UDC,43
10/29/2018 16:44,WS Outbound-DCL Inbound,Union,21
10/29/2018 16:44,WS Outbound-DCL Inbound,Union,21
10/29/2018 16:44,WS Outbound-DCL Inbound,Union,21
10/29/2018 16:44,WS Outbound-DCL Inbound,Union,21
10/29/2018 16:44,WS Outbound-DCL Inbound,Union,21
10/29/2018 16:44,WS Outbound-DCL Inbound,Union,21
10/29/2018 16:44,WS Outbound-DCL Inbound,Union,21
10/29/2018 16:44,WS Outbound-DCL Inbound,Union,21
10/29/2018 16:44,WS Outbound-DCL Inbound,Leroy St and Murray IB,43
10/29/2018 16:44,WS Outbound-DCL Inbound,Union,21
10/29/2018 16:44,WS Outbound-DCL Inbound,Union,21
10/29/2018 16:44,WS Outbound-DCL Inbound,Leroy St and Murray IB,43
10/29/2018 16:44,WS Outbound-DCL Inbound,Leroy St and Murray IB,43
10/29/2018 16:44,WS Outbound-DCL Inbound,Union,21
10/29/2018 16:44,WS Outbound-DCL Inbound,Leroy St and Murray IB,43
10/29/2018 16:44,WS Outbound-DCL Inbound,Leroy St and Murray IB,43
10/29/2018 16:44,WS Outbound-DCL Inbound,Leroy St and Murray IB,43
10/29/2018 16:44,WS Outbound-DCL Inbound,Union,21
10/29/2018 16:44,WS Outbound-DCL Inbound,Union,21
10/29/2018 16:44,WS Outbound-DCL Inbound,Union,21
10/29/2018 16:44,WS Outbound-DCL Inbound,Union,21
10/29/2018 16:44,WS Outbound-DCL Inbound,Union,21
10/29/2018 16:44,WS Outbound-DCL Inbound,Union,21
10/29/2018 16:44,WS Outbound-DCL Inbound,Union,21
10/29/2018 16:44,WS Outbound-DCL Inbound,Union,21
10/29/2018 16:44,WS Outbound-DCL Inbound,Union,21
10/29/2018 16:44,WS Outbound-DCL Inbound,Union,21
10/29/2018 16:44,WS Outbound-DCL Inbound,Union,21
10/29/2018 16:45,WS Outbound-DCL Inbound,Union,21
10/29/2018 16:45,WS Outbound-DCL Inbound,Union,21
10/29/2018 16:45,WS Outbound-DCL Inbound,Leroy St and Chestnut IB,43
10/29/2018 16:45,WS Outbound-DCL Inbound,Leroy St and Chestnut IB,43
10/29/2018 16:45,WS Outbound-DCL Inbound,Leroy St and Chestnut IB,43
10/29/2018 16:45,WS Outbound-DCL Inbound,Union,21
10/29/2018 16:45,WS Outbound-DCL Inbound,Union,21
10/29/2018 16:49,WS Outbound-DCL Inbound,Main and Schiller OB,42
10/29/2018 16:52,WS Outbound-DCL Inbound,Main and Arthur,42
10/29/2018 16:54,WS Outbound-DCL Inbound,Main and Front OB,42
10/29/2018 16:58,WS Outbound-DCL Inbound,UDC,42
10/29/2018 16:58,WS Outbound-DCL Inbound,UDC,42
10/29/2018 17:00,WS Outbound-DCL Inbound,Union,890
10/29/2018 17:00,WS Outbound-DCL Inbound,Union,890
10/29/2018 17:00,WS Outbound-DCL Inbound,Union,890
10/29/2018 17:00,WS Outbound-DCL Inbound,Union,890
10/29/2018 17:00,WS Outbound-DCL Inbound,Union,890
10/29/2018 17:00,WS Outbound-DCL Inbound,Union,890
10/29/2018 17:00,WS Outbound-DCL Inbound,Union,890
10/29/2018 17:00,WS Outbound-DCL Inbound,Union,890
10/29/2018 17:00,WS Outbound-DCL Inbound,Union,890
10/29/2018 17:00,WS Outbound-DCL Inbound,Union,890
10/29/2018 17:00,WS Outbound-DCL Inbound,Union,890
10/29/2018 17:00,WS Outbound-DCL Inbound,Union,890
10/29/2018 17:00,WS Outbound-DCL Inbound,Union,890
10/29/2018 17:00,WS Outbound-DCL Inbound,Union,890
10/29/2018 17:00,WS Outbound-DCL Inbound,Union,890
10/29/2018 17:00,WS Outbound-DCL Inbound,Union,890
10/29/2018 17:00,WS Outbound-DCL Inbound,Union,890
10/29/2018 17:00,WS Outbound-DCL Inbound,Union,890
10/29/2018 17:00,WS Outbound-DCL Inbound,Union,890
10/29/2018 17:00,WS Outbound-DCL Inbound,Union,890
10/29/2018 17:00,WS Outbound-DCL Inbound,Union,890
10/29/2018 17:00,WS Outbound-DCL Inbound,Union,890
10/29/2018 17:00,WS Outbound-DCL Inbound,Union,890
10/29/2018 17:00,WS Outbound-DCL Inbound,Union,890
10/29/2018 17:00,WS Outbound-DCL Inbound,Union,890
10/29/2018 17:00,WS Outbound-DCL Inbound,Union,890
10/29/2018 17:01,WS Outbound-DCL Inbound,Union,890
10/29/2018 17:01,WS Outbound-DCL Inbound,Union,890
10/29/2018 17:01,WS Outbound-DCL Inbound,Union,890
10/29/2018 17:01,WS Outbound-DCL Inbound,Union,890
10/29/2018 17:01,WS Outbound-DCL Inbound,Union,890
10/29/2018 17:01,WS Outbound-DCL Inbound,Union,890
10/29/2018 17:03,WS Outbound-DCL Inbound,Physical Facilities,890
10/29/2018 17:05,WS Outbound-DCL Inbound,Main and Front OB,21
10/29/2018 17:11,WS Outbound-DCL Inbound,Floral and Willow OB,890
10/29/2018 17:14,WS Outbound-DCL Inbound,Leroy St and Murray IB,21
10/29/2018 17:14,WS Outbound-DCL Inbound,Leroy St and Murray IB,21
10/29/2018 17:14,WS Outbound-DCL Inbound,Leroy St and Murray IB,21
10/29/2018 17:14,WS Outbound-DCL Inbound,Leroy St and Murray IB,21
10/29/2018 17:14,WS Outbound-DCL Inbound,Leroy St and Murray IB,21
10/29/2018 17:14,WS Outbound-DCL Inbound,Union,891
10/29/2018 17:14,WS Outbound-DCL Inbound,Union,891
10/29/2018 17:14,WS Outbound-DCL Inbound,Union,891
10/29/2018 17:14,WS Outbound-DCL Inbound,Union,891
10/29/2018 17:15,WS Outbound-DCL Inbound,Union,891
10/29/2018 17:15,WS Outbound-DCL Inbound,Union,891
10/29/2018 17:15,WS Outbound-DCL Inbound,Union,891
10/29/2018 17:15,WS Outbound-DCL Inbound,Union,891
10/29/2018 17:15,WS Outbound-DCL Inbound,Union,891
10/29/2018 17:15,WS Outbound-DCL Inbound,Union,891
10/29/2018 17:15,WS Outbound-DCL Inbound,Union,891
10/29/2018 17:15,WS Outbound-DCL Inbound,Union,891
10/29/2018 17:15,WS Outbound-DCL Inbound,Union,891
10/29/2018 17:15,WS Outbound-DCL Inbound,Union,891
10/29/2018 17:15,WS Outbound-DCL Inbound,Union,891
10/29/2018 17:15,WS Outbound-DCL Inbound,Union,891
10/29/2018 17:15,WS Outbound-DCL Inbound,Union,891
10/29/2018 17:15,WS Outbound-DCL Inbound,Union,891
10/29/2018 17:15,WS Outbound-DCL Inbound,Union,891
10/29/2018 17:15,WS Outbound-DCL Inbound,Union,891
10/29/2018 17:15,WS Outbound-DCL Inbound,Union,891
10/29/2018 17:15,WS Outbound-DCL Inbound,Union,891
10/29/2018 17:15,WS Outbound-DCL Inbound,Union,891
10/29/2018 17:15,WS Outbound-DCL Inbound,Leroy St and Chestnut IB,21
10/29/2018 17:15,WS Outbound-DCL Inbound,Union,891
10/29/2018 17:15,WS Outbound-DCL Inbound,Leroy St and Chestnut IB,21
10/29/2018 17:15,WS Outbound-DCL Inbound,Leroy St and Chestnut IB,21
10/29/2018 17:15,WS Outbound-DCL Inbound,Union,891
10/29/2018 17:15,WS Outbound-DCL Inbound,Leroy St and Chestnut IB,21
10/29/2018 17:15,WS Outbound-DCL Inbound,Union,891
10/29/2018 17:15,WS Outbound-DCL Inbound,Union,891
10/29/2018 17:15,WS Outbound-DCL Inbound,Leroy St and Chestnut IB,21
10/29/2018 17:15,WS Outbound-DCL Inbound,Leroy St and Chestnut IB,21
10/29/2018 17:15,WS Outbound-DCL Inbound,Leroy St and Chestnut IB,21
10/29/2018 17:15,WS Outbound-DCL Inbound,Union,891
10/29/2018 17:15,WS Outbound-DCL Inbound,Leroy St and Chestnut IB,21
10/29/2018 17:15,WS Outbound-DCL Inbound,Union,891
10/29/2018 17:15,WS Outbound-DCL Inbound,Leroy St and Chestnut IB,21
10/29/2018 17:15,WS Outbound-DCL Inbound,Leroy St and Chestnut IB,21
10/29/2018 17:15,WS Outbound-DCL Inbound,Union,891
10/29/2018 17:16,WS Outbound-DCL Inbound,Union,891
10/29/2018 17:16,WS Outbound-DCL Inbound,Union,891
10/29/2018 17:16,WS Outbound-DCL Inbound,Union,891
10/29/2018 17:16,WS Outbound-DCL Inbound,Union,891
10/29/2018 17:16,WS Outbound-DCL Inbound,Union,891
10/29/2018 17:16,WS Outbound-DCL Inbound,Union,891
10/29/2018 17:16,WS Outbound-DCL Inbound,Union,891
10/29/2018 17:16,WS Outbound-DCL Inbound,Union,891
10/29/2018 17:16,WS Outbound-DCL Inbound,Union,891
10/29/2018 17:16,WS Outbound-DCL Inbound,Union,891
10/29/2018 17:16,WS Outbound-DCL Inbound,Union,891
10/29/2018 17:16,WS Outbound-DCL Inbound,Union,891
10/29/2018 17:17,WS Outbound-DCL Inbound,Engineering Bldg,891
10/29/2018 17:17,WS Outbound-DCL Inbound,Main and Clarke IB,890
10/29/2018 17:17,WS Outbound-DCL Inbound,Main and Clarke IB,890
10/29/2018 17:19,WS Outbound-DCL Inbound,Physical Facilities,891
10/29/2018 17:19,WS Outbound-DCL Inbound,Main and Arthur,890
10/29/2018 17:19,WS Outbound-DCL Inbound,Main and Arthur,890
10/29/2018 17:25,WS Outbound-DCL Inbound,UDC,890
10/29/2018 17:25,WS Outbound-DCL Inbound,UDC,890
10/29/2018 17:25,WS Outbound-DCL Inbound,UDC,890
10/29/2018 17:25,WS Outbound-DCL Inbound,UDC,890
10/29/2018 17:25,WS Outbound-DCL Inbound,UDC,890
10/29/2018 17:25,WS Outbound-DCL Inbound,UDC,890
10/29/2018 17:26,WS Outbound-DCL Inbound,UDC,890
10/29/2018 17:30,WS Outbound-DCL Inbound,Union,43
10/29/2018 17:31,WS Outbound-DCL Inbound,Union,43
10/29/2018 17:31,WS Outbound-DCL Inbound,Union,43
10/29/2018 17:31,WS Outbound-DCL Inbound,Union,43
10/29/2018 17:31,WS Outbound-DCL Inbound,Union,43
10/29/2018 17:31,WS Outbound-DCL Inbound,Union,43
10/29/2018 17:31,WS Outbound-DCL Inbound,Union,43
10/29/2018 17:31,WS Outbound-DCL Inbound,Union,43
10/29/2018 17:31,WS Outbound-DCL Inbound,Union,43
10/29/2018 17:31,WS Outbound-DCL Inbound,Union,43
10/29/2018 17:31,WS Outbound-DCL Inbound,Union,43
10/29/2018 17:31,WS Outbound-DCL Inbound,Union,43
10/29/2018 17:31,WS Outbound-DCL Inbound,Union,43
10/29/2018 17:31,WS Outbound-DCL Inbound,Union,43
10/29/2018 17:31,WS Outbound-DCL Inbound,Union,43
10/29/2018 17:31,WS Outbound-DCL Inbound,Union,43
10/29/2018 17:31,WS Outbound-DCL Inbound,Union,43
10/29/2018 17:31,WS Outbound-DCL Inbound,Union,43
10/29/2018 17:31,WS Outbound-DCL Inbound,Union,43
10/29/2018 17:31,WS Outbound-DCL Inbound,Union,43
10/29/2018 17:31,WS Outbound-DCL Inbound,Union,43
10/29/2018 17:31,WS Outbound-DCL Inbound,Union,43
10/29/2018 17:31,WS Outbound-DCL Inbound,Union,43
10/29/2018 17:31,WS Outbound-DCL Inbound,Union,43
10/29/2018 17:31,WS Outbound-DCL Inbound,Union,43
10/29/2018 17:32,WS Outbound-DCL Inbound,Union,43
10/29/2018 17:32,WS Outbound-DCL Inbound,Union,43
10/29/2018 17:32,WS Outbound-DCL Inbound,Union,43
10/29/2018 17:32,WS Outbound-DCL Inbound,Union,43
10/29/2018 17:33,WS Outbound-DCL Inbound,Union,43
10/29/2018 17:33,WS Outbound-DCL Inbound,Union,43
10/29/2018 17:34,WS Outbound-DCL Inbound,Union,43
10/29/2018 17:34,WS Outbound-DCL Inbound,Union,43
10/29/2018 17:35,WS Outbound-DCL Inbound,Union,43
10/29/2018 17:37,WS Outbound-DCL Inbound,UDC,891
10/29/2018 17:37,WS Outbound-DCL Inbound,UDC,891
10/29/2018 17:37,WS Outbound-DCL Inbound,UDC,891
10/29/2018 17:37,WS Outbound-DCL Inbound,UDC,891
10/29/2018 17:37,WS Outbound-DCL Inbound,UDC,891
10/29/2018 17:38,WS Outbound-DCL Inbound,UDC,891
10/29/2018 17:38,WS Outbound-DCL Inbound,UDC,891
10/29/2018 17:38,WS Outbound-DCL Inbound,Union,890
10/29/2018 17:38,WS Outbound-DCL Inbound,Union,890
10/29/2018 17:38,WS Outbound-DCL Inbound,Union,890
10/29/2018 17:39,WS Outbound-DCL Inbound,Union,890
10/29/2018 17:39,WS Outbound-DCL Inbound,UDC,891
10/29/2018 17:39,WS Outbound-DCL Inbound,Union,890
10/29/2018 17:39,WS Outbound-DCL Inbound,Union,890
10/29/2018 17:39,WS Outbound-DCL Inbound,Union,890
10/29/2018 17:39,WS Outbound-DCL Inbound,Union,890
10/29/2018 17:39,WS Outbound-DCL Inbound,Union,890
10/29/2018 17:39,WS Outbound-DCL Inbound,Union,890
10/29/2018 17:40,WS Outbound-DCL Inbound,UDC,891
10/29/2018 17:41,WS Outbound-DCL Inbound,Union,890
10/29/2018 17:42,WS Outbound-DCL Inbound,Union,890
10/29/2018 17:42,WS Outbound-DCL Inbound,Union,890
10/29/2018 17:43,WS Outbound-DCL Inbound,Union,890
10/29/2018 17:43,WS Outbound-DCL Inbound,Union,890
10/29/2018 17:43,WS Outbound-DCL Inbound,Union,890
10/29/2018 17:43,WS Outbound-DCL Inbound,Union,890
10/29/2018 17:43,WS Outbound-DCL Inbound,Leroy St and Front,891
10/29/2018 17:43,WS Outbound-DCL Inbound,Union,890
10/29/2018 17:44,WS Outbound-DCL Inbound,Union,890
10/29/2018 17:44,WS Outbound-DCL Inbound,Union,890
10/29/2018 17:44,WS Outbound-DCL Inbound,Union,890
10/29/2018 17:44,WS Outbound-DCL Inbound,Union,890
10/29/2018 17:44,WS Outbound-DCL Inbound,Union,890
10/29/2018 17:44,WS Outbound-DCL Inbound,Leroy St and Murray IB,891
10/29/2018 17:44,WS Outbound-DCL Inbound,Leroy St and Murray IB,891
10/29/2018 17:44,WS Outbound-DCL Inbound,Leroy St and Murray IB,891
10/29/2018 17:44,WS Outbound-DCL Inbound,Leroy St and Murray IB,891
10/29/2018 17:44,WS Outbound-DCL Inbound,Leroy St and Murray IB,891
10/29/2018 17:44,WS Outbound-DCL Inbound,Leroy St and Murray IB,891
10/29/2018 17:44,WS Outbound-DCL Inbound,Leroy St and Murray IB,891
10/29/2018 17:44,WS Outbound-DCL Inbound,Union,890
10/29/2018 17:44,WS Outbound-DCL Inbound,Leroy St and Murray IB,891
10/29/2018 17:45,WS Outbound-DCL Inbound,Leroy St and Chestnut IB,891
10/29/2018 17:45,WS Outbound-DCL Inbound,Leroy St and Chestnut IB,891
10/29/2018 17:45,WS Outbound-DCL Inbound,Leroy St and Chestnut IB,891
10/29/2018 17:45,WS Outbound-DCL Inbound,Leroy St and Chestnut IB,891
10/29/2018 17:45,WS Outbound-DCL Inbound,Leroy St and Chestnut IB,891
10/29/2018 17:46,WS Outbound-DCL Inbound,Union,890
10/29/2018 17:47,WS Outbound-DCL Inbound,Floral and Main OB,43
10/29/2018 17:48,WS Outbound-DCL Inbound,Riverside and Beethoven,891
10/29/2018 17:49,WS Outbound-DCL Inbound,Denny''s,890
10/29/2018 17:53,WS Outbound-DCL Inbound,Floral and New York,890
10/29/2018 18:00,WS Outbound-DCL Inbound,Union,526
10/29/2018 18:00,WS Outbound-DCL Inbound,Union,526
10/29/2018 18:01,WS Outbound-DCL Inbound,Union,526
10/29/2018 18:01,WS Outbound-DCL Inbound,Union,526
10/29/2018 18:01,WS Outbound-DCL Inbound,Union,526
10/29/2018 18:01,WS Outbound-DCL Inbound,Union,526
10/29/2018 18:01,WS Outbound-DCL Inbound,Union,526
10/29/2018 18:01,WS Outbound-DCL Inbound,Union,526
10/29/2018 18:01,WS Outbound-DCL Inbound,Union,526
10/29/2018 18:01,WS Outbound-DCL Inbound,Union,526
10/29/2018 18:01,WS Outbound-DCL Inbound,Union,526
10/29/2018 18:01,WS Outbound-DCL Inbound,Union,526
10/29/2018 18:01,WS Outbound-DCL Inbound,Union,526
10/29/2018 18:01,WS Outbound-DCL Inbound,Union,526
10/29/2018 18:01,WS Outbound-DCL Inbound,Union,526
10/29/2018 18:02,WS Outbound-DCL Inbound,Union,526
10/29/2018 18:02,WS Outbound-DCL Inbound,Union,526
10/29/2018 18:02,WS Outbound-DCL Inbound,Union,526
10/29/2018 18:02,WS Outbound-DCL Inbound,Union,526
10/29/2018 18:02,WS Outbound-DCL Inbound,Union,526
10/29/2018 18:02,WS Outbound-DCL Inbound,Union,526
10/29/2018 18:02,WS Outbound-DCL Inbound,Union,526
10/29/2018 18:02,WS Outbound-DCL Inbound,Union,526
10/29/2018 18:03,WS Outbound-DCL Inbound,Union,526
10/29/2018 18:03,WS Outbound-DCL Inbound,Union,526
10/29/2018 18:03,WS Outbound-DCL Inbound,Union,526
10/29/2018 18:03,WS Outbound-DCL Inbound,Union,526
10/29/2018 18:04,WS Outbound-DCL Inbound,Union,526
10/29/2018 18:04,WS Outbound-DCL Inbound,Union,526
10/29/2018 18:04,WS Outbound-DCL Inbound,Union,526
10/29/2018 18:05,WS Outbound-DCL Inbound,Union,526
10/29/2018 18:05,WS Outbound-DCL Inbound,Union,526
10/29/2018 18:06,WS Outbound-DCL Inbound,UDC,890
10/29/2018 18:07,WS Outbound-DCL Inbound,UDC,890
10/29/2018 18:07,WS Outbound-DCL Inbound,Physical Facilities,526
10/29/2018 18:07,WS Outbound-DCL Inbound,Physical Facilities,526
10/29/2018 18:12,WS Outbound-DCL Inbound,Union,55
10/29/2018 18:12,WS Outbound-DCL Inbound,Union,55
10/29/2018 18:12,WS Outbound-DCL Inbound,Union,55
10/29/2018 18:12,WS Outbound-DCL Inbound,Union,55
10/29/2018 18:12,WS Outbound-DCL Inbound,Union,55
10/29/2018 18:12,WS Outbound-DCL Inbound,Union,55
10/29/2018 18:12,WS Outbound-DCL Inbound,Union,55
10/29/2018 18:13,WS Outbound-DCL Inbound,Union,55
10/29/2018 18:13,WS Outbound-DCL Inbound,Union,55
10/29/2018 18:13,WS Outbound-DCL Inbound,Union,55
10/29/2018 18:13,WS Outbound-DCL Inbound,Union,55
10/29/2018 18:13,WS Outbound-DCL Inbound,Union,55
10/29/2018 18:13,WS Outbound-DCL Inbound,Union,55
10/29/2018 18:13,WS Outbound-DCL Inbound,Union,55
10/29/2018 18:13,WS Outbound-DCL Inbound,Union,55
10/29/2018 18:13,WS Outbound-DCL Inbound,Union,55
10/29/2018 18:13,WS Outbound-DCL Inbound,Union,55
10/29/2018 18:13,WS Outbound-DCL Inbound,Union,55
10/29/2018 18:13,WS Outbound-DCL Inbound,Union,55
10/29/2018 18:13,WS Outbound-DCL Inbound,Union,55
10/29/2018 18:13,WS Outbound-DCL Inbound,Union,55
10/29/2018 18:13,WS Outbound-DCL Inbound,Union,55
10/29/2018 18:13,WS Outbound-DCL Inbound,Union,55
10/29/2018 18:13,WS Outbound-DCL Inbound,Union,55
10/29/2018 18:13,WS Outbound-DCL Inbound,Union,55
10/29/2018 18:13,WS Outbound-DCL Inbound,Union,55
10/29/2018 18:14,WS Outbound-DCL Inbound,Leroy St and Murray IB,890
10/29/2018 18:14,WS Outbound-DCL Inbound,Union,55
10/29/2018 18:14,WS Outbound-DCL Inbound,Union,55
10/29/2018 18:14,WS Outbound-DCL Inbound,Union,55
10/29/2018 18:14,WS Outbound-DCL Inbound,Union,55
10/29/2018 18:15,WS Outbound-DCL Inbound,Union,55
10/29/2018 18:15,WS Outbound-DCL Inbound,Leroy St and Chestnut IB,890
10/29/2018 18:15,WS Outbound-DCL Inbound,Leroy St and Chestnut IB,890
10/29/2018 18:15,WS Outbound-DCL Inbound,Leroy St and Chestnut IB,890
10/29/2018 18:15,WS Outbound-DCL Inbound,Leroy St and Chestnut IB,890
10/29/2018 18:15,WS Outbound-DCL Inbound,Leroy St and Chestnut IB,890
10/29/2018 18:15,WS Outbound-DCL Inbound,Leroy St and Chestnut IB,890
10/29/2018 18:17,WS Outbound-DCL Inbound,Physical Facilities,55
10/29/2018 18:17,WS Outbound-DCL Inbound,Main and Helen OB,526
10/29/2018 18:18,WS Outbound-DCL Inbound,Riverside and Beethoven,890
10/29/2018 18:20,WS Outbound-DCL Inbound,Main and Cedar OB,526
10/29/2018 18:26,WS Outbound-DCL Inbound,Hawley OB,526
10/29/2018 18:27,WS Outbound-DCL Inbound,UDC,526
10/29/2018 18:28,WS Outbound-DCL Inbound,UDC,526
10/29/2018 18:28,WS Outbound-DCL Inbound,Mohawk,890
10/29/2018 18:28,WS Outbound-DCL Inbound,Mohawk,890
10/29/2018 18:28,WS Outbound-DCL Inbound,Mohawk,890
10/29/2018 18:28,WS Outbound-DCL Inbound,UDC,526
10/29/2018 18:28,WS Outbound-DCL Inbound,Mohawk,890
10/29/2018 18:28,WS Outbound-DCL Inbound,Mohawk,890
10/29/2018 18:28,WS Outbound-DCL Inbound,UDC,526
10/29/2018 18:28,WS Outbound-DCL Inbound,Mohawk,890
10/29/2018 18:28,WS Outbound-DCL Inbound,Mohawk,890
10/29/2018 18:28,WS Outbound-DCL Inbound,Mohawk,890
10/29/2018 18:28,WS Outbound-DCL Inbound,Mohawk,890
10/29/2018 18:29,WS Outbound-DCL Inbound,Mohawk,890
10/29/2018 18:29,WS Outbound-DCL Inbound,Mohawk,890
10/29/2018 18:29,WS Outbound-DCL Inbound,Mohawk,890
10/29/2018 18:29,WS Outbound-DCL Inbound,UDC,526
10/29/2018 18:30,WS Outbound-DCL Inbound,Mohawk,890
10/29/2018 18:30,WS Outbound-DCL Inbound,Mohawk,890
10/29/2018 18:30,WS Outbound-DCL Inbound,Union,21
10/29/2018 18:30,WS Outbound-DCL Inbound,Union,21
10/29/2018 18:30,WS Outbound-DCL Inbound,Union,21
10/29/2018 18:30,WS Outbound-DCL Inbound,Union,21
10/29/2018 18:30,WS Outbound-DCL Inbound,Union,21
10/29/2018 18:30,WS Outbound-DCL Inbound,Union,21
10/29/2018 18:30,WS Outbound-DCL Inbound,Union,21
10/29/2018 18:30,WS Outbound-DCL Inbound,Union,21
10/29/2018 18:30,WS Outbound-DCL Inbound,Union,21
10/29/2018 18:30,WS Outbound-DCL Inbound,Mohawk,890
10/29/2018 18:30,WS Outbound-DCL Inbound,Union,21
10/29/2018 18:31,WS Outbound-DCL Inbound,Union,21
10/29/2018 18:31,WS Outbound-DCL Inbound,Mohawk,890
10/29/2018 18:31,WS Outbound-DCL Inbound,Union,21
10/29/2018 18:31,WS Outbound-DCL Inbound,Union,21
10/29/2018 18:31,WS Outbound-DCL Inbound,Main and Cedar OB,55
10/29/2018 18:32,WS Outbound-DCL Inbound,Union,21
10/29/2018 18:32,WS Outbound-DCL Inbound,Union,21
10/29/2018 18:32,WS Outbound-DCL Inbound,Union,21
10/29/2018 18:32,WS Outbound-DCL Inbound,Union,21
10/29/2018 18:32,WS Outbound-DCL Inbound,Union,21
10/29/2018 18:33,WS Outbound-DCL Inbound,Union,21
10/29/2018 18:33,WS Outbound-DCL Inbound,Union,21
10/29/2018 18:34,WS Outbound-DCL Inbound,Union,21
10/29/2018 18:34,WS Outbound-DCL Inbound,Union,21
10/29/2018 18:34,WS Outbound-DCL Inbound,Union,21
10/29/2018 18:35,WS Outbound-DCL Inbound,Union,21
10/29/2018 18:38,WS Outbound-DCL Inbound,UDC,55
10/29/2018 18:38,WS Outbound-DCL Inbound,UDC,55
10/29/2018 18:38,WS Outbound-DCL Inbound,UDC,55
10/29/2018 18:38,WS Outbound-DCL Inbound,UDC,55
10/29/2018 18:40,WS Outbound-DCL Inbound,UDC,55
10/29/2018 18:43,WS Outbound-DCL Inbound,Leroy St and Murray IB,55
10/29/2018 18:43,WS Outbound-DCL Inbound,Leroy St and Murray IB,55
10/29/2018 18:43,WS Outbound-DCL Inbound,Leroy St and Murray IB,55
10/29/2018 18:43,WS Outbound-DCL Inbound,Leroy St and Murray IB,55
10/29/2018 18:43,WS Outbound-DCL Inbound,Leroy St and Murray IB,55
10/29/2018 18:44,WS Outbound-DCL Inbound,Leroy St and Chestnut IB,55
10/29/2018 18:44,WS Outbound-DCL Inbound,Leroy St and Chestnut IB,55
10/29/2018 18:44,WS Outbound-DCL Inbound,Leroy St and Chestnut IB,55
10/29/2018 18:44,WS Outbound-DCL Inbound,Leroy St and Chestnut IB,55
10/29/2018 18:45,WS Outbound-DCL Inbound,Union,526
10/29/2018 18:45,WS Outbound-DCL Inbound,Union,526
10/29/2018 18:45,WS Outbound-DCL Inbound,Union,526
10/29/2018 18:45,WS Outbound-DCL Inbound,Union,526
10/29/2018 18:45,WS Outbound-DCL Inbound,Union,526
10/29/2018 18:45,WS Outbound-DCL Inbound,Union,526
10/29/2018 18:45,WS Outbound-DCL Inbound,Union,526
10/29/2018 18:45,WS Outbound-DCL Inbound,Union,526
10/29/2018 18:45,WS Outbound-DCL Inbound,Union,526
10/29/2018 18:45,WS Outbound-DCL Inbound,Union,526
10/29/2018 18:45,WS Outbound-DCL Inbound,Union,526
10/29/2018 18:45,WS Outbound-DCL Inbound,Union,526
10/29/2018 18:45,WS Outbound-DCL Inbound,Union,526
10/29/2018 18:45,WS Outbound-DCL Inbound,Union,526
10/29/2018 18:45,WS Outbound-DCL Inbound,Union,526
10/29/2018 18:45,WS Outbound-DCL Inbound,Union,526
10/29/2018 18:46,WS Outbound-DCL Inbound,Union,526
10/29/2018 18:46,WS Outbound-DCL Inbound,Union,526
10/29/2018 18:46,WS Outbound-DCL Inbound,Union,526
10/29/2018 18:46,WS Outbound-DCL Inbound,Union,526
10/29/2018 18:46,WS Outbound-DCL Inbound,Union,526
10/29/2018 18:47,WS Outbound-DCL Inbound,Union,526
10/29/2018 18:47,WS Outbound-DCL Inbound,Union,526
10/29/2018 18:47,WS Outbound-DCL Inbound,Union,526
10/29/2018 18:47,WS Outbound-DCL Inbound,Union,526
10/29/2018 18:47,WS Outbound-DCL Inbound,Union,526
10/29/2018 18:47,WS Outbound-DCL Inbound,Union,526
10/29/2018 18:48,WS Outbound-DCL Inbound,Union,526
10/29/2018 18:48,WS Outbound-DCL Inbound,Union,526
10/29/2018 18:48,WS Outbound-DCL Inbound,Union,526
10/29/2018 18:48,WS Outbound-DCL Inbound,Union,526
10/29/2018 18:49,WS Outbound-DCL Inbound,Union,526
10/29/2018 18:49,WS Outbound-DCL Inbound,Union,526
10/29/2018 18:49,WS Outbound-DCL Inbound,Union,526
10/29/2018 18:49,WS Outbound-DCL Inbound,Union,526
10/29/2018 18:49,WS Outbound-DCL Inbound,Union,526
10/29/2018 18:49,WS Outbound-DCL Inbound,Union,526
10/29/2018 18:49,WS Outbound-DCL Inbound,Union,526
10/29/2018 18:50,WS Outbound-DCL Inbound,Main and Arthur,21
10/29/2018 19:01,WS Outbound-DCL Inbound,Union,42
10/29/2018 19:01,WS Outbound-DCL Inbound,Union,42
10/29/2018 19:01,WS Outbound-DCL Inbound,Union,42
10/29/2018 19:01,WS Outbound-DCL Inbound,Union,42
10/29/2018 19:01,WS Outbound-DCL Inbound,Union,42
10/29/2018 19:01,WS Outbound-DCL Inbound,Union,42
10/29/2018 19:01,WS Outbound-DCL Inbound,Union,42
10/29/2018 19:01,WS Outbound-DCL Inbound,Union,42
10/29/2018 19:01,WS Outbound-DCL Inbound,Union,42
10/29/2018 19:01,WS Outbound-DCL Inbound,Union,42
10/29/2018 19:04,WS Outbound-DCL Inbound,Union,42
10/29/2018 19:04,WS Outbound-DCL Inbound,Union,42
10/29/2018 19:05,WS Outbound-DCL Inbound,Union,42
10/29/2018 19:05,WS Outbound-DCL Inbound,Union,42
10/29/2018 19:05,WS Outbound-DCL Inbound,Union,42
10/29/2018 19:05,WS Outbound-DCL Inbound,Union,42
10/29/2018 19:05,WS Outbound-DCL Inbound,Union,42
10/29/2018 19:05,WS Outbound-DCL Inbound,Union,42
10/29/2018 19:05,WS Outbound-DCL Inbound,Union,42
10/29/2018 19:06,WS Outbound-DCL Inbound,Main and Clarke IB,526
10/29/2018 19:07,WS Outbound-DCL Inbound,Physical Facilities OB,42
10/29/2018 19:14,WS Outbound-DCL Inbound,UDC,526
10/29/2018 19:27,WS Outbound-DCL Inbound,UDC,42
10/29/2018 19:27,WS Outbound-DCL Inbound,UDC,42
10/29/2018 19:29,WS Outbound-DCL Inbound,Union,55
10/29/2018 19:29,WS Outbound-DCL Inbound,Union,55
10/29/2018 19:29,WS Outbound-DCL Inbound,Union,55
10/29/2018 19:29,WS Outbound-DCL Inbound,Union,55
10/29/2018 19:29,WS Outbound-DCL Inbound,Union,55
10/29/2018 19:29,WS Outbound-DCL Inbound,Union,55
10/29/2018 19:29,WS Outbound-DCL Inbound,Union,55
10/29/2018 19:29,WS Outbound-DCL Inbound,Union,55
10/29/2018 19:29,WS Outbound-DCL Inbound,Union,55
10/29/2018 19:29,WS Outbound-DCL Inbound,Union,55
10/29/2018 19:29,WS Outbound-DCL Inbound,Union,55
10/29/2018 19:29,WS Outbound-DCL Inbound,Union,55
10/29/2018 19:29,WS Outbound-DCL Inbound,Union,55
10/29/2018 19:29,WS Outbound-DCL Inbound,Union,55
10/29/2018 19:29,WS Outbound-DCL Inbound,Union,55
10/29/2018 19:29,WS Outbound-DCL Inbound,Union,55
10/29/2018 19:29,WS Outbound-DCL Inbound,Union,55
10/29/2018 19:29,WS Outbound-DCL Inbound,Union,55
10/29/2018 19:29,WS Outbound-DCL Inbound,Union,55
10/29/2018 19:29,WS Outbound-DCL Inbound,Union,55
10/29/2018 19:29,WS Outbound-DCL Inbound,Union,55
10/29/2018 19:29,WS Outbound-DCL Inbound,Union,55
10/29/2018 19:29,WS Outbound-DCL Inbound,Union,55
10/29/2018 19:29,WS Outbound-DCL Inbound,Union,55
10/29/2018 19:29,WS Outbound-DCL Inbound,Union,55
10/29/2018 19:29,WS Outbound-DCL Inbound,Union,55
10/29/2018 19:29,WS Outbound-DCL Inbound,Union,55
10/29/2018 19:29,WS Outbound-DCL Inbound,Union,55
10/29/2018 19:29,WS Outbound-DCL Inbound,Union,55
10/29/2018 19:29,WS Outbound-DCL Inbound,Union,55
10/29/2018 19:29,WS Outbound-DCL Inbound,Union,55
10/29/2018 19:30,WS Outbound-DCL Inbound,Union,55
10/29/2018 19:30,WS Outbound-DCL Inbound,Union,55
10/29/2018 19:30,WS Outbound-DCL Inbound,Union,55
10/29/2018 19:30,WS Outbound-DCL Inbound,Union,55
10/29/2018 19:30,WS Outbound-DCL Inbound,Union,55
10/29/2018 19:30,WS Outbound-DCL Inbound,Union,55
10/29/2018 19:30,WS Outbound-DCL Inbound,Union,55
10/29/2018 19:30,WS Outbound-DCL Inbound,Union,55
10/29/2018 19:30,WS Outbound-DCL Inbound,Union,55
10/29/2018 19:30,WS Outbound-DCL Inbound,Union,55
10/29/2018 19:30,WS Outbound-DCL Inbound,Union,55
10/29/2018 19:30,WS Outbound-DCL Inbound,Union,55
10/29/2018 19:30,WS Outbound-DCL Inbound,Union,55
10/29/2018 19:31,WS Outbound-DCL Inbound,Union,55
10/29/2018 19:33,WS Outbound-DCL Inbound,Leroy St and Murray IB,42
10/29/2018 19:34,WS Outbound-DCL Inbound,Leroy St and Chestnut IB,42
10/29/2018 19:34,WS Outbound-DCL Inbound,Leroy St and Chestnut IB,42
10/29/2018 19:34,WS Outbound-DCL Inbound,Leroy St and Chestnut IB,42
10/29/2018 19:34,WS Outbound-DCL Inbound,Leroy St and Chestnut IB,42
10/29/2018 19:45,WS Outbound-DCL Inbound,Main and Helen OB,55
10/29/2018 19:46,WS Outbound-DCL Inbound,Union,21
10/29/2018 19:46,WS Outbound-DCL Inbound,Union,21
10/29/2018 19:48,WS Outbound-DCL Inbound,Main and Cedar OB,55
10/29/2018 19:54,WS Outbound-DCL Inbound,UDC,55
10/29/2018 19:55,WS Outbound-DCL Inbound,UDC,55
10/29/2018 19:56,WS Outbound-DCL Inbound,UDC,55
10/29/2018 19:59,WS Outbound-DCL Inbound,UDC,55
10/29/2018 19:59,WS Outbound-DCL Inbound,Union,42
10/29/2018 19:59,WS Outbound-DCL Inbound,Union,42
10/29/2018 19:59,WS Outbound-DCL Inbound,Union,42
10/29/2018 19:59,WS Outbound-DCL Inbound,Union,42
