Start Date:10/09/2018 7:00 AM End Date:10/09/2018 8:00 PM,,,
DateTime,CorridorName,StopName,VehicleID
10/9/2018 7:15,WS Outbound-DCL Inbound,Union,528
10/9/2018 7:15,WS Outbound-DCL Inbound,Union,528
10/9/2018 7:26,WS Outbound-DCL Inbound,Main and Clarke OB,528
10/9/2018 7:30,WS Outbound-DCL Inbound,Hawley OB,528
10/9/2018 7:31,WS Outbound-DCL Inbound,UDC,528
10/9/2018 7:32,WS Outbound-DCL Inbound,UDC,528
10/9/2018 7:32,WS Outbound-DCL Inbound,UDC,528
10/9/2018 7:32,WS Outbound-DCL Inbound,UDC,528
10/9/2018 7:36,WS Outbound-DCL Inbound,UDC,528
10/9/2018 7:37,WS Outbound-DCL Inbound,UDC,528
10/9/2018 7:40,WS Outbound-DCL Inbound,UDC,528
10/9/2018 7:41,WS Outbound-DCL Inbound,Leroy St and Front,528
10/9/2018 7:42,WS Outbound-DCL Inbound,Leroy St and Murray IB,528
10/9/2018 7:42,WS Outbound-DCL Inbound,Leroy St and Murray IB,528
10/9/2018 7:43,WS Outbound-DCL Inbound,Leroy St and Murray IB,528
10/9/2018 7:43,WS Outbound-DCL Inbound,Leroy St and Murray IB,528
10/9/2018 7:43,WS Outbound-DCL Inbound,Leroy St and Murray IB,528
10/9/2018 7:43,WS Outbound-DCL Inbound,Leroy St and Murray IB,528
10/9/2018 7:43,WS Outbound-DCL Inbound,Leroy St and Murray IB,528
10/9/2018 7:43,WS Outbound-DCL Inbound,Leroy St and Murray IB,528
10/9/2018 7:43,WS Outbound-DCL Inbound,Leroy St and Murray IB,528
10/9/2018 7:43,WS Outbound-DCL Inbound,Leroy St and Murray IB,528
10/9/2018 7:43,WS Outbound-DCL Inbound,Leroy St and Murray IB,528
10/9/2018 7:44,WS Outbound-DCL Inbound,Leroy St and Chestnut IB,528
10/9/2018 7:44,WS Outbound-DCL Inbound,Leroy St and Chestnut IB,528
10/9/2018 7:44,WS Outbound-DCL Inbound,Leroy St and Chestnut IB,528
10/9/2018 7:44,WS Outbound-DCL Inbound,Leroy St and Chestnut IB,528
10/9/2018 7:44,WS Outbound-DCL Inbound,Leroy St and Chestnut IB,528
10/9/2018 7:44,WS Outbound-DCL Inbound,Leroy St and Chestnut IB,528
10/9/2018 7:44,WS Outbound-DCL Inbound,Leroy St and Chestnut IB,528
10/9/2018 7:45,WS Outbound-DCL Inbound,Leroy St and Laurel IB,528
10/9/2018 7:46,WS Outbound-DCL Inbound,Beethoven and Leroy,528
10/9/2018 7:46,WS Outbound-DCL Inbound,Beethoven and Leroy,528
10/9/2018 7:46,WS Outbound-DCL Inbound,Beethoven and Leroy,528
10/9/2018 7:46,WS Outbound-DCL Inbound,Beethoven and Leroy,528
10/9/2018 7:49,WS Outbound-DCL Inbound,Riverside and Margaret OB,528
10/9/2018 8:01,WS Outbound-DCL Inbound,Leroy St and Front,891
10/9/2018 8:01,WS Outbound-DCL Inbound,Leroy St and Front,891
10/9/2018 8:01,WS Outbound-DCL Inbound,Leroy St and Front,891
10/9/2018 8:01,WS Outbound-DCL Inbound,Leroy St and Front,891
10/9/2018 8:01,WS Outbound-DCL Inbound,Leroy St and Front,891
10/9/2018 8:01,WS Outbound-DCL Inbound,Leroy St and Front,891
10/9/2018 8:02,WS Outbound-DCL Inbound,Leroy St and Murray IB,891
10/9/2018 8:02,WS Outbound-DCL Inbound,Leroy St and Murray IB,891
10/9/2018 8:02,WS Outbound-DCL Inbound,Leroy St and Murray IB,891
10/9/2018 8:02,WS Outbound-DCL Inbound,Leroy St and Murray IB,891
10/9/2018 8:02,WS Outbound-DCL Inbound,Leroy St and Murray IB,891
10/9/2018 8:02,WS Outbound-DCL Inbound,Leroy St and Murray IB,891
10/9/2018 8:02,WS Outbound-DCL Inbound,Leroy St and Murray IB,891
10/9/2018 8:02,WS Outbound-DCL Inbound,Leroy St and Murray IB,891
10/9/2018 8:03,WS Outbound-DCL Inbound,Leroy St and Murray IB,891
10/9/2018 8:03,WS Outbound-DCL Inbound,Leroy St and Murray IB,891
10/9/2018 8:03,WS Outbound-DCL Inbound,Leroy St and Murray IB,891
10/9/2018 8:03,WS Outbound-DCL Inbound,Leroy St and Murray IB,891
10/9/2018 8:03,WS Outbound-DCL Inbound,Leroy St and Murray IB,891
10/9/2018 8:03,WS Outbound-DCL Inbound,Leroy St and Murray IB,891
10/9/2018 8:03,WS Outbound-DCL Inbound,Leroy St and Murray IB,891
10/9/2018 8:03,WS Outbound-DCL Inbound,Leroy St and Murray IB,891
10/9/2018 8:03,WS Outbound-DCL Inbound,Leroy St and Murray IB,891
10/9/2018 8:03,WS Outbound-DCL Inbound,Leroy St and Murray IB,891
10/9/2018 8:03,WS Outbound-DCL Inbound,Leroy St and Murray IB,891
10/9/2018 8:03,WS Outbound-DCL Inbound,Leroy St and Murray IB,891
10/9/2018 8:03,WS Outbound-DCL Inbound,Leroy St and Murray IB,891
10/9/2018 8:03,WS Outbound-DCL Inbound,Leroy St and Murray IB,891
10/9/2018 8:03,WS Outbound-DCL Inbound,Leroy St and Murray IB,891
10/9/2018 8:03,WS Outbound-DCL Inbound,Leroy St and Murray IB,891
10/9/2018 8:03,WS Outbound-DCL Inbound,Leroy St and Murray IB,891
10/9/2018 8:03,WS Outbound-DCL Inbound,Leroy St and Murray IB,891
10/9/2018 8:03,WS Outbound-DCL Inbound,Leroy St and Murray IB,891
10/9/2018 8:03,WS Outbound-DCL Inbound,Leroy St and Murray IB,891
10/9/2018 8:04,WS Outbound-DCL Inbound,Leroy St and Chestnut IB,891
10/9/2018 8:04,WS Outbound-DCL Inbound,Leroy St and Chestnut IB,891
10/9/2018 8:04,WS Outbound-DCL Inbound,Leroy St and Chestnut IB,891
10/9/2018 8:04,WS Outbound-DCL Inbound,Leroy St and Chestnut IB,891
10/9/2018 8:04,WS Outbound-DCL Inbound,Leroy St and Chestnut IB,891
10/9/2018 8:04,WS Outbound-DCL Inbound,Leroy St and Chestnut IB,891
10/9/2018 8:04,WS Outbound-DCL Inbound,Leroy St and Chestnut IB,891
10/9/2018 8:04,WS Outbound-DCL Inbound,Leroy St and Chestnut IB,891
10/9/2018 8:04,WS Outbound-DCL Inbound,Leroy St and Chestnut IB,891
10/9/2018 8:05,WS Outbound-DCL Inbound,Leroy St and Chestnut IB,891
10/9/2018 8:05,WS Outbound-DCL Inbound,Leroy St and Chestnut IB,891
10/9/2018 8:05,WS Outbound-DCL Inbound,Leroy St and Chestnut IB,891
10/9/2018 8:05,WS Outbound-DCL Inbound,Leroy St and Chestnut IB,891
10/9/2018 8:25,WS Outbound-DCL Inbound,UDC,37
10/9/2018 8:28,WS Outbound-DCL Inbound,Leroy St and Front,37
10/9/2018 8:28,WS Outbound-DCL Inbound,Leroy St and Front,37
10/9/2018 8:28,WS Outbound-DCL Inbound,Leroy St and Front,37
10/9/2018 8:29,WS Outbound-DCL Inbound,Leroy St and Murray OB,37
10/9/2018 8:29,WS Outbound-DCL Inbound,Leroy St and Murray OB,37
10/9/2018 8:29,WS Outbound-DCL Inbound,Leroy St and Murray OB,37
10/9/2018 8:29,WS Outbound-DCL Inbound,Leroy St and Murray OB,37
10/9/2018 8:29,WS Outbound-DCL Inbound,Leroy St and Murray OB,37
10/9/2018 8:29,WS Outbound-DCL Inbound,Leroy St and Murray OB,37
10/9/2018 8:30,WS Outbound-DCL Inbound,Leroy St and Murray OB,37
10/9/2018 8:30,WS Outbound-DCL Inbound,Leroy St and Murray OB,37
10/9/2018 8:30,WS Outbound-DCL Inbound,Leroy St and Murray OB,37
10/9/2018 8:30,WS Outbound-DCL Inbound,Leroy St and Chestnut IB,37
10/9/2018 8:30,WS Outbound-DCL Inbound,Leroy St and Chestnut IB,37
10/9/2018 8:31,WS Outbound-DCL Inbound,Leroy St and Chestnut IB,37
10/9/2018 8:31,WS Outbound-DCL Inbound,Leroy St and Chestnut IB,37
10/9/2018 8:31,WS Outbound-DCL Inbound,Leroy St and Chestnut IB,37
10/9/2018 8:31,WS Outbound-DCL Inbound,Leroy St and Chestnut IB,37
10/9/2018 8:31,WS Outbound-DCL Inbound,Leroy St and Chestnut IB,37
10/9/2018 8:31,WS Outbound-DCL Inbound,Leroy St and Chestnut IB,37
10/9/2018 8:31,WS Outbound-DCL Inbound,Leroy St and Chestnut IB,37
10/9/2018 8:35,WS Outbound-DCL Inbound,Main and Murray OB,891
10/9/2018 8:35,WS Outbound-DCL Inbound,Main and Front IB,891
10/9/2018 8:35,WS Outbound-DCL Inbound,Riverside and Columbus IB,37
10/9/2018 8:38,WS Outbound-DCL Inbound,UDC,891
10/9/2018 8:40,WS Outbound-DCL Inbound,UDC,891
10/9/2018 8:43,WS Outbound-DCL Inbound,Leroy St and Front,891
10/9/2018 8:44,WS Outbound-DCL Inbound,Leroy St and Murray IB,891
10/9/2018 8:45,WS Outbound-DCL Inbound,Leroy St and Chestnut IB,891
10/9/2018 8:45,WS Outbound-DCL Inbound,Leroy St and Chestnut IB,891
10/9/2018 8:45,WS Outbound-DCL Inbound,Leroy St and Chestnut IB,891
10/9/2018 8:45,WS Outbound-DCL Inbound,Leroy St and Chestnut IB,891
10/9/2018 8:46,WS Outbound-DCL Inbound,Leroy St and Laurel IB,891
10/9/2018 8:46,WS Outbound-DCL Inbound,Leroy St and Laurel IB,891
10/9/2018 8:50,WS Outbound-DCL Inbound,UDC,528
10/9/2018 8:59,WS Outbound-DCL Inbound,Leroy St and Murray IB,528
10/9/2018 8:59,WS Outbound-DCL Inbound,Leroy St and Murray IB,528
10/9/2018 8:59,WS Outbound-DCL Inbound,Leroy St and Murray IB,528
10/9/2018 8:59,WS Outbound-DCL Inbound,Leroy St and Murray IB,528
10/9/2018 9:00,WS Outbound-DCL Inbound,Leroy St and Chestnut IB,528
10/9/2018 9:00,WS Outbound-DCL Inbound,Leroy St and Chestnut IB,528
10/9/2018 9:00,WS Outbound-DCL Inbound,Leroy St and Chestnut IB,528
10/9/2018 9:00,WS Outbound-DCL Inbound,Leroy St and Chestnut IB,528
10/9/2018 9:00,WS Outbound-DCL Inbound,Leroy St and Chestnut IB,528
10/9/2018 9:00,WS Outbound-DCL Inbound,Leroy St and Chestnut IB,528
10/9/2018 9:00,WS Outbound-DCL Inbound,Leroy St and Chestnut IB,528
10/9/2018 9:00,WS Outbound-DCL Inbound,Leroy St and Chestnut IB,528
10/9/2018 9:00,WS Outbound-DCL Inbound,Leroy St and Chestnut IB,528
10/9/2018 9:00,WS Outbound-DCL Inbound,Leroy St and Chestnut IB,528
10/9/2018 9:28,WS Outbound-DCL Inbound,Leroy St and Front,55
10/9/2018 9:28,WS Outbound-DCL Inbound,Leroy St and Front,55
10/9/2018 9:28,WS Outbound-DCL Inbound,Leroy St and Front,55
10/9/2018 9:28,WS Outbound-DCL Inbound,Leroy St and Front,55
10/9/2018 9:28,WS Outbound-DCL Inbound,Leroy St and Front,55
10/9/2018 9:28,WS Outbound-DCL Inbound,Leroy St and Front,55
10/9/2018 9:29,WS Outbound-DCL Inbound,Leroy St and Murray IB,55
10/9/2018 9:29,WS Outbound-DCL Inbound,Leroy St and Murray IB,55
10/9/2018 9:29,WS Outbound-DCL Inbound,Leroy St and Murray IB,55
10/9/2018 9:29,WS Outbound-DCL Inbound,Leroy St and Murray IB,55
10/9/2018 9:29,WS Outbound-DCL Inbound,Leroy St and Murray IB,55
10/9/2018 9:29,WS Outbound-DCL Inbound,Leroy St and Murray IB,55
10/9/2018 9:29,WS Outbound-DCL Inbound,Leroy St and Murray IB,55
10/9/2018 9:29,WS Outbound-DCL Inbound,Leroy St and Murray IB,55
10/9/2018 9:29,WS Outbound-DCL Inbound,Leroy St and Murray IB,55
10/9/2018 9:29,WS Outbound-DCL Inbound,Leroy St and Murray IB,55
10/9/2018 9:29,WS Outbound-DCL Inbound,Leroy St and Murray IB,55
10/9/2018 9:29,WS Outbound-DCL Inbound,Leroy St and Murray IB,55
10/9/2018 9:29,WS Outbound-DCL Inbound,Leroy St and Murray IB,55
10/9/2018 9:29,WS Outbound-DCL Inbound,Leroy St and Murray IB,55
10/9/2018 9:29,WS Outbound-DCL Inbound,Leroy St and Murray IB,55
10/9/2018 9:29,WS Outbound-DCL Inbound,Leroy St and Murray IB,55
10/9/2018 9:29,WS Outbound-DCL Inbound,Leroy St and Murray IB,55
10/9/2018 9:29,WS Outbound-DCL Inbound,Leroy St and Murray IB,55
10/9/2018 9:29,WS Outbound-DCL Inbound,Leroy St and Murray IB,55
10/9/2018 9:29,WS Outbound-DCL Inbound,Leroy St and Murray IB,55
10/9/2018 9:30,WS Outbound-DCL Inbound,Leroy St and Murray IB,55
10/9/2018 9:30,WS Outbound-DCL Inbound,Leroy St and Chestnut OB,55
10/9/2018 9:30,WS Outbound-DCL Inbound,Leroy St and Chestnut OB,55
10/9/2018 9:30,WS Outbound-DCL Inbound,Leroy St and Chestnut OB,55
10/9/2018 9:30,WS Outbound-DCL Inbound,Leroy St and Chestnut OB,55
10/9/2018 9:30,WS Outbound-DCL Inbound,Leroy St and Chestnut OB,55
10/9/2018 9:30,WS Outbound-DCL Inbound,Leroy St and Chestnut OB,55
10/9/2018 9:31,WS Outbound-DCL Inbound,Leroy St and Chestnut OB,55
10/9/2018 9:31,WS Outbound-DCL Inbound,Leroy St and Chestnut OB,55
10/9/2018 9:31,WS Outbound-DCL Inbound,Leroy St and Chestnut OB,55
10/9/2018 9:31,WS Outbound-DCL Inbound,Leroy St and Chestnut OB,55
10/9/2018 9:32,WS Outbound-DCL Inbound,Beethoven and Leroy,55
10/9/2018 9:35,WS Outbound-DCL Inbound,Riverside and Columbus,55
10/9/2018 9:43,WS Outbound-DCL Inbound,Leroy St and Front,21
10/9/2018 9:43,WS Outbound-DCL Inbound,Leroy St and Front,21
10/9/2018 9:43,WS Outbound-DCL Inbound,Leroy St and Front,21
10/9/2018 9:43,WS Outbound-DCL Inbound,Leroy St and Front,21
10/9/2018 9:44,WS Outbound-DCL Inbound,Leroy St and Murray IB,21
10/9/2018 9:44,WS Outbound-DCL Inbound,Leroy St and Murray IB,21
10/9/2018 9:44,WS Outbound-DCL Inbound,Leroy St and Murray IB,21
10/9/2018 9:44,WS Outbound-DCL Inbound,Leroy St and Murray IB,21
10/9/2018 9:44,WS Outbound-DCL Inbound,Leroy St and Murray IB,21
10/9/2018 9:44,WS Outbound-DCL Inbound,Leroy St and Murray IB,21
10/9/2018 9:44,WS Outbound-DCL Inbound,Leroy St and Murray IB,21
10/9/2018 9:44,WS Outbound-DCL Inbound,Leroy St and Murray IB,21
10/9/2018 9:44,WS Outbound-DCL Inbound,Leroy St and Murray IB,21
10/9/2018 9:44,WS Outbound-DCL Inbound,Leroy St and Murray IB,21
10/9/2018 9:44,WS Outbound-DCL Inbound,Leroy St and Murray IB,21
10/9/2018 9:44,WS Outbound-DCL Inbound,Leroy St and Murray IB,21
10/9/2018 9:44,WS Outbound-DCL Inbound,Leroy St and Murray IB,21
10/9/2018 9:44,WS Outbound-DCL Inbound,Leroy St and Murray IB,21
10/9/2018 9:44,WS Outbound-DCL Inbound,Leroy St and Murray IB,21
10/9/2018 9:44,WS Outbound-DCL Inbound,Leroy St and Murray IB,21
10/9/2018 9:44,WS Outbound-DCL Inbound,Leroy St and Murray IB,21
10/9/2018 9:45,WS Outbound-DCL Inbound,Leroy St and Murray IB,21
10/9/2018 9:45,WS Outbound-DCL Inbound,Leroy St and Murray IB,21
10/9/2018 9:45,WS Outbound-DCL Inbound,Leroy St and Murray IB,21
10/9/2018 9:45,WS Outbound-DCL Inbound,Leroy St and Murray IB,21
10/9/2018 9:45,WS Outbound-DCL Inbound,Leroy St and Murray IB,21
10/9/2018 9:45,WS Outbound-DCL Inbound,Leroy St and Murray IB,21
10/9/2018 9:45,WS Outbound-DCL Inbound,Leroy St and Murray IB,21
10/9/2018 9:46,WS Outbound-DCL Inbound,Leroy St and Chestnut IB,21
10/9/2018 9:46,WS Outbound-DCL Inbound,Leroy St and Chestnut IB,21
10/9/2018 9:46,WS Outbound-DCL Inbound,Leroy St and Chestnut IB,21
10/9/2018 9:46,WS Outbound-DCL Inbound,Leroy St and Chestnut IB,21
10/9/2018 9:46,WS Outbound-DCL Inbound,Leroy St and Chestnut IB,21
10/9/2018 9:46,WS Outbound-DCL Inbound,Leroy St and Chestnut IB,21
10/9/2018 9:46,WS Outbound-DCL Inbound,Leroy St and Chestnut IB,21
10/9/2018 9:46,WS Outbound-DCL Inbound,Leroy St and Chestnut IB,21
10/9/2018 9:46,WS Outbound-DCL Inbound,Leroy St and Chestnut IB,21
10/9/2018 9:46,WS Outbound-DCL Inbound,Leroy St and Chestnut IB,21
10/9/2018 9:46,WS Outbound-DCL Inbound,Leroy St and Chestnut IB,21
10/9/2018 9:46,WS Outbound-DCL Inbound,Leroy St and Chestnut IB,21
10/9/2018 9:46,WS Outbound-DCL Inbound,Leroy St and Chestnut IB,21
10/9/2018 9:46,WS Outbound-DCL Inbound,Leroy St and Chestnut IB,21
10/9/2018 9:46,WS Outbound-DCL Inbound,Leroy St and Chestnut IB,21
10/9/2018 9:47,WS Outbound-DCL Inbound,Leroy St and Chestnut IB,21
10/9/2018 9:47,WS Outbound-DCL Inbound,Leroy St and Laurel IB,21
10/9/2018 9:47,WS Outbound-DCL Inbound,Leroy St and Laurel IB,21
10/9/2018 9:54,WS Outbound-DCL Inbound,UDC,526
10/9/2018 9:54,WS Outbound-DCL Inbound,UDC,526
10/9/2018 9:54,WS Outbound-DCL Inbound,UDC,526
10/9/2018 9:55,WS Outbound-DCL Inbound,UDC,526
10/9/2018 9:55,WS Outbound-DCL Inbound,UDC,526
10/9/2018 9:58,WS Outbound-DCL Inbound,Leroy St and Front,526
10/9/2018 9:59,WS Outbound-DCL Inbound,Leroy St and Murray IB,526
10/9/2018 9:59,WS Outbound-DCL Inbound,Leroy St and Murray IB,526
10/9/2018 9:59,WS Outbound-DCL Inbound,Leroy St and Murray IB,526
10/9/2018 9:59,WS Outbound-DCL Inbound,Leroy St and Murray IB,526
10/9/2018 9:59,WS Outbound-DCL Inbound,Leroy St and Murray IB,526
10/9/2018 9:59,WS Outbound-DCL Inbound,Leroy St and Murray IB,526
10/9/2018 9:59,WS Outbound-DCL Inbound,Leroy St and Murray IB,526
10/9/2018 9:59,WS Outbound-DCL Inbound,Leroy St and Murray IB,526
10/9/2018 9:59,WS Outbound-DCL Inbound,Leroy St and Murray IB,526
10/9/2018 10:00,WS Outbound-DCL Inbound,Leroy St and Chestnut IB,526
10/9/2018 10:00,WS Outbound-DCL Inbound,Leroy St and Chestnut IB,526
10/9/2018 10:00,WS Outbound-DCL Inbound,Leroy St and Chestnut IB,526
10/9/2018 10:00,WS Outbound-DCL Inbound,Leroy St and Chestnut IB,526
10/9/2018 10:00,WS Outbound-DCL Inbound,Leroy St and Chestnut IB,526
10/9/2018 10:00,WS Outbound-DCL Inbound,Leroy St and Chestnut IB,526
10/9/2018 10:14,WS Outbound-DCL Inbound,Leroy St and Murray IB,891
10/9/2018 10:14,WS Outbound-DCL Inbound,Leroy St and Murray IB,891
10/9/2018 10:14,WS Outbound-DCL Inbound,Leroy St and Murray IB,891
10/9/2018 10:15,WS Outbound-DCL Inbound,Leroy St and Chestnut IB,891
10/9/2018 10:15,WS Outbound-DCL Inbound,Leroy St and Chestnut IB,891
10/9/2018 10:16,WS Outbound-DCL Inbound,Union,21
10/9/2018 10:16,WS Outbound-DCL Inbound,Union,21
10/9/2018 10:19,WS Outbound-DCL Inbound,Physical Facilities,21
10/9/2018 10:21,WS Outbound-DCL Inbound,UDC,889
10/9/2018 10:21,WS Outbound-DCL Inbound,UDC,889
10/9/2018 10:22,WS Outbound-DCL Inbound,UDC,889
10/9/2018 10:22,WS Outbound-DCL Inbound,UDC,889
10/9/2018 10:22,WS Outbound-DCL Inbound,UDC,889
10/9/2018 10:28,WS Outbound-DCL Inbound,Leroy St and Front,889
10/9/2018 10:28,WS Outbound-DCL Inbound,Leroy St and Front,889
10/9/2018 10:29,WS Outbound-DCL Inbound,Leroy St and Murray IB,889
10/9/2018 10:29,WS Outbound-DCL Inbound,Leroy St and Murray IB,889
10/9/2018 10:29,WS Outbound-DCL Inbound,Leroy St and Murray IB,889
10/9/2018 10:29,WS Outbound-DCL Inbound,Leroy St and Murray IB,889
10/9/2018 10:30,WS Outbound-DCL Inbound,Leroy St and Chestnut IB,889
10/9/2018 10:30,WS Outbound-DCL Inbound,Leroy St and Chestnut IB,889
10/9/2018 10:30,WS Outbound-DCL Inbound,Leroy St and Chestnut IB,889
10/9/2018 10:30,WS Outbound-DCL Inbound,Leroy St and Chestnut IB,889
10/9/2018 10:31,WS Outbound-DCL Inbound,Leroy St and Laurel IB,889
10/9/2018 10:31,WS Outbound-DCL Inbound,Leroy St and Laurel IB,889
10/9/2018 10:42,WS Outbound-DCL Inbound,Leroy St and Murray IB,21
10/9/2018 10:42,WS Outbound-DCL Inbound,Leroy St and Murray IB,21
10/9/2018 10:42,WS Outbound-DCL Inbound,Leroy St and Murray IB,21
10/9/2018 10:42,WS Outbound-DCL Inbound,Leroy St and Murray IB,21
10/9/2018 10:42,WS Outbound-DCL Inbound,Leroy St and Murray IB,21
10/9/2018 10:42,WS Outbound-DCL Inbound,Leroy St and Murray IB,21
10/9/2018 10:42,WS Outbound-DCL Inbound,Leroy St and Murray IB,21
10/9/2018 10:43,WS Outbound-DCL Inbound,Leroy St and Chestnut OB,21
10/9/2018 10:44,WS Outbound-DCL Inbound,Union,889
10/9/2018 10:51,WS Outbound-DCL Inbound,UDC,37
10/9/2018 10:51,WS Outbound-DCL Inbound,UDC,37
10/9/2018 10:54,WS Outbound-DCL Inbound,UDC,37
10/9/2018 10:54,WS Outbound-DCL Inbound,UDC,37
10/9/2018 10:56,WS Outbound-DCL Inbound,UDC,37
10/9/2018 10:57,WS Outbound-DCL Inbound,Main and Schiller OB,889
10/9/2018 10:58,WS Outbound-DCL Inbound,Leroy St and Front,37
10/9/2018 10:58,WS Outbound-DCL Inbound,Leroy St and Front,37
10/9/2018 10:58,WS Outbound-DCL Inbound,Leroy St and Front,37
10/9/2018 10:59,WS Outbound-DCL Inbound,Leroy St and Murray IB,37
10/9/2018 10:59,WS Outbound-DCL Inbound,Leroy St and Murray IB,37
10/9/2018 10:59,WS Outbound-DCL Inbound,Leroy St and Murray IB,37
10/9/2018 10:59,WS Outbound-DCL Inbound,Leroy St and Murray IB,37
10/9/2018 10:59,WS Outbound-DCL Inbound,Leroy St and Murray IB,37
10/9/2018 10:59,WS Outbound-DCL Inbound,Leroy St and Murray IB,37
10/9/2018 10:59,WS Outbound-DCL Inbound,Leroy St and Murray IB,37
10/9/2018 10:59,WS Outbound-DCL Inbound,Leroy St and Murray IB,37
10/9/2018 11:00,WS Outbound-DCL Inbound,Leroy St and Chestnut IB,37
10/9/2018 11:00,WS Outbound-DCL Inbound,Leroy St and Chestnut IB,37
10/9/2018 11:00,WS Outbound-DCL Inbound,Leroy St and Chestnut IB,37
10/9/2018 11:00,WS Outbound-DCL Inbound,Leroy St and Chestnut IB,37
10/9/2018 11:00,WS Outbound-DCL Inbound,Leroy St and Chestnut IB,37
10/9/2018 11:00,WS Outbound-DCL Inbound,Leroy St and Chestnut IB,37
10/9/2018 11:00,WS Outbound-DCL Inbound,Leroy St and Chestnut IB,37
10/9/2018 11:10,WS Outbound-DCL Inbound,UDC,889
10/9/2018 11:12,WS Outbound-DCL Inbound,Leroy St and Front,889
10/9/2018 11:12,WS Outbound-DCL Inbound,Leroy St and Front,889
10/9/2018 11:12,WS Outbound-DCL Inbound,Leroy St and Front,889
10/9/2018 11:12,WS Outbound-DCL Inbound,Leroy St and Front,889
10/9/2018 11:12,WS Outbound-DCL Inbound,Leroy St and Front,889
10/9/2018 11:12,WS Outbound-DCL Inbound,Leroy St and Front,889
10/9/2018 11:13,WS Outbound-DCL Inbound,Leroy St and Front,889
10/9/2018 11:13,WS Outbound-DCL Inbound,Leroy St and Front,889
10/9/2018 11:13,WS Outbound-DCL Inbound,Union,891
10/9/2018 11:13,WS Outbound-DCL Inbound,Union,891
10/9/2018 11:14,WS Outbound-DCL Inbound,Leroy St and Murray IB,889
10/9/2018 11:14,WS Outbound-DCL Inbound,Union,891
10/9/2018 11:14,WS Outbound-DCL Inbound,Leroy St and Murray IB,889
10/9/2018 11:14,WS Outbound-DCL Inbound,Leroy St and Murray IB,889
10/9/2018 11:14,WS Outbound-DCL Inbound,Union,891
10/9/2018 11:14,WS Outbound-DCL Inbound,Leroy St and Murray IB,889
10/9/2018 11:14,WS Outbound-DCL Inbound,Leroy St and Murray IB,889
10/9/2018 11:14,WS Outbound-DCL Inbound,Leroy St and Murray IB,889
10/9/2018 11:14,WS Outbound-DCL Inbound,Union,891
10/9/2018 11:14,WS Outbound-DCL Inbound,Union,891
10/9/2018 11:14,WS Outbound-DCL Inbound,Union,891
10/9/2018 11:15,WS Outbound-DCL Inbound,Union,891
10/9/2018 11:15,WS Outbound-DCL Inbound,Union,891
10/9/2018 11:15,WS Outbound-DCL Inbound,Leroy St and Chestnut IB,889
10/9/2018 11:15,WS Outbound-DCL Inbound,Leroy St and Chestnut IB,889
10/9/2018 11:15,WS Outbound-DCL Inbound,Leroy St and Chestnut IB,889
10/9/2018 11:15,WS Outbound-DCL Inbound,Leroy St and Chestnut IB,889
10/9/2018 11:15,WS Outbound-DCL Inbound,Leroy St and Chestnut IB,889
10/9/2018 11:15,WS Outbound-DCL Inbound,Leroy St and Chestnut IB,889
10/9/2018 11:15,WS Outbound-DCL Inbound,Leroy St and Chestnut IB,889
10/9/2018 11:15,WS Outbound-DCL Inbound,Leroy St and Chestnut IB,889
10/9/2018 11:15,WS Outbound-DCL Inbound,Leroy St and Chestnut IB,889
10/9/2018 11:15,WS Outbound-DCL Inbound,Leroy St and Chestnut IB,889
10/9/2018 11:15,WS Outbound-DCL Inbound,Leroy St and Chestnut IB,889
10/9/2018 11:15,WS Outbound-DCL Inbound,Leroy St and Chestnut IB,889
10/9/2018 11:16,WS Outbound-DCL Inbound,Leroy St and Laurel IB,889
10/9/2018 11:17,WS Outbound-DCL Inbound,Union,891
10/9/2018 11:17,WS Outbound-DCL Inbound,Beethoven and Leroy,889
10/9/2018 11:20,WS Outbound-DCL Inbound,Physical Facilities,891
10/9/2018 11:29,WS Outbound-DCL Inbound,Main and Helen OB,891
10/9/2018 11:40,WS Outbound-DCL Inbound,UDC,891
10/9/2018 11:43,WS Outbound-DCL Inbound,Leroy St and Murray IB,891
10/9/2018 11:43,WS Outbound-DCL Inbound,Leroy St and Murray IB,891
10/9/2018 11:43,WS Outbound-DCL Inbound,Leroy St and Murray IB,891
10/9/2018 11:44,WS Outbound-DCL Inbound,Leroy St and Chestnut IB,891
10/9/2018 11:44,WS Outbound-DCL Inbound,Leroy St and Chestnut IB,891
10/9/2018 11:44,WS Outbound-DCL Inbound,Leroy St and Chestnut IB,891
10/9/2018 11:44,WS Outbound-DCL Inbound,Leroy St and Chestnut IB,891
10/9/2018 11:45,WS Outbound-DCL Inbound,Leroy St and Laurel IB,891
10/9/2018 11:57,WS Outbound-DCL Inbound,Union,891
10/9/2018 11:57,WS Outbound-DCL Inbound,Union,891
10/9/2018 11:57,WS Outbound-DCL Inbound,Union,891
10/9/2018 11:58,WS Outbound-DCL Inbound,Union,891
10/9/2018 11:58,WS Outbound-DCL Inbound,Union,891
10/9/2018 11:58,WS Outbound-DCL Inbound,Union,891
10/9/2018 11:58,WS Outbound-DCL Inbound,Union,891
10/9/2018 11:58,WS Outbound-DCL Inbound,Union,891
10/9/2018 11:58,WS Outbound-DCL Inbound,Union,55
10/9/2018 11:58,WS Outbound-DCL Inbound,Union,55
10/9/2018 11:58,WS Outbound-DCL Inbound,Union,55
10/9/2018 11:58,WS Outbound-DCL Inbound,Union,55
10/9/2018 11:58,WS Outbound-DCL Inbound,Union,891
10/9/2018 11:58,WS Outbound-DCL Inbound,Union,55
10/9/2018 11:58,WS Outbound-DCL Inbound,Union,55
10/9/2018 11:58,WS Outbound-DCL Inbound,Union,55
10/9/2018 11:58,WS Outbound-DCL Inbound,Union,55
10/9/2018 11:59,WS Outbound-DCL Inbound,Union,55
10/9/2018 11:59,WS Outbound-DCL Inbound,Main and Schiller OB,21
10/9/2018 11:59,WS Outbound-DCL Inbound,Union,55
10/9/2018 11:59,WS Outbound-DCL Inbound,Union,891
10/9/2018 12:03,WS Outbound-DCL Inbound,Main and Arthur,21
10/9/2018 12:04,WS Outbound-DCL Inbound,Main and Murray OB,21
10/9/2018 12:04,WS Outbound-DCL Inbound,Physical Facilities,55
10/9/2018 12:08,WS Outbound-DCL Inbound,UDC,21
10/9/2018 12:08,WS Outbound-DCL Inbound,UDC,21
10/9/2018 12:08,WS Outbound-DCL Inbound,UDC,21
10/9/2018 12:08,WS Outbound-DCL Inbound,UDC,21
10/9/2018 12:08,WS Outbound-DCL Inbound,UDC,21
10/9/2018 12:09,WS Outbound-DCL Inbound,UDC,21
10/9/2018 12:09,WS Outbound-DCL Inbound,UDC,21
10/9/2018 12:10,WS Outbound-DCL Inbound,UDC,21
10/9/2018 12:12,WS Outbound-DCL Inbound,Leroy St and Murray IB,21
10/9/2018 12:12,WS Outbound-DCL Inbound,Leroy St and Murray IB,21
10/9/2018 12:12,WS Outbound-DCL Inbound,Leroy St and Murray IB,21
10/9/2018 12:13,WS Outbound-DCL Inbound,Leroy St and Murray IB,21
10/9/2018 12:13,WS Outbound-DCL Inbound,Leroy St and Murray IB,21
10/9/2018 12:13,WS Outbound-DCL Inbound,Leroy St and Murray IB,21
10/9/2018 12:13,WS Outbound-DCL Inbound,Leroy St and Murray IB,21
10/9/2018 12:13,WS Outbound-DCL Inbound,Leroy St and Murray IB,21
10/9/2018 12:13,WS Outbound-DCL Inbound,Main and Helen OB,55
10/9/2018 12:13,WS Outbound-DCL Inbound,Main and Helen OB,55
10/9/2018 12:13,WS Outbound-DCL Inbound,Main and Helen OB,55
10/9/2018 12:14,WS Outbound-DCL Inbound,Leroy St and Chestnut OB,21
10/9/2018 12:16,WS Outbound-DCL Inbound,Riverside and Beethoven,21
10/9/2018 12:16,WS Outbound-DCL Inbound,Union,526
10/9/2018 12:16,WS Outbound-DCL Inbound,Union,526
10/9/2018 12:16,WS Outbound-DCL Inbound,Union,526
10/9/2018 12:16,WS Outbound-DCL Inbound,Union,526
10/9/2018 12:17,WS Outbound-DCL Inbound,Union,526
10/9/2018 12:17,WS Outbound-DCL Inbound,Main and Murray OB,55
10/9/2018 12:22,WS Outbound-DCL Inbound,UDC,55
10/9/2018 12:26,WS Outbound-DCL Inbound,Floral and Main OB,526
10/9/2018 12:26,WS Outbound-DCL Inbound,Floral and Main OB,526
10/9/2018 12:28,WS Outbound-DCL Inbound,Leroy St and Murray IB,55
10/9/2018 12:28,WS Outbound-DCL Inbound,Leroy St and Murray IB,55
10/9/2018 12:28,WS Outbound-DCL Inbound,Leroy St and Murray IB,55
10/9/2018 12:28,WS Outbound-DCL Inbound,Leroy St and Murray IB,55
10/9/2018 12:28,WS Outbound-DCL Inbound,Leroy St and Murray IB,55
10/9/2018 12:28,WS Outbound-DCL Inbound,Leroy St and Murray IB,55
10/9/2018 12:28,WS Outbound-DCL Inbound,Leroy St and Murray IB,55
10/9/2018 12:28,WS Outbound-DCL Inbound,Leroy St and Murray IB,55
10/9/2018 12:28,WS Outbound-DCL Inbound,Leroy St and Murray IB,55
10/9/2018 12:28,WS Outbound-DCL Inbound,Leroy St and Murray IB,55
10/9/2018 12:29,WS Outbound-DCL Inbound,Main and Schiller OB,526
10/9/2018 12:29,WS Outbound-DCL Inbound,Main and Schiller OB,526
10/9/2018 12:29,WS Outbound-DCL Inbound,Leroy St and Chestnut IB,55
10/9/2018 12:37,WS Outbound-DCL Inbound,Hawley OB,526
10/9/2018 12:38,WS Outbound-DCL Inbound,UDC,526
10/9/2018 12:43,WS Outbound-DCL Inbound,Leroy St and Front,526
10/9/2018 12:43,WS Outbound-DCL Inbound,Leroy St and Front,526
10/9/2018 12:43,WS Outbound-DCL Inbound,Leroy St and Front,526
10/9/2018 12:43,WS Outbound-DCL Inbound,Leroy St and Front,526
10/9/2018 12:43,WS Outbound-DCL Inbound,Leroy St and Front,526
10/9/2018 12:43,WS Outbound-DCL Inbound,Union,891
10/9/2018 12:44,WS Outbound-DCL Inbound,Union,891
10/9/2018 12:44,WS Outbound-DCL Inbound,Union,891
10/9/2018 12:44,WS Outbound-DCL Inbound,Union,891
10/9/2018 12:44,WS Outbound-DCL Inbound,Leroy St and Murray OB,526
10/9/2018 12:44,WS Outbound-DCL Inbound,Leroy St and Murray OB,526
10/9/2018 12:44,WS Outbound-DCL Inbound,Leroy St and Murray OB,526
10/9/2018 12:44,WS Outbound-DCL Inbound,Leroy St and Murray OB,526
10/9/2018 12:44,WS Outbound-DCL Inbound,Leroy St and Murray OB,526
10/9/2018 12:44,WS Outbound-DCL Inbound,Leroy St and Murray OB,526
10/9/2018 12:44,WS Outbound-DCL Inbound,Leroy St and Murray OB,526
10/9/2018 12:44,WS Outbound-DCL Inbound,Leroy St and Murray OB,526
10/9/2018 12:44,WS Outbound-DCL Inbound,Leroy St and Murray OB,526
10/9/2018 12:44,WS Outbound-DCL Inbound,Leroy St and Murray OB,526
10/9/2018 12:44,WS Outbound-DCL Inbound,Leroy St and Murray OB,526
10/9/2018 12:44,WS Outbound-DCL Inbound,Leroy St and Murray OB,526
10/9/2018 12:45,WS Outbound-DCL Inbound,Leroy St and Murray OB,526
10/9/2018 12:45,WS Outbound-DCL Inbound,Leroy St and Murray OB,526
10/9/2018 12:45,WS Outbound-DCL Inbound,Leroy St and Murray OB,526
10/9/2018 12:45,WS Outbound-DCL Inbound,Leroy St and Murray OB,526
10/9/2018 12:45,WS Outbound-DCL Inbound,Leroy St and Murray OB,526
10/9/2018 12:45,WS Outbound-DCL Inbound,Leroy St and Murray OB,526
10/9/2018 12:45,WS Outbound-DCL Inbound,Leroy St and Murray OB,526
10/9/2018 12:46,WS Outbound-DCL Inbound,Union,891
10/9/2018 13:02,WS Outbound-DCL Inbound,Union,37
10/9/2018 13:02,WS Outbound-DCL Inbound,Union,37
10/9/2018 13:02,WS Outbound-DCL Inbound,Union,37
10/9/2018 13:02,WS Outbound-DCL Inbound,Union,37
10/9/2018 13:02,WS Outbound-DCL Inbound,Union,37
10/9/2018 13:02,WS Outbound-DCL Inbound,Union,37
10/9/2018 13:02,WS Outbound-DCL Inbound,Union,37
10/9/2018 13:03,WS Outbound-DCL Inbound,Union,37
10/9/2018 13:03,WS Outbound-DCL Inbound,Union,37
10/9/2018 13:03,WS Outbound-DCL Inbound,Union,37
10/9/2018 13:03,WS Outbound-DCL Inbound,Union,37
10/9/2018 13:03,WS Outbound-DCL Inbound,Union,37
10/9/2018 13:03,WS Outbound-DCL Inbound,Union,37
10/9/2018 13:03,WS Outbound-DCL Inbound,Union,37
10/9/2018 13:03,WS Outbound-DCL Inbound,Union,37
10/9/2018 13:03,WS Outbound-DCL Inbound,Union,37
10/9/2018 13:03,WS Outbound-DCL Inbound,Union,37
10/9/2018 13:03,WS Outbound-DCL Inbound,Union,37
10/9/2018 13:03,WS Outbound-DCL Inbound,Union,37
10/9/2018 13:03,WS Outbound-DCL Inbound,Union,37
10/9/2018 13:03,WS Outbound-DCL Inbound,Union,37
10/9/2018 13:03,WS Outbound-DCL Inbound,Union,37
10/9/2018 13:08,WS Outbound-DCL Inbound,UDC,891
10/9/2018 13:12,WS Outbound-DCL Inbound,Leroy St and Front,891
10/9/2018 13:13,WS Outbound-DCL Inbound,Leroy St and Murray IB,891
10/9/2018 13:13,WS Outbound-DCL Inbound,Leroy St and Murray IB,891
10/9/2018 13:13,WS Outbound-DCL Inbound,Floral and Willow IB,37
10/9/2018 13:14,WS Outbound-DCL Inbound,Leroy St and Chestnut OB,891
10/9/2018 13:14,WS Outbound-DCL Inbound,Leroy St and Chestnut OB,891
10/9/2018 13:26,WS Outbound-DCL Inbound,UDC,37
10/9/2018 13:26,WS Outbound-DCL Inbound,UDC,37
10/9/2018 13:29,WS Outbound-DCL Inbound,Leroy St and Front,37
10/9/2018 13:30,WS Outbound-DCL Inbound,Leroy St and Murray IB,37
10/9/2018 13:30,WS Outbound-DCL Inbound,Leroy St and Chestnut IB,37
10/9/2018 13:39,WS Outbound-DCL Inbound,UDC,21
10/9/2018 13:44,WS Outbound-DCL Inbound,Union,526
10/9/2018 13:44,WS Outbound-DCL Inbound,Union,526
10/9/2018 13:44,WS Outbound-DCL Inbound,Union,526
10/9/2018 13:44,WS Outbound-DCL Inbound,Union,526
10/9/2018 13:44,WS Outbound-DCL Inbound,Union,526
10/9/2018 13:44,WS Outbound-DCL Inbound,Union,526
10/9/2018 13:44,WS Outbound-DCL Inbound,Union,526
10/9/2018 13:44,WS Outbound-DCL Inbound,Leroy St and Front,21
10/9/2018 13:44,WS Outbound-DCL Inbound,Union,526
10/9/2018 13:44,WS Outbound-DCL Inbound,Union,526
10/9/2018 13:44,WS Outbound-DCL Inbound,Union,526
10/9/2018 13:44,WS Outbound-DCL Inbound,Union,526
10/9/2018 13:44,WS Outbound-DCL Inbound,Union,526
10/9/2018 13:44,WS Outbound-DCL Inbound,Union,526
10/9/2018 13:44,WS Outbound-DCL Inbound,Union,526
10/9/2018 13:45,WS Outbound-DCL Inbound,Leroy St and Murray IB,21
10/9/2018 13:45,WS Outbound-DCL Inbound,Leroy St and Murray IB,21
10/9/2018 13:45,WS Outbound-DCL Inbound,Leroy St and Murray IB,21
10/9/2018 13:46,WS Outbound-DCL Inbound,Leroy St and Chestnut IB,21
10/9/2018 13:59,WS Outbound-DCL Inbound,Union,528
10/9/2018 13:59,WS Outbound-DCL Inbound,Union,528
10/9/2018 13:59,WS Outbound-DCL Inbound,Union,528
10/9/2018 14:00,WS Outbound-DCL Inbound,Union,528
10/9/2018 14:00,WS Outbound-DCL Inbound,Union,528
10/9/2018 14:00,WS Outbound-DCL Inbound,Union,528
10/9/2018 14:00,WS Outbound-DCL Inbound,Union,528
10/9/2018 14:01,WS Outbound-DCL Inbound,Union,528
10/9/2018 14:01,WS Outbound-DCL Inbound,Union,528
10/9/2018 14:02,WS Outbound-DCL Inbound,Union,528
10/9/2018 14:05,WS Outbound-DCL Inbound,UDC,526
10/9/2018 14:05,WS Outbound-DCL Inbound,UDC,526
10/9/2018 14:07,WS Outbound-DCL Inbound,UDC,526
10/9/2018 14:08,WS Outbound-DCL Inbound,UDC,526
10/9/2018 14:09,WS Outbound-DCL Inbound,UDC,526
10/9/2018 14:10,WS Outbound-DCL Inbound,UDC,526
10/9/2018 14:12,WS Outbound-DCL Inbound,Leroy St and Front,526
10/9/2018 14:13,WS Outbound-DCL Inbound,Leroy St and Murray IB,526
10/9/2018 14:13,WS Outbound-DCL Inbound,Leroy St and Murray IB,526
10/9/2018 14:14,WS Outbound-DCL Inbound,Leroy St and Murray IB,526
10/9/2018 14:14,WS Outbound-DCL Inbound,Leroy St and Murray IB,526
10/9/2018 14:14,WS Outbound-DCL Inbound,Leroy St and Murray IB,526
10/9/2018 14:14,WS Outbound-DCL Inbound,Leroy St and Murray IB,526
10/9/2018 14:15,WS Outbound-DCL Inbound,Leroy St and Chestnut IB,526
10/9/2018 14:15,WS Outbound-DCL Inbound,Leroy St and Chestnut IB,526
10/9/2018 14:15,WS Outbound-DCL Inbound,Leroy St and Chestnut IB,526
10/9/2018 14:15,WS Outbound-DCL Inbound,Leroy St and Chestnut IB,526
10/9/2018 14:15,WS Outbound-DCL Inbound,Leroy St and Chestnut IB,526
10/9/2018 14:15,WS Outbound-DCL Inbound,Leroy St and Chestnut IB,526
10/9/2018 14:15,WS Outbound-DCL Inbound,Leroy St and Chestnut IB,526
10/9/2018 14:15,WS Outbound-DCL Inbound,Leroy St and Chestnut IB,526
10/9/2018 14:15,WS Outbound-DCL Inbound,Leroy St and Chestnut IB,526
10/9/2018 14:22,WS Outbound-DCL Inbound,UDC,528
10/9/2018 14:22,WS Outbound-DCL Inbound,UDC,528
10/9/2018 14:22,WS Outbound-DCL Inbound,UDC,528
10/9/2018 14:22,WS Outbound-DCL Inbound,UDC,528
10/9/2018 14:22,WS Outbound-DCL Inbound,UDC,528
10/9/2018 14:23,WS Outbound-DCL Inbound,UDC,528
10/9/2018 14:23,WS Outbound-DCL Inbound,UDC,528
10/9/2018 14:23,WS Outbound-DCL Inbound,UDC,528
10/9/2018 14:23,WS Outbound-DCL Inbound,UDC,528
10/9/2018 14:24,WS Outbound-DCL Inbound,UDC,528
10/9/2018 14:24,WS Outbound-DCL Inbound,UDC,528
10/9/2018 14:27,WS Outbound-DCL Inbound,Academic A,526
10/9/2018 14:29,WS Outbound-DCL Inbound,Leroy St and Front,528
10/9/2018 14:29,WS Outbound-DCL Inbound,Leroy St and Front,528
10/9/2018 14:29,WS Outbound-DCL Inbound,Leroy St and Front,528
10/9/2018 14:30,WS Outbound-DCL Inbound,Leroy St and Murray IB,528
10/9/2018 14:30,WS Outbound-DCL Inbound,Leroy St and Murray IB,528
10/9/2018 14:30,WS Outbound-DCL Inbound,Leroy St and Murray IB,528
10/9/2018 14:30,WS Outbound-DCL Inbound,Leroy St and Murray IB,528
10/9/2018 14:30,WS Outbound-DCL Inbound,Leroy St and Murray IB,528
10/9/2018 14:30,WS Outbound-DCL Inbound,Union,55
10/9/2018 14:30,WS Outbound-DCL Inbound,Leroy St and Murray IB,528
10/9/2018 14:30,WS Outbound-DCL Inbound,Union,55
10/9/2018 14:30,WS Outbound-DCL Inbound,Union,55
10/9/2018 14:30,WS Outbound-DCL Inbound,Leroy St and Murray IB,528
10/9/2018 14:30,WS Outbound-DCL Inbound,Leroy St and Murray IB,528
10/9/2018 14:30,WS Outbound-DCL Inbound,Union,55
10/9/2018 14:30,WS Outbound-DCL Inbound,Leroy St and Murray IB,528
10/9/2018 14:30,WS Outbound-DCL Inbound,Union,55
10/9/2018 14:30,WS Outbound-DCL Inbound,Union,55
10/9/2018 14:30,WS Outbound-DCL Inbound,Leroy St and Murray IB,528
10/9/2018 14:30,WS Outbound-DCL Inbound,Union,55
10/9/2018 14:30,WS Outbound-DCL Inbound,Leroy St and Murray IB,528
10/9/2018 14:30,WS Outbound-DCL Inbound,Leroy St and Murray IB,528
10/9/2018 14:30,WS Outbound-DCL Inbound,Union,55
10/9/2018 14:30,WS Outbound-DCL Inbound,Union,55
10/9/2018 14:30,WS Outbound-DCL Inbound,Leroy St and Murray IB,528
10/9/2018 14:30,WS Outbound-DCL Inbound,Union,55
10/9/2018 14:30,WS Outbound-DCL Inbound,Union,55
10/9/2018 14:30,WS Outbound-DCL Inbound,Union,55
10/9/2018 14:30,WS Outbound-DCL Inbound,Union,55
10/9/2018 14:30,WS Outbound-DCL Inbound,Union,55
10/9/2018 14:30,WS Outbound-DCL Inbound,Union,55
10/9/2018 14:31,WS Outbound-DCL Inbound,Union,55
10/9/2018 14:31,WS Outbound-DCL Inbound,Leroy St and Chestnut IB,528
10/9/2018 14:31,WS Outbound-DCL Inbound,Leroy St and Chestnut IB,528
10/9/2018 14:31,WS Outbound-DCL Inbound,Leroy St and Chestnut IB,528
10/9/2018 14:31,WS Outbound-DCL Inbound,Leroy St and Chestnut IB,528
10/9/2018 14:31,WS Outbound-DCL Inbound,Leroy St and Chestnut IB,528
10/9/2018 14:31,WS Outbound-DCL Inbound,Leroy St and Chestnut IB,528
10/9/2018 14:31,WS Outbound-DCL Inbound,Union,55
10/9/2018 14:31,WS Outbound-DCL Inbound,Leroy St and Chestnut IB,528
10/9/2018 14:31,WS Outbound-DCL Inbound,Leroy St and Chestnut IB,528
10/9/2018 14:31,WS Outbound-DCL Inbound,Leroy St and Chestnut IB,528
10/9/2018 14:31,WS Outbound-DCL Inbound,Leroy St and Chestnut IB,528
10/9/2018 14:32,WS Outbound-DCL Inbound,Union,55
10/9/2018 14:34,WS Outbound-DCL Inbound,Riverside and Beethoven OB,528
10/9/2018 14:35,WS Outbound-DCL Inbound,Physical Facilities,55
10/9/2018 14:43,WS Outbound-DCL Inbound,Academic A,528
10/9/2018 14:46,WS Outbound-DCL Inbound,Union,37
10/9/2018 14:46,WS Outbound-DCL Inbound,Union,37
10/9/2018 14:46,WS Outbound-DCL Inbound,Union,37
10/9/2018 14:46,WS Outbound-DCL Inbound,Union,37
10/9/2018 14:46,WS Outbound-DCL Inbound,Union,37
10/9/2018 14:46,WS Outbound-DCL Inbound,Union,37
10/9/2018 14:46,WS Outbound-DCL Inbound,Union,37
10/9/2018 14:46,WS Outbound-DCL Inbound,Union,37
10/9/2018 14:46,WS Outbound-DCL Inbound,Union,37
10/9/2018 14:46,WS Outbound-DCL Inbound,Union,37
10/9/2018 14:46,WS Outbound-DCL Inbound,Union,37
10/9/2018 14:46,WS Outbound-DCL Inbound,Union,37
10/9/2018 14:46,WS Outbound-DCL Inbound,Union,37
10/9/2018 14:46,WS Outbound-DCL Inbound,Union,37
10/9/2018 14:46,WS Outbound-DCL Inbound,Union,37
10/9/2018 14:46,WS Outbound-DCL Inbound,Union,37
10/9/2018 14:46,WS Outbound-DCL Inbound,Union,37
10/9/2018 14:46,WS Outbound-DCL Inbound,Union,37
10/9/2018 14:46,WS Outbound-DCL Inbound,Union,37
10/9/2018 14:46,WS Outbound-DCL Inbound,Union,37
10/9/2018 14:46,WS Outbound-DCL Inbound,Union,37
10/9/2018 14:46,WS Outbound-DCL Inbound,Union,37
10/9/2018 14:46,WS Outbound-DCL Inbound,Union,37
10/9/2018 14:46,WS Outbound-DCL Inbound,Union,37
10/9/2018 14:46,WS Outbound-DCL Inbound,Union,37
10/9/2018 14:46,WS Outbound-DCL Inbound,Union,37
10/9/2018 14:47,WS Outbound-DCL Inbound,Union,37
10/9/2018 14:47,WS Outbound-DCL Inbound,Union,37
10/9/2018 14:47,WS Outbound-DCL Inbound,Union,37
10/9/2018 14:47,WS Outbound-DCL Inbound,Union,37
10/9/2018 14:47,WS Outbound-DCL Inbound,Union,37
10/9/2018 14:47,WS Outbound-DCL Inbound,Union,37
10/9/2018 14:47,WS Outbound-DCL Inbound,Union,37
10/9/2018 14:47,WS Outbound-DCL Inbound,Union,37
10/9/2018 14:47,WS Outbound-DCL Inbound,Union,37
10/9/2018 14:47,WS Outbound-DCL Inbound,Union,37
10/9/2018 14:47,WS Outbound-DCL Inbound,Union,37
10/9/2018 14:47,WS Outbound-DCL Inbound,Union,37
10/9/2018 14:53,WS Outbound-DCL Inbound,Main and Schiller OB,55
10/9/2018 14:53,WS Outbound-DCL Inbound,Main and Schiller OB,55
10/9/2018 14:55,WS Outbound-DCL Inbound,Main and Cedar OB,55
10/9/2018 15:03,WS Outbound-DCL Inbound,UDC,55
10/9/2018 15:03,WS Outbound-DCL Inbound,UDC,55
10/9/2018 15:03,WS Outbound-DCL Inbound,UDC,55
10/9/2018 15:04,WS Outbound-DCL Inbound,Main and Schiller OB,37
10/9/2018 15:04,WS Outbound-DCL Inbound,Main and Schiller OB,37
10/9/2018 15:07,WS Outbound-DCL Inbound,Leroy St and Murray IB,55
10/9/2018 15:07,WS Outbound-DCL Inbound,Main and Cedar OB,37
10/9/2018 15:07,WS Outbound-DCL Inbound,Main and Cedar OB,37
10/9/2018 15:08,WS Outbound-DCL Inbound,Leroy St and Chestnut IB,55
10/9/2018 15:08,WS Outbound-DCL Inbound,Leroy St and Chestnut IB,55
10/9/2018 15:08,WS Outbound-DCL Inbound,Leroy St and Chestnut IB,55
10/9/2018 15:08,WS Outbound-DCL Inbound,Leroy St and Chestnut IB,55
10/9/2018 15:11,WS Outbound-DCL Inbound,Riverside and Beethoven,55
10/9/2018 15:16,WS Outbound-DCL Inbound,Union,526
10/9/2018 15:16,WS Outbound-DCL Inbound,Union,526
10/9/2018 15:16,WS Outbound-DCL Inbound,Union,526
10/9/2018 15:16,WS Outbound-DCL Inbound,Union,526
10/9/2018 15:16,WS Outbound-DCL Inbound,Union,526
10/9/2018 15:16,WS Outbound-DCL Inbound,Union,526
10/9/2018 15:16,WS Outbound-DCL Inbound,Union,526
10/9/2018 15:17,WS Outbound-DCL Inbound,Union,526
10/9/2018 15:17,WS Outbound-DCL Inbound,Union,526
10/9/2018 15:17,WS Outbound-DCL Inbound,Union,526
10/9/2018 15:17,WS Outbound-DCL Inbound,Union,526
10/9/2018 15:17,WS Outbound-DCL Inbound,Union,526
10/9/2018 15:17,WS Outbound-DCL Inbound,Union,526
10/9/2018 15:17,WS Outbound-DCL Inbound,Union,526
10/9/2018 15:17,WS Outbound-DCL Inbound,Union,526
10/9/2018 15:17,WS Outbound-DCL Inbound,Union,526
10/9/2018 15:17,WS Outbound-DCL Inbound,Union,526
10/9/2018 15:17,WS Outbound-DCL Inbound,Union,526
10/9/2018 15:17,WS Outbound-DCL Inbound,Union,526
10/9/2018 15:17,WS Outbound-DCL Inbound,Union,526
10/9/2018 15:17,WS Outbound-DCL Inbound,Union,526
10/9/2018 15:17,WS Outbound-DCL Inbound,Union,526
10/9/2018 15:17,WS Outbound-DCL Inbound,Union,526
10/9/2018 15:17,WS Outbound-DCL Inbound,Union,526
10/9/2018 15:17,WS Outbound-DCL Inbound,Union,526
10/9/2018 15:17,WS Outbound-DCL Inbound,Union,526
10/9/2018 15:17,WS Outbound-DCL Inbound,Union,526
10/9/2018 15:17,WS Outbound-DCL Inbound,Union,526
10/9/2018 15:17,WS Outbound-DCL Inbound,Union,526
10/9/2018 15:17,WS Outbound-DCL Inbound,Union,526
10/9/2018 15:17,WS Outbound-DCL Inbound,Union,526
10/9/2018 15:17,WS Outbound-DCL Inbound,Union,526
10/9/2018 15:17,WS Outbound-DCL Inbound,Union,526
10/9/2018 15:17,WS Outbound-DCL Inbound,Union,526
10/9/2018 15:17,WS Outbound-DCL Inbound,Leroy St and Murray IB,37
10/9/2018 15:17,WS Outbound-DCL Inbound,Union,526
10/9/2018 15:17,WS Outbound-DCL Inbound,Union,526
10/9/2018 15:18,WS Outbound-DCL Inbound,Leroy St and Murray IB,37
10/9/2018 15:18,WS Outbound-DCL Inbound,Union,526
10/9/2018 15:18,WS Outbound-DCL Inbound,Union,526
10/9/2018 15:18,WS Outbound-DCL Inbound,Union,526
10/9/2018 15:18,WS Outbound-DCL Inbound,Union,526
10/9/2018 15:18,WS Outbound-DCL Inbound,Union,526
10/9/2018 15:18,WS Outbound-DCL Inbound,Union,526
10/9/2018 15:18,WS Outbound-DCL Inbound,Union,526
10/9/2018 15:18,WS Outbound-DCL Inbound,Union,526
10/9/2018 15:18,WS Outbound-DCL Inbound,Union,526
10/9/2018 15:18,WS Outbound-DCL Inbound,Union,526
10/9/2018 15:18,WS Outbound-DCL Inbound,Union,526
10/9/2018 15:18,WS Outbound-DCL Inbound,Union,526
10/9/2018 15:18,WS Outbound-DCL Inbound,Leroy St and Chestnut OB,37
10/9/2018 15:18,WS Outbound-DCL Inbound,Union,526
10/9/2018 15:18,WS Outbound-DCL Inbound,Union,526
10/9/2018 15:18,WS Outbound-DCL Inbound,Union,526
10/9/2018 15:18,WS Outbound-DCL Inbound,Union,526
10/9/2018 15:18,WS Outbound-DCL Inbound,Union,526
10/9/2018 15:18,WS Outbound-DCL Inbound,Union,526
10/9/2018 15:26,WS Outbound-DCL Inbound,Union,21
10/9/2018 15:26,WS Outbound-DCL Inbound,Union,21
10/9/2018 15:26,WS Outbound-DCL Inbound,Union,21
10/9/2018 15:27,WS Outbound-DCL Inbound,Union,21
10/9/2018 15:27,WS Outbound-DCL Inbound,Union,21
10/9/2018 15:27,WS Outbound-DCL Inbound,Union,21
10/9/2018 15:27,WS Outbound-DCL Inbound,Union,21
10/9/2018 15:27,WS Outbound-DCL Inbound,Union,21
10/9/2018 15:27,WS Outbound-DCL Inbound,Union,21
10/9/2018 15:27,WS Outbound-DCL Inbound,Union,21
10/9/2018 15:27,WS Outbound-DCL Inbound,Union,21
10/9/2018 15:27,WS Outbound-DCL Inbound,Union,21
10/9/2018 15:28,WS Outbound-DCL Inbound,Union,21
10/9/2018 15:30,WS Outbound-DCL Inbound,Union,21
10/9/2018 15:30,WS Outbound-DCL Inbound,Union,21
10/9/2018 15:30,WS Outbound-DCL Inbound,Floral and Cleveland IB,526
10/9/2018 15:37,WS Outbound-DCL Inbound,Main and Clarke OB,526
10/9/2018 15:39,WS Outbound-DCL Inbound,Main and Murray OB,526
10/9/2018 15:39,WS Outbound-DCL Inbound,Main and Murray OB,526
10/9/2018 15:45,WS Outbound-DCL Inbound,Main and Helen OB,21
10/9/2018 15:45,WS Outbound-DCL Inbound,Main and Helen OB,21
10/9/2018 15:47,WS Outbound-DCL Inbound,Leroy St and Murray IB,526
10/9/2018 15:48,WS Outbound-DCL Inbound,Leroy St and Murray IB,526
10/9/2018 15:48,WS Outbound-DCL Inbound,Leroy St and Murray IB,526
10/9/2018 15:48,WS Outbound-DCL Inbound,Leroy St and Murray IB,526
10/9/2018 15:48,WS Outbound-DCL Inbound,Leroy St and Murray IB,526
10/9/2018 15:48,WS Outbound-DCL Inbound,Leroy St and Murray IB,526
10/9/2018 15:48,WS Outbound-DCL Inbound,Leroy St and Murray IB,526
10/9/2018 15:48,WS Outbound-DCL Inbound,Leroy St and Murray IB,526
10/9/2018 15:48,WS Outbound-DCL Inbound,Leroy St and Murray IB,526
10/9/2018 15:48,WS Outbound-DCL Inbound,Main and Arthur,21
10/9/2018 15:49,WS Outbound-DCL Inbound,Leroy St and Chestnut IB,526
10/9/2018 15:49,WS Outbound-DCL Inbound,Leroy St and Chestnut IB,526
10/9/2018 15:49,WS Outbound-DCL Inbound,Leroy St and Chestnut IB,526
10/9/2018 15:50,WS Outbound-DCL Inbound,Leroy St and Laurel IB,526
10/9/2018 15:52,WS Outbound-DCL Inbound,UDC,21
10/9/2018 15:52,WS Outbound-DCL Inbound,UDC,21
10/9/2018 15:52,WS Outbound-DCL Inbound,UDC,21
10/9/2018 15:52,WS Outbound-DCL Inbound,UDC,21
10/9/2018 15:52,WS Outbound-DCL Inbound,UDC,21
10/9/2018 15:52,WS Outbound-DCL Inbound,UDC,21
10/9/2018 15:53,WS Outbound-DCL Inbound,UDC,21
10/9/2018 15:54,WS Outbound-DCL Inbound,UDC,21
10/9/2018 15:57,WS Outbound-DCL Inbound,Union,37
10/9/2018 15:57,WS Outbound-DCL Inbound,Union,37
10/9/2018 15:57,WS Outbound-DCL Inbound,Union,37
10/9/2018 15:57,WS Outbound-DCL Inbound,Union,37
10/9/2018 15:57,WS Outbound-DCL Inbound,Union,37
10/9/2018 15:57,WS Outbound-DCL Inbound,Union,37
10/9/2018 15:57,WS Outbound-DCL Inbound,Union,37
10/9/2018 15:57,WS Outbound-DCL Inbound,Union,37
10/9/2018 15:57,WS Outbound-DCL Inbound,Union,37
10/9/2018 15:57,WS Outbound-DCL Inbound,Union,37
10/9/2018 15:57,WS Outbound-DCL Inbound,Union,37
10/9/2018 15:57,WS Outbound-DCL Inbound,Union,37
10/9/2018 15:57,WS Outbound-DCL Inbound,Union,37
10/9/2018 15:57,WS Outbound-DCL Inbound,Union,37
10/9/2018 15:57,WS Outbound-DCL Inbound,Union,37
10/9/2018 15:57,WS Outbound-DCL Inbound,Union,37
10/9/2018 15:57,WS Outbound-DCL Inbound,Union,37
10/9/2018 15:58,WS Outbound-DCL Inbound,Union,37
10/9/2018 15:58,WS Outbound-DCL Inbound,Union,37
10/9/2018 15:58,WS Outbound-DCL Inbound,Union,37
10/9/2018 15:58,WS Outbound-DCL Inbound,Union,37
10/9/2018 15:58,WS Outbound-DCL Inbound,Union,37
10/9/2018 15:58,WS Outbound-DCL Inbound,Union,37
10/9/2018 15:59,WS Outbound-DCL Inbound,Union,37
10/9/2018 15:59,WS Outbound-DCL Inbound,Union,37
10/9/2018 15:59,WS Outbound-DCL Inbound,Union,37
10/9/2018 15:59,WS Outbound-DCL Inbound,Union,37
10/9/2018 15:59,WS Outbound-DCL Inbound,Union,37
10/9/2018 16:00,WS Outbound-DCL Inbound,Leroy St and Front,21
10/9/2018 16:00,WS Outbound-DCL Inbound,Union,37
10/9/2018 16:00,WS Outbound-DCL Inbound,Union,37
10/9/2018 16:00,WS Outbound-DCL Inbound,Union,37
10/9/2018 16:01,WS Outbound-DCL Inbound,Leroy St and Murray IB,21
10/9/2018 16:01,WS Outbound-DCL Inbound,Leroy St and Murray IB,21
10/9/2018 16:01,WS Outbound-DCL Inbound,Leroy St and Murray IB,21
10/9/2018 16:01,WS Outbound-DCL Inbound,Leroy St and Murray IB,21
10/9/2018 16:01,WS Outbound-DCL Inbound,Leroy St and Murray IB,21
10/9/2018 16:02,WS Outbound-DCL Inbound,Leroy St and Chestnut IB,21
10/9/2018 16:02,WS Outbound-DCL Inbound,Leroy St and Chestnut IB,21
10/9/2018 16:02,WS Outbound-DCL Inbound,Leroy St and Chestnut IB,21
10/9/2018 16:02,WS Outbound-DCL Inbound,Leroy St and Chestnut IB,21
10/9/2018 16:02,WS Outbound-DCL Inbound,Leroy St and Chestnut IB,21
10/9/2018 16:02,WS Outbound-DCL Inbound,Leroy St and Chestnut IB,21
10/9/2018 16:02,WS Outbound-DCL Inbound,Leroy St and Chestnut IB,21
10/9/2018 16:03,WS Outbound-DCL Inbound,Physical Facilities,37
10/9/2018 16:11,WS Outbound-DCL Inbound,Floral and Cleveland OB,37
10/9/2018 16:13,WS Outbound-DCL Inbound,Union,528
10/9/2018 16:13,WS Outbound-DCL Inbound,Union,528
10/9/2018 16:14,WS Outbound-DCL Inbound,Union,528
10/9/2018 16:14,WS Outbound-DCL Inbound,Union,528
10/9/2018 16:14,WS Outbound-DCL Inbound,Union,528
10/9/2018 16:14,WS Outbound-DCL Inbound,Union,528
10/9/2018 16:14,WS Outbound-DCL Inbound,Union,528
10/9/2018 16:14,WS Outbound-DCL Inbound,Union,528
10/9/2018 16:14,WS Outbound-DCL Inbound,Union,528
10/9/2018 16:14,WS Outbound-DCL Inbound,Union,528
10/9/2018 16:14,WS Outbound-DCL Inbound,Union,528
10/9/2018 16:14,WS Outbound-DCL Inbound,Union,528
10/9/2018 16:14,WS Outbound-DCL Inbound,Union,528
10/9/2018 16:14,WS Outbound-DCL Inbound,Union,528
10/9/2018 16:14,WS Outbound-DCL Inbound,Union,528
10/9/2018 16:14,WS Outbound-DCL Inbound,Union,528
10/9/2018 16:14,WS Outbound-DCL Inbound,Union,528
10/9/2018 16:14,WS Outbound-DCL Inbound,Union,528
10/9/2018 16:14,WS Outbound-DCL Inbound,Union,528
10/9/2018 16:14,WS Outbound-DCL Inbound,Union,528
10/9/2018 16:15,WS Outbound-DCL Inbound,Union,528
10/9/2018 16:15,WS Outbound-DCL Inbound,Union,528
10/9/2018 16:15,WS Outbound-DCL Inbound,Union,528
10/9/2018 16:15,WS Outbound-DCL Inbound,Union,528
10/9/2018 16:15,WS Outbound-DCL Inbound,Union,528
10/9/2018 16:15,WS Outbound-DCL Inbound,Union,528
10/9/2018 16:15,WS Outbound-DCL Inbound,Union,528
10/9/2018 16:15,WS Outbound-DCL Inbound,Union,528
10/9/2018 16:15,WS Outbound-DCL Inbound,Union,528
10/9/2018 16:15,WS Outbound-DCL Inbound,Union,528
10/9/2018 16:15,WS Outbound-DCL Inbound,Union,528
10/9/2018 16:20,WS Outbound-DCL Inbound,Physical Facilities,528
10/9/2018 16:20,WS Outbound-DCL Inbound,Physical Facilities,528
10/9/2018 16:22,WS Outbound-DCL Inbound,UDC,37
10/9/2018 16:29,WS Outbound-DCL Inbound,Union,526
10/9/2018 16:29,WS Outbound-DCL Inbound,Union,526
10/9/2018 16:29,WS Outbound-DCL Inbound,Union,526
10/9/2018 16:29,WS Outbound-DCL Inbound,Union,526
10/9/2018 16:29,WS Outbound-DCL Inbound,Union,526
10/9/2018 16:29,WS Outbound-DCL Inbound,Union,526
10/9/2018 16:29,WS Outbound-DCL Inbound,Union,526
10/9/2018 16:29,WS Outbound-DCL Inbound,Union,526
10/9/2018 16:30,WS Outbound-DCL Inbound,Floral and Main OB,528
10/9/2018 16:30,WS Outbound-DCL Inbound,Floral and Main OB,528
10/9/2018 16:30,WS Outbound-DCL Inbound,Union,526
10/9/2018 16:30,WS Outbound-DCL Inbound,Union,526
10/9/2018 16:30,WS Outbound-DCL Inbound,Union,526
10/9/2018 16:30,WS Outbound-DCL Inbound,Union,526
10/9/2018 16:30,WS Outbound-DCL Inbound,Union,526
10/9/2018 16:30,WS Outbound-DCL Inbound,Union,526
10/9/2018 16:30,WS Outbound-DCL Inbound,Union,526
10/9/2018 16:30,WS Outbound-DCL Inbound,Union,526
10/9/2018 16:30,WS Outbound-DCL Inbound,Union,526
10/9/2018 16:30,WS Outbound-DCL Inbound,Union,526
10/9/2018 16:30,WS Outbound-DCL Inbound,Union,526
10/9/2018 16:30,WS Outbound-DCL Inbound,Union,526
10/9/2018 16:30,WS Outbound-DCL Inbound,Union,526
10/9/2018 16:30,WS Outbound-DCL Inbound,Union,526
10/9/2018 16:30,WS Outbound-DCL Inbound,Union,526
10/9/2018 16:30,WS Outbound-DCL Inbound,Union,526
10/9/2018 16:30,WS Outbound-DCL Inbound,Union,526
10/9/2018 16:30,WS Outbound-DCL Inbound,Union,526
10/9/2018 16:30,WS Outbound-DCL Inbound,Union,526
10/9/2018 16:30,WS Outbound-DCL Inbound,Union,526
10/9/2018 16:30,WS Outbound-DCL Inbound,Union,526
10/9/2018 16:30,WS Outbound-DCL Inbound,Union,526
10/9/2018 16:30,WS Outbound-DCL Inbound,Union,526
10/9/2018 16:30,WS Outbound-DCL Inbound,Union,526
10/9/2018 16:30,WS Outbound-DCL Inbound,Union,526
10/9/2018 16:30,WS Outbound-DCL Inbound,Union,526
10/9/2018 16:31,WS Outbound-DCL Inbound,Union,526
10/9/2018 16:31,WS Outbound-DCL Inbound,Union,526
10/9/2018 16:31,WS Outbound-DCL Inbound,Union,526
10/9/2018 16:31,WS Outbound-DCL Inbound,Union,526
10/9/2018 16:33,WS Outbound-DCL Inbound,Main and Cedar OB,528
10/9/2018 16:35,WS Outbound-DCL Inbound,Main and Murray OB,528
10/9/2018 16:35,WS Outbound-DCL Inbound,Main and Murray OB,528
10/9/2018 16:39,WS Outbound-DCL Inbound,UDC,528
10/9/2018 16:39,WS Outbound-DCL Inbound,UDC,528
10/9/2018 16:39,WS Outbound-DCL Inbound,UDC,528
10/9/2018 16:39,WS Outbound-DCL Inbound,UDC,528
10/9/2018 16:40,WS Outbound-DCL Inbound,UDC,528
10/9/2018 16:40,WS Outbound-DCL Inbound,UDC,528
10/9/2018 16:40,WS Outbound-DCL Inbound,UDC,528
10/9/2018 16:40,WS Outbound-DCL Inbound,UDC,528
10/9/2018 16:40,WS Outbound-DCL Inbound,UDC,528
10/9/2018 16:40,WS Outbound-DCL Inbound,UDC,528
10/9/2018 16:40,WS Outbound-DCL Inbound,UDC,528
10/9/2018 16:42,WS Outbound-DCL Inbound,Floral and Main OB,526
10/9/2018 16:43,WS Outbound-DCL Inbound,Leroy St and Front,528
10/9/2018 16:44,WS Outbound-DCL Inbound,Leroy St and Murray IB,528
10/9/2018 16:45,WS Outbound-DCL Inbound,Leroy St and Chestnut OB,528
10/9/2018 16:45,WS Outbound-DCL Inbound,Leroy St and Chestnut OB,528
10/9/2018 16:45,WS Outbound-DCL Inbound,Leroy St and Chestnut OB,528
10/9/2018 16:45,WS Outbound-DCL Inbound,Leroy St and Chestnut OB,528
10/9/2018 16:46,WS Outbound-DCL Inbound,Leroy St and Laurel IB,528
10/9/2018 16:49,WS Outbound-DCL Inbound,Union,55
10/9/2018 16:49,WS Outbound-DCL Inbound,Union,55
10/9/2018 16:49,WS Outbound-DCL Inbound,Union,55
10/9/2018 16:49,WS Outbound-DCL Inbound,Union,55
10/9/2018 16:49,WS Outbound-DCL Inbound,Union,55
10/9/2018 16:50,WS Outbound-DCL Inbound,Union,55
10/9/2018 16:50,WS Outbound-DCL Inbound,Union,55
10/9/2018 16:50,WS Outbound-DCL Inbound,Union,55
10/9/2018 16:50,WS Outbound-DCL Inbound,Union,55
10/9/2018 16:50,WS Outbound-DCL Inbound,Union,55
10/9/2018 16:50,WS Outbound-DCL Inbound,Union,55
10/9/2018 16:50,WS Outbound-DCL Inbound,Union,55
10/9/2018 16:50,WS Outbound-DCL Inbound,Union,55
10/9/2018 16:50,WS Outbound-DCL Inbound,Union,55
10/9/2018 16:50,WS Outbound-DCL Inbound,Union,55
10/9/2018 16:50,WS Outbound-DCL Inbound,Union,55
10/9/2018 16:50,WS Outbound-DCL Inbound,Union,55
10/9/2018 16:50,WS Outbound-DCL Inbound,Union,55
10/9/2018 16:50,WS Outbound-DCL Inbound,Union,55
10/9/2018 16:50,WS Outbound-DCL Inbound,Union,55
10/9/2018 16:51,WS Outbound-DCL Inbound,Union,55
10/9/2018 16:51,WS Outbound-DCL Inbound,Union,55
10/9/2018 16:51,WS Outbound-DCL Inbound,Union,55
10/9/2018 16:52,WS Outbound-DCL Inbound,Union,55
10/9/2018 16:54,WS Outbound-DCL Inbound,Physical Facilities,55
10/9/2018 16:55,WS Outbound-DCL Inbound,Denny's OB,55
10/9/2018 16:58,WS Outbound-DCL Inbound,Union,889
10/9/2018 16:58,WS Outbound-DCL Inbound,Union,889
10/9/2018 16:58,WS Outbound-DCL Inbound,Union,889
10/9/2018 16:58,WS Outbound-DCL Inbound,Union,889
10/9/2018 16:58,WS Outbound-DCL Inbound,Union,889
10/9/2018 16:58,WS Outbound-DCL Inbound,Union,889
10/9/2018 16:58,WS Outbound-DCL Inbound,Union,889
10/9/2018 16:58,WS Outbound-DCL Inbound,Union,889
10/9/2018 16:58,WS Outbound-DCL Inbound,Union,889
10/9/2018 16:58,WS Outbound-DCL Inbound,Union,889
10/9/2018 16:58,WS Outbound-DCL Inbound,Union,889
10/9/2018 16:58,WS Outbound-DCL Inbound,Union,889
10/9/2018 16:58,WS Outbound-DCL Inbound,Union,889
10/9/2018 16:58,WS Outbound-DCL Inbound,Union,889
10/9/2018 16:58,WS Outbound-DCL Inbound,Union,889
10/9/2018 16:58,WS Outbound-DCL Inbound,Union,528
10/9/2018 16:58,WS Outbound-DCL Inbound,Union,528
10/9/2018 16:58,WS Outbound-DCL Inbound,Union,889
10/9/2018 16:59,WS Outbound-DCL Inbound,Union,889
10/9/2018 16:59,WS Outbound-DCL Inbound,Union,889
10/9/2018 16:59,WS Outbound-DCL Inbound,Union,889
10/9/2018 16:59,WS Outbound-DCL Inbound,Union,889
10/9/2018 17:00,WS Outbound-DCL Inbound,Union,889
10/9/2018 17:00,WS Outbound-DCL Inbound,Union,889
10/9/2018 17:00,WS Outbound-DCL Inbound,Union,889
10/9/2018 17:02,WS Outbound-DCL Inbound,Floral and Cleveland IB,55
10/9/2018 17:06,WS Outbound-DCL Inbound,Main and Helen OB,55
10/9/2018 17:06,WS Outbound-DCL Inbound,Main and Helen OB,55
10/9/2018 17:13,WS Outbound-DCL Inbound,Main and Cedar OB,889
10/9/2018 17:14,WS Outbound-DCL Inbound,Union,891
10/9/2018 17:14,WS Outbound-DCL Inbound,Union,891
10/9/2018 17:14,WS Outbound-DCL Inbound,Union,891
10/9/2018 17:14,WS Outbound-DCL Inbound,Union,891
10/9/2018 17:14,WS Outbound-DCL Inbound,Union,891
10/9/2018 17:14,WS Outbound-DCL Inbound,Union,891
10/9/2018 17:14,WS Outbound-DCL Inbound,Union,891
10/9/2018 17:14,WS Outbound-DCL Inbound,Union,891
10/9/2018 17:15,WS Outbound-DCL Inbound,Union,891
10/9/2018 17:15,WS Outbound-DCL Inbound,Union,891
10/9/2018 17:15,WS Outbound-DCL Inbound,Union,891
10/9/2018 17:15,WS Outbound-DCL Inbound,Union,891
10/9/2018 17:16,WS Outbound-DCL Inbound,Union,891
10/9/2018 17:16,WS Outbound-DCL Inbound,Union,891
10/9/2018 17:16,WS Outbound-DCL Inbound,UDC,55
10/9/2018 17:16,WS Outbound-DCL Inbound,UDC,55
10/9/2018 17:17,WS Outbound-DCL Inbound,Union,891
10/9/2018 17:17,WS Outbound-DCL Inbound,Union,891
10/9/2018 17:17,WS Outbound-DCL Inbound,Union,891
10/9/2018 17:20,WS Outbound-DCL Inbound,Leroy St and Front,55
10/9/2018 17:22,WS Outbound-DCL Inbound,Leroy St and Murray IB,55
10/9/2018 17:22,WS Outbound-DCL Inbound,Leroy St and Murray IB,55
10/9/2018 17:22,WS Outbound-DCL Inbound,Leroy St and Murray IB,55
10/9/2018 17:23,WS Outbound-DCL Inbound,Leroy St and Chestnut IB,55
10/9/2018 17:23,WS Outbound-DCL Inbound,Leroy St and Chestnut IB,55
10/9/2018 17:23,WS Outbound-DCL Inbound,UDC,889
10/9/2018 17:24,WS Outbound-DCL Inbound,UDC,889
10/9/2018 17:25,WS Outbound-DCL Inbound,Beethoven and Leroy,55
10/9/2018 17:26,WS Outbound-DCL Inbound,Floral and Cleveland OB,891
10/9/2018 17:31,WS Outbound-DCL Inbound,Main and Clarke IB,891
10/9/2018 17:37,WS Outbound-DCL Inbound,UDC,891
10/9/2018 17:38,WS Outbound-DCL Inbound,UDC,891
10/9/2018 17:38,WS Outbound-DCL Inbound,UDC,891
10/9/2018 17:38,WS Outbound-DCL Inbound,UDC,891
10/9/2018 17:38,WS Outbound-DCL Inbound,Union,889
10/9/2018 17:38,WS Outbound-DCL Inbound,Union,889
10/9/2018 17:38,WS Outbound-DCL Inbound,Union,889
10/9/2018 17:38,WS Outbound-DCL Inbound,Union,889
10/9/2018 17:38,WS Outbound-DCL Inbound,Union,889
10/9/2018 17:38,WS Outbound-DCL Inbound,Union,889
10/9/2018 17:38,WS Outbound-DCL Inbound,Union,889
10/9/2018 17:39,WS Outbound-DCL Inbound,Union,889
10/9/2018 17:39,WS Outbound-DCL Inbound,Union,889
10/9/2018 17:39,WS Outbound-DCL Inbound,Union,889
10/9/2018 17:39,WS Outbound-DCL Inbound,Union,889
10/9/2018 17:39,WS Outbound-DCL Inbound,Union,889
10/9/2018 17:39,WS Outbound-DCL Inbound,Union,889
10/9/2018 17:39,WS Outbound-DCL Inbound,Union,889
10/9/2018 17:39,WS Outbound-DCL Inbound,Union,889
10/9/2018 17:39,WS Outbound-DCL Inbound,Union,889
10/9/2018 17:39,WS Outbound-DCL Inbound,Union,889
10/9/2018 17:39,WS Outbound-DCL Inbound,Union,889
10/9/2018 17:39,WS Outbound-DCL Inbound,Union,889
10/9/2018 17:39,WS Outbound-DCL Inbound,Union,889
10/9/2018 17:39,WS Outbound-DCL Inbound,Union,889
10/9/2018 17:39,WS Outbound-DCL Inbound,Union,889
10/9/2018 17:39,WS Outbound-DCL Inbound,Union,889
10/9/2018 17:39,WS Outbound-DCL Inbound,Union,889
10/9/2018 17:39,WS Outbound-DCL Inbound,Union,889
10/9/2018 17:39,WS Outbound-DCL Inbound,Union,889
10/9/2018 17:39,WS Outbound-DCL Inbound,Union,889
10/9/2018 17:39,WS Outbound-DCL Inbound,Union,889
10/9/2018 17:39,WS Outbound-DCL Inbound,Union,889
10/9/2018 17:39,WS Outbound-DCL Inbound,Union,889
10/9/2018 17:39,WS Outbound-DCL Inbound,Union,889
10/9/2018 17:39,WS Outbound-DCL Inbound,Union,889
10/9/2018 17:39,WS Outbound-DCL Inbound,Union,889
10/9/2018 17:39,WS Outbound-DCL Inbound,Union,889
10/9/2018 17:40,WS Outbound-DCL Inbound,Union,889
10/9/2018 17:40,WS Outbound-DCL Inbound,Union,889
10/9/2018 17:40,WS Outbound-DCL Inbound,Union,889
10/9/2018 17:40,WS Outbound-DCL Inbound,Union,889
10/9/2018 17:40,WS Outbound-DCL Inbound,Union,889
10/9/2018 17:40,WS Outbound-DCL Inbound,Union,889
10/9/2018 17:40,WS Outbound-DCL Inbound,Union,889
10/9/2018 17:40,WS Outbound-DCL Inbound,Union,889
10/9/2018 17:40,WS Outbound-DCL Inbound,Union,889
10/9/2018 17:40,WS Outbound-DCL Inbound,Union,889
10/9/2018 17:40,WS Outbound-DCL Inbound,Union,889
10/9/2018 17:40,WS Outbound-DCL Inbound,Union,889
10/9/2018 17:40,WS Outbound-DCL Inbound,Union,889
10/9/2018 17:40,WS Outbound-DCL Inbound,Union,889
10/9/2018 17:40,WS Outbound-DCL Inbound,Union,889
10/9/2018 17:42,WS Outbound-DCL Inbound,Union,889
10/9/2018 17:43,WS Outbound-DCL Inbound,Union,889
10/9/2018 17:43,WS Outbound-DCL Inbound,Leroy St and Front,891
10/9/2018 17:43,WS Outbound-DCL Inbound,Leroy St and Front,891
10/9/2018 17:43,WS Outbound-DCL Inbound,Leroy St and Front,891
10/9/2018 17:43,WS Outbound-DCL Inbound,Union,528
10/9/2018 17:44,WS Outbound-DCL Inbound,Union,528
10/9/2018 17:44,WS Outbound-DCL Inbound,Union,528
10/9/2018 17:44,WS Outbound-DCL Inbound,Union,528
10/9/2018 17:44,WS Outbound-DCL Inbound,Union,528
10/9/2018 17:44,WS Outbound-DCL Inbound,Union,528
10/9/2018 17:44,WS Outbound-DCL Inbound,Union,528
10/9/2018 17:44,WS Outbound-DCL Inbound,Union,528
10/9/2018 17:44,WS Outbound-DCL Inbound,Union,528
10/9/2018 17:44,WS Outbound-DCL Inbound,Union,528
10/9/2018 17:48,WS Outbound-DCL Inbound,Physical Facilities,528
10/9/2018 17:48,WS Outbound-DCL Inbound,Physical Facilities,528
10/9/2018 17:48,WS Outbound-DCL Inbound,Physical Facilities,528
10/9/2018 17:48,WS Outbound-DCL Inbound,Physical Facilities,528
10/9/2018 17:48,WS Outbound-DCL Inbound,Physical Facilities,528
10/9/2018 18:01,WS Outbound-DCL Inbound,Main and Arthur,528
10/9/2018 18:02,WS Outbound-DCL Inbound,Union,37
10/9/2018 18:02,WS Outbound-DCL Inbound,Union,37
10/9/2018 18:02,WS Outbound-DCL Inbound,Union,37
10/9/2018 18:02,WS Outbound-DCL Inbound,Union,37
10/9/2018 18:02,WS Outbound-DCL Inbound,Union,37
10/9/2018 18:02,WS Outbound-DCL Inbound,Union,37
10/9/2018 18:02,WS Outbound-DCL Inbound,Union,37
10/9/2018 18:02,WS Outbound-DCL Inbound,Union,37
10/9/2018 18:02,WS Outbound-DCL Inbound,Union,37
10/9/2018 18:02,WS Outbound-DCL Inbound,Union,37
10/9/2018 18:02,WS Outbound-DCL Inbound,Union,37
10/9/2018 18:02,WS Outbound-DCL Inbound,Union,37
10/9/2018 18:02,WS Outbound-DCL Inbound,Union,37
10/9/2018 18:02,WS Outbound-DCL Inbound,Union,37
10/9/2018 18:02,WS Outbound-DCL Inbound,Union,37
10/9/2018 18:02,WS Outbound-DCL Inbound,Union,37
10/9/2018 18:02,WS Outbound-DCL Inbound,Union,37
10/9/2018 18:02,WS Outbound-DCL Inbound,Main and Murray OB,528
10/9/2018 18:02,WS Outbound-DCL Inbound,Union,37
10/9/2018 18:02,WS Outbound-DCL Inbound,Union,37
10/9/2018 18:02,WS Outbound-DCL Inbound,Union,37
10/9/2018 18:02,WS Outbound-DCL Inbound,Union,37
10/9/2018 18:02,WS Outbound-DCL Inbound,Union,37
10/9/2018 18:02,WS Outbound-DCL Inbound,Union,37
10/9/2018 18:03,WS Outbound-DCL Inbound,Union,37
10/9/2018 18:03,WS Outbound-DCL Inbound,Union,37
10/9/2018 18:03,WS Outbound-DCL Inbound,Union,37
10/9/2018 18:03,WS Outbound-DCL Inbound,Union,37
10/9/2018 18:03,WS Outbound-DCL Inbound,Union,37
10/9/2018 18:03,WS Outbound-DCL Inbound,Union,37
10/9/2018 18:03,WS Outbound-DCL Inbound,Union,37
10/9/2018 18:03,WS Outbound-DCL Inbound,Union,37
10/9/2018 18:03,WS Outbound-DCL Inbound,Union,37
10/9/2018 18:03,WS Outbound-DCL Inbound,Union,37
10/9/2018 18:03,WS Outbound-DCL Inbound,Union,37
10/9/2018 18:03,WS Outbound-DCL Inbound,Union,37
10/9/2018 18:03,WS Outbound-DCL Inbound,Union,37
10/9/2018 18:03,WS Outbound-DCL Inbound,Union,37
10/9/2018 18:03,WS Outbound-DCL Inbound,Union,37
10/9/2018 18:03,WS Outbound-DCL Inbound,Union,37
10/9/2018 18:03,WS Outbound-DCL Inbound,Union,37
10/9/2018 18:03,WS Outbound-DCL Inbound,Union,37
10/9/2018 18:03,WS Outbound-DCL Inbound,Union,37
10/9/2018 18:03,WS Outbound-DCL Inbound,Union,37
10/9/2018 18:03,WS Outbound-DCL Inbound,Union,37
10/9/2018 18:03,WS Outbound-DCL Inbound,Union,37
10/9/2018 18:03,WS Outbound-DCL Inbound,Union,37
10/9/2018 18:03,WS Outbound-DCL Inbound,Union,37
10/9/2018 18:04,WS Outbound-DCL Inbound,Union,37
10/9/2018 18:04,WS Outbound-DCL Inbound,Union,37
10/9/2018 18:04,WS Outbound-DCL Inbound,Union,37
10/9/2018 18:04,WS Outbound-DCL Inbound,Union,37
10/9/2018 18:04,WS Outbound-DCL Inbound,Union,37
10/9/2018 18:06,WS Outbound-DCL Inbound,UDC,528
10/9/2018 18:06,WS Outbound-DCL Inbound,UDC,528
10/9/2018 18:06,WS Outbound-DCL Inbound,UDC,528
10/9/2018 18:07,WS Outbound-DCL Inbound,UDC,528
10/9/2018 18:08,WS Outbound-DCL Inbound,UDC,889
10/9/2018 18:10,WS Outbound-DCL Inbound,UDC,889
10/9/2018 18:13,WS Outbound-DCL Inbound,Leroy St and Front,889
10/9/2018 18:14,WS Outbound-DCL Inbound,Leroy St and Murray IB,889
10/9/2018 18:14,WS Outbound-DCL Inbound,Leroy St and Murray IB,889
10/9/2018 18:15,WS Outbound-DCL Inbound,Leroy St and Chestnut IB,889
10/9/2018 18:15,WS Outbound-DCL Inbound,Leroy St and Chestnut IB,889
10/9/2018 18:15,WS Outbound-DCL Inbound,Leroy St and Chestnut IB,889
10/9/2018 18:15,WS Outbound-DCL Inbound,Leroy St and Chestnut IB,889
10/9/2018 18:20,WS Outbound-DCL Inbound,Main and Helen OB,37
10/9/2018 18:20,WS Outbound-DCL Inbound,Main and Helen OB,37
10/9/2018 18:21,WS Outbound-DCL Inbound,Union,21
10/9/2018 18:21,WS Outbound-DCL Inbound,Union,21
10/9/2018 18:21,WS Outbound-DCL Inbound,Union,21
10/9/2018 18:21,WS Outbound-DCL Inbound,Union,21
10/9/2018 18:22,WS Outbound-DCL Inbound,Union,21
10/9/2018 18:22,WS Outbound-DCL Inbound,Union,21
10/9/2018 18:22,WS Outbound-DCL Inbound,Union,21
10/9/2018 18:22,WS Outbound-DCL Inbound,Union,21
10/9/2018 18:22,WS Outbound-DCL Inbound,Union,21
10/9/2018 18:22,WS Outbound-DCL Inbound,Union,21
10/9/2018 18:22,WS Outbound-DCL Inbound,Union,21
10/9/2018 18:22,WS Outbound-DCL Inbound,Union,21
10/9/2018 18:22,WS Outbound-DCL Inbound,Union,21
10/9/2018 18:22,WS Outbound-DCL Inbound,Union,21
10/9/2018 18:22,WS Outbound-DCL Inbound,Union,21
10/9/2018 18:22,WS Outbound-DCL Inbound,Union,21
10/9/2018 18:22,WS Outbound-DCL Inbound,Union,21
10/9/2018 18:22,WS Outbound-DCL Inbound,Union,21
10/9/2018 18:22,WS Outbound-DCL Inbound,Union,21
10/9/2018 18:22,WS Outbound-DCL Inbound,Union,21
10/9/2018 18:22,WS Outbound-DCL Inbound,Union,21
10/9/2018 18:22,WS Outbound-DCL Inbound,Union,21
10/9/2018 18:22,WS Outbound-DCL Inbound,Union,21
10/9/2018 18:22,WS Outbound-DCL Inbound,Union,21
10/9/2018 18:22,WS Outbound-DCL Inbound,Union,21
10/9/2018 18:22,WS Outbound-DCL Inbound,Union,21
10/9/2018 18:22,WS Outbound-DCL Inbound,Union,21
10/9/2018 18:22,WS Outbound-DCL Inbound,Union,21
10/9/2018 18:22,WS Outbound-DCL Inbound,Union,21
10/9/2018 18:22,WS Outbound-DCL Inbound,Union,21
10/9/2018 18:22,WS Outbound-DCL Inbound,Union,21
10/9/2018 18:22,WS Outbound-DCL Inbound,Union,21
10/9/2018 18:22,WS Outbound-DCL Inbound,Union,21
10/9/2018 18:22,WS Outbound-DCL Inbound,Union,21
10/9/2018 18:22,WS Outbound-DCL Inbound,Union,21
10/9/2018 18:23,WS Outbound-DCL Inbound,Union,21
10/9/2018 18:23,WS Outbound-DCL Inbound,Union,21
10/9/2018 18:23,WS Outbound-DCL Inbound,Union,21
10/9/2018 18:25,WS Outbound-DCL Inbound,Physical Facilities,21
10/9/2018 18:28,WS Outbound-DCL Inbound,Mohawk,889
10/9/2018 18:28,WS Outbound-DCL Inbound,Mohawk,889
10/9/2018 18:28,WS Outbound-DCL Inbound,Mohawk,889
10/9/2018 18:29,WS Outbound-DCL Inbound,Mohawk,889
10/9/2018 18:29,WS Outbound-DCL Inbound,Mohawk,889
10/9/2018 18:29,WS Outbound-DCL Inbound,Mohawk,889
10/9/2018 18:29,WS Outbound-DCL Inbound,Mohawk,889
10/9/2018 18:29,WS Outbound-DCL Inbound,Mohawk,889
10/9/2018 18:30,WS Outbound-DCL Inbound,UDC,37
10/9/2018 18:30,WS Outbound-DCL Inbound,Mohawk,889
10/9/2018 18:31,WS Outbound-DCL Inbound,Mohawk,889
10/9/2018 18:34,WS Outbound-DCL Inbound,Union,55
10/9/2018 18:34,WS Outbound-DCL Inbound,Union,55
10/9/2018 18:34,WS Outbound-DCL Inbound,Union,55
10/9/2018 18:34,WS Outbound-DCL Inbound,Union,55
10/9/2018 18:34,WS Outbound-DCL Inbound,Union,55
10/9/2018 18:34,WS Outbound-DCL Inbound,Union,55
10/9/2018 18:34,WS Outbound-DCL Inbound,Union,55
10/9/2018 18:34,WS Outbound-DCL Inbound,Union,55
10/9/2018 18:34,WS Outbound-DCL Inbound,Union,55
10/9/2018 18:34,WS Outbound-DCL Inbound,Union,55
10/9/2018 18:34,WS Outbound-DCL Inbound,Union,55
10/9/2018 18:34,WS Outbound-DCL Inbound,Union,55
10/9/2018 18:34,WS Outbound-DCL Inbound,Union,55
10/9/2018 18:34,WS Outbound-DCL Inbound,Union,55
10/9/2018 18:34,WS Outbound-DCL Inbound,Union,55
10/9/2018 18:34,WS Outbound-DCL Inbound,Union,55
10/9/2018 18:34,WS Outbound-DCL Inbound,Union,55
10/9/2018 18:34,WS Outbound-DCL Inbound,Union,55
10/9/2018 18:34,WS Outbound-DCL Inbound,Union,55
10/9/2018 18:35,WS Outbound-DCL Inbound,Union,55
10/9/2018 18:36,WS Outbound-DCL Inbound,Main and Schiller OB,21
10/9/2018 18:36,WS Outbound-DCL Inbound,Main and Schiller OB,21
10/9/2018 18:36,WS Outbound-DCL Inbound,Newing,889
10/9/2018 18:37,WS Outbound-DCL Inbound,East Gym,889
10/9/2018 18:40,WS Outbound-DCL Inbound,Main and Murray OB,21
10/9/2018 18:41,WS Outbound-DCL Inbound,UP,889
10/9/2018 18:41,WS Outbound-DCL Inbound,UP,889
10/9/2018 18:41,WS Outbound-DCL Inbound,UP,889
10/9/2018 18:41,WS Outbound-DCL Inbound,UP,889
10/9/2018 18:41,WS Outbound-DCL Inbound,UP,889
10/9/2018 18:41,WS Outbound-DCL Inbound,UP,889
10/9/2018 18:41,WS Outbound-DCL Inbound,UP,889
10/9/2018 18:41,WS Outbound-DCL Inbound,UP,889
10/9/2018 18:42,WS Outbound-DCL Inbound,Meadows OB,889
10/9/2018 18:43,WS Outbound-DCL Inbound,Hayes IB,889
10/9/2018 18:45,WS Outbound-DCL Inbound,UDC,21
10/9/2018 18:45,WS Outbound-DCL Inbound,UDC,21
10/9/2018 18:47,WS Outbound-DCL Inbound,Union,889
10/9/2018 18:47,WS Outbound-DCL Inbound,Union,889
10/9/2018 18:47,WS Outbound-DCL Inbound,Union,889
10/9/2018 18:47,WS Outbound-DCL Inbound,Union,889
10/9/2018 18:47,WS Outbound-DCL Inbound,Union,889
10/9/2018 18:47,WS Outbound-DCL Inbound,Union,889
10/9/2018 18:47,WS Outbound-DCL Inbound,Union,889
10/9/2018 18:47,WS Outbound-DCL Inbound,Union,889
10/9/2018 18:47,WS Outbound-DCL Inbound,Union,889
10/9/2018 18:47,WS Outbound-DCL Inbound,Union,889
10/9/2018 18:47,WS Outbound-DCL Inbound,Union,889
10/9/2018 18:47,WS Outbound-DCL Inbound,Union,889
10/9/2018 18:47,WS Outbound-DCL Inbound,Union,889
10/9/2018 18:48,WS Outbound-DCL Inbound,Union,889
10/9/2018 18:48,WS Outbound-DCL Inbound,Union,889
10/9/2018 18:48,WS Outbound-DCL Inbound,Union,889
10/9/2018 18:48,WS Outbound-DCL Inbound,Union,889
10/9/2018 18:48,WS Outbound-DCL Inbound,Union,889
10/9/2018 18:48,WS Outbound-DCL Inbound,Union,889
10/9/2018 18:48,WS Outbound-DCL Inbound,Union,889
10/9/2018 18:48,WS Outbound-DCL Inbound,Union,889
10/9/2018 18:48,WS Outbound-DCL Inbound,Union,889
10/9/2018 18:49,WS Outbound-DCL Inbound,Leroy St and Murray IB,21
10/9/2018 18:49,WS Outbound-DCL Inbound,Leroy St and Murray IB,21
10/9/2018 18:49,WS Outbound-DCL Inbound,Union,889
10/9/2018 18:49,WS Outbound-DCL Inbound,Union,37
10/9/2018 18:49,WS Outbound-DCL Inbound,Union,889
10/9/2018 18:49,WS Outbound-DCL Inbound,Union,889
10/9/2018 18:49,WS Outbound-DCL Inbound,Union,37
10/9/2018 18:49,WS Outbound-DCL Inbound,Union,37
10/9/2018 18:49,WS Outbound-DCL Inbound,Union,37
10/9/2018 18:49,WS Outbound-DCL Inbound,Union,37
10/9/2018 18:49,WS Outbound-DCL Inbound,Union,37
10/9/2018 18:49,WS Outbound-DCL Inbound,Union,37
10/9/2018 18:49,WS Outbound-DCL Inbound,Union,37
10/9/2018 18:49,WS Outbound-DCL Inbound,Union,37
10/9/2018 18:49,WS Outbound-DCL Inbound,Union,37
10/9/2018 18:49,WS Outbound-DCL Inbound,Union,37
10/9/2018 18:49,WS Outbound-DCL Inbound,Union,37
10/9/2018 18:49,WS Outbound-DCL Inbound,Union,37
10/9/2018 18:49,WS Outbound-DCL Inbound,Union,37
10/9/2018 18:49,WS Outbound-DCL Inbound,Union,37
10/9/2018 18:50,WS Outbound-DCL Inbound,Union,37
10/9/2018 18:50,WS Outbound-DCL Inbound,Union,37
10/9/2018 18:50,WS Outbound-DCL Inbound,Leroy St and Chestnut IB,21
10/9/2018 18:50,WS Outbound-DCL Inbound,Leroy St and Chestnut IB,21
10/9/2018 18:50,WS Outbound-DCL Inbound,Leroy St and Chestnut IB,21
10/9/2018 18:52,WS Outbound-DCL Inbound,Physical Facilities,37
10/9/2018 18:54,WS Outbound-DCL Inbound,Riverside and Margaret OB,21
10/9/2018 18:56,WS Outbound-DCL Inbound,Hawley OB,55
10/9/2018 18:56,WS Outbound-DCL Inbound,Hawley OB,55
10/9/2018 18:56,WS Outbound-DCL Inbound,Hawley OB,55
10/9/2018 18:56,WS Outbound-DCL Inbound,Hawley OB,55
10/9/2018 18:56,WS Outbound-DCL Inbound,Hawley OB,55
10/9/2018 18:57,WS Outbound-DCL Inbound,Hawley OB,55
10/9/2018 18:57,WS Outbound-DCL Inbound,Hawley OB,55
10/9/2018 19:02,WS Outbound-DCL Inbound,Main and Clarke IB,37
10/9/2018 19:02,WS Outbound-DCL Inbound,Main and Clarke IB,37
10/9/2018 19:10,WS Outbound-DCL Inbound,UDC,37
10/9/2018 19:10,WS Outbound-DCL Inbound,UDC,37
10/9/2018 19:11,WS Outbound-DCL Inbound,UDC,37
10/9/2018 19:12,WS Outbound-DCL Inbound,UDC,37
10/9/2018 19:14,WS Outbound-DCL Inbound,UDC,37
10/9/2018 19:14,WS Outbound-DCL Inbound,UDC,37
10/9/2018 19:19,WS Outbound-DCL Inbound,Leroy St and Murray IB,37
10/9/2018 19:19,WS Outbound-DCL Inbound,Leroy St and Murray IB,37
10/9/2018 19:19,WS Outbound-DCL Inbound,Leroy St and Murray IB,37
10/9/2018 19:20,WS Outbound-DCL Inbound,Leroy St and Chestnut IB,37
10/9/2018 19:24,WS Outbound-DCL Inbound,Riverside and Columbus IB,37
10/9/2018 19:28,WS Outbound-DCL Inbound,UDC,526
10/9/2018 19:28,WS Outbound-DCL Inbound,UDC,526
10/9/2018 19:34,WS Outbound-DCL Inbound,Leroy St and Murray IB,526
10/9/2018 19:34,WS Outbound-DCL Inbound,Leroy St and Murray IB,526
10/9/2018 19:34,WS Outbound-DCL Inbound,Union,21
10/9/2018 19:34,WS Outbound-DCL Inbound,Union,21
10/9/2018 19:34,WS Outbound-DCL Inbound,Union,21
10/9/2018 19:35,WS Outbound-DCL Inbound,Union,21
10/9/2018 19:35,WS Outbound-DCL Inbound,Union,21
10/9/2018 19:35,WS Outbound-DCL Inbound,Union,21
10/9/2018 19:35,WS Outbound-DCL Inbound,Union,21
10/9/2018 19:35,WS Outbound-DCL Inbound,Union,21
10/9/2018 19:35,WS Outbound-DCL Inbound,Union,21
10/9/2018 19:35,WS Outbound-DCL Inbound,Union,21
10/9/2018 19:35,WS Outbound-DCL Inbound,Union,21
10/9/2018 19:35,WS Outbound-DCL Inbound,Union,21
10/9/2018 19:35,WS Outbound-DCL Inbound,Union,21
10/9/2018 19:35,WS Outbound-DCL Inbound,Union,21
10/9/2018 19:35,WS Outbound-DCL Inbound,Union,21
10/9/2018 19:35,WS Outbound-DCL Inbound,Union,21
10/9/2018 19:35,WS Outbound-DCL Inbound,Union,21
10/9/2018 19:35,WS Outbound-DCL Inbound,Union,21
10/9/2018 19:35,WS Outbound-DCL Inbound,Union,21
10/9/2018 19:35,WS Outbound-DCL Inbound,Union,21
10/9/2018 19:35,WS Outbound-DCL Inbound,Union,21
10/9/2018 19:35,WS Outbound-DCL Inbound,Union,21
10/9/2018 19:35,WS Outbound-DCL Inbound,Leroy St and Chestnut IB,526
10/9/2018 19:35,WS Outbound-DCL Inbound,Union,21
10/9/2018 19:35,WS Outbound-DCL Inbound,Leroy St and Chestnut IB,526
10/9/2018 19:35,WS Outbound-DCL Inbound,Union,21
10/9/2018 19:35,WS Outbound-DCL Inbound,Union,21
10/9/2018 19:35,WS Outbound-DCL Inbound,Union,21
10/9/2018 19:35,WS Outbound-DCL Inbound,Union,21
10/9/2018 19:35,WS Outbound-DCL Inbound,Union,21
10/9/2018 19:35,WS Outbound-DCL Inbound,Union,21
10/9/2018 19:35,WS Outbound-DCL Inbound,Union,21
10/9/2018 19:35,WS Outbound-DCL Inbound,Union,21
10/9/2018 19:35,WS Outbound-DCL Inbound,Union,21
10/9/2018 19:35,WS Outbound-DCL Inbound,Union,21
10/9/2018 19:35,WS Outbound-DCL Inbound,Union,21
10/9/2018 19:35,WS Outbound-DCL Inbound,Union,21
10/9/2018 19:36,WS Outbound-DCL Inbound,Union,21
10/9/2018 19:36,WS Outbound-DCL Inbound,Union,21
10/9/2018 19:36,WS Outbound-DCL Inbound,Union,21
10/9/2018 19:36,WS Outbound-DCL Inbound,Union,21
10/9/2018 19:36,WS Outbound-DCL Inbound,Union,21
10/9/2018 19:36,WS Outbound-DCL Inbound,Union,21
10/9/2018 19:36,WS Outbound-DCL Inbound,Union,21
10/9/2018 19:37,WS Outbound-DCL Inbound,Beethoven and Leroy,526
10/9/2018 19:39,WS Outbound-DCL Inbound,Physical Facilities,21
10/9/2018 19:42,WS Outbound-DCL Inbound,Union,55
10/9/2018 19:42,WS Outbound-DCL Inbound,Union,55
10/9/2018 19:42,WS Outbound-DCL Inbound,Union,55
10/9/2018 19:43,WS Outbound-DCL Inbound,Union,55
10/9/2018 19:43,WS Outbound-DCL Inbound,Union,55
10/9/2018 19:43,WS Outbound-DCL Inbound,Union,55
10/9/2018 19:43,WS Outbound-DCL Inbound,Union,55
10/9/2018 19:43,WS Outbound-DCL Inbound,Union,55
10/9/2018 19:43,WS Outbound-DCL Inbound,Union,55
10/9/2018 19:43,WS Outbound-DCL Inbound,Union,55
10/9/2018 19:43,WS Outbound-DCL Inbound,Union,55
10/9/2018 19:43,WS Outbound-DCL Inbound,Union,55
10/9/2018 19:43,WS Outbound-DCL Inbound,Union,55
10/9/2018 19:43,WS Outbound-DCL Inbound,Union,55
10/9/2018 19:43,WS Outbound-DCL Inbound,Union,55
10/9/2018 19:43,WS Outbound-DCL Inbound,Union,55
10/9/2018 19:43,WS Outbound-DCL Inbound,Union,55
10/9/2018 19:43,WS Outbound-DCL Inbound,Union,55
10/9/2018 19:43,WS Outbound-DCL Inbound,Union,55
10/9/2018 19:43,WS Outbound-DCL Inbound,Union,55
10/9/2018 19:43,WS Outbound-DCL Inbound,Union,55
10/9/2018 19:43,WS Outbound-DCL Inbound,Union,55
10/9/2018 19:43,WS Outbound-DCL Inbound,Union,55
10/9/2018 19:43,WS Outbound-DCL Inbound,Union,55
10/9/2018 19:44,WS Outbound-DCL Inbound,Union,55
10/9/2018 19:44,WS Outbound-DCL Inbound,Union,55
10/9/2018 19:44,WS Outbound-DCL Inbound,Union,55
10/9/2018 19:45,WS Outbound-DCL Inbound,Union,55
10/9/2018 19:46,WS Outbound-DCL Inbound,Floral and Cleveland OB,21
10/9/2018 19:53,WS Outbound-DCL Inbound,Main and Arthur,21
10/9/2018 19:58,WS Outbound-DCL Inbound,UDC,21
10/9/2018 19:59,WS Outbound-DCL Inbound,UDC,21
10/9/2018 19:59,WS Outbound-DCL Inbound,Union,526
10/9/2018 19:59,WS Outbound-DCL Inbound,Union,526
10/9/2018 19:59,WS Outbound-DCL Inbound,Union,526
10/9/2018 19:59,WS Outbound-DCL Inbound,Union,526
10/9/2018 19:59,WS Outbound-DCL Inbound,Union,526
10/9/2018 19:59,WS Outbound-DCL Inbound,Union,526
10/9/2018 19:59,WS Outbound-DCL Inbound,Union,526
10/9/2018 19:59,WS Outbound-DCL Inbound,Union,526
10/9/2018 19:59,WS Outbound-DCL Inbound,Union,526
10/9/2018 19:59,WS Outbound-DCL Inbound,Union,526
10/9/2018 19:59,WS Outbound-DCL Inbound,Union,526
10/9/2018 19:59,WS Outbound-DCL Inbound,Union,526
10/9/2018 19:59,WS Outbound-DCL Inbound,Union,526
10/9/2018 19:59,WS Outbound-DCL Inbound,Union,526
10/9/2018 19:59,WS Outbound-DCL Inbound,Union,526
10/9/2018 19:59,WS Outbound-DCL Inbound,Union,526
10/9/2018 19:59,WS Outbound-DCL Inbound,Union,526
10/9/2018 19:59,WS Outbound-DCL Inbound,Union,526
10/9/2018 19:59,WS Outbound-DCL Inbound,Union,526
10/9/2018 19:59,WS Outbound-DCL Inbound,Union,526
10/9/2018 19:59,WS Outbound-DCL Inbound,Union,526
10/9/2018 19:59,WS Outbound-DCL Inbound,Union,526
10/9/2018 19:59,WS Outbound-DCL Inbound,Union,526
10/9/2018 19:59,WS Outbound-DCL Inbound,Union,526
10/9/2018 19:59,WS Outbound-DCL Inbound,Union,526
10/9/2018 20:00,WS Outbound-DCL Inbound,Union,526
