Start Date:10/16/2018 7:00 AM End Date:10/16/2018 8:00 PM,,,
DateTime,CorridorName,StopName,VehicleID
10/16/2018 7:23,WS Outbound-DCL Inbound,Floral and Roberts OB,37
10/16/2018 7:23,WS Outbound-DCL Inbound,Floral and Roberts OB,37
10/16/2018 7:30,WS Outbound-DCL Inbound,Main and Murray OB,37
10/16/2018 7:32,WS Outbound-DCL Inbound,UDC,37
10/16/2018 7:33,WS Outbound-DCL Inbound,UDC,37
10/16/2018 7:33,WS Outbound-DCL Inbound,UDC,37
10/16/2018 7:33,WS Outbound-DCL Inbound,UDC,37
10/16/2018 7:36,WS Outbound-DCL Inbound,UDC,37
10/16/2018 7:36,WS Outbound-DCL Inbound,UDC,37
10/16/2018 7:36,WS Outbound-DCL Inbound,UDC,37
10/16/2018 7:43,WS Outbound-DCL Inbound,Leroy St and Murray IB,37
10/16/2018 7:43,WS Outbound-DCL Inbound,Leroy St and Murray IB,37
10/16/2018 7:43,WS Outbound-DCL Inbound,Leroy St and Murray IB,37
10/16/2018 7:43,WS Outbound-DCL Inbound,Leroy St and Murray IB,37
10/16/2018 7:44,WS Outbound-DCL Inbound,Leroy St and Chestnut IB,37
10/16/2018 7:44,WS Outbound-DCL Inbound,Leroy St and Chestnut IB,37
10/16/2018 7:44,WS Outbound-DCL Inbound,Leroy St and Chestnut IB,37
10/16/2018 7:44,WS Outbound-DCL Inbound,Leroy St and Chestnut IB,37
10/16/2018 7:44,WS Outbound-DCL Inbound,Leroy St and Chestnut IB,37
10/16/2018 7:44,WS Outbound-DCL Inbound,Leroy St and Chestnut IB,37
10/16/2018 7:44,WS Outbound-DCL Inbound,Leroy St and Chestnut IB,37
10/16/2018 7:44,WS Outbound-DCL Inbound,Leroy St and Chestnut IB,37
10/16/2018 7:44,WS Outbound-DCL Inbound,Leroy St and Chestnut IB,37
10/16/2018 7:44,WS Outbound-DCL Inbound,Leroy St and Chestnut IB,37
10/16/2018 7:44,WS Outbound-DCL Inbound,Leroy St and Chestnut IB,37
10/16/2018 7:44,WS Outbound-DCL Inbound,Leroy St and Chestnut IB,37
10/16/2018 7:49,WS Outbound-DCL Inbound,Riverside and Margaret OB,37
10/16/2018 7:57,WS Outbound-DCL Inbound,Leroy St and Front,889
10/16/2018 7:57,WS Outbound-DCL Inbound,Leroy St and Front,889
10/16/2018 7:57,WS Outbound-DCL Inbound,Leroy St and Front,889
10/16/2018 7:57,WS Outbound-DCL Inbound,Leroy St and Front,889
10/16/2018 7:57,WS Outbound-DCL Inbound,Leroy St and Front,889
10/16/2018 7:57,WS Outbound-DCL Inbound,Leroy St and Front,889
10/16/2018 7:58,WS Outbound-DCL Inbound,Leroy St and Murray IB,889
10/16/2018 7:58,WS Outbound-DCL Inbound,Leroy St and Murray IB,889
10/16/2018 7:58,WS Outbound-DCL Inbound,Leroy St and Murray IB,889
10/16/2018 7:58,WS Outbound-DCL Inbound,Leroy St and Murray IB,889
10/16/2018 7:58,WS Outbound-DCL Inbound,Leroy St and Murray IB,889
10/16/2018 7:58,WS Outbound-DCL Inbound,Leroy St and Murray IB,889
10/16/2018 7:58,WS Outbound-DCL Inbound,Leroy St and Murray IB,889
10/16/2018 7:58,WS Outbound-DCL Inbound,Leroy St and Murray IB,889
10/16/2018 7:58,WS Outbound-DCL Inbound,Leroy St and Murray IB,889
10/16/2018 7:58,WS Outbound-DCL Inbound,Leroy St and Murray IB,889
10/16/2018 7:59,WS Outbound-DCL Inbound,Leroy St and Murray IB,889
10/16/2018 7:59,WS Outbound-DCL Inbound,Leroy St and Murray IB,889
10/16/2018 7:59,WS Outbound-DCL Inbound,Leroy St and Murray IB,889
10/16/2018 7:59,WS Outbound-DCL Inbound,Leroy St and Murray IB,889
10/16/2018 7:59,WS Outbound-DCL Inbound,Leroy St and Murray IB,889
10/16/2018 7:59,WS Outbound-DCL Inbound,Leroy St and Murray IB,889
10/16/2018 7:59,WS Outbound-DCL Inbound,Leroy St and Murray IB,889
10/16/2018 7:59,WS Outbound-DCL Inbound,Leroy St and Murray IB,889
10/16/2018 7:59,WS Outbound-DCL Inbound,Leroy St and Murray IB,889
10/16/2018 7:59,WS Outbound-DCL Inbound,Leroy St and Murray IB,889
10/16/2018 8:00,WS Outbound-DCL Inbound,Leroy St and Chestnut IB,889
10/16/2018 8:00,WS Outbound-DCL Inbound,Leroy St and Chestnut IB,889
10/16/2018 8:00,WS Outbound-DCL Inbound,Leroy St and Chestnut IB,889
10/16/2018 8:01,WS Outbound-DCL Inbound,Leroy St and Chestnut IB,889
10/16/2018 8:01,WS Outbound-DCL Inbound,Leroy St and Chestnut IB,889
10/16/2018 8:01,WS Outbound-DCL Inbound,Leroy St and Chestnut IB,889
10/16/2018 8:01,WS Outbound-DCL Inbound,Leroy St and Chestnut IB,889
10/16/2018 8:01,WS Outbound-DCL Inbound,Leroy St and Chestnut IB,889
10/16/2018 8:02,WS Outbound-DCL Inbound,Leroy St and Laurel IB,889
10/16/2018 8:02,WS Outbound-DCL Inbound,Leroy St and Laurel IB,889
10/16/2018 8:03,WS Outbound-DCL Inbound,Beethoven and Leroy,889
10/16/2018 8:03,WS Outbound-DCL Inbound,Beethoven and Leroy,889
10/16/2018 8:16,WS Outbound-DCL Inbound,Union,889
10/16/2018 8:29,WS Outbound-DCL Inbound,Leroy St and Murray IB,42
10/16/2018 8:29,WS Outbound-DCL Inbound,Leroy St and Murray IB,42
10/16/2018 8:29,WS Outbound-DCL Inbound,Leroy St and Murray IB,42
10/16/2018 8:29,WS Outbound-DCL Inbound,Leroy St and Murray IB,42
10/16/2018 8:29,WS Outbound-DCL Inbound,Leroy St and Murray IB,42
10/16/2018 8:29,WS Outbound-DCL Inbound,Leroy St and Murray IB,42
10/16/2018 8:30,WS Outbound-DCL Inbound,Leroy St and Murray IB,42
10/16/2018 8:30,WS Outbound-DCL Inbound,Leroy St and Chestnut IB,42
10/16/2018 8:30,WS Outbound-DCL Inbound,Leroy St and Chestnut IB,42
10/16/2018 8:30,WS Outbound-DCL Inbound,Leroy St and Chestnut IB,42
10/16/2018 8:31,WS Outbound-DCL Inbound,Leroy St and Chestnut IB,42
10/16/2018 8:32,WS Outbound-DCL Inbound,Beethoven and Leroy,42
10/16/2018 8:34,WS Outbound-DCL Inbound,Main and Cedar OB,889
10/16/2018 8:35,WS Outbound-DCL Inbound,Main and Arthur,889
10/16/2018 8:39,WS Outbound-DCL Inbound,UDC,889
10/16/2018 8:39,WS Outbound-DCL Inbound,UDC,889
10/16/2018 8:41,WS Outbound-DCL Inbound,UDC,889
10/16/2018 8:43,WS Outbound-DCL Inbound,Leroy St and Front,889
10/16/2018 8:43,WS Outbound-DCL Inbound,Leroy St and Front,889
10/16/2018 8:43,WS Outbound-DCL Inbound,Leroy St and Front,889
10/16/2018 8:43,WS Outbound-DCL Inbound,Leroy St and Front,889
10/16/2018 8:44,WS Outbound-DCL Inbound,Leroy St and Murray IB,889
10/16/2018 8:44,WS Outbound-DCL Inbound,Leroy St and Murray IB,889
10/16/2018 8:44,WS Outbound-DCL Inbound,Leroy St and Murray IB,889
10/16/2018 8:44,WS Outbound-DCL Inbound,Leroy St and Murray IB,889
10/16/2018 8:44,WS Outbound-DCL Inbound,Leroy St and Murray IB,889
10/16/2018 8:45,WS Outbound-DCL Inbound,Leroy St and Chestnut IB,889
10/16/2018 8:45,WS Outbound-DCL Inbound,Leroy St and Chestnut IB,889
10/16/2018 8:45,WS Outbound-DCL Inbound,Leroy St and Chestnut IB,889
10/16/2018 8:46,WS Outbound-DCL Inbound,Leroy St and Chestnut IB,889
10/16/2018 8:49,WS Outbound-DCL Inbound,UDC,37
10/16/2018 8:49,WS Outbound-DCL Inbound,UDC,37
10/16/2018 8:50,WS Outbound-DCL Inbound,Riverside and Margaret OB,889
10/16/2018 8:53,WS Outbound-DCL Inbound,UDC,37
10/16/2018 8:59,WS Outbound-DCL Inbound,Leroy St and Murray OB,37
10/16/2018 8:59,WS Outbound-DCL Inbound,Leroy St and Murray OB,37
10/16/2018 8:59,WS Outbound-DCL Inbound,Leroy St and Murray OB,37
10/16/2018 8:59,WS Outbound-DCL Inbound,Leroy St and Murray OB,37
10/16/2018 9:00,WS Outbound-DCL Inbound,Leroy St and Chestnut IB,37
10/16/2018 9:00,WS Outbound-DCL Inbound,Leroy St and Chestnut IB,37
10/16/2018 9:00,WS Outbound-DCL Inbound,Leroy St and Chestnut IB,37
10/16/2018 9:00,WS Outbound-DCL Inbound,Leroy St and Chestnut IB,37
10/16/2018 9:00,WS Outbound-DCL Inbound,Leroy St and Chestnut IB,37
10/16/2018 9:00,WS Outbound-DCL Inbound,Leroy St and Chestnut IB,37
10/16/2018 9:00,WS Outbound-DCL Inbound,Leroy St and Chestnut IB,37
10/16/2018 9:00,WS Outbound-DCL Inbound,Leroy St and Chestnut IB,37
10/16/2018 9:01,WS Outbound-DCL Inbound,Leroy St and Laurel IB,37
10/16/2018 9:01,WS Outbound-DCL Inbound,Leroy St and Laurel IB,37
10/16/2018 9:01,WS Outbound-DCL Inbound,Hawley IB,42
10/16/2018 9:02,WS Outbound-DCL Inbound,Main and Front OB,42
10/16/2018 9:03,WS Outbound-DCL Inbound,Main and Murray IB,42
10/16/2018 9:03,WS Outbound-DCL Inbound,Main and Murray IB,42
10/16/2018 9:03,WS Outbound-DCL Inbound,Main and Murray IB,42
10/16/2018 9:05,WS Outbound-DCL Inbound,Main and Cedar IB,42
10/16/2018 9:05,WS Outbound-DCL Inbound,Main and Cedar IB,42
10/16/2018 9:05,WS Outbound-DCL Inbound,Main and Clarke OB,42
10/16/2018 9:06,WS Outbound-DCL Inbound,Main and Schiller IB,42
10/16/2018 9:06,WS Outbound-DCL Inbound,Main and Schiller IB,42
10/16/2018 9:06,WS Outbound-DCL Inbound,Main and Schiller IB,42
10/16/2018 9:07,WS Outbound-DCL Inbound,Main and Schiller IB,42
10/16/2018 9:07,WS Outbound-DCL Inbound,Main and Schiller IB,42
10/16/2018 9:09,WS Outbound-DCL Inbound,Main and Helen IB,42
10/16/2018 9:09,WS Outbound-DCL Inbound,Main and Helen IB,42
10/16/2018 9:13,WS Outbound-DCL Inbound,Union,55
10/16/2018 9:20,WS Outbound-DCL Inbound,UDC,21
10/16/2018 9:22,WS Outbound-DCL Inbound,UDC,21
10/16/2018 9:23,WS Outbound-DCL Inbound,UDC,21
10/16/2018 9:23,WS Outbound-DCL Inbound,UDC,21
10/16/2018 9:23,WS Outbound-DCL Inbound,UDC,21
10/16/2018 9:24,WS Outbound-DCL Inbound,UDC,21
10/16/2018 9:28,WS Outbound-DCL Inbound,Leroy St and Front,21
10/16/2018 9:28,WS Outbound-DCL Inbound,Leroy St and Front,21
10/16/2018 9:28,WS Outbound-DCL Inbound,Leroy St and Front,21
10/16/2018 9:28,WS Outbound-DCL Inbound,Leroy St and Front,21
10/16/2018 9:28,WS Outbound-DCL Inbound,Leroy St and Front,21
10/16/2018 9:29,WS Outbound-DCL Inbound,Leroy St and Murray IB,21
10/16/2018 9:29,WS Outbound-DCL Inbound,Leroy St and Murray IB,21
10/16/2018 9:29,WS Outbound-DCL Inbound,Leroy St and Murray IB,21
10/16/2018 9:29,WS Outbound-DCL Inbound,Leroy St and Murray IB,21
10/16/2018 9:29,WS Outbound-DCL Inbound,Leroy St and Murray IB,21
10/16/2018 9:29,WS Outbound-DCL Inbound,Leroy St and Murray IB,21
10/16/2018 9:29,WS Outbound-DCL Inbound,Leroy St and Murray IB,21
10/16/2018 9:29,WS Outbound-DCL Inbound,Leroy St and Murray IB,21
10/16/2018 9:29,WS Outbound-DCL Inbound,Leroy St and Murray IB,21
10/16/2018 9:29,WS Outbound-DCL Inbound,Leroy St and Murray IB,21
10/16/2018 9:29,WS Outbound-DCL Inbound,Leroy St and Murray IB,21
10/16/2018 9:29,WS Outbound-DCL Inbound,Leroy St and Murray IB,21
10/16/2018 9:30,WS Outbound-DCL Inbound,Leroy St and Murray IB,21
10/16/2018 9:30,WS Outbound-DCL Inbound,Leroy St and Murray IB,21
10/16/2018 9:30,WS Outbound-DCL Inbound,Leroy St and Murray IB,21
10/16/2018 9:30,WS Outbound-DCL Inbound,Leroy St and Murray IB,21
10/16/2018 9:30,WS Outbound-DCL Inbound,Leroy St and Murray IB,21
10/16/2018 9:30,WS Outbound-DCL Inbound,Leroy St and Murray IB,21
10/16/2018 9:30,WS Outbound-DCL Inbound,Leroy St and Murray IB,21
10/16/2018 9:30,WS Outbound-DCL Inbound,Leroy St and Murray IB,21
10/16/2018 9:30,WS Outbound-DCL Inbound,Leroy St and Murray IB,21
10/16/2018 9:31,WS Outbound-DCL Inbound,Leroy St and Chestnut IB,21
10/16/2018 9:31,WS Outbound-DCL Inbound,Leroy St and Chestnut IB,21
10/16/2018 9:31,WS Outbound-DCL Inbound,Leroy St and Chestnut IB,21
10/16/2018 9:31,WS Outbound-DCL Inbound,Leroy St and Chestnut IB,21
10/16/2018 9:31,WS Outbound-DCL Inbound,Leroy St and Chestnut IB,21
10/16/2018 9:31,WS Outbound-DCL Inbound,Leroy St and Chestnut IB,21
10/16/2018 9:31,WS Outbound-DCL Inbound,Leroy St and Chestnut IB,21
10/16/2018 9:31,WS Outbound-DCL Inbound,Leroy St and Chestnut IB,21
10/16/2018 9:31,WS Outbound-DCL Inbound,Leroy St and Chestnut IB,21
10/16/2018 9:31,WS Outbound-DCL Inbound,Leroy St and Chestnut IB,21
10/16/2018 9:32,WS Outbound-DCL Inbound,Leroy St and Laurel IB,21
10/16/2018 9:33,WS Outbound-DCL Inbound,Hawley OB,55
10/16/2018 9:37,WS Outbound-DCL Inbound,Riverside and Columbus IB,21
10/16/2018 9:38,WS Outbound-DCL Inbound,UDC,55
10/16/2018 9:43,WS Outbound-DCL Inbound,Leroy St and Front,55
10/16/2018 9:43,WS Outbound-DCL Inbound,Leroy St and Front,55
10/16/2018 9:43,WS Outbound-DCL Inbound,Leroy St and Front,55
10/16/2018 9:43,WS Outbound-DCL Inbound,Leroy St and Front,55
10/16/2018 9:43,WS Outbound-DCL Inbound,Leroy St and Front,55
10/16/2018 9:44,WS Outbound-DCL Inbound,Leroy St and Murray IB,55
10/16/2018 9:44,WS Outbound-DCL Inbound,Leroy St and Murray IB,55
10/16/2018 9:44,WS Outbound-DCL Inbound,Leroy St and Murray IB,55
10/16/2018 9:44,WS Outbound-DCL Inbound,Leroy St and Murray IB,55
10/16/2018 9:44,WS Outbound-DCL Inbound,Leroy St and Murray IB,55
10/16/2018 9:45,WS Outbound-DCL Inbound,Leroy St and Murray IB,55
10/16/2018 9:45,WS Outbound-DCL Inbound,Leroy St and Murray IB,55
10/16/2018 9:45,WS Outbound-DCL Inbound,Leroy St and Murray IB,55
10/16/2018 9:45,WS Outbound-DCL Inbound,Leroy St and Murray IB,55
10/16/2018 9:45,WS Outbound-DCL Inbound,Leroy St and Murray IB,55
10/16/2018 9:45,WS Outbound-DCL Inbound,Leroy St and Murray IB,55
10/16/2018 9:45,WS Outbound-DCL Inbound,Leroy St and Murray IB,55
10/16/2018 9:45,WS Outbound-DCL Inbound,Leroy St and Murray IB,55
10/16/2018 9:45,WS Outbound-DCL Inbound,Leroy St and Murray IB,55
10/16/2018 9:45,WS Outbound-DCL Inbound,Leroy St and Murray IB,55
10/16/2018 9:45,WS Outbound-DCL Inbound,Leroy St and Murray IB,55
10/16/2018 9:45,WS Outbound-DCL Inbound,Leroy St and Murray IB,55
10/16/2018 9:45,WS Outbound-DCL Inbound,Leroy St and Murray IB,55
10/16/2018 9:46,WS Outbound-DCL Inbound,Leroy St and Chestnut IB,55
10/16/2018 9:46,WS Outbound-DCL Inbound,Leroy St and Chestnut IB,55
10/16/2018 9:46,WS Outbound-DCL Inbound,Leroy St and Chestnut IB,55
10/16/2018 9:46,WS Outbound-DCL Inbound,Leroy St and Chestnut IB,55
10/16/2018 9:46,WS Outbound-DCL Inbound,Leroy St and Chestnut IB,55
10/16/2018 9:46,WS Outbound-DCL Inbound,Leroy St and Chestnut IB,55
10/16/2018 9:46,WS Outbound-DCL Inbound,Leroy St and Chestnut IB,55
10/16/2018 9:46,WS Outbound-DCL Inbound,Leroy St and Chestnut IB,55
10/16/2018 9:46,WS Outbound-DCL Inbound,Leroy St and Chestnut IB,55
10/16/2018 9:46,WS Outbound-DCL Inbound,Leroy St and Chestnut IB,55
10/16/2018 9:46,WS Outbound-DCL Inbound,Leroy St and Chestnut IB,55
10/16/2018 9:46,WS Outbound-DCL Inbound,Leroy St and Chestnut IB,55
10/16/2018 9:46,WS Outbound-DCL Inbound,Leroy St and Chestnut IB,55
10/16/2018 9:46,WS Outbound-DCL Inbound,Leroy St and Chestnut IB,55
10/16/2018 9:46,WS Outbound-DCL Inbound,Leroy St and Chestnut IB,55
10/16/2018 9:47,WS Outbound-DCL Inbound,Leroy St and Chestnut IB,55
10/16/2018 9:47,WS Outbound-DCL Inbound,Leroy St and Chestnut IB,55
10/16/2018 9:48,WS Outbound-DCL Inbound,Beethoven and Leroy,55
10/16/2018 9:58,WS Outbound-DCL Inbound,Leroy St and Front,43
10/16/2018 9:59,WS Outbound-DCL Inbound,Leroy St and Murray IB,43
10/16/2018 9:59,WS Outbound-DCL Inbound,Leroy St and Murray IB,43
10/16/2018 9:59,WS Outbound-DCL Inbound,Leroy St and Murray IB,43
10/16/2018 9:59,WS Outbound-DCL Inbound,Leroy St and Murray IB,43
10/16/2018 10:00,WS Outbound-DCL Inbound,Leroy St and Chestnut IB,43
10/16/2018 10:00,WS Outbound-DCL Inbound,Leroy St and Chestnut IB,43
10/16/2018 10:00,WS Outbound-DCL Inbound,Leroy St and Chestnut IB,43
10/16/2018 10:00,WS Outbound-DCL Inbound,Leroy St and Chestnut IB,43
10/16/2018 10:00,WS Outbound-DCL Inbound,Leroy St and Chestnut IB,43
10/16/2018 10:00,WS Outbound-DCL Inbound,Leroy St and Chestnut IB,43
10/16/2018 10:00,WS Outbound-DCL Inbound,Leroy St and Chestnut IB,43
10/16/2018 10:04,WS Outbound-DCL Inbound,Main and Cedar OB,889
10/16/2018 10:06,WS Outbound-DCL Inbound,Main and Murray OB,889
10/16/2018 10:10,WS Outbound-DCL Inbound,UDC,889
10/16/2018 10:10,WS Outbound-DCL Inbound,UDC,889
10/16/2018 10:10,WS Outbound-DCL Inbound,UDC,889
10/16/2018 10:14,WS Outbound-DCL Inbound,Leroy St and Murray IB,889
10/16/2018 10:15,WS Outbound-DCL Inbound,Union,55
10/16/2018 10:15,WS Outbound-DCL Inbound,Leroy St and Chestnut IB,889
10/16/2018 10:15,WS Outbound-DCL Inbound,Leroy St and Chestnut IB,889
10/16/2018 10:15,WS Outbound-DCL Inbound,Union,55
10/16/2018 10:15,WS Outbound-DCL Inbound,Leroy St and Chestnut IB,889
10/16/2018 10:16,WS Outbound-DCL Inbound,Union,55
10/16/2018 10:23,WS Outbound-DCL Inbound,UDC,891
10/16/2018 10:28,WS Outbound-DCL Inbound,Leroy St and Front,891
10/16/2018 10:29,WS Outbound-DCL Inbound,Leroy St and Murray IB,891
10/16/2018 10:30,WS Outbound-DCL Inbound,Leroy St and Chestnut IB,891
10/16/2018 10:30,WS Outbound-DCL Inbound,Leroy St and Chestnut IB,891
10/16/2018 10:30,WS Outbound-DCL Inbound,Leroy St and Chestnut IB,891
10/16/2018 10:30,WS Outbound-DCL Inbound,Leroy St and Chestnut IB,891
10/16/2018 10:30,WS Outbound-DCL Inbound,Leroy St and Chestnut IB,891
10/16/2018 10:30,WS Outbound-DCL Inbound,Leroy St and Chestnut IB,891
10/16/2018 10:30,WS Outbound-DCL Inbound,Leroy St and Chestnut IB,891
10/16/2018 10:41,WS Outbound-DCL Inbound,UDC,55
10/16/2018 10:43,WS Outbound-DCL Inbound,Union,891
10/16/2018 10:43,WS Outbound-DCL Inbound,Union,891
10/16/2018 10:43,WS Outbound-DCL Inbound,Union,891
10/16/2018 10:43,WS Outbound-DCL Inbound,Union,891
10/16/2018 10:43,WS Outbound-DCL Inbound,Union,891
10/16/2018 10:43,WS Outbound-DCL Inbound,Union,891
10/16/2018 10:43,WS Outbound-DCL Inbound,Union,891
10/16/2018 10:44,WS Outbound-DCL Inbound,Leroy St and Front,55
10/16/2018 10:44,WS Outbound-DCL Inbound,Union,891
10/16/2018 10:44,WS Outbound-DCL Inbound,Union,891
10/16/2018 10:45,WS Outbound-DCL Inbound,Leroy St and Murray IB,55
10/16/2018 10:45,WS Outbound-DCL Inbound,Leroy St and Murray IB,55
10/16/2018 10:45,WS Outbound-DCL Inbound,Leroy St and Murray IB,55
10/16/2018 10:45,WS Outbound-DCL Inbound,Leroy St and Murray IB,55
10/16/2018 10:45,WS Outbound-DCL Inbound,Leroy St and Murray IB,55
10/16/2018 10:46,WS Outbound-DCL Inbound,Leroy St and Chestnut IB,55
10/16/2018 10:46,WS Outbound-DCL Inbound,Leroy St and Chestnut IB,55
10/16/2018 10:46,WS Outbound-DCL Inbound,Leroy St and Chestnut IB,55
10/16/2018 10:46,WS Outbound-DCL Inbound,Leroy St and Chestnut IB,55
10/16/2018 10:51,WS Outbound-DCL Inbound,Riverside and Columbus IB,55
10/16/2018 10:52,WS Outbound-DCL Inbound,UDC,42
10/16/2018 10:53,WS Outbound-DCL Inbound,UDC,42
10/16/2018 10:53,WS Outbound-DCL Inbound,UDC,42
10/16/2018 10:53,WS Outbound-DCL Inbound,UDC,42
10/16/2018 10:53,WS Outbound-DCL Inbound,UDC,42
10/16/2018 10:54,WS Outbound-DCL Inbound,UDC,42
10/16/2018 10:58,WS Outbound-DCL Inbound,Main and Helen OB,891
10/16/2018 10:59,WS Outbound-DCL Inbound,Leroy St and Murray OB,42
10/16/2018 10:59,WS Outbound-DCL Inbound,Leroy St and Murray OB,42
10/16/2018 10:59,WS Outbound-DCL Inbound,Leroy St and Murray OB,42
10/16/2018 10:59,WS Outbound-DCL Inbound,Leroy St and Murray OB,42
10/16/2018 10:59,WS Outbound-DCL Inbound,Main and Schiller OB,891
10/16/2018 10:59,WS Outbound-DCL Inbound,Leroy St and Murray OB,42
10/16/2018 10:59,WS Outbound-DCL Inbound,Leroy St and Murray OB,42
10/16/2018 10:59,WS Outbound-DCL Inbound,Leroy St and Murray OB,42
10/16/2018 10:59,WS Outbound-DCL Inbound,Leroy St and Murray OB,42
10/16/2018 11:00,WS Outbound-DCL Inbound,Leroy St and Chestnut IB,42
10/16/2018 11:00,WS Outbound-DCL Inbound,Leroy St and Chestnut IB,42
10/16/2018 11:00,WS Outbound-DCL Inbound,Leroy St and Chestnut IB,42
10/16/2018 11:02,WS Outbound-DCL Inbound,Beethoven and Leroy,42
10/16/2018 11:02,WS Outbound-DCL Inbound,Beethoven and Leroy,42
10/16/2018 11:14,WS Outbound-DCL Inbound,Leroy St and Front,891
10/16/2018 11:14,WS Outbound-DCL Inbound,Leroy St and Front,891
10/16/2018 11:14,WS Outbound-DCL Inbound,Leroy St and Front,891
10/16/2018 11:14,WS Outbound-DCL Inbound,Leroy St and Front,891
10/16/2018 11:14,WS Outbound-DCL Inbound,Leroy St and Front,891
10/16/2018 11:14,WS Outbound-DCL Inbound,Leroy St and Front,891
10/16/2018 11:15,WS Outbound-DCL Inbound,Leroy St and Murray IB,891
10/16/2018 11:15,WS Outbound-DCL Inbound,Leroy St and Murray IB,891
10/16/2018 11:15,WS Outbound-DCL Inbound,Leroy St and Murray IB,891
10/16/2018 11:15,WS Outbound-DCL Inbound,Leroy St and Murray IB,891
10/16/2018 11:15,WS Outbound-DCL Inbound,Leroy St and Murray IB,891
10/16/2018 11:15,WS Outbound-DCL Inbound,Leroy St and Murray IB,891
10/16/2018 11:15,WS Outbound-DCL Inbound,Leroy St and Murray IB,891
10/16/2018 11:15,WS Outbound-DCL Inbound,Leroy St and Murray IB,891
10/16/2018 11:15,WS Outbound-DCL Inbound,Leroy St and Murray IB,891
10/16/2018 11:15,WS Outbound-DCL Inbound,Leroy St and Murray IB,891
10/16/2018 11:15,WS Outbound-DCL Inbound,Leroy St and Murray IB,891
10/16/2018 11:15,WS Outbound-DCL Inbound,Leroy St and Murray IB,891
10/16/2018 11:15,WS Outbound-DCL Inbound,Leroy St and Murray IB,891
10/16/2018 11:15,WS Outbound-DCL Inbound,Leroy St and Murray IB,891
10/16/2018 11:15,WS Outbound-DCL Inbound,Leroy St and Murray IB,891
10/16/2018 11:16,WS Outbound-DCL Inbound,Leroy St and Chestnut IB,891
10/16/2018 11:16,WS Outbound-DCL Inbound,Leroy St and Chestnut IB,891
10/16/2018 11:16,WS Outbound-DCL Inbound,Leroy St and Chestnut IB,891
10/16/2018 11:16,WS Outbound-DCL Inbound,Leroy St and Chestnut IB,891
10/16/2018 11:16,WS Outbound-DCL Inbound,Leroy St and Chestnut IB,891
10/16/2018 11:16,WS Outbound-DCL Inbound,Leroy St and Chestnut IB,891
10/16/2018 11:31,WS Outbound-DCL Inbound,Main and Cedar OB,889
10/16/2018 11:39,WS Outbound-DCL Inbound,UDC,889
10/16/2018 11:40,WS Outbound-DCL Inbound,Union,55
10/16/2018 11:40,WS Outbound-DCL Inbound,Union,55
10/16/2018 11:40,WS Outbound-DCL Inbound,Union,55
10/16/2018 11:40,WS Outbound-DCL Inbound,Union,55
10/16/2018 11:41,WS Outbound-DCL Inbound,Union,55
10/16/2018 11:41,WS Outbound-DCL Inbound,Union,55
10/16/2018 11:41,WS Outbound-DCL Inbound,Union,55
10/16/2018 11:41,WS Outbound-DCL Inbound,Union,55
10/16/2018 11:41,WS Outbound-DCL Inbound,Union,55
10/16/2018 11:41,WS Outbound-DCL Inbound,UDC,889
10/16/2018 11:41,WS Outbound-DCL Inbound,Union,55
10/16/2018 11:41,WS Outbound-DCL Inbound,Union,55
10/16/2018 11:41,WS Outbound-DCL Inbound,Union,55
10/16/2018 11:41,WS Outbound-DCL Inbound,Union,55
10/16/2018 11:41,WS Outbound-DCL Inbound,Union,55
10/16/2018 11:41,WS Outbound-DCL Inbound,Union,55
10/16/2018 11:41,WS Outbound-DCL Inbound,UDC,889
10/16/2018 11:41,WS Outbound-DCL Inbound,Union,55
10/16/2018 11:41,WS Outbound-DCL Inbound,Union,55
10/16/2018 11:41,WS Outbound-DCL Inbound,Union,55
10/16/2018 11:41,WS Outbound-DCL Inbound,Union,55
10/16/2018 11:41,WS Outbound-DCL Inbound,Union,55
10/16/2018 11:41,WS Outbound-DCL Inbound,Union,55
10/16/2018 11:42,WS Outbound-DCL Inbound,Union,55
10/16/2018 11:42,WS Outbound-DCL Inbound,Union,55
10/16/2018 11:42,WS Outbound-DCL Inbound,Union,55
10/16/2018 11:42,WS Outbound-DCL Inbound,Union,55
10/16/2018 11:43,WS Outbound-DCL Inbound,Union,55
10/16/2018 11:43,WS Outbound-DCL Inbound,Union,55
10/16/2018 11:43,WS Outbound-DCL Inbound,Union,55
10/16/2018 11:44,WS Outbound-DCL Inbound,Leroy St and Murray OB,889
10/16/2018 11:44,WS Outbound-DCL Inbound,Leroy St and Murray OB,889
10/16/2018 11:44,WS Outbound-DCL Inbound,Leroy St and Murray OB,889
10/16/2018 11:44,WS Outbound-DCL Inbound,Leroy St and Murray OB,889
10/16/2018 11:44,WS Outbound-DCL Inbound,Leroy St and Murray OB,889
10/16/2018 11:44,WS Outbound-DCL Inbound,Union,55
10/16/2018 11:44,WS Outbound-DCL Inbound,Union,55
10/16/2018 11:45,WS Outbound-DCL Inbound,Leroy St and Chestnut OB,889
10/16/2018 11:45,WS Outbound-DCL Inbound,Leroy St and Chestnut OB,889
10/16/2018 11:45,WS Outbound-DCL Inbound,Leroy St and Chestnut OB,889
10/16/2018 11:45,WS Outbound-DCL Inbound,Leroy St and Chestnut OB,889
10/16/2018 11:47,WS Outbound-DCL Inbound,Physical Facilities,55
10/16/2018 12:01,WS Outbound-DCL Inbound,Main and Murray OB,55
10/16/2018 12:01,WS Outbound-DCL Inbound,Main and Murray OB,55
10/16/2018 12:01,WS Outbound-DCL Inbound,Main and Murray OB,55
10/16/2018 12:05,WS Outbound-DCL Inbound,UDC,55
10/16/2018 12:06,WS Outbound-DCL Inbound,UDC,55
10/16/2018 12:06,WS Outbound-DCL Inbound,UDC,55
10/16/2018 12:09,WS Outbound-DCL Inbound,UDC,55
10/16/2018 12:13,WS Outbound-DCL Inbound,Main and Helen OB,21
10/16/2018 12:14,WS Outbound-DCL Inbound,Riverside and Murray,55
10/16/2018 12:14,WS Outbound-DCL Inbound,Riverside and Murray,55
10/16/2018 12:14,WS Outbound-DCL Inbound,Riverside and Murray,55
10/16/2018 12:14,WS Outbound-DCL Inbound,Riverside and Murray,55
10/16/2018 12:15,WS Outbound-DCL Inbound,Leroy St and Chestnut OB,55
10/16/2018 12:15,WS Outbound-DCL Inbound,Leroy St and Chestnut OB,55
10/16/2018 12:15,WS Outbound-DCL Inbound,Leroy St and Chestnut OB,55
10/16/2018 12:15,WS Outbound-DCL Inbound,Leroy St and Chestnut OB,55
10/16/2018 12:16,WS Outbound-DCL Inbound,Engineering Bldg,43
10/16/2018 12:16,WS Outbound-DCL Inbound,Engineering Bldg,43
10/16/2018 12:16,WS Outbound-DCL Inbound,Engineering Bldg,43
10/16/2018 12:17,WS Outbound-DCL Inbound,Engineering Bldg,43
10/16/2018 12:17,WS Outbound-DCL Inbound,Engineering Bldg,43
10/16/2018 12:17,WS Outbound-DCL Inbound,Engineering Bldg,43
10/16/2018 12:17,WS Outbound-DCL Inbound,Engineering Bldg,43
10/16/2018 12:17,WS Outbound-DCL Inbound,Engineering Bldg,43
10/16/2018 12:17,WS Outbound-DCL Inbound,Engineering Bldg,43
10/16/2018 12:17,WS Outbound-DCL Inbound,Engineering Bldg,43
10/16/2018 12:21,WS Outbound-DCL Inbound,UDC,21
10/16/2018 12:25,WS Outbound-DCL Inbound,UDC,21
10/16/2018 12:26,WS Outbound-DCL Inbound,UDC,21
10/16/2018 12:27,WS Outbound-DCL Inbound,Main and Floral,43
10/16/2018 12:29,WS Outbound-DCL Inbound,Leroy St and Murray IB,21
10/16/2018 12:29,WS Outbound-DCL Inbound,Leroy St and Murray IB,21
10/16/2018 12:29,WS Outbound-DCL Inbound,Leroy St and Murray IB,21
10/16/2018 12:29,WS Outbound-DCL Inbound,Leroy St and Murray IB,21
10/16/2018 12:29,WS Outbound-DCL Inbound,Leroy St and Murray IB,21
10/16/2018 12:29,WS Outbound-DCL Inbound,Leroy St and Murray IB,21
10/16/2018 12:29,WS Outbound-DCL Inbound,Leroy St and Murray IB,21
10/16/2018 12:29,WS Outbound-DCL Inbound,Leroy St and Murray IB,21
10/16/2018 12:29,WS Outbound-DCL Inbound,Leroy St and Murray IB,21
10/16/2018 12:29,WS Outbound-DCL Inbound,Leroy St and Murray IB,21
10/16/2018 12:30,WS Outbound-DCL Inbound,Leroy St and Chestnut IB,21
10/16/2018 12:30,WS Outbound-DCL Inbound,Leroy St and Chestnut IB,21
10/16/2018 12:30,WS Outbound-DCL Inbound,Leroy St and Chestnut IB,21
10/16/2018 12:30,WS Outbound-DCL Inbound,Leroy St and Chestnut IB,21
10/16/2018 12:30,WS Outbound-DCL Inbound,Leroy St and Chestnut IB,21
10/16/2018 12:43,WS Outbound-DCL Inbound,Oak and Eaton,43
10/16/2018 12:43,WS Outbound-DCL Inbound,Oak and Eaton,43
10/16/2018 12:43,WS Outbound-DCL Inbound,Oak and Eaton,43
10/16/2018 12:43,WS Outbound-DCL Inbound,Oak and Eaton,43
10/16/2018 12:43,WS Outbound-DCL Inbound,Oak and Eaton,43
10/16/2018 12:44,WS Outbound-DCL Inbound,Oak and Eaton,43
10/16/2018 12:44,WS Outbound-DCL Inbound,Oak and Eaton,43
10/16/2018 12:44,WS Outbound-DCL Inbound,Oak and Eaton,43
10/16/2018 12:44,WS Outbound-DCL Inbound,Oak and Eaton,43
10/16/2018 12:44,WS Outbound-DCL Inbound,Oak and Eaton,43
10/16/2018 12:44,WS Outbound-DCL Inbound,Oak and Eaton,43
10/16/2018 12:44,WS Outbound-DCL Inbound,Oak and Eaton,43
10/16/2018 12:44,WS Outbound-DCL Inbound,Oak and Eaton,43
10/16/2018 12:45,WS Outbound-DCL Inbound,Oak and Eaton,43
10/16/2018 12:45,WS Outbound-DCL Inbound,Oak and Eaton,43
10/16/2018 12:45,WS Outbound-DCL Inbound,Oak and Eaton,43
10/16/2018 12:45,WS Outbound-DCL Inbound,Oak and Eaton,43
10/16/2018 12:45,WS Outbound-DCL Inbound,Oak and Eaton,43
10/16/2018 12:45,WS Outbound-DCL Inbound,Oak and Eaton,43
10/16/2018 12:45,WS Outbound-DCL Inbound,Oak and Eaton,43
10/16/2018 12:45,WS Outbound-DCL Inbound,Oak and Eaton,43
10/16/2018 12:45,WS Outbound-DCL Inbound,Oak and Eaton,43
10/16/2018 12:45,WS Outbound-DCL Inbound,Oak and Eaton,43
10/16/2018 12:45,WS Outbound-DCL Inbound,Oak and Eaton,43
10/16/2018 12:46,WS Outbound-DCL Inbound,Leroy and Walnut,43
10/16/2018 12:46,WS Outbound-DCL Inbound,Leroy and Walnut,43
10/16/2018 12:46,WS Outbound-DCL Inbound,Leroy and Walnut,43
10/16/2018 12:46,WS Outbound-DCL Inbound,Leroy and Walnut,43
10/16/2018 12:46,WS Outbound-DCL Inbound,Leroy and Walnut,43
10/16/2018 12:46,WS Outbound-DCL Inbound,Leroy and Walnut,43
10/16/2018 12:46,WS Outbound-DCL Inbound,Leroy and Walnut,43
10/16/2018 12:46,WS Outbound-DCL Inbound,Leroy and Walnut,43
10/16/2018 12:46,WS Outbound-DCL Inbound,Leroy and Walnut,43
10/16/2018 12:46,WS Outbound-DCL Inbound,Leroy and Walnut,43
10/16/2018 12:46,WS Outbound-DCL Inbound,Leroy and Walnut,43
10/16/2018 12:46,WS Outbound-DCL Inbound,Leroy and Walnut,43
10/16/2018 12:46,WS Outbound-DCL Inbound,Leroy and Walnut,43
10/16/2018 12:46,WS Outbound-DCL Inbound,Leroy and Walnut,43
10/16/2018 12:46,WS Outbound-DCL Inbound,Leroy and Walnut,43
10/16/2018 12:47,WS Outbound-DCL Inbound,Leroy and Walnut,43
10/16/2018 12:47,WS Outbound-DCL Inbound,Leroy and Walnut,43
10/16/2018 12:47,WS Outbound-DCL Inbound,Leroy and Walnut,43
10/16/2018 12:47,WS Outbound-DCL Inbound,Leroy and Walnut,43
10/16/2018 12:47,WS Outbound-DCL Inbound,Leroy and Walnut,43
10/16/2018 12:47,WS Outbound-DCL Inbound,Leroy and Walnut,43
10/16/2018 12:47,WS Outbound-DCL Inbound,Leroy St and Chestnut OB,43
10/16/2018 12:52,WS Outbound-DCL Inbound,Riverside and Columbus,43
10/16/2018 13:02,WS Outbound-DCL Inbound,Union,42
10/16/2018 13:02,WS Outbound-DCL Inbound,Union,42
10/16/2018 13:02,WS Outbound-DCL Inbound,Union,42
10/16/2018 13:02,WS Outbound-DCL Inbound,Union,42
10/16/2018 13:02,WS Outbound-DCL Inbound,Union,42
10/16/2018 13:02,WS Outbound-DCL Inbound,Union,42
10/16/2018 13:02,WS Outbound-DCL Inbound,Union,42
10/16/2018 13:02,WS Outbound-DCL Inbound,Union,42
10/16/2018 13:02,WS Outbound-DCL Inbound,Union,42
10/16/2018 13:02,WS Outbound-DCL Inbound,Union,42
10/16/2018 13:02,WS Outbound-DCL Inbound,Union,42
10/16/2018 13:02,WS Outbound-DCL Inbound,Union,42
10/16/2018 13:02,WS Outbound-DCL Inbound,Union,42
10/16/2018 13:02,WS Outbound-DCL Inbound,Union,42
10/16/2018 13:02,WS Outbound-DCL Inbound,Union,42
10/16/2018 13:02,WS Outbound-DCL Inbound,Union,42
10/16/2018 13:03,WS Outbound-DCL Inbound,Union,42
10/16/2018 13:03,WS Outbound-DCL Inbound,Union,42
10/16/2018 13:13,WS Outbound-DCL Inbound,Floral and Willow IB,42
10/16/2018 13:14,WS Outbound-DCL Inbound,Floral and Burbank IB,42
10/16/2018 13:16,WS Outbound-DCL Inbound,Main and Helen IB,42
10/16/2018 13:18,WS Outbound-DCL Inbound,Main and Schiller IB,42
10/16/2018 13:18,WS Outbound-DCL Inbound,Union,55
10/16/2018 13:18,WS Outbound-DCL Inbound,Union,55
10/16/2018 13:18,WS Outbound-DCL Inbound,Union,55
10/16/2018 13:18,WS Outbound-DCL Inbound,Union,55
10/16/2018 13:18,WS Outbound-DCL Inbound,Union,55
10/16/2018 13:19,WS Outbound-DCL Inbound,Union,55
10/16/2018 13:19,WS Outbound-DCL Inbound,Union,55
10/16/2018 13:19,WS Outbound-DCL Inbound,Union,55
10/16/2018 13:19,WS Outbound-DCL Inbound,Union,55
10/16/2018 13:19,WS Outbound-DCL Inbound,Union,55
10/16/2018 13:19,WS Outbound-DCL Inbound,Union,55
10/16/2018 13:19,WS Outbound-DCL Inbound,Union,55
10/16/2018 13:19,WS Outbound-DCL Inbound,Union,55
10/16/2018 13:19,WS Outbound-DCL Inbound,Union,55
10/16/2018 13:19,WS Outbound-DCL Inbound,Union,55
10/16/2018 13:19,WS Outbound-DCL Inbound,Union,55
10/16/2018 13:19,WS Outbound-DCL Inbound,Union,55
10/16/2018 13:21,WS Outbound-DCL Inbound,Main and Arthur,42
10/16/2018 13:21,WS Outbound-DCL Inbound,Main and Arthur,42
10/16/2018 13:22,WS Outbound-DCL Inbound,Main and Murray OB,42
10/16/2018 13:22,WS Outbound-DCL Inbound,Physical Facilities OB,55
10/16/2018 13:25,WS Outbound-DCL Inbound,Hawley IB,42
10/16/2018 13:27,WS Outbound-DCL Inbound,UDC,42
10/16/2018 13:27,WS Outbound-DCL Inbound,UDC,42
10/16/2018 13:30,WS Outbound-DCL Inbound,Leroy St and Murray IB,42
10/16/2018 13:31,WS Outbound-DCL Inbound,Leroy St and Chestnut IB,42
10/16/2018 13:39,WS Outbound-DCL Inbound,Main and Clarke IB,55
10/16/2018 13:40,WS Outbound-DCL Inbound,Main and Cedar IB,55
10/16/2018 13:40,WS Outbound-DCL Inbound,Union,43
10/16/2018 13:40,WS Outbound-DCL Inbound,Union,43
10/16/2018 13:40,WS Outbound-DCL Inbound,Union,43
10/16/2018 13:40,WS Outbound-DCL Inbound,Union,43
10/16/2018 13:40,WS Outbound-DCL Inbound,Union,43
10/16/2018 13:40,WS Outbound-DCL Inbound,Union,43
10/16/2018 13:40,WS Outbound-DCL Inbound,Union,43
10/16/2018 13:41,WS Outbound-DCL Inbound,Union,43
10/16/2018 13:41,WS Outbound-DCL Inbound,Union,43
10/16/2018 13:41,WS Outbound-DCL Inbound,Union,43
10/16/2018 13:41,WS Outbound-DCL Inbound,Union,43
10/16/2018 13:41,WS Outbound-DCL Inbound,Union,43
10/16/2018 13:41,WS Outbound-DCL Inbound,Union,43
10/16/2018 13:41,WS Outbound-DCL Inbound,Union,43
10/16/2018 13:41,WS Outbound-DCL Inbound,Union,43
10/16/2018 13:41,WS Outbound-DCL Inbound,Union,43
10/16/2018 13:41,WS Outbound-DCL Inbound,Union,43
10/16/2018 13:41,WS Outbound-DCL Inbound,Union,43
10/16/2018 13:41,WS Outbound-DCL Inbound,Union,43
10/16/2018 13:41,WS Outbound-DCL Inbound,Union,43
10/16/2018 13:47,WS Outbound-DCL Inbound,Leroy St and Front,55
10/16/2018 13:48,WS Outbound-DCL Inbound,Leroy St and Murray IB,55
10/16/2018 13:48,WS Outbound-DCL Inbound,Leroy St and Murray IB,55
10/16/2018 13:49,WS Outbound-DCL Inbound,Leroy St and Chestnut IB,55
10/16/2018 13:49,WS Outbound-DCL Inbound,Leroy St and Chestnut IB,55
10/16/2018 14:02,WS Outbound-DCL Inbound,Main and Murray OB,43
10/16/2018 14:06,WS Outbound-DCL Inbound,UDC,43
10/16/2018 14:06,WS Outbound-DCL Inbound,UDC,43
10/16/2018 14:06,WS Outbound-DCL Inbound,UDC,43
10/16/2018 14:07,WS Outbound-DCL Inbound,UDC,43
10/16/2018 14:07,WS Outbound-DCL Inbound,UDC,43
10/16/2018 14:08,WS Outbound-DCL Inbound,Union,37
10/16/2018 14:08,WS Outbound-DCL Inbound,Union,37
10/16/2018 14:08,WS Outbound-DCL Inbound,Union,37
10/16/2018 14:08,WS Outbound-DCL Inbound,Union,37
10/16/2018 14:08,WS Outbound-DCL Inbound,Union,37
10/16/2018 14:08,WS Outbound-DCL Inbound,Union,37
10/16/2018 14:08,WS Outbound-DCL Inbound,Union,37
10/16/2018 14:08,WS Outbound-DCL Inbound,Union,37
10/16/2018 14:08,WS Outbound-DCL Inbound,Union,37
10/16/2018 14:08,WS Outbound-DCL Inbound,Union,37
10/16/2018 14:08,WS Outbound-DCL Inbound,Union,37
10/16/2018 14:08,WS Outbound-DCL Inbound,Union,37
10/16/2018 14:08,WS Outbound-DCL Inbound,Union,37
10/16/2018 14:08,WS Outbound-DCL Inbound,Union,37
10/16/2018 14:09,WS Outbound-DCL Inbound,Union,37
10/16/2018 14:09,WS Outbound-DCL Inbound,UDC,43
10/16/2018 14:09,WS Outbound-DCL Inbound,Union,37
10/16/2018 14:10,WS Outbound-DCL Inbound,Union,37
10/16/2018 14:12,WS Outbound-DCL Inbound,Leroy St and Front,43
10/16/2018 14:12,WS Outbound-DCL Inbound,Leroy St and Front,43
10/16/2018 14:12,WS Outbound-DCL Inbound,Leroy St and Front,43
10/16/2018 14:12,WS Outbound-DCL Inbound,Leroy St and Front,43
10/16/2018 14:12,WS Outbound-DCL Inbound,Leroy St and Front,43
10/16/2018 14:13,WS Outbound-DCL Inbound,Leroy St and Murray IB,43
10/16/2018 14:13,WS Outbound-DCL Inbound,Leroy St and Murray IB,43
10/16/2018 14:13,WS Outbound-DCL Inbound,Leroy St and Murray IB,43
10/16/2018 14:13,WS Outbound-DCL Inbound,Leroy St and Murray IB,43
10/16/2018 14:13,WS Outbound-DCL Inbound,Leroy St and Murray IB,43
10/16/2018 14:13,WS Outbound-DCL Inbound,Leroy St and Murray IB,43
10/16/2018 14:13,WS Outbound-DCL Inbound,Leroy St and Murray IB,43
10/16/2018 14:13,WS Outbound-DCL Inbound,Leroy St and Murray IB,43
10/16/2018 14:13,WS Outbound-DCL Inbound,Leroy St and Murray IB,43
10/16/2018 14:13,WS Outbound-DCL Inbound,Leroy St and Murray IB,43
10/16/2018 14:14,WS Outbound-DCL Inbound,Leroy St and Chestnut IB,43
10/16/2018 14:14,WS Outbound-DCL Inbound,Leroy St and Chestnut IB,43
10/16/2018 14:14,WS Outbound-DCL Inbound,Leroy St and Chestnut IB,43
10/16/2018 14:23,WS Outbound-DCL Inbound,Union,21
10/16/2018 14:23,WS Outbound-DCL Inbound,Union,21
10/16/2018 14:23,WS Outbound-DCL Inbound,Union,21
10/16/2018 14:23,WS Outbound-DCL Inbound,Union,21
10/16/2018 14:23,WS Outbound-DCL Inbound,Union,21
10/16/2018 14:23,WS Outbound-DCL Inbound,Union,21
10/16/2018 14:23,WS Outbound-DCL Inbound,Union,21
10/16/2018 14:23,WS Outbound-DCL Inbound,Union,21
10/16/2018 14:23,WS Outbound-DCL Inbound,Union,21
10/16/2018 14:23,WS Outbound-DCL Inbound,Union,21
10/16/2018 14:23,WS Outbound-DCL Inbound,Main and Helen OB,37
10/16/2018 14:23,WS Outbound-DCL Inbound,Union,21
10/16/2018 14:23,WS Outbound-DCL Inbound,Union,21
10/16/2018 14:23,WS Outbound-DCL Inbound,Union,21
10/16/2018 14:24,WS Outbound-DCL Inbound,Union,21
10/16/2018 14:24,WS Outbound-DCL Inbound,Union,21
10/16/2018 14:25,WS Outbound-DCL Inbound,Union,21
10/16/2018 14:26,WS Outbound-DCL Inbound,Union,21
10/16/2018 14:26,WS Outbound-DCL Inbound,Union,21
10/16/2018 14:26,WS Outbound-DCL Inbound,Union,21
10/16/2018 14:26,WS Outbound-DCL Inbound,Union,21
10/16/2018 14:27,WS Outbound-DCL Inbound,Union,21
10/16/2018 14:27,WS Outbound-DCL Inbound,Union,21
10/16/2018 14:28,WS Outbound-DCL Inbound,Union,21
10/16/2018 14:28,WS Outbound-DCL Inbound,Union,21
10/16/2018 14:28,WS Outbound-DCL Inbound,Union,21
10/16/2018 14:28,WS Outbound-DCL Inbound,Union,21
10/16/2018 14:28,WS Outbound-DCL Inbound,Union,21
10/16/2018 14:28,WS Outbound-DCL Inbound,Union,21
10/16/2018 14:32,WS Outbound-DCL Inbound,UDC,37
10/16/2018 14:32,WS Outbound-DCL Inbound,UDC,37
10/16/2018 14:32,WS Outbound-DCL Inbound,UDC,37
10/16/2018 14:32,WS Outbound-DCL Inbound,UDC,37
10/16/2018 14:32,WS Outbound-DCL Inbound,UDC,37
10/16/2018 14:32,WS Outbound-DCL Inbound,UDC,37
10/16/2018 14:32,WS Outbound-DCL Inbound,UDC,37
10/16/2018 14:32,WS Outbound-DCL Inbound,UDC,37
10/16/2018 14:35,WS Outbound-DCL Inbound,Leroy St and Front,37
10/16/2018 14:35,WS Outbound-DCL Inbound,Leroy St and Murray IB,37
10/16/2018 14:35,WS Outbound-DCL Inbound,Leroy St and Murray IB,37
10/16/2018 14:35,WS Outbound-DCL Inbound,Leroy St and Murray IB,37
10/16/2018 14:36,WS Outbound-DCL Inbound,Leroy St and Murray IB,37
10/16/2018 14:36,WS Outbound-DCL Inbound,Leroy St and Murray IB,37
10/16/2018 14:36,WS Outbound-DCL Inbound,Leroy St and Murray IB,37
10/16/2018 14:36,WS Outbound-DCL Inbound,Leroy St and Murray IB,37
10/16/2018 14:36,WS Outbound-DCL Inbound,Leroy St and Murray IB,37
10/16/2018 14:36,WS Outbound-DCL Inbound,Leroy St and Murray IB,37
10/16/2018 14:37,WS Outbound-DCL Inbound,Leroy St and Chestnut IB,37
10/16/2018 14:37,WS Outbound-DCL Inbound,Leroy St and Chestnut IB,37
10/16/2018 14:37,WS Outbound-DCL Inbound,Leroy St and Chestnut IB,37
10/16/2018 14:37,WS Outbound-DCL Inbound,Leroy St and Chestnut IB,37
10/16/2018 14:37,WS Outbound-DCL Inbound,Leroy St and Chestnut IB,37
10/16/2018 14:37,WS Outbound-DCL Inbound,Leroy St and Chestnut IB,37
10/16/2018 14:37,WS Outbound-DCL Inbound,Leroy St and Chestnut IB,37
10/16/2018 14:45,WS Outbound-DCL Inbound,Union,42
10/16/2018 14:45,WS Outbound-DCL Inbound,Union,42
10/16/2018 14:45,WS Outbound-DCL Inbound,Union,42
10/16/2018 14:45,WS Outbound-DCL Inbound,Union,42
10/16/2018 14:45,WS Outbound-DCL Inbound,Union,42
10/16/2018 14:45,WS Outbound-DCL Inbound,Union,42
10/16/2018 14:45,WS Outbound-DCL Inbound,Union,42
10/16/2018 14:45,WS Outbound-DCL Inbound,Union,42
10/16/2018 14:45,WS Outbound-DCL Inbound,Union,42
10/16/2018 14:45,WS Outbound-DCL Inbound,Union,42
10/16/2018 14:45,WS Outbound-DCL Inbound,Union,42
10/16/2018 14:45,WS Outbound-DCL Inbound,Union,42
10/16/2018 14:45,WS Outbound-DCL Inbound,Union,42
10/16/2018 14:45,WS Outbound-DCL Inbound,Union,42
10/16/2018 14:45,WS Outbound-DCL Inbound,Union,42
10/16/2018 14:45,WS Outbound-DCL Inbound,Union,42
10/16/2018 14:45,WS Outbound-DCL Inbound,Union,42
10/16/2018 14:45,WS Outbound-DCL Inbound,Union,42
10/16/2018 14:45,WS Outbound-DCL Inbound,Union,42
10/16/2018 14:45,WS Outbound-DCL Inbound,Union,42
10/16/2018 14:45,WS Outbound-DCL Inbound,Union,42
10/16/2018 14:45,WS Outbound-DCL Inbound,Union,42
10/16/2018 14:46,WS Outbound-DCL Inbound,Union,42
10/16/2018 14:46,WS Outbound-DCL Inbound,Union,42
10/16/2018 14:46,WS Outbound-DCL Inbound,Union,42
10/16/2018 14:46,WS Outbound-DCL Inbound,Union,42
10/16/2018 14:46,WS Outbound-DCL Inbound,Union,42
10/16/2018 14:46,WS Outbound-DCL Inbound,Union,42
10/16/2018 14:46,WS Outbound-DCL Inbound,Union,42
10/16/2018 14:46,WS Outbound-DCL Inbound,Union,42
10/16/2018 14:46,WS Outbound-DCL Inbound,Union,42
10/16/2018 14:46,WS Outbound-DCL Inbound,Union,42
10/16/2018 14:46,WS Outbound-DCL Inbound,Union,42
10/16/2018 14:46,WS Outbound-DCL Inbound,Union,42
10/16/2018 14:46,WS Outbound-DCL Inbound,Union,42
10/16/2018 14:46,WS Outbound-DCL Inbound,Union,42
10/16/2018 14:46,WS Outbound-DCL Inbound,Union,42
10/16/2018 14:46,WS Outbound-DCL Inbound,Union,42
10/16/2018 14:46,WS Outbound-DCL Inbound,Union,42
10/16/2018 14:46,WS Outbound-DCL Inbound,Union,42
10/16/2018 14:46,WS Outbound-DCL Inbound,Union,42
10/16/2018 14:46,WS Outbound-DCL Inbound,Union,42
10/16/2018 14:46,WS Outbound-DCL Inbound,Union,42
10/16/2018 14:46,WS Outbound-DCL Inbound,Union,42
10/16/2018 14:46,WS Outbound-DCL Inbound,Union,42
10/16/2018 14:46,WS Outbound-DCL Inbound,Union,42
10/16/2018 14:47,WS Outbound-DCL Inbound,Union,42
10/16/2018 14:47,WS Outbound-DCL Inbound,Union,42
10/16/2018 14:47,WS Outbound-DCL Inbound,Union,42
10/16/2018 14:47,WS Outbound-DCL Inbound,Union,42
10/16/2018 14:47,WS Outbound-DCL Inbound,Union,42
10/16/2018 14:47,WS Outbound-DCL Inbound,Union,42
10/16/2018 14:47,WS Outbound-DCL Inbound,Main and Schiller OB,21
10/16/2018 14:51,WS Outbound-DCL Inbound,Union,37
10/16/2018 14:51,WS Outbound-DCL Inbound,Union,37
10/16/2018 14:51,WS Outbound-DCL Inbound,Union,37
10/16/2018 14:51,WS Outbound-DCL Inbound,Union,37
10/16/2018 14:51,WS Outbound-DCL Inbound,Union,37
10/16/2018 14:51,WS Outbound-DCL Inbound,Union,37
10/16/2018 14:51,WS Outbound-DCL Inbound,Union,37
10/16/2018 14:51,WS Outbound-DCL Inbound,Union,37
10/16/2018 14:51,WS Outbound-DCL Inbound,Union,37
10/16/2018 14:51,WS Outbound-DCL Inbound,Union,37
10/16/2018 14:51,WS Outbound-DCL Inbound,Union,37
10/16/2018 14:51,WS Outbound-DCL Inbound,Union,37
10/16/2018 14:51,WS Outbound-DCL Inbound,Union,37
10/16/2018 14:51,WS Outbound-DCL Inbound,Union,37
10/16/2018 14:51,WS Outbound-DCL Inbound,Union,37
10/16/2018 14:51,WS Outbound-DCL Inbound,Union,37
10/16/2018 14:51,WS Outbound-DCL Inbound,Union,37
10/16/2018 14:51,WS Outbound-DCL Inbound,Union,37
10/16/2018 14:51,WS Outbound-DCL Inbound,Union,37
10/16/2018 14:51,WS Outbound-DCL Inbound,Union,37
10/16/2018 14:51,WS Outbound-DCL Inbound,Union,37
10/16/2018 14:51,WS Outbound-DCL Inbound,Union,37
10/16/2018 14:51,WS Outbound-DCL Inbound,Union,37
10/16/2018 14:51,WS Outbound-DCL Inbound,Main and Arthur,21
10/16/2018 14:51,WS Outbound-DCL Inbound,Union,37
10/16/2018 14:51,WS Outbound-DCL Inbound,Union,37
10/16/2018 14:51,WS Outbound-DCL Inbound,Union,37
10/16/2018 14:51,WS Outbound-DCL Inbound,Union,37
10/16/2018 14:52,WS Outbound-DCL Inbound,Union,37
10/16/2018 14:52,WS Outbound-DCL Inbound,Union,37
10/16/2018 14:52,WS Outbound-DCL Inbound,Union,37
10/16/2018 14:52,WS Outbound-DCL Inbound,Union,37
10/16/2018 14:52,WS Outbound-DCL Inbound,Union,37
10/16/2018 14:52,WS Outbound-DCL Inbound,Union,37
10/16/2018 14:52,WS Outbound-DCL Inbound,Union,37
10/16/2018 14:52,WS Outbound-DCL Inbound,Union,37
10/16/2018 14:52,WS Outbound-DCL Inbound,Union,37
10/16/2018 14:52,WS Outbound-DCL Inbound,Union,37
10/16/2018 14:52,WS Outbound-DCL Inbound,Union,37
10/16/2018 14:52,WS Outbound-DCL Inbound,Union,37
10/16/2018 14:52,WS Outbound-DCL Inbound,Union,37
10/16/2018 14:52,WS Outbound-DCL Inbound,Union,37
10/16/2018 14:52,WS Outbound-DCL Inbound,Union,37
10/16/2018 14:52,WS Outbound-DCL Inbound,Union,37
10/16/2018 14:52,WS Outbound-DCL Inbound,Union,37
10/16/2018 14:52,WS Outbound-DCL Inbound,Union,37
10/16/2018 14:52,WS Outbound-DCL Inbound,Union,37
10/16/2018 14:53,WS Outbound-DCL Inbound,Union,37
10/16/2018 14:53,WS Outbound-DCL Inbound,Union,37
10/16/2018 14:58,WS Outbound-DCL Inbound,Floral and Roberts IB,42
10/16/2018 14:58,WS Outbound-DCL Inbound,UDC,21
10/16/2018 14:58,WS Outbound-DCL Inbound,UDC,21
10/16/2018 14:58,WS Outbound-DCL Inbound,UDC,21
10/16/2018 15:03,WS Outbound-DCL Inbound,Main and Helen OB,42
10/16/2018 15:04,WS Outbound-DCL Inbound,Main and Schiller OB,42
10/16/2018 15:04,WS Outbound-DCL Inbound,Leroy St and Murray IB,21
10/16/2018 15:04,WS Outbound-DCL Inbound,Leroy St and Murray IB,21
10/16/2018 15:04,WS Outbound-DCL Inbound,Leroy St and Murray IB,21
10/16/2018 15:04,WS Outbound-DCL Inbound,Leroy St and Murray IB,21
10/16/2018 15:05,WS Outbound-DCL Inbound,Leroy St and Chestnut IB,21
10/16/2018 15:05,WS Outbound-DCL Inbound,Leroy St and Chestnut IB,21
10/16/2018 15:06,WS Outbound-DCL Inbound,Leroy St and Laurel IB,21
10/16/2018 15:08,WS Outbound-DCL Inbound,Riverside and Beethoven,21
10/16/2018 15:15,WS Outbound-DCL Inbound,Leroy St and Chestnut IB,42
10/16/2018 15:15,WS Outbound-DCL Inbound,Leroy St and Chestnut IB,42
10/16/2018 15:15,WS Outbound-DCL Inbound,Leroy St and Chestnut IB,42
10/16/2018 15:16,WS Outbound-DCL Inbound,Union,43
10/16/2018 15:16,WS Outbound-DCL Inbound,Union,43
10/16/2018 15:16,WS Outbound-DCL Inbound,Union,43
10/16/2018 15:16,WS Outbound-DCL Inbound,Union,43
10/16/2018 15:16,WS Outbound-DCL Inbound,Union,43
10/16/2018 15:16,WS Outbound-DCL Inbound,Union,43
10/16/2018 15:16,WS Outbound-DCL Inbound,Union,43
10/16/2018 15:16,WS Outbound-DCL Inbound,Union,43
10/16/2018 15:16,WS Outbound-DCL Inbound,Union,43
10/16/2018 15:16,WS Outbound-DCL Inbound,Union,43
10/16/2018 15:16,WS Outbound-DCL Inbound,Union,43
10/16/2018 15:16,WS Outbound-DCL Inbound,Union,43
10/16/2018 15:16,WS Outbound-DCL Inbound,Union,43
10/16/2018 15:16,WS Outbound-DCL Inbound,Union,43
10/16/2018 15:16,WS Outbound-DCL Inbound,Union,43
10/16/2018 15:16,WS Outbound-DCL Inbound,Union,43
10/16/2018 15:16,WS Outbound-DCL Inbound,Union,43
10/16/2018 15:17,WS Outbound-DCL Inbound,Union,43
10/16/2018 15:17,WS Outbound-DCL Inbound,Union,43
10/16/2018 15:17,WS Outbound-DCL Inbound,Union,43
10/16/2018 15:17,WS Outbound-DCL Inbound,Union,43
10/16/2018 15:17,WS Outbound-DCL Inbound,Union,43
10/16/2018 15:17,WS Outbound-DCL Inbound,Union,43
10/16/2018 15:17,WS Outbound-DCL Inbound,Union,43
10/16/2018 15:17,WS Outbound-DCL Inbound,Union,43
10/16/2018 15:17,WS Outbound-DCL Inbound,Union,43
10/16/2018 15:17,WS Outbound-DCL Inbound,Union,43
10/16/2018 15:17,WS Outbound-DCL Inbound,Union,43
10/16/2018 15:17,WS Outbound-DCL Inbound,Union,43
10/16/2018 15:17,WS Outbound-DCL Inbound,Union,43
10/16/2018 15:17,WS Outbound-DCL Inbound,Union,43
10/16/2018 15:17,WS Outbound-DCL Inbound,Union,43
10/16/2018 15:17,WS Outbound-DCL Inbound,Union,43
10/16/2018 15:17,WS Outbound-DCL Inbound,Union,43
10/16/2018 15:17,WS Outbound-DCL Inbound,Union,43
10/16/2018 15:17,WS Outbound-DCL Inbound,Union,43
10/16/2018 15:17,WS Outbound-DCL Inbound,Union,43
10/16/2018 15:17,WS Outbound-DCL Inbound,Union,43
10/16/2018 15:17,WS Outbound-DCL Inbound,Union,43
10/16/2018 15:20,WS Outbound-DCL Inbound,Physical Facilities,43
10/16/2018 15:25,WS Outbound-DCL Inbound,Floral and Harrison IB,43
10/16/2018 15:26,WS Outbound-DCL Inbound,Union,55
10/16/2018 15:26,WS Outbound-DCL Inbound,Union,55
10/16/2018 15:26,WS Outbound-DCL Inbound,Union,55
10/16/2018 15:26,WS Outbound-DCL Inbound,Union,55
10/16/2018 15:26,WS Outbound-DCL Inbound,Union,55
10/16/2018 15:26,WS Outbound-DCL Inbound,Floral and Cleveland IB,43
10/16/2018 15:26,WS Outbound-DCL Inbound,Union,55
10/16/2018 15:26,WS Outbound-DCL Inbound,Union,55
10/16/2018 15:26,WS Outbound-DCL Inbound,Union,55
10/16/2018 15:26,WS Outbound-DCL Inbound,Union,55
10/16/2018 15:26,WS Outbound-DCL Inbound,Union,55
10/16/2018 15:27,WS Outbound-DCL Inbound,Union,55
10/16/2018 15:28,WS Outbound-DCL Inbound,Union,55
10/16/2018 15:29,WS Outbound-DCL Inbound,Union,55
10/16/2018 15:29,WS Outbound-DCL Inbound,Union,55
10/16/2018 15:29,WS Outbound-DCL Inbound,Union,55
10/16/2018 15:30,WS Outbound-DCL Inbound,Main and Helen OB,43
10/16/2018 15:30,WS Outbound-DCL Inbound,Union,55
10/16/2018 15:33,WS Outbound-DCL Inbound,Main and Clarke IB,43
10/16/2018 15:35,WS Outbound-DCL Inbound,Main and Murray OB,43
10/16/2018 15:41,WS Outbound-DCL Inbound,UDC,43
10/16/2018 15:41,WS Outbound-DCL Inbound,UDC,43
10/16/2018 15:41,WS Outbound-DCL Inbound,UDC,43
10/16/2018 15:41,WS Outbound-DCL Inbound,UDC,43
10/16/2018 15:41,WS Outbound-DCL Inbound,UDC,43
10/16/2018 15:45,WS Outbound-DCL Inbound,Leroy St and Murray IB,43
10/16/2018 15:45,WS Outbound-DCL Inbound,Leroy St and Murray IB,43
10/16/2018 15:45,WS Outbound-DCL Inbound,Leroy St and Murray IB,43
10/16/2018 15:46,WS Outbound-DCL Inbound,Leroy St and Chestnut IB,43
10/16/2018 15:46,WS Outbound-DCL Inbound,Leroy St and Chestnut IB,43
10/16/2018 15:46,WS Outbound-DCL Inbound,Leroy St and Chestnut IB,43
10/16/2018 15:46,WS Outbound-DCL Inbound,Leroy St and Chestnut IB,43
10/16/2018 15:46,WS Outbound-DCL Inbound,Leroy St and Chestnut IB,43
10/16/2018 15:46,WS Outbound-DCL Inbound,Leroy St and Chestnut IB,43
10/16/2018 15:46,WS Outbound-DCL Inbound,Leroy St and Chestnut IB,43
10/16/2018 15:47,WS Outbound-DCL Inbound,Main and Cedar OB,55
10/16/2018 15:47,WS Outbound-DCL Inbound,Leroy St and Laurel IB,43
10/16/2018 15:53,WS Outbound-DCL Inbound,UDC,55
10/16/2018 15:53,WS Outbound-DCL Inbound,UDC,55
10/16/2018 15:54,WS Outbound-DCL Inbound,UDC,55
10/16/2018 15:55,WS Outbound-DCL Inbound,UDC,55
10/16/2018 15:56,WS Outbound-DCL Inbound,Union,42
10/16/2018 15:56,WS Outbound-DCL Inbound,Union,42
10/16/2018 15:56,WS Outbound-DCL Inbound,Union,42
10/16/2018 15:56,WS Outbound-DCL Inbound,Union,42
10/16/2018 15:56,WS Outbound-DCL Inbound,Union,42
10/16/2018 15:56,WS Outbound-DCL Inbound,Union,42
10/16/2018 15:56,WS Outbound-DCL Inbound,Union,42
10/16/2018 15:56,WS Outbound-DCL Inbound,Union,42
10/16/2018 15:56,WS Outbound-DCL Inbound,Union,42
10/16/2018 15:56,WS Outbound-DCL Inbound,Union,42
10/16/2018 15:57,WS Outbound-DCL Inbound,Union,42
10/16/2018 15:57,WS Outbound-DCL Inbound,Union,42
10/16/2018 15:57,WS Outbound-DCL Inbound,Union,42
10/16/2018 15:57,WS Outbound-DCL Inbound,Union,42
10/16/2018 15:57,WS Outbound-DCL Inbound,Union,42
10/16/2018 15:57,WS Outbound-DCL Inbound,Union,42
10/16/2018 15:57,WS Outbound-DCL Inbound,Union,42
10/16/2018 15:57,WS Outbound-DCL Inbound,Union,42
10/16/2018 15:57,WS Outbound-DCL Inbound,Union,42
10/16/2018 15:57,WS Outbound-DCL Inbound,Union,42
10/16/2018 15:57,WS Outbound-DCL Inbound,Union,42
10/16/2018 15:57,WS Outbound-DCL Inbound,Union,42
10/16/2018 15:57,WS Outbound-DCL Inbound,Union,42
10/16/2018 15:57,WS Outbound-DCL Inbound,Union,42
10/16/2018 15:57,WS Outbound-DCL Inbound,Union,42
10/16/2018 15:57,WS Outbound-DCL Inbound,Union,42
10/16/2018 15:57,WS Outbound-DCL Inbound,Union,42
10/16/2018 15:57,WS Outbound-DCL Inbound,Union,42
10/16/2018 15:57,WS Outbound-DCL Inbound,Union,42
10/16/2018 15:57,WS Outbound-DCL Inbound,Union,42
10/16/2018 15:57,WS Outbound-DCL Inbound,Union,42
10/16/2018 15:57,WS Outbound-DCL Inbound,Union,42
10/16/2018 15:57,WS Outbound-DCL Inbound,Union,42
10/16/2018 15:57,WS Outbound-DCL Inbound,Union,42
10/16/2018 15:58,WS Outbound-DCL Inbound,Union,42
10/16/2018 15:58,WS Outbound-DCL Inbound,Union,42
10/16/2018 15:58,WS Outbound-DCL Inbound,Union,42
10/16/2018 15:58,WS Outbound-DCL Inbound,Union,42
10/16/2018 15:58,WS Outbound-DCL Inbound,Union,42
10/16/2018 15:58,WS Outbound-DCL Inbound,Union,42
10/16/2018 15:58,WS Outbound-DCL Inbound,Union,42
10/16/2018 15:59,WS Outbound-DCL Inbound,Union,42
10/16/2018 15:59,WS Outbound-DCL Inbound,Union,42
10/16/2018 16:00,WS Outbound-DCL Inbound,Union,42
10/16/2018 16:00,WS Outbound-DCL Inbound,Union,42
10/16/2018 16:00,WS Outbound-DCL Inbound,Union,42
10/16/2018 16:00,WS Outbound-DCL Inbound,Union,42
10/16/2018 16:00,WS Outbound-DCL Inbound,Union,42
10/16/2018 16:01,WS Outbound-DCL Inbound,Leroy St and Murray IB,55
10/16/2018 16:01,WS Outbound-DCL Inbound,Leroy St and Murray IB,55
10/16/2018 16:01,WS Outbound-DCL Inbound,Leroy St and Murray IB,55
10/16/2018 16:02,WS Outbound-DCL Inbound,Leroy St and Chestnut IB,55
10/16/2018 16:02,WS Outbound-DCL Inbound,Leroy St and Chestnut IB,55
10/16/2018 16:02,WS Outbound-DCL Inbound,Leroy St and Chestnut IB,55
10/16/2018 16:02,WS Outbound-DCL Inbound,Leroy St and Chestnut IB,55
10/16/2018 16:02,WS Outbound-DCL Inbound,Leroy St and Chestnut IB,55
10/16/2018 16:11,WS Outbound-DCL Inbound,Floral and Main OB,42
10/16/2018 16:19,WS Outbound-DCL Inbound,Union,37
10/16/2018 16:19,WS Outbound-DCL Inbound,Union,37
10/16/2018 16:19,WS Outbound-DCL Inbound,Union,37
10/16/2018 16:19,WS Outbound-DCL Inbound,Union,37
10/16/2018 16:19,WS Outbound-DCL Inbound,Union,37
10/16/2018 16:20,WS Outbound-DCL Inbound,Union,37
10/16/2018 16:20,WS Outbound-DCL Inbound,Union,37
10/16/2018 16:20,WS Outbound-DCL Inbound,Union,37
10/16/2018 16:20,WS Outbound-DCL Inbound,Union,37
10/16/2018 16:20,WS Outbound-DCL Inbound,Union,37
10/16/2018 16:20,WS Outbound-DCL Inbound,Union,37
10/16/2018 16:20,WS Outbound-DCL Inbound,Union,37
10/16/2018 16:20,WS Outbound-DCL Inbound,Union,37
10/16/2018 16:20,WS Outbound-DCL Inbound,Union,37
10/16/2018 16:20,WS Outbound-DCL Inbound,Union,37
10/16/2018 16:20,WS Outbound-DCL Inbound,Union,37
10/16/2018 16:20,WS Outbound-DCL Inbound,Union,37
10/16/2018 16:20,WS Outbound-DCL Inbound,Union,37
10/16/2018 16:20,WS Outbound-DCL Inbound,Union,37
10/16/2018 16:20,WS Outbound-DCL Inbound,Union,37
10/16/2018 16:20,WS Outbound-DCL Inbound,Union,37
10/16/2018 16:20,WS Outbound-DCL Inbound,Union,37
10/16/2018 16:22,WS Outbound-DCL Inbound,UDC,42
10/16/2018 16:22,WS Outbound-DCL Inbound,UDC,42
10/16/2018 16:22,WS Outbound-DCL Inbound,UDC,42
10/16/2018 16:22,WS Outbound-DCL Inbound,UDC,42
10/16/2018 16:22,WS Outbound-DCL Inbound,UDC,42
10/16/2018 16:24,WS Outbound-DCL Inbound,UDC,42
10/16/2018 16:24,WS Outbound-DCL Inbound,UDC,42
10/16/2018 16:24,WS Outbound-DCL Inbound,UDC,42
10/16/2018 16:24,WS Outbound-DCL Inbound,Physical Facilities,37
10/16/2018 16:24,WS Outbound-DCL Inbound,Physical Facilities,37
10/16/2018 16:25,WS Outbound-DCL Inbound,UDC,42
10/16/2018 16:25,WS Outbound-DCL Inbound,Denny''s,37
10/16/2018 16:26,WS Outbound-DCL Inbound,Union,43
10/16/2018 16:26,WS Outbound-DCL Inbound,Union,43
10/16/2018 16:26,WS Outbound-DCL Inbound,Union,43
10/16/2018 16:26,WS Outbound-DCL Inbound,Union,43
10/16/2018 16:26,WS Outbound-DCL Inbound,Union,43
10/16/2018 16:26,WS Outbound-DCL Inbound,Union,43
10/16/2018 16:26,WS Outbound-DCL Inbound,Union,43
10/16/2018 16:27,WS Outbound-DCL Inbound,Union,43
10/16/2018 16:27,WS Outbound-DCL Inbound,Union,43
10/16/2018 16:27,WS Outbound-DCL Inbound,Union,43
10/16/2018 16:27,WS Outbound-DCL Inbound,Union,43
10/16/2018 16:27,WS Outbound-DCL Inbound,Union,43
10/16/2018 16:27,WS Outbound-DCL Inbound,Union,43
10/16/2018 16:27,WS Outbound-DCL Inbound,Union,43
10/16/2018 16:27,WS Outbound-DCL Inbound,Union,43
10/16/2018 16:27,WS Outbound-DCL Inbound,Union,43
10/16/2018 16:27,WS Outbound-DCL Inbound,Union,43
10/16/2018 16:27,WS Outbound-DCL Inbound,Union,43
10/16/2018 16:27,WS Outbound-DCL Inbound,Union,43
10/16/2018 16:27,WS Outbound-DCL Inbound,Union,43
10/16/2018 16:27,WS Outbound-DCL Inbound,Union,43
10/16/2018 16:27,WS Outbound-DCL Inbound,Union,43
10/16/2018 16:27,WS Outbound-DCL Inbound,Union,43
10/16/2018 16:27,WS Outbound-DCL Inbound,Union,43
10/16/2018 16:27,WS Outbound-DCL Inbound,Union,43
10/16/2018 16:27,WS Outbound-DCL Inbound,Union,43
10/16/2018 16:27,WS Outbound-DCL Inbound,Union,43
10/16/2018 16:27,WS Outbound-DCL Inbound,Union,43
10/16/2018 16:27,WS Outbound-DCL Inbound,Union,43
10/16/2018 16:27,WS Outbound-DCL Inbound,Union,43
10/16/2018 16:27,WS Outbound-DCL Inbound,Union,43
10/16/2018 16:27,WS Outbound-DCL Inbound,Union,43
10/16/2018 16:28,WS Outbound-DCL Inbound,Union,43
10/16/2018 16:28,WS Outbound-DCL Inbound,Union,43
10/16/2018 16:29,WS Outbound-DCL Inbound,Union,43
10/16/2018 16:29,WS Outbound-DCL Inbound,Union,43
10/16/2018 16:29,WS Outbound-DCL Inbound,Union,43
10/16/2018 16:29,WS Outbound-DCL Inbound,Union,43
10/16/2018 16:30,WS Outbound-DCL Inbound,Union,43
10/16/2018 16:30,WS Outbound-DCL Inbound,Union,43
10/16/2018 16:30,WS Outbound-DCL Inbound,Engineering Bldg,43
10/16/2018 16:35,WS Outbound-DCL Inbound,Main and Helen OB,37
10/16/2018 16:35,WS Outbound-DCL Inbound,Main and Helen OB,37
10/16/2018 16:43,WS Outbound-DCL Inbound,Union,21
10/16/2018 16:43,WS Outbound-DCL Inbound,Union,21
10/16/2018 16:43,WS Outbound-DCL Inbound,Union,21
10/16/2018 16:43,WS Outbound-DCL Inbound,Union,21
10/16/2018 16:43,WS Outbound-DCL Inbound,Union,21
10/16/2018 16:43,WS Outbound-DCL Inbound,Union,21
10/16/2018 16:44,WS Outbound-DCL Inbound,Union,21
10/16/2018 16:44,WS Outbound-DCL Inbound,Union,21
10/16/2018 16:44,WS Outbound-DCL Inbound,UDC,37
10/16/2018 16:44,WS Outbound-DCL Inbound,UDC,37
10/16/2018 16:44,WS Outbound-DCL Inbound,UDC,37
10/16/2018 16:44,WS Outbound-DCL Inbound,UDC,37
10/16/2018 16:45,WS Outbound-DCL Inbound,Union,21
10/16/2018 16:45,WS Outbound-DCL Inbound,Union,21
10/16/2018 16:46,WS Outbound-DCL Inbound,Union,21
10/16/2018 16:46,WS Outbound-DCL Inbound,Union,21
10/16/2018 16:47,WS Outbound-DCL Inbound,Union,21
10/16/2018 16:47,WS Outbound-DCL Inbound,Leroy St and Murray IB,37
10/16/2018 16:47,WS Outbound-DCL Inbound,Leroy St and Murray IB,37
10/16/2018 16:47,WS Outbound-DCL Inbound,Leroy St and Murray IB,37
10/16/2018 16:47,WS Outbound-DCL Inbound,Leroy St and Murray IB,37
10/16/2018 16:47,WS Outbound-DCL Inbound,Leroy St and Murray IB,37
10/16/2018 16:47,WS Outbound-DCL Inbound,Leroy St and Murray IB,37
10/16/2018 16:47,WS Outbound-DCL Inbound,Main and Clarke OB,43
10/16/2018 16:47,WS Outbound-DCL Inbound,Leroy St and Murray IB,37
10/16/2018 16:48,WS Outbound-DCL Inbound,Leroy St and Chestnut IB,37
10/16/2018 16:48,WS Outbound-DCL Inbound,Leroy St and Chestnut IB,37
10/16/2018 16:48,WS Outbound-DCL Inbound,Leroy St and Chestnut IB,37
10/16/2018 16:48,WS Outbound-DCL Inbound,Leroy St and Chestnut IB,37
10/16/2018 16:49,WS Outbound-DCL Inbound,Leroy St and Chestnut IB,37
10/16/2018 16:49,WS Outbound-DCL Inbound,Leroy St and Chestnut IB,37
10/16/2018 16:49,WS Outbound-DCL Inbound,Main and Arthur,43
10/16/2018 16:59,WS Outbound-DCL Inbound,Academic A,37
10/16/2018 16:59,WS Outbound-DCL Inbound,Floral and Burbank OB,21
10/16/2018 17:01,WS Outbound-DCL Inbound,Union,891
10/16/2018 17:01,WS Outbound-DCL Inbound,Union,891
10/16/2018 17:01,WS Outbound-DCL Inbound,Union,891
10/16/2018 17:01,WS Outbound-DCL Inbound,Union,891
10/16/2018 17:01,WS Outbound-DCL Inbound,Union,891
10/16/2018 17:01,WS Outbound-DCL Inbound,Union,891
10/16/2018 17:01,WS Outbound-DCL Inbound,Union,891
10/16/2018 17:01,WS Outbound-DCL Inbound,Union,891
10/16/2018 17:01,WS Outbound-DCL Inbound,Union,891
10/16/2018 17:01,WS Outbound-DCL Inbound,Union,891
10/16/2018 17:01,WS Outbound-DCL Inbound,Union,891
10/16/2018 17:01,WS Outbound-DCL Inbound,Union,891
10/16/2018 17:02,WS Outbound-DCL Inbound,Union,891
10/16/2018 17:02,WS Outbound-DCL Inbound,Union,891
10/16/2018 17:02,WS Outbound-DCL Inbound,Union,891
10/16/2018 17:02,WS Outbound-DCL Inbound,Union,891
10/16/2018 17:02,WS Outbound-DCL Inbound,Union,891
10/16/2018 17:02,WS Outbound-DCL Inbound,Union,891
10/16/2018 17:02,WS Outbound-DCL Inbound,Union,891
10/16/2018 17:02,WS Outbound-DCL Inbound,Union,891
10/16/2018 17:03,WS Outbound-DCL Inbound,Union,891
10/16/2018 17:04,WS Outbound-DCL Inbound,Union,891
10/16/2018 17:05,WS Outbound-DCL Inbound,Union,891
10/16/2018 17:05,WS Outbound-DCL Inbound,Union,891
10/16/2018 17:05,WS Outbound-DCL Inbound,Main and Clarke OB,21
10/16/2018 17:10,WS Outbound-DCL Inbound,Denny''s,891
10/16/2018 17:13,WS Outbound-DCL Inbound,UDC,21
10/16/2018 17:13,WS Outbound-DCL Inbound,UDC,21
10/16/2018 17:13,WS Outbound-DCL Inbound,UDC,21
10/16/2018 17:13,WS Outbound-DCL Inbound,UDC,21
10/16/2018 17:13,WS Outbound-DCL Inbound,UDC,21
10/16/2018 17:13,WS Outbound-DCL Inbound,UDC,21
10/16/2018 17:13,WS Outbound-DCL Inbound,UDC,21
10/16/2018 17:13,WS Outbound-DCL Inbound,UDC,21
10/16/2018 17:16,WS Outbound-DCL Inbound,Union,889
10/16/2018 17:16,WS Outbound-DCL Inbound,Union,889
10/16/2018 17:16,WS Outbound-DCL Inbound,Union,889
10/16/2018 17:16,WS Outbound-DCL Inbound,Union,889
10/16/2018 17:16,WS Outbound-DCL Inbound,Leroy St and Front,21
10/16/2018 17:16,WS Outbound-DCL Inbound,Union,889
10/16/2018 17:16,WS Outbound-DCL Inbound,Leroy St and Front,21
10/16/2018 17:16,WS Outbound-DCL Inbound,Union,889
10/16/2018 17:16,WS Outbound-DCL Inbound,Union,889
10/16/2018 17:16,WS Outbound-DCL Inbound,Union,889
10/16/2018 17:16,WS Outbound-DCL Inbound,Union,889
10/16/2018 17:16,WS Outbound-DCL Inbound,Union,889
10/16/2018 17:16,WS Outbound-DCL Inbound,Union,889
10/16/2018 17:16,WS Outbound-DCL Inbound,Union,889
10/16/2018 17:17,WS Outbound-DCL Inbound,Union,889
10/16/2018 17:17,WS Outbound-DCL Inbound,Union,889
10/16/2018 17:17,WS Outbound-DCL Inbound,Union,889
10/16/2018 17:17,WS Outbound-DCL Inbound,Union,889
10/16/2018 17:17,WS Outbound-DCL Inbound,Leroy St and Murray IB,21
10/16/2018 17:17,WS Outbound-DCL Inbound,Union,889
10/16/2018 17:17,WS Outbound-DCL Inbound,Leroy St and Murray IB,21
10/16/2018 17:17,WS Outbound-DCL Inbound,Leroy St and Murray IB,21
10/16/2018 17:17,WS Outbound-DCL Inbound,Leroy St and Murray IB,21
10/16/2018 17:17,WS Outbound-DCL Inbound,Leroy St and Murray IB,21
10/16/2018 17:17,WS Outbound-DCL Inbound,Leroy St and Murray IB,21
10/16/2018 17:17,WS Outbound-DCL Inbound,Leroy St and Murray IB,21
10/16/2018 17:17,WS Outbound-DCL Inbound,Leroy St and Murray IB,21
10/16/2018 17:17,WS Outbound-DCL Inbound,Leroy St and Murray IB,21
10/16/2018 17:17,WS Outbound-DCL Inbound,Leroy St and Murray IB,21
10/16/2018 17:17,WS Outbound-DCL Inbound,Union,889
10/16/2018 17:17,WS Outbound-DCL Inbound,Union,889
10/16/2018 17:18,WS Outbound-DCL Inbound,Union,889
10/16/2018 17:18,WS Outbound-DCL Inbound,Leroy St and Chestnut IB,21
10/16/2018 17:18,WS Outbound-DCL Inbound,Leroy St and Chestnut IB,21
10/16/2018 17:18,WS Outbound-DCL Inbound,Leroy St and Chestnut IB,21
10/16/2018 17:18,WS Outbound-DCL Inbound,Leroy St and Chestnut IB,21
10/16/2018 17:20,WS Outbound-DCL Inbound,Beethoven and Leroy,21
10/16/2018 17:20,WS Outbound-DCL Inbound,Main and Clarke OB,891
10/16/2018 17:20,WS Outbound-DCL Inbound,Physical Facilities OB,889
10/16/2018 17:20,WS Outbound-DCL Inbound,Main and Cedar OB,891
10/16/2018 17:21,WS Outbound-DCL Inbound,Riverside and Beethoven,21
10/16/2018 17:23,WS Outbound-DCL Inbound,Riverside and Margaret IB,21
10/16/2018 17:24,WS Outbound-DCL Inbound,Riverside and Columbus IB,21
10/16/2018 17:34,WS Outbound-DCL Inbound,Union,37
10/16/2018 17:34,WS Outbound-DCL Inbound,Union,37
10/16/2018 17:34,WS Outbound-DCL Inbound,Union,37
10/16/2018 17:34,WS Outbound-DCL Inbound,Union,37
10/16/2018 17:34,WS Outbound-DCL Inbound,Union,37
10/16/2018 17:34,WS Outbound-DCL Inbound,Union,37
10/16/2018 17:34,WS Outbound-DCL Inbound,Union,37
10/16/2018 17:34,WS Outbound-DCL Inbound,Union,37
10/16/2018 17:34,WS Outbound-DCL Inbound,Union,37
10/16/2018 17:34,WS Outbound-DCL Inbound,Union,37
10/16/2018 17:34,WS Outbound-DCL Inbound,Union,37
10/16/2018 17:34,WS Outbound-DCL Inbound,Union,37
10/16/2018 17:35,WS Outbound-DCL Inbound,Union,37
10/16/2018 17:35,WS Outbound-DCL Inbound,Union,37
10/16/2018 17:35,WS Outbound-DCL Inbound,Union,37
10/16/2018 17:35,WS Outbound-DCL Inbound,Union,37
10/16/2018 17:35,WS Outbound-DCL Inbound,Union,37
10/16/2018 17:35,WS Outbound-DCL Inbound,Union,37
10/16/2018 17:35,WS Outbound-DCL Inbound,Union,37
10/16/2018 17:35,WS Outbound-DCL Inbound,Union,37
10/16/2018 17:35,WS Outbound-DCL Inbound,Union,37
10/16/2018 17:35,WS Outbound-DCL Inbound,Union,37
10/16/2018 17:35,WS Outbound-DCL Inbound,Union,37
10/16/2018 17:35,WS Outbound-DCL Inbound,Union,37
10/16/2018 17:35,WS Outbound-DCL Inbound,Union,37
10/16/2018 17:35,WS Outbound-DCL Inbound,Union,37
10/16/2018 17:35,WS Outbound-DCL Inbound,Union,37
10/16/2018 17:35,WS Outbound-DCL Inbound,Union,37
10/16/2018 17:35,WS Outbound-DCL Inbound,Union,37
10/16/2018 17:35,WS Outbound-DCL Inbound,Union,37
10/16/2018 17:35,WS Outbound-DCL Inbound,Union,37
10/16/2018 17:35,WS Outbound-DCL Inbound,Union,37
10/16/2018 17:35,WS Outbound-DCL Inbound,Union,37
10/16/2018 17:35,WS Outbound-DCL Inbound,Union,37
10/16/2018 17:38,WS Outbound-DCL Inbound,Physical Facilities,37
10/16/2018 17:38,WS Outbound-DCL Inbound,Physical Facilities,37
10/16/2018 17:39,WS Outbound-DCL Inbound,UDC,889
10/16/2018 17:39,WS Outbound-DCL Inbound,UDC,889
10/16/2018 17:42,WS Outbound-DCL Inbound,Leroy St and Front,889
10/16/2018 17:42,WS Outbound-DCL Inbound,Leroy St and Front,889
10/16/2018 17:43,WS Outbound-DCL Inbound,Leroy St and Murray IB,889
10/16/2018 17:43,WS Outbound-DCL Inbound,Leroy St and Murray IB,889
10/16/2018 17:43,WS Outbound-DCL Inbound,Leroy St and Murray IB,889
10/16/2018 17:43,WS Outbound-DCL Inbound,Leroy St and Murray IB,889
10/16/2018 17:43,WS Outbound-DCL Inbound,Leroy St and Murray IB,889
10/16/2018 17:43,WS Outbound-DCL Inbound,Leroy St and Murray IB,889
10/16/2018 17:43,WS Outbound-DCL Inbound,Leroy St and Murray IB,889
10/16/2018 17:43,WS Outbound-DCL Inbound,Leroy St and Murray IB,889
10/16/2018 17:44,WS Outbound-DCL Inbound,Leroy St and Chestnut IB,889
10/16/2018 17:44,WS Outbound-DCL Inbound,Leroy St and Chestnut IB,889
10/16/2018 17:45,WS Outbound-DCL Inbound,Leroy St and Laurel IB,889
10/16/2018 17:49,WS Outbound-DCL Inbound,Main and Helen OB,37
10/16/2018 17:49,WS Outbound-DCL Inbound,Union,891
10/16/2018 17:49,WS Outbound-DCL Inbound,Union,891
10/16/2018 17:49,WS Outbound-DCL Inbound,Union,891
10/16/2018 17:49,WS Outbound-DCL Inbound,Union,891
10/16/2018 17:49,WS Outbound-DCL Inbound,Union,891
10/16/2018 17:50,WS Outbound-DCL Inbound,Main and Schiller OB,37
10/16/2018 17:52,WS Outbound-DCL Inbound,Main and Cedar OB,37
10/16/2018 17:52,WS Outbound-DCL Inbound,Main and Cedar OB,37
10/16/2018 17:55,WS Outbound-DCL Inbound,Main and Front OB,37
10/16/2018 17:56,WS Outbound-DCL Inbound,Main and Front OB,37
10/16/2018 17:56,WS Outbound-DCL Inbound,Academic A,889
10/16/2018 18:01,WS Outbound-DCL Inbound,Union,42
10/16/2018 18:01,WS Outbound-DCL Inbound,Union,42
10/16/2018 18:01,WS Outbound-DCL Inbound,Union,42
10/16/2018 18:01,WS Outbound-DCL Inbound,Union,42
10/16/2018 18:02,WS Outbound-DCL Inbound,Union,42
10/16/2018 18:02,WS Outbound-DCL Inbound,Union,42
10/16/2018 18:02,WS Outbound-DCL Inbound,Union,42
10/16/2018 18:02,WS Outbound-DCL Inbound,Union,42
10/16/2018 18:02,WS Outbound-DCL Inbound,Union,42
10/16/2018 18:02,WS Outbound-DCL Inbound,Union,42
10/16/2018 18:02,WS Outbound-DCL Inbound,Union,42
10/16/2018 18:02,WS Outbound-DCL Inbound,Union,42
10/16/2018 18:02,WS Outbound-DCL Inbound,Union,42
10/16/2018 18:02,WS Outbound-DCL Inbound,Union,42
10/16/2018 18:02,WS Outbound-DCL Inbound,Union,42
10/16/2018 18:02,WS Outbound-DCL Inbound,Union,42
10/16/2018 18:02,WS Outbound-DCL Inbound,Union,42
10/16/2018 18:02,WS Outbound-DCL Inbound,Union,42
10/16/2018 18:02,WS Outbound-DCL Inbound,Union,42
10/16/2018 18:02,WS Outbound-DCL Inbound,Union,42
10/16/2018 18:02,WS Outbound-DCL Inbound,Union,42
10/16/2018 18:02,WS Outbound-DCL Inbound,Union,42
10/16/2018 18:02,WS Outbound-DCL Inbound,Union,42
10/16/2018 18:02,WS Outbound-DCL Inbound,Union,42
10/16/2018 18:02,WS Outbound-DCL Inbound,Union,42
10/16/2018 18:02,WS Outbound-DCL Inbound,Union,42
10/16/2018 18:02,WS Outbound-DCL Inbound,Union,42
10/16/2018 18:02,WS Outbound-DCL Inbound,Union,42
10/16/2018 18:02,WS Outbound-DCL Inbound,Union,42
10/16/2018 18:02,WS Outbound-DCL Inbound,Union,42
10/16/2018 18:02,WS Outbound-DCL Inbound,Union,42
10/16/2018 18:02,WS Outbound-DCL Inbound,Union,42
10/16/2018 18:02,WS Outbound-DCL Inbound,Union,42
10/16/2018 18:03,WS Outbound-DCL Inbound,Union,42
10/16/2018 18:03,WS Outbound-DCL Inbound,Union,42
10/16/2018 18:03,WS Outbound-DCL Inbound,Union,42
10/16/2018 18:03,WS Outbound-DCL Inbound,Union,42
10/16/2018 18:03,WS Outbound-DCL Inbound,Union,42
10/16/2018 18:03,WS Outbound-DCL Inbound,Union,42
10/16/2018 18:03,WS Outbound-DCL Inbound,Union,42
10/16/2018 18:03,WS Outbound-DCL Inbound,Floral and Main OB,891
10/16/2018 18:03,WS Outbound-DCL Inbound,Union,42
10/16/2018 18:03,WS Outbound-DCL Inbound,Union,42
10/16/2018 18:03,WS Outbound-DCL Inbound,Union,42
10/16/2018 18:03,WS Outbound-DCL Inbound,Union,42
10/16/2018 18:03,WS Outbound-DCL Inbound,Union,42
10/16/2018 18:03,WS Outbound-DCL Inbound,Union,42
10/16/2018 18:03,WS Outbound-DCL Inbound,Union,42
10/16/2018 18:03,WS Outbound-DCL Inbound,Union,42
10/16/2018 18:03,WS Outbound-DCL Inbound,Union,42
10/16/2018 18:04,WS Outbound-DCL Inbound,Union,42
10/16/2018 18:04,WS Outbound-DCL Inbound,Union,42
10/16/2018 18:07,WS Outbound-DCL Inbound,Physical Facilities,42
10/16/2018 18:09,WS Outbound-DCL Inbound,Main and Murray OB,891
10/16/2018 18:10,WS Outbound-DCL Inbound,Main and Front OB,891
10/16/2018 18:12,WS Outbound-DCL Inbound,UDC,891
10/16/2018 18:12,WS Outbound-DCL Inbound,UDC,891
10/16/2018 18:13,WS Outbound-DCL Inbound,UDC,891
10/16/2018 18:13,WS Outbound-DCL Inbound,Floral and Cleveland OB,42
10/16/2018 18:15,WS Outbound-DCL Inbound,Main and Crestmont OB,42
10/16/2018 18:17,WS Outbound-DCL Inbound,Main and Schiller OB,42
10/16/2018 18:17,WS Outbound-DCL Inbound,Leroy St and Murray IB,891
10/16/2018 18:17,WS Outbound-DCL Inbound,Leroy St and Murray IB,891
10/16/2018 18:17,WS Outbound-DCL Inbound,Leroy St and Murray IB,891
10/16/2018 18:17,WS Outbound-DCL Inbound,Leroy St and Murray IB,891
10/16/2018 18:18,WS Outbound-DCL Inbound,Leroy St and Chestnut IB,891
10/16/2018 18:18,WS Outbound-DCL Inbound,Leroy St and Chestnut IB,891
10/16/2018 18:18,WS Outbound-DCL Inbound,Leroy St and Chestnut IB,891
10/16/2018 18:18,WS Outbound-DCL Inbound,Leroy St and Chestnut IB,891
10/16/2018 18:18,WS Outbound-DCL Inbound,Leroy St and Chestnut IB,891
10/16/2018 18:19,WS Outbound-DCL Inbound,Union,55
10/16/2018 18:19,WS Outbound-DCL Inbound,Union,55
10/16/2018 18:19,WS Outbound-DCL Inbound,Union,55
10/16/2018 18:19,WS Outbound-DCL Inbound,Union,55
10/16/2018 18:19,WS Outbound-DCL Inbound,Union,55
10/16/2018 18:19,WS Outbound-DCL Inbound,Union,55
10/16/2018 18:19,WS Outbound-DCL Inbound,Union,55
10/16/2018 18:19,WS Outbound-DCL Inbound,Union,55
10/16/2018 18:19,WS Outbound-DCL Inbound,Union,55
10/16/2018 18:19,WS Outbound-DCL Inbound,Union,55
10/16/2018 18:19,WS Outbound-DCL Inbound,Union,55
10/16/2018 18:19,WS Outbound-DCL Inbound,Union,55
10/16/2018 18:19,WS Outbound-DCL Inbound,Union,55
10/16/2018 18:19,WS Outbound-DCL Inbound,Union,55
10/16/2018 18:19,WS Outbound-DCL Inbound,Union,55
10/16/2018 18:19,WS Outbound-DCL Inbound,Union,55
10/16/2018 18:19,WS Outbound-DCL Inbound,Union,55
10/16/2018 18:20,WS Outbound-DCL Inbound,Union,55
10/16/2018 18:20,WS Outbound-DCL Inbound,Union,55
10/16/2018 18:23,WS Outbound-DCL Inbound,Riverside and Margaret,891
10/16/2018 18:23,WS Outbound-DCL Inbound,Physical Facilities OB,55
10/16/2018 18:27,WS Outbound-DCL Inbound,UDC,42
10/16/2018 18:27,WS Outbound-DCL Inbound,UDC,42
10/16/2018 18:27,WS Outbound-DCL Inbound,UDC,42
10/16/2018 18:27,WS Outbound-DCL Inbound,UDC,42
10/16/2018 18:27,WS Outbound-DCL Inbound,UDC,42
10/16/2018 18:27,WS Outbound-DCL Inbound,UDC,42
10/16/2018 18:27,WS Outbound-DCL Inbound,UDC,42
10/16/2018 18:37,WS Outbound-DCL Inbound,Union,21
10/16/2018 18:37,WS Outbound-DCL Inbound,Union,21
10/16/2018 18:37,WS Outbound-DCL Inbound,Union,21
10/16/2018 18:37,WS Outbound-DCL Inbound,Union,21
10/16/2018 18:37,WS Outbound-DCL Inbound,Union,21
10/16/2018 18:37,WS Outbound-DCL Inbound,Union,21
10/16/2018 18:37,WS Outbound-DCL Inbound,Union,21
10/16/2018 18:37,WS Outbound-DCL Inbound,Union,21
10/16/2018 18:37,WS Outbound-DCL Inbound,Union,21
10/16/2018 18:37,WS Outbound-DCL Inbound,Union,21
10/16/2018 18:37,WS Outbound-DCL Inbound,Union,21
10/16/2018 18:37,WS Outbound-DCL Inbound,Union,21
10/16/2018 18:37,WS Outbound-DCL Inbound,Union,21
10/16/2018 18:37,WS Outbound-DCL Inbound,Union,21
10/16/2018 18:37,WS Outbound-DCL Inbound,Union,21
10/16/2018 18:37,WS Outbound-DCL Inbound,Union,21
10/16/2018 18:37,WS Outbound-DCL Inbound,Union,21
10/16/2018 18:37,WS Outbound-DCL Inbound,Union,21
10/16/2018 18:37,WS Outbound-DCL Inbound,Union,21
10/16/2018 18:37,WS Outbound-DCL Inbound,Union,21
10/16/2018 18:37,WS Outbound-DCL Inbound,Union,21
10/16/2018 18:37,WS Outbound-DCL Inbound,Union,21
10/16/2018 18:37,WS Outbound-DCL Inbound,Union,21
10/16/2018 18:37,WS Outbound-DCL Inbound,Union,21
10/16/2018 18:37,WS Outbound-DCL Inbound,Union,21
10/16/2018 18:38,WS Outbound-DCL Inbound,Union,21
10/16/2018 18:38,WS Outbound-DCL Inbound,Union,21
10/16/2018 18:38,WS Outbound-DCL Inbound,Union,21
10/16/2018 18:38,WS Outbound-DCL Inbound,Union,21
10/16/2018 18:38,WS Outbound-DCL Inbound,Union,21
10/16/2018 18:46,WS Outbound-DCL Inbound,Leroy St and Murray IB,55
10/16/2018 18:46,WS Outbound-DCL Inbound,Leroy St and Murray IB,55
10/16/2018 18:46,WS Outbound-DCL Inbound,Leroy St and Murray IB,55
10/16/2018 18:46,WS Outbound-DCL Inbound,Leroy St and Murray IB,55
10/16/2018 18:47,WS Outbound-DCL Inbound,Leroy St and Chestnut IB,55
10/16/2018 18:47,WS Outbound-DCL Inbound,Leroy St and Chestnut IB,55
10/16/2018 18:47,WS Outbound-DCL Inbound,Leroy St and Chestnut IB,55
10/16/2018 18:47,WS Outbound-DCL Inbound,Leroy St and Chestnut IB,55
10/16/2018 18:48,WS Outbound-DCL Inbound,Union,42
10/16/2018 18:48,WS Outbound-DCL Inbound,Union,42
10/16/2018 18:48,WS Outbound-DCL Inbound,Union,42
10/16/2018 18:48,WS Outbound-DCL Inbound,Leroy St and Laurel IB,55
10/16/2018 18:48,WS Outbound-DCL Inbound,Union,42
10/16/2018 18:48,WS Outbound-DCL Inbound,Union,42
10/16/2018 18:48,WS Outbound-DCL Inbound,Union,42
10/16/2018 18:48,WS Outbound-DCL Inbound,Union,42
10/16/2018 18:49,WS Outbound-DCL Inbound,Union,42
10/16/2018 18:49,WS Outbound-DCL Inbound,Union,42
10/16/2018 18:50,WS Outbound-DCL Inbound,Union,42
10/16/2018 18:50,WS Outbound-DCL Inbound,Union,42
10/16/2018 18:52,WS Outbound-DCL Inbound,Riverside and Margaret OB,55
10/16/2018 18:52,WS Outbound-DCL Inbound,Main and Helen OB,21
10/16/2018 18:52,WS Outbound-DCL Inbound,Physical Facilities,42
10/16/2018 18:52,WS Outbound-DCL Inbound,Main and Helen OB,21
10/16/2018 18:57,WS Outbound-DCL Inbound,Main and Arthur,21
10/16/2018 19:02,WS Outbound-DCL Inbound,Main and Helen OB,42
10/16/2018 19:04,WS Outbound-DCL Inbound,Main and Clarke OB,42
10/16/2018 19:04,WS Outbound-DCL Inbound,Main and Clarke OB,42
10/16/2018 19:10,WS Outbound-DCL Inbound,UDC,42
10/16/2018 19:14,WS Outbound-DCL Inbound,UDC,42
10/16/2018 19:21,WS Outbound-DCL Inbound,Leroy St and Murray IB,42
10/16/2018 19:21,WS Outbound-DCL Inbound,Leroy St and Murray IB,42
10/16/2018 19:22,WS Outbound-DCL Inbound,Leroy St and Murray IB,42
10/16/2018 19:23,WS Outbound-DCL Inbound,Main and Arthur,43
10/16/2018 19:23,WS Outbound-DCL Inbound,Main and Arthur,43
10/16/2018 19:23,WS Outbound-DCL Inbound,Leroy St and Chestnut IB,42
10/16/2018 19:23,WS Outbound-DCL Inbound,Leroy St and Chestnut IB,42
10/16/2018 19:23,WS Outbound-DCL Inbound,Leroy St and Chestnut IB,42
10/16/2018 19:23,WS Outbound-DCL Inbound,Leroy St and Chestnut IB,42
10/16/2018 19:28,WS Outbound-DCL Inbound,UDC,43
10/16/2018 19:29,WS Outbound-DCL Inbound,UDC,43
10/16/2018 19:30,WS Outbound-DCL Inbound,UDC,43
10/16/2018 19:32,WS Outbound-DCL Inbound,Union,55
10/16/2018 19:32,WS Outbound-DCL Inbound,Union,55
10/16/2018 19:32,WS Outbound-DCL Inbound,Union,55
10/16/2018 19:32,WS Outbound-DCL Inbound,Union,55
10/16/2018 19:32,WS Outbound-DCL Inbound,Union,55
10/16/2018 19:32,WS Outbound-DCL Inbound,Union,55
10/16/2018 19:32,WS Outbound-DCL Inbound,Union,55
10/16/2018 19:33,WS Outbound-DCL Inbound,Union,55
10/16/2018 19:33,WS Outbound-DCL Inbound,Union,55
10/16/2018 19:33,WS Outbound-DCL Inbound,Union,55
10/16/2018 19:33,WS Outbound-DCL Inbound,Union,55
10/16/2018 19:33,WS Outbound-DCL Inbound,Union,55
10/16/2018 19:33,WS Outbound-DCL Inbound,Union,55
10/16/2018 19:33,WS Outbound-DCL Inbound,Union,55
10/16/2018 19:33,WS Outbound-DCL Inbound,Union,55
10/16/2018 19:33,WS Outbound-DCL Inbound,Union,55
10/16/2018 19:33,WS Outbound-DCL Inbound,Union,55
10/16/2018 19:33,WS Outbound-DCL Inbound,Union,55
10/16/2018 19:33,WS Outbound-DCL Inbound,Union,55
10/16/2018 19:33,WS Outbound-DCL Inbound,Union,55
10/16/2018 19:33,WS Outbound-DCL Inbound,Union,55
10/16/2018 19:33,WS Outbound-DCL Inbound,Union,55
10/16/2018 19:33,WS Outbound-DCL Inbound,Union,55
10/16/2018 19:33,WS Outbound-DCL Inbound,Leroy St and Chestnut IB,43
10/16/2018 19:33,WS Outbound-DCL Inbound,Union,55
10/16/2018 19:33,WS Outbound-DCL Inbound,Union,55
10/16/2018 19:33,WS Outbound-DCL Inbound,Leroy St and Chestnut IB,43
10/16/2018 19:33,WS Outbound-DCL Inbound,Union,55
10/16/2018 19:33,WS Outbound-DCL Inbound,Union,55
10/16/2018 19:33,WS Outbound-DCL Inbound,Leroy St and Chestnut IB,43
10/16/2018 19:33,WS Outbound-DCL Inbound,Union,55
10/16/2018 19:33,WS Outbound-DCL Inbound,Union,55
10/16/2018 19:33,WS Outbound-DCL Inbound,Union,55
10/16/2018 19:33,WS Outbound-DCL Inbound,Union,55
10/16/2018 19:33,WS Outbound-DCL Inbound,Union,55
10/16/2018 19:33,WS Outbound-DCL Inbound,Union,55
10/16/2018 19:33,WS Outbound-DCL Inbound,Union,55
10/16/2018 19:33,WS Outbound-DCL Inbound,Union,55
10/16/2018 19:34,WS Outbound-DCL Inbound,Union,55
10/16/2018 19:34,WS Outbound-DCL Inbound,Union,55
10/16/2018 19:34,WS Outbound-DCL Inbound,Union,55
10/16/2018 19:34,WS Outbound-DCL Inbound,Union,55
10/16/2018 19:34,WS Outbound-DCL Inbound,Union,55
10/16/2018 19:34,WS Outbound-DCL Inbound,Union,55
10/16/2018 19:34,WS Outbound-DCL Inbound,Union,55
10/16/2018 19:34,WS Outbound-DCL Inbound,Union,55
10/16/2018 19:34,WS Outbound-DCL Inbound,Union,55
10/16/2018 19:45,WS Outbound-DCL Inbound,Union,21
10/16/2018 19:45,WS Outbound-DCL Inbound,Union,21
10/16/2018 19:45,WS Outbound-DCL Inbound,Union,21
10/16/2018 19:45,WS Outbound-DCL Inbound,Floral and Cleveland OB,55
10/16/2018 19:45,WS Outbound-DCL Inbound,Union,21
10/16/2018 19:45,WS Outbound-DCL Inbound,Union,21
10/16/2018 19:45,WS Outbound-DCL Inbound,Union,21
10/16/2018 19:45,WS Outbound-DCL Inbound,Union,21
10/16/2018 19:45,WS Outbound-DCL Inbound,Union,21
10/16/2018 19:45,WS Outbound-DCL Inbound,Union,21
10/16/2018 19:45,WS Outbound-DCL Inbound,Union,21
10/16/2018 19:45,WS Outbound-DCL Inbound,Union,21
10/16/2018 19:45,WS Outbound-DCL Inbound,Union,21
10/16/2018 19:45,WS Outbound-DCL Inbound,Union,21
10/16/2018 19:45,WS Outbound-DCL Inbound,Union,21
10/16/2018 19:45,WS Outbound-DCL Inbound,Union,21
10/16/2018 19:45,WS Outbound-DCL Inbound,Union,21
10/16/2018 19:45,WS Outbound-DCL Inbound,Union,21
10/16/2018 19:45,WS Outbound-DCL Inbound,Union,21
10/16/2018 19:45,WS Outbound-DCL Inbound,Union,21
10/16/2018 19:45,WS Outbound-DCL Inbound,Union,21
10/16/2018 19:45,WS Outbound-DCL Inbound,Union,21
10/16/2018 19:45,WS Outbound-DCL Inbound,Union,21
10/16/2018 19:45,WS Outbound-DCL Inbound,Union,21
10/16/2018 19:45,WS Outbound-DCL Inbound,Union,21
10/16/2018 19:45,WS Outbound-DCL Inbound,Union,21
10/16/2018 19:46,WS Outbound-DCL Inbound,Union,21
10/16/2018 19:46,WS Outbound-DCL Inbound,Union,21
10/16/2018 19:46,WS Outbound-DCL Inbound,Union,21
10/16/2018 19:46,WS Outbound-DCL Inbound,Union,21
10/16/2018 19:46,WS Outbound-DCL Inbound,Union,21
10/16/2018 19:46,WS Outbound-DCL Inbound,Union,21
10/16/2018 19:46,WS Outbound-DCL Inbound,Union,21
10/16/2018 19:46,WS Outbound-DCL Inbound,Union,21
10/16/2018 19:46,WS Outbound-DCL Inbound,Union,21
10/16/2018 19:46,WS Outbound-DCL Inbound,Union,21
10/16/2018 19:46,WS Outbound-DCL Inbound,Union,21
10/16/2018 19:47,WS Outbound-DCL Inbound,Main and Helen OB,55
10/16/2018 19:48,WS Outbound-DCL Inbound,Main and Helen OB,55
10/16/2018 19:48,WS Outbound-DCL Inbound,Physical Facilities,21
10/16/2018 19:51,WS Outbound-DCL Inbound,Main and Cedar OB,55
10/16/2018 19:51,WS Outbound-DCL Inbound,Main and Cedar OB,55
10/16/2018 19:52,WS Outbound-DCL Inbound,Main and Arthur,55
10/16/2018 19:55,WS Outbound-DCL Inbound,Hawley OB,55
10/16/2018 19:58,WS Outbound-DCL Inbound,Main and Helen OB,21
10/16/2018 19:58,WS Outbound-DCL Inbound,Main and Helen OB,21
10/16/2018 19:58,WS Outbound-DCL Inbound,Main and Helen OB,21
